# 3ds Max Wavefront OBJ Exporter v0.97b - (c)2007 guruware
# File Created: 31.07.2018 10:36:05

mtllib generator.mtl

#
# object Box023
#

v  31.7243 -0.0000 42.1435
v  31.2459 -0.0000 42.0365
v  30.8314 -0.0000 41.7154
v  30.4806 -0.0000 41.1803
v  30.1935 -0.0000 40.4312
v  29.9703 -0.0000 39.4680
v  29.8109 -0.0000 38.2907
v  29.7152 -0.0000 36.8995
v  29.6833 -0.0000 35.2941
v  29.6833 -0.0000 24.7059
v  29.7152 -0.0000 23.1006
v  29.8109 -0.0000 21.7093
v  29.9703 -0.0000 20.5320
v  30.1935 -0.0000 19.5688
v  30.4806 -0.0000 18.8197
v  30.8314 -0.0000 18.2846
v  31.2459 -0.0000 17.9635
v  31.7243 -0.0000 17.8565
v  48.2757 -0.0000 17.8565
v  48.7541 -0.0000 17.9635
v  49.1687 -0.0000 18.2846
v  49.5195 -0.0000 18.8197
v  49.8065 -0.0000 19.5688
v  50.0297 -0.0000 20.5320
v  50.1892 -0.0000 21.7093
v  50.2848 -0.0000 23.1006
v  50.3167 -0.0000 24.7059
v  50.3167 -0.0000 35.2941
v  50.2848 -0.0000 36.8995
v  50.1892 -0.0000 38.2907
v  50.0297 -0.0000 39.4680
v  49.8065 -0.0000 40.4312
v  49.5195 -0.0000 41.1803
v  49.1687 -0.0000 41.7154
v  48.7541 -0.0000 42.0365
v  48.2757 -0.0000 42.1435
v  31.7243 21.6215 35.2941
v  48.2757 21.6215 35.2941
v  48.2757 21.6215 24.7059
v  31.7243 21.6215 24.7059
v  48.2757 21.3542 42.1435
v  31.7243 21.3542 42.1435
v  50.3167 21.3542 24.7059
v  50.3167 21.3542 35.2941
v  31.7243 21.3542 17.8565
v  48.2757 21.3542 17.8565
v  29.6833 21.3542 35.2941
v  29.6833 21.3542 24.7059
v  31.2534 21.3689 42.0365
v  31.2459 21.3542 42.0365
v  50.2848 21.3689 36.8744
v  50.2848 21.3542 36.8995
v  29.7152 21.3689 23.1256
v  29.7152 21.3542 23.1006
v  48.7466 21.3689 17.9635
v  48.7541 21.3542 17.9635
v  31.7243 21.6174 36.8995
v  48.2757 21.6174 36.8995
v  48.7541 21.6174 35.2941
v  48.7541 21.6174 24.7059
v  48.2757 21.6174 23.1006
v  31.7243 21.6174 23.1006
v  31.2459 21.6174 24.7059
v  31.2459 21.6174 35.2941
v  48.7541 21.3542 42.0365
v  50.2848 21.3542 23.1006
v  31.2459 21.3542 17.9635
v  31.7243 21.4169 42.0365
v  31.6122 21.4159 42.0365
v  31.7243 21.4712 41.7154
v  31.5150 21.4693 41.7154
v  31.7243 21.5171 41.1803
v  31.4328 21.5146 41.1803
v  31.7243 21.5547 40.4312
v  31.3655 21.5516 40.4312
v  31.7243 21.5840 39.4680
v  31.3132 21.5804 39.4680
v  31.7243 21.6048 38.2907
v  31.2758 21.6009 38.2907
v  31.2534 21.6133 36.8995
v  31.5150 21.4129 42.0365
v  31.3336 21.4639 41.7154
v  31.1802 21.5069 41.1803
v  31.0546 21.5422 40.4312
v  30.9569 21.5696 39.4680
v  30.8872 21.5892 38.2907
v  30.8453 21.6009 36.8995
v  30.8314 21.6048 35.2941
v  31.4328 21.4080 42.0365
v  31.1802 21.4547 41.7154
v  30.9664 21.4942 41.1803
v  30.7915 21.5265 40.4312
v  30.6555 21.5516 39.4680
v  30.5583 21.5696 38.2907
v  30.5000 21.5804 36.8995
v  30.4806 21.5840 35.2941
v  31.3655 21.4012 42.0365
v  31.0546 21.4419 41.7154
v  30.7915 21.4764 41.1803
v  30.5762 21.5046 40.4312
v  30.4088 21.5265 39.4680
v  30.2892 21.5422 38.2907
v  30.2175 21.5516 36.8995
v  30.1935 21.5547 35.2941
v  31.3132 21.3924 42.0365
v  30.9569 21.4255 41.7154
v  30.6555 21.4535 41.1803
v  30.4088 21.4764 40.4312
v  30.2170 21.4942 39.4680
v  30.0799 21.5069 38.2907
v  29.9977 21.5146 36.8995
v  29.9703 21.5171 35.2941
v  31.2758 21.3816 42.0365
v  30.8872 21.4054 41.7154
v  30.5583 21.4255 41.1803
v  30.2892 21.4419 40.4312
v  30.0799 21.4547 39.4680
v  29.9304 21.4639 38.2907
v  29.8408 21.4693 36.8995
v  29.8109 21.4712 35.2941
v  30.8453 21.3816 41.7154
v  30.5000 21.3924 41.1803
v  30.2175 21.4012 40.4312
v  29.9977 21.4080 39.4680
v  29.8408 21.4129 38.2907
v  29.7466 21.4159 36.8995
v  29.7152 21.4169 35.2941
v  30.8314 21.3542 41.7154
v  30.4806 21.3542 41.1803
v  30.1935 21.3542 40.4312
v  29.9703 21.3542 39.4680
v  29.8109 21.3542 38.2907
v  29.7152 21.3542 36.8995
v  50.2848 21.4169 35.2941
v  50.2848 21.4159 35.6704
v  50.1892 21.4712 35.2941
v  50.1892 21.4693 35.9965
v  50.0297 21.5171 35.2941
v  50.0297 21.5146 36.2724
v  49.8065 21.5547 35.2941
v  49.8065 21.5516 36.4981
v  49.5195 21.5840 35.2941
v  49.5195 21.5804 36.6737
v  49.1687 21.6048 35.2941
v  49.1687 21.6009 36.7991
v  48.7541 21.6133 36.8744
v  50.2848 21.4129 35.9965
v  50.1892 21.4639 36.6051
v  50.0297 21.5069 37.1202
v  49.8065 21.5422 37.5416
v  49.5195 21.5696 37.8693
v  49.1687 21.5892 38.1034
v  48.7541 21.6009 38.2439
v  48.2757 21.6048 38.2907
v  50.2848 21.4080 36.2724
v  50.1892 21.4547 37.1202
v  50.0297 21.4942 37.8376
v  49.8065 21.5265 38.4245
v  49.5195 21.5516 38.8810
v  49.1687 21.5696 39.2071
v  48.7541 21.5804 39.4028
v  48.2757 21.5840 39.4680
v  50.2848 21.4012 36.4981
v  50.1892 21.4419 37.5416
v  50.0297 21.4764 38.4245
v  49.8065 21.5046 39.1469
v  49.5195 21.5265 39.7088
v  49.1687 21.5422 40.1101
v  48.7541 21.5516 40.3509
v  48.2757 21.5547 40.4312
v  50.2848 21.3924 36.6737
v  50.1892 21.4255 37.8693
v  50.0297 21.4535 38.8810
v  49.8065 21.4764 39.7088
v  49.5195 21.4942 40.3526
v  49.1687 21.5069 40.8124
v  48.7541 21.5146 41.0883
v  48.2757 21.5171 41.1803
v  50.2848 21.3816 36.7991
v  50.1892 21.4054 38.1034
v  50.0297 21.4255 39.2071
v  49.8065 21.4419 40.1101
v  49.5195 21.4547 40.8124
v  49.1687 21.4639 41.3141
v  48.7541 21.4693 41.6151
v  48.2757 21.4712 41.7154
v  50.1892 21.3816 38.2439
v  50.0297 21.3924 39.4028
v  49.8065 21.4012 40.3509
v  49.5195 21.4080 41.0883
v  49.1687 21.4129 41.6151
v  48.7541 21.4159 41.9311
v  48.2757 21.4169 42.0365
v  50.1892 21.3542 38.2907
v  50.0297 21.3542 39.4680
v  49.8065 21.3542 40.4312
v  49.5195 21.3542 41.1803
v  49.1687 21.3542 41.7154
v  29.7152 21.4169 24.7059
v  29.7152 21.4159 24.3296
v  29.8109 21.4712 24.7059
v  29.8109 21.4693 24.0035
v  29.9703 21.5171 24.7059
v  29.9703 21.5146 23.7276
v  30.1935 21.5547 24.7059
v  30.1935 21.5516 23.5019
v  30.4806 21.5840 24.7059
v  30.4806 21.5804 23.3263
v  30.8314 21.6048 24.7059
v  30.8314 21.6009 23.2009
v  31.2459 21.6133 23.1256
v  29.7152 21.4129 24.0035
v  29.8109 21.4639 23.3949
v  29.9703 21.5069 22.8798
v  30.1935 21.5422 22.4584
v  30.4806 21.5696 22.1307
v  30.8314 21.5892 21.8966
v  31.2459 21.6009 21.7561
v  31.7243 21.6048 21.7093
v  29.7152 21.4080 23.7276
v  29.8109 21.4547 22.8798
v  29.9703 21.4942 22.1624
v  30.1935 21.5265 21.5755
v  30.4806 21.5516 21.1190
v  30.8314 21.5696 20.7929
v  31.2459 21.5804 20.5973
v  31.7243 21.5840 20.5320
v  29.7152 21.4012 23.5019
v  29.8109 21.4419 22.4584
v  29.9703 21.4764 21.5755
v  30.1935 21.5046 20.8531
v  30.4806 21.5265 20.2912
v  30.8314 21.5422 19.8899
v  31.2459 21.5516 19.6491
v  31.7243 21.5547 19.5688
v  29.7152 21.3924 23.3263
v  29.8109 21.4255 22.1307
v  29.9703 21.4535 21.1190
v  30.1935 21.4764 20.2912
v  30.4806 21.4942 19.6474
v  30.8314 21.5069 19.1876
v  31.2459 21.5146 18.9117
v  31.7243 21.5171 18.8197
v  29.7152 21.3816 23.2009
v  29.8109 21.4054 21.8966
v  29.9703 21.4255 20.7929
v  30.1935 21.4419 19.8899
v  30.4806 21.4547 19.1876
v  30.8314 21.4639 18.6859
v  31.2459 21.4693 18.3849
v  31.7243 21.4712 18.2846
v  29.8109 21.3816 21.7561
v  29.9703 21.3924 20.5973
v  30.1935 21.4012 19.6491
v  30.4806 21.4080 18.9117
v  30.8314 21.4129 18.3849
v  31.2459 21.4159 18.0689
v  31.7243 21.4169 17.9635
v  29.8109 21.3542 21.7093
v  29.9703 21.3542 20.5320
v  30.1935 21.3542 19.5688
v  30.4806 21.3542 18.8197
v  30.8314 21.3542 18.2846
v  48.2757 21.4169 17.9635
v  48.3878 21.4159 17.9635
v  48.2757 21.4712 18.2846
v  48.4850 21.4693 18.2846
v  48.2757 21.5171 18.8197
v  48.5672 21.5146 18.8197
v  48.2757 21.5547 19.5688
v  48.6345 21.5516 19.5688
v  48.2757 21.5840 20.5320
v  48.6868 21.5804 20.5320
v  48.2757 21.6048 21.7093
v  48.7242 21.6009 21.7093
v  48.7466 21.6133 23.1006
v  48.4850 21.4129 17.9635
v  48.6664 21.4639 18.2846
v  48.8199 21.5069 18.8197
v  48.9454 21.5422 19.5688
v  49.0431 21.5696 20.5320
v  49.1128 21.5892 21.7093
v  49.1547 21.6009 23.1006
v  49.1687 21.6048 24.7059
v  48.5672 21.4080 17.9635
v  48.8199 21.4547 18.2846
v  49.0336 21.4942 18.8197
v  49.2085 21.5265 19.5688
v  49.3446 21.5516 20.5320
v  49.4417 21.5696 21.7093
v  49.5000 21.5804 23.1006
v  49.5195 21.5840 24.7059
v  48.6345 21.4012 17.9635
v  48.9454 21.4419 18.2846
v  49.2085 21.4764 18.8197
v  49.4238 21.5046 19.5688
v  49.5912 21.5265 20.5320
v  49.7108 21.5422 21.7093
v  49.7825 21.5516 23.1006
v  49.8065 21.5547 24.7059
v  48.6868 21.3924 17.9635
v  49.0431 21.4255 18.2846
v  49.3446 21.4535 18.8197
v  49.5912 21.4764 19.5688
v  49.7830 21.4942 20.5320
v  49.9201 21.5069 21.7093
v  50.0023 21.5146 23.1006
v  50.0297 21.5171 24.7059
v  48.7242 21.3816 17.9635
v  49.1128 21.4054 18.2846
v  49.4417 21.4255 18.8197
v  49.7108 21.4419 19.5688
v  49.9201 21.4547 20.5320
v  50.0696 21.4639 21.7093
v  50.1593 21.4693 23.1006
v  50.1892 21.4712 24.7059
v  49.1547 21.3816 18.2846
v  49.5000 21.3924 18.8197
v  49.7825 21.4012 19.5688
v  50.0023 21.4080 20.5320
v  50.1593 21.4129 21.7093
v  50.2534 21.4159 23.1006
v  50.2848 21.4169 24.7059
v  49.1687 21.3542 18.2846
v  49.5195 21.3542 18.8197
v  49.8065 21.3542 19.5688
v  50.0297 21.3542 20.5320
v  50.1892 21.3542 21.7093
# 328 vertices

vn -0.0238 -0.6997 0.7140
vn -0.1059 -0.6896 0.7164
vn -0.2337 -0.6853 0.6897
vn -0.3786 -0.6817 0.6261
vn -0.5183 -0.6802 0.5183
vn -0.6261 -0.6817 0.3786
vn -0.6897 -0.6853 0.2337
vn -0.7165 -0.6895 0.1059
vn -0.7140 -0.6997 0.0238
vn -0.7140 -0.6997 -0.0238
vn -0.7165 -0.6895 -0.1059
vn -0.6897 -0.6853 -0.2337
vn -0.6261 -0.6817 -0.3786
vn -0.5183 -0.6802 -0.5183
vn -0.3786 -0.6817 -0.6261
vn -0.2337 -0.6853 -0.6897
vn -0.1059 -0.6896 -0.7164
vn -0.0238 -0.6997 -0.7140
vn 0.0238 -0.6997 -0.7140
vn 0.1059 -0.6896 -0.7164
vn 0.2337 -0.6853 -0.6897
vn 0.3786 -0.6817 -0.6261
vn 0.5183 -0.6802 -0.5183
vn 0.6261 -0.6817 -0.3786
vn 0.6897 -0.6853 -0.2337
vn 0.7165 -0.6895 -0.1059
vn 0.7140 -0.6997 -0.0238
vn 0.7140 -0.6997 0.0238
vn 0.7165 -0.6895 0.1059
vn 0.6897 -0.6853 0.2337
vn 0.6261 -0.6817 0.3786
vn 0.5183 -0.6802 0.5183
vn 0.3786 -0.6817 0.6261
vn 0.2337 -0.6853 0.6897
vn 0.1059 -0.6896 0.7164
vn 0.0238 -0.6997 0.7140
vn -0.0332 0.9989 0.0332
vn 0.0332 0.9989 0.0332
vn 0.0332 0.9989 -0.0332
vn -0.0332 0.9989 -0.0332
vn 0.0332 0.0332 0.9989
vn -0.0267 0.0267 0.9993
vn 0.9989 0.0332 -0.0332
vn 0.9993 0.0267 0.0267
vn -0.0332 0.0332 -0.9989
vn 0.0267 0.0267 -0.9993
vn -0.9989 0.0332 0.0332
vn -0.9993 0.0267 -0.0267
vn -0.1475 0.0214 0.9888
vn -0.1478 0.0050 0.9890
vn 0.9888 0.0214 0.1475
vn 0.9890 0.0050 0.1478
vn -0.9888 0.0214 -0.1475
vn -0.9890 0.0050 -0.1478
vn 0.1475 0.0214 -0.9888
vn 0.1478 0.0050 -0.9890
vn -0.0329 0.9888 0.1458
vn 0.0335 0.9887 0.1462
vn 0.1458 0.9888 0.0329
vn 0.1462 0.9887 -0.0335
vn 0.0329 0.9888 -0.1458
vn -0.0335 0.9887 -0.1462
vn -0.1458 0.9888 -0.0329
vn -0.1462 0.9887 0.0335
vn 0.1458 0.0329 0.9888
vn 0.9888 0.0329 -0.1458
vn -0.1458 0.0329 -0.9888
vn -0.0050 0.1478 0.9890
vn -0.0214 0.1475 0.9888
vn -0.0108 0.3228 0.9464
vn -0.0467 0.3198 0.9463
vn -0.0173 0.5192 0.8545
vn -0.0754 0.5133 0.8549
vn -0.0236 0.7082 0.7056
vn -0.1032 0.6999 0.7067
vn -0.0285 0.8560 0.5161
vn -0.1252 0.8463 0.5178
vn -0.0315 0.9468 0.3201
vn -0.1387 0.9366 0.3217
vn -0.1449 0.9785 0.1467
vn -0.0466 0.1396 0.9891
vn -0.1015 0.3022 0.9478
vn -0.1638 0.4858 0.8586
vn -0.2247 0.6645 0.7127
vn -0.2734 0.8064 0.5244
vn -0.3037 0.8949 0.3269
vn -0.3178 0.9363 0.1494
vn -0.3210 0.9465 0.0341
vn -0.0745 0.1243 0.9894
vn -0.1617 0.2688 0.9495
vn -0.2611 0.4331 0.8627
vn -0.3592 0.5947 0.7193
vn -0.4382 0.7247 0.5317
vn -0.4882 0.8068 0.3327
vn -0.5117 0.8455 0.1524
vn -0.5173 0.8551 0.0349
vn -0.1018 0.1018 0.9896
vn -0.2202 0.2202 0.9503
vn -0.3554 0.3554 0.8645
vn -0.4891 0.4892 0.7221
vn -0.5974 0.5974 0.5350
vn -0.6662 0.6662 0.3353
vn -0.6987 0.6987 0.1537
vn -0.7067 0.7067 0.0352
vn -0.1243 0.0745 0.9894
vn -0.2688 0.1617 0.9495
vn -0.4330 0.2610 0.8627
vn -0.5947 0.3591 0.7193
vn -0.7247 0.4383 0.5317
vn -0.8068 0.4882 0.3327
vn -0.8455 0.5117 0.1524
vn -0.8551 0.5173 0.0349
vn -0.1396 0.0466 0.9891
vn -0.3022 0.1015 0.9478
vn -0.4858 0.1638 0.8586
vn -0.6645 0.2247 0.7127
vn -0.8064 0.2734 0.5244
vn -0.8949 0.3037 0.3269
vn -0.9363 0.3178 0.1494
vn -0.9465 0.3210 0.0341
vn -0.3198 0.0467 0.9463
vn -0.5133 0.0754 0.8549
vn -0.6999 0.1032 0.7067
vn -0.8463 0.1252 0.5178
vn -0.9366 0.1387 0.3217
vn -0.9785 0.1449 0.1467
vn -0.9887 0.1462 0.0335
vn -0.3228 0.0108 0.9464
vn -0.5191 0.0173 0.8545
vn -0.7082 0.0236 0.7056
vn -0.8560 0.0285 0.5161
vn -0.9468 0.0315 0.3201
vn -0.9888 0.0329 0.1458
vn 0.9890 0.1478 0.0050
vn 0.9888 0.1475 0.0214
vn 0.9464 0.3228 0.0108
vn 0.9463 0.3198 0.0467
vn 0.8545 0.5192 0.0173
vn 0.8549 0.5133 0.0754
vn 0.7056 0.7082 0.0236
vn 0.7067 0.6999 0.1032
vn 0.5161 0.8560 0.0285
vn 0.5178 0.8463 0.1252
vn 0.3201 0.9468 0.0315
vn 0.3217 0.9366 0.1387
vn 0.1467 0.9785 0.1449
vn 0.9891 0.1396 0.0466
vn 0.9478 0.3022 0.1015
vn 0.8586 0.4858 0.1638
vn 0.7127 0.6645 0.2247
vn 0.5244 0.8064 0.2734
vn 0.3269 0.8949 0.3037
vn 0.1494 0.9363 0.3178
vn 0.0341 0.9465 0.3210
vn 0.9894 0.1243 0.0745
vn 0.9495 0.2688 0.1617
vn 0.8627 0.4331 0.2611
vn 0.7193 0.5947 0.3591
vn 0.5317 0.7247 0.4382
vn 0.3327 0.8068 0.4882
vn 0.1524 0.8455 0.5117
vn 0.0349 0.8551 0.5173
vn 0.9896 0.1018 0.1018
vn 0.9503 0.2202 0.2202
vn 0.8645 0.3554 0.3554
vn 0.7221 0.4892 0.4891
vn 0.5350 0.5974 0.5974
vn 0.3353 0.6662 0.6662
vn 0.1537 0.6987 0.6987
vn 0.0352 0.7067 0.7067
vn 0.9894 0.0745 0.1243
vn 0.9495 0.1617 0.2688
vn 0.8627 0.2610 0.4330
vn 0.7193 0.3591 0.5947
vn 0.5317 0.4382 0.7247
vn 0.3327 0.4882 0.8068
vn 0.1524 0.5117 0.8455
vn 0.0349 0.5173 0.8551
vn 0.9891 0.0466 0.1396
vn 0.9478 0.1015 0.3022
vn 0.8586 0.1638 0.4858
vn 0.7127 0.2247 0.6645
vn 0.5244 0.2734 0.8064
vn 0.3269 0.3037 0.8949
vn 0.1494 0.3178 0.9363
vn 0.0341 0.3210 0.9465
vn 0.9463 0.0467 0.3198
vn 0.8549 0.0754 0.5133
vn 0.7067 0.1032 0.6999
vn 0.5178 0.1252 0.8463
vn 0.3217 0.1387 0.9366
vn 0.1467 0.1449 0.9785
vn 0.0335 0.1462 0.9887
vn 0.9464 0.0108 0.3228
vn 0.8545 0.0173 0.5192
vn 0.7056 0.0236 0.7082
vn 0.5161 0.0285 0.8560
vn 0.3201 0.0315 0.9468
vn -0.9890 0.1478 -0.0050
vn -0.9888 0.1475 -0.0214
vn -0.9464 0.3228 -0.0108
vn -0.9463 0.3198 -0.0467
vn -0.8545 0.5192 -0.0173
vn -0.8549 0.5133 -0.0754
vn -0.7056 0.7082 -0.0236
vn -0.7067 0.6999 -0.1032
vn -0.5161 0.8560 -0.0285
vn -0.5178 0.8463 -0.1252
vn -0.3201 0.9468 -0.0315
vn -0.3217 0.9366 -0.1387
vn -0.1467 0.9785 -0.1449
vn -0.9891 0.1396 -0.0466
vn -0.9478 0.3022 -0.1015
vn -0.8586 0.4858 -0.1638
vn -0.7127 0.6645 -0.2247
vn -0.5244 0.8064 -0.2734
vn -0.3269 0.8949 -0.3037
vn -0.1494 0.9363 -0.3178
vn -0.0341 0.9465 -0.3210
vn -0.9894 0.1243 -0.0745
vn -0.9495 0.2688 -0.1617
vn -0.8627 0.4331 -0.2611
vn -0.7193 0.5947 -0.3591
vn -0.5317 0.7247 -0.4382
vn -0.3327 0.8068 -0.4882
vn -0.1524 0.8455 -0.5117
vn -0.0349 0.8551 -0.5173
vn -0.9896 0.1018 -0.1018
vn -0.9503 0.2202 -0.2202
vn -0.8645 0.3554 -0.3554
vn -0.7221 0.4892 -0.4891
vn -0.5350 0.5974 -0.5974
vn -0.3353 0.6662 -0.6662
vn -0.1537 0.6987 -0.6987
vn -0.0352 0.7067 -0.7067
vn -0.9894 0.0745 -0.1243
vn -0.9495 0.1617 -0.2688
vn -0.8627 0.2610 -0.4330
vn -0.7193 0.3591 -0.5947
vn -0.5317 0.4382 -0.7247
vn -0.3327 0.4882 -0.8068
vn -0.1524 0.5117 -0.8455
vn -0.0349 0.5173 -0.8551
vn -0.9891 0.0466 -0.1396
vn -0.9478 0.1015 -0.3022
vn -0.8586 0.1638 -0.4858
vn -0.7127 0.2247 -0.6645
vn -0.5244 0.2734 -0.8064
vn -0.3269 0.3037 -0.8949
vn -0.1494 0.3178 -0.9363
vn -0.0341 0.3210 -0.9465
vn -0.9463 0.0467 -0.3198
vn -0.8549 0.0754 -0.5133
vn -0.7067 0.1032 -0.6999
vn -0.5178 0.1252 -0.8463
vn -0.3217 0.1387 -0.9366
vn -0.1467 0.1449 -0.9785
vn -0.0335 0.1462 -0.9887
vn -0.9464 0.0108 -0.3228
vn -0.8545 0.0173 -0.5192
vn -0.7056 0.0236 -0.7082
vn -0.5161 0.0285 -0.8560
vn -0.3201 0.0315 -0.9468
vn 0.0050 0.1478 -0.9890
vn 0.0214 0.1475 -0.9888
vn 0.0108 0.3228 -0.9464
vn 0.0467 0.3198 -0.9463
vn 0.0173 0.5192 -0.8545
vn 0.0754 0.5133 -0.8549
vn 0.0236 0.7082 -0.7056
vn 0.1032 0.6999 -0.7067
vn 0.0285 0.8560 -0.5161
vn 0.1252 0.8463 -0.5178
vn 0.0315 0.9468 -0.3201
vn 0.1387 0.9366 -0.3217
vn 0.1449 0.9785 -0.1467
vn 0.0466 0.1396 -0.9891
vn 0.1015 0.3022 -0.9478
vn 0.1638 0.4858 -0.8586
vn 0.2247 0.6645 -0.7127
vn 0.2734 0.8064 -0.5244
vn 0.3037 0.8949 -0.3269
vn 0.3178 0.9363 -0.1494
vn 0.3210 0.9465 -0.0341
vn 0.0745 0.1243 -0.9894
vn 0.1617 0.2688 -0.9495
vn 0.2611 0.4331 -0.8627
vn 0.3592 0.5947 -0.7193
vn 0.4382 0.7247 -0.5317
vn 0.4882 0.8068 -0.3327
vn 0.5117 0.8455 -0.1524
vn 0.5173 0.8551 -0.0349
vn 0.1018 0.1018 -0.9896
vn 0.2202 0.2202 -0.9503
vn 0.3554 0.3554 -0.8645
vn 0.4891 0.4892 -0.7221
vn 0.5974 0.5974 -0.5350
vn 0.6662 0.6662 -0.3353
vn 0.6987 0.6987 -0.1537
vn 0.7067 0.7067 -0.0352
vn 0.1243 0.0745 -0.9894
vn 0.2688 0.1617 -0.9495
vn 0.4330 0.2610 -0.8627
vn 0.5947 0.3591 -0.7193
vn 0.7247 0.4383 -0.5317
vn 0.8068 0.4882 -0.3327
vn 0.8455 0.5117 -0.1524
vn 0.8551 0.5173 -0.0349
vn 0.1396 0.0466 -0.9891
vn 0.3022 0.1015 -0.9478
vn 0.4858 0.1638 -0.8586
vn 0.6645 0.2247 -0.7127
vn 0.8064 0.2734 -0.5244
vn 0.8949 0.3037 -0.3269
vn 0.9363 0.3178 -0.1494
vn 0.9465 0.3210 -0.0341
vn 0.3198 0.0467 -0.9463
vn 0.5133 0.0754 -0.8549
vn 0.6999 0.1032 -0.7067
vn 0.8463 0.1252 -0.5178
vn 0.9366 0.1387 -0.3217
vn 0.9785 0.1449 -0.1467
vn 0.9887 0.1462 -0.0335
vn 0.3228 0.0108 -0.9464
vn 0.5191 0.0173 -0.8545
vn 0.7082 0.0236 -0.7056
vn 0.8560 0.0285 -0.5161
vn 0.9468 0.0315 -0.3201
# 328 vertex normals

vt 0.9011 0.0000 0.0000
vt 0.9243 0.0044 0.0000
vt 0.9444 0.0176 0.0000
vt 0.9614 0.0397 0.0000
vt 0.9753 0.0705 0.0000
vt 0.9861 0.1102 0.0000
vt 0.9938 0.1586 0.0000
vt 0.9985 0.2159 0.0000
vt 1.0000 0.2820 0.0000
vt 1.0000 0.7180 0.0000
vt 0.9985 0.7841 0.0000
vt 0.9938 0.8414 0.0000
vt 0.9861 0.8898 0.0000
vt 0.9753 0.9295 0.0000
vt 0.9614 0.9603 0.0000
vt 0.9444 0.9824 0.0000
vt 0.9243 0.9956 0.0000
vt 0.9011 1.0000 0.0000
vt 0.0989 1.0000 0.0000
vt 0.0757 0.9956 0.0000
vt 0.0556 0.9824 0.0000
vt 0.0386 0.9603 0.0000
vt 0.0247 0.9295 0.0000
vt 0.0139 0.8898 0.0000
vt 0.0062 0.8414 0.0000
vt 0.0015 0.7841 0.0000
vt 0.0000 0.7180 0.0000
vt 0.0000 0.2820 0.0000
vt 0.0015 0.2159 0.0000
vt 0.0062 0.1586 0.0000
vt 0.0139 0.1102 0.0000
vt 0.0247 0.0705 0.0000
vt 0.0386 0.0397 0.0000
vt 0.0556 0.0176 0.0000
vt 0.0757 0.0044 0.0000
vt 0.0989 0.0000 0.0000
vt 0.0989 0.2820 0.0000
vt 0.9011 0.2820 0.0000
vt 0.9011 0.7180 0.0000
vt 0.0989 0.7180 0.0000
vt 0.9011 0.9876 0.0000
vt 0.0989 0.9876 0.0000
vt 0.2820 0.0000 0.0000
vt 0.7180 0.0000 0.0000
vt 0.7180 0.9876 0.0000
vt 0.2820 0.9876 0.0000
vt 0.0000 1.0000 0.0000
vt 0.0989 1.2636 0.0000
vt 0.0989 1.2291 0.0000
vt 0.9011 1.2291 0.0000
vt 0.9011 1.2636 0.0000
vt 0.2820 0.5888 0.0000
vt 0.2820 0.6387 0.0000
vt 0.7180 0.6387 0.0000
vt 0.7180 0.5888 0.0000
vt 0.0858 -0.0039 0.0000
vt 0.1103 -0.0034 0.0000
vt 0.1124 0.9842 0.0000
vt 0.0882 0.9837 0.0000
vt 0.9118 0.9837 0.0000
vt 0.8876 0.9842 0.0000
vt 0.8897 -0.0034 0.0000
vt 0.9142 -0.0039 0.0000
vt 0.2443 -0.0106 0.0000
vt 0.2261 -0.0092 0.0000
vt 0.2204 0.9786 0.0000
vt 0.2378 0.9773 0.0000
vt 0.0730 0.9914 0.0000
vt 0.0448 0.9966 0.0000
vt 0.0143 1.0032 0.0000
vt -0.0186 1.0113 0.0000
vt -0.0537 1.0207 0.0000
vt -0.0912 1.0315 0.0000
vt -0.1310 1.0438 0.0000
vt -0.1732 1.0574 0.0000
vt -0.1353 1.0420 0.0000
vt -0.1082 1.0243 0.0000
vt -0.0920 1.0044 0.0000
vt -0.0866 0.9824 0.0000
vt -0.0920 0.9581 0.0000
vt -0.1082 0.9316 0.0000
vt -0.1353 0.9029 0.0000
vt -0.1732 0.8720 0.0000
vt 0.2188 0.9928 0.0000
vt 0.1702 1.0022 0.0000
vt 0.1362 1.0157 0.0000
vt 0.1168 1.0334 0.0000
vt 0.1121 1.0552 0.0000
vt 0.1219 1.0813 0.0000
vt 0.1463 1.1115 0.0000
vt 0.1854 1.1458 0.0000
vt 0.1411 1.1107 0.0000
vt 0.1009 1.0783 0.0000
vt 0.0648 1.0486 0.0000
vt 0.0328 1.0215 0.0000
vt 0.0049 0.9971 0.0000
vt -0.0189 0.9755 0.0000
vt -0.0387 0.9565 0.0000
vt -0.0543 0.9402 0.0000
vt 0.0989 1.1946 0.0000
vt 0.9011 1.1946 0.0000
vt 0.0989 1.1601 0.0000
vt 0.9011 1.1601 0.0000
vt 0.0989 1.1256 0.0000
vt 0.9011 1.1256 0.0000
vt 0.0989 1.0911 0.0000
vt 0.9011 1.0911 0.0000
vt 0.0989 1.0566 0.0000
vt 0.9011 1.0566 0.0000
vt 0.0989 1.0221 0.0000
vt 0.9011 1.0221 0.0000
vt 0.2820 0.6885 0.0000
vt 0.7180 0.6885 0.0000
vt 0.2820 0.7384 0.0000
vt 0.7180 0.7384 0.0000
vt 0.2820 0.7882 0.0000
vt 0.7180 0.7882 0.0000
vt 0.2820 0.8381 0.0000
vt 0.7180 0.8381 0.0000
vt 0.2820 0.8879 0.0000
vt 0.7180 0.8879 0.0000
vt 0.2820 0.9378 0.0000
vt 0.7180 0.9378 0.0000
vt 0.1349 -0.0029 0.0000
vt 0.1366 0.9847 0.0000
vt 0.1594 -0.0024 0.0000
vt 0.1609 0.9852 0.0000
vt 0.1839 -0.0020 0.0000
vt 0.1851 0.9857 0.0000
vt 0.2084 -0.0015 0.0000
vt 0.2093 0.9862 0.0000
vt 0.2330 -0.0010 0.0000
vt 0.2336 0.9867 0.0000
vt 0.2575 -0.0005 0.0000
vt 0.2578 0.9871 0.0000
vt 0.8634 0.9847 0.0000
vt 0.8651 -0.0029 0.0000
vt 0.8391 0.9852 0.0000
vt 0.8406 -0.0024 0.0000
vt 0.8149 0.9857 0.0000
vt 0.8161 -0.0020 0.0000
vt 0.7907 0.9862 0.0000
vt 0.7916 -0.0015 0.0000
vt 0.7664 0.9867 0.0000
vt 0.7670 -0.0010 0.0000
vt 0.7422 0.9871 0.0000
vt 0.7425 -0.0005 0.0000
vt 0.2079 -0.0079 0.0000
vt 0.2031 0.9799 0.0000
vt 0.1898 -0.0066 0.0000
vt 0.1857 0.9812 0.0000
vt 0.1716 -0.0053 0.0000
vt 0.1684 0.9825 0.0000
vt 0.1534 -0.0040 0.0000
vt 0.1510 0.9838 0.0000
vt 0.1353 -0.0026 0.0000
vt 0.1336 0.9851 0.0000
vt 0.1171 -0.0013 0.0000
vt 0.1163 0.9863 0.0000
# 159 texture coords

o Box023
g Box023
usemtl wire_255255255
s 1
f 1/1/1 2/2/2 3/3/3 4/4/4 5/5/5 6/6/6 7/7/7 8/8/8 9/9/9 10/10/10 11/11/11 12/12/12 13/13/13 14/14/14 15/15/15 16/16/16 17/17/17 18/18/18 19/19/19 20/20/20 21/21/21 22/22/22 23/23/23 24/24/24 25/25/25 26/26/26 27/27/27 28/28/28 29/29/29 30/30/30 31/31/31 32/32/32 33/33/33 34/34/34 35/35/35 36/36/36 
s 2
f 37/37/37 38/38/38 39/39/39 40/40/40 
f 1/36/1 36/1/36 41/41/41 42/42/42 
f 28/43/28 27/44/27 43/45/43 44/46/44 
f 19/36/19 18/1/18 45/41/45 46/42/46 
f 10/43/10 9/44/9 47/45/47 48/46/48 
f 42/42/42 49/47/49 50/47/50 
f 44/46/44 51/47/51 52/47/52 
f 48/46/48 53/47/53 54/47/54 
f 46/42/46 55/47/55 56/47/56 
f 37/48/37 57/49/57 58/50/58 38/51/38 
f 38/52/38 59/53/59 60/54/60 39/55/39 
f 39/48/39 61/49/61 62/50/62 40/51/40 
f 40/52/40 63/53/63 64/54/64 37/55/37 
f 36/56/36 35/57/35 65/58/65 41/59/41 
f 42/60/42 50/61/50 2/62/2 1/63/1 
f 27/64/27 26/65/26 66/66/66 43/67/43 
f 18/56/18 17/57/17 67/58/67 45/59/45 
f 42/42/42 68/68/68 69/47/69 
f 68/68/68 70/69/70 71/47/71 69/47/69 
f 70/69/70 72/70/72 73/47/73 71/47/71 
f 72/70/72 74/71/74 75/47/75 73/47/73 
f 74/71/74 76/72/76 77/47/77 75/47/75 
f 76/72/76 78/73/78 79/47/79 77/47/77 
f 78/73/78 57/74/57 80/47/80 79/47/79 
f 57/74/57 37/75/37 64/76/64 80/47/80 
f 42/42/42 69/47/69 81/47/81 
f 69/47/69 71/47/71 82/47/82 81/47/81 
f 71/47/71 73/47/73 83/47/83 82/47/82 
f 73/47/73 75/47/75 84/47/84 83/47/83 
f 75/47/75 77/47/77 85/47/85 84/47/84 
f 77/47/77 79/47/79 86/47/86 85/47/85 
f 79/47/79 80/47/80 87/47/87 86/47/86 
f 80/47/80 64/76/64 88/77/88 87/47/87 
f 42/42/42 81/47/81 89/47/89 
f 81/47/81 82/47/82 90/47/90 89/47/89 
f 82/47/82 83/47/83 91/47/91 90/47/90 
f 83/47/83 84/47/84 92/47/92 91/47/91 
f 84/47/84 85/47/85 93/47/93 92/47/92 
f 85/47/85 86/47/86 94/47/94 93/47/93 
f 86/47/86 87/47/87 95/47/95 94/47/94 
f 87/47/87 88/77/88 96/78/96 95/47/95 
f 42/42/42 89/47/89 97/47/97 
f 89/47/89 90/47/90 98/47/98 97/47/97 
f 90/47/90 91/47/91 99/47/99 98/47/98 
f 91/47/91 92/47/92 100/47/100 99/47/99 
f 92/47/92 93/47/93 101/47/101 100/47/100 
f 93/47/93 94/47/94 102/47/102 101/47/101 
f 94/47/94 95/47/95 103/47/103 102/47/102 
f 95/47/95 96/78/96 104/79/104 103/47/103 
f 42/42/42 97/47/97 105/47/105 
f 97/47/97 98/47/98 106/47/106 105/47/105 
f 98/47/98 99/47/99 107/47/107 106/47/106 
f 99/47/99 100/47/100 108/47/108 107/47/107 
f 100/47/100 101/47/101 109/47/109 108/47/108 
f 101/47/101 102/47/102 110/47/110 109/47/109 
f 102/47/102 103/47/103 111/47/111 110/47/110 
f 103/47/103 104/79/104 112/80/112 111/47/111 
f 42/42/42 105/47/105 113/47/113 
f 105/47/105 106/47/106 114/47/114 113/47/113 
f 106/47/106 107/47/107 115/47/115 114/47/114 
f 107/47/107 108/47/108 116/47/116 115/47/115 
f 108/47/108 109/47/109 117/47/117 116/47/116 
f 109/47/109 110/47/110 118/47/118 117/47/117 
f 110/47/110 111/47/111 119/47/119 118/47/118 
f 111/47/111 112/80/112 120/81/120 119/47/119 
f 42/42/42 113/47/113 49/47/49 
f 113/47/113 114/47/114 121/47/121 49/47/49 
f 114/47/114 115/47/115 122/47/122 121/47/121 
f 115/47/115 116/47/116 123/47/123 122/47/122 
f 116/47/116 117/47/117 124/47/124 123/47/123 
f 117/47/117 118/47/118 125/47/125 124/47/124 
f 118/47/118 119/47/119 126/47/126 125/47/125 
f 119/47/119 120/81/120 127/82/127 126/47/126 
f 49/47/49 121/47/121 128/47/128 50/47/50 
f 121/47/121 122/47/122 129/47/129 128/47/128 
f 122/47/122 123/47/123 130/47/130 129/47/129 
f 123/47/123 124/47/124 131/47/131 130/47/130 
f 124/47/124 125/47/125 132/47/132 131/47/131 
f 125/47/125 126/47/126 133/47/133 132/47/132 
f 126/47/126 127/82/127 47/83/47 133/47/133 
f 44/46/44 134/84/134 135/47/135 
f 134/84/134 136/85/136 137/47/137 135/47/135 
f 136/85/136 138/86/138 139/47/139 137/47/137 
f 138/86/138 140/87/140 141/47/141 139/47/139 
f 140/87/140 142/88/142 143/47/143 141/47/141 
f 142/88/142 144/89/144 145/47/145 143/47/143 
f 144/89/144 59/90/59 146/47/146 145/47/145 
f 59/90/59 38/91/38 58/92/58 146/47/146 
f 44/46/44 135/47/135 147/47/147 
f 135/47/135 137/47/137 148/47/148 147/47/147 
f 137/47/137 139/47/139 149/47/149 148/47/148 
f 139/47/139 141/47/141 150/47/150 149/47/149 
f 141/47/141 143/47/143 151/47/151 150/47/150 
f 143/47/143 145/47/145 152/47/152 151/47/151 
f 145/47/145 146/47/146 153/47/153 152/47/152 
f 146/47/146 58/92/58 154/93/154 153/47/153 
f 44/46/44 147/47/147 155/47/155 
f 147/47/147 148/47/148 156/47/156 155/47/155 
f 148/47/148 149/47/149 157/47/157 156/47/156 
f 149/47/149 150/47/150 158/47/158 157/47/157 
f 150/47/150 151/47/151 159/47/159 158/47/158 
f 151/47/151 152/47/152 160/47/160 159/47/159 
f 152/47/152 153/47/153 161/47/161 160/47/160 
f 153/47/153 154/93/154 162/94/162 161/47/161 
f 44/46/44 155/47/155 163/47/163 
f 155/47/155 156/47/156 164/47/164 163/47/163 
f 156/47/156 157/47/157 165/47/165 164/47/164 
f 157/47/157 158/47/158 166/47/166 165/47/165 
f 158/47/158 159/47/159 167/47/167 166/47/166 
f 159/47/159 160/47/160 168/47/168 167/47/167 
f 160/47/160 161/47/161 169/47/169 168/47/168 
f 161/47/161 162/94/162 170/95/170 169/47/169 
f 44/46/44 163/47/163 171/47/171 
f 163/47/163 164/47/164 172/47/172 171/47/171 
f 164/47/164 165/47/165 173/47/173 172/47/172 
f 165/47/165 166/47/166 174/47/174 173/47/173 
f 166/47/166 167/47/167 175/47/175 174/47/174 
f 167/47/167 168/47/168 176/47/176 175/47/175 
f 168/47/168 169/47/169 177/47/177 176/47/176 
f 169/47/169 170/95/170 178/96/178 177/47/177 
f 44/46/44 171/47/171 179/47/179 
f 171/47/171 172/47/172 180/47/180 179/47/179 
f 172/47/172 173/47/173 181/47/181 180/47/180 
f 173/47/173 174/47/174 182/47/182 181/47/181 
f 174/47/174 175/47/175 183/47/183 182/47/182 
f 175/47/175 176/47/176 184/47/184 183/47/183 
f 176/47/176 177/47/177 185/47/185 184/47/184 
f 177/47/177 178/96/178 186/97/186 185/47/185 
f 44/46/44 179/47/179 51/47/51 
f 179/47/179 180/47/180 187/47/187 51/47/51 
f 180/47/180 181/47/181 188/47/188 187/47/187 
f 181/47/181 182/47/182 189/47/189 188/47/188 
f 182/47/182 183/47/183 190/47/190 189/47/189 
f 183/47/183 184/47/184 191/47/191 190/47/190 
f 184/47/184 185/47/185 192/47/192 191/47/191 
f 185/47/185 186/97/186 193/98/193 192/47/192 
f 51/47/51 187/47/187 194/47/194 52/47/52 
f 187/47/187 188/47/188 195/47/195 194/47/194 
f 188/47/188 189/47/189 196/47/196 195/47/195 
f 189/47/189 190/47/190 197/47/197 196/47/196 
f 190/47/190 191/47/191 198/47/198 197/47/197 
f 191/47/191 192/47/192 65/47/65 198/47/198 
f 192/47/192 193/98/193 41/99/41 65/47/65 
f 48/46/48 199/84/199 200/47/200 
f 199/84/199 201/85/201 202/47/202 200/47/200 
f 201/85/201 203/86/203 204/47/204 202/47/202 
f 203/86/203 205/87/205 206/47/206 204/47/204 
f 205/87/205 207/88/207 208/47/208 206/47/206 
f 207/88/207 209/89/209 210/47/210 208/47/208 
f 209/89/209 63/90/63 211/47/211 210/47/210 
f 63/90/63 40/91/40 62/92/62 211/47/211 
f 48/46/48 200/47/200 212/47/212 
f 200/47/200 202/47/202 213/47/213 212/47/212 
f 202/47/202 204/47/204 214/47/214 213/47/213 
f 204/47/204 206/47/206 215/47/215 214/47/214 
f 206/47/206 208/47/208 216/47/216 215/47/215 
f 208/47/208 210/47/210 217/47/217 216/47/216 
f 210/47/210 211/47/211 218/47/218 217/47/217 
f 211/47/211 62/92/62 219/93/219 218/47/218 
f 48/46/48 212/47/212 220/47/220 
f 212/47/212 213/47/213 221/47/221 220/47/220 
f 213/47/213 214/47/214 222/47/222 221/47/221 
f 214/47/214 215/47/215 223/47/223 222/47/222 
f 215/47/215 216/47/216 224/47/224 223/47/223 
f 216/47/216 217/47/217 225/47/225 224/47/224 
f 217/47/217 218/47/218 226/47/226 225/47/225 
f 218/47/218 219/93/219 227/94/227 226/47/226 
f 48/46/48 220/47/220 228/47/228 
f 220/47/220 221/47/221 229/47/229 228/47/228 
f 221/47/221 222/47/222 230/47/230 229/47/229 
f 222/47/222 223/47/223 231/47/231 230/47/230 
f 223/47/223 224/47/224 232/47/232 231/47/231 
f 224/47/224 225/47/225 233/47/233 232/47/232 
f 225/47/225 226/47/226 234/47/234 233/47/233 
f 226/47/226 227/94/227 235/95/235 234/47/234 
f 48/46/48 228/47/228 236/47/236 
f 228/47/228 229/47/229 237/47/237 236/47/236 
f 229/47/229 230/47/230 238/47/238 237/47/237 
f 230/47/230 231/47/231 239/47/239 238/47/238 
f 231/47/231 232/47/232 240/47/240 239/47/239 
f 232/47/232 233/47/233 241/47/241 240/47/240 
f 233/47/233 234/47/234 242/47/242 241/47/241 
f 234/47/234 235/95/235 243/96/243 242/47/242 
f 48/46/48 236/47/236 244/47/244 
f 236/47/236 237/47/237 245/47/245 244/47/244 
f 237/47/237 238/47/238 246/47/246 245/47/245 
f 238/47/238 239/47/239 247/47/247 246/47/246 
f 239/47/239 240/47/240 248/47/248 247/47/247 
f 240/47/240 241/47/241 249/47/249 248/47/248 
f 241/47/241 242/47/242 250/47/250 249/47/249 
f 242/47/242 243/96/243 251/97/251 250/47/250 
f 48/46/48 244/47/244 53/47/53 
f 244/47/244 245/47/245 252/47/252 53/47/53 
f 245/47/245 246/47/246 253/47/253 252/47/252 
f 246/47/246 247/47/247 254/47/254 253/47/253 
f 247/47/247 248/47/248 255/47/255 254/47/254 
f 248/47/248 249/47/249 256/47/256 255/47/255 
f 249/47/249 250/47/250 257/47/257 256/47/256 
f 250/47/250 251/97/251 258/98/258 257/47/257 
f 53/47/53 252/47/252 259/47/259 54/47/54 
f 252/47/252 253/47/253 260/47/260 259/47/259 
f 253/47/253 254/47/254 261/47/261 260/47/260 
f 254/47/254 255/47/255 262/47/262 261/47/261 
f 255/47/255 256/47/256 263/47/263 262/47/262 
f 256/47/256 257/47/257 67/47/67 263/47/263 
f 257/47/257 258/98/258 45/99/45 67/47/67 
f 46/42/46 264/68/264 265/47/265 
f 264/68/264 266/69/266 267/47/267 265/47/265 
f 266/69/266 268/70/268 269/47/269 267/47/267 
f 268/70/268 270/71/270 271/47/271 269/47/269 
f 270/71/270 272/72/272 273/47/273 271/47/271 
f 272/72/272 274/73/274 275/47/275 273/47/273 
f 274/73/274 61/74/61 276/47/276 275/47/275 
f 61/74/61 39/75/39 60/76/60 276/47/276 
f 46/42/46 265/47/265 277/47/277 
f 265/47/265 267/47/267 278/47/278 277/47/277 
f 267/47/267 269/47/269 279/47/279 278/47/278 
f 269/47/269 271/47/271 280/47/280 279/47/279 
f 271/47/271 273/47/273 281/47/281 280/47/280 
f 273/47/273 275/47/275 282/47/282 281/47/281 
f 275/47/275 276/47/276 283/47/283 282/47/282 
f 276/47/276 60/76/60 284/77/284 283/47/283 
f 46/42/46 277/47/277 285/47/285 
f 277/47/277 278/47/278 286/47/286 285/47/285 
f 278/47/278 279/47/279 287/47/287 286/47/286 
f 279/47/279 280/47/280 288/47/288 287/47/287 
f 280/47/280 281/47/281 289/47/289 288/47/288 
f 281/47/281 282/47/282 290/47/290 289/47/289 
f 282/47/282 283/47/283 291/47/291 290/47/290 
f 283/47/283 284/77/284 292/78/292 291/47/291 
f 46/42/46 285/47/285 293/47/293 
f 285/47/285 286/47/286 294/47/294 293/47/293 
f 286/47/286 287/47/287 295/47/295 294/47/294 
f 287/47/287 288/47/288 296/47/296 295/47/295 
f 288/47/288 289/47/289 297/47/297 296/47/296 
f 289/47/289 290/47/290 298/47/298 297/47/297 
f 290/47/290 291/47/291 299/47/299 298/47/298 
f 291/47/291 292/78/292 300/79/300 299/47/299 
f 46/42/46 293/47/293 301/47/301 
f 293/47/293 294/47/294 302/47/302 301/47/301 
f 294/47/294 295/47/295 303/47/303 302/47/302 
f 295/47/295 296/47/296 304/47/304 303/47/303 
f 296/47/296 297/47/297 305/47/305 304/47/304 
f 297/47/297 298/47/298 306/47/306 305/47/305 
f 298/47/298 299/47/299 307/47/307 306/47/306 
f 299/47/299 300/79/300 308/80/308 307/47/307 
f 46/42/46 301/47/301 309/47/309 
f 301/47/301 302/47/302 310/47/310 309/47/309 
f 302/47/302 303/47/303 311/47/311 310/47/310 
f 303/47/303 304/47/304 312/47/312 311/47/311 
f 304/47/304 305/47/305 313/47/313 312/47/312 
f 305/47/305 306/47/306 314/47/314 313/47/313 
f 306/47/306 307/47/307 315/47/315 314/47/314 
f 307/47/307 308/80/308 316/81/316 315/47/315 
f 46/42/46 309/47/309 55/47/55 
f 309/47/309 310/47/310 317/47/317 55/47/55 
f 310/47/310 311/47/311 318/47/318 317/47/317 
f 311/47/311 312/47/312 319/47/319 318/47/318 
f 312/47/312 313/47/313 320/47/320 319/47/319 
f 313/47/313 314/47/314 321/47/321 320/47/320 
f 314/47/314 315/47/315 322/47/322 321/47/321 
f 315/47/315 316/81/316 323/82/323 322/47/322 
f 55/47/55 317/47/317 324/47/324 56/47/56 
f 317/47/317 318/47/318 325/47/325 324/47/324 
f 318/47/318 319/47/319 326/47/326 325/47/325 
f 319/47/319 320/47/320 327/47/327 326/47/326 
f 320/47/320 321/47/321 328/47/328 327/47/327 
f 321/47/321 322/47/322 66/47/66 328/47/328 
f 322/47/322 323/82/323 43/83/43 66/47/66 
f 57/49/57 78/100/78 154/101/154 58/50/58 
f 78/100/78 76/102/76 162/103/162 154/101/154 
f 76/102/76 74/104/74 170/105/170 162/103/162 
f 74/104/74 72/106/72 178/107/178 170/105/170 
f 72/106/72 70/108/70 186/109/186 178/107/178 
f 70/108/70 68/110/68 193/111/193 186/109/186 
f 68/110/68 42/42/42 41/41/41 193/111/193 
f 59/53/59 144/112/144 284/113/284 60/54/60 
f 144/112/144 142/114/142 292/115/292 284/113/284 
f 142/114/142 140/116/140 300/117/300 292/115/292 
f 140/116/140 138/118/138 308/119/308 300/117/300 
f 138/118/138 136/120/136 316/121/316 308/119/308 
f 136/120/136 134/122/134 323/123/323 316/121/316 
f 134/122/134 44/46/44 43/45/43 323/123/323 
f 61/49/61 274/100/274 219/101/219 62/50/62 
f 274/100/274 272/102/272 227/103/227 219/101/219 
f 272/102/272 270/104/270 235/105/235 227/103/227 
f 270/104/270 268/106/268 243/107/243 235/105/235 
f 268/106/268 266/108/266 251/109/251 243/107/243 
f 266/108/266 264/110/264 258/111/258 251/109/251 
f 264/110/264 46/42/46 45/41/45 258/111/258 
f 63/53/63 209/112/209 88/113/88 64/54/64 
f 209/112/209 207/114/207 96/115/96 88/113/88 
f 207/114/207 205/116/205 104/117/104 96/115/96 
f 205/116/205 203/118/203 112/119/112 104/117/104 
f 203/118/203 201/120/201 120/121/120 112/119/112 
f 201/120/201 199/122/199 127/123/127 120/121/120 
f 199/122/199 48/46/48 47/45/47 127/123/127 
f 35/57/35 34/124/34 198/125/198 65/58/65 
f 34/124/34 33/126/33 197/127/197 198/125/198 
f 33/126/33 32/128/32 196/129/196 197/127/197 
f 32/128/32 31/130/31 195/131/195 196/129/196 
f 31/130/31 30/132/30 194/133/194 195/131/195 
f 30/132/30 29/134/29 52/135/52 194/133/194 
f 29/134/29 28/43/28 44/46/44 52/135/52 
f 50/61/50 128/136/128 3/137/3 2/62/2 
f 128/136/128 129/138/129 4/139/4 3/137/3 
f 129/138/129 130/140/130 5/141/5 4/139/4 
f 130/140/130 131/142/131 6/143/6 5/141/5 
f 131/142/131 132/144/132 7/145/7 6/143/6 
f 132/144/132 133/146/133 8/147/8 7/145/7 
f 133/146/133 47/45/47 9/44/9 8/147/8 
f 26/65/26 25/148/25 328/149/328 66/66/66 
f 25/148/25 24/150/24 327/151/327 328/149/328 
f 24/150/24 23/152/23 326/153/326 327/151/327 
f 23/152/23 22/154/22 325/155/325 326/153/326 
f 22/154/22 21/156/21 324/157/324 325/155/325 
f 21/156/21 20/158/20 56/159/56 324/157/324 
f 20/158/20 19/36/19 46/42/46 56/159/56 
f 17/57/17 16/124/16 263/125/263 67/58/67 
f 16/124/16 15/126/15 262/127/262 263/125/263 
f 15/126/15 14/128/14 261/129/261 262/127/262 
f 14/128/14 13/130/13 260/131/260 261/129/261 
f 13/130/13 12/132/12 259/133/259 260/131/260 
f 12/132/12 11/134/11 54/135/54 259/133/259 
f 11/134/11 10/43/10 48/46/48 54/135/54 
# 294 polygons - 32 triangles

#
# object Box024
#

v  31.7243 -1.6509 42.1435
v  31.2459 -1.6509 42.0365
v  30.8314 -1.6509 41.7154
v  30.4806 -1.6509 41.1803
v  30.1935 -1.6509 40.4312
v  29.9703 -1.6509 39.4680
v  29.8109 -1.6509 38.2907
v  29.7152 -1.6509 36.8995
v  29.6833 -1.6509 35.2941
v  29.6833 -1.6509 24.7059
v  29.7152 -1.6509 23.1006
v  29.8109 -1.6509 21.7093
v  29.9703 -1.6509 20.5320
v  30.1935 -1.6509 19.5688
v  30.4806 -1.6509 18.8197
v  30.8314 -1.6509 18.2846
v  31.2459 -1.6509 17.9635
v  31.7243 -1.6509 17.8565
v  48.2757 -1.6509 17.8565
v  48.7541 -1.6509 17.9635
v  49.1687 -1.6509 18.2846
v  49.5195 -1.6509 18.8197
v  49.8065 -1.6509 19.5688
v  50.0297 -1.6509 20.5320
v  50.1892 -1.6509 21.7093
v  50.2848 -1.6509 23.1006
v  50.3167 -1.6509 24.7059
v  50.3167 -1.6509 35.2941
v  50.2848 -1.6509 36.8995
v  50.1892 -1.6509 38.2907
v  50.0297 -1.6509 39.4680
v  49.8065 -1.6509 40.4312
v  49.5195 -1.6509 41.1803
v  49.1687 -1.6509 41.7154
v  48.7541 -1.6509 42.0365
v  48.2757 -1.6509 42.1435
v  31.7243 0.0443 35.2941
v  48.2757 0.0443 35.2941
v  48.2757 0.0443 24.7059
v  31.7243 0.0443 24.7059
v  48.2757 0.0233 42.1435
v  31.7243 0.0233 42.1435
v  50.3167 0.0233 24.7059
v  50.3167 0.0233 35.2941
v  31.7243 0.0233 17.8565
v  48.2757 0.0233 17.8565
v  29.6833 0.0233 35.2941
v  29.6833 0.0233 24.7059
v  31.2534 0.0245 42.0365
v  31.2459 0.0233 42.0365
v  50.2848 0.0245 36.8744
v  50.2848 0.0233 36.8995
v  29.7152 0.0245 23.1256
v  29.7152 0.0233 23.1006
v  48.7466 0.0245 17.9635
v  48.7541 0.0233 17.9635
v  31.7243 0.0439 36.8995
v  48.2757 0.0439 36.8995
v  48.7541 0.0439 35.2941
v  48.7541 0.0439 24.7059
v  48.2757 0.0439 23.1006
v  31.7243 0.0439 23.1006
v  31.2459 0.0439 24.7059
v  31.2459 0.0439 35.2941
v  48.7541 0.0233 42.0365
v  50.2848 0.0233 23.1006
v  31.2459 0.0233 17.9635
v  31.7243 0.0282 42.0365
v  31.6122 0.0281 42.0365
v  31.7243 0.0325 41.7154
v  31.5150 0.0323 41.7154
v  31.7243 0.0361 41.1803
v  31.4328 0.0359 41.1803
v  31.7243 0.0390 40.4312
v  31.3655 0.0388 40.4312
v  31.7243 0.0413 39.4680
v  31.3132 0.0410 39.4680
v  31.7243 0.0430 38.2907
v  31.2758 0.0426 38.2907
v  31.2534 0.0436 36.8995
v  31.5150 0.0279 42.0365
v  31.3336 0.0319 41.7154
v  31.1802 0.0353 41.1803
v  31.0546 0.0380 40.4312
v  30.9569 0.0402 39.4680
v  30.8872 0.0417 38.2907
v  30.8453 0.0426 36.8995
v  30.8314 0.0430 35.2941
v  31.4328 0.0275 42.0365
v  31.1802 0.0312 41.7154
v  30.9664 0.0343 41.1803
v  30.7915 0.0368 40.4312
v  30.6555 0.0388 39.4680
v  30.5583 0.0402 38.2907
v  30.5000 0.0410 36.8995
v  30.4806 0.0413 35.2941
v  31.3655 0.0270 42.0365
v  31.0546 0.0302 41.7154
v  30.7915 0.0329 41.1803
v  30.5762 0.0351 40.4312
v  30.4088 0.0368 39.4680
v  30.2892 0.0380 38.2907
v  30.2175 0.0388 36.8995
v  30.1935 0.0390 35.2941
v  31.3132 0.0263 42.0365
v  30.9569 0.0289 41.7154
v  30.6555 0.0311 41.1803
v  30.4088 0.0329 40.4312
v  30.2170 0.0343 39.4680
v  30.0799 0.0353 38.2907
v  29.9977 0.0359 36.8995
v  29.9703 0.0361 35.2941
v  31.2758 0.0254 42.0365
v  30.8872 0.0273 41.7154
v  30.5583 0.0289 41.1803
v  30.2892 0.0302 40.4312
v  30.0799 0.0312 39.4680
v  29.9304 0.0319 38.2907
v  29.8408 0.0323 36.8995
v  29.8109 0.0325 35.2941
v  30.8453 0.0254 41.7154
v  30.5000 0.0263 41.1803
v  30.2175 0.0270 40.4312
v  29.9977 0.0275 39.4680
v  29.8408 0.0279 38.2907
v  29.7466 0.0281 36.8995
v  29.7152 0.0282 35.2941
v  30.8314 0.0233 41.7154
v  30.4806 0.0233 41.1803
v  30.1935 0.0233 40.4312
v  29.9703 0.0233 39.4680
v  29.8109 0.0233 38.2907
v  29.7152 0.0233 36.8995
v  50.2848 0.0282 35.2941
v  50.2848 0.0281 35.6704
v  50.1892 0.0325 35.2941
v  50.1892 0.0323 35.9965
v  50.0297 0.0361 35.2941
v  50.0297 0.0359 36.2724
v  49.8065 0.0390 35.2941
v  49.8065 0.0388 36.4981
v  49.5195 0.0413 35.2941
v  49.5195 0.0410 36.6737
v  49.1687 0.0430 35.2941
v  49.1687 0.0426 36.7991
v  48.7541 0.0436 36.8744
v  50.2848 0.0279 35.9965
v  50.1892 0.0319 36.6051
v  50.0297 0.0353 37.1202
v  49.8065 0.0380 37.5416
v  49.5195 0.0402 37.8693
v  49.1687 0.0417 38.1034
v  48.7541 0.0426 38.2439
v  48.2757 0.0430 38.2907
v  50.2848 0.0275 36.2724
v  50.1892 0.0312 37.1202
v  50.0297 0.0343 37.8376
v  49.8065 0.0368 38.4245
v  49.5195 0.0388 38.8810
v  49.1687 0.0402 39.2071
v  48.7541 0.0410 39.4028
v  48.2757 0.0413 39.4680
v  50.2848 0.0270 36.4981
v  50.1892 0.0302 37.5416
v  50.0297 0.0329 38.4245
v  49.8065 0.0351 39.1469
v  49.5195 0.0368 39.7088
v  49.1687 0.0380 40.1101
v  48.7541 0.0388 40.3509
v  48.2757 0.0390 40.4312
v  50.2848 0.0263 36.6737
v  50.1892 0.0289 37.8693
v  50.0297 0.0311 38.8810
v  49.8065 0.0329 39.7088
v  49.5195 0.0343 40.3526
v  49.1687 0.0353 40.8124
v  48.7541 0.0359 41.0883
v  48.2757 0.0361 41.1803
v  50.2848 0.0254 36.7991
v  50.1892 0.0273 38.1034
v  50.0297 0.0289 39.2071
v  49.8065 0.0302 40.1101
v  49.5195 0.0312 40.8124
v  49.1687 0.0319 41.3141
v  48.7541 0.0323 41.6151
v  48.2757 0.0325 41.7154
v  50.1892 0.0254 38.2439
v  50.0297 0.0263 39.4028
v  49.8065 0.0270 40.3509
v  49.5195 0.0275 41.0883
v  49.1687 0.0279 41.6151
v  48.7541 0.0281 41.9311
v  48.2757 0.0282 42.0365
v  50.1892 0.0233 38.2907
v  50.0297 0.0233 39.4680
v  49.8065 0.0233 40.4312
v  49.5195 0.0233 41.1803
v  49.1687 0.0233 41.7154
v  29.7152 0.0282 24.7059
v  29.7152 0.0281 24.3296
v  29.8109 0.0325 24.7059
v  29.8109 0.0323 24.0035
v  29.9703 0.0361 24.7059
v  29.9703 0.0359 23.7276
v  30.1935 0.0390 24.7059
v  30.1935 0.0388 23.5019
v  30.4806 0.0413 24.7059
v  30.4806 0.0410 23.3263
v  30.8314 0.0430 24.7059
v  30.8314 0.0426 23.2009
v  31.2459 0.0436 23.1256
v  29.7152 0.0279 24.0035
v  29.8109 0.0319 23.3949
v  29.9703 0.0353 22.8798
v  30.1935 0.0380 22.4584
v  30.4806 0.0402 22.1307
v  30.8314 0.0417 21.8966
v  31.2459 0.0426 21.7561
v  31.7243 0.0430 21.7093
v  29.7152 0.0275 23.7276
v  29.8109 0.0312 22.8798
v  29.9703 0.0343 22.1624
v  30.1935 0.0368 21.5755
v  30.4806 0.0388 21.1190
v  30.8314 0.0402 20.7929
v  31.2459 0.0410 20.5973
v  31.7243 0.0413 20.5320
v  29.7152 0.0270 23.5019
v  29.8109 0.0302 22.4584
v  29.9703 0.0329 21.5755
v  30.1935 0.0351 20.8531
v  30.4806 0.0368 20.2912
v  30.8314 0.0380 19.8899
v  31.2459 0.0388 19.6491
v  31.7243 0.0390 19.5688
v  29.7152 0.0263 23.3263
v  29.8109 0.0289 22.1307
v  29.9703 0.0311 21.1190
v  30.1935 0.0329 20.2912
v  30.4806 0.0343 19.6474
v  30.8314 0.0353 19.1876
v  31.2459 0.0359 18.9117
v  31.7243 0.0361 18.8197
v  29.7152 0.0254 23.2009
v  29.8109 0.0273 21.8966
v  29.9703 0.0289 20.7929
v  30.1935 0.0302 19.8899
v  30.4806 0.0312 19.1876
v  30.8314 0.0319 18.6859
v  31.2459 0.0323 18.3849
v  31.7243 0.0325 18.2846
v  29.8109 0.0254 21.7561
v  29.9703 0.0263 20.5973
v  30.1935 0.0270 19.6491
v  30.4806 0.0275 18.9117
v  30.8314 0.0279 18.3849
v  31.2459 0.0281 18.0689
v  31.7243 0.0282 17.9635
v  29.8109 0.0233 21.7093
v  29.9703 0.0233 20.5320
v  30.1935 0.0233 19.5688
v  30.4806 0.0233 18.8197
v  30.8314 0.0233 18.2846
v  48.2757 0.0282 17.9635
v  48.3878 0.0281 17.9635
v  48.2757 0.0325 18.2846
v  48.4850 0.0323 18.2846
v  48.2757 0.0361 18.8197
v  48.5672 0.0359 18.8197
v  48.2757 0.0390 19.5688
v  48.6345 0.0388 19.5688
v  48.2757 0.0413 20.5320
v  48.6868 0.0410 20.5320
v  48.2757 0.0430 21.7093
v  48.7242 0.0426 21.7093
v  48.7466 0.0436 23.1006
v  48.4850 0.0279 17.9635
v  48.6664 0.0319 18.2846
v  48.8199 0.0353 18.8197
v  48.9454 0.0380 19.5688
v  49.0431 0.0402 20.5320
v  49.1128 0.0417 21.7093
v  49.1547 0.0426 23.1006
v  49.1687 0.0430 24.7059
v  48.5672 0.0275 17.9635
v  48.8199 0.0312 18.2846
v  49.0336 0.0343 18.8197
v  49.2085 0.0368 19.5688
v  49.3446 0.0388 20.5320
v  49.4417 0.0402 21.7093
v  49.5000 0.0410 23.1006
v  49.5195 0.0413 24.7059
v  48.6345 0.0270 17.9635
v  48.9454 0.0302 18.2846
v  49.2085 0.0329 18.8197
v  49.4238 0.0351 19.5688
v  49.5912 0.0368 20.5320
v  49.7108 0.0380 21.7093
v  49.7825 0.0388 23.1006
v  49.8065 0.0390 24.7059
v  48.6868 0.0263 17.9635
v  49.0431 0.0289 18.2846
v  49.3446 0.0311 18.8197
v  49.5912 0.0329 19.5688
v  49.7830 0.0343 20.5320
v  49.9201 0.0353 21.7093
v  50.0023 0.0359 23.1006
v  50.0297 0.0361 24.7059
v  48.7242 0.0254 17.9635
v  49.1128 0.0273 18.2846
v  49.4417 0.0289 18.8197
v  49.7108 0.0302 19.5688
v  49.9201 0.0312 20.5320
v  50.0696 0.0319 21.7093
v  50.1593 0.0323 23.1006
v  50.1892 0.0325 24.7059
v  49.1547 0.0254 18.2846
v  49.5000 0.0263 18.8197
v  49.7825 0.0270 19.5688
v  50.0023 0.0275 20.5320
v  50.1593 0.0279 21.7093
v  50.2534 0.0281 23.1006
v  50.2848 0.0282 24.7059
v  49.1687 0.0233 18.2846
v  49.5195 0.0233 18.8197
v  49.8065 0.0233 19.5688
v  50.0297 0.0233 20.5320
v  50.1892 0.0233 21.7093
# 328 vertices

vn -0.0238 -0.6997 0.7140
vn -0.1059 -0.6896 0.7164
vn -0.2337 -0.6853 0.6897
vn -0.3786 -0.6817 0.6261
vn -0.5183 -0.6802 0.5183
vn -0.6261 -0.6817 0.3786
vn -0.6897 -0.6853 0.2337
vn -0.7165 -0.6895 0.1059
vn -0.7140 -0.6997 0.0238
vn -0.7140 -0.6997 -0.0238
vn -0.7165 -0.6895 -0.1059
vn -0.6897 -0.6853 -0.2337
vn -0.6261 -0.6817 -0.3786
vn -0.5183 -0.6802 -0.5183
vn -0.3786 -0.6817 -0.6261
vn -0.2337 -0.6853 -0.6897
vn -0.1059 -0.6896 -0.7164
vn -0.0238 -0.6997 -0.7140
vn 0.0238 -0.6997 -0.7140
vn 0.1059 -0.6896 -0.7164
vn 0.2337 -0.6853 -0.6897
vn 0.3786 -0.6817 -0.6261
vn 0.5183 -0.6802 -0.5183
vn 0.6261 -0.6817 -0.3786
vn 0.6897 -0.6853 -0.2337
vn 0.7165 -0.6895 -0.1059
vn 0.7140 -0.6997 -0.0238
vn 0.7140 -0.6997 0.0238
vn 0.7165 -0.6895 0.1059
vn 0.6897 -0.6853 0.2337
vn 0.6261 -0.6817 0.3786
vn 0.5183 -0.6802 0.5183
vn 0.3786 -0.6817 0.6261
vn 0.2337 -0.6853 0.6897
vn 0.1059 -0.6896 0.7164
vn 0.0238 -0.6997 0.7140
vn -0.0332 0.9989 0.0332
vn 0.0332 0.9989 0.0332
vn 0.0332 0.9989 -0.0332
vn -0.0332 0.9989 -0.0332
vn 0.0332 0.0332 0.9989
vn -0.0267 0.0267 0.9993
vn 0.9989 0.0332 -0.0332
vn 0.9993 0.0267 0.0267
vn -0.0332 0.0332 -0.9989
vn 0.0267 0.0267 -0.9993
vn -0.9989 0.0332 0.0332
vn -0.9993 0.0267 -0.0267
vn -0.1475 0.0214 0.9888
vn -0.1478 0.0050 0.9890
vn 0.9888 0.0214 0.1475
vn 0.9890 0.0050 0.1478
vn -0.9888 0.0214 -0.1475
vn -0.9890 0.0050 -0.1478
vn 0.1475 0.0214 -0.9888
vn 0.1478 0.0050 -0.9890
vn -0.0329 0.9888 0.1458
vn 0.0335 0.9887 0.1462
vn 0.1458 0.9888 0.0329
vn 0.1462 0.9887 -0.0335
vn 0.0329 0.9888 -0.1458
vn -0.0335 0.9887 -0.1462
vn -0.1458 0.9888 -0.0329
vn -0.1462 0.9887 0.0335
vn 0.1458 0.0329 0.9888
vn 0.9888 0.0329 -0.1458
vn -0.1458 0.0329 -0.9888
vn -0.0050 0.1478 0.9890
vn -0.0214 0.1475 0.9888
vn -0.0108 0.3228 0.9464
vn -0.0467 0.3198 0.9463
vn -0.0173 0.5192 0.8545
vn -0.0754 0.5133 0.8549
vn -0.0236 0.7082 0.7056
vn -0.1032 0.6999 0.7067
vn -0.0285 0.8560 0.5161
vn -0.1252 0.8463 0.5178
vn -0.0315 0.9468 0.3201
vn -0.1387 0.9366 0.3217
vn -0.1449 0.9785 0.1467
vn -0.0466 0.1396 0.9891
vn -0.1015 0.3022 0.9478
vn -0.1638 0.4858 0.8586
vn -0.2247 0.6645 0.7127
vn -0.2734 0.8064 0.5244
vn -0.3037 0.8949 0.3269
vn -0.3178 0.9363 0.1494
vn -0.3210 0.9465 0.0341
vn -0.0745 0.1243 0.9894
vn -0.1617 0.2688 0.9495
vn -0.2611 0.4331 0.8627
vn -0.3592 0.5947 0.7193
vn -0.4382 0.7247 0.5317
vn -0.4882 0.8068 0.3327
vn -0.5117 0.8455 0.1524
vn -0.5173 0.8551 0.0349
vn -0.1018 0.1018 0.9896
vn -0.2202 0.2202 0.9503
vn -0.3554 0.3554 0.8645
vn -0.4891 0.4892 0.7221
vn -0.5974 0.5974 0.5350
vn -0.6662 0.6662 0.3353
vn -0.6987 0.6987 0.1537
vn -0.7067 0.7067 0.0352
vn -0.1243 0.0745 0.9894
vn -0.2688 0.1617 0.9495
vn -0.4330 0.2610 0.8627
vn -0.5947 0.3591 0.7193
vn -0.7247 0.4383 0.5317
vn -0.8068 0.4882 0.3327
vn -0.8455 0.5117 0.1524
vn -0.8551 0.5173 0.0349
vn -0.1396 0.0466 0.9891
vn -0.3022 0.1015 0.9478
vn -0.4858 0.1638 0.8586
vn -0.6645 0.2247 0.7127
vn -0.8064 0.2734 0.5244
vn -0.8949 0.3037 0.3269
vn -0.9363 0.3178 0.1494
vn -0.9465 0.3210 0.0341
vn -0.3198 0.0467 0.9463
vn -0.5133 0.0754 0.8549
vn -0.6999 0.1032 0.7067
vn -0.8463 0.1252 0.5178
vn -0.9366 0.1387 0.3217
vn -0.9785 0.1449 0.1467
vn -0.9887 0.1462 0.0335
vn -0.3228 0.0108 0.9464
vn -0.5191 0.0173 0.8545
vn -0.7082 0.0236 0.7056
vn -0.8560 0.0285 0.5161
vn -0.9468 0.0315 0.3201
vn -0.9888 0.0329 0.1458
vn 0.9890 0.1478 0.0050
vn 0.9888 0.1475 0.0214
vn 0.9464 0.3228 0.0108
vn 0.9463 0.3198 0.0467
vn 0.8545 0.5192 0.0173
vn 0.8549 0.5133 0.0754
vn 0.7056 0.7082 0.0236
vn 0.7067 0.6999 0.1032
vn 0.5161 0.8560 0.0285
vn 0.5178 0.8463 0.1252
vn 0.3201 0.9468 0.0315
vn 0.3217 0.9366 0.1387
vn 0.1467 0.9785 0.1449
vn 0.9891 0.1396 0.0466
vn 0.9478 0.3022 0.1015
vn 0.8586 0.4858 0.1638
vn 0.7127 0.6645 0.2247
vn 0.5244 0.8064 0.2734
vn 0.3269 0.8949 0.3037
vn 0.1494 0.9363 0.3178
vn 0.0341 0.9465 0.3210
vn 0.9894 0.1243 0.0745
vn 0.9495 0.2688 0.1617
vn 0.8627 0.4331 0.2611
vn 0.7193 0.5947 0.3591
vn 0.5317 0.7247 0.4382
vn 0.3327 0.8068 0.4882
vn 0.1524 0.8455 0.5117
vn 0.0349 0.8551 0.5173
vn 0.9896 0.1018 0.1018
vn 0.9503 0.2202 0.2202
vn 0.8645 0.3554 0.3554
vn 0.7221 0.4892 0.4891
vn 0.5350 0.5974 0.5974
vn 0.3353 0.6662 0.6662
vn 0.1537 0.6987 0.6987
vn 0.0352 0.7067 0.7067
vn 0.9894 0.0745 0.1243
vn 0.9495 0.1617 0.2688
vn 0.8627 0.2610 0.4330
vn 0.7193 0.3591 0.5947
vn 0.5317 0.4382 0.7247
vn 0.3327 0.4882 0.8068
vn 0.1524 0.5117 0.8455
vn 0.0349 0.5173 0.8551
vn 0.9891 0.0466 0.1396
vn 0.9478 0.1015 0.3022
vn 0.8586 0.1638 0.4858
vn 0.7127 0.2247 0.6645
vn 0.5244 0.2734 0.8064
vn 0.3269 0.3037 0.8949
vn 0.1494 0.3178 0.9363
vn 0.0341 0.3210 0.9465
vn 0.9463 0.0467 0.3198
vn 0.8549 0.0754 0.5133
vn 0.7067 0.1032 0.6999
vn 0.5178 0.1252 0.8463
vn 0.3217 0.1387 0.9366
vn 0.1467 0.1449 0.9785
vn 0.0335 0.1462 0.9887
vn 0.9464 0.0108 0.3228
vn 0.8545 0.0173 0.5192
vn 0.7056 0.0236 0.7082
vn 0.5161 0.0285 0.8560
vn 0.3201 0.0315 0.9468
vn -0.9890 0.1478 -0.0050
vn -0.9888 0.1475 -0.0214
vn -0.9464 0.3228 -0.0108
vn -0.9463 0.3198 -0.0467
vn -0.8545 0.5192 -0.0173
vn -0.8549 0.5133 -0.0754
vn -0.7056 0.7082 -0.0236
vn -0.7067 0.6999 -0.1032
vn -0.5161 0.8560 -0.0285
vn -0.5178 0.8463 -0.1252
vn -0.3201 0.9468 -0.0315
vn -0.3217 0.9366 -0.1387
vn -0.1467 0.9785 -0.1449
vn -0.9891 0.1396 -0.0466
vn -0.9478 0.3022 -0.1015
vn -0.8586 0.4858 -0.1638
vn -0.7127 0.6645 -0.2247
vn -0.5244 0.8064 -0.2734
vn -0.3269 0.8949 -0.3037
vn -0.1494 0.9363 -0.3178
vn -0.0341 0.9465 -0.3210
vn -0.9894 0.1243 -0.0745
vn -0.9495 0.2688 -0.1617
vn -0.8627 0.4331 -0.2611
vn -0.7193 0.5947 -0.3591
vn -0.5317 0.7247 -0.4382
vn -0.3327 0.8068 -0.4882
vn -0.1524 0.8455 -0.5117
vn -0.0349 0.8551 -0.5173
vn -0.9896 0.1018 -0.1018
vn -0.9503 0.2202 -0.2202
vn -0.8645 0.3554 -0.3554
vn -0.7221 0.4892 -0.4891
vn -0.5350 0.5974 -0.5974
vn -0.3353 0.6662 -0.6662
vn -0.1537 0.6987 -0.6987
vn -0.0352 0.7067 -0.7067
vn -0.9894 0.0745 -0.1243
vn -0.9495 0.1617 -0.2688
vn -0.8627 0.2610 -0.4330
vn -0.7193 0.3591 -0.5947
vn -0.5317 0.4382 -0.7247
vn -0.3327 0.4882 -0.8068
vn -0.1524 0.5117 -0.8455
vn -0.0349 0.5173 -0.8551
vn -0.9891 0.0466 -0.1396
vn -0.9478 0.1015 -0.3022
vn -0.8586 0.1638 -0.4858
vn -0.7127 0.2247 -0.6645
vn -0.5244 0.2734 -0.8064
vn -0.3269 0.3037 -0.8949
vn -0.1494 0.3178 -0.9363
vn -0.0341 0.3210 -0.9465
vn -0.9463 0.0467 -0.3198
vn -0.8549 0.0754 -0.5133
vn -0.7067 0.1032 -0.6999
vn -0.5178 0.1252 -0.8463
vn -0.3217 0.1387 -0.9366
vn -0.1467 0.1449 -0.9785
vn -0.0335 0.1462 -0.9887
vn -0.9464 0.0108 -0.3228
vn -0.8545 0.0173 -0.5192
vn -0.7056 0.0236 -0.7082
vn -0.5161 0.0285 -0.8560
vn -0.3201 0.0315 -0.9468
vn 0.0050 0.1478 -0.9890
vn 0.0214 0.1475 -0.9888
vn 0.0108 0.3228 -0.9464
vn 0.0467 0.3198 -0.9463
vn 0.0173 0.5192 -0.8545
vn 0.0754 0.5133 -0.8549
vn 0.0236 0.7082 -0.7056
vn 0.1032 0.6999 -0.7067
vn 0.0285 0.8560 -0.5161
vn 0.1252 0.8463 -0.5178
vn 0.0315 0.9468 -0.3201
vn 0.1387 0.9366 -0.3217
vn 0.1449 0.9785 -0.1467
vn 0.0466 0.1396 -0.9891
vn 0.1015 0.3022 -0.9478
vn 0.1638 0.4858 -0.8586
vn 0.2247 0.6645 -0.7127
vn 0.2734 0.8064 -0.5244
vn 0.3037 0.8949 -0.3269
vn 0.3178 0.9363 -0.1494
vn 0.3210 0.9465 -0.0341
vn 0.0745 0.1243 -0.9894
vn 0.1617 0.2688 -0.9495
vn 0.2611 0.4331 -0.8627
vn 0.3592 0.5947 -0.7193
vn 0.4382 0.7247 -0.5317
vn 0.4882 0.8068 -0.3327
vn 0.5117 0.8455 -0.1524
vn 0.5173 0.8551 -0.0349
vn 0.1018 0.1018 -0.9896
vn 0.2202 0.2202 -0.9503
vn 0.3554 0.3554 -0.8645
vn 0.4891 0.4892 -0.7221
vn 0.5974 0.5974 -0.5350
vn 0.6662 0.6662 -0.3353
vn 0.6987 0.6987 -0.1537
vn 0.7067 0.7067 -0.0352
vn 0.1243 0.0745 -0.9894
vn 0.2688 0.1617 -0.9495
vn 0.4330 0.2610 -0.8627
vn 0.5947 0.3591 -0.7193
vn 0.7247 0.4383 -0.5317
vn 0.8068 0.4882 -0.3327
vn 0.8455 0.5117 -0.1524
vn 0.8551 0.5173 -0.0349
vn 0.1396 0.0466 -0.9891
vn 0.3022 0.1015 -0.9478
vn 0.4858 0.1638 -0.8586
vn 0.6645 0.2247 -0.7127
vn 0.8064 0.2734 -0.5244
vn 0.8949 0.3037 -0.3269
vn 0.9363 0.3178 -0.1494
vn 0.9465 0.3210 -0.0341
vn 0.3198 0.0467 -0.9463
vn 0.5133 0.0754 -0.8549
vn 0.6999 0.1032 -0.7067
vn 0.8463 0.1252 -0.5178
vn 0.9366 0.1387 -0.3217
vn 0.9785 0.1449 -0.1467
vn 0.9887 0.1462 -0.0335
vn 0.3228 0.0108 -0.9464
vn 0.5191 0.0173 -0.8545
vn 0.7082 0.0236 -0.7056
vn 0.8560 0.0285 -0.5161
vn 0.9468 0.0315 -0.3201
# 328 vertex normals

vt 0.9011 0.0000 0.0000
vt 0.9243 0.0044 0.0000
vt 0.9444 0.0176 0.0000
vt 0.9614 0.0397 0.0000
vt 0.9753 0.0705 0.0000
vt 0.9861 0.1102 0.0000
vt 0.9938 0.1586 0.0000
vt 0.9985 0.2159 0.0000
vt 1.0000 0.2820 0.0000
vt 1.0000 0.7180 0.0000
vt 0.9985 0.7841 0.0000
vt 0.9938 0.8414 0.0000
vt 0.9861 0.8898 0.0000
vt 0.9753 0.9295 0.0000
vt 0.9614 0.9603 0.0000
vt 0.9444 0.9824 0.0000
vt 0.9243 0.9956 0.0000
vt 0.9011 1.0000 0.0000
vt 0.0989 1.0000 0.0000
vt 0.0757 0.9956 0.0000
vt 0.0556 0.9824 0.0000
vt 0.0386 0.9603 0.0000
vt 0.0247 0.9295 0.0000
vt 0.0139 0.8898 0.0000
vt 0.0062 0.8414 0.0000
vt 0.0015 0.7841 0.0000
vt 0.0000 0.7180 0.0000
vt 0.0000 0.2820 0.0000
vt 0.0015 0.2159 0.0000
vt 0.0062 0.1586 0.0000
vt 0.0139 0.1102 0.0000
vt 0.0247 0.0705 0.0000
vt 0.0386 0.0397 0.0000
vt 0.0556 0.0176 0.0000
vt 0.0757 0.0044 0.0000
vt 0.0989 0.0000 0.0000
vt 0.0989 0.2820 0.0000
vt 0.9011 0.2820 0.0000
vt 0.9011 0.7180 0.0000
vt 0.0989 0.7180 0.0000
vt 0.9011 0.9876 0.0000
vt 0.0989 0.9876 0.0000
vt 0.2820 0.0000 0.0000
vt 0.7180 0.0000 0.0000
vt 0.7180 0.9876 0.0000
vt 0.2820 0.9876 0.0000
vt 0.0000 1.0000 0.0000
vt 0.0989 1.2636 0.0000
vt 0.0989 1.2291 0.0000
vt 0.9011 1.2291 0.0000
vt 0.9011 1.2636 0.0000
vt 0.2820 0.5888 0.0000
vt 0.2820 0.6387 0.0000
vt 0.7180 0.6387 0.0000
vt 0.7180 0.5888 0.0000
vt 0.0858 -0.0039 0.0000
vt 0.1103 -0.0034 0.0000
vt 0.1124 0.9842 0.0000
vt 0.0882 0.9837 0.0000
vt 0.9118 0.9837 0.0000
vt 0.8876 0.9842 0.0000
vt 0.8897 -0.0034 0.0000
vt 0.9142 -0.0039 0.0000
vt 0.2443 -0.0106 0.0000
vt 0.2261 -0.0092 0.0000
vt 0.2204 0.9786 0.0000
vt 0.2378 0.9773 0.0000
vt 0.0730 0.9914 0.0000
vt 0.0448 0.9966 0.0000
vt 0.0143 1.0032 0.0000
vt -0.0186 1.0113 0.0000
vt -0.0537 1.0207 0.0000
vt -0.0912 1.0315 0.0000
vt -0.1310 1.0438 0.0000
vt -0.1732 1.0574 0.0000
vt -0.1353 1.0420 0.0000
vt -0.1082 1.0243 0.0000
vt -0.0920 1.0044 0.0000
vt -0.0866 0.9824 0.0000
vt -0.0920 0.9581 0.0000
vt -0.1082 0.9316 0.0000
vt -0.1353 0.9029 0.0000
vt -0.1732 0.8720 0.0000
vt 0.2188 0.9928 0.0000
vt 0.1702 1.0022 0.0000
vt 0.1362 1.0157 0.0000
vt 0.1168 1.0334 0.0000
vt 0.1121 1.0552 0.0000
vt 0.1219 1.0813 0.0000
vt 0.1463 1.1115 0.0000
vt 0.1854 1.1458 0.0000
vt 0.1411 1.1107 0.0000
vt 0.1009 1.0783 0.0000
vt 0.0648 1.0486 0.0000
vt 0.0328 1.0215 0.0000
vt 0.0049 0.9971 0.0000
vt -0.0189 0.9755 0.0000
vt -0.0387 0.9565 0.0000
vt -0.0543 0.9402 0.0000
vt 0.0989 1.1946 0.0000
vt 0.9011 1.1946 0.0000
vt 0.0989 1.1601 0.0000
vt 0.9011 1.1601 0.0000
vt 0.0989 1.1256 0.0000
vt 0.9011 1.1256 0.0000
vt 0.0989 1.0911 0.0000
vt 0.9011 1.0911 0.0000
vt 0.0989 1.0566 0.0000
vt 0.9011 1.0566 0.0000
vt 0.0989 1.0221 0.0000
vt 0.9011 1.0221 0.0000
vt 0.2820 0.6885 0.0000
vt 0.7180 0.6885 0.0000
vt 0.2820 0.7384 0.0000
vt 0.7180 0.7384 0.0000
vt 0.2820 0.7882 0.0000
vt 0.7180 0.7882 0.0000
vt 0.2820 0.8381 0.0000
vt 0.7180 0.8381 0.0000
vt 0.2820 0.8879 0.0000
vt 0.7180 0.8879 0.0000
vt 0.2820 0.9378 0.0000
vt 0.7180 0.9378 0.0000
vt 0.1349 -0.0029 0.0000
vt 0.1366 0.9847 0.0000
vt 0.1594 -0.0024 0.0000
vt 0.1609 0.9852 0.0000
vt 0.1839 -0.0020 0.0000
vt 0.1851 0.9857 0.0000
vt 0.2084 -0.0015 0.0000
vt 0.2093 0.9862 0.0000
vt 0.2330 -0.0010 0.0000
vt 0.2336 0.9867 0.0000
vt 0.2575 -0.0005 0.0000
vt 0.2578 0.9871 0.0000
vt 0.8634 0.9847 0.0000
vt 0.8651 -0.0029 0.0000
vt 0.8391 0.9852 0.0000
vt 0.8406 -0.0024 0.0000
vt 0.8149 0.9857 0.0000
vt 0.8161 -0.0020 0.0000
vt 0.7907 0.9862 0.0000
vt 0.7916 -0.0015 0.0000
vt 0.7664 0.9867 0.0000
vt 0.7670 -0.0010 0.0000
vt 0.7422 0.9871 0.0000
vt 0.7425 -0.0005 0.0000
vt 0.2079 -0.0079 0.0000
vt 0.2031 0.9799 0.0000
vt 0.1898 -0.0066 0.0000
vt 0.1857 0.9812 0.0000
vt 0.1716 -0.0053 0.0000
vt 0.1684 0.9825 0.0000
vt 0.1534 -0.0040 0.0000
vt 0.1510 0.9838 0.0000
vt 0.1353 -0.0026 0.0000
vt 0.1336 0.9851 0.0000
vt 0.1171 -0.0013 0.0000
vt 0.1163 0.9863 0.0000
# 159 texture coords

o Box024
g Box024
usemtl wire_062062062
s 1
f 329/160/329 330/161/330 331/162/331 332/163/332 333/164/333 334/165/334 335/166/335 336/167/336 337/168/337 338/169/338 339/170/339 340/171/340 341/172/341 342/173/342 343/174/343 344/175/344 345/176/345 346/177/346 347/178/347 348/179/348 349/180/349 350/181/350 351/182/351 352/183/352 353/184/353 354/185/354 355/186/355 356/187/356 357/188/357 358/189/358 359/190/359 360/191/360 361/192/361 362/193/362 363/194/363 364/195/364 
s 2
f 365/196/365 366/197/366 367/198/367 368/199/368 
f 329/195/329 364/160/364 369/200/369 370/201/370 
f 356/202/356 355/203/355 371/204/371 372/205/372 
f 347/195/347 346/160/346 373/200/373 374/201/374 
f 338/202/338 337/203/337 375/204/375 376/205/376 
f 370/201/370 377/206/377 378/206/378 
f 372/205/372 379/206/379 380/206/380 
f 376/205/376 381/206/381 382/206/382 
f 374/201/374 383/206/383 384/206/384 
f 365/207/365 385/208/385 386/209/386 366/210/366 
f 366/211/366 387/212/387 388/213/388 367/214/367 
f 367/207/367 389/208/389 390/209/390 368/210/368 
f 368/211/368 391/212/391 392/213/392 365/214/365 
f 364/215/364 363/216/363 393/217/393 369/218/369 
f 370/219/370 378/220/378 330/221/330 329/222/329 
f 355/223/355 354/224/354 394/225/394 371/226/371 
f 346/215/346 345/216/345 395/217/395 373/218/373 
f 370/201/370 396/227/396 397/206/397 
f 396/227/396 398/228/398 399/206/399 397/206/397 
f 398/228/398 400/229/400 401/206/401 399/206/399 
f 400/229/400 402/230/402 403/206/403 401/206/401 
f 402/230/402 404/231/404 405/206/405 403/206/403 
f 404/231/404 406/232/406 407/206/407 405/206/405 
f 406/232/406 385/233/385 408/206/408 407/206/407 
f 385/233/385 365/234/365 392/235/392 408/206/408 
f 370/201/370 397/206/397 409/206/409 
f 397/206/397 399/206/399 410/206/410 409/206/409 
f 399/206/399 401/206/401 411/206/411 410/206/410 
f 401/206/401 403/206/403 412/206/412 411/206/411 
f 403/206/403 405/206/405 413/206/413 412/206/412 
f 405/206/405 407/206/407 414/206/414 413/206/413 
f 407/206/407 408/206/408 415/206/415 414/206/414 
f 408/206/408 392/235/392 416/236/416 415/206/415 
f 370/201/370 409/206/409 417/206/417 
f 409/206/409 410/206/410 418/206/418 417/206/417 
f 410/206/410 411/206/411 419/206/419 418/206/418 
f 411/206/411 412/206/412 420/206/420 419/206/419 
f 412/206/412 413/206/413 421/206/421 420/206/420 
f 413/206/413 414/206/414 422/206/422 421/206/421 
f 414/206/414 415/206/415 423/206/423 422/206/422 
f 415/206/415 416/236/416 424/237/424 423/206/423 
f 370/201/370 417/206/417 425/206/425 
f 417/206/417 418/206/418 426/206/426 425/206/425 
f 418/206/418 419/206/419 427/206/427 426/206/426 
f 419/206/419 420/206/420 428/206/428 427/206/427 
f 420/206/420 421/206/421 429/206/429 428/206/428 
f 421/206/421 422/206/422 430/206/430 429/206/429 
f 422/206/422 423/206/423 431/206/431 430/206/430 
f 423/206/423 424/237/424 432/238/432 431/206/431 
f 370/201/370 425/206/425 433/206/433 
f 425/206/425 426/206/426 434/206/434 433/206/433 
f 426/206/426 427/206/427 435/206/435 434/206/434 
f 427/206/427 428/206/428 436/206/436 435/206/435 
f 428/206/428 429/206/429 437/206/437 436/206/436 
f 429/206/429 430/206/430 438/206/438 437/206/437 
f 430/206/430 431/206/431 439/206/439 438/206/438 
f 431/206/431 432/238/432 440/239/440 439/206/439 
f 370/201/370 433/206/433 441/206/441 
f 433/206/433 434/206/434 442/206/442 441/206/441 
f 434/206/434 435/206/435 443/206/443 442/206/442 
f 435/206/435 436/206/436 444/206/444 443/206/443 
f 436/206/436 437/206/437 445/206/445 444/206/444 
f 437/206/437 438/206/438 446/206/446 445/206/445 
f 438/206/438 439/206/439 447/206/447 446/206/446 
f 439/206/439 440/239/440 448/240/448 447/206/447 
f 370/201/370 441/206/441 377/206/377 
f 441/206/441 442/206/442 449/206/449 377/206/377 
f 442/206/442 443/206/443 450/206/450 449/206/449 
f 443/206/443 444/206/444 451/206/451 450/206/450 
f 444/206/444 445/206/445 452/206/452 451/206/451 
f 445/206/445 446/206/446 453/206/453 452/206/452 
f 446/206/446 447/206/447 454/206/454 453/206/453 
f 447/206/447 448/240/448 455/241/455 454/206/454 
f 377/206/377 449/206/449 456/206/456 378/206/378 
f 449/206/449 450/206/450 457/206/457 456/206/456 
f 450/206/450 451/206/451 458/206/458 457/206/457 
f 451/206/451 452/206/452 459/206/459 458/206/458 
f 452/206/452 453/206/453 460/206/460 459/206/459 
f 453/206/453 454/206/454 461/206/461 460/206/460 
f 454/206/454 455/241/455 375/242/375 461/206/461 
f 372/205/372 462/243/462 463/206/463 
f 462/243/462 464/244/464 465/206/465 463/206/463 
f 464/244/464 466/245/466 467/206/467 465/206/465 
f 466/245/466 468/246/468 469/206/469 467/206/467 
f 468/246/468 470/247/470 471/206/471 469/206/469 
f 470/247/470 472/248/472 473/206/473 471/206/471 
f 472/248/472 387/249/387 474/206/474 473/206/473 
f 387/249/387 366/250/366 386/251/386 474/206/474 
f 372/205/372 463/206/463 475/206/475 
f 463/206/463 465/206/465 476/206/476 475/206/475 
f 465/206/465 467/206/467 477/206/477 476/206/476 
f 467/206/467 469/206/469 478/206/478 477/206/477 
f 469/206/469 471/206/471 479/206/479 478/206/478 
f 471/206/471 473/206/473 480/206/480 479/206/479 
f 473/206/473 474/206/474 481/206/481 480/206/480 
f 474/206/474 386/251/386 482/252/482 481/206/481 
f 372/205/372 475/206/475 483/206/483 
f 475/206/475 476/206/476 484/206/484 483/206/483 
f 476/206/476 477/206/477 485/206/485 484/206/484 
f 477/206/477 478/206/478 486/206/486 485/206/485 
f 478/206/478 479/206/479 487/206/487 486/206/486 
f 479/206/479 480/206/480 488/206/488 487/206/487 
f 480/206/480 481/206/481 489/206/489 488/206/488 
f 481/206/481 482/252/482 490/253/490 489/206/489 
f 372/205/372 483/206/483 491/206/491 
f 483/206/483 484/206/484 492/206/492 491/206/491 
f 484/206/484 485/206/485 493/206/493 492/206/492 
f 485/206/485 486/206/486 494/206/494 493/206/493 
f 486/206/486 487/206/487 495/206/495 494/206/494 
f 487/206/487 488/206/488 496/206/496 495/206/495 
f 488/206/488 489/206/489 497/206/497 496/206/496 
f 489/206/489 490/253/490 498/254/498 497/206/497 
f 372/205/372 491/206/491 499/206/499 
f 491/206/491 492/206/492 500/206/500 499/206/499 
f 492/206/492 493/206/493 501/206/501 500/206/500 
f 493/206/493 494/206/494 502/206/502 501/206/501 
f 494/206/494 495/206/495 503/206/503 502/206/502 
f 495/206/495 496/206/496 504/206/504 503/206/503 
f 496/206/496 497/206/497 505/206/505 504/206/504 
f 497/206/497 498/254/498 506/255/506 505/206/505 
f 372/205/372 499/206/499 507/206/507 
f 499/206/499 500/206/500 508/206/508 507/206/507 
f 500/206/500 501/206/501 509/206/509 508/206/508 
f 501/206/501 502/206/502 510/206/510 509/206/509 
f 502/206/502 503/206/503 511/206/511 510/206/510 
f 503/206/503 504/206/504 512/206/512 511/206/511 
f 504/206/504 505/206/505 513/206/513 512/206/512 
f 505/206/505 506/255/506 514/256/514 513/206/513 
f 372/205/372 507/206/507 379/206/379 
f 507/206/507 508/206/508 515/206/515 379/206/379 
f 508/206/508 509/206/509 516/206/516 515/206/515 
f 509/206/509 510/206/510 517/206/517 516/206/516 
f 510/206/510 511/206/511 518/206/518 517/206/517 
f 511/206/511 512/206/512 519/206/519 518/206/518 
f 512/206/512 513/206/513 520/206/520 519/206/519 
f 513/206/513 514/256/514 521/257/521 520/206/520 
f 379/206/379 515/206/515 522/206/522 380/206/380 
f 515/206/515 516/206/516 523/206/523 522/206/522 
f 516/206/516 517/206/517 524/206/524 523/206/523 
f 517/206/517 518/206/518 525/206/525 524/206/524 
f 518/206/518 519/206/519 526/206/526 525/206/525 
f 519/206/519 520/206/520 393/206/393 526/206/526 
f 520/206/520 521/257/521 369/258/369 393/206/393 
f 376/205/376 527/243/527 528/206/528 
f 527/243/527 529/244/529 530/206/530 528/206/528 
f 529/244/529 531/245/531 532/206/532 530/206/530 
f 531/245/531 533/246/533 534/206/534 532/206/532 
f 533/246/533 535/247/535 536/206/536 534/206/534 
f 535/247/535 537/248/537 538/206/538 536/206/536 
f 537/248/537 391/249/391 539/206/539 538/206/538 
f 391/249/391 368/250/368 390/251/390 539/206/539 
f 376/205/376 528/206/528 540/206/540 
f 528/206/528 530/206/530 541/206/541 540/206/540 
f 530/206/530 532/206/532 542/206/542 541/206/541 
f 532/206/532 534/206/534 543/206/543 542/206/542 
f 534/206/534 536/206/536 544/206/544 543/206/543 
f 536/206/536 538/206/538 545/206/545 544/206/544 
f 538/206/538 539/206/539 546/206/546 545/206/545 
f 539/206/539 390/251/390 547/252/547 546/206/546 
f 376/205/376 540/206/540 548/206/548 
f 540/206/540 541/206/541 549/206/549 548/206/548 
f 541/206/541 542/206/542 550/206/550 549/206/549 
f 542/206/542 543/206/543 551/206/551 550/206/550 
f 543/206/543 544/206/544 552/206/552 551/206/551 
f 544/206/544 545/206/545 553/206/553 552/206/552 
f 545/206/545 546/206/546 554/206/554 553/206/553 
f 546/206/546 547/252/547 555/253/555 554/206/554 
f 376/205/376 548/206/548 556/206/556 
f 548/206/548 549/206/549 557/206/557 556/206/556 
f 549/206/549 550/206/550 558/206/558 557/206/557 
f 550/206/550 551/206/551 559/206/559 558/206/558 
f 551/206/551 552/206/552 560/206/560 559/206/559 
f 552/206/552 553/206/553 561/206/561 560/206/560 
f 553/206/553 554/206/554 562/206/562 561/206/561 
f 554/206/554 555/253/555 563/254/563 562/206/562 
f 376/205/376 556/206/556 564/206/564 
f 556/206/556 557/206/557 565/206/565 564/206/564 
f 557/206/557 558/206/558 566/206/566 565/206/565 
f 558/206/558 559/206/559 567/206/567 566/206/566 
f 559/206/559 560/206/560 568/206/568 567/206/567 
f 560/206/560 561/206/561 569/206/569 568/206/568 
f 561/206/561 562/206/562 570/206/570 569/206/569 
f 562/206/562 563/254/563 571/255/571 570/206/570 
f 376/205/376 564/206/564 572/206/572 
f 564/206/564 565/206/565 573/206/573 572/206/572 
f 565/206/565 566/206/566 574/206/574 573/206/573 
f 566/206/566 567/206/567 575/206/575 574/206/574 
f 567/206/567 568/206/568 576/206/576 575/206/575 
f 568/206/568 569/206/569 577/206/577 576/206/576 
f 569/206/569 570/206/570 578/206/578 577/206/577 
f 570/206/570 571/255/571 579/256/579 578/206/578 
f 376/205/376 572/206/572 381/206/381 
f 572/206/572 573/206/573 580/206/580 381/206/381 
f 573/206/573 574/206/574 581/206/581 580/206/580 
f 574/206/574 575/206/575 582/206/582 581/206/581 
f 575/206/575 576/206/576 583/206/583 582/206/582 
f 576/206/576 577/206/577 584/206/584 583/206/583 
f 577/206/577 578/206/578 585/206/585 584/206/584 
f 578/206/578 579/256/579 586/257/586 585/206/585 
f 381/206/381 580/206/580 587/206/587 382/206/382 
f 580/206/580 581/206/581 588/206/588 587/206/587 
f 581/206/581 582/206/582 589/206/589 588/206/588 
f 582/206/582 583/206/583 590/206/590 589/206/589 
f 583/206/583 584/206/584 591/206/591 590/206/590 
f 584/206/584 585/206/585 395/206/395 591/206/591 
f 585/206/585 586/257/586 373/258/373 395/206/395 
f 374/201/374 592/227/592 593/206/593 
f 592/227/592 594/228/594 595/206/595 593/206/593 
f 594/228/594 596/229/596 597/206/597 595/206/595 
f 596/229/596 598/230/598 599/206/599 597/206/597 
f 598/230/598 600/231/600 601/206/601 599/206/599 
f 600/231/600 602/232/602 603/206/603 601/206/601 
f 602/232/602 389/233/389 604/206/604 603/206/603 
f 389/233/389 367/234/367 388/235/388 604/206/604 
f 374/201/374 593/206/593 605/206/605 
f 593/206/593 595/206/595 606/206/606 605/206/605 
f 595/206/595 597/206/597 607/206/607 606/206/606 
f 597/206/597 599/206/599 608/206/608 607/206/607 
f 599/206/599 601/206/601 609/206/609 608/206/608 
f 601/206/601 603/206/603 610/206/610 609/206/609 
f 603/206/603 604/206/604 611/206/611 610/206/610 
f 604/206/604 388/235/388 612/236/612 611/206/611 
f 374/201/374 605/206/605 613/206/613 
f 605/206/605 606/206/606 614/206/614 613/206/613 
f 606/206/606 607/206/607 615/206/615 614/206/614 
f 607/206/607 608/206/608 616/206/616 615/206/615 
f 608/206/608 609/206/609 617/206/617 616/206/616 
f 609/206/609 610/206/610 618/206/618 617/206/617 
f 610/206/610 611/206/611 619/206/619 618/206/618 
f 611/206/611 612/236/612 620/237/620 619/206/619 
f 374/201/374 613/206/613 621/206/621 
f 613/206/613 614/206/614 622/206/622 621/206/621 
f 614/206/614 615/206/615 623/206/623 622/206/622 
f 615/206/615 616/206/616 624/206/624 623/206/623 
f 616/206/616 617/206/617 625/206/625 624/206/624 
f 617/206/617 618/206/618 626/206/626 625/206/625 
f 618/206/618 619/206/619 627/206/627 626/206/626 
f 619/206/619 620/237/620 628/238/628 627/206/627 
f 374/201/374 621/206/621 629/206/629 
f 621/206/621 622/206/622 630/206/630 629/206/629 
f 622/206/622 623/206/623 631/206/631 630/206/630 
f 623/206/623 624/206/624 632/206/632 631/206/631 
f 624/206/624 625/206/625 633/206/633 632/206/632 
f 625/206/625 626/206/626 634/206/634 633/206/633 
f 626/206/626 627/206/627 635/206/635 634/206/634 
f 627/206/627 628/238/628 636/239/636 635/206/635 
f 374/201/374 629/206/629 637/206/637 
f 629/206/629 630/206/630 638/206/638 637/206/637 
f 630/206/630 631/206/631 639/206/639 638/206/638 
f 631/206/631 632/206/632 640/206/640 639/206/639 
f 632/206/632 633/206/633 641/206/641 640/206/640 
f 633/206/633 634/206/634 642/206/642 641/206/641 
f 634/206/634 635/206/635 643/206/643 642/206/642 
f 635/206/635 636/239/636 644/240/644 643/206/643 
f 374/201/374 637/206/637 383/206/383 
f 637/206/637 638/206/638 645/206/645 383/206/383 
f 638/206/638 639/206/639 646/206/646 645/206/645 
f 639/206/639 640/206/640 647/206/647 646/206/646 
f 640/206/640 641/206/641 648/206/648 647/206/647 
f 641/206/641 642/206/642 649/206/649 648/206/648 
f 642/206/642 643/206/643 650/206/650 649/206/649 
f 643/206/643 644/240/644 651/241/651 650/206/650 
f 383/206/383 645/206/645 652/206/652 384/206/384 
f 645/206/645 646/206/646 653/206/653 652/206/652 
f 646/206/646 647/206/647 654/206/654 653/206/653 
f 647/206/647 648/206/648 655/206/655 654/206/654 
f 648/206/648 649/206/649 656/206/656 655/206/655 
f 649/206/649 650/206/650 394/206/394 656/206/656 
f 650/206/650 651/241/651 371/242/371 394/206/394 
f 385/208/385 406/259/406 482/260/482 386/209/386 
f 406/259/406 404/261/404 490/262/490 482/260/482 
f 404/261/404 402/263/402 498/264/498 490/262/490 
f 402/263/402 400/265/400 506/266/506 498/264/498 
f 400/265/400 398/267/398 514/268/514 506/266/506 
f 398/267/398 396/269/396 521/270/521 514/268/514 
f 396/269/396 370/201/370 369/200/369 521/270/521 
f 387/212/387 472/271/472 612/272/612 388/213/388 
f 472/271/472 470/273/470 620/274/620 612/272/612 
f 470/273/470 468/275/468 628/276/628 620/274/620 
f 468/275/468 466/277/466 636/278/636 628/276/628 
f 466/277/466 464/279/464 644/280/644 636/278/636 
f 464/279/464 462/281/462 651/282/651 644/280/644 
f 462/281/462 372/205/372 371/204/371 651/282/651 
f 389/208/389 602/259/602 547/260/547 390/209/390 
f 602/259/602 600/261/600 555/262/555 547/260/547 
f 600/261/600 598/263/598 563/264/563 555/262/555 
f 598/263/598 596/265/596 571/266/571 563/264/563 
f 596/265/596 594/267/594 579/268/579 571/266/571 
f 594/267/594 592/269/592 586/270/586 579/268/579 
f 592/269/592 374/201/374 373/200/373 586/270/586 
f 391/212/391 537/271/537 416/272/416 392/213/392 
f 537/271/537 535/273/535 424/274/424 416/272/416 
f 535/273/535 533/275/533 432/276/432 424/274/424 
f 533/275/533 531/277/531 440/278/440 432/276/432 
f 531/277/531 529/279/529 448/280/448 440/278/440 
f 529/279/529 527/281/527 455/282/455 448/280/448 
f 527/281/527 376/205/376 375/204/375 455/282/455 
f 363/216/363 362/283/362 526/284/526 393/217/393 
f 362/283/362 361/285/361 525/286/525 526/284/526 
f 361/285/361 360/287/360 524/288/524 525/286/525 
f 360/287/360 359/289/359 523/290/523 524/288/524 
f 359/289/359 358/291/358 522/292/522 523/290/523 
f 358/291/358 357/293/357 380/294/380 522/292/522 
f 357/293/357 356/202/356 372/205/372 380/294/380 
f 378/220/378 456/295/456 331/296/331 330/221/330 
f 456/295/456 457/297/457 332/298/332 331/296/331 
f 457/297/457 458/299/458 333/300/333 332/298/332 
f 458/299/458 459/301/459 334/302/334 333/300/333 
f 459/301/459 460/303/460 335/304/335 334/302/334 
f 460/303/460 461/305/461 336/306/336 335/304/335 
f 461/305/461 375/204/375 337/203/337 336/306/336 
f 354/224/354 353/307/353 656/308/656 394/225/394 
f 353/307/353 352/309/352 655/310/655 656/308/656 
f 352/309/352 351/311/351 654/312/654 655/310/655 
f 351/311/351 350/313/350 653/314/653 654/312/654 
f 350/313/350 349/315/349 652/316/652 653/314/653 
f 349/315/349 348/317/348 384/318/384 652/316/652 
f 348/317/348 347/195/347 374/201/374 384/318/384 
f 345/216/345 344/283/344 591/284/591 395/217/395 
f 344/283/344 343/285/343 590/286/590 591/284/591 
f 343/285/343 342/287/342 589/288/589 590/286/590 
f 342/287/342 341/289/341 588/290/588 589/288/589 
f 341/289/341 340/291/340 587/292/587 588/290/588 
f 340/291/340 339/293/339 382/294/382 587/292/587 
f 339/293/339 338/202/338 376/205/376 382/294/382 
# 294 polygons - 32 triangles

#
# object Box025
#

v  31.7243 21.3806 42.1435
v  31.2459 21.3806 42.0365
v  30.8314 21.3806 41.7154
v  30.4806 21.3806 41.1803
v  30.1935 21.3806 40.4312
v  29.9703 21.3806 39.4680
v  29.8109 21.3806 38.2907
v  29.7152 21.3806 36.8995
v  29.6833 21.3806 35.2941
v  29.6833 21.3806 24.7059
v  29.7152 21.3806 23.1006
v  29.8109 21.3806 21.7093
v  29.9703 21.3806 20.5320
v  30.1935 21.3806 19.5688
v  30.4806 21.3806 18.8197
v  30.8314 21.3806 18.2846
v  31.2459 21.3806 17.9635
v  31.7243 21.3806 17.8565
v  48.2757 21.3806 17.8565
v  48.7541 21.3806 17.9635
v  49.1687 21.3806 18.2846
v  49.5195 21.3806 18.8197
v  49.8065 21.3806 19.5688
v  50.0297 21.3806 20.5320
v  50.1892 21.3806 21.7093
v  50.2848 21.3806 23.1006
v  50.3167 21.3806 24.7059
v  50.3167 21.3806 35.2941
v  50.2848 21.3806 36.8995
v  50.1892 21.3806 38.2907
v  50.0297 21.3806 39.4680
v  49.8065 21.3806 40.4312
v  49.5195 21.3806 41.1803
v  49.1687 21.3806 41.7154
v  48.7541 21.3806 42.0365
v  48.2757 21.3806 42.1435
v  31.7243 21.6755 35.2941
v  48.2757 21.6755 35.2941
v  48.2757 21.6755 24.7059
v  31.7243 21.6755 24.7059
v  48.2757 21.6718 42.1435
v  31.7243 21.6718 42.1435
v  50.3167 21.6718 24.7059
v  50.3167 21.6718 35.2941
v  31.7243 21.6718 17.8565
v  48.2757 21.6718 17.8565
v  29.6833 21.6718 35.2941
v  29.6833 21.6718 24.7059
v  31.2534 21.6720 42.0365
v  31.2459 21.6718 42.0365
v  50.2848 21.6720 36.8744
v  50.2848 21.6718 36.8995
v  29.7152 21.6720 23.1256
v  29.7152 21.6718 23.1006
v  48.7466 21.6720 17.9635
v  48.7541 21.6718 17.9635
v  31.7243 21.6754 36.8995
v  48.2757 21.6754 36.8995
v  48.7541 21.6754 35.2941
v  48.7541 21.6754 24.7059
v  48.2757 21.6754 23.1006
v  31.7243 21.6754 23.1006
v  31.2459 21.6754 24.7059
v  31.2459 21.6754 35.2941
v  48.7541 21.6718 42.0365
v  50.2848 21.6718 23.1006
v  31.2459 21.6718 17.9635
v  31.7243 21.6727 42.0365
v  31.6122 21.6727 42.0365
v  31.7243 21.6734 41.7154
v  31.5150 21.6734 41.7154
v  31.7243 21.6740 41.1803
v  31.4328 21.6740 41.1803
v  31.7243 21.6746 40.4312
v  31.3655 21.6745 40.4312
v  31.7243 21.6750 39.4680
v  31.3132 21.6749 39.4680
v  31.7243 21.6752 38.2907
v  31.2758 21.6752 38.2907
v  31.2534 21.6754 36.8995
v  31.5150 21.6726 42.0365
v  31.3336 21.6733 41.7154
v  31.1802 21.6739 41.1803
v  31.0546 21.6744 40.4312
v  30.9569 21.6748 39.4680
v  30.8872 21.6750 38.2907
v  30.8453 21.6752 36.8995
v  30.8314 21.6752 35.2941
v  31.4328 21.6726 42.0365
v  31.1802 21.6732 41.7154
v  30.9664 21.6737 41.1803
v  30.7915 21.6742 40.4312
v  30.6555 21.6745 39.4680
v  30.5583 21.6748 38.2907
v  30.5000 21.6749 36.8995
v  30.4806 21.6750 35.2941
v  31.3655 21.6725 42.0365
v  31.0546 21.6730 41.7154
v  30.7915 21.6735 41.1803
v  30.5762 21.6739 40.4312
v  30.4088 21.6742 39.4680
v  30.2892 21.6744 38.2907
v  30.2175 21.6745 36.8995
v  30.1935 21.6746 35.2941
v  31.3132 21.6723 42.0365
v  30.9569 21.6728 41.7154
v  30.6555 21.6732 41.1803
v  30.4088 21.6735 40.4312
v  30.2170 21.6737 39.4680
v  30.0799 21.6739 38.2907
v  29.9977 21.6740 36.8995
v  29.9703 21.6740 35.2941
v  31.2758 21.6722 42.0365
v  30.8872 21.6725 41.7154
v  30.5583 21.6728 41.1803
v  30.2892 21.6730 40.4312
v  30.0799 21.6732 39.4680
v  29.9304 21.6733 38.2907
v  29.8408 21.6734 36.8995
v  29.8109 21.6734 35.2941
v  30.8453 21.6722 41.7154
v  30.5000 21.6723 41.1803
v  30.2175 21.6725 40.4312
v  29.9977 21.6726 39.4680
v  29.8408 21.6726 38.2907
v  29.7466 21.6727 36.8995
v  29.7152 21.6727 35.2941
v  30.8314 21.6718 41.7154
v  30.4806 21.6718 41.1803
v  30.1935 21.6718 40.4312
v  29.9703 21.6718 39.4680
v  29.8109 21.6718 38.2907
v  29.7152 21.6718 36.8995
v  50.2848 21.6727 35.2941
v  50.2848 21.6727 35.6704
v  50.1892 21.6734 35.2941
v  50.1892 21.6734 35.9965
v  50.0297 21.6740 35.2941
v  50.0297 21.6740 36.2724
v  49.8065 21.6746 35.2941
v  49.8065 21.6745 36.4981
v  49.5195 21.6750 35.2941
v  49.5195 21.6749 36.6737
v  49.1687 21.6752 35.2941
v  49.1687 21.6752 36.7991
v  48.7541 21.6754 36.8744
v  50.2848 21.6726 35.9965
v  50.1892 21.6733 36.6051
v  50.0297 21.6739 37.1202
v  49.8065 21.6744 37.5416
v  49.5195 21.6748 37.8693
v  49.1687 21.6750 38.1034
v  48.7541 21.6752 38.2439
v  48.2757 21.6752 38.2907
v  50.2848 21.6726 36.2724
v  50.1892 21.6732 37.1202
v  50.0297 21.6737 37.8376
v  49.8065 21.6742 38.4245
v  49.5195 21.6745 38.8810
v  49.1687 21.6748 39.2071
v  48.7541 21.6749 39.4028
v  48.2757 21.6750 39.4680
v  50.2848 21.6725 36.4981
v  50.1892 21.6730 37.5416
v  50.0297 21.6735 38.4245
v  49.8065 21.6739 39.1469
v  49.5195 21.6742 39.7088
v  49.1687 21.6744 40.1101
v  48.7541 21.6745 40.3509
v  48.2757 21.6746 40.4312
v  50.2848 21.6723 36.6737
v  50.1892 21.6728 37.8693
v  50.0297 21.6732 38.8810
v  49.8065 21.6735 39.7088
v  49.5195 21.6737 40.3526
v  49.1687 21.6739 40.8124
v  48.7541 21.6740 41.0883
v  48.2757 21.6740 41.1803
v  50.2848 21.6722 36.7991
v  50.1892 21.6725 38.1034
v  50.0297 21.6728 39.2071
v  49.8065 21.6730 40.1101
v  49.5195 21.6732 40.8124
v  49.1687 21.6733 41.3141
v  48.7541 21.6734 41.6151
v  48.2757 21.6734 41.7154
v  50.1892 21.6722 38.2439
v  50.0297 21.6723 39.4028
v  49.8065 21.6725 40.3509
v  49.5195 21.6726 41.0883
v  49.1687 21.6726 41.6151
v  48.7541 21.6727 41.9311
v  48.2757 21.6727 42.0365
v  50.1892 21.6718 38.2907
v  50.0297 21.6718 39.4680
v  49.8065 21.6718 40.4312
v  49.5195 21.6718 41.1803
v  49.1687 21.6718 41.7154
v  29.7152 21.6727 24.7059
v  29.7152 21.6727 24.3296
v  29.8109 21.6734 24.7059
v  29.8109 21.6734 24.0035
v  29.9703 21.6740 24.7059
v  29.9703 21.6740 23.7276
v  30.1935 21.6746 24.7059
v  30.1935 21.6745 23.5019
v  30.4806 21.6750 24.7059
v  30.4806 21.6749 23.3263
v  30.8314 21.6752 24.7059
v  30.8314 21.6752 23.2009
v  31.2459 21.6754 23.1256
v  29.7152 21.6726 24.0035
v  29.8109 21.6733 23.3949
v  29.9703 21.6739 22.8798
v  30.1935 21.6744 22.4584
v  30.4806 21.6748 22.1307
v  30.8314 21.6750 21.8966
v  31.2459 21.6752 21.7561
v  31.7243 21.6752 21.7093
v  29.7152 21.6726 23.7276
v  29.8109 21.6732 22.8798
v  29.9703 21.6737 22.1624
v  30.1935 21.6742 21.5755
v  30.4806 21.6745 21.1190
v  30.8314 21.6748 20.7929
v  31.2459 21.6749 20.5973
v  31.7243 21.6750 20.5320
v  29.7152 21.6725 23.5019
v  29.8109 21.6730 22.4584
v  29.9703 21.6735 21.5755
v  30.1935 21.6739 20.8531
v  30.4806 21.6742 20.2912
v  30.8314 21.6744 19.8899
v  31.2459 21.6745 19.6491
v  31.7243 21.6746 19.5688
v  29.7152 21.6723 23.3263
v  29.8109 21.6728 22.1307
v  29.9703 21.6732 21.1190
v  30.1935 21.6735 20.2912
v  30.4806 21.6737 19.6474
v  30.8314 21.6739 19.1876
v  31.2459 21.6740 18.9117
v  31.7243 21.6740 18.8197
v  29.7152 21.6722 23.2009
v  29.8109 21.6725 21.8966
v  29.9703 21.6728 20.7929
v  30.1935 21.6730 19.8899
v  30.4806 21.6732 19.1876
v  30.8314 21.6733 18.6859
v  31.2459 21.6734 18.3849
v  31.7243 21.6734 18.2846
v  29.8109 21.6722 21.7561
v  29.9703 21.6723 20.5973
v  30.1935 21.6725 19.6491
v  30.4806 21.6726 18.9117
v  30.8314 21.6726 18.3849
v  31.2459 21.6727 18.0689
v  31.7243 21.6727 17.9635
v  29.8109 21.6718 21.7093
v  29.9703 21.6718 20.5320
v  30.1935 21.6718 19.5688
v  30.4806 21.6718 18.8197
v  30.8314 21.6718 18.2846
v  48.2757 21.6727 17.9635
v  48.3878 21.6727 17.9635
v  48.2757 21.6734 18.2846
v  48.4850 21.6734 18.2846
v  48.2757 21.6740 18.8197
v  48.5672 21.6740 18.8197
v  48.2757 21.6746 19.5688
v  48.6345 21.6745 19.5688
v  48.2757 21.6750 20.5320
v  48.6868 21.6749 20.5320
v  48.2757 21.6752 21.7093
v  48.7242 21.6752 21.7093
v  48.7466 21.6754 23.1006
v  48.4850 21.6726 17.9635
v  48.6664 21.6733 18.2846
v  48.8199 21.6739 18.8197
v  48.9454 21.6744 19.5688
v  49.0431 21.6748 20.5320
v  49.1128 21.6750 21.7093
v  49.1547 21.6752 23.1006
v  49.1687 21.6752 24.7059
v  48.5672 21.6726 17.9635
v  48.8199 21.6732 18.2846
v  49.0336 21.6737 18.8197
v  49.2085 21.6742 19.5688
v  49.3446 21.6745 20.5320
v  49.4417 21.6748 21.7093
v  49.5000 21.6749 23.1006
v  49.5195 21.6750 24.7059
v  48.6345 21.6725 17.9635
v  48.9454 21.6730 18.2846
v  49.2085 21.6735 18.8197
v  49.4238 21.6739 19.5688
v  49.5912 21.6742 20.5320
v  49.7108 21.6744 21.7093
v  49.7825 21.6745 23.1006
v  49.8065 21.6746 24.7059
v  48.6868 21.6723 17.9635
v  49.0431 21.6728 18.2846
v  49.3446 21.6732 18.8197
v  49.5912 21.6735 19.5688
v  49.7830 21.6737 20.5320
v  49.9201 21.6739 21.7093
v  50.0023 21.6740 23.1006
v  50.0297 21.6740 24.7059
v  48.7242 21.6722 17.9635
v  49.1128 21.6725 18.2846
v  49.4417 21.6728 18.8197
v  49.7108 21.6730 19.5688
v  49.9201 21.6732 20.5320
v  50.0696 21.6733 21.7093
v  50.1593 21.6734 23.1006
v  50.1892 21.6734 24.7059
v  49.1547 21.6722 18.2846
v  49.5000 21.6723 18.8197
v  49.7825 21.6725 19.5688
v  50.0023 21.6726 20.5320
v  50.1593 21.6726 21.7093
v  50.2534 21.6727 23.1006
v  50.2848 21.6727 24.7059
v  49.1687 21.6718 18.2846
v  49.5195 21.6718 18.8197
v  49.8065 21.6718 19.5688
v  50.0297 21.6718 20.5320
v  50.1892 21.6718 21.7093
# 328 vertices

vn -0.0238 -0.6997 0.7140
vn -0.1059 -0.6896 0.7164
vn -0.2337 -0.6853 0.6897
vn -0.3786 -0.6817 0.6261
vn -0.5183 -0.6802 0.5183
vn -0.6261 -0.6817 0.3786
vn -0.6897 -0.6853 0.2337
vn -0.7165 -0.6895 0.1059
vn -0.7140 -0.6997 0.0238
vn -0.7140 -0.6997 -0.0238
vn -0.7165 -0.6895 -0.1059
vn -0.6897 -0.6853 -0.2337
vn -0.6261 -0.6817 -0.3786
vn -0.5183 -0.6802 -0.5183
vn -0.3786 -0.6817 -0.6261
vn -0.2337 -0.6853 -0.6897
vn -0.1059 -0.6896 -0.7164
vn -0.0238 -0.6997 -0.7140
vn 0.0238 -0.6997 -0.7140
vn 0.1059 -0.6896 -0.7164
vn 0.2337 -0.6853 -0.6897
vn 0.3786 -0.6817 -0.6261
vn 0.5183 -0.6802 -0.5183
vn 0.6261 -0.6817 -0.3786
vn 0.6897 -0.6853 -0.2337
vn 0.7165 -0.6895 -0.1059
vn 0.7140 -0.6997 -0.0238
vn 0.7140 -0.6997 0.0238
vn 0.7165 -0.6895 0.1059
vn 0.6897 -0.6853 0.2337
vn 0.6261 -0.6817 0.3786
vn 0.5183 -0.6802 0.5183
vn 0.3786 -0.6817 0.6261
vn 0.2337 -0.6853 0.6897
vn 0.1059 -0.6896 0.7164
vn 0.0238 -0.6997 0.7140
vn -0.0332 0.9989 0.0332
vn 0.0332 0.9989 0.0332
vn 0.0332 0.9989 -0.0332
vn -0.0332 0.9989 -0.0332
vn 0.0332 0.0332 0.9989
vn -0.0267 0.0267 0.9993
vn 0.9989 0.0332 -0.0332
vn 0.9993 0.0267 0.0267
vn -0.0332 0.0332 -0.9989
vn 0.0267 0.0267 -0.9993
vn -0.9989 0.0332 0.0332
vn -0.9993 0.0267 -0.0267
vn -0.1475 0.0214 0.9888
vn -0.1478 0.0050 0.9890
vn 0.9888 0.0214 0.1475
vn 0.9890 0.0050 0.1478
vn -0.9888 0.0214 -0.1475
vn -0.9890 0.0050 -0.1478
vn 0.1475 0.0214 -0.9888
vn 0.1478 0.0050 -0.9890
vn -0.0329 0.9888 0.1458
vn 0.0335 0.9887 0.1462
vn 0.1458 0.9888 0.0329
vn 0.1462 0.9887 -0.0335
vn 0.0329 0.9888 -0.1458
vn -0.0335 0.9887 -0.1462
vn -0.1458 0.9888 -0.0329
vn -0.1462 0.9887 0.0335
vn 0.1458 0.0329 0.9888
vn 0.9888 0.0329 -0.1458
vn -0.1458 0.0329 -0.9888
vn -0.0050 0.1478 0.9890
vn -0.0214 0.1475 0.9888
vn -0.0108 0.3228 0.9464
vn -0.0467 0.3198 0.9463
vn -0.0173 0.5192 0.8545
vn -0.0754 0.5133 0.8549
vn -0.0236 0.7082 0.7056
vn -0.1032 0.6999 0.7067
vn -0.0285 0.8560 0.5161
vn -0.1252 0.8463 0.5178
vn -0.0315 0.9468 0.3201
vn -0.1387 0.9366 0.3217
vn -0.1449 0.9785 0.1467
vn -0.0466 0.1396 0.9891
vn -0.1015 0.3022 0.9478
vn -0.1638 0.4858 0.8586
vn -0.2247 0.6645 0.7127
vn -0.2734 0.8064 0.5244
vn -0.3037 0.8949 0.3269
vn -0.3178 0.9363 0.1494
vn -0.3210 0.9465 0.0341
vn -0.0745 0.1243 0.9894
vn -0.1617 0.2688 0.9495
vn -0.2611 0.4331 0.8627
vn -0.3592 0.5947 0.7193
vn -0.4382 0.7247 0.5317
vn -0.4882 0.8068 0.3327
vn -0.5117 0.8455 0.1524
vn -0.5173 0.8551 0.0349
vn -0.1018 0.1018 0.9896
vn -0.2202 0.2202 0.9503
vn -0.3554 0.3554 0.8645
vn -0.4891 0.4892 0.7221
vn -0.5974 0.5974 0.5350
vn -0.6662 0.6662 0.3353
vn -0.6987 0.6987 0.1537
vn -0.7067 0.7067 0.0352
vn -0.1243 0.0745 0.9894
vn -0.2688 0.1617 0.9495
vn -0.4330 0.2610 0.8627
vn -0.5947 0.3591 0.7193
vn -0.7247 0.4383 0.5317
vn -0.8068 0.4882 0.3327
vn -0.8455 0.5117 0.1524
vn -0.8551 0.5173 0.0349
vn -0.1396 0.0466 0.9891
vn -0.3022 0.1015 0.9478
vn -0.4858 0.1638 0.8586
vn -0.6645 0.2247 0.7127
vn -0.8064 0.2734 0.5244
vn -0.8949 0.3037 0.3269
vn -0.9363 0.3178 0.1494
vn -0.9465 0.3210 0.0341
vn -0.3198 0.0467 0.9463
vn -0.5133 0.0754 0.8549
vn -0.6999 0.1032 0.7067
vn -0.8463 0.1252 0.5178
vn -0.9366 0.1387 0.3217
vn -0.9785 0.1449 0.1467
vn -0.9887 0.1462 0.0335
vn -0.3228 0.0108 0.9464
vn -0.5191 0.0173 0.8545
vn -0.7082 0.0236 0.7056
vn -0.8560 0.0285 0.5161
vn -0.9468 0.0315 0.3201
vn -0.9888 0.0329 0.1458
vn 0.9890 0.1478 0.0050
vn 0.9888 0.1475 0.0214
vn 0.9464 0.3228 0.0108
vn 0.9463 0.3198 0.0467
vn 0.8545 0.5192 0.0173
vn 0.8549 0.5133 0.0754
vn 0.7056 0.7082 0.0236
vn 0.7067 0.6999 0.1032
vn 0.5161 0.8560 0.0285
vn 0.5178 0.8463 0.1252
vn 0.3201 0.9468 0.0315
vn 0.3217 0.9366 0.1387
vn 0.1467 0.9785 0.1449
vn 0.9891 0.1396 0.0466
vn 0.9478 0.3022 0.1015
vn 0.8586 0.4858 0.1638
vn 0.7127 0.6645 0.2247
vn 0.5244 0.8064 0.2734
vn 0.3269 0.8949 0.3037
vn 0.1494 0.9363 0.3178
vn 0.0341 0.9465 0.3210
vn 0.9894 0.1243 0.0745
vn 0.9495 0.2688 0.1617
vn 0.8627 0.4331 0.2611
vn 0.7193 0.5947 0.3591
vn 0.5317 0.7247 0.4382
vn 0.3327 0.8068 0.4882
vn 0.1524 0.8455 0.5117
vn 0.0349 0.8551 0.5173
vn 0.9896 0.1018 0.1018
vn 0.9503 0.2202 0.2202
vn 0.8645 0.3554 0.3554
vn 0.7221 0.4892 0.4891
vn 0.5350 0.5974 0.5974
vn 0.3353 0.6662 0.6662
vn 0.1537 0.6987 0.6987
vn 0.0352 0.7067 0.7067
vn 0.9894 0.0745 0.1243
vn 0.9495 0.1617 0.2688
vn 0.8627 0.2610 0.4330
vn 0.7193 0.3591 0.5947
vn 0.5317 0.4382 0.7247
vn 0.3327 0.4882 0.8068
vn 0.1524 0.5117 0.8455
vn 0.0349 0.5173 0.8551
vn 0.9891 0.0466 0.1396
vn 0.9478 0.1015 0.3022
vn 0.8586 0.1638 0.4858
vn 0.7127 0.2247 0.6645
vn 0.5244 0.2734 0.8064
vn 0.3269 0.3037 0.8949
vn 0.1494 0.3178 0.9363
vn 0.0341 0.3210 0.9465
vn 0.9463 0.0467 0.3198
vn 0.8549 0.0754 0.5133
vn 0.7067 0.1032 0.6999
vn 0.5178 0.1252 0.8463
vn 0.3217 0.1387 0.9366
vn 0.1467 0.1449 0.9785
vn 0.0335 0.1462 0.9887
vn 0.9464 0.0108 0.3228
vn 0.8545 0.0173 0.5192
vn 0.7056 0.0236 0.7082
vn 0.5161 0.0285 0.8560
vn 0.3201 0.0315 0.9468
vn -0.9890 0.1478 -0.0050
vn -0.9888 0.1475 -0.0214
vn -0.9464 0.3228 -0.0108
vn -0.9463 0.3198 -0.0467
vn -0.8545 0.5192 -0.0173
vn -0.8549 0.5133 -0.0754
vn -0.7056 0.7082 -0.0236
vn -0.7067 0.6999 -0.1032
vn -0.5161 0.8560 -0.0285
vn -0.5178 0.8463 -0.1252
vn -0.3201 0.9468 -0.0315
vn -0.3217 0.9366 -0.1387
vn -0.1467 0.9785 -0.1449
vn -0.9891 0.1396 -0.0466
vn -0.9478 0.3022 -0.1015
vn -0.8586 0.4858 -0.1638
vn -0.7127 0.6645 -0.2247
vn -0.5244 0.8064 -0.2734
vn -0.3269 0.8949 -0.3037
vn -0.1494 0.9363 -0.3178
vn -0.0341 0.9465 -0.3210
vn -0.9894 0.1243 -0.0745
vn -0.9495 0.2688 -0.1617
vn -0.8627 0.4331 -0.2611
vn -0.7193 0.5947 -0.3591
vn -0.5317 0.7247 -0.4382
vn -0.3327 0.8068 -0.4882
vn -0.1524 0.8455 -0.5117
vn -0.0349 0.8551 -0.5173
vn -0.9896 0.1018 -0.1018
vn -0.9503 0.2202 -0.2202
vn -0.8645 0.3554 -0.3554
vn -0.7221 0.4892 -0.4891
vn -0.5350 0.5974 -0.5974
vn -0.3353 0.6662 -0.6662
vn -0.1537 0.6987 -0.6987
vn -0.0352 0.7067 -0.7067
vn -0.9894 0.0745 -0.1243
vn -0.9495 0.1617 -0.2688
vn -0.8627 0.2610 -0.4330
vn -0.7193 0.3591 -0.5947
vn -0.5317 0.4382 -0.7247
vn -0.3327 0.4882 -0.8068
vn -0.1524 0.5117 -0.8455
vn -0.0349 0.5173 -0.8551
vn -0.9891 0.0466 -0.1396
vn -0.9478 0.1015 -0.3022
vn -0.8586 0.1638 -0.4858
vn -0.7127 0.2247 -0.6645
vn -0.5244 0.2734 -0.8064
vn -0.3269 0.3037 -0.8949
vn -0.1494 0.3178 -0.9363
vn -0.0341 0.3210 -0.9465
vn -0.9463 0.0467 -0.3198
vn -0.8549 0.0754 -0.5133
vn -0.7067 0.1032 -0.6999
vn -0.5178 0.1252 -0.8463
vn -0.3217 0.1387 -0.9366
vn -0.1467 0.1449 -0.9785
vn -0.0335 0.1462 -0.9887
vn -0.9464 0.0108 -0.3228
vn -0.8545 0.0173 -0.5192
vn -0.7056 0.0236 -0.7082
vn -0.5161 0.0285 -0.8560
vn -0.3201 0.0315 -0.9468
vn 0.0050 0.1478 -0.9890
vn 0.0214 0.1475 -0.9888
vn 0.0108 0.3228 -0.9464
vn 0.0467 0.3198 -0.9463
vn 0.0173 0.5192 -0.8545
vn 0.0754 0.5133 -0.8549
vn 0.0236 0.7082 -0.7056
vn 0.1032 0.6999 -0.7067
vn 0.0285 0.8560 -0.5161
vn 0.1252 0.8463 -0.5178
vn 0.0315 0.9468 -0.3201
vn 0.1387 0.9366 -0.3217
vn 0.1449 0.9785 -0.1467
vn 0.0466 0.1396 -0.9891
vn 0.1015 0.3022 -0.9478
vn 0.1638 0.4858 -0.8586
vn 0.2247 0.6645 -0.7127
vn 0.2734 0.8064 -0.5244
vn 0.3037 0.8949 -0.3269
vn 0.3178 0.9363 -0.1494
vn 0.3210 0.9465 -0.0341
vn 0.0745 0.1243 -0.9894
vn 0.1617 0.2688 -0.9495
vn 0.2611 0.4331 -0.8627
vn 0.3592 0.5947 -0.7193
vn 0.4382 0.7247 -0.5317
vn 0.4882 0.8068 -0.3327
vn 0.5117 0.8455 -0.1524
vn 0.5173 0.8551 -0.0349
vn 0.1018 0.1018 -0.9896
vn 0.2202 0.2202 -0.9503
vn 0.3554 0.3554 -0.8645
vn 0.4891 0.4892 -0.7221
vn 0.5974 0.5974 -0.5350
vn 0.6662 0.6662 -0.3353
vn 0.6987 0.6987 -0.1537
vn 0.7067 0.7067 -0.0352
vn 0.1243 0.0745 -0.9894
vn 0.2688 0.1617 -0.9495
vn 0.4330 0.2610 -0.8627
vn 0.5947 0.3591 -0.7193
vn 0.7247 0.4383 -0.5317
vn 0.8068 0.4882 -0.3327
vn 0.8455 0.5117 -0.1524
vn 0.8551 0.5173 -0.0349
vn 0.1396 0.0466 -0.9891
vn 0.3022 0.1015 -0.9478
vn 0.4858 0.1638 -0.8586
vn 0.6645 0.2247 -0.7127
vn 0.8064 0.2734 -0.5244
vn 0.8949 0.3037 -0.3269
vn 0.9363 0.3178 -0.1494
vn 0.9465 0.3210 -0.0341
vn 0.3198 0.0467 -0.9463
vn 0.5133 0.0754 -0.8549
vn 0.6999 0.1032 -0.7067
vn 0.8463 0.1252 -0.5178
vn 0.9366 0.1387 -0.3217
vn 0.9785 0.1449 -0.1467
vn 0.9887 0.1462 -0.0335
vn 0.3228 0.0108 -0.9464
vn 0.5191 0.0173 -0.8545
vn 0.7082 0.0236 -0.7056
vn 0.8560 0.0285 -0.5161
vn 0.9468 0.0315 -0.3201
# 328 vertex normals

vt 0.9011 0.0000 0.0000
vt 0.9243 0.0044 0.0000
vt 0.9444 0.0176 0.0000
vt 0.9614 0.0397 0.0000
vt 0.9753 0.0705 0.0000
vt 0.9861 0.1102 0.0000
vt 0.9938 0.1586 0.0000
vt 0.9985 0.2159 0.0000
vt 1.0000 0.2820 0.0000
vt 1.0000 0.7180 0.0000
vt 0.9985 0.7841 0.0000
vt 0.9938 0.8414 0.0000
vt 0.9861 0.8898 0.0000
vt 0.9753 0.9295 0.0000
vt 0.9614 0.9603 0.0000
vt 0.9444 0.9824 0.0000
vt 0.9243 0.9956 0.0000
vt 0.9011 1.0000 0.0000
vt 0.0989 1.0000 0.0000
vt 0.0757 0.9956 0.0000
vt 0.0556 0.9824 0.0000
vt 0.0386 0.9603 0.0000
vt 0.0247 0.9295 0.0000
vt 0.0139 0.8898 0.0000
vt 0.0062 0.8414 0.0000
vt 0.0015 0.7841 0.0000
vt 0.0000 0.7180 0.0000
vt 0.0000 0.2820 0.0000
vt 0.0015 0.2159 0.0000
vt 0.0062 0.1586 0.0000
vt 0.0139 0.1102 0.0000
vt 0.0247 0.0705 0.0000
vt 0.0386 0.0397 0.0000
vt 0.0556 0.0176 0.0000
vt 0.0757 0.0044 0.0000
vt 0.0989 0.0000 0.0000
vt 0.0989 0.2820 0.0000
vt 0.9011 0.2820 0.0000
vt 0.9011 0.7180 0.0000
vt 0.0989 0.7180 0.0000
vt 0.9011 0.9876 0.0000
vt 0.0989 0.9876 0.0000
vt 0.2820 0.0000 0.0000
vt 0.7180 0.0000 0.0000
vt 0.7180 0.9876 0.0000
vt 0.2820 0.9876 0.0000
vt 0.0000 1.0000 0.0000
vt 0.0989 1.2636 0.0000
vt 0.0989 1.2291 0.0000
vt 0.9011 1.2291 0.0000
vt 0.9011 1.2636 0.0000
vt 0.2820 0.5888 0.0000
vt 0.2820 0.6387 0.0000
vt 0.7180 0.6387 0.0000
vt 0.7180 0.5888 0.0000
vt 0.0858 -0.0039 0.0000
vt 0.1103 -0.0034 0.0000
vt 0.1124 0.9842 0.0000
vt 0.0882 0.9837 0.0000
vt 0.9118 0.9837 0.0000
vt 0.8876 0.9842 0.0000
vt 0.8897 -0.0034 0.0000
vt 0.9142 -0.0039 0.0000
vt 0.2443 -0.0106 0.0000
vt 0.2261 -0.0092 0.0000
vt 0.2204 0.9786 0.0000
vt 0.2378 0.9773 0.0000
vt 0.0730 0.9914 0.0000
vt 0.0448 0.9966 0.0000
vt 0.0143 1.0032 0.0000
vt -0.0186 1.0113 0.0000
vt -0.0537 1.0207 0.0000
vt -0.0912 1.0315 0.0000
vt -0.1310 1.0438 0.0000
vt -0.1732 1.0574 0.0000
vt -0.1353 1.0420 0.0000
vt -0.1082 1.0243 0.0000
vt -0.0920 1.0044 0.0000
vt -0.0866 0.9824 0.0000
vt -0.0920 0.9581 0.0000
vt -0.1082 0.9316 0.0000
vt -0.1353 0.9029 0.0000
vt -0.1732 0.8720 0.0000
vt 0.2188 0.9928 0.0000
vt 0.1702 1.0022 0.0000
vt 0.1362 1.0157 0.0000
vt 0.1168 1.0334 0.0000
vt 0.1121 1.0552 0.0000
vt 0.1219 1.0813 0.0000
vt 0.1463 1.1115 0.0000
vt 0.1854 1.1458 0.0000
vt 0.1411 1.1107 0.0000
vt 0.1009 1.0783 0.0000
vt 0.0648 1.0486 0.0000
vt 0.0328 1.0215 0.0000
vt 0.0049 0.9971 0.0000
vt -0.0189 0.9755 0.0000
vt -0.0387 0.9565 0.0000
vt -0.0543 0.9402 0.0000
vt 0.0989 1.1946 0.0000
vt 0.9011 1.1946 0.0000
vt 0.0989 1.1601 0.0000
vt 0.9011 1.1601 0.0000
vt 0.0989 1.1256 0.0000
vt 0.9011 1.1256 0.0000
vt 0.0989 1.0911 0.0000
vt 0.9011 1.0911 0.0000
vt 0.0989 1.0566 0.0000
vt 0.9011 1.0566 0.0000
vt 0.0989 1.0221 0.0000
vt 0.9011 1.0221 0.0000
vt 0.2820 0.6885 0.0000
vt 0.7180 0.6885 0.0000
vt 0.2820 0.7384 0.0000
vt 0.7180 0.7384 0.0000
vt 0.2820 0.7882 0.0000
vt 0.7180 0.7882 0.0000
vt 0.2820 0.8381 0.0000
vt 0.7180 0.8381 0.0000
vt 0.2820 0.8879 0.0000
vt 0.7180 0.8879 0.0000
vt 0.2820 0.9378 0.0000
vt 0.7180 0.9378 0.0000
vt 0.1349 -0.0029 0.0000
vt 0.1366 0.9847 0.0000
vt 0.1594 -0.0024 0.0000
vt 0.1609 0.9852 0.0000
vt 0.1839 -0.0020 0.0000
vt 0.1851 0.9857 0.0000
vt 0.2084 -0.0015 0.0000
vt 0.2093 0.9862 0.0000
vt 0.2330 -0.0010 0.0000
vt 0.2336 0.9867 0.0000
vt 0.2575 -0.0005 0.0000
vt 0.2578 0.9871 0.0000
vt 0.8634 0.9847 0.0000
vt 0.8651 -0.0029 0.0000
vt 0.8391 0.9852 0.0000
vt 0.8406 -0.0024 0.0000
vt 0.8149 0.9857 0.0000
vt 0.8161 -0.0020 0.0000
vt 0.7907 0.9862 0.0000
vt 0.7916 -0.0015 0.0000
vt 0.7664 0.9867 0.0000
vt 0.7670 -0.0010 0.0000
vt 0.7422 0.9871 0.0000
vt 0.7425 -0.0005 0.0000
vt 0.2079 -0.0079 0.0000
vt 0.2031 0.9799 0.0000
vt 0.1898 -0.0066 0.0000
vt 0.1857 0.9812 0.0000
vt 0.1716 -0.0053 0.0000
vt 0.1684 0.9825 0.0000
vt 0.1534 -0.0040 0.0000
vt 0.1510 0.9838 0.0000
vt 0.1353 -0.0026 0.0000
vt 0.1336 0.9851 0.0000
vt 0.1171 -0.0013 0.0000
vt 0.1163 0.9863 0.0000
# 159 texture coords

o Box025
g Box025
usemtl wire_062062062
s 1
f 657/319/657 658/320/658 659/321/659 660/322/660 661/323/661 662/324/662 663/325/663 664/326/664 665/327/665 666/328/666 667/329/667 668/330/668 669/331/669 670/332/670 671/333/671 672/334/672 673/335/673 674/336/674 675/337/675 676/338/676 677/339/677 678/340/678 679/341/679 680/342/680 681/343/681 682/344/682 683/345/683 684/346/684 685/347/685 686/348/686 687/349/687 688/350/688 689/351/689 690/352/690 691/353/691 692/354/692 
s 2
f 693/355/693 694/356/694 695/357/695 696/358/696 
f 657/354/657 692/319/692 697/359/697 698/360/698 
f 684/361/684 683/362/683 699/363/699 700/364/700 
f 675/354/675 674/319/674 701/359/701 702/360/702 
f 666/361/666 665/362/665 703/363/703 704/364/704 
f 698/360/698 705/365/705 706/365/706 
f 700/364/700 707/365/707 708/365/708 
f 704/364/704 709/365/709 710/365/710 
f 702/360/702 711/365/711 712/365/712 
f 693/366/693 713/367/713 714/368/714 694/369/694 
f 694/370/694 715/371/715 716/372/716 695/373/695 
f 695/366/695 717/367/717 718/368/718 696/369/696 
f 696/370/696 719/371/719 720/372/720 693/373/693 
f 692/374/692 691/375/691 721/376/721 697/377/697 
f 698/378/698 706/379/706 658/380/658 657/381/657 
f 683/382/683 682/383/682 722/384/722 699/385/699 
f 674/374/674 673/375/673 723/376/723 701/377/701 
f 698/360/698 724/386/724 725/365/725 
f 724/386/724 726/387/726 727/365/727 725/365/725 
f 726/387/726 728/388/728 729/365/729 727/365/727 
f 728/388/728 730/389/730 731/365/731 729/365/729 
f 730/389/730 732/390/732 733/365/733 731/365/731 
f 732/390/732 734/391/734 735/365/735 733/365/733 
f 734/391/734 713/392/713 736/365/736 735/365/735 
f 713/392/713 693/393/693 720/394/720 736/365/736 
f 698/360/698 725/365/725 737/365/737 
f 725/365/725 727/365/727 738/365/738 737/365/737 
f 727/365/727 729/365/729 739/365/739 738/365/738 
f 729/365/729 731/365/731 740/365/740 739/365/739 
f 731/365/731 733/365/733 741/365/741 740/365/740 
f 733/365/733 735/365/735 742/365/742 741/365/741 
f 735/365/735 736/365/736 743/365/743 742/365/742 
f 736/365/736 720/394/720 744/395/744 743/365/743 
f 698/360/698 737/365/737 745/365/745 
f 737/365/737 738/365/738 746/365/746 745/365/745 
f 738/365/738 739/365/739 747/365/747 746/365/746 
f 739/365/739 740/365/740 748/365/748 747/365/747 
f 740/365/740 741/365/741 749/365/749 748/365/748 
f 741/365/741 742/365/742 750/365/750 749/365/749 
f 742/365/742 743/365/743 751/365/751 750/365/750 
f 743/365/743 744/395/744 752/396/752 751/365/751 
f 698/360/698 745/365/745 753/365/753 
f 745/365/745 746/365/746 754/365/754 753/365/753 
f 746/365/746 747/365/747 755/365/755 754/365/754 
f 747/365/747 748/365/748 756/365/756 755/365/755 
f 748/365/748 749/365/749 757/365/757 756/365/756 
f 749/365/749 750/365/750 758/365/758 757/365/757 
f 750/365/750 751/365/751 759/365/759 758/365/758 
f 751/365/751 752/396/752 760/397/760 759/365/759 
f 698/360/698 753/365/753 761/365/761 
f 753/365/753 754/365/754 762/365/762 761/365/761 
f 754/365/754 755/365/755 763/365/763 762/365/762 
f 755/365/755 756/365/756 764/365/764 763/365/763 
f 756/365/756 757/365/757 765/365/765 764/365/764 
f 757/365/757 758/365/758 766/365/766 765/365/765 
f 758/365/758 759/365/759 767/365/767 766/365/766 
f 759/365/759 760/397/760 768/398/768 767/365/767 
f 698/360/698 761/365/761 769/365/769 
f 761/365/761 762/365/762 770/365/770 769/365/769 
f 762/365/762 763/365/763 771/365/771 770/365/770 
f 763/365/763 764/365/764 772/365/772 771/365/771 
f 764/365/764 765/365/765 773/365/773 772/365/772 
f 765/365/765 766/365/766 774/365/774 773/365/773 
f 766/365/766 767/365/767 775/365/775 774/365/774 
f 767/365/767 768/398/768 776/399/776 775/365/775 
f 698/360/698 769/365/769 705/365/705 
f 769/365/769 770/365/770 777/365/777 705/365/705 
f 770/365/770 771/365/771 778/365/778 777/365/777 
f 771/365/771 772/365/772 779/365/779 778/365/778 
f 772/365/772 773/365/773 780/365/780 779/365/779 
f 773/365/773 774/365/774 781/365/781 780/365/780 
f 774/365/774 775/365/775 782/365/782 781/365/781 
f 775/365/775 776/399/776 783/400/783 782/365/782 
f 705/365/705 777/365/777 784/365/784 706/365/706 
f 777/365/777 778/365/778 785/365/785 784/365/784 
f 778/365/778 779/365/779 786/365/786 785/365/785 
f 779/365/779 780/365/780 787/365/787 786/365/786 
f 780/365/780 781/365/781 788/365/788 787/365/787 
f 781/365/781 782/365/782 789/365/789 788/365/788 
f 782/365/782 783/400/783 703/401/703 789/365/789 
f 700/364/700 790/402/790 791/365/791 
f 790/402/790 792/403/792 793/365/793 791/365/791 
f 792/403/792 794/404/794 795/365/795 793/365/793 
f 794/404/794 796/405/796 797/365/797 795/365/795 
f 796/405/796 798/406/798 799/365/799 797/365/797 
f 798/406/798 800/407/800 801/365/801 799/365/799 
f 800/407/800 715/408/715 802/365/802 801/365/801 
f 715/408/715 694/409/694 714/410/714 802/365/802 
f 700/364/700 791/365/791 803/365/803 
f 791/365/791 793/365/793 804/365/804 803/365/803 
f 793/365/793 795/365/795 805/365/805 804/365/804 
f 795/365/795 797/365/797 806/365/806 805/365/805 
f 797/365/797 799/365/799 807/365/807 806/365/806 
f 799/365/799 801/365/801 808/365/808 807/365/807 
f 801/365/801 802/365/802 809/365/809 808/365/808 
f 802/365/802 714/410/714 810/411/810 809/365/809 
f 700/364/700 803/365/803 811/365/811 
f 803/365/803 804/365/804 812/365/812 811/365/811 
f 804/365/804 805/365/805 813/365/813 812/365/812 
f 805/365/805 806/365/806 814/365/814 813/365/813 
f 806/365/806 807/365/807 815/365/815 814/365/814 
f 807/365/807 808/365/808 816/365/816 815/365/815 
f 808/365/808 809/365/809 817/365/817 816/365/816 
f 809/365/809 810/411/810 818/412/818 817/365/817 
f 700/364/700 811/365/811 819/365/819 
f 811/365/811 812/365/812 820/365/820 819/365/819 
f 812/365/812 813/365/813 821/365/821 820/365/820 
f 813/365/813 814/365/814 822/365/822 821/365/821 
f 814/365/814 815/365/815 823/365/823 822/365/822 
f 815/365/815 816/365/816 824/365/824 823/365/823 
f 816/365/816 817/365/817 825/365/825 824/365/824 
f 817/365/817 818/412/818 826/413/826 825/365/825 
f 700/364/700 819/365/819 827/365/827 
f 819/365/819 820/365/820 828/365/828 827/365/827 
f 820/365/820 821/365/821 829/365/829 828/365/828 
f 821/365/821 822/365/822 830/365/830 829/365/829 
f 822/365/822 823/365/823 831/365/831 830/365/830 
f 823/365/823 824/365/824 832/365/832 831/365/831 
f 824/365/824 825/365/825 833/365/833 832/365/832 
f 825/365/825 826/413/826 834/414/834 833/365/833 
f 700/364/700 827/365/827 835/365/835 
f 827/365/827 828/365/828 836/365/836 835/365/835 
f 828/365/828 829/365/829 837/365/837 836/365/836 
f 829/365/829 830/365/830 838/365/838 837/365/837 
f 830/365/830 831/365/831 839/365/839 838/365/838 
f 831/365/831 832/365/832 840/365/840 839/365/839 
f 832/365/832 833/365/833 841/365/841 840/365/840 
f 833/365/833 834/414/834 842/415/842 841/365/841 
f 700/364/700 835/365/835 707/365/707 
f 835/365/835 836/365/836 843/365/843 707/365/707 
f 836/365/836 837/365/837 844/365/844 843/365/843 
f 837/365/837 838/365/838 845/365/845 844/365/844 
f 838/365/838 839/365/839 846/365/846 845/365/845 
f 839/365/839 840/365/840 847/365/847 846/365/846 
f 840/365/840 841/365/841 848/365/848 847/365/847 
f 841/365/841 842/415/842 849/416/849 848/365/848 
f 707/365/707 843/365/843 850/365/850 708/365/708 
f 843/365/843 844/365/844 851/365/851 850/365/850 
f 844/365/844 845/365/845 852/365/852 851/365/851 
f 845/365/845 846/365/846 853/365/853 852/365/852 
f 846/365/846 847/365/847 854/365/854 853/365/853 
f 847/365/847 848/365/848 721/365/721 854/365/854 
f 848/365/848 849/416/849 697/417/697 721/365/721 
f 704/364/704 855/402/855 856/365/856 
f 855/402/855 857/403/857 858/365/858 856/365/856 
f 857/403/857 859/404/859 860/365/860 858/365/858 
f 859/404/859 861/405/861 862/365/862 860/365/860 
f 861/405/861 863/406/863 864/365/864 862/365/862 
f 863/406/863 865/407/865 866/365/866 864/365/864 
f 865/407/865 719/408/719 867/365/867 866/365/866 
f 719/408/719 696/409/696 718/410/718 867/365/867 
f 704/364/704 856/365/856 868/365/868 
f 856/365/856 858/365/858 869/365/869 868/365/868 
f 858/365/858 860/365/860 870/365/870 869/365/869 
f 860/365/860 862/365/862 871/365/871 870/365/870 
f 862/365/862 864/365/864 872/365/872 871/365/871 
f 864/365/864 866/365/866 873/365/873 872/365/872 
f 866/365/866 867/365/867 874/365/874 873/365/873 
f 867/365/867 718/410/718 875/411/875 874/365/874 
f 704/364/704 868/365/868 876/365/876 
f 868/365/868 869/365/869 877/365/877 876/365/876 
f 869/365/869 870/365/870 878/365/878 877/365/877 
f 870/365/870 871/365/871 879/365/879 878/365/878 
f 871/365/871 872/365/872 880/365/880 879/365/879 
f 872/365/872 873/365/873 881/365/881 880/365/880 
f 873/365/873 874/365/874 882/365/882 881/365/881 
f 874/365/874 875/411/875 883/412/883 882/365/882 
f 704/364/704 876/365/876 884/365/884 
f 876/365/876 877/365/877 885/365/885 884/365/884 
f 877/365/877 878/365/878 886/365/886 885/365/885 
f 878/365/878 879/365/879 887/365/887 886/365/886 
f 879/365/879 880/365/880 888/365/888 887/365/887 
f 880/365/880 881/365/881 889/365/889 888/365/888 
f 881/365/881 882/365/882 890/365/890 889/365/889 
f 882/365/882 883/412/883 891/413/891 890/365/890 
f 704/364/704 884/365/884 892/365/892 
f 884/365/884 885/365/885 893/365/893 892/365/892 
f 885/365/885 886/365/886 894/365/894 893/365/893 
f 886/365/886 887/365/887 895/365/895 894/365/894 
f 887/365/887 888/365/888 896/365/896 895/365/895 
f 888/365/888 889/365/889 897/365/897 896/365/896 
f 889/365/889 890/365/890 898/365/898 897/365/897 
f 890/365/890 891/413/891 899/414/899 898/365/898 
f 704/364/704 892/365/892 900/365/900 
f 892/365/892 893/365/893 901/365/901 900/365/900 
f 893/365/893 894/365/894 902/365/902 901/365/901 
f 894/365/894 895/365/895 903/365/903 902/365/902 
f 895/365/895 896/365/896 904/365/904 903/365/903 
f 896/365/896 897/365/897 905/365/905 904/365/904 
f 897/365/897 898/365/898 906/365/906 905/365/905 
f 898/365/898 899/414/899 907/415/907 906/365/906 
f 704/364/704 900/365/900 709/365/709 
f 900/365/900 901/365/901 908/365/908 709/365/709 
f 901/365/901 902/365/902 909/365/909 908/365/908 
f 902/365/902 903/365/903 910/365/910 909/365/909 
f 903/365/903 904/365/904 911/365/911 910/365/910 
f 904/365/904 905/365/905 912/365/912 911/365/911 
f 905/365/905 906/365/906 913/365/913 912/365/912 
f 906/365/906 907/415/907 914/416/914 913/365/913 
f 709/365/709 908/365/908 915/365/915 710/365/710 
f 908/365/908 909/365/909 916/365/916 915/365/915 
f 909/365/909 910/365/910 917/365/917 916/365/916 
f 910/365/910 911/365/911 918/365/918 917/365/917 
f 911/365/911 912/365/912 919/365/919 918/365/918 
f 912/365/912 913/365/913 723/365/723 919/365/919 
f 913/365/913 914/416/914 701/417/701 723/365/723 
f 702/360/702 920/386/920 921/365/921 
f 920/386/920 922/387/922 923/365/923 921/365/921 
f 922/387/922 924/388/924 925/365/925 923/365/923 
f 924/388/924 926/389/926 927/365/927 925/365/925 
f 926/389/926 928/390/928 929/365/929 927/365/927 
f 928/390/928 930/391/930 931/365/931 929/365/929 
f 930/391/930 717/392/717 932/365/932 931/365/931 
f 717/392/717 695/393/695 716/394/716 932/365/932 
f 702/360/702 921/365/921 933/365/933 
f 921/365/921 923/365/923 934/365/934 933/365/933 
f 923/365/923 925/365/925 935/365/935 934/365/934 
f 925/365/925 927/365/927 936/365/936 935/365/935 
f 927/365/927 929/365/929 937/365/937 936/365/936 
f 929/365/929 931/365/931 938/365/938 937/365/937 
f 931/365/931 932/365/932 939/365/939 938/365/938 
f 932/365/932 716/394/716 940/395/940 939/365/939 
f 702/360/702 933/365/933 941/365/941 
f 933/365/933 934/365/934 942/365/942 941/365/941 
f 934/365/934 935/365/935 943/365/943 942/365/942 
f 935/365/935 936/365/936 944/365/944 943/365/943 
f 936/365/936 937/365/937 945/365/945 944/365/944 
f 937/365/937 938/365/938 946/365/946 945/365/945 
f 938/365/938 939/365/939 947/365/947 946/365/946 
f 939/365/939 940/395/940 948/396/948 947/365/947 
f 702/360/702 941/365/941 949/365/949 
f 941/365/941 942/365/942 950/365/950 949/365/949 
f 942/365/942 943/365/943 951/365/951 950/365/950 
f 943/365/943 944/365/944 952/365/952 951/365/951 
f 944/365/944 945/365/945 953/365/953 952/365/952 
f 945/365/945 946/365/946 954/365/954 953/365/953 
f 946/365/946 947/365/947 955/365/955 954/365/954 
f 947/365/947 948/396/948 956/397/956 955/365/955 
f 702/360/702 949/365/949 957/365/957 
f 949/365/949 950/365/950 958/365/958 957/365/957 
f 950/365/950 951/365/951 959/365/959 958/365/958 
f 951/365/951 952/365/952 960/365/960 959/365/959 
f 952/365/952 953/365/953 961/365/961 960/365/960 
f 953/365/953 954/365/954 962/365/962 961/365/961 
f 954/365/954 955/365/955 963/365/963 962/365/962 
f 955/365/955 956/397/956 964/398/964 963/365/963 
f 702/360/702 957/365/957 965/365/965 
f 957/365/957 958/365/958 966/365/966 965/365/965 
f 958/365/958 959/365/959 967/365/967 966/365/966 
f 959/365/959 960/365/960 968/365/968 967/365/967 
f 960/365/960 961/365/961 969/365/969 968/365/968 
f 961/365/961 962/365/962 970/365/970 969/365/969 
f 962/365/962 963/365/963 971/365/971 970/365/970 
f 963/365/963 964/398/964 972/399/972 971/365/971 
f 702/360/702 965/365/965 711/365/711 
f 965/365/965 966/365/966 973/365/973 711/365/711 
f 966/365/966 967/365/967 974/365/974 973/365/973 
f 967/365/967 968/365/968 975/365/975 974/365/974 
f 968/365/968 969/365/969 976/365/976 975/365/975 
f 969/365/969 970/365/970 977/365/977 976/365/976 
f 970/365/970 971/365/971 978/365/978 977/365/977 
f 971/365/971 972/399/972 979/400/979 978/365/978 
f 711/365/711 973/365/973 980/365/980 712/365/712 
f 973/365/973 974/365/974 981/365/981 980/365/980 
f 974/365/974 975/365/975 982/365/982 981/365/981 
f 975/365/975 976/365/976 983/365/983 982/365/982 
f 976/365/976 977/365/977 984/365/984 983/365/983 
f 977/365/977 978/365/978 722/365/722 984/365/984 
f 978/365/978 979/400/979 699/401/699 722/365/722 
f 713/367/713 734/418/734 810/419/810 714/368/714 
f 734/418/734 732/420/732 818/421/818 810/419/810 
f 732/420/732 730/422/730 826/423/826 818/421/818 
f 730/422/730 728/424/728 834/425/834 826/423/826 
f 728/424/728 726/426/726 842/427/842 834/425/834 
f 726/426/726 724/428/724 849/429/849 842/427/842 
f 724/428/724 698/360/698 697/359/697 849/429/849 
f 715/371/715 800/430/800 940/431/940 716/372/716 
f 800/430/800 798/432/798 948/433/948 940/431/940 
f 798/432/798 796/434/796 956/435/956 948/433/948 
f 796/434/796 794/436/794 964/437/964 956/435/956 
f 794/436/794 792/438/792 972/439/972 964/437/964 
f 792/438/792 790/440/790 979/441/979 972/439/972 
f 790/440/790 700/364/700 699/363/699 979/441/979 
f 717/367/717 930/418/930 875/419/875 718/368/718 
f 930/418/930 928/420/928 883/421/883 875/419/875 
f 928/420/928 926/422/926 891/423/891 883/421/883 
f 926/422/926 924/424/924 899/425/899 891/423/891 
f 924/424/924 922/426/922 907/427/907 899/425/899 
f 922/426/922 920/428/920 914/429/914 907/427/907 
f 920/428/920 702/360/702 701/359/701 914/429/914 
f 719/371/719 865/430/865 744/431/744 720/372/720 
f 865/430/865 863/432/863 752/433/752 744/431/744 
f 863/432/863 861/434/861 760/435/760 752/433/752 
f 861/434/861 859/436/859 768/437/768 760/435/760 
f 859/436/859 857/438/857 776/439/776 768/437/768 
f 857/438/857 855/440/855 783/441/783 776/439/776 
f 855/440/855 704/364/704 703/363/703 783/441/783 
f 691/375/691 690/442/690 854/443/854 721/376/721 
f 690/442/690 689/444/689 853/445/853 854/443/854 
f 689/444/689 688/446/688 852/447/852 853/445/853 
f 688/446/688 687/448/687 851/449/851 852/447/852 
f 687/448/687 686/450/686 850/451/850 851/449/851 
f 686/450/686 685/452/685 708/453/708 850/451/850 
f 685/452/685 684/361/684 700/364/700 708/453/708 
f 706/379/706 784/454/784 659/455/659 658/380/658 
f 784/454/784 785/456/785 660/457/660 659/455/659 
f 785/456/785 786/458/786 661/459/661 660/457/660 
f 786/458/786 787/460/787 662/461/662 661/459/661 
f 787/460/787 788/462/788 663/463/663 662/461/662 
f 788/462/788 789/464/789 664/465/664 663/463/663 
f 789/464/789 703/363/703 665/362/665 664/465/664 
f 682/383/682 681/466/681 984/467/984 722/384/722 
f 681/466/681 680/468/680 983/469/983 984/467/984 
f 680/468/680 679/470/679 982/471/982 983/469/983 
f 679/470/679 678/472/678 981/473/981 982/471/982 
f 678/472/678 677/474/677 980/475/980 981/473/981 
f 677/474/677 676/476/676 712/477/712 980/475/980 
f 676/476/676 675/354/675 702/360/702 712/477/712 
f 673/375/673 672/442/672 919/443/919 723/376/723 
f 672/442/672 671/444/671 918/445/918 919/443/919 
f 671/444/671 670/446/670 917/447/917 918/445/918 
f 670/446/670 669/448/669 916/449/916 917/447/917 
f 669/448/669 668/450/668 915/451/915 916/449/916 
f 668/450/668 667/452/667 710/453/710 915/451/915 
f 667/452/667 666/361/666 704/364/704 710/453/710 
# 294 polygons - 32 triangles

#
# object Box026
#

v  30.0819 19.2220 20.8794
v  30.0819 19.2098 20.8766
v  30.0819 19.1993 20.8685
v  30.0819 19.1904 20.8549
v  30.0819 19.1831 20.8359
v  30.0819 19.1774 20.8114
v  30.0819 19.1734 20.7815
v  30.0819 19.1709 20.7462
v  30.0819 19.1701 20.7054
v  30.0819 19.1701 20.4365
v  30.0819 19.1709 20.3957
v  30.0819 19.1734 20.3604
v  30.0819 19.1774 20.3305
v  30.0819 19.1831 20.3060
v  30.0819 19.1904 20.2870
v  30.0819 19.1993 20.2734
v  30.0819 19.2098 20.2653
v  30.0819 19.2220 20.2625
v  30.0819 19.6423 20.2625
v  30.0819 19.6545 20.2653
v  30.0819 19.6650 20.2734
v  30.0819 19.6739 20.2870
v  30.0819 19.6812 20.3060
v  30.0819 19.6869 20.3305
v  30.0819 19.6909 20.3604
v  30.0819 19.6934 20.3957
v  30.0819 19.6942 20.4365
v  30.0819 19.6942 20.7054
v  30.0819 19.6934 20.7462
v  30.0819 19.6909 20.7815
v  30.0819 19.6869 20.8114
v  30.0819 19.6812 20.8359
v  30.0819 19.6739 20.8549
v  30.0819 19.6650 20.8685
v  30.0819 19.6545 20.8766
v  30.0819 19.6423 20.8794
v  29.7870 19.2220 20.7054
v  29.7870 19.6423 20.7054
v  29.7870 19.6423 20.4365
v  29.7870 19.2220 20.4365
v  29.7907 19.6423 20.8794
v  29.7907 19.2220 20.8794
v  29.7907 19.6942 20.4365
v  29.7907 19.6942 20.7054
v  29.7907 19.2220 20.2625
v  29.7907 19.6423 20.2625
v  29.7907 19.1701 20.7054
v  29.7907 19.1701 20.4365
v  29.7905 19.2100 20.8766
v  29.7907 19.2098 20.8766
v  29.7905 19.6934 20.7455
v  29.7907 19.6934 20.7462
v  29.7905 19.1709 20.3964
v  29.7907 19.1709 20.3957
v  29.7905 19.6543 20.2653
v  29.7907 19.6545 20.2653
v  29.7871 19.2220 20.7462
v  29.7871 19.6423 20.7462
v  29.7871 19.6545 20.7054
v  29.7871 19.6545 20.4365
v  29.7871 19.6423 20.3957
v  29.7871 19.2220 20.3957
v  29.7871 19.2098 20.4365
v  29.7871 19.2098 20.7054
v  29.7907 19.6545 20.8766
v  29.7907 19.6934 20.3957
v  29.7907 19.2098 20.2653
v  29.7898 19.2220 20.8766
v  29.7898 19.2191 20.8766
v  29.7891 19.2220 20.8685
v  29.7891 19.2167 20.8685
v  29.7885 19.2220 20.8549
v  29.7885 19.2146 20.8549
v  29.7879 19.2220 20.8359
v  29.7880 19.2129 20.8359
v  29.7875 19.2220 20.8114
v  29.7876 19.2115 20.8114
v  29.7873 19.2220 20.7815
v  29.7873 19.2106 20.7815
v  29.7872 19.2100 20.7462
v  29.7899 19.2167 20.8766
v  29.7892 19.2120 20.8685
v  29.7886 19.2081 20.8549
v  29.7881 19.2050 20.8359
v  29.7877 19.2025 20.8114
v  29.7875 19.2007 20.7815
v  29.7873 19.1996 20.7462
v  29.7873 19.1993 20.7054
v  29.7899 19.2146 20.8766
v  29.7893 19.2081 20.8685
v  29.7888 19.2027 20.8549
v  29.7883 19.1983 20.8359
v  29.7880 19.1948 20.8114
v  29.7877 19.1924 20.7815
v  29.7876 19.1909 20.7462
v  29.7875 19.1904 20.7054
v  29.7900 19.2129 20.8766
v  29.7895 19.2050 20.8685
v  29.7890 19.1983 20.8549
v  29.7886 19.1928 20.8359
v  29.7883 19.1886 20.8114
v  29.7881 19.1855 20.7815
v  29.7880 19.1837 20.7462
v  29.7879 19.1831 20.7054
v  29.7902 19.2115 20.8766
v  29.7897 19.2025 20.8685
v  29.7893 19.1948 20.8549
v  29.7890 19.1886 20.8359
v  29.7888 19.1837 20.8114
v  29.7886 19.1802 20.7815
v  29.7885 19.1781 20.7462
v  29.7885 19.1774 20.7054
v  29.7903 19.2106 20.8766
v  29.7900 19.2007 20.8685
v  29.7897 19.1924 20.8549
v  29.7895 19.1855 20.8359
v  29.7893 19.1802 20.8114
v  29.7892 19.1764 20.7815
v  29.7891 19.1741 20.7462
v  29.7891 19.1734 20.7054
v  29.7903 19.1996 20.8685
v  29.7902 19.1909 20.8549
v  29.7900 19.1837 20.8359
v  29.7899 19.1781 20.8114
v  29.7899 19.1741 20.7815
v  29.7898 19.1717 20.7462
v  29.7898 19.1709 20.7054
v  29.7907 19.1993 20.8685
v  29.7907 19.1904 20.8549
v  29.7907 19.1831 20.8359
v  29.7907 19.1774 20.8114
v  29.7907 19.1734 20.7815
v  29.7907 19.1709 20.7462
v  29.7898 19.6934 20.7054
v  29.7898 19.6934 20.7150
v  29.7891 19.6909 20.7054
v  29.7891 19.6909 20.7232
v  29.7885 19.6869 20.7054
v  29.7885 19.6869 20.7303
v  29.7879 19.6812 20.7054
v  29.7880 19.6812 20.7360
v  29.7875 19.6739 20.7054
v  29.7876 19.6739 20.7404
v  29.7873 19.6650 20.7054
v  29.7873 19.6650 20.7436
v  29.7872 19.6545 20.7455
v  29.7899 19.6934 20.7232
v  29.7892 19.6909 20.7387
v  29.7886 19.6869 20.7518
v  29.7881 19.6812 20.7625
v  29.7877 19.6739 20.7708
v  29.7875 19.6650 20.7768
v  29.7873 19.6545 20.7803
v  29.7873 19.6423 20.7815
v  29.7899 19.6934 20.7303
v  29.7893 19.6909 20.7518
v  29.7888 19.6869 20.7700
v  29.7883 19.6812 20.7849
v  29.7880 19.6739 20.7965
v  29.7877 19.6650 20.8048
v  29.7876 19.6545 20.8098
v  29.7875 19.6423 20.8114
v  29.7900 19.6934 20.7360
v  29.7895 19.6909 20.7625
v  29.7890 19.6869 20.7849
v  29.7886 19.6812 20.8033
v  29.7883 19.6739 20.8175
v  29.7881 19.6650 20.8277
v  29.7880 19.6545 20.8338
v  29.7879 19.6423 20.8359
v  29.7902 19.6934 20.7404
v  29.7897 19.6909 20.7708
v  29.7893 19.6869 20.7965
v  29.7890 19.6812 20.8175
v  29.7888 19.6739 20.8339
v  29.7886 19.6650 20.8456
v  29.7885 19.6545 20.8526
v  29.7885 19.6423 20.8549
v  29.7903 19.6934 20.7436
v  29.7900 19.6909 20.7768
v  29.7897 19.6869 20.8048
v  29.7895 19.6812 20.8277
v  29.7893 19.6739 20.8456
v  29.7892 19.6650 20.8583
v  29.7891 19.6545 20.8659
v  29.7891 19.6423 20.8685
v  29.7903 19.6909 20.7803
v  29.7902 19.6869 20.8098
v  29.7900 19.6812 20.8338
v  29.7899 19.6739 20.8526
v  29.7899 19.6650 20.8659
v  29.7898 19.6545 20.8740
v  29.7898 19.6423 20.8766
v  29.7907 19.6909 20.7815
v  29.7907 19.6869 20.8114
v  29.7907 19.6812 20.8359
v  29.7907 19.6739 20.8549
v  29.7907 19.6650 20.8685
v  29.7898 19.1709 20.4365
v  29.7898 19.1709 20.4269
v  29.7891 19.1734 20.4365
v  29.7891 19.1734 20.4187
v  29.7885 19.1774 20.4365
v  29.7885 19.1774 20.4116
v  29.7879 19.1831 20.4365
v  29.7880 19.1831 20.4059
v  29.7875 19.1904 20.4365
v  29.7876 19.1904 20.4015
v  29.7873 19.1993 20.4365
v  29.7873 19.1993 20.3983
v  29.7872 19.2098 20.3964
v  29.7899 19.1709 20.4187
v  29.7892 19.1734 20.4032
v  29.7886 19.1774 20.3901
v  29.7881 19.1831 20.3794
v  29.7877 19.1904 20.3711
v  29.7875 19.1993 20.3651
v  29.7873 19.2098 20.3616
v  29.7873 19.2220 20.3604
v  29.7899 19.1709 20.4116
v  29.7893 19.1734 20.3901
v  29.7888 19.1774 20.3719
v  29.7883 19.1831 20.3570
v  29.7880 19.1904 20.3454
v  29.7877 19.1993 20.3371
v  29.7876 19.2098 20.3321
v  29.7875 19.2220 20.3305
v  29.7900 19.1709 20.4059
v  29.7895 19.1734 20.3794
v  29.7890 19.1774 20.3570
v  29.7886 19.1831 20.3386
v  29.7883 19.1904 20.3244
v  29.7881 19.1993 20.3142
v  29.7880 19.2098 20.3081
v  29.7879 19.2220 20.3060
v  29.7902 19.1709 20.4015
v  29.7897 19.1734 20.3711
v  29.7893 19.1774 20.3454
v  29.7890 19.1831 20.3244
v  29.7888 19.1904 20.3080
v  29.7886 19.1993 20.2963
v  29.7885 19.2098 20.2893
v  29.7885 19.2220 20.2870
v  29.7903 19.1709 20.3983
v  29.7900 19.1734 20.3651
v  29.7897 19.1774 20.3371
v  29.7895 19.1831 20.3142
v  29.7893 19.1904 20.2963
v  29.7892 19.1993 20.2836
v  29.7891 19.2098 20.2760
v  29.7891 19.2220 20.2734
v  29.7903 19.1734 20.3616
v  29.7902 19.1774 20.3321
v  29.7900 19.1831 20.3081
v  29.7899 19.1904 20.2893
v  29.7899 19.1993 20.2760
v  29.7898 19.2098 20.2679
v  29.7898 19.2220 20.2653
v  29.7907 19.1734 20.3604
v  29.7907 19.1774 20.3305
v  29.7907 19.1831 20.3060
v  29.7907 19.1904 20.2870
v  29.7907 19.1993 20.2734
v  29.7898 19.6423 20.2653
v  29.7898 19.6452 20.2653
v  29.7891 19.6423 20.2734
v  29.7891 19.6476 20.2734
v  29.7885 19.6423 20.2870
v  29.7885 19.6497 20.2870
v  29.7879 19.6423 20.3060
v  29.7880 19.6514 20.3060
v  29.7875 19.6423 20.3305
v  29.7876 19.6528 20.3305
v  29.7873 19.6423 20.3604
v  29.7873 19.6537 20.3604
v  29.7872 19.6543 20.3957
v  29.7899 19.6476 20.2653
v  29.7892 19.6523 20.2734
v  29.7886 19.6562 20.2870
v  29.7881 19.6593 20.3060
v  29.7877 19.6618 20.3305
v  29.7875 19.6636 20.3604
v  29.7873 19.6647 20.3957
v  29.7873 19.6650 20.4365
v  29.7899 19.6497 20.2653
v  29.7893 19.6562 20.2734
v  29.7888 19.6616 20.2870
v  29.7883 19.6660 20.3060
v  29.7880 19.6695 20.3305
v  29.7877 19.6719 20.3604
v  29.7876 19.6734 20.3957
v  29.7875 19.6739 20.4365
v  29.7900 19.6514 20.2653
v  29.7895 19.6593 20.2734
v  29.7890 19.6660 20.2870
v  29.7886 19.6715 20.3060
v  29.7883 19.6757 20.3305
v  29.7881 19.6788 20.3604
v  29.7880 19.6806 20.3957
v  29.7879 19.6812 20.4365
v  29.7902 19.6528 20.2653
v  29.7897 19.6618 20.2734
v  29.7893 19.6695 20.2870
v  29.7890 19.6757 20.3060
v  29.7888 19.6806 20.3305
v  29.7886 19.6841 20.3604
v  29.7885 19.6862 20.3957
v  29.7885 19.6869 20.4365
v  29.7903 19.6537 20.2653
v  29.7900 19.6636 20.2734
v  29.7897 19.6719 20.2870
v  29.7895 19.6788 20.3060
v  29.7893 19.6841 20.3305
v  29.7892 19.6879 20.3604
v  29.7891 19.6902 20.3957
v  29.7891 19.6909 20.4365
v  29.7903 19.6647 20.2734
v  29.7902 19.6734 20.2870
v  29.7900 19.6806 20.3060
v  29.7899 19.6862 20.3305
v  29.7899 19.6902 20.3604
v  29.7898 19.6926 20.3957
v  29.7898 19.6934 20.4365
v  29.7907 19.6650 20.2734
v  29.7907 19.6739 20.2870
v  29.7907 19.6812 20.3060
v  29.7907 19.6869 20.3305
v  29.7907 19.6909 20.3604
# 328 vertices

vn 0.6997 -0.0238 0.7140
vn 0.6896 -0.1059 0.7164
vn 0.6853 -0.2337 0.6897
vn 0.6817 -0.3786 0.6261
vn 0.6802 -0.5183 0.5183
vn 0.6817 -0.6261 0.3786
vn 0.6853 -0.6897 0.2337
vn 0.6895 -0.7165 0.1059
vn 0.6997 -0.7140 0.0238
vn 0.6997 -0.7140 -0.0238
vn 0.6895 -0.7165 -0.1059
vn 0.6853 -0.6897 -0.2337
vn 0.6817 -0.6261 -0.3786
vn 0.6802 -0.5183 -0.5183
vn 0.6817 -0.3786 -0.6261
vn 0.6853 -0.2337 -0.6897
vn 0.6896 -0.1059 -0.7164
vn 0.6997 -0.0238 -0.7140
vn 0.6997 0.0238 -0.7140
vn 0.6896 0.1059 -0.7164
vn 0.6853 0.2337 -0.6897
vn 0.6817 0.3786 -0.6261
vn 0.6802 0.5183 -0.5183
vn 0.6817 0.6261 -0.3786
vn 0.6853 0.6897 -0.2337
vn 0.6895 0.7165 -0.1059
vn 0.6997 0.7140 -0.0238
vn 0.6997 0.7140 0.0238
vn 0.6895 0.7165 0.1059
vn 0.6853 0.6897 0.2337
vn 0.6817 0.6261 0.3786
vn 0.6802 0.5183 0.5183
vn 0.6817 0.3786 0.6261
vn 0.6853 0.2337 0.6897
vn 0.6896 0.1059 0.7164
vn 0.6997 0.0238 0.7140
vn -0.9989 -0.0332 0.0332
vn -0.9989 0.0332 0.0332
vn -0.9989 0.0332 -0.0332
vn -0.9989 -0.0332 -0.0332
vn -0.0332 0.0332 0.9989
vn -0.0267 -0.0267 0.9993
vn -0.0332 0.9989 -0.0332
vn -0.0267 0.9993 0.0267
vn -0.0332 -0.0332 -0.9989
vn -0.0267 0.0267 -0.9993
vn -0.0332 -0.9989 0.0332
vn -0.0267 -0.9993 -0.0267
vn -0.0214 -0.1475 0.9888
vn -0.0050 -0.1478 0.9890
vn -0.0214 0.9888 0.1475
vn -0.0050 0.9890 0.1478
vn -0.0214 -0.9888 -0.1475
vn -0.0050 -0.9890 -0.1478
vn -0.0214 0.1475 -0.9888
vn -0.0050 0.1478 -0.9890
vn -0.9888 -0.0329 0.1458
vn -0.9887 0.0335 0.1462
vn -0.9888 0.1458 0.0329
vn -0.9887 0.1462 -0.0335
vn -0.9888 0.0329 -0.1458
vn -0.9887 -0.0335 -0.1462
vn -0.9888 -0.1458 -0.0329
vn -0.9887 -0.1462 0.0335
vn -0.0329 0.1458 0.9888
vn -0.0329 0.9888 -0.1458
vn -0.0329 -0.1458 -0.9888
vn -0.1478 -0.0050 0.9890
vn -0.1475 -0.0214 0.9888
vn -0.3228 -0.0108 0.9464
vn -0.3198 -0.0467 0.9463
vn -0.5192 -0.0173 0.8545
vn -0.5133 -0.0754 0.8549
vn -0.7082 -0.0236 0.7056
vn -0.6999 -0.1032 0.7067
vn -0.8560 -0.0285 0.5161
vn -0.8463 -0.1252 0.5178
vn -0.9468 -0.0315 0.3201
vn -0.9366 -0.1387 0.3217
vn -0.9785 -0.1449 0.1467
vn -0.1396 -0.0466 0.9891
vn -0.3022 -0.1015 0.9478
vn -0.4858 -0.1638 0.8586
vn -0.6645 -0.2247 0.7127
vn -0.8064 -0.2734 0.5244
vn -0.8949 -0.3037 0.3269
vn -0.9363 -0.3178 0.1494
vn -0.9465 -0.3210 0.0341
vn -0.1243 -0.0745 0.9894
vn -0.2688 -0.1617 0.9495
vn -0.4331 -0.2611 0.8627
vn -0.5947 -0.3592 0.7193
vn -0.7247 -0.4382 0.5317
vn -0.8068 -0.4882 0.3327
vn -0.8455 -0.5117 0.1524
vn -0.8551 -0.5173 0.0349
vn -0.1018 -0.1018 0.9896
vn -0.2202 -0.2202 0.9503
vn -0.3554 -0.3554 0.8645
vn -0.4892 -0.4891 0.7221
vn -0.5974 -0.5974 0.5350
vn -0.6662 -0.6662 0.3353
vn -0.6987 -0.6987 0.1537
vn -0.7067 -0.7067 0.0352
vn -0.0745 -0.1243 0.9894
vn -0.1617 -0.2688 0.9495
vn -0.2610 -0.4330 0.8627
vn -0.3591 -0.5947 0.7193
vn -0.4383 -0.7247 0.5317
vn -0.4882 -0.8068 0.3327
vn -0.5117 -0.8455 0.1524
vn -0.5173 -0.8551 0.0349
vn -0.0466 -0.1396 0.9891
vn -0.1015 -0.3022 0.9478
vn -0.1638 -0.4858 0.8586
vn -0.2247 -0.6645 0.7127
vn -0.2734 -0.8064 0.5244
vn -0.3037 -0.8949 0.3269
vn -0.3178 -0.9363 0.1494
vn -0.3210 -0.9465 0.0341
vn -0.0467 -0.3198 0.9463
vn -0.0754 -0.5133 0.8549
vn -0.1032 -0.6999 0.7067
vn -0.1252 -0.8463 0.5178
vn -0.1387 -0.9366 0.3217
vn -0.1449 -0.9785 0.1467
vn -0.1462 -0.9887 0.0335
vn -0.0108 -0.3228 0.9464
vn -0.0173 -0.5191 0.8545
vn -0.0236 -0.7082 0.7056
vn -0.0285 -0.8560 0.5161
vn -0.0315 -0.9468 0.3201
vn -0.0329 -0.9888 0.1458
vn -0.1478 0.9890 0.0050
vn -0.1475 0.9888 0.0214
vn -0.3228 0.9464 0.0108
vn -0.3198 0.9463 0.0467
vn -0.5192 0.8545 0.0173
vn -0.5133 0.8549 0.0754
vn -0.7082 0.7056 0.0236
vn -0.6999 0.7067 0.1032
vn -0.8560 0.5161 0.0285
vn -0.8463 0.5178 0.1252
vn -0.9468 0.3201 0.0315
vn -0.9366 0.3217 0.1387
vn -0.9785 0.1467 0.1449
vn -0.1396 0.9891 0.0466
vn -0.3022 0.9478 0.1015
vn -0.4858 0.8586 0.1638
vn -0.6645 0.7127 0.2247
vn -0.8064 0.5244 0.2734
vn -0.8949 0.3269 0.3037
vn -0.9363 0.1494 0.3178
vn -0.9465 0.0341 0.3210
vn -0.1243 0.9894 0.0745
vn -0.2688 0.9495 0.1617
vn -0.4331 0.8627 0.2611
vn -0.5947 0.7193 0.3591
vn -0.7247 0.5317 0.4382
vn -0.8068 0.3327 0.4882
vn -0.8455 0.1524 0.5117
vn -0.8551 0.0349 0.5173
vn -0.1018 0.9896 0.1018
vn -0.2202 0.9503 0.2202
vn -0.3554 0.8645 0.3554
vn -0.4892 0.7221 0.4891
vn -0.5974 0.5350 0.5974
vn -0.6662 0.3353 0.6662
vn -0.6987 0.1537 0.6987
vn -0.7067 0.0352 0.7067
vn -0.0745 0.9894 0.1243
vn -0.1617 0.9495 0.2688
vn -0.2610 0.8627 0.4330
vn -0.3591 0.7193 0.5947
vn -0.4382 0.5317 0.7247
vn -0.4882 0.3327 0.8068
vn -0.5117 0.1524 0.8455
vn -0.5173 0.0349 0.8551
vn -0.0466 0.9891 0.1396
vn -0.1015 0.9478 0.3022
vn -0.1638 0.8586 0.4858
vn -0.2247 0.7127 0.6645
vn -0.2734 0.5244 0.8064
vn -0.3037 0.3269 0.8949
vn -0.3178 0.1494 0.9363
vn -0.3210 0.0341 0.9465
vn -0.0467 0.9463 0.3198
vn -0.0754 0.8549 0.5133
vn -0.1032 0.7067 0.6999
vn -0.1252 0.5178 0.8463
vn -0.1387 0.3217 0.9366
vn -0.1449 0.1467 0.9785
vn -0.1462 0.0335 0.9887
vn -0.0108 0.9464 0.3228
vn -0.0173 0.8545 0.5192
vn -0.0236 0.7056 0.7082
vn -0.0285 0.5161 0.8560
vn -0.0315 0.3201 0.9468
vn -0.1478 -0.9890 -0.0050
vn -0.1475 -0.9888 -0.0214
vn -0.3228 -0.9464 -0.0108
vn -0.3198 -0.9463 -0.0467
vn -0.5192 -0.8545 -0.0173
vn -0.5133 -0.8549 -0.0754
vn -0.7082 -0.7056 -0.0236
vn -0.6999 -0.7067 -0.1032
vn -0.8560 -0.5161 -0.0285
vn -0.8463 -0.5178 -0.1252
vn -0.9468 -0.3201 -0.0315
vn -0.9366 -0.3217 -0.1387
vn -0.9785 -0.1467 -0.1449
vn -0.1396 -0.9891 -0.0466
vn -0.3022 -0.9478 -0.1015
vn -0.4858 -0.8586 -0.1638
vn -0.6645 -0.7127 -0.2247
vn -0.8064 -0.5244 -0.2734
vn -0.8949 -0.3269 -0.3037
vn -0.9363 -0.1494 -0.3178
vn -0.9465 -0.0341 -0.3210
vn -0.1243 -0.9894 -0.0745
vn -0.2688 -0.9495 -0.1617
vn -0.4331 -0.8627 -0.2611
vn -0.5947 -0.7193 -0.3591
vn -0.7247 -0.5317 -0.4382
vn -0.8068 -0.3327 -0.4882
vn -0.8455 -0.1524 -0.5117
vn -0.8551 -0.0349 -0.5173
vn -0.1018 -0.9896 -0.1018
vn -0.2202 -0.9503 -0.2202
vn -0.3554 -0.8645 -0.3554
vn -0.4892 -0.7221 -0.4891
vn -0.5974 -0.5350 -0.5974
vn -0.6662 -0.3353 -0.6662
vn -0.6987 -0.1537 -0.6987
vn -0.7067 -0.0352 -0.7067
vn -0.0745 -0.9894 -0.1243
vn -0.1617 -0.9495 -0.2688
vn -0.2610 -0.8627 -0.4330
vn -0.3591 -0.7193 -0.5947
vn -0.4382 -0.5317 -0.7247
vn -0.4882 -0.3327 -0.8068
vn -0.5117 -0.1524 -0.8455
vn -0.5173 -0.0349 -0.8551
vn -0.0466 -0.9891 -0.1396
vn -0.1015 -0.9478 -0.3022
vn -0.1638 -0.8586 -0.4858
vn -0.2247 -0.7127 -0.6645
vn -0.2734 -0.5244 -0.8064
vn -0.3037 -0.3269 -0.8949
vn -0.3178 -0.1494 -0.9363
vn -0.3210 -0.0341 -0.9465
vn -0.0467 -0.9463 -0.3198
vn -0.0754 -0.8549 -0.5133
vn -0.1032 -0.7067 -0.6999
vn -0.1252 -0.5178 -0.8463
vn -0.1387 -0.3217 -0.9366
vn -0.1449 -0.1467 -0.9785
vn -0.1462 -0.0335 -0.9887
vn -0.0108 -0.9464 -0.3228
vn -0.0173 -0.8545 -0.5192
vn -0.0236 -0.7056 -0.7082
vn -0.0285 -0.5161 -0.8560
vn -0.0315 -0.3201 -0.9468
vn -0.1478 0.0050 -0.9890
vn -0.1475 0.0214 -0.9888
vn -0.3228 0.0108 -0.9464
vn -0.3198 0.0467 -0.9463
vn -0.5192 0.0173 -0.8545
vn -0.5133 0.0754 -0.8549
vn -0.7082 0.0236 -0.7056
vn -0.6999 0.1032 -0.7067
vn -0.8560 0.0285 -0.5161
vn -0.8463 0.1252 -0.5178
vn -0.9468 0.0315 -0.3201
vn -0.9366 0.1387 -0.3217
vn -0.9785 0.1449 -0.1467
vn -0.1396 0.0466 -0.9891
vn -0.3022 0.1015 -0.9478
vn -0.4858 0.1638 -0.8586
vn -0.6645 0.2247 -0.7127
vn -0.8064 0.2734 -0.5244
vn -0.8949 0.3037 -0.3269
vn -0.9363 0.3178 -0.1494
vn -0.9465 0.3210 -0.0341
vn -0.1243 0.0745 -0.9894
vn -0.2688 0.1617 -0.9495
vn -0.4331 0.2611 -0.8627
vn -0.5947 0.3592 -0.7193
vn -0.7247 0.4382 -0.5317
vn -0.8068 0.4882 -0.3327
vn -0.8455 0.5117 -0.1524
vn -0.8551 0.5173 -0.0349
vn -0.1018 0.1018 -0.9896
vn -0.2202 0.2202 -0.9503
vn -0.3554 0.3554 -0.8645
vn -0.4892 0.4891 -0.7221
vn -0.5974 0.5974 -0.5350
vn -0.6662 0.6662 -0.3353
vn -0.6987 0.6987 -0.1537
vn -0.7067 0.7067 -0.0352
vn -0.0745 0.1243 -0.9894
vn -0.1617 0.2688 -0.9495
vn -0.2610 0.4330 -0.8627
vn -0.3591 0.5947 -0.7193
vn -0.4383 0.7247 -0.5317
vn -0.4882 0.8068 -0.3327
vn -0.5117 0.8455 -0.1524
vn -0.5173 0.8551 -0.0349
vn -0.0466 0.1396 -0.9891
vn -0.1015 0.3022 -0.9478
vn -0.1638 0.4858 -0.8586
vn -0.2247 0.6645 -0.7127
vn -0.2734 0.8064 -0.5244
vn -0.3037 0.8949 -0.3269
vn -0.3178 0.9363 -0.1494
vn -0.3210 0.9465 -0.0341
vn -0.0467 0.3198 -0.9463
vn -0.0754 0.5133 -0.8549
vn -0.1032 0.6999 -0.7067
vn -0.1252 0.8463 -0.5178
vn -0.1387 0.9366 -0.3217
vn -0.1449 0.9785 -0.1467
vn -0.1462 0.9887 -0.0335
vn -0.0108 0.3228 -0.9464
vn -0.0173 0.5191 -0.8545
vn -0.0236 0.7082 -0.7056
vn -0.0285 0.8560 -0.5161
vn -0.0315 0.9468 -0.3201
# 328 vertex normals

vt 0.9011 0.0000 0.0000
vt 0.9243 0.0044 0.0000
vt 0.9444 0.0176 0.0000
vt 0.9614 0.0397 0.0000
vt 0.9753 0.0705 0.0000
vt 0.9861 0.1102 0.0000
vt 0.9938 0.1586 0.0000
vt 0.9985 0.2159 0.0000
vt 1.0000 0.2820 0.0000
vt 1.0000 0.7180 0.0000
vt 0.9985 0.7841 0.0000
vt 0.9938 0.8414 0.0000
vt 0.9861 0.8898 0.0000
vt 0.9753 0.9295 0.0000
vt 0.9614 0.9603 0.0000
vt 0.9444 0.9824 0.0000
vt 0.9243 0.9956 0.0000
vt 0.9011 1.0000 0.0000
vt 0.0989 1.0000 0.0000
vt 0.0757 0.9956 0.0000
vt 0.0556 0.9824 0.0000
vt 0.0386 0.9603 0.0000
vt 0.0247 0.9295 0.0000
vt 0.0139 0.8898 0.0000
vt 0.0062 0.8414 0.0000
vt 0.0015 0.7841 0.0000
vt 0.0000 0.7180 0.0000
vt 0.0000 0.2820 0.0000
vt 0.0015 0.2159 0.0000
vt 0.0062 0.1586 0.0000
vt 0.0139 0.1102 0.0000
vt 0.0247 0.0705 0.0000
vt 0.0386 0.0397 0.0000
vt 0.0556 0.0176 0.0000
vt 0.0757 0.0044 0.0000
vt 0.0989 0.0000 0.0000
vt 0.0989 0.2820 0.0000
vt 0.9011 0.2820 0.0000
vt 0.9011 0.7180 0.0000
vt 0.0989 0.7180 0.0000
vt 0.9011 0.9876 0.0000
vt 0.0989 0.9876 0.0000
vt 0.2820 0.0000 0.0000
vt 0.7180 0.0000 0.0000
vt 0.7180 0.9876 0.0000
vt 0.2820 0.9876 0.0000
vt 0.0000 1.0000 0.0000
vt 0.0989 1.2636 0.0000
vt 0.0989 1.2291 0.0000
vt 0.9011 1.2291 0.0000
vt 0.9011 1.2636 0.0000
vt 0.2820 0.5888 0.0000
vt 0.2820 0.6387 0.0000
vt 0.7180 0.6387 0.0000
vt 0.7180 0.5888 0.0000
vt 0.0858 -0.0039 0.0000
vt 0.1103 -0.0034 0.0000
vt 0.1124 0.9842 0.0000
vt 0.0882 0.9837 0.0000
vt 0.9118 0.9837 0.0000
vt 0.8876 0.9842 0.0000
vt 0.8897 -0.0034 0.0000
vt 0.9142 -0.0039 0.0000
vt 0.2443 -0.0106 0.0000
vt 0.2261 -0.0092 0.0000
vt 0.2204 0.9786 0.0000
vt 0.2378 0.9773 0.0000
vt 0.0730 0.9914 0.0000
vt 0.0448 0.9966 0.0000
vt 0.0143 1.0032 0.0000
vt -0.0186 1.0113 0.0000
vt -0.0537 1.0207 0.0000
vt -0.0912 1.0315 0.0000
vt -0.1310 1.0438 0.0000
vt -0.1732 1.0574 0.0000
vt -0.1353 1.0420 0.0000
vt -0.1082 1.0243 0.0000
vt -0.0920 1.0044 0.0000
vt -0.0866 0.9824 0.0000
vt -0.0920 0.9581 0.0000
vt -0.1082 0.9316 0.0000
vt -0.1353 0.9029 0.0000
vt -0.1732 0.8720 0.0000
vt 0.2188 0.9928 0.0000
vt 0.1702 1.0022 0.0000
vt 0.1362 1.0157 0.0000
vt 0.1168 1.0334 0.0000
vt 0.1121 1.0552 0.0000
vt 0.1219 1.0813 0.0000
vt 0.1463 1.1115 0.0000
vt 0.1854 1.1458 0.0000
vt 0.1411 1.1107 0.0000
vt 0.1009 1.0783 0.0000
vt 0.0648 1.0486 0.0000
vt 0.0328 1.0215 0.0000
vt 0.0049 0.9971 0.0000
vt -0.0189 0.9755 0.0000
vt -0.0387 0.9565 0.0000
vt -0.0543 0.9402 0.0000
vt 0.0989 1.1946 0.0000
vt 0.9011 1.1946 0.0000
vt 0.0989 1.1601 0.0000
vt 0.9011 1.1601 0.0000
vt 0.0989 1.1256 0.0000
vt 0.9011 1.1256 0.0000
vt 0.0989 1.0911 0.0000
vt 0.9011 1.0911 0.0000
vt 0.0989 1.0566 0.0000
vt 0.9011 1.0566 0.0000
vt 0.0989 1.0221 0.0000
vt 0.9011 1.0221 0.0000
vt 0.2820 0.6885 0.0000
vt 0.7180 0.6885 0.0000
vt 0.2820 0.7384 0.0000
vt 0.7180 0.7384 0.0000
vt 0.2820 0.7882 0.0000
vt 0.7180 0.7882 0.0000
vt 0.2820 0.8381 0.0000
vt 0.7180 0.8381 0.0000
vt 0.2820 0.8879 0.0000
vt 0.7180 0.8879 0.0000
vt 0.2820 0.9378 0.0000
vt 0.7180 0.9378 0.0000
vt 0.1349 -0.0029 0.0000
vt 0.1366 0.9847 0.0000
vt 0.1594 -0.0024 0.0000
vt 0.1609 0.9852 0.0000
vt 0.1839 -0.0020 0.0000
vt 0.1851 0.9857 0.0000
vt 0.2084 -0.0015 0.0000
vt 0.2093 0.9862 0.0000
vt 0.2330 -0.0010 0.0000
vt 0.2336 0.9867 0.0000
vt 0.2575 -0.0005 0.0000
vt 0.2578 0.9871 0.0000
vt 0.8634 0.9847 0.0000
vt 0.8651 -0.0029 0.0000
vt 0.8391 0.9852 0.0000
vt 0.8406 -0.0024 0.0000
vt 0.8149 0.9857 0.0000
vt 0.8161 -0.0020 0.0000
vt 0.7907 0.9862 0.0000
vt 0.7916 -0.0015 0.0000
vt 0.7664 0.9867 0.0000
vt 0.7670 -0.0010 0.0000
vt 0.7422 0.9871 0.0000
vt 0.7425 -0.0005 0.0000
vt 0.2079 -0.0079 0.0000
vt 0.2031 0.9799 0.0000
vt 0.1898 -0.0066 0.0000
vt 0.1857 0.9812 0.0000
vt 0.1716 -0.0053 0.0000
vt 0.1684 0.9825 0.0000
vt 0.1534 -0.0040 0.0000
vt 0.1510 0.9838 0.0000
vt 0.1353 -0.0026 0.0000
vt 0.1336 0.9851 0.0000
vt 0.1171 -0.0013 0.0000
vt 0.1163 0.9863 0.0000
# 159 texture coords

o Box026
g Box026
usemtl wire_062062062
s 1
f 985/478/985 986/479/986 987/480/987 988/481/988 989/482/989 990/483/990 991/484/991 992/485/992 993/486/993 994/487/994 995/488/995 996/489/996 997/490/997 998/491/998 999/492/999 1000/493/1000 1001/494/1001 1002/495/1002 1003/496/1003 1004/497/1004 1005/498/1005 1006/499/1006 1007/500/1007 1008/501/1008 1009/502/1009 1010/503/1010 1011/504/1011 1012/505/1012 1013/506/1013 1014/507/1014 1015/508/1015 1016/509/1016 1017/510/1017 1018/511/1018 1019/512/1019 1020/513/1020 
s 2
f 1021/514/1021 1022/515/1022 1023/516/1023 1024/517/1024 
f 985/513/985 1020/478/1020 1025/518/1025 1026/519/1026 
f 1012/520/1012 1011/521/1011 1027/522/1027 1028/523/1028 
f 1003/513/1003 1002/478/1002 1029/518/1029 1030/519/1030 
f 994/520/994 993/521/993 1031/522/1031 1032/523/1032 
f 1026/519/1026 1033/524/1033 1034/524/1034 
f 1028/523/1028 1035/524/1035 1036/524/1036 
f 1032/523/1032 1037/524/1037 1038/524/1038 
f 1030/519/1030 1039/524/1039 1040/524/1040 
f 1021/525/1021 1041/526/1041 1042/527/1042 1022/528/1022 
f 1022/529/1022 1043/530/1043 1044/531/1044 1023/532/1023 
f 1023/525/1023 1045/526/1045 1046/527/1046 1024/528/1024 
f 1024/529/1024 1047/530/1047 1048/531/1048 1021/532/1021 
f 1020/533/1020 1019/534/1019 1049/535/1049 1025/536/1025 
f 1026/537/1026 1034/538/1034 986/539/986 985/540/985 
f 1011/541/1011 1010/542/1010 1050/543/1050 1027/544/1027 
f 1002/533/1002 1001/534/1001 1051/535/1051 1029/536/1029 
f 1026/519/1026 1052/545/1052 1053/524/1053 
f 1052/545/1052 1054/546/1054 1055/524/1055 1053/524/1053 
f 1054/546/1054 1056/547/1056 1057/524/1057 1055/524/1055 
f 1056/547/1056 1058/548/1058 1059/524/1059 1057/524/1057 
f 1058/548/1058 1060/549/1060 1061/524/1061 1059/524/1059 
f 1060/549/1060 1062/550/1062 1063/524/1063 1061/524/1061 
f 1062/550/1062 1041/551/1041 1064/524/1064 1063/524/1063 
f 1041/551/1041 1021/552/1021 1048/553/1048 1064/524/1064 
f 1026/519/1026 1053/524/1053 1065/524/1065 
f 1053/524/1053 1055/524/1055 1066/524/1066 1065/524/1065 
f 1055/524/1055 1057/524/1057 1067/524/1067 1066/524/1066 
f 1057/524/1057 1059/524/1059 1068/524/1068 1067/524/1067 
f 1059/524/1059 1061/524/1061 1069/524/1069 1068/524/1068 
f 1061/524/1061 1063/524/1063 1070/524/1070 1069/524/1069 
f 1063/524/1063 1064/524/1064 1071/524/1071 1070/524/1070 
f 1064/524/1064 1048/553/1048 1072/554/1072 1071/524/1071 
f 1026/519/1026 1065/524/1065 1073/524/1073 
f 1065/524/1065 1066/524/1066 1074/524/1074 1073/524/1073 
f 1066/524/1066 1067/524/1067 1075/524/1075 1074/524/1074 
f 1067/524/1067 1068/524/1068 1076/524/1076 1075/524/1075 
f 1068/524/1068 1069/524/1069 1077/524/1077 1076/524/1076 
f 1069/524/1069 1070/524/1070 1078/524/1078 1077/524/1077 
f 1070/524/1070 1071/524/1071 1079/524/1079 1078/524/1078 
f 1071/524/1071 1072/554/1072 1080/555/1080 1079/524/1079 
f 1026/519/1026 1073/524/1073 1081/524/1081 
f 1073/524/1073 1074/524/1074 1082/524/1082 1081/524/1081 
f 1074/524/1074 1075/524/1075 1083/524/1083 1082/524/1082 
f 1075/524/1075 1076/524/1076 1084/524/1084 1083/524/1083 
f 1076/524/1076 1077/524/1077 1085/524/1085 1084/524/1084 
f 1077/524/1077 1078/524/1078 1086/524/1086 1085/524/1085 
f 1078/524/1078 1079/524/1079 1087/524/1087 1086/524/1086 
f 1079/524/1079 1080/555/1080 1088/556/1088 1087/524/1087 
f 1026/519/1026 1081/524/1081 1089/524/1089 
f 1081/524/1081 1082/524/1082 1090/524/1090 1089/524/1089 
f 1082/524/1082 1083/524/1083 1091/524/1091 1090/524/1090 
f 1083/524/1083 1084/524/1084 1092/524/1092 1091/524/1091 
f 1084/524/1084 1085/524/1085 1093/524/1093 1092/524/1092 
f 1085/524/1085 1086/524/1086 1094/524/1094 1093/524/1093 
f 1086/524/1086 1087/524/1087 1095/524/1095 1094/524/1094 
f 1087/524/1087 1088/556/1088 1096/557/1096 1095/524/1095 
f 1026/519/1026 1089/524/1089 1097/524/1097 
f 1089/524/1089 1090/524/1090 1098/524/1098 1097/524/1097 
f 1090/524/1090 1091/524/1091 1099/524/1099 1098/524/1098 
f 1091/524/1091 1092/524/1092 1100/524/1100 1099/524/1099 
f 1092/524/1092 1093/524/1093 1101/524/1101 1100/524/1100 
f 1093/524/1093 1094/524/1094 1102/524/1102 1101/524/1101 
f 1094/524/1094 1095/524/1095 1103/524/1103 1102/524/1102 
f 1095/524/1095 1096/557/1096 1104/558/1104 1103/524/1103 
f 1026/519/1026 1097/524/1097 1033/524/1033 
f 1097/524/1097 1098/524/1098 1105/524/1105 1033/524/1033 
f 1098/524/1098 1099/524/1099 1106/524/1106 1105/524/1105 
f 1099/524/1099 1100/524/1100 1107/524/1107 1106/524/1106 
f 1100/524/1100 1101/524/1101 1108/524/1108 1107/524/1107 
f 1101/524/1101 1102/524/1102 1109/524/1109 1108/524/1108 
f 1102/524/1102 1103/524/1103 1110/524/1110 1109/524/1109 
f 1103/524/1103 1104/558/1104 1111/559/1111 1110/524/1110 
f 1033/524/1033 1105/524/1105 1112/524/1112 1034/524/1034 
f 1105/524/1105 1106/524/1106 1113/524/1113 1112/524/1112 
f 1106/524/1106 1107/524/1107 1114/524/1114 1113/524/1113 
f 1107/524/1107 1108/524/1108 1115/524/1115 1114/524/1114 
f 1108/524/1108 1109/524/1109 1116/524/1116 1115/524/1115 
f 1109/524/1109 1110/524/1110 1117/524/1117 1116/524/1116 
f 1110/524/1110 1111/559/1111 1031/560/1031 1117/524/1117 
f 1028/523/1028 1118/561/1118 1119/524/1119 
f 1118/561/1118 1120/562/1120 1121/524/1121 1119/524/1119 
f 1120/562/1120 1122/563/1122 1123/524/1123 1121/524/1121 
f 1122/563/1122 1124/564/1124 1125/524/1125 1123/524/1123 
f 1124/564/1124 1126/565/1126 1127/524/1127 1125/524/1125 
f 1126/565/1126 1128/566/1128 1129/524/1129 1127/524/1127 
f 1128/566/1128 1043/567/1043 1130/524/1130 1129/524/1129 
f 1043/567/1043 1022/568/1022 1042/569/1042 1130/524/1130 
f 1028/523/1028 1119/524/1119 1131/524/1131 
f 1119/524/1119 1121/524/1121 1132/524/1132 1131/524/1131 
f 1121/524/1121 1123/524/1123 1133/524/1133 1132/524/1132 
f 1123/524/1123 1125/524/1125 1134/524/1134 1133/524/1133 
f 1125/524/1125 1127/524/1127 1135/524/1135 1134/524/1134 
f 1127/524/1127 1129/524/1129 1136/524/1136 1135/524/1135 
f 1129/524/1129 1130/524/1130 1137/524/1137 1136/524/1136 
f 1130/524/1130 1042/569/1042 1138/570/1138 1137/524/1137 
f 1028/523/1028 1131/524/1131 1139/524/1139 
f 1131/524/1131 1132/524/1132 1140/524/1140 1139/524/1139 
f 1132/524/1132 1133/524/1133 1141/524/1141 1140/524/1140 
f 1133/524/1133 1134/524/1134 1142/524/1142 1141/524/1141 
f 1134/524/1134 1135/524/1135 1143/524/1143 1142/524/1142 
f 1135/524/1135 1136/524/1136 1144/524/1144 1143/524/1143 
f 1136/524/1136 1137/524/1137 1145/524/1145 1144/524/1144 
f 1137/524/1137 1138/570/1138 1146/571/1146 1145/524/1145 
f 1028/523/1028 1139/524/1139 1147/524/1147 
f 1139/524/1139 1140/524/1140 1148/524/1148 1147/524/1147 
f 1140/524/1140 1141/524/1141 1149/524/1149 1148/524/1148 
f 1141/524/1141 1142/524/1142 1150/524/1150 1149/524/1149 
f 1142/524/1142 1143/524/1143 1151/524/1151 1150/524/1150 
f 1143/524/1143 1144/524/1144 1152/524/1152 1151/524/1151 
f 1144/524/1144 1145/524/1145 1153/524/1153 1152/524/1152 
f 1145/524/1145 1146/571/1146 1154/572/1154 1153/524/1153 
f 1028/523/1028 1147/524/1147 1155/524/1155 
f 1147/524/1147 1148/524/1148 1156/524/1156 1155/524/1155 
f 1148/524/1148 1149/524/1149 1157/524/1157 1156/524/1156 
f 1149/524/1149 1150/524/1150 1158/524/1158 1157/524/1157 
f 1150/524/1150 1151/524/1151 1159/524/1159 1158/524/1158 
f 1151/524/1151 1152/524/1152 1160/524/1160 1159/524/1159 
f 1152/524/1152 1153/524/1153 1161/524/1161 1160/524/1160 
f 1153/524/1153 1154/572/1154 1162/573/1162 1161/524/1161 
f 1028/523/1028 1155/524/1155 1163/524/1163 
f 1155/524/1155 1156/524/1156 1164/524/1164 1163/524/1163 
f 1156/524/1156 1157/524/1157 1165/524/1165 1164/524/1164 
f 1157/524/1157 1158/524/1158 1166/524/1166 1165/524/1165 
f 1158/524/1158 1159/524/1159 1167/524/1167 1166/524/1166 
f 1159/524/1159 1160/524/1160 1168/524/1168 1167/524/1167 
f 1160/524/1160 1161/524/1161 1169/524/1169 1168/524/1168 
f 1161/524/1161 1162/573/1162 1170/574/1170 1169/524/1169 
f 1028/523/1028 1163/524/1163 1035/524/1035 
f 1163/524/1163 1164/524/1164 1171/524/1171 1035/524/1035 
f 1164/524/1164 1165/524/1165 1172/524/1172 1171/524/1171 
f 1165/524/1165 1166/524/1166 1173/524/1173 1172/524/1172 
f 1166/524/1166 1167/524/1167 1174/524/1174 1173/524/1173 
f 1167/524/1167 1168/524/1168 1175/524/1175 1174/524/1174 
f 1168/524/1168 1169/524/1169 1176/524/1176 1175/524/1175 
f 1169/524/1169 1170/574/1170 1177/575/1177 1176/524/1176 
f 1035/524/1035 1171/524/1171 1178/524/1178 1036/524/1036 
f 1171/524/1171 1172/524/1172 1179/524/1179 1178/524/1178 
f 1172/524/1172 1173/524/1173 1180/524/1180 1179/524/1179 
f 1173/524/1173 1174/524/1174 1181/524/1181 1180/524/1180 
f 1174/524/1174 1175/524/1175 1182/524/1182 1181/524/1181 
f 1175/524/1175 1176/524/1176 1049/524/1049 1182/524/1182 
f 1176/524/1176 1177/575/1177 1025/576/1025 1049/524/1049 
f 1032/523/1032 1183/561/1183 1184/524/1184 
f 1183/561/1183 1185/562/1185 1186/524/1186 1184/524/1184 
f 1185/562/1185 1187/563/1187 1188/524/1188 1186/524/1186 
f 1187/563/1187 1189/564/1189 1190/524/1190 1188/524/1188 
f 1189/564/1189 1191/565/1191 1192/524/1192 1190/524/1190 
f 1191/565/1191 1193/566/1193 1194/524/1194 1192/524/1192 
f 1193/566/1193 1047/567/1047 1195/524/1195 1194/524/1194 
f 1047/567/1047 1024/568/1024 1046/569/1046 1195/524/1195 
f 1032/523/1032 1184/524/1184 1196/524/1196 
f 1184/524/1184 1186/524/1186 1197/524/1197 1196/524/1196 
f 1186/524/1186 1188/524/1188 1198/524/1198 1197/524/1197 
f 1188/524/1188 1190/524/1190 1199/524/1199 1198/524/1198 
f 1190/524/1190 1192/524/1192 1200/524/1200 1199/524/1199 
f 1192/524/1192 1194/524/1194 1201/524/1201 1200/524/1200 
f 1194/524/1194 1195/524/1195 1202/524/1202 1201/524/1201 
f 1195/524/1195 1046/569/1046 1203/570/1203 1202/524/1202 
f 1032/523/1032 1196/524/1196 1204/524/1204 
f 1196/524/1196 1197/524/1197 1205/524/1205 1204/524/1204 
f 1197/524/1197 1198/524/1198 1206/524/1206 1205/524/1205 
f 1198/524/1198 1199/524/1199 1207/524/1207 1206/524/1206 
f 1199/524/1199 1200/524/1200 1208/524/1208 1207/524/1207 
f 1200/524/1200 1201/524/1201 1209/524/1209 1208/524/1208 
f 1201/524/1201 1202/524/1202 1210/524/1210 1209/524/1209 
f 1202/524/1202 1203/570/1203 1211/571/1211 1210/524/1210 
f 1032/523/1032 1204/524/1204 1212/524/1212 
f 1204/524/1204 1205/524/1205 1213/524/1213 1212/524/1212 
f 1205/524/1205 1206/524/1206 1214/524/1214 1213/524/1213 
f 1206/524/1206 1207/524/1207 1215/524/1215 1214/524/1214 
f 1207/524/1207 1208/524/1208 1216/524/1216 1215/524/1215 
f 1208/524/1208 1209/524/1209 1217/524/1217 1216/524/1216 
f 1209/524/1209 1210/524/1210 1218/524/1218 1217/524/1217 
f 1210/524/1210 1211/571/1211 1219/572/1219 1218/524/1218 
f 1032/523/1032 1212/524/1212 1220/524/1220 
f 1212/524/1212 1213/524/1213 1221/524/1221 1220/524/1220 
f 1213/524/1213 1214/524/1214 1222/524/1222 1221/524/1221 
f 1214/524/1214 1215/524/1215 1223/524/1223 1222/524/1222 
f 1215/524/1215 1216/524/1216 1224/524/1224 1223/524/1223 
f 1216/524/1216 1217/524/1217 1225/524/1225 1224/524/1224 
f 1217/524/1217 1218/524/1218 1226/524/1226 1225/524/1225 
f 1218/524/1218 1219/572/1219 1227/573/1227 1226/524/1226 
f 1032/523/1032 1220/524/1220 1228/524/1228 
f 1220/524/1220 1221/524/1221 1229/524/1229 1228/524/1228 
f 1221/524/1221 1222/524/1222 1230/524/1230 1229/524/1229 
f 1222/524/1222 1223/524/1223 1231/524/1231 1230/524/1230 
f 1223/524/1223 1224/524/1224 1232/524/1232 1231/524/1231 
f 1224/524/1224 1225/524/1225 1233/524/1233 1232/524/1232 
f 1225/524/1225 1226/524/1226 1234/524/1234 1233/524/1233 
f 1226/524/1226 1227/573/1227 1235/574/1235 1234/524/1234 
f 1032/523/1032 1228/524/1228 1037/524/1037 
f 1228/524/1228 1229/524/1229 1236/524/1236 1037/524/1037 
f 1229/524/1229 1230/524/1230 1237/524/1237 1236/524/1236 
f 1230/524/1230 1231/524/1231 1238/524/1238 1237/524/1237 
f 1231/524/1231 1232/524/1232 1239/524/1239 1238/524/1238 
f 1232/524/1232 1233/524/1233 1240/524/1240 1239/524/1239 
f 1233/524/1233 1234/524/1234 1241/524/1241 1240/524/1240 
f 1234/524/1234 1235/574/1235 1242/575/1242 1241/524/1241 
f 1037/524/1037 1236/524/1236 1243/524/1243 1038/524/1038 
f 1236/524/1236 1237/524/1237 1244/524/1244 1243/524/1243 
f 1237/524/1237 1238/524/1238 1245/524/1245 1244/524/1244 
f 1238/524/1238 1239/524/1239 1246/524/1246 1245/524/1245 
f 1239/524/1239 1240/524/1240 1247/524/1247 1246/524/1246 
f 1240/524/1240 1241/524/1241 1051/524/1051 1247/524/1247 
f 1241/524/1241 1242/575/1242 1029/576/1029 1051/524/1051 
f 1030/519/1030 1248/545/1248 1249/524/1249 
f 1248/545/1248 1250/546/1250 1251/524/1251 1249/524/1249 
f 1250/546/1250 1252/547/1252 1253/524/1253 1251/524/1251 
f 1252/547/1252 1254/548/1254 1255/524/1255 1253/524/1253 
f 1254/548/1254 1256/549/1256 1257/524/1257 1255/524/1255 
f 1256/549/1256 1258/550/1258 1259/524/1259 1257/524/1257 
f 1258/550/1258 1045/551/1045 1260/524/1260 1259/524/1259 
f 1045/551/1045 1023/552/1023 1044/553/1044 1260/524/1260 
f 1030/519/1030 1249/524/1249 1261/524/1261 
f 1249/524/1249 1251/524/1251 1262/524/1262 1261/524/1261 
f 1251/524/1251 1253/524/1253 1263/524/1263 1262/524/1262 
f 1253/524/1253 1255/524/1255 1264/524/1264 1263/524/1263 
f 1255/524/1255 1257/524/1257 1265/524/1265 1264/524/1264 
f 1257/524/1257 1259/524/1259 1266/524/1266 1265/524/1265 
f 1259/524/1259 1260/524/1260 1267/524/1267 1266/524/1266 
f 1260/524/1260 1044/553/1044 1268/554/1268 1267/524/1267 
f 1030/519/1030 1261/524/1261 1269/524/1269 
f 1261/524/1261 1262/524/1262 1270/524/1270 1269/524/1269 
f 1262/524/1262 1263/524/1263 1271/524/1271 1270/524/1270 
f 1263/524/1263 1264/524/1264 1272/524/1272 1271/524/1271 
f 1264/524/1264 1265/524/1265 1273/524/1273 1272/524/1272 
f 1265/524/1265 1266/524/1266 1274/524/1274 1273/524/1273 
f 1266/524/1266 1267/524/1267 1275/524/1275 1274/524/1274 
f 1267/524/1267 1268/554/1268 1276/555/1276 1275/524/1275 
f 1030/519/1030 1269/524/1269 1277/524/1277 
f 1269/524/1269 1270/524/1270 1278/524/1278 1277/524/1277 
f 1270/524/1270 1271/524/1271 1279/524/1279 1278/524/1278 
f 1271/524/1271 1272/524/1272 1280/524/1280 1279/524/1279 
f 1272/524/1272 1273/524/1273 1281/524/1281 1280/524/1280 
f 1273/524/1273 1274/524/1274 1282/524/1282 1281/524/1281 
f 1274/524/1274 1275/524/1275 1283/524/1283 1282/524/1282 
f 1275/524/1275 1276/555/1276 1284/556/1284 1283/524/1283 
f 1030/519/1030 1277/524/1277 1285/524/1285 
f 1277/524/1277 1278/524/1278 1286/524/1286 1285/524/1285 
f 1278/524/1278 1279/524/1279 1287/524/1287 1286/524/1286 
f 1279/524/1279 1280/524/1280 1288/524/1288 1287/524/1287 
f 1280/524/1280 1281/524/1281 1289/524/1289 1288/524/1288 
f 1281/524/1281 1282/524/1282 1290/524/1290 1289/524/1289 
f 1282/524/1282 1283/524/1283 1291/524/1291 1290/524/1290 
f 1283/524/1283 1284/556/1284 1292/557/1292 1291/524/1291 
f 1030/519/1030 1285/524/1285 1293/524/1293 
f 1285/524/1285 1286/524/1286 1294/524/1294 1293/524/1293 
f 1286/524/1286 1287/524/1287 1295/524/1295 1294/524/1294 
f 1287/524/1287 1288/524/1288 1296/524/1296 1295/524/1295 
f 1288/524/1288 1289/524/1289 1297/524/1297 1296/524/1296 
f 1289/524/1289 1290/524/1290 1298/524/1298 1297/524/1297 
f 1290/524/1290 1291/524/1291 1299/524/1299 1298/524/1298 
f 1291/524/1291 1292/557/1292 1300/558/1300 1299/524/1299 
f 1030/519/1030 1293/524/1293 1039/524/1039 
f 1293/524/1293 1294/524/1294 1301/524/1301 1039/524/1039 
f 1294/524/1294 1295/524/1295 1302/524/1302 1301/524/1301 
f 1295/524/1295 1296/524/1296 1303/524/1303 1302/524/1302 
f 1296/524/1296 1297/524/1297 1304/524/1304 1303/524/1303 
f 1297/524/1297 1298/524/1298 1305/524/1305 1304/524/1304 
f 1298/524/1298 1299/524/1299 1306/524/1306 1305/524/1305 
f 1299/524/1299 1300/558/1300 1307/559/1307 1306/524/1306 
f 1039/524/1039 1301/524/1301 1308/524/1308 1040/524/1040 
f 1301/524/1301 1302/524/1302 1309/524/1309 1308/524/1308 
f 1302/524/1302 1303/524/1303 1310/524/1310 1309/524/1309 
f 1303/524/1303 1304/524/1304 1311/524/1311 1310/524/1310 
f 1304/524/1304 1305/524/1305 1312/524/1312 1311/524/1311 
f 1305/524/1305 1306/524/1306 1050/524/1050 1312/524/1312 
f 1306/524/1306 1307/559/1307 1027/560/1027 1050/524/1050 
f 1041/526/1041 1062/577/1062 1138/578/1138 1042/527/1042 
f 1062/577/1062 1060/579/1060 1146/580/1146 1138/578/1138 
f 1060/579/1060 1058/581/1058 1154/582/1154 1146/580/1146 
f 1058/581/1058 1056/583/1056 1162/584/1162 1154/582/1154 
f 1056/583/1056 1054/585/1054 1170/586/1170 1162/584/1162 
f 1054/585/1054 1052/587/1052 1177/588/1177 1170/586/1170 
f 1052/587/1052 1026/519/1026 1025/518/1025 1177/588/1177 
f 1043/530/1043 1128/589/1128 1268/590/1268 1044/531/1044 
f 1128/589/1128 1126/591/1126 1276/592/1276 1268/590/1268 
f 1126/591/1126 1124/593/1124 1284/594/1284 1276/592/1276 
f 1124/593/1124 1122/595/1122 1292/596/1292 1284/594/1284 
f 1122/595/1122 1120/597/1120 1300/598/1300 1292/596/1292 
f 1120/597/1120 1118/599/1118 1307/600/1307 1300/598/1300 
f 1118/599/1118 1028/523/1028 1027/522/1027 1307/600/1307 
f 1045/526/1045 1258/577/1258 1203/578/1203 1046/527/1046 
f 1258/577/1258 1256/579/1256 1211/580/1211 1203/578/1203 
f 1256/579/1256 1254/581/1254 1219/582/1219 1211/580/1211 
f 1254/581/1254 1252/583/1252 1227/584/1227 1219/582/1219 
f 1252/583/1252 1250/585/1250 1235/586/1235 1227/584/1227 
f 1250/585/1250 1248/587/1248 1242/588/1242 1235/586/1235 
f 1248/587/1248 1030/519/1030 1029/518/1029 1242/588/1242 
f 1047/530/1047 1193/589/1193 1072/590/1072 1048/531/1048 
f 1193/589/1193 1191/591/1191 1080/592/1080 1072/590/1072 
f 1191/591/1191 1189/593/1189 1088/594/1088 1080/592/1080 
f 1189/593/1189 1187/595/1187 1096/596/1096 1088/594/1088 
f 1187/595/1187 1185/597/1185 1104/598/1104 1096/596/1096 
f 1185/597/1185 1183/599/1183 1111/600/1111 1104/598/1104 
f 1183/599/1183 1032/523/1032 1031/522/1031 1111/600/1111 
f 1019/534/1019 1018/601/1018 1182/602/1182 1049/535/1049 
f 1018/601/1018 1017/603/1017 1181/604/1181 1182/602/1182 
f 1017/603/1017 1016/605/1016 1180/606/1180 1181/604/1181 
f 1016/605/1016 1015/607/1015 1179/608/1179 1180/606/1180 
f 1015/607/1015 1014/609/1014 1178/610/1178 1179/608/1179 
f 1014/609/1014 1013/611/1013 1036/612/1036 1178/610/1178 
f 1013/611/1013 1012/520/1012 1028/523/1028 1036/612/1036 
f 1034/538/1034 1112/613/1112 987/614/987 986/539/986 
f 1112/613/1112 1113/615/1113 988/616/988 987/614/987 
f 1113/615/1113 1114/617/1114 989/618/989 988/616/988 
f 1114/617/1114 1115/619/1115 990/620/990 989/618/989 
f 1115/619/1115 1116/621/1116 991/622/991 990/620/990 
f 1116/621/1116 1117/623/1117 992/624/992 991/622/991 
f 1117/623/1117 1031/522/1031 993/521/993 992/624/992 
f 1010/542/1010 1009/625/1009 1312/626/1312 1050/543/1050 
f 1009/625/1009 1008/627/1008 1311/628/1311 1312/626/1312 
f 1008/627/1008 1007/629/1007 1310/630/1310 1311/628/1311 
f 1007/629/1007 1006/631/1006 1309/632/1309 1310/630/1310 
f 1006/631/1006 1005/633/1005 1308/634/1308 1309/632/1309 
f 1005/633/1005 1004/635/1004 1040/636/1040 1308/634/1308 
f 1004/635/1004 1003/513/1003 1030/519/1030 1040/636/1040 
f 1001/534/1001 1000/601/1000 1247/602/1247 1051/535/1051 
f 1000/601/1000 999/603/999 1246/604/1246 1247/602/1247 
f 999/603/999 998/605/998 1245/606/1245 1246/604/1246 
f 998/605/998 997/607/997 1244/608/1244 1245/606/1245 
f 997/607/997 996/609/996 1243/610/1243 1244/608/1244 
f 996/609/996 995/611/995 1038/612/1038 1243/610/1243 
f 995/611/995 994/520/994 1032/523/1032 1038/612/1038 
# 294 polygons - 32 triangles

#
# object Box027
#

v  30.0819 2.3678 20.8794
v  30.0819 2.3557 20.8766
v  30.0819 2.3452 20.8685
v  30.0819 2.3363 20.8549
v  30.0819 2.3290 20.8359
v  30.0819 2.3233 20.8114
v  30.0819 2.3192 20.7815
v  30.0819 2.3168 20.7462
v  30.0819 2.3160 20.7054
v  30.0819 2.3160 20.4365
v  30.0819 2.3168 20.3957
v  30.0819 2.3192 20.3604
v  30.0819 2.3233 20.3305
v  30.0819 2.3290 20.3060
v  30.0819 2.3363 20.2870
v  30.0819 2.3452 20.2734
v  30.0819 2.3557 20.2653
v  30.0819 2.3678 20.2625
v  30.0819 2.7882 20.2625
v  30.0819 2.8004 20.2653
v  30.0819 2.8109 20.2734
v  30.0819 2.8198 20.2870
v  30.0819 2.8271 20.3060
v  30.0819 2.8328 20.3305
v  30.0819 2.8368 20.3604
v  30.0819 2.8392 20.3957
v  30.0819 2.8400 20.4365
v  30.0819 2.8400 20.7054
v  30.0819 2.8392 20.7462
v  30.0819 2.8368 20.7815
v  30.0819 2.8328 20.8114
v  30.0819 2.8271 20.8359
v  30.0819 2.8198 20.8549
v  30.0819 2.8109 20.8685
v  30.0819 2.8004 20.8766
v  30.0819 2.7882 20.8794
v  29.7870 2.3678 20.7054
v  29.7870 2.7882 20.7054
v  29.7870 2.7882 20.4365
v  29.7870 2.3678 20.4365
v  29.7907 2.7882 20.8794
v  29.7907 2.3678 20.8794
v  29.7907 2.8400 20.4365
v  29.7907 2.8400 20.7054
v  29.7907 2.3678 20.2625
v  29.7907 2.7882 20.2625
v  29.7907 2.3160 20.7054
v  29.7907 2.3160 20.4365
v  29.7905 2.3559 20.8766
v  29.7907 2.3557 20.8766
v  29.7905 2.8392 20.7455
v  29.7907 2.8392 20.7462
v  29.7905 2.3168 20.3964
v  29.7907 2.3168 20.3957
v  29.7905 2.8002 20.2653
v  29.7907 2.8004 20.2653
v  29.7871 2.3678 20.7462
v  29.7871 2.7882 20.7462
v  29.7871 2.8004 20.7054
v  29.7871 2.8004 20.4365
v  29.7871 2.7882 20.3957
v  29.7871 2.3678 20.3957
v  29.7871 2.3557 20.4365
v  29.7871 2.3557 20.7054
v  29.7907 2.8004 20.8766
v  29.7907 2.8392 20.3957
v  29.7907 2.3557 20.2653
v  29.7898 2.3678 20.8766
v  29.7898 2.3650 20.8766
v  29.7891 2.3678 20.8685
v  29.7891 2.3625 20.8685
v  29.7885 2.3678 20.8549
v  29.7885 2.3604 20.8549
v  29.7879 2.3678 20.8359
v  29.7880 2.3587 20.8359
v  29.7875 2.3678 20.8114
v  29.7876 2.3574 20.8114
v  29.7873 2.3678 20.7815
v  29.7873 2.3565 20.7815
v  29.7872 2.3559 20.7462
v  29.7899 2.3625 20.8766
v  29.7892 2.3579 20.8685
v  29.7886 2.3540 20.8549
v  29.7881 2.3508 20.8359
v  29.7877 2.3484 20.8114
v  29.7875 2.3466 20.7815
v  29.7873 2.3455 20.7462
v  29.7873 2.3452 20.7054
v  29.7899 2.3604 20.8766
v  29.7893 2.3540 20.8685
v  29.7888 2.3486 20.8549
v  29.7883 2.3442 20.8359
v  29.7880 2.3407 20.8114
v  29.7877 2.3382 20.7815
v  29.7876 2.3367 20.7462
v  29.7875 2.3363 20.7054
v  29.7900 2.3587 20.8766
v  29.7895 2.3508 20.8685
v  29.7890 2.3442 20.8549
v  29.7886 2.3387 20.8359
v  29.7883 2.3344 20.8114
v  29.7881 2.3314 20.7815
v  29.7880 2.3296 20.7462
v  29.7879 2.3290 20.7054
v  29.7902 2.3574 20.8766
v  29.7897 2.3484 20.8685
v  29.7893 2.3407 20.8549
v  29.7890 2.3344 20.8359
v  29.7888 2.3296 20.8114
v  29.7886 2.3261 20.7815
v  29.7885 2.3240 20.7462
v  29.7885 2.3233 20.7054
v  29.7903 2.3565 20.8766
v  29.7900 2.3466 20.8685
v  29.7897 2.3382 20.8549
v  29.7895 2.3314 20.8359
v  29.7893 2.3261 20.8114
v  29.7892 2.3223 20.7815
v  29.7891 2.3200 20.7462
v  29.7891 2.3192 20.7054
v  29.7903 2.3455 20.8685
v  29.7902 2.3367 20.8549
v  29.7900 2.3296 20.8359
v  29.7899 2.3240 20.8114
v  29.7899 2.3200 20.7815
v  29.7898 2.3176 20.7462
v  29.7898 2.3168 20.7054
v  29.7907 2.3452 20.8685
v  29.7907 2.3363 20.8549
v  29.7907 2.3290 20.8359
v  29.7907 2.3233 20.8114
v  29.7907 2.3192 20.7815
v  29.7907 2.3168 20.7462
v  29.7898 2.8392 20.7054
v  29.7898 2.8392 20.7150
v  29.7891 2.8368 20.7054
v  29.7891 2.8368 20.7232
v  29.7885 2.8328 20.7054
v  29.7885 2.8328 20.7303
v  29.7879 2.8271 20.7054
v  29.7880 2.8271 20.7360
v  29.7875 2.8198 20.7054
v  29.7876 2.8198 20.7404
v  29.7873 2.8109 20.7054
v  29.7873 2.8109 20.7436
v  29.7872 2.8004 20.7455
v  29.7899 2.8392 20.7232
v  29.7892 2.8368 20.7387
v  29.7886 2.8328 20.7518
v  29.7881 2.8271 20.7625
v  29.7877 2.8198 20.7708
v  29.7875 2.8109 20.7768
v  29.7873 2.8004 20.7803
v  29.7873 2.7882 20.7815
v  29.7899 2.8392 20.7303
v  29.7893 2.8368 20.7518
v  29.7888 2.8328 20.7700
v  29.7883 2.8271 20.7849
v  29.7880 2.8198 20.7965
v  29.7877 2.8109 20.8048
v  29.7876 2.8004 20.8098
v  29.7875 2.7882 20.8114
v  29.7900 2.8392 20.7360
v  29.7895 2.8368 20.7625
v  29.7890 2.8328 20.7849
v  29.7886 2.8271 20.8033
v  29.7883 2.8198 20.8175
v  29.7881 2.8109 20.8277
v  29.7880 2.8004 20.8338
v  29.7879 2.7882 20.8359
v  29.7902 2.8392 20.7404
v  29.7897 2.8368 20.7708
v  29.7893 2.8328 20.7965
v  29.7890 2.8271 20.8175
v  29.7888 2.8198 20.8339
v  29.7886 2.8109 20.8456
v  29.7885 2.8004 20.8526
v  29.7885 2.7882 20.8549
v  29.7903 2.8392 20.7436
v  29.7900 2.8368 20.7768
v  29.7897 2.8328 20.8048
v  29.7895 2.8271 20.8277
v  29.7893 2.8198 20.8456
v  29.7892 2.8109 20.8583
v  29.7891 2.8004 20.8659
v  29.7891 2.7882 20.8685
v  29.7903 2.8368 20.7803
v  29.7902 2.8328 20.8098
v  29.7900 2.8271 20.8338
v  29.7899 2.8198 20.8526
v  29.7899 2.8109 20.8659
v  29.7898 2.8004 20.8740
v  29.7898 2.7882 20.8766
v  29.7907 2.8368 20.7815
v  29.7907 2.8328 20.8114
v  29.7907 2.8271 20.8359
v  29.7907 2.8198 20.8549
v  29.7907 2.8109 20.8685
v  29.7898 2.3168 20.4365
v  29.7898 2.3168 20.4269
v  29.7891 2.3192 20.4365
v  29.7891 2.3192 20.4187
v  29.7885 2.3233 20.4365
v  29.7885 2.3233 20.4116
v  29.7879 2.3290 20.4365
v  29.7880 2.3290 20.4059
v  29.7875 2.3363 20.4365
v  29.7876 2.3363 20.4015
v  29.7873 2.3452 20.4365
v  29.7873 2.3452 20.3983
v  29.7872 2.3557 20.3964
v  29.7899 2.3168 20.4187
v  29.7892 2.3192 20.4032
v  29.7886 2.3233 20.3901
v  29.7881 2.3290 20.3794
v  29.7877 2.3363 20.3711
v  29.7875 2.3452 20.3651
v  29.7873 2.3557 20.3616
v  29.7873 2.3678 20.3604
v  29.7899 2.3168 20.4116
v  29.7893 2.3192 20.3901
v  29.7888 2.3233 20.3719
v  29.7883 2.3290 20.3570
v  29.7880 2.3363 20.3454
v  29.7877 2.3452 20.3371
v  29.7876 2.3557 20.3321
v  29.7875 2.3678 20.3305
v  29.7900 2.3168 20.4059
v  29.7895 2.3192 20.3794
v  29.7890 2.3233 20.3570
v  29.7886 2.3290 20.3386
v  29.7883 2.3363 20.3244
v  29.7881 2.3452 20.3142
v  29.7880 2.3557 20.3081
v  29.7879 2.3678 20.3060
v  29.7902 2.3168 20.4015
v  29.7897 2.3192 20.3711
v  29.7893 2.3233 20.3454
v  29.7890 2.3290 20.3244
v  29.7888 2.3363 20.3080
v  29.7886 2.3452 20.2963
v  29.7885 2.3557 20.2893
v  29.7885 2.3678 20.2870
v  29.7903 2.3168 20.3983
v  29.7900 2.3192 20.3651
v  29.7897 2.3233 20.3371
v  29.7895 2.3290 20.3142
v  29.7893 2.3363 20.2963
v  29.7892 2.3452 20.2836
v  29.7891 2.3557 20.2760
v  29.7891 2.3678 20.2734
v  29.7903 2.3192 20.3616
v  29.7902 2.3233 20.3321
v  29.7900 2.3290 20.3081
v  29.7899 2.3363 20.2893
v  29.7899 2.3452 20.2760
v  29.7898 2.3557 20.2679
v  29.7898 2.3678 20.2653
v  29.7907 2.3192 20.3604
v  29.7907 2.3233 20.3305
v  29.7907 2.3290 20.3060
v  29.7907 2.3363 20.2870
v  29.7907 2.3452 20.2734
v  29.7898 2.7882 20.2653
v  29.7898 2.7911 20.2653
v  29.7891 2.7882 20.2734
v  29.7891 2.7935 20.2734
v  29.7885 2.7882 20.2870
v  29.7885 2.7956 20.2870
v  29.7879 2.7882 20.3060
v  29.7880 2.7973 20.3060
v  29.7875 2.7882 20.3305
v  29.7876 2.7986 20.3305
v  29.7873 2.7882 20.3604
v  29.7873 2.7996 20.3604
v  29.7872 2.8002 20.3957
v  29.7899 2.7935 20.2653
v  29.7892 2.7981 20.2734
v  29.7886 2.8020 20.2870
v  29.7881 2.8052 20.3060
v  29.7877 2.8077 20.3305
v  29.7875 2.8095 20.3604
v  29.7873 2.8105 20.3957
v  29.7873 2.8109 20.4365
v  29.7899 2.7956 20.2653
v  29.7893 2.8020 20.2734
v  29.7888 2.8075 20.2870
v  29.7883 2.8119 20.3060
v  29.7880 2.8154 20.3305
v  29.7877 2.8178 20.3604
v  29.7876 2.8193 20.3957
v  29.7875 2.8198 20.4365
v  29.7900 2.7973 20.2653
v  29.7895 2.8052 20.2734
v  29.7890 2.8119 20.2870
v  29.7886 2.8174 20.3060
v  29.7883 2.8216 20.3305
v  29.7881 2.8247 20.3604
v  29.7880 2.8265 20.3957
v  29.7879 2.8271 20.4365
v  29.7902 2.7986 20.2653
v  29.7897 2.8077 20.2734
v  29.7893 2.8154 20.2870
v  29.7890 2.8216 20.3060
v  29.7888 2.8265 20.3305
v  29.7886 2.8300 20.3604
v  29.7885 2.8321 20.3957
v  29.7885 2.8328 20.4365
v  29.7903 2.7996 20.2653
v  29.7900 2.8095 20.2734
v  29.7897 2.8178 20.2870
v  29.7895 2.8247 20.3060
v  29.7893 2.8300 20.3305
v  29.7892 2.8338 20.3604
v  29.7891 2.8360 20.3957
v  29.7891 2.8368 20.4365
v  29.7903 2.8105 20.2734
v  29.7902 2.8193 20.2870
v  29.7900 2.8265 20.3060
v  29.7899 2.8321 20.3305
v  29.7899 2.8360 20.3604
v  29.7898 2.8384 20.3957
v  29.7898 2.8392 20.4365
v  29.7907 2.8109 20.2734
v  29.7907 2.8198 20.2870
v  29.7907 2.8271 20.3060
v  29.7907 2.8328 20.3305
v  29.7907 2.8368 20.3604
# 328 vertices

vn 0.6997 -0.0238 0.7140
vn 0.6896 -0.1059 0.7164
vn 0.6853 -0.2337 0.6897
vn 0.6817 -0.3786 0.6261
vn 0.6802 -0.5183 0.5183
vn 0.6817 -0.6261 0.3786
vn 0.6853 -0.6897 0.2337
vn 0.6895 -0.7165 0.1059
vn 0.6997 -0.7140 0.0238
vn 0.6997 -0.7140 -0.0238
vn 0.6895 -0.7165 -0.1059
vn 0.6853 -0.6897 -0.2337
vn 0.6817 -0.6261 -0.3786
vn 0.6802 -0.5183 -0.5183
vn 0.6817 -0.3786 -0.6261
vn 0.6853 -0.2337 -0.6897
vn 0.6896 -0.1059 -0.7164
vn 0.6997 -0.0238 -0.7140
vn 0.6997 0.0238 -0.7140
vn 0.6896 0.1059 -0.7164
vn 0.6853 0.2337 -0.6897
vn 0.6817 0.3786 -0.6261
vn 0.6802 0.5183 -0.5183
vn 0.6817 0.6261 -0.3786
vn 0.6853 0.6897 -0.2337
vn 0.6895 0.7165 -0.1059
vn 0.6997 0.7140 -0.0238
vn 0.6997 0.7140 0.0238
vn 0.6895 0.7165 0.1059
vn 0.6853 0.6897 0.2337
vn 0.6817 0.6261 0.3786
vn 0.6802 0.5183 0.5183
vn 0.6817 0.3786 0.6261
vn 0.6853 0.2337 0.6897
vn 0.6896 0.1059 0.7164
vn 0.6997 0.0238 0.7140
vn -0.9989 -0.0332 0.0332
vn -0.9989 0.0332 0.0332
vn -0.9989 0.0332 -0.0332
vn -0.9989 -0.0332 -0.0332
vn -0.0332 0.0332 0.9989
vn -0.0267 -0.0267 0.9993
vn -0.0332 0.9989 -0.0332
vn -0.0267 0.9993 0.0267
vn -0.0332 -0.0332 -0.9989
vn -0.0267 0.0267 -0.9993
vn -0.0332 -0.9989 0.0332
vn -0.0267 -0.9993 -0.0267
vn -0.0214 -0.1475 0.9888
vn -0.0050 -0.1478 0.9890
vn -0.0214 0.9888 0.1475
vn -0.0050 0.9890 0.1478
vn -0.0214 -0.9888 -0.1475
vn -0.0050 -0.9890 -0.1478
vn -0.0214 0.1475 -0.9888
vn -0.0050 0.1478 -0.9890
vn -0.9888 -0.0329 0.1458
vn -0.9887 0.0335 0.1462
vn -0.9888 0.1458 0.0329
vn -0.9887 0.1462 -0.0335
vn -0.9888 0.0329 -0.1458
vn -0.9887 -0.0335 -0.1462
vn -0.9888 -0.1458 -0.0329
vn -0.9887 -0.1462 0.0335
vn -0.0329 0.1458 0.9888
vn -0.0329 0.9888 -0.1458
vn -0.0329 -0.1458 -0.9888
vn -0.1478 -0.0050 0.9890
vn -0.1475 -0.0214 0.9888
vn -0.3228 -0.0108 0.9464
vn -0.3198 -0.0467 0.9463
vn -0.5192 -0.0173 0.8545
vn -0.5133 -0.0754 0.8549
vn -0.7082 -0.0236 0.7056
vn -0.6999 -0.1032 0.7067
vn -0.8560 -0.0285 0.5161
vn -0.8463 -0.1252 0.5178
vn -0.9468 -0.0315 0.3201
vn -0.9366 -0.1387 0.3217
vn -0.9785 -0.1449 0.1467
vn -0.1396 -0.0466 0.9891
vn -0.3022 -0.1015 0.9478
vn -0.4858 -0.1638 0.8586
vn -0.6645 -0.2247 0.7127
vn -0.8064 -0.2734 0.5244
vn -0.8949 -0.3037 0.3269
vn -0.9363 -0.3178 0.1494
vn -0.9465 -0.3210 0.0341
vn -0.1243 -0.0745 0.9894
vn -0.2688 -0.1617 0.9495
vn -0.4331 -0.2611 0.8627
vn -0.5947 -0.3592 0.7193
vn -0.7247 -0.4382 0.5317
vn -0.8068 -0.4882 0.3327
vn -0.8455 -0.5117 0.1524
vn -0.8551 -0.5173 0.0349
vn -0.1018 -0.1018 0.9896
vn -0.2202 -0.2202 0.9503
vn -0.3554 -0.3554 0.8645
vn -0.4892 -0.4891 0.7221
vn -0.5974 -0.5974 0.5350
vn -0.6662 -0.6662 0.3353
vn -0.6987 -0.6987 0.1537
vn -0.7067 -0.7067 0.0352
vn -0.0745 -0.1243 0.9894
vn -0.1617 -0.2688 0.9495
vn -0.2610 -0.4330 0.8627
vn -0.3591 -0.5947 0.7193
vn -0.4383 -0.7247 0.5317
vn -0.4882 -0.8068 0.3327
vn -0.5117 -0.8455 0.1524
vn -0.5173 -0.8551 0.0349
vn -0.0466 -0.1396 0.9891
vn -0.1015 -0.3022 0.9478
vn -0.1638 -0.4858 0.8586
vn -0.2247 -0.6645 0.7127
vn -0.2734 -0.8064 0.5244
vn -0.3037 -0.8949 0.3269
vn -0.3178 -0.9363 0.1494
vn -0.3210 -0.9465 0.0341
vn -0.0467 -0.3198 0.9463
vn -0.0754 -0.5133 0.8549
vn -0.1032 -0.6999 0.7067
vn -0.1252 -0.8463 0.5178
vn -0.1387 -0.9366 0.3217
vn -0.1449 -0.9785 0.1467
vn -0.1462 -0.9887 0.0335
vn -0.0108 -0.3228 0.9464
vn -0.0173 -0.5191 0.8545
vn -0.0236 -0.7082 0.7056
vn -0.0285 -0.8560 0.5161
vn -0.0315 -0.9468 0.3201
vn -0.0329 -0.9888 0.1458
vn -0.1478 0.9890 0.0050
vn -0.1475 0.9888 0.0214
vn -0.3228 0.9464 0.0108
vn -0.3198 0.9463 0.0467
vn -0.5192 0.8545 0.0173
vn -0.5133 0.8549 0.0754
vn -0.7082 0.7056 0.0236
vn -0.6999 0.7067 0.1032
vn -0.8560 0.5161 0.0285
vn -0.8463 0.5178 0.1252
vn -0.9468 0.3201 0.0315
vn -0.9366 0.3217 0.1387
vn -0.9785 0.1467 0.1449
vn -0.1396 0.9891 0.0466
vn -0.3022 0.9478 0.1015
vn -0.4858 0.8586 0.1638
vn -0.6645 0.7127 0.2247
vn -0.8064 0.5244 0.2734
vn -0.8949 0.3269 0.3037
vn -0.9363 0.1494 0.3178
vn -0.9465 0.0341 0.3210
vn -0.1243 0.9894 0.0745
vn -0.2688 0.9495 0.1617
vn -0.4331 0.8627 0.2611
vn -0.5947 0.7193 0.3591
vn -0.7247 0.5317 0.4382
vn -0.8068 0.3327 0.4882
vn -0.8455 0.1524 0.5117
vn -0.8551 0.0349 0.5173
vn -0.1018 0.9896 0.1018
vn -0.2202 0.9503 0.2202
vn -0.3554 0.8645 0.3554
vn -0.4892 0.7221 0.4891
vn -0.5974 0.5350 0.5974
vn -0.6662 0.3353 0.6662
vn -0.6987 0.1537 0.6987
vn -0.7067 0.0352 0.7067
vn -0.0745 0.9894 0.1243
vn -0.1617 0.9495 0.2688
vn -0.2610 0.8627 0.4330
vn -0.3591 0.7193 0.5947
vn -0.4382 0.5317 0.7247
vn -0.4882 0.3327 0.8068
vn -0.5117 0.1524 0.8455
vn -0.5173 0.0349 0.8551
vn -0.0466 0.9891 0.1396
vn -0.1015 0.9478 0.3022
vn -0.1638 0.8586 0.4858
vn -0.2247 0.7127 0.6645
vn -0.2734 0.5244 0.8064
vn -0.3037 0.3269 0.8949
vn -0.3178 0.1494 0.9363
vn -0.3210 0.0341 0.9465
vn -0.0467 0.9463 0.3198
vn -0.0754 0.8549 0.5133
vn -0.1032 0.7067 0.6999
vn -0.1252 0.5178 0.8463
vn -0.1387 0.3217 0.9366
vn -0.1449 0.1467 0.9785
vn -0.1462 0.0335 0.9887
vn -0.0108 0.9464 0.3228
vn -0.0173 0.8545 0.5192
vn -0.0236 0.7056 0.7082
vn -0.0285 0.5161 0.8560
vn -0.0315 0.3201 0.9468
vn -0.1478 -0.9890 -0.0050
vn -0.1475 -0.9888 -0.0214
vn -0.3228 -0.9464 -0.0108
vn -0.3198 -0.9463 -0.0467
vn -0.5192 -0.8545 -0.0173
vn -0.5133 -0.8549 -0.0754
vn -0.7082 -0.7056 -0.0236
vn -0.6999 -0.7067 -0.1032
vn -0.8560 -0.5161 -0.0285
vn -0.8463 -0.5178 -0.1252
vn -0.9468 -0.3201 -0.0315
vn -0.9366 -0.3217 -0.1387
vn -0.9785 -0.1467 -0.1449
vn -0.1396 -0.9891 -0.0466
vn -0.3022 -0.9478 -0.1015
vn -0.4858 -0.8586 -0.1638
vn -0.6645 -0.7127 -0.2247
vn -0.8064 -0.5244 -0.2734
vn -0.8949 -0.3269 -0.3037
vn -0.9363 -0.1494 -0.3178
vn -0.9465 -0.0341 -0.3210
vn -0.1243 -0.9894 -0.0745
vn -0.2688 -0.9495 -0.1617
vn -0.4331 -0.8627 -0.2611
vn -0.5947 -0.7193 -0.3591
vn -0.7247 -0.5317 -0.4382
vn -0.8068 -0.3327 -0.4882
vn -0.8455 -0.1524 -0.5117
vn -0.8551 -0.0349 -0.5173
vn -0.1018 -0.9896 -0.1018
vn -0.2202 -0.9503 -0.2202
vn -0.3554 -0.8645 -0.3554
vn -0.4892 -0.7221 -0.4891
vn -0.5974 -0.5350 -0.5974
vn -0.6662 -0.3353 -0.6662
vn -0.6987 -0.1537 -0.6987
vn -0.7067 -0.0352 -0.7067
vn -0.0745 -0.9894 -0.1243
vn -0.1617 -0.9495 -0.2688
vn -0.2610 -0.8627 -0.4330
vn -0.3591 -0.7193 -0.5947
vn -0.4382 -0.5317 -0.7247
vn -0.4882 -0.3327 -0.8068
vn -0.5117 -0.1524 -0.8455
vn -0.5173 -0.0349 -0.8551
vn -0.0466 -0.9891 -0.1396
vn -0.1015 -0.9478 -0.3022
vn -0.1638 -0.8586 -0.4858
vn -0.2247 -0.7127 -0.6645
vn -0.2734 -0.5244 -0.8064
vn -0.3037 -0.3269 -0.8949
vn -0.3178 -0.1494 -0.9363
vn -0.3210 -0.0341 -0.9465
vn -0.0467 -0.9463 -0.3198
vn -0.0754 -0.8549 -0.5133
vn -0.1032 -0.7067 -0.6999
vn -0.1252 -0.5178 -0.8463
vn -0.1387 -0.3217 -0.9366
vn -0.1449 -0.1467 -0.9785
vn -0.1462 -0.0335 -0.9887
vn -0.0108 -0.9464 -0.3228
vn -0.0173 -0.8545 -0.5192
vn -0.0236 -0.7056 -0.7082
vn -0.0285 -0.5161 -0.8560
vn -0.0315 -0.3201 -0.9468
vn -0.1478 0.0050 -0.9890
vn -0.1475 0.0214 -0.9888
vn -0.3228 0.0108 -0.9464
vn -0.3198 0.0467 -0.9463
vn -0.5192 0.0173 -0.8545
vn -0.5133 0.0754 -0.8549
vn -0.7082 0.0236 -0.7056
vn -0.6999 0.1032 -0.7067
vn -0.8560 0.0285 -0.5161
vn -0.8463 0.1252 -0.5178
vn -0.9468 0.0315 -0.3201
vn -0.9366 0.1387 -0.3217
vn -0.9785 0.1449 -0.1467
vn -0.1396 0.0466 -0.9891
vn -0.3022 0.1015 -0.9478
vn -0.4858 0.1638 -0.8586
vn -0.6645 0.2247 -0.7127
vn -0.8064 0.2734 -0.5244
vn -0.8949 0.3037 -0.3269
vn -0.9363 0.3178 -0.1494
vn -0.9465 0.3210 -0.0341
vn -0.1243 0.0745 -0.9894
vn -0.2688 0.1617 -0.9495
vn -0.4331 0.2611 -0.8627
vn -0.5947 0.3592 -0.7193
vn -0.7247 0.4382 -0.5317
vn -0.8068 0.4882 -0.3327
vn -0.8455 0.5117 -0.1524
vn -0.8551 0.5173 -0.0349
vn -0.1018 0.1018 -0.9896
vn -0.2202 0.2202 -0.9503
vn -0.3554 0.3554 -0.8645
vn -0.4892 0.4891 -0.7221
vn -0.5974 0.5974 -0.5350
vn -0.6662 0.6662 -0.3353
vn -0.6987 0.6987 -0.1537
vn -0.7067 0.7067 -0.0352
vn -0.0745 0.1243 -0.9894
vn -0.1617 0.2688 -0.9495
vn -0.2610 0.4330 -0.8627
vn -0.3591 0.5947 -0.7193
vn -0.4383 0.7247 -0.5317
vn -0.4882 0.8068 -0.3327
vn -0.5117 0.8455 -0.1524
vn -0.5173 0.8551 -0.0349
vn -0.0466 0.1396 -0.9891
vn -0.1015 0.3022 -0.9478
vn -0.1638 0.4858 -0.8586
vn -0.2247 0.6645 -0.7127
vn -0.2734 0.8064 -0.5244
vn -0.3037 0.8949 -0.3269
vn -0.3178 0.9363 -0.1494
vn -0.3210 0.9465 -0.0341
vn -0.0467 0.3198 -0.9463
vn -0.0754 0.5133 -0.8549
vn -0.1032 0.6999 -0.7067
vn -0.1252 0.8463 -0.5178
vn -0.1387 0.9366 -0.3217
vn -0.1449 0.9785 -0.1467
vn -0.1462 0.9887 -0.0335
vn -0.0108 0.3228 -0.9464
vn -0.0173 0.5191 -0.8545
vn -0.0236 0.7082 -0.7056
vn -0.0285 0.8560 -0.5161
vn -0.0315 0.9468 -0.3201
# 328 vertex normals

vt 0.9011 0.0000 0.0000
vt 0.9243 0.0044 0.0000
vt 0.9444 0.0176 0.0000
vt 0.9614 0.0397 0.0000
vt 0.9753 0.0705 0.0000
vt 0.9861 0.1102 0.0000
vt 0.9938 0.1586 0.0000
vt 0.9985 0.2159 0.0000
vt 1.0000 0.2820 0.0000
vt 1.0000 0.7180 0.0000
vt 0.9985 0.7841 0.0000
vt 0.9938 0.8414 0.0000
vt 0.9861 0.8898 0.0000
vt 0.9753 0.9295 0.0000
vt 0.9614 0.9603 0.0000
vt 0.9444 0.9824 0.0000
vt 0.9243 0.9956 0.0000
vt 0.9011 1.0000 0.0000
vt 0.0989 1.0000 0.0000
vt 0.0757 0.9956 0.0000
vt 0.0556 0.9824 0.0000
vt 0.0386 0.9603 0.0000
vt 0.0247 0.9295 0.0000
vt 0.0139 0.8898 0.0000
vt 0.0062 0.8414 0.0000
vt 0.0015 0.7841 0.0000
vt 0.0000 0.7180 0.0000
vt 0.0000 0.2820 0.0000
vt 0.0015 0.2159 0.0000
vt 0.0062 0.1586 0.0000
vt 0.0139 0.1102 0.0000
vt 0.0247 0.0705 0.0000
vt 0.0386 0.0397 0.0000
vt 0.0556 0.0176 0.0000
vt 0.0757 0.0044 0.0000
vt 0.0989 0.0000 0.0000
vt 0.0989 0.2820 0.0000
vt 0.9011 0.2820 0.0000
vt 0.9011 0.7180 0.0000
vt 0.0989 0.7180 0.0000
vt 0.9011 0.9876 0.0000
vt 0.0989 0.9876 0.0000
vt 0.2820 0.0000 0.0000
vt 0.7180 0.0000 0.0000
vt 0.7180 0.9876 0.0000
vt 0.2820 0.9876 0.0000
vt 0.0000 1.0000 0.0000
vt 0.0989 1.2636 0.0000
vt 0.0989 1.2291 0.0000
vt 0.9011 1.2291 0.0000
vt 0.9011 1.2636 0.0000
vt 0.2820 0.5888 0.0000
vt 0.2820 0.6387 0.0000
vt 0.7180 0.6387 0.0000
vt 0.7180 0.5888 0.0000
vt 0.0858 -0.0039 0.0000
vt 0.1103 -0.0034 0.0000
vt 0.1124 0.9842 0.0000
vt 0.0882 0.9837 0.0000
vt 0.9118 0.9837 0.0000
vt 0.8876 0.9842 0.0000
vt 0.8897 -0.0034 0.0000
vt 0.9142 -0.0039 0.0000
vt 0.2443 -0.0106 0.0000
vt 0.2261 -0.0092 0.0000
vt 0.2204 0.9786 0.0000
vt 0.2378 0.9773 0.0000
vt 0.0730 0.9914 0.0000
vt 0.0448 0.9966 0.0000
vt 0.0143 1.0032 0.0000
vt -0.0186 1.0113 0.0000
vt -0.0537 1.0207 0.0000
vt -0.0912 1.0315 0.0000
vt -0.1310 1.0438 0.0000
vt -0.1732 1.0574 0.0000
vt -0.1353 1.0420 0.0000
vt -0.1082 1.0243 0.0000
vt -0.0920 1.0044 0.0000
vt -0.0866 0.9824 0.0000
vt -0.0920 0.9581 0.0000
vt -0.1082 0.9316 0.0000
vt -0.1353 0.9029 0.0000
vt -0.1732 0.8720 0.0000
vt 0.2188 0.9928 0.0000
vt 0.1702 1.0022 0.0000
vt 0.1362 1.0157 0.0000
vt 0.1168 1.0334 0.0000
vt 0.1121 1.0552 0.0000
vt 0.1219 1.0813 0.0000
vt 0.1463 1.1115 0.0000
vt 0.1854 1.1458 0.0000
vt 0.1411 1.1107 0.0000
vt 0.1009 1.0783 0.0000
vt 0.0648 1.0486 0.0000
vt 0.0328 1.0215 0.0000
vt 0.0049 0.9971 0.0000
vt -0.0189 0.9755 0.0000
vt -0.0387 0.9565 0.0000
vt -0.0543 0.9402 0.0000
vt 0.0989 1.1946 0.0000
vt 0.9011 1.1946 0.0000
vt 0.0989 1.1601 0.0000
vt 0.9011 1.1601 0.0000
vt 0.0989 1.1256 0.0000
vt 0.9011 1.1256 0.0000
vt 0.0989 1.0911 0.0000
vt 0.9011 1.0911 0.0000
vt 0.0989 1.0566 0.0000
vt 0.9011 1.0566 0.0000
vt 0.0989 1.0221 0.0000
vt 0.9011 1.0221 0.0000
vt 0.2820 0.6885 0.0000
vt 0.7180 0.6885 0.0000
vt 0.2820 0.7384 0.0000
vt 0.7180 0.7384 0.0000
vt 0.2820 0.7882 0.0000
vt 0.7180 0.7882 0.0000
vt 0.2820 0.8381 0.0000
vt 0.7180 0.8381 0.0000
vt 0.2820 0.8879 0.0000
vt 0.7180 0.8879 0.0000
vt 0.2820 0.9378 0.0000
vt 0.7180 0.9378 0.0000
vt 0.1349 -0.0029 0.0000
vt 0.1366 0.9847 0.0000
vt 0.1594 -0.0024 0.0000
vt 0.1609 0.9852 0.0000
vt 0.1839 -0.0020 0.0000
vt 0.1851 0.9857 0.0000
vt 0.2084 -0.0015 0.0000
vt 0.2093 0.9862 0.0000
vt 0.2330 -0.0010 0.0000
vt 0.2336 0.9867 0.0000
vt 0.2575 -0.0005 0.0000
vt 0.2578 0.9871 0.0000
vt 0.8634 0.9847 0.0000
vt 0.8651 -0.0029 0.0000
vt 0.8391 0.9852 0.0000
vt 0.8406 -0.0024 0.0000
vt 0.8149 0.9857 0.0000
vt 0.8161 -0.0020 0.0000
vt 0.7907 0.9862 0.0000
vt 0.7916 -0.0015 0.0000
vt 0.7664 0.9867 0.0000
vt 0.7670 -0.0010 0.0000
vt 0.7422 0.9871 0.0000
vt 0.7425 -0.0005 0.0000
vt 0.2079 -0.0079 0.0000
vt 0.2031 0.9799 0.0000
vt 0.1898 -0.0066 0.0000
vt 0.1857 0.9812 0.0000
vt 0.1716 -0.0053 0.0000
vt 0.1684 0.9825 0.0000
vt 0.1534 -0.0040 0.0000
vt 0.1510 0.9838 0.0000
vt 0.1353 -0.0026 0.0000
vt 0.1336 0.9851 0.0000
vt 0.1171 -0.0013 0.0000
vt 0.1163 0.9863 0.0000
# 159 texture coords

o Box027
g Box027
usemtl wire_062062062
s 1
f 1313/637/1313 1314/638/1314 1315/639/1315 1316/640/1316 1317/641/1317 1318/642/1318 1319/643/1319 1320/644/1320 1321/645/1321 1322/646/1322 1323/647/1323 1324/648/1324 1325/649/1325 1326/650/1326 1327/651/1327 1328/652/1328 1329/653/1329 1330/654/1330 1331/655/1331 1332/656/1332 1333/657/1333 1334/658/1334 1335/659/1335 1336/660/1336 1337/661/1337 1338/662/1338 1339/663/1339 1340/664/1340 1341/665/1341 1342/666/1342 1343/667/1343 1344/668/1344 1345/669/1345 1346/670/1346 1347/671/1347 1348/672/1348 
s 2
f 1349/673/1349 1350/674/1350 1351/675/1351 1352/676/1352 
f 1313/672/1313 1348/637/1348 1353/677/1353 1354/678/1354 
f 1340/679/1340 1339/680/1339 1355/681/1355 1356/682/1356 
f 1331/672/1331 1330/637/1330 1357/677/1357 1358/678/1358 
f 1322/679/1322 1321/680/1321 1359/681/1359 1360/682/1360 
f 1354/678/1354 1361/683/1361 1362/683/1362 
f 1356/682/1356 1363/683/1363 1364/683/1364 
f 1360/682/1360 1365/683/1365 1366/683/1366 
f 1358/678/1358 1367/683/1367 1368/683/1368 
f 1349/684/1349 1369/685/1369 1370/686/1370 1350/687/1350 
f 1350/688/1350 1371/689/1371 1372/690/1372 1351/691/1351 
f 1351/684/1351 1373/685/1373 1374/686/1374 1352/687/1352 
f 1352/688/1352 1375/689/1375 1376/690/1376 1349/691/1349 
f 1348/692/1348 1347/693/1347 1377/694/1377 1353/695/1353 
f 1354/696/1354 1362/697/1362 1314/698/1314 1313/699/1313 
f 1339/700/1339 1338/701/1338 1378/702/1378 1355/703/1355 
f 1330/692/1330 1329/693/1329 1379/694/1379 1357/695/1357 
f 1354/678/1354 1380/704/1380 1381/683/1381 
f 1380/704/1380 1382/705/1382 1383/683/1383 1381/683/1381 
f 1382/705/1382 1384/706/1384 1385/683/1385 1383/683/1383 
f 1384/706/1384 1386/707/1386 1387/683/1387 1385/683/1385 
f 1386/707/1386 1388/708/1388 1389/683/1389 1387/683/1387 
f 1388/708/1388 1390/709/1390 1391/683/1391 1389/683/1389 
f 1390/709/1390 1369/710/1369 1392/683/1392 1391/683/1391 
f 1369/710/1369 1349/711/1349 1376/712/1376 1392/683/1392 
f 1354/678/1354 1381/683/1381 1393/683/1393 
f 1381/683/1381 1383/683/1383 1394/683/1394 1393/683/1393 
f 1383/683/1383 1385/683/1385 1395/683/1395 1394/683/1394 
f 1385/683/1385 1387/683/1387 1396/683/1396 1395/683/1395 
f 1387/683/1387 1389/683/1389 1397/683/1397 1396/683/1396 
f 1389/683/1389 1391/683/1391 1398/683/1398 1397/683/1397 
f 1391/683/1391 1392/683/1392 1399/683/1399 1398/683/1398 
f 1392/683/1392 1376/712/1376 1400/713/1400 1399/683/1399 
f 1354/678/1354 1393/683/1393 1401/683/1401 
f 1393/683/1393 1394/683/1394 1402/683/1402 1401/683/1401 
f 1394/683/1394 1395/683/1395 1403/683/1403 1402/683/1402 
f 1395/683/1395 1396/683/1396 1404/683/1404 1403/683/1403 
f 1396/683/1396 1397/683/1397 1405/683/1405 1404/683/1404 
f 1397/683/1397 1398/683/1398 1406/683/1406 1405/683/1405 
f 1398/683/1398 1399/683/1399 1407/683/1407 1406/683/1406 
f 1399/683/1399 1400/713/1400 1408/714/1408 1407/683/1407 
f 1354/678/1354 1401/683/1401 1409/683/1409 
f 1401/683/1401 1402/683/1402 1410/683/1410 1409/683/1409 
f 1402/683/1402 1403/683/1403 1411/683/1411 1410/683/1410 
f 1403/683/1403 1404/683/1404 1412/683/1412 1411/683/1411 
f 1404/683/1404 1405/683/1405 1413/683/1413 1412/683/1412 
f 1405/683/1405 1406/683/1406 1414/683/1414 1413/683/1413 
f 1406/683/1406 1407/683/1407 1415/683/1415 1414/683/1414 
f 1407/683/1407 1408/714/1408 1416/715/1416 1415/683/1415 
f 1354/678/1354 1409/683/1409 1417/683/1417 
f 1409/683/1409 1410/683/1410 1418/683/1418 1417/683/1417 
f 1410/683/1410 1411/683/1411 1419/683/1419 1418/683/1418 
f 1411/683/1411 1412/683/1412 1420/683/1420 1419/683/1419 
f 1412/683/1412 1413/683/1413 1421/683/1421 1420/683/1420 
f 1413/683/1413 1414/683/1414 1422/683/1422 1421/683/1421 
f 1414/683/1414 1415/683/1415 1423/683/1423 1422/683/1422 
f 1415/683/1415 1416/715/1416 1424/716/1424 1423/683/1423 
f 1354/678/1354 1417/683/1417 1425/683/1425 
f 1417/683/1417 1418/683/1418 1426/683/1426 1425/683/1425 
f 1418/683/1418 1419/683/1419 1427/683/1427 1426/683/1426 
f 1419/683/1419 1420/683/1420 1428/683/1428 1427/683/1427 
f 1420/683/1420 1421/683/1421 1429/683/1429 1428/683/1428 
f 1421/683/1421 1422/683/1422 1430/683/1430 1429/683/1429 
f 1422/683/1422 1423/683/1423 1431/683/1431 1430/683/1430 
f 1423/683/1423 1424/716/1424 1432/717/1432 1431/683/1431 
f 1354/678/1354 1425/683/1425 1361/683/1361 
f 1425/683/1425 1426/683/1426 1433/683/1433 1361/683/1361 
f 1426/683/1426 1427/683/1427 1434/683/1434 1433/683/1433 
f 1427/683/1427 1428/683/1428 1435/683/1435 1434/683/1434 
f 1428/683/1428 1429/683/1429 1436/683/1436 1435/683/1435 
f 1429/683/1429 1430/683/1430 1437/683/1437 1436/683/1436 
f 1430/683/1430 1431/683/1431 1438/683/1438 1437/683/1437 
f 1431/683/1431 1432/717/1432 1439/718/1439 1438/683/1438 
f 1361/683/1361 1433/683/1433 1440/683/1440 1362/683/1362 
f 1433/683/1433 1434/683/1434 1441/683/1441 1440/683/1440 
f 1434/683/1434 1435/683/1435 1442/683/1442 1441/683/1441 
f 1435/683/1435 1436/683/1436 1443/683/1443 1442/683/1442 
f 1436/683/1436 1437/683/1437 1444/683/1444 1443/683/1443 
f 1437/683/1437 1438/683/1438 1445/683/1445 1444/683/1444 
f 1438/683/1438 1439/718/1439 1359/719/1359 1445/683/1445 
f 1356/682/1356 1446/720/1446 1447/683/1447 
f 1446/720/1446 1448/721/1448 1449/683/1449 1447/683/1447 
f 1448/721/1448 1450/722/1450 1451/683/1451 1449/683/1449 
f 1450/722/1450 1452/723/1452 1453/683/1453 1451/683/1451 
f 1452/723/1452 1454/724/1454 1455/683/1455 1453/683/1453 
f 1454/724/1454 1456/725/1456 1457/683/1457 1455/683/1455 
f 1456/725/1456 1371/726/1371 1458/683/1458 1457/683/1457 
f 1371/726/1371 1350/727/1350 1370/728/1370 1458/683/1458 
f 1356/682/1356 1447/683/1447 1459/683/1459 
f 1447/683/1447 1449/683/1449 1460/683/1460 1459/683/1459 
f 1449/683/1449 1451/683/1451 1461/683/1461 1460/683/1460 
f 1451/683/1451 1453/683/1453 1462/683/1462 1461/683/1461 
f 1453/683/1453 1455/683/1455 1463/683/1463 1462/683/1462 
f 1455/683/1455 1457/683/1457 1464/683/1464 1463/683/1463 
f 1457/683/1457 1458/683/1458 1465/683/1465 1464/683/1464 
f 1458/683/1458 1370/728/1370 1466/729/1466 1465/683/1465 
f 1356/682/1356 1459/683/1459 1467/683/1467 
f 1459/683/1459 1460/683/1460 1468/683/1468 1467/683/1467 
f 1460/683/1460 1461/683/1461 1469/683/1469 1468/683/1468 
f 1461/683/1461 1462/683/1462 1470/683/1470 1469/683/1469 
f 1462/683/1462 1463/683/1463 1471/683/1471 1470/683/1470 
f 1463/683/1463 1464/683/1464 1472/683/1472 1471/683/1471 
f 1464/683/1464 1465/683/1465 1473/683/1473 1472/683/1472 
f 1465/683/1465 1466/729/1466 1474/730/1474 1473/683/1473 
f 1356/682/1356 1467/683/1467 1475/683/1475 
f 1467/683/1467 1468/683/1468 1476/683/1476 1475/683/1475 
f 1468/683/1468 1469/683/1469 1477/683/1477 1476/683/1476 
f 1469/683/1469 1470/683/1470 1478/683/1478 1477/683/1477 
f 1470/683/1470 1471/683/1471 1479/683/1479 1478/683/1478 
f 1471/683/1471 1472/683/1472 1480/683/1480 1479/683/1479 
f 1472/683/1472 1473/683/1473 1481/683/1481 1480/683/1480 
f 1473/683/1473 1474/730/1474 1482/731/1482 1481/683/1481 
f 1356/682/1356 1475/683/1475 1483/683/1483 
f 1475/683/1475 1476/683/1476 1484/683/1484 1483/683/1483 
f 1476/683/1476 1477/683/1477 1485/683/1485 1484/683/1484 
f 1477/683/1477 1478/683/1478 1486/683/1486 1485/683/1485 
f 1478/683/1478 1479/683/1479 1487/683/1487 1486/683/1486 
f 1479/683/1479 1480/683/1480 1488/683/1488 1487/683/1487 
f 1480/683/1480 1481/683/1481 1489/683/1489 1488/683/1488 
f 1481/683/1481 1482/731/1482 1490/732/1490 1489/683/1489 
f 1356/682/1356 1483/683/1483 1491/683/1491 
f 1483/683/1483 1484/683/1484 1492/683/1492 1491/683/1491 
f 1484/683/1484 1485/683/1485 1493/683/1493 1492/683/1492 
f 1485/683/1485 1486/683/1486 1494/683/1494 1493/683/1493 
f 1486/683/1486 1487/683/1487 1495/683/1495 1494/683/1494 
f 1487/683/1487 1488/683/1488 1496/683/1496 1495/683/1495 
f 1488/683/1488 1489/683/1489 1497/683/1497 1496/683/1496 
f 1489/683/1489 1490/732/1490 1498/733/1498 1497/683/1497 
f 1356/682/1356 1491/683/1491 1363/683/1363 
f 1491/683/1491 1492/683/1492 1499/683/1499 1363/683/1363 
f 1492/683/1492 1493/683/1493 1500/683/1500 1499/683/1499 
f 1493/683/1493 1494/683/1494 1501/683/1501 1500/683/1500 
f 1494/683/1494 1495/683/1495 1502/683/1502 1501/683/1501 
f 1495/683/1495 1496/683/1496 1503/683/1503 1502/683/1502 
f 1496/683/1496 1497/683/1497 1504/683/1504 1503/683/1503 
f 1497/683/1497 1498/733/1498 1505/734/1505 1504/683/1504 
f 1363/683/1363 1499/683/1499 1506/683/1506 1364/683/1364 
f 1499/683/1499 1500/683/1500 1507/683/1507 1506/683/1506 
f 1500/683/1500 1501/683/1501 1508/683/1508 1507/683/1507 
f 1501/683/1501 1502/683/1502 1509/683/1509 1508/683/1508 
f 1502/683/1502 1503/683/1503 1510/683/1510 1509/683/1509 
f 1503/683/1503 1504/683/1504 1377/683/1377 1510/683/1510 
f 1504/683/1504 1505/734/1505 1353/735/1353 1377/683/1377 
f 1360/682/1360 1511/720/1511 1512/683/1512 
f 1511/720/1511 1513/721/1513 1514/683/1514 1512/683/1512 
f 1513/721/1513 1515/722/1515 1516/683/1516 1514/683/1514 
f 1515/722/1515 1517/723/1517 1518/683/1518 1516/683/1516 
f 1517/723/1517 1519/724/1519 1520/683/1520 1518/683/1518 
f 1519/724/1519 1521/725/1521 1522/683/1522 1520/683/1520 
f 1521/725/1521 1375/726/1375 1523/683/1523 1522/683/1522 
f 1375/726/1375 1352/727/1352 1374/728/1374 1523/683/1523 
f 1360/682/1360 1512/683/1512 1524/683/1524 
f 1512/683/1512 1514/683/1514 1525/683/1525 1524/683/1524 
f 1514/683/1514 1516/683/1516 1526/683/1526 1525/683/1525 
f 1516/683/1516 1518/683/1518 1527/683/1527 1526/683/1526 
f 1518/683/1518 1520/683/1520 1528/683/1528 1527/683/1527 
f 1520/683/1520 1522/683/1522 1529/683/1529 1528/683/1528 
f 1522/683/1522 1523/683/1523 1530/683/1530 1529/683/1529 
f 1523/683/1523 1374/728/1374 1531/729/1531 1530/683/1530 
f 1360/682/1360 1524/683/1524 1532/683/1532 
f 1524/683/1524 1525/683/1525 1533/683/1533 1532/683/1532 
f 1525/683/1525 1526/683/1526 1534/683/1534 1533/683/1533 
f 1526/683/1526 1527/683/1527 1535/683/1535 1534/683/1534 
f 1527/683/1527 1528/683/1528 1536/683/1536 1535/683/1535 
f 1528/683/1528 1529/683/1529 1537/683/1537 1536/683/1536 
f 1529/683/1529 1530/683/1530 1538/683/1538 1537/683/1537 
f 1530/683/1530 1531/729/1531 1539/730/1539 1538/683/1538 
f 1360/682/1360 1532/683/1532 1540/683/1540 
f 1532/683/1532 1533/683/1533 1541/683/1541 1540/683/1540 
f 1533/683/1533 1534/683/1534 1542/683/1542 1541/683/1541 
f 1534/683/1534 1535/683/1535 1543/683/1543 1542/683/1542 
f 1535/683/1535 1536/683/1536 1544/683/1544 1543/683/1543 
f 1536/683/1536 1537/683/1537 1545/683/1545 1544/683/1544 
f 1537/683/1537 1538/683/1538 1546/683/1546 1545/683/1545 
f 1538/683/1538 1539/730/1539 1547/731/1547 1546/683/1546 
f 1360/682/1360 1540/683/1540 1548/683/1548 
f 1540/683/1540 1541/683/1541 1549/683/1549 1548/683/1548 
f 1541/683/1541 1542/683/1542 1550/683/1550 1549/683/1549 
f 1542/683/1542 1543/683/1543 1551/683/1551 1550/683/1550 
f 1543/683/1543 1544/683/1544 1552/683/1552 1551/683/1551 
f 1544/683/1544 1545/683/1545 1553/683/1553 1552/683/1552 
f 1545/683/1545 1546/683/1546 1554/683/1554 1553/683/1553 
f 1546/683/1546 1547/731/1547 1555/732/1555 1554/683/1554 
f 1360/682/1360 1548/683/1548 1556/683/1556 
f 1548/683/1548 1549/683/1549 1557/683/1557 1556/683/1556 
f 1549/683/1549 1550/683/1550 1558/683/1558 1557/683/1557 
f 1550/683/1550 1551/683/1551 1559/683/1559 1558/683/1558 
f 1551/683/1551 1552/683/1552 1560/683/1560 1559/683/1559 
f 1552/683/1552 1553/683/1553 1561/683/1561 1560/683/1560 
f 1553/683/1553 1554/683/1554 1562/683/1562 1561/683/1561 
f 1554/683/1554 1555/732/1555 1563/733/1563 1562/683/1562 
f 1360/682/1360 1556/683/1556 1365/683/1365 
f 1556/683/1556 1557/683/1557 1564/683/1564 1365/683/1365 
f 1557/683/1557 1558/683/1558 1565/683/1565 1564/683/1564 
f 1558/683/1558 1559/683/1559 1566/683/1566 1565/683/1565 
f 1559/683/1559 1560/683/1560 1567/683/1567 1566/683/1566 
f 1560/683/1560 1561/683/1561 1568/683/1568 1567/683/1567 
f 1561/683/1561 1562/683/1562 1569/683/1569 1568/683/1568 
f 1562/683/1562 1563/733/1563 1570/734/1570 1569/683/1569 
f 1365/683/1365 1564/683/1564 1571/683/1571 1366/683/1366 
f 1564/683/1564 1565/683/1565 1572/683/1572 1571/683/1571 
f 1565/683/1565 1566/683/1566 1573/683/1573 1572/683/1572 
f 1566/683/1566 1567/683/1567 1574/683/1574 1573/683/1573 
f 1567/683/1567 1568/683/1568 1575/683/1575 1574/683/1574 
f 1568/683/1568 1569/683/1569 1379/683/1379 1575/683/1575 
f 1569/683/1569 1570/734/1570 1357/735/1357 1379/683/1379 
f 1358/678/1358 1576/704/1576 1577/683/1577 
f 1576/704/1576 1578/705/1578 1579/683/1579 1577/683/1577 
f 1578/705/1578 1580/706/1580 1581/683/1581 1579/683/1579 
f 1580/706/1580 1582/707/1582 1583/683/1583 1581/683/1581 
f 1582/707/1582 1584/708/1584 1585/683/1585 1583/683/1583 
f 1584/708/1584 1586/709/1586 1587/683/1587 1585/683/1585 
f 1586/709/1586 1373/710/1373 1588/683/1588 1587/683/1587 
f 1373/710/1373 1351/711/1351 1372/712/1372 1588/683/1588 
f 1358/678/1358 1577/683/1577 1589/683/1589 
f 1577/683/1577 1579/683/1579 1590/683/1590 1589/683/1589 
f 1579/683/1579 1581/683/1581 1591/683/1591 1590/683/1590 
f 1581/683/1581 1583/683/1583 1592/683/1592 1591/683/1591 
f 1583/683/1583 1585/683/1585 1593/683/1593 1592/683/1592 
f 1585/683/1585 1587/683/1587 1594/683/1594 1593/683/1593 
f 1587/683/1587 1588/683/1588 1595/683/1595 1594/683/1594 
f 1588/683/1588 1372/712/1372 1596/713/1596 1595/683/1595 
f 1358/678/1358 1589/683/1589 1597/683/1597 
f 1589/683/1589 1590/683/1590 1598/683/1598 1597/683/1597 
f 1590/683/1590 1591/683/1591 1599/683/1599 1598/683/1598 
f 1591/683/1591 1592/683/1592 1600/683/1600 1599/683/1599 
f 1592/683/1592 1593/683/1593 1601/683/1601 1600/683/1600 
f 1593/683/1593 1594/683/1594 1602/683/1602 1601/683/1601 
f 1594/683/1594 1595/683/1595 1603/683/1603 1602/683/1602 
f 1595/683/1595 1596/713/1596 1604/714/1604 1603/683/1603 
f 1358/678/1358 1597/683/1597 1605/683/1605 
f 1597/683/1597 1598/683/1598 1606/683/1606 1605/683/1605 
f 1598/683/1598 1599/683/1599 1607/683/1607 1606/683/1606 
f 1599/683/1599 1600/683/1600 1608/683/1608 1607/683/1607 
f 1600/683/1600 1601/683/1601 1609/683/1609 1608/683/1608 
f 1601/683/1601 1602/683/1602 1610/683/1610 1609/683/1609 
f 1602/683/1602 1603/683/1603 1611/683/1611 1610/683/1610 
f 1603/683/1603 1604/714/1604 1612/715/1612 1611/683/1611 
f 1358/678/1358 1605/683/1605 1613/683/1613 
f 1605/683/1605 1606/683/1606 1614/683/1614 1613/683/1613 
f 1606/683/1606 1607/683/1607 1615/683/1615 1614/683/1614 
f 1607/683/1607 1608/683/1608 1616/683/1616 1615/683/1615 
f 1608/683/1608 1609/683/1609 1617/683/1617 1616/683/1616 
f 1609/683/1609 1610/683/1610 1618/683/1618 1617/683/1617 
f 1610/683/1610 1611/683/1611 1619/683/1619 1618/683/1618 
f 1611/683/1611 1612/715/1612 1620/716/1620 1619/683/1619 
f 1358/678/1358 1613/683/1613 1621/683/1621 
f 1613/683/1613 1614/683/1614 1622/683/1622 1621/683/1621 
f 1614/683/1614 1615/683/1615 1623/683/1623 1622/683/1622 
f 1615/683/1615 1616/683/1616 1624/683/1624 1623/683/1623 
f 1616/683/1616 1617/683/1617 1625/683/1625 1624/683/1624 
f 1617/683/1617 1618/683/1618 1626/683/1626 1625/683/1625 
f 1618/683/1618 1619/683/1619 1627/683/1627 1626/683/1626 
f 1619/683/1619 1620/716/1620 1628/717/1628 1627/683/1627 
f 1358/678/1358 1621/683/1621 1367/683/1367 
f 1621/683/1621 1622/683/1622 1629/683/1629 1367/683/1367 
f 1622/683/1622 1623/683/1623 1630/683/1630 1629/683/1629 
f 1623/683/1623 1624/683/1624 1631/683/1631 1630/683/1630 
f 1624/683/1624 1625/683/1625 1632/683/1632 1631/683/1631 
f 1625/683/1625 1626/683/1626 1633/683/1633 1632/683/1632 
f 1626/683/1626 1627/683/1627 1634/683/1634 1633/683/1633 
f 1627/683/1627 1628/717/1628 1635/718/1635 1634/683/1634 
f 1367/683/1367 1629/683/1629 1636/683/1636 1368/683/1368 
f 1629/683/1629 1630/683/1630 1637/683/1637 1636/683/1636 
f 1630/683/1630 1631/683/1631 1638/683/1638 1637/683/1637 
f 1631/683/1631 1632/683/1632 1639/683/1639 1638/683/1638 
f 1632/683/1632 1633/683/1633 1640/683/1640 1639/683/1639 
f 1633/683/1633 1634/683/1634 1378/683/1378 1640/683/1640 
f 1634/683/1634 1635/718/1635 1355/719/1355 1378/683/1378 
f 1369/685/1369 1390/736/1390 1466/737/1466 1370/686/1370 
f 1390/736/1390 1388/738/1388 1474/739/1474 1466/737/1466 
f 1388/738/1388 1386/740/1386 1482/741/1482 1474/739/1474 
f 1386/740/1386 1384/742/1384 1490/743/1490 1482/741/1482 
f 1384/742/1384 1382/744/1382 1498/745/1498 1490/743/1490 
f 1382/744/1382 1380/746/1380 1505/747/1505 1498/745/1498 
f 1380/746/1380 1354/678/1354 1353/677/1353 1505/747/1505 
f 1371/689/1371 1456/748/1456 1596/749/1596 1372/690/1372 
f 1456/748/1456 1454/750/1454 1604/751/1604 1596/749/1596 
f 1454/750/1454 1452/752/1452 1612/753/1612 1604/751/1604 
f 1452/752/1452 1450/754/1450 1620/755/1620 1612/753/1612 
f 1450/754/1450 1448/756/1448 1628/757/1628 1620/755/1620 
f 1448/756/1448 1446/758/1446 1635/759/1635 1628/757/1628 
f 1446/758/1446 1356/682/1356 1355/681/1355 1635/759/1635 
f 1373/685/1373 1586/736/1586 1531/737/1531 1374/686/1374 
f 1586/736/1586 1584/738/1584 1539/739/1539 1531/737/1531 
f 1584/738/1584 1582/740/1582 1547/741/1547 1539/739/1539 
f 1582/740/1582 1580/742/1580 1555/743/1555 1547/741/1547 
f 1580/742/1580 1578/744/1578 1563/745/1563 1555/743/1555 
f 1578/744/1578 1576/746/1576 1570/747/1570 1563/745/1563 
f 1576/746/1576 1358/678/1358 1357/677/1357 1570/747/1570 
f 1375/689/1375 1521/748/1521 1400/749/1400 1376/690/1376 
f 1521/748/1521 1519/750/1519 1408/751/1408 1400/749/1400 
f 1519/750/1519 1517/752/1517 1416/753/1416 1408/751/1408 
f 1517/752/1517 1515/754/1515 1424/755/1424 1416/753/1416 
f 1515/754/1515 1513/756/1513 1432/757/1432 1424/755/1424 
f 1513/756/1513 1511/758/1511 1439/759/1439 1432/757/1432 
f 1511/758/1511 1360/682/1360 1359/681/1359 1439/759/1439 
f 1347/693/1347 1346/760/1346 1510/761/1510 1377/694/1377 
f 1346/760/1346 1345/762/1345 1509/763/1509 1510/761/1510 
f 1345/762/1345 1344/764/1344 1508/765/1508 1509/763/1509 
f 1344/764/1344 1343/766/1343 1507/767/1507 1508/765/1508 
f 1343/766/1343 1342/768/1342 1506/769/1506 1507/767/1507 
f 1342/768/1342 1341/770/1341 1364/771/1364 1506/769/1506 
f 1341/770/1341 1340/679/1340 1356/682/1356 1364/771/1364 
f 1362/697/1362 1440/772/1440 1315/773/1315 1314/698/1314 
f 1440/772/1440 1441/774/1441 1316/775/1316 1315/773/1315 
f 1441/774/1441 1442/776/1442 1317/777/1317 1316/775/1316 
f 1442/776/1442 1443/778/1443 1318/779/1318 1317/777/1317 
f 1443/778/1443 1444/780/1444 1319/781/1319 1318/779/1318 
f 1444/780/1444 1445/782/1445 1320/783/1320 1319/781/1319 
f 1445/782/1445 1359/681/1359 1321/680/1321 1320/783/1320 
f 1338/701/1338 1337/784/1337 1640/785/1640 1378/702/1378 
f 1337/784/1337 1336/786/1336 1639/787/1639 1640/785/1640 
f 1336/786/1336 1335/788/1335 1638/789/1638 1639/787/1639 
f 1335/788/1335 1334/790/1334 1637/791/1637 1638/789/1638 
f 1334/790/1334 1333/792/1333 1636/793/1636 1637/791/1637 
f 1333/792/1333 1332/794/1332 1368/795/1368 1636/793/1636 
f 1332/794/1332 1331/672/1331 1358/678/1358 1368/795/1368 
f 1329/693/1329 1328/760/1328 1575/761/1575 1379/694/1379 
f 1328/760/1328 1327/762/1327 1574/763/1574 1575/761/1575 
f 1327/762/1327 1326/764/1326 1573/765/1573 1574/763/1574 
f 1326/764/1326 1325/766/1325 1572/767/1572 1573/765/1573 
f 1325/766/1325 1324/768/1324 1571/769/1571 1572/767/1572 
f 1324/768/1324 1323/770/1323 1366/771/1366 1571/769/1571 
f 1323/770/1323 1322/679/1322 1360/682/1360 1366/771/1366 
# 294 polygons - 32 triangles

