# 3ds Max Wavefront OBJ Exporter v0.97b - (c)2007 guruware
# File Created: 13.08.2018 14:42:40

mtllib hand.mtl

#
# object Sphere001
#

v  -2.0172 2.2032 3.4070
v  -2.0172 2.1706 1.9411
v  -2.3140 2.1682 1.9692
v  -2.5993 2.1611 2.0526
v  -2.8618 2.1496 2.1880
v  -3.0916 2.1345 2.3703
v  -3.2796 2.1165 2.5924
v  -3.4188 2.0964 2.8459
v  -3.5040 2.0752 3.1209
v  -3.5319 2.0536 3.4070
v  -3.5017 2.0326 3.6932
v  -3.4146 2.0128 3.9683
v  -3.2740 1.9950 4.2219
v  -3.0855 1.9796 4.4442
v  -2.8562 1.9672 4.6266
v  -2.5950 1.9581 4.7622
v  -2.3117 1.9525 4.8457
v  -2.0172 1.9506 4.8738
v  -1.7227 1.9525 4.8457
v  -1.4395 1.9581 4.7622
v  -1.1782 1.9672 4.6266
v  -0.9489 1.9796 4.4442
v  -0.7604 1.9950 4.2219
v  -0.6199 2.0128 3.9683
v  -0.5328 2.0326 3.6932
v  -0.5025 2.0536 3.4070
v  -0.5305 2.0752 3.1209
v  -0.6156 2.0964 2.8459
v  -0.7548 2.1165 2.5924
v  -0.9429 2.1345 2.3703
v  -1.1726 2.1496 2.1880
v  -1.4352 2.1611 2.0526
v  -1.7204 2.1682 1.9692
v  -2.0172 1.8541 0.5336
v  -2.6029 1.8486 0.5887
v  -3.1651 1.8326 0.7519
v  -3.6816 1.8073 1.0171
v  -4.1323 1.7747 1.3742
v  -4.5001 1.7368 1.8095
v  -4.7713 1.6958 2.3065
v  -4.9359 1.6536 2.8459
v  -4.9884 1.6118 3.4070
v  -4.9271 1.5719 3.9683
v  -4.7548 1.5351 4.5081
v  -4.4783 1.5023 5.0056
v  -4.1084 1.4745 5.4416
v  -3.6591 1.4522 5.7995
v  -3.1476 1.4360 6.0654
v  -2.5933 1.4261 6.2292
v  -2.0172 1.4228 6.2845
v  -1.4411 1.4261 6.2292
v  -0.8868 1.4360 6.0654
v  -0.3753 1.4522 5.7995
v  0.0739 1.4745 5.4416
v  0.4439 1.5023 5.0056
v  0.7203 1.5351 4.5081
v  0.8926 1.5719 3.9683
v  0.9539 1.6118 3.4070
v  0.9015 1.6536 2.8459
v  0.7368 1.6958 2.3065
v  0.4657 1.7368 1.8095
v  0.0979 1.7747 1.3742
v  -0.3528 1.8073 1.0171
v  -0.8694 1.8326 0.7519
v  -1.4316 1.8486 0.5887
v  -2.0172 1.2657 -0.7590
v  -2.8740 1.2563 -0.6794
v  -3.6950 1.2294 -0.4435
v  -4.4471 1.1883 -0.0598
v  -5.1009 1.1368 0.4574
v  -5.6323 1.0789 1.0886
v  -6.0225 1.0180 1.8095
v  -6.2578 0.9568 2.5924
v  -6.3306 0.8976 3.4070
v  -6.2391 0.8419 4.2219
v  -5.9873 0.7912 5.0056
v  -5.5851 0.7467 5.7278
v  -5.0480 0.7091 6.3609
v  -4.3964 0.6792 6.8804
v  -3.6550 0.6575 7.2665
v  -2.8519 0.6443 7.5042
v  -2.0172 0.6399 7.5844
v  -1.1826 0.6443 7.5042
v  -0.3794 0.6575 7.2665
v  0.3620 0.6792 6.8804
v  1.0136 0.7091 6.3609
v  1.5506 0.7467 5.7278
v  1.9528 0.7912 5.0056
v  2.2047 0.8419 4.2219
v  2.2962 0.8976 3.4070
v  2.2234 0.9568 2.5924
v  1.9880 1.0180 1.8095
v  1.5979 1.0789 1.0886
v  1.0664 1.1368 0.4574
v  0.4126 1.1883 -0.0598
v  -0.3394 1.2294 -0.4435
v  -1.1604 1.2563 -0.6794
v  -2.0172 0.4276 -1.8830
v  -3.1190 0.4136 -1.7828
v  -4.1714 0.3743 -1.4853
v  -5.1305 0.3163 -1.0001
v  -5.9604 0.2463 -0.3443
v  -6.6322 0.1702 0.4574
v  -7.1236 0.0923 1.3742
v  -7.4183 0.0155 2.3703
v  -7.5072 -0.0578 3.4070
v  -7.3879 -0.1257 4.4442
v  -7.0657 -0.1871 5.4416
v  -6.5531 -0.2406 6.3609
v  -5.8696 -0.2856 7.1666
v  -5.0410 -0.3212 7.8278
v  -4.0986 -0.3470 8.3191
v  -3.0779 -0.3627 8.6216
v  -2.0172 -0.3679 8.7237
v  -0.9565 -0.3627 8.6216
v  0.0642 -0.3470 8.3191
v  1.0066 -0.3212 7.8278
v  1.8352 -0.2856 7.1666
v  2.5187 -0.2406 6.3609
v  3.0313 -0.1871 5.4416
v  3.3535 -0.1257 4.4442
v  3.4727 -0.0578 3.4070
v  3.3839 0.0155 2.3703
v  3.0891 0.0923 1.3742
v  2.5978 0.1702 0.4574
v  1.9260 0.2463 -0.3443
v  1.0961 0.3163 -1.0001
v  0.1369 0.3743 -1.4853
v  -0.9155 0.4136 -1.7828
v  -2.0172 -0.6284 -2.7888
v  -3.3307 -0.6475 -2.6740
v  -4.5778 -0.6996 -2.3308
v  -5.7059 -0.7735 -1.7667
v  -6.6766 -0.8594 -1.0001
v  -7.4596 -0.9502 -0.0598
v  -8.0308 -1.0414 1.0171
v  -8.3721 -1.1300 2.1880
v  -8.4727 -1.2136 3.4070
v  -8.3299 -1.2906 4.6266
v  -7.9496 -1.3597 5.7995
v  -7.3462 -1.4198 6.8804
v  -6.5427 -1.4701 7.8278
v  -5.5690 -1.5099 8.6052
v  -4.4620 -1.5387 9.1828
v  -3.2630 -1.5561 9.5385
v  -2.0172 -1.5619 9.6585
v  -0.7714 -1.5561 9.5385
v  0.4275 -1.5387 9.1828
v  1.5346 -1.5099 8.6052
v  2.5082 -1.4701 7.8278
v  3.3118 -1.4198 6.8804
v  3.9151 -1.3597 5.7995
v  4.2955 -1.2906 4.6266
v  4.4383 -1.2136 3.4070
v  4.3377 -1.1300 2.1880
v  3.9964 -1.0414 1.0171
v  3.4252 -0.9502 -0.0598
v  2.6422 -0.8594 -1.0001
v  1.6715 -0.7735 -1.7667
v  0.5433 -0.6996 -2.3308
v  -0.7038 -0.6475 -2.6740
v  -2.0172 -1.8622 -3.4346
v  -3.5023 -1.8862 -3.3140
v  -4.8978 -1.9494 -2.9464
v  -6.1477 -2.0359 -2.3308
v  -7.2178 -2.1335 -1.4853
v  -8.0794 -2.2347 -0.4435
v  -8.7074 -2.3350 0.7519
v  -9.0817 -2.4315 2.0526
v  -9.1902 -2.5221 3.4070
v  -9.0294 -2.6052 4.7622
v  -8.6057 -2.6796 6.0654
v  -7.9349 -2.7441 7.2665
v  -7.0422 -2.7980 8.3191
v  -5.9609 -2.8406 9.1828
v  -4.7316 -2.8714 9.8245
v  -3.4004 -2.8900 10.2197
v  -2.0172 -2.8963 10.3531
v  -0.6341 -2.8900 10.2197
v  0.6972 -2.8714 9.8245
v  1.9265 -2.8406 9.1828
v  3.0078 -2.7980 8.3191
v  3.9005 -2.7441 7.2665
v  4.5713 -2.6796 6.0654
v  4.9950 -2.6052 4.7622
v  5.1557 -2.5221 3.4070
v  5.0473 -2.4315 2.0526
v  4.6729 -2.3350 0.7519
v  4.0450 -2.2347 -0.4435
v  3.1833 -2.1335 -1.4853
v  2.1133 -2.0359 -2.3308
v  0.8633 -1.9494 -2.9464
v  -0.5322 -1.8862 -3.3140
v  -2.0172 -3.2262 -3.7989
v  -3.6224 -3.2535 -3.6833
v  -5.1097 -3.3238 -3.3140
v  -6.4294 -3.4179 -2.6740
v  -7.5562 -3.5223 -1.7828
v  -8.4637 -3.6294 -0.6794
v  -9.1251 -3.7349 0.5887
v  -9.5191 -3.8360 1.9692
v  -9.6320 -3.9307 3.4070
v  -9.4600 -4.0173 4.8457
v  -9.0095 -4.0946 6.2292
v  -8.2972 -4.1617 7.5042
v  -7.3495 -4.2177 8.6216
v  -6.2020 -4.2619 9.5385
v  -4.8975 -4.2939 10.2197
v  -3.4849 -4.3132 10.6391
v  -2.0172 -4.3197 10.7807
v  -0.5495 -4.3132 10.6391
v  0.8631 -4.2939 10.2197
v  2.1676 -4.2619 9.5385
v  3.3151 -4.2177 8.6216
v  4.2627 -4.1617 7.5042
v  4.9750 -4.0946 6.2292
v  5.4256 -4.0173 4.8457
v  5.5976 -3.9307 3.4070
v  5.4846 -3.8360 1.9692
v  5.0907 -3.7349 0.5887
v  4.4292 -3.6294 -0.6794
v  3.5218 -3.5223 -1.7828
v  2.3949 -3.4179 -2.6740
v  1.0752 -3.3238 -3.3140
v  -0.4121 -3.2535 -3.6833
v  -2.0172 -4.6649 -3.9084
v  -3.6680 -4.6932 -3.7989
v  -5.1856 -4.7658 -3.4346
v  -6.5268 -4.8623 -2.7888
v  -7.6716 -4.9688 -1.8830
v  -8.5939 -5.0779 -0.7590
v  -9.2664 -5.1851 0.5336
v  -9.6668 -5.2876 1.9411
v  -9.7812 -5.3836 3.4070
v  -9.6053 -5.4713 4.8739
v  -9.1458 -5.5497 6.2845
v  -8.4194 -5.6176 7.5845
v  -7.4533 -5.6743 8.7237
v  -6.2834 -5.7190 9.6585
v  -4.9535 -5.7514 10.3531
v  -3.5134 -5.7709 10.7807
v  -2.0172 -5.7774 10.9251
v  -0.5210 -5.7709 10.7807
v  0.9191 -5.7514 10.3531
v  2.2490 -5.7190 9.6585
v  3.4189 -5.6743 8.7237
v  4.3850 -5.6176 7.5844
v  5.1113 -5.5497 6.2845
v  5.5709 -5.4713 4.8738
v  5.7467 -5.3836 3.4070
v  5.6324 -5.2876 1.9411
v  5.2319 -5.1851 0.5336
v  4.5594 -5.0779 -0.7590
v  3.6372 -4.9688 -1.8830
v  2.4923 -4.8623 -2.7888
v  1.1511 -4.7658 -3.4346
v  -0.3665 -4.6932 -3.7989
v  -2.0172 -6.1201 -3.7989
v  -3.6224 -6.1473 -3.6833
v  -5.1097 -6.2177 -3.3140
v  -6.4294 -6.3118 -2.6740
v  -7.5562 -6.4162 -1.7828
v  -8.4637 -6.5233 -0.6794
v  -9.1251 -6.6288 0.5887
v  -9.5191 -6.7299 1.9692
v  -9.6320 -6.8245 3.4070
v  -9.4600 -6.9111 4.8457
v  -9.0095 -6.9885 6.2292
v  -8.2972 -7.0556 7.5042
v  -7.3495 -7.1116 8.6216
v  -6.2020 -7.1558 9.5385
v  -4.8975 -7.1878 10.2197
v  -3.4849 -7.2071 10.6391
v  -2.0172 -7.2135 10.7807
v  -0.5495 -7.2071 10.6391
v  0.8631 -7.1878 10.2197
v  2.1676 -7.1558 9.5385
v  3.3151 -7.1116 8.6216
v  4.2627 -7.0556 7.5042
v  4.9750 -6.9885 6.2292
v  5.4256 -6.9111 4.8457
v  5.5976 -6.8245 3.4070
v  5.4846 -6.7299 1.9692
v  5.0907 -6.6288 0.5887
v  4.4292 -6.5233 -0.6794
v  3.5218 -6.4162 -1.7828
v  2.3949 -6.3118 -2.6740
v  1.0752 -6.2177 -3.3140
v  -0.4121 -6.1473 -3.6833
v  -2.0172 -7.5387 -3.4346
v  -3.5023 -7.5627 -3.3140
v  -4.8978 -7.6259 -2.9464
v  -6.1477 -7.7125 -2.3308
v  -7.2178 -7.8100 -1.4853
v  -8.0794 -7.9112 -0.4435
v  -8.7074 -8.0115 0.7519
v  -9.0817 -8.1080 2.0526
v  -9.1902 -8.1986 3.4070
v  -9.0294 -8.2818 4.7622
v  -8.6057 -8.3561 6.0654
v  -7.9349 -8.4206 7.2665
v  -7.0422 -8.4746 8.3191
v  -5.9609 -8.5172 9.1828
v  -4.7316 -8.5480 9.8245
v  -3.4004 -8.5666 10.2197
v  -2.0172 -8.5728 10.3531
v  -0.6341 -8.5666 10.2197
v  0.6972 -8.5480 9.8245
v  1.9265 -8.5172 9.1828
v  3.0078 -8.4745 8.3191
v  3.9005 -8.4206 7.2665
v  4.5713 -8.3561 6.0654
v  4.9950 -8.2818 4.7622
v  5.1557 -8.1986 3.4070
v  5.0473 -8.1080 2.0526
v  4.6729 -8.0115 0.7519
v  4.0450 -7.9112 -0.4435
v  3.1833 -7.8100 -1.4853
v  2.1133 -7.7125 -2.3308
v  0.8633 -7.6259 -2.9464
v  -0.5322 -7.5627 -3.3140
v  -2.0172 -8.8694 -2.7888
v  -3.3307 -8.8885 -2.6740
v  -4.5778 -8.9406 -2.3308
v  -5.7059 -9.0146 -1.7667
v  -6.6766 -9.1005 -1.0001
v  -7.4596 -9.1913 -0.0598
v  -8.0308 -9.2825 1.0171
v  -8.3721 -9.3710 2.1880
v  -8.4727 -9.4546 3.4070
v  -8.3299 -9.5316 4.6266
v  -7.9496 -9.6007 5.7995
v  -7.3462 -9.6608 6.8804
v  -6.5427 -9.7111 7.8278
v  -5.5690 -9.7509 8.6052
v  -4.4620 -9.7797 9.1828
v  -3.2630 -9.7971 9.5385
v  -2.0172 -9.8030 9.6585
v  -0.7714 -9.7971 9.5385
v  0.4275 -9.7797 9.1828
v  1.5346 -9.7509 8.6052
v  2.5082 -9.7111 7.8278
v  3.3118 -9.6608 6.8804
v  3.9151 -9.6007 5.7995
v  4.2955 -9.5316 4.6266
v  4.4383 -9.4546 3.4070
v  4.3377 -9.3710 2.1880
v  3.9964 -9.2825 1.0171
v  3.4252 -9.1913 -0.0598
v  2.6422 -9.1004 -1.0001
v  1.6715 -9.0146 -1.7667
v  0.5433 -8.9406 -2.3308
v  -0.7038 -8.8885 -2.6740
v  -2.0172 -10.0613 -1.8830
v  -3.1190 -10.0753 -1.7828
v  -4.1714 -10.1145 -1.4853
v  -5.1305 -10.1726 -1.0001
v  -5.9604 -10.1856 -0.3443
v  -6.6322 -10.1856 0.4574
v  -7.1236 -10.1856 1.3742
v  -7.4183 -10.1856 2.3703
v  -7.5072 -10.1856 3.4070
v  -7.3879 -10.1856 4.4442
v  -7.0657 -10.1856 5.4416
v  -6.5531 -10.1856 6.3609
v  -5.8696 -10.1856 7.1666
v  -5.0410 -10.1856 7.8278
v  -4.0986 -10.1856 8.3191
v  -3.0779 -10.1856 8.6216
v  -2.0172 -10.1856 8.7237
v  -0.9565 -10.1856 8.6216
v  0.0642 -10.1856 8.3191
v  1.0066 -10.1856 7.8278
v  1.8352 -10.1856 7.1666
v  2.5187 -10.1856 6.3609
v  3.0313 -10.1856 5.4416
v  3.3535 -10.1856 4.4442
v  3.4727 -10.1856 3.4070
v  3.3839 -10.1856 2.3703
v  3.0891 -10.1856 1.3742
v  2.5978 -10.1856 0.4574
v  1.9260 -10.1856 -0.3443
v  1.0961 -10.1726 -1.0001
v  0.1369 -10.1145 -1.4853
v  -0.9155 -10.0753 -1.7828
v  -2.0172 -10.1856 -0.7590
v  -2.8740 -10.1856 -0.6794
v  -3.6950 -10.1856 -0.4435
v  -4.4471 -10.1856 -0.0598
v  -5.1009 -10.1856 0.4574
v  -5.6323 -10.1856 1.0886
v  -6.0225 -10.1856 1.8095
v  -6.2578 -10.1856 2.5924
v  -6.3306 -10.1856 3.4070
v  -6.2391 -10.1856 4.2219
v  -5.9873 -10.1856 5.0056
v  -5.5851 -10.1856 5.7278
v  -5.0480 -10.1856 6.3609
v  -4.3964 -10.1856 6.8804
v  -3.6550 -10.1856 7.2665
v  -2.8519 -10.1856 7.5042
v  -2.0172 -10.1856 7.5844
v  -1.1826 -10.1856 7.5042
v  -0.3794 -10.1856 7.2665
v  0.3620 -10.1856 6.8804
v  1.0136 -10.1856 6.3609
v  1.5506 -10.1856 5.7278
v  1.9528 -10.1856 5.0056
v  2.2047 -10.1856 4.2219
v  2.2962 -10.1856 3.4070
v  2.2234 -10.1856 2.5924
v  1.9880 -10.1856 1.8095
v  1.5979 -10.1856 1.0886
v  1.0664 -10.1856 0.4574
v  0.4126 -10.1856 -0.0598
v  -0.3394 -10.1856 -0.4435
v  -1.1604 -10.1856 -0.6794
v  -2.0172 -10.1856 0.5336
v  -2.6029 -10.1856 0.5887
v  -3.1651 -10.1856 0.7519
v  -3.6816 -10.1856 1.0171
v  -4.1323 -10.1856 1.3742
v  -4.5001 -10.1856 1.8095
v  -4.7713 -10.1856 2.3065
v  -4.9359 -10.1856 2.8459
v  -4.9884 -10.1856 3.4070
v  -4.9271 -10.1856 3.9683
v  -4.7548 -10.1856 4.5081
v  -4.4783 -10.1856 5.0056
v  -4.1084 -10.1856 5.4416
v  -3.6591 -10.1856 5.7995
v  -3.1476 -10.1856 6.0654
v  -2.5933 -10.1856 6.2292
v  -2.0172 -10.1856 6.2845
v  -1.4411 -10.1856 6.2292
v  -0.8868 -10.1856 6.0654
v  -0.3753 -10.1856 5.7995
v  0.0739 -10.1856 5.4416
v  0.4439 -10.1856 5.0056
v  0.7203 -10.1856 4.5081
v  0.8926 -10.1856 3.9683
v  0.9539 -10.1856 3.4070
v  0.9015 -10.1856 2.8459
v  0.7368 -10.1856 2.3065
v  0.4657 -10.1856 1.8095
v  0.0979 -10.1856 1.3742
v  -0.3528 -10.1856 1.0171
v  -0.8694 -10.1856 0.7519
v  -1.4316 -10.1856 0.5887
v  -2.0172 -10.1856 1.9411
v  -2.3140 -10.1856 1.9692
v  -2.5993 -10.1856 2.0526
v  -2.8618 -10.1856 2.1880
v  -3.0916 -10.1856 2.3703
v  -3.2796 -10.1856 2.5924
v  -3.4188 -10.1856 2.8459
v  -3.5040 -10.1856 3.1209
v  -3.5319 -10.1856 3.4070
v  -3.5017 -10.1856 3.6932
v  -3.4146 -10.1856 3.9683
v  -3.2740 -10.1856 4.2219
v  -3.0855 -10.1856 4.4442
v  -2.8562 -10.1856 4.6266
v  -2.5950 -10.1856 4.7622
v  -2.3117 -10.1856 4.8457
v  -2.0172 -10.1856 4.8738
v  -1.7227 -10.1856 4.8457
v  -1.4395 -10.1856 4.7622
v  -1.1782 -10.1856 4.6266
v  -0.9489 -10.1856 4.4442
v  -0.7604 -10.1856 4.2219
v  -0.6199 -10.1856 3.9683
v  -0.5328 -10.1856 3.6932
v  -0.5025 -10.1856 3.4070
v  -0.5305 -10.1856 3.1209
v  -0.6156 -10.1856 2.8459
v  -0.7548 -10.1856 2.5924
v  -0.9429 -10.1856 2.3703
v  -1.1726 -10.1856 2.1880
v  -1.4352 -10.1856 2.0526
v  -1.7204 -10.1856 1.9692
v  -2.0172 -10.1856 3.4070
v  -5.9702 0.6714 -13.7312
v  -5.9145 0.4507 -16.6612
v  -5.9915 0.4519 -16.6042
v  -6.0676 0.4604 -16.4380
v  -6.1400 0.4756 -16.1684
v  -6.2060 0.4967 -15.8053
v  -6.2632 0.5227 -15.3620
v  -6.3096 0.5523 -14.8547
v  -6.3432 0.5842 -14.3020
v  -6.3628 0.6166 -13.7244
v  -6.3673 0.6483 -13.1438
v  -6.3562 0.6778 -12.5824
v  -6.3298 0.7041 -12.0623
v  -6.2891 0.7266 -11.6042
v  -6.2356 0.7450 -11.2269
v  -6.1718 0.7594 -10.9458
v  -6.1003 0.7701 -10.7726
v  -6.0243 0.7771 -10.7147
v  -5.9467 0.7803 -10.7746
v  -5.8704 0.7791 -10.9500
v  -5.7982 0.7726 -11.2335
v  -5.7325 0.7601 -11.6135
v  -5.6756 0.7412 -12.0741
v  -5.6298 0.7162 -12.5963
v  -5.5967 0.6861 -13.1590
v  -5.5780 0.6523 -13.7401
v  -5.5744 0.6166 -14.3172
v  -5.5863 0.5808 -14.8687
v  -5.6130 0.5468 -15.3743
v  -5.6537 0.5161 -15.8155
v  -5.7064 0.4902 -16.1761
v  -5.7692 0.4701 -16.4432
v  -5.8395 0.4568 -16.6069
v  -5.8724 0.1530 -19.4293
v  -6.0219 0.1568 -19.3195
v  -6.1689 0.1752 -18.9979
v  -6.3082 0.2072 -18.4760
v  -6.4352 0.2510 -17.7725
v  -6.5454 0.3044 -16.9126
v  -6.6354 0.3644 -15.9267
v  -6.7016 0.4276 -14.8496
v  -6.7409 0.4902 -13.7195
v  -6.7504 0.5478 -12.5775
v  -6.7276 0.5964 -11.4672
v  -6.6715 0.6330 -10.4335
v  -6.5841 0.6567 -9.5208
v  -6.4699 0.6700 -8.7684
v  -6.3360 0.6774 -8.2082
v  -6.1897 0.6839 -7.8627
v  -6.0384 0.6929 -7.7452
v  -5.8883 0.7059 -7.8607
v  -5.7446 0.7213 -8.2058
v  -5.6113 0.7344 -8.7685
v  -5.4912 0.7371 -9.5269
v  -5.3866 0.7212 -10.4485
v  -5.3005 0.6836 -11.4908
v  -5.2372 0.6276 -12.6071
v  -5.2010 0.5598 -13.7509
v  -5.1950 0.4867 -14.8794
v  -5.2201 0.4133 -15.9528
v  -5.2751 0.3439 -16.9342
v  -5.3573 0.2818 -17.7894
v  -5.4630 0.2298 -18.4883
v  -5.5875 0.1901 -19.0059
v  -5.7258 0.1642 -19.3235
v  -5.8431 -0.2015 -21.9579
v  -6.0584 -0.1948 -21.8001
v  -6.2693 -0.1666 -21.3368
v  -6.4684 -0.1185 -20.5846
v  -6.6495 -0.0530 -19.5707
v  -6.8067 0.0264 -18.3312
v  -6.9355 0.1152 -16.9093
v  -7.0316 0.2078 -15.3536
v  -7.0902 0.2972 -13.7165
v  -7.1049 0.3746 -12.0546
v  -7.0683 0.4302 -10.4315
v  -6.9763 0.4571 -8.9190
v  -6.8335 0.4575 -7.5891
v  -6.6521 0.4426 -6.5012
v  -6.4458 0.4255 -5.6969
v  -6.2267 0.4160 -5.2026
v  -6.0051 0.4200 -5.0332
v  -5.7895 0.4400 -5.1938
v  -5.5877 0.4757 -5.6807
v  -5.4057 0.5231 -6.4818
v  -5.2467 0.5713 -7.5749
v  -5.1101 0.5969 -8.9214
v  -4.9947 0.5721 -10.4568
v  -4.9057 0.4981 -12.0970
v  -4.8536 0.3977 -13.7638
v  -4.8464 0.2880 -15.3968
v  -4.8857 0.1786 -16.9448
v  -4.9691 0.0759 -18.3588
v  -5.0917 -0.0153 -19.5912
v  -5.2476 -0.0913 -20.5990
v  -5.4298 -0.1489 -21.3459
v  -5.6309 -0.1861 -21.8046
v  -5.8231 -0.5961 -24.1646
v  -6.0956 -0.5867 -23.9649
v  -6.3617 -0.5498 -23.3777
v  -6.6123 -0.4873 -22.4243
v  -6.8396 -0.4025 -21.1394
v  -7.0368 -0.2999 -19.5689
v  -7.1988 -0.1854 -17.7675
v  -7.3211 -0.0668 -15.7954
v  -7.3977 0.0454 -13.7155
v  -7.4176 0.1366 -11.5956
v  -7.3649 0.1890 -9.5191
v  -7.2324 0.1933 -7.5902
v  -7.0331 0.1614 -5.9090
v  -6.7901 0.1166 -4.5457
v  -6.5220 0.0772 -3.5429
v  -6.2420 0.0541 -2.9280
v  -5.9604 0.0530 -2.7172
v  -5.6873 0.0766 -2.9158
v  -5.4327 0.1250 -3.5183
v  -5.2058 0.1957 -4.5101
v  -5.0138 0.2819 -5.8699
v  -4.8565 0.3632 -7.5672
v  -4.7245 0.3828 -9.5362
v  -4.6159 0.3025 -11.6491
v  -4.5495 0.1724 -13.7786
v  -4.5418 0.0295 -15.8503
v  -4.5952 -0.1118 -17.8100
v  -4.7050 -0.2437 -19.6001
v  -4.8642 -0.3604 -21.1616
v  -5.0647 -0.4572 -22.4395
v  -5.2977 -0.5303 -23.3872
v  -5.5538 -0.5772 -23.9695
v  -5.8097 -1.0144 -25.9715
v  -6.1289 -1.0027 -25.7376
v  -6.4400 -0.9585 -25.0488
v  -6.7325 -0.8840 -23.9304
v  -6.9971 -0.7833 -22.4234
v  -7.2266 -0.6615 -20.5821
v  -7.4153 -0.5258 -18.4706
v  -7.5592 -0.3858 -16.1585
v  -7.6519 -0.2553 -13.7163
v  -7.6769 -0.1553 -11.2188
v  -7.6074 -0.1117 -8.7684
v  -7.4353 -0.1325 -6.5042
v  -7.1879 -0.1925 -4.5475
v  -6.8970 -0.2603 -2.9682
v  -6.5819 -0.3161 -1.8080
v  -6.2546 -0.3491 -1.0966
v  -5.9254 -0.3538 -0.8531
v  -5.6052 -0.3278 -1.0836
v  -5.3055 -0.2709 -1.7807
v  -5.0385 -0.1851 -2.9250
v  -4.8152 -0.0752 -4.4905
v  -4.6409 0.0456 -6.4532
v  -4.5019 0.1212 -8.7687
v  -4.3798 0.0483 -11.2819
v  -4.3005 -0.1072 -13.7950
v  -4.2926 -0.2778 -16.2235
v  -4.3586 -0.4452 -18.5180
v  -4.4909 -0.6009 -20.6155
v  -4.6805 -0.7383 -22.4465
v  -4.9179 -0.8521 -23.9458
v  -5.1927 -0.9379 -25.0583
v  -5.4938 -0.9926 -25.7421
v  -5.8013 -1.4396 -27.3129
v  -6.1550 -1.4261 -27.0535
v  -6.4994 -1.3765 -26.2893
v  -6.8228 -1.2931 -25.0484
v  -7.1151 -1.1805 -23.3766
v  -7.3682 -1.0444 -21.3343
v  -7.5768 -0.8929 -18.9931
v  -7.7372 -0.7370 -16.4296
v  -7.8433 -0.5932 -13.7190
v  -7.8735 -0.4880 -10.9393
v  -7.7892 -0.4542 -8.2096
v  -7.5841 -0.4957 -5.7009
v  -7.3009 -0.5760 -3.5457
v  -6.9764 -0.6596 -1.8091
v  -6.6283 -0.7265 -0.5327
v  -6.2669 -0.7664 0.2504
v  -5.9029 -0.7736 0.5182
v  -5.5477 -0.7459 0.2634
v  -5.2143 -0.6831 -0.5049
v  -4.9161 -0.5872 -1.7628
v  -4.6674 -0.4624 -3.4784
v  -4.4786 -0.3181 -5.6264
v  -4.3384 -0.1986 -8.1893
v  -4.2081 -0.2550 -11.0116
v  -4.1166 -0.4298 -13.8128
v  -4.1083 -0.6210 -16.5030
v  -4.1840 -0.8077 -19.0442
v  -4.3333 -0.9810 -21.3691
v  -4.5457 -1.1337 -23.4000
v  -4.8104 -1.2601 -25.0639
v  -5.1162 -1.3552 -26.2987
v  -5.4507 -1.4158 -27.0580
v  -5.7967 -1.8550 -28.1391
v  -6.1717 -1.8404 -27.8640
v  -6.5367 -1.7874 -27.0534
v  -6.8791 -1.6986 -25.7372
v  -7.1884 -1.5786 -23.9640
v  -7.4562 -1.4337 -21.7984
v  -7.6772 -1.2725 -19.3163
v  -7.8486 -1.1069 -16.5989
v  -7.9648 -0.9551 -13.7236
v  -8.0005 -0.8474 -10.7686
v  -7.9061 -0.8207 -7.8642
v  -7.6781 -0.8752 -5.2060
v  -7.3721 -0.9676 -2.9305
v  -7.0271 -1.0605 -1.0978
v  -6.6587 -1.1340 0.2500
v  -6.2766 -1.1779 1.0773
v  -5.8911 -1.1866 1.3599
v  -5.5145 -1.1578 1.0901
v  -5.1603 -1.0915 0.2779
v  -4.8430 -0.9897 -1.0500
v  -4.5782 -0.8565 -2.8568
v  -4.3809 -0.6998 -5.1140
v  -4.2440 -0.5551 -7.8247
v  -4.1089 -0.5959 -10.8508
v  -4.0057 -0.7827 -13.8312
v  -3.9958 -0.9863 -16.6789
v  -4.0772 -1.1848 -19.3700
v  -4.2369 -1.3687 -21.8341
v  -4.4633 -1.5309 -23.9878
v  -4.7450 -1.6649 -25.7527
v  -5.0697 -1.7658 -27.0628
v  -5.4248 -1.8299 -27.8685
v  -5.7955 -2.2445 -28.4193
v  -6.1778 -2.2296 -28.1390
v  -6.5496 -2.1754 -27.3128
v  -6.8986 -2.0848 -25.9713
v  -7.2138 -1.9623 -24.1642
v  -7.4869 -1.8145 -21.9575
v  -7.7128 -1.6500 -19.4287
v  -7.8894 -1.4813 -16.6603
v  -8.0119 -1.3270 -13.7302
v  -8.0533 -1.2188 -10.7140
v  -7.9562 -1.1947 -7.7456
v  -7.7173 -1.2535 -5.0341
v  -7.4007 -1.3497 -2.7180
v  -7.0472 -1.4456 -0.8536
v  -6.6712 -1.5212 0.5178
v  -6.2817 -1.5664 1.3597
v  -5.8888 -1.5756 1.6474
v  -5.5050 -1.5465 1.3728
v  -5.1439 -1.4791 0.5464
v  -4.8206 -1.3754 -0.8039
v  -4.5518 -1.2396 -2.6391
v  -4.3550 -1.0793 -4.9292
v  -4.2266 -0.9268 -7.6930
v  -4.0876 -0.9614 -10.8083
v  -3.9726 -1.1519 -13.8493
v  -3.9595 -1.3594 -16.7453
v  -4.0420 -1.5616 -19.4843
v  -4.2050 -1.7490 -21.9940
v  -4.4360 -1.9143 -24.1884
v  -4.7232 -2.0509 -25.9870
v  -5.0544 -2.1537 -27.3222
v  -5.4164 -2.2190 -28.1435
v  -5.7975 -2.5930 -28.1434
v  -6.1727 -2.5785 -27.8684
v  -6.5378 -2.5255 -27.0581
v  -6.8806 -2.4368 -25.7424
v  -7.1905 -2.3168 -23.9702
v  -7.4594 -2.1721 -21.8061
v  -7.6826 -2.0111 -19.3264
v  -7.8583 -1.8458 -16.6119
v  -7.9829 -1.6946 -13.7387
v  -8.0301 -1.5875 -10.7786
v  -7.9392 -1.5610 -7.8592
v  -7.7027 -1.6152 -5.1906
v  -7.3875 -1.7070 -2.9136
v  -7.0370 -1.7996 -1.0826
v  -6.6657 -1.8729 0.2636
v  -6.2821 -1.9166 1.0900
v  -5.8960 -1.9253 1.3726
v  -5.5194 -1.8966 1.1038
v  -5.1658 -1.8306 0.2939
v  -4.8504 -1.7291 -1.0297
v  -4.5904 -1.5965 -2.8288
v  -4.4054 -1.4409 -5.0763
v  -4.2907 -1.2966 -7.8051
v  -4.1453 -1.3375 -10.8872
v  -4.0192 -1.5232 -13.8656
v  -4.0011 -1.7257 -16.7000
v  -4.0798 -1.9235 -19.3834
v  -4.2385 -2.1072 -21.8434
v  -4.4645 -2.2692 -23.9948
v  -4.7459 -2.4031 -25.7583
v  -5.0706 -2.5039 -27.0677
v  -5.4256 -2.5680 -27.8730
v  -5.8031 -2.8874 -27.3221
v  -6.1571 -2.8740 -27.0628
v  -6.5020 -2.8243 -26.2992
v  -6.8261 -2.7411 -25.0595
v  -7.1196 -2.6286 -23.3896
v  -7.3751 -2.4928 -21.3504
v  -7.5879 -2.3418 -19.0136
v  -7.7569 -2.1866 -16.4559
v  -7.8789 -2.0439 -13.7493
v  -7.9311 -1.9398 -10.9608
v  -7.8560 -1.9063 -8.2032
v  -7.6369 -1.9473 -5.6720
v  -7.3356 -2.0268 -3.5114
v  -6.9994 -2.1097 -1.7769
v  -6.6447 -2.1762 -0.5033
v  -6.2801 -2.2158 0.2782
v  -5.9146 -2.2230 0.5460
v  -5.5595 -2.1954 0.2933
v  -5.2278 -2.1331 -0.4701
v  -4.9343 -2.0379 -1.7190
v  -4.6969 -1.9144 -3.4197
v  -4.5356 -1.7721 -5.5540
v  -4.4355 -1.6532 -8.1655
v  -4.2780 -1.7097 -11.0835
v  -4.1440 -1.8823 -13.8788
v  -4.1197 -2.0714 -16.5450
v  -4.1897 -2.2569 -19.0716
v  -4.3368 -2.4296 -21.3884
v  -4.5482 -2.5820 -23.4147
v  -4.8125 -2.7081 -25.0758
v  -5.1180 -2.8032 -26.3091
v  -5.4525 -2.8636 -27.0675
v  -5.8131 -3.1165 -25.9867
v  -6.1326 -3.1048 -25.7530
v  -6.4444 -3.0606 -25.0651
v  -6.7381 -2.9864 -23.9486
v  -7.0048 -2.8859 -22.4445
v  -7.2378 -2.7645 -20.6076
v  -7.4331 -2.6295 -18.5026
v  -7.5892 -2.4905 -16.1985
v  -7.7037 -2.3614 -13.7618
v  -7.7589 -2.2629 -11.2545
v  -7.7075 -2.2201 -8.7686
v  -7.5229 -2.2406 -6.4678
v  -7.2508 -2.2995 -4.4963
v  -6.9409 -2.3663 -2.9162
v  -6.6144 -2.4214 -1.7585
v  -6.2811 -2.4541 -1.0488
v  -5.9494 -2.4588 -0.8046
v  -5.6296 -2.4330 -1.0315
v  -5.3338 -2.3768 -1.7208
v  -5.0765 -2.2922 -2.8515
v  -4.8754 -2.1843 -4.3987
v  -4.7469 -2.0658 -6.3601
v  -4.6495 -1.9908 -8.7694
v  -4.4766 -2.0632 -11.3853
v  -4.3423 -2.2157 -13.8872
v  -4.3116 -2.3836 -16.2858
v  -4.3688 -2.5494 -18.5605
v  -4.4973 -2.7041 -20.6462
v  -4.6852 -2.8410 -22.4703
v  -4.9217 -2.9545 -23.9655
v  -5.1960 -3.0401 -25.0754
v  -5.4970 -3.0948 -25.7578
v  -5.8289 -3.2719 -24.1880
v  -6.1019 -3.2625 -23.9886
v  -6.3691 -3.2257 -23.4026
v  -6.6216 -3.1634 -22.4517
v  -6.8518 -3.0789 -21.1707
v  -7.0541 -2.9769 -19.6060
v  -7.2247 -2.8632 -17.8125
v  -7.3621 -2.7459 -15.8497
v  -7.4638 -2.6353 -13.7763
v  -7.5182 -2.5459 -11.6485
v  -7.4937 -2.4947 -9.5375
v  -7.3607 -2.4905 -7.5614
v  -7.1386 -2.5216 -5.8491
v  -6.8710 -2.5654 -4.4742
v  -6.5857 -2.6040 -3.4691
v  -6.2959 -2.6267 -2.8536
v  -6.0105 -2.6278 -2.6405
v  -5.7391 -2.6046 -2.8334
v  -5.4929 -2.5572 -3.4259
v  -5.2852 -2.4881 -4.4043
v  -5.1306 -2.4042 -5.7572
v  -5.0278 -2.3247 -7.4953
v  -4.9059 -2.3053 -9.5883
v  -4.7290 -2.3841 -11.7750
v  -4.6056 -2.5109 -13.8899
v  -4.5707 -2.6509 -15.9316
v  -4.6119 -2.7903 -17.8689
v  -4.7160 -2.9211 -19.6446
v  -4.8723 -3.0370 -21.1971
v  -5.0713 -3.1334 -22.4692
v  -5.3036 -3.2063 -23.4134
v  -5.5594 -3.2530 -23.9937
v  -5.8533 -3.3485 -21.9934
v  -6.0695 -3.3418 -21.8359
v  -6.2819 -3.3138 -21.3741
v  -6.4836 -3.2660 -20.6249
v  -6.6687 -3.2009 -19.6156
v  -6.8325 -3.1221 -18.3826
v  -6.9717 -3.0343 -16.9692
v  -7.0843 -2.9429 -15.4229
v  -7.1680 -2.8552 -13.7926
v  -7.2163 -2.7796 -12.1268
v  -7.2136 -2.7256 -10.4796
v  -7.1400 -2.6994 -8.9243
v  -6.9928 -2.6990 -7.5504
v  -6.7941 -2.7135 -6.4320
v  -6.5702 -2.7301 -5.6109
v  -6.3395 -2.7393 -5.1074
v  -6.1141 -2.7355 -4.9314
v  -5.9036 -2.7160 -5.0860
v  -5.7175 -2.6814 -5.5689
v  -5.5642 -2.6355 -6.3753
v  -5.4434 -2.5887 -7.5028
v  -5.3272 -2.5636 -8.9328
v  -5.1770 -2.5878 -10.5608
v  -5.0239 -2.6597 -12.2336
v  -4.9231 -2.7571 -13.8864
v  -4.8880 -2.8642 -15.4946
v  -4.9125 -2.9717 -17.0214
v  -4.9879 -3.0731 -18.4200
v  -5.1062 -3.1635 -19.6420
v  -5.2596 -3.2389 -20.6427
v  -5.4405 -3.2962 -21.3852
v  -5.6410 -3.3332 -21.8412
v  -5.8919 -3.3450 -19.4834
v  -6.0425 -3.3412 -19.3737
v  -6.1915 -3.3229 -19.0537
v  -6.3342 -3.2913 -18.5349
v  -6.4663 -3.2479 -17.8361
v  -6.5842 -3.1953 -16.9823
v  -6.6851 -3.1362 -16.0038
v  -6.7668 -3.0741 -14.9344
v  -6.8272 -3.0129 -13.8102
v  -6.8633 -2.9568 -12.6687
v  -6.8701 -2.9096 -11.5492
v  -6.8411 -2.8742 -10.4946
v  -6.7725 -2.8513 -9.5523
v  -6.6671 -2.8385 -8.7689
v  -6.5350 -2.8313 -8.1829
v  -6.3888 -2.8251 -7.8200
v  -6.2399 -2.8163 -7.6944
v  -6.0965 -2.8038 -7.8124
v  -5.9629 -2.7889 -8.1735
v  -5.8377 -2.7763 -8.7692
v  -5.7134 -2.7736 -9.5761
v  -5.5838 -2.7890 -10.5474
v  -5.4569 -2.8254 -11.6210
v  -5.3513 -2.8794 -12.7435
v  -5.2815 -2.9451 -13.8772
v  -5.2522 -3.0163 -14.9896
v  -5.2621 -3.0881 -16.0472
v  -5.3074 -3.1564 -17.0154
v  -5.3836 -3.2176 -17.8605
v  -5.4855 -3.2690 -18.5520
v  -5.6079 -3.3083 -19.0645
v  -5.7452 -3.3339 -19.3790
v  -5.9553 -3.2651 -16.7438
v  -6.0333 -3.2639 -16.6866
v  -6.1115 -3.2556 -16.5213
v  -6.1874 -3.2406 -16.2537
v  -6.2584 -3.2199 -15.8936
v  -6.3224 -3.1944 -15.4540
v  -6.3773 -3.1653 -14.9509
v  -6.4217 -3.1343 -14.4024
v  -6.4540 -3.1026 -13.8286
v  -6.4730 -3.0719 -13.2504
v  -6.4777 -3.0432 -12.6895
v  -6.4673 -3.0178 -12.1676
v  -6.4416 -2.9960 -11.7058
v  -6.4012 -2.9783 -11.3238
v  -6.3477 -2.9644 -11.0384
v  -6.2832 -2.9541 -10.8629
v  -6.2107 -2.9473 -10.8057
v  -6.1326 -2.9442 -10.8700
v  -6.0515 -2.9454 -11.0530
v  -5.9699 -2.9516 -11.3459
v  -5.8904 -2.9637 -11.7348
v  -5.8165 -2.9819 -12.2017
v  -5.7521 -3.0060 -12.7263
v  -5.7011 -3.0352 -13.2873
v  -5.6662 -3.0680 -13.8635
v  -5.6490 -3.1027 -14.4338
v  -5.6500 -3.1375 -14.9779
v  -5.6685 -3.1708 -15.4763
v  -5.7030 -3.2008 -15.9112
v  -5.7515 -3.2263 -16.2667
v  -5.8115 -3.2460 -16.5298
v  -5.8804 -3.2591 -16.6908
v  -6.0620 -3.1212 -13.8467
# 964 vertices

vn -0.0000 0.9973 0.0740
vn -0.0000 0.9919 -0.1272
vn -0.0397 0.9916 -0.1233
vn -0.0779 0.9907 -0.1118
vn -0.1130 0.9892 -0.0932
vn -0.1437 0.9873 -0.0680
vn -0.1686 0.9850 -0.0375
vn -0.1868 0.9824 -0.0028
vn -0.1976 0.9797 0.0346
vn -0.2007 0.9769 0.0733
vn -0.1961 0.9742 0.1117
vn -0.1840 0.9717 0.1482
vn -0.1650 0.9694 0.1817
vn -0.1399 0.9675 0.2108
vn -0.1096 0.9659 0.2346
vn -0.0754 0.9647 0.2522
vn -0.0384 0.9640 0.2630
vn 0.0000 0.9638 0.2666
vn 0.0384 0.9640 0.2630
vn 0.0754 0.9647 0.2522
vn 0.1096 0.9659 0.2346
vn 0.1399 0.9675 0.2108
vn 0.1650 0.9694 0.1817
vn 0.1840 0.9717 0.1482
vn 0.1961 0.9742 0.1117
vn 0.2007 0.9769 0.0733
vn 0.1976 0.9797 0.0346
vn 0.1868 0.9824 -0.0028
vn 0.1686 0.9850 -0.0375
vn 0.1437 0.9873 -0.0680
vn 0.1130 0.9892 -0.0932
vn 0.0779 0.9907 -0.1118
vn 0.0397 0.9916 -0.1233
vn -0.0000 0.9461 -0.3239
vn -0.0776 0.9456 -0.3160
vn -0.1520 0.9440 -0.2929
vn -0.2201 0.9414 -0.2555
vn -0.2790 0.9380 -0.2056
vn -0.3266 0.9339 -0.1455
vn -0.3609 0.9293 -0.0777
vn -0.3810 0.9246 -0.0050
vn -0.3862 0.9198 0.0696
vn -0.3767 0.9152 0.1434
vn -0.3530 0.9110 0.2135
vn -0.3162 0.9072 0.2775
vn -0.2678 0.9040 0.3332
vn -0.2098 0.9015 0.3786
vn -0.1442 0.8997 0.4121
vn -0.0734 0.8985 0.4327
vn -0.0000 0.8982 0.4397
vn 0.0734 0.8985 0.4327
vn 0.1442 0.8997 0.4121
vn 0.2098 0.9015 0.3786
vn 0.2678 0.9040 0.3332
vn 0.3162 0.9072 0.2775
vn 0.3530 0.9110 0.2135
vn 0.3767 0.9152 0.1434
vn 0.3862 0.9198 0.0696
vn 0.3810 0.9246 -0.0050
vn 0.3609 0.9293 -0.0777
vn 0.3266 0.9339 -0.1455
vn 0.2790 0.9380 -0.2056
vn 0.2201 0.9414 -0.2555
vn 0.1520 0.9440 -0.2929
vn 0.0776 0.9456 -0.3160
vn -0.0000 0.8582 -0.5132
vn -0.1125 0.8579 -0.5013
vn -0.2203 0.8567 -0.4664
vn -0.3187 0.8543 -0.4106
vn -0.4037 0.8507 -0.3366
vn -0.4719 0.8460 -0.2482
vn -0.5209 0.8405 -0.1492
vn -0.5490 0.8347 -0.0436
vn -0.5558 0.8288 0.0643
vn -0.5414 0.8233 0.1705
vn -0.5068 0.8183 0.2714
vn -0.4536 0.8138 0.3632
vn -0.3840 0.8101 0.4430
vn -0.3006 0.8072 0.5080
vn -0.2065 0.8051 0.5560
vn -0.1051 0.8038 0.5855
vn -0.0000 0.8034 0.5954
vn 0.1051 0.8038 0.5855
vn 0.2065 0.8051 0.5560
vn 0.3006 0.8072 0.5080
vn 0.3840 0.8101 0.4430
vn 0.4536 0.8138 0.3632
vn 0.5068 0.8183 0.2714
vn 0.5414 0.8233 0.1705
vn 0.5558 0.8288 0.0643
vn 0.5490 0.8347 -0.0436
vn 0.5209 0.8405 -0.1492
vn 0.4719 0.8460 -0.2482
vn 0.4037 0.8507 -0.3366
vn 0.3187 0.8543 -0.4106
vn 0.2203 0.8567 -0.4664
vn 0.1125 0.8579 -0.5013
vn -0.0000 0.7281 -0.6855
vn -0.1415 0.7290 -0.6697
vn -0.2777 0.7307 -0.6237
vn -0.4029 0.7310 -0.5508
vn -0.5115 0.7289 -0.4550
vn -0.5985 0.7249 -0.3410
vn -0.6606 0.7195 -0.2141
vn -0.6960 0.7136 -0.0794
vn -0.7042 0.7077 0.0578
vn -0.6855 0.7021 0.1927
vn -0.6414 0.6971 0.3205
vn -0.5738 0.6927 0.4369
vn -0.4856 0.6891 0.5379
vn -0.3801 0.6863 0.6201
vn -0.2611 0.6843 0.6809
vn -0.1329 0.6831 0.7182
vn 0.0000 0.6827 0.7307
vn 0.1329 0.6831 0.7182
vn 0.2611 0.6843 0.6809
vn 0.3801 0.6863 0.6201
vn 0.4856 0.6891 0.5379
vn 0.5738 0.6927 0.4369
vn 0.6414 0.6971 0.3205
vn 0.6855 0.7021 0.1927
vn 0.7042 0.7077 0.0578
vn 0.6960 0.7136 -0.0794
vn 0.6606 0.7195 -0.2141
vn 0.5985 0.7249 -0.3410
vn 0.5115 0.7289 -0.4550
vn 0.4029 0.7310 -0.5508
vn 0.2777 0.7307 -0.6237
vn 0.1415 0.7290 -0.6697
vn -0.0000 0.5588 -0.8293
vn -0.1609 0.5631 -0.8106
vn -0.3193 0.5713 -0.7561
vn -0.4682 0.5768 -0.6694
vn -0.5982 0.5776 -0.5555
vn -0.7020 0.5749 -0.4203
vn -0.7757 0.5704 -0.2701
vn -0.8175 0.5651 -0.1113
vn -0.8270 0.5599 0.0504
vn -0.8051 0.5550 0.2092
vn -0.7532 0.5507 0.3596
vn -0.6739 0.5470 0.4966
vn -0.5703 0.5440 0.6155
vn -0.4464 0.5417 0.7123
vn -0.3066 0.5400 0.7838
vn -0.1561 0.5390 0.8277
vn 0.0000 0.5386 0.8425
vn 0.1561 0.5390 0.8277
vn 0.3066 0.5400 0.7838
vn 0.4464 0.5417 0.7123
vn 0.5703 0.5440 0.6155
vn 0.6739 0.5470 0.4966
vn 0.7532 0.5507 0.3596
vn 0.8051 0.5550 0.2092
vn 0.8270 0.5599 0.0504
vn 0.8175 0.5651 -0.1113
vn 0.7757 0.5704 -0.2701
vn 0.7020 0.5749 -0.4203
vn 0.5982 0.5776 -0.5555
vn 0.4682 0.5768 -0.6694
vn 0.3193 0.5713 -0.7561
vn 0.1609 0.5631 -0.8106
vn -0.0000 0.3621 -0.9321
vn -0.1672 0.3716 -0.9132
vn -0.3415 0.3881 -0.8560
vn -0.5117 0.3985 -0.7612
vn -0.6607 0.4015 -0.6342
vn -0.7788 0.4002 -0.4831
vn -0.8619 0.3969 -0.3155
vn -0.9091 0.3930 -0.1384
vn -0.9202 0.3892 0.0420
vn -0.8962 0.3857 0.2192
vn -0.8389 0.3826 0.3872
vn -0.7508 0.3800 0.5402
vn -0.6356 0.3779 0.6732
vn -0.4976 0.3763 0.7815
vn -0.3419 0.3751 0.8616
vn -0.1740 0.3744 0.9108
vn 0.0000 0.3742 0.9274
vn 0.1740 0.3744 0.9108
vn 0.3419 0.3751 0.8616
vn 0.4976 0.3763 0.7815
vn 0.6356 0.3779 0.6732
vn 0.7508 0.3800 0.5402
vn 0.8389 0.3826 0.3872
vn 0.8962 0.3857 0.2192
vn 0.9202 0.3892 0.0420
vn 0.9091 0.3930 -0.1384
vn 0.8619 0.3969 -0.3155
vn 0.7788 0.4002 -0.4831
vn 0.6607 0.4015 -0.6342
vn 0.5117 0.3985 -0.7612
vn 0.3415 0.3881 -0.8560
vn 0.1672 0.3716 -0.9132
vn -0.0000 0.1679 -0.9858
vn -0.1606 0.1780 -0.9708
vn -0.3448 0.1943 -0.9184
vn -0.5325 0.2036 -0.8216
vn -0.6961 0.2063 -0.6876
vn -0.8244 0.2059 -0.5272
vn -0.9146 0.2042 -0.3490
vn -0.9661 0.2022 -0.1603
vn -0.9792 0.2002 0.0321
vn -0.9548 0.1984 0.2215
vn -0.8945 0.1969 0.4014
vn -0.8013 0.1956 0.5655
vn -0.6788 0.1945 0.7081
vn -0.5317 0.1937 0.8245
vn -0.3654 0.1931 0.9106
vn -0.1860 0.1928 0.9634
vn 0.0000 0.1927 0.9813
vn 0.1861 0.1928 0.9634
vn 0.3654 0.1931 0.9106
vn 0.5317 0.1937 0.8245
vn 0.6788 0.1945 0.7081
vn 0.8013 0.1956 0.5655
vn 0.8945 0.1969 0.4014
vn 0.9548 0.1984 0.2215
vn 0.9792 0.2002 0.0321
vn 0.9661 0.2022 -0.1603
vn 0.9146 0.2042 -0.3490
vn 0.8244 0.2059 -0.5272
vn 0.6961 0.2063 -0.6876
vn 0.5325 0.2036 -0.8216
vn 0.3448 0.1943 -0.9184
vn 0.1606 0.1780 -0.9708
vn -0.0000 0.0012 -1.0000
vn -0.1514 0.0013 -0.9885
vn -0.3369 0.0011 -0.9415
vn -0.5313 0.0006 -0.8472
vn -0.7012 0.0002 -0.7130
vn -0.8347 -0.0001 -0.5507
vn -0.9292 -0.0003 -0.3695
vn -0.9843 -0.0005 -0.1767
vn -0.9998 -0.0006 0.0205
vn -0.9766 -0.0007 0.2152
vn -0.9163 -0.0008 0.4005
vn -0.8218 -0.0009 0.5698
vn -0.6968 -0.0009 0.7172
vn -0.5462 -0.0010 0.8376
vn -0.3756 -0.0010 0.9268
vn -0.1913 -0.0010 0.9815
vn 0.0000 -0.0010 1.0000
vn 0.1913 -0.0010 0.9815
vn 0.3756 -0.0010 0.9268
vn 0.5462 -0.0010 0.8376
vn 0.6968 -0.0009 0.7172
vn 0.8218 -0.0009 0.5698
vn 0.9163 -0.0008 0.4005
vn 0.9766 -0.0007 0.2152
vn 0.9998 -0.0006 0.0205
vn 0.9843 -0.0005 -0.1767
vn 0.9292 -0.0003 -0.3695
vn 0.8347 -0.0001 -0.5507
vn 0.7012 0.0002 -0.7130
vn 0.5313 0.0006 -0.8472
vn 0.3369 0.0011 -0.9415
vn 0.1514 0.0013 -0.9885
vn -0.0000 -0.1609 -0.9870
vn -0.1499 -0.1713 -0.9738
vn -0.3255 -0.1887 -0.9265
vn -0.5099 -0.2001 -0.8367
vn -0.6751 -0.2051 -0.7087
vn -0.8077 -0.2065 -0.5523
vn -0.9034 -0.2063 -0.3759
vn -0.9606 -0.2055 -0.1870
vn -0.9788 -0.2045 0.0072
vn -0.9585 -0.2036 0.1995
vn -0.9012 -0.2027 0.3830
vn -0.8096 -0.2019 0.5512
vn -0.6874 -0.2013 0.6979
vn -0.5393 -0.2008 0.8178
vn -0.3711 -0.2005 0.9067
vn -0.1891 -0.2003 0.9613
vn 0.0000 -0.2002 0.9798
vn 0.1891 -0.2003 0.9613
vn 0.3711 -0.2005 0.9067
vn 0.5393 -0.2008 0.8178
vn 0.6874 -0.2013 0.6979
vn 0.8096 -0.2019 0.5512
vn 0.9012 -0.2027 0.3830
vn 0.9585 -0.2036 0.1995
vn 0.9788 -0.2045 0.0071
vn 0.9606 -0.2055 -0.1870
vn 0.9034 -0.2063 -0.3759
vn 0.8077 -0.2065 -0.5523
vn 0.6751 -0.2051 -0.7087
vn 0.5099 -0.2001 -0.8367
vn 0.3255 -0.1887 -0.9265
vn 0.1499 -0.1713 -0.9738
vn -0.0000 -0.3418 -0.9398
vn -0.1472 -0.3525 -0.9242
vn -0.3065 -0.3726 -0.8759
vn -0.4703 -0.3882 -0.7926
vn -0.6210 -0.3969 -0.6758
vn -0.7460 -0.4008 -0.5319
vn -0.8385 -0.4019 -0.3679
vn -0.8957 -0.4017 -0.1908
vn -0.9161 -0.4010 -0.0078
vn -0.8998 -0.4000 0.1743
vn -0.8481 -0.3990 0.3487
vn -0.7633 -0.3981 0.5088
vn -0.6491 -0.3974 0.6487
vn -0.5099 -0.3968 0.7633
vn -0.3511 -0.3963 0.8483
vn -0.1790 -0.3961 0.9006
vn 0.0000 -0.3960 0.9183
vn 0.1790 -0.3961 0.9006
vn 0.3511 -0.3963 0.8483
vn 0.5099 -0.3968 0.7633
vn 0.6491 -0.3974 0.6487
vn 0.7633 -0.3981 0.5088
vn 0.8481 -0.3990 0.3487
vn 0.8998 -0.4000 0.1743
vn 0.9161 -0.4010 -0.0078
vn 0.8957 -0.4017 -0.1908
vn 0.8385 -0.4019 -0.3679
vn 0.7460 -0.4008 -0.5319
vn 0.6210 -0.3969 -0.6758
vn 0.4703 -0.3882 -0.7926
vn 0.3065 -0.3726 -0.8759
vn 0.1472 -0.3525 -0.9242
vn -0.0000 -0.5203 -0.8540
vn -0.1359 -0.5270 -0.8389
vn -0.2756 -0.5417 -0.7941
vn -0.4154 -0.5561 -0.7199
vn -0.5402 -0.5763 -0.6132
vn -0.6407 -0.5970 -0.4828
vn -0.7115 -0.6166 -0.3371
vn -0.7501 -0.6354 -0.1835
vn -0.7562 -0.6537 -0.0290
vn -0.7314 -0.6713 0.1199
vn -0.6786 -0.6879 0.2577
vn -0.6014 -0.7029 0.3799
vn -0.5041 -0.7159 0.4831
vn -0.3912 -0.7265 0.5650
vn -0.2669 -0.7343 0.6242
vn -0.1352 -0.7390 0.6599
vn -0.0000 -0.7407 0.6719
vn 0.1352 -0.7390 0.6599
vn 0.2669 -0.7343 0.6242
vn 0.3912 -0.7265 0.5650
vn 0.5041 -0.7159 0.4831
vn 0.6014 -0.7029 0.3799
vn 0.6786 -0.6879 0.2577
vn 0.7314 -0.6713 0.1199
vn 0.7562 -0.6537 -0.0290
vn 0.7501 -0.6354 -0.1835
vn 0.7115 -0.6166 -0.3371
vn 0.6407 -0.5970 -0.4828
vn 0.5402 -0.5763 -0.6132
vn 0.4154 -0.5561 -0.7199
vn 0.2756 -0.5417 -0.7941
vn 0.1359 -0.5270 -0.8389
vn -0.0000 -0.8594 -0.5112
vn -0.0707 -0.8636 -0.4991
vn -0.1385 -0.8745 -0.4648
vn -0.2178 -0.8917 -0.3967
vn -0.2948 -0.9029 -0.3128
vn -0.3378 -0.9128 -0.2294
vn -0.3562 -0.9228 -0.1467
vn -0.3548 -0.9325 -0.0669
vn -0.3363 -0.9417 0.0051
vn -0.3044 -0.9502 0.0664
vn -0.2632 -0.9578 0.1151
vn -0.2172 -0.9644 0.1510
vn -0.1699 -0.9697 0.1756
vn -0.1239 -0.9738 0.1908
vn -0.0804 -0.9767 0.1992
vn -0.0394 -0.9783 0.2032
vn -0.0000 -0.9789 0.2043
vn 0.0394 -0.9783 0.2032
vn 0.0804 -0.9767 0.1992
vn 0.1239 -0.9738 0.1908
vn 0.1699 -0.9697 0.1756
vn 0.2172 -0.9644 0.1510
vn 0.2632 -0.9578 0.1151
vn 0.3044 -0.9502 0.0664
vn 0.3363 -0.9417 0.0051
vn 0.3548 -0.9325 -0.0669
vn 0.3562 -0.9228 -0.1467
vn 0.3378 -0.9128 -0.2294
vn 0.2948 -0.9029 -0.3128
vn 0.2178 -0.8917 -0.3967
vn 0.1385 -0.8745 -0.4648
vn 0.0707 -0.8636 -0.4991
vn -0.0000 -0.9983 -0.0583
vn -0.0094 -0.9987 -0.0507
vn -0.0120 -0.9995 -0.0307
vn -0.0032 -1.0000 -0.0050
vn 0.0000 -1.0000 -0.0000
vn 0.0032 -1.0000 -0.0050
vn 0.0120 -0.9995 -0.0307
vn 0.0094 -0.9987 -0.0507
vn -0.0461 0.9973 -0.0580
vn -0.0338 0.9946 -0.0979
vn -0.0797 0.9924 -0.0935
vn -0.1148 0.9893 -0.0900
vn -0.1463 0.9854 -0.0866
vn -0.1739 0.9813 -0.0825
vn -0.1968 0.9774 -0.0775
vn -0.2141 0.9742 -0.0717
vn -0.2250 0.9722 -0.0652
vn -0.2298 0.9715 -0.0586
vn -0.2303 0.9718 -0.0514
vn -0.2268 0.9730 -0.0435
vn -0.2200 0.9749 -0.0352
vn -0.2095 0.9774 -0.0266
vn -0.1930 0.9810 -0.0181
vn -0.1678 0.9858 -0.0101
vn -0.1311 0.9914 -0.0012
vn -0.0662 0.9978 0.0092
vn -0.0012 1.0000 -0.0010
vn 0.0385 0.9992 -0.0095
vn 0.0686 0.9975 -0.0174
vn 0.0912 0.9955 -0.0258
vn 0.1093 0.9934 -0.0343
vn 0.1249 0.9913 -0.0423
vn 0.1369 0.9893 -0.0498
vn 0.1432 0.9881 -0.0565
vn 0.1439 0.9876 -0.0628
vn 0.1374 0.9881 -0.0691
vn 0.1239 0.9895 -0.0750
vn 0.1040 0.9913 -0.0803
vn 0.0784 0.9933 -0.0849
vn 0.0480 0.9949 -0.0888
vn 0.0129 0.9956 -0.0931
vn -0.0263 0.9912 -0.1296
vn -0.1129 0.9858 -0.1244
vn -0.1852 0.9755 -0.1185
vn -0.2484 0.9622 -0.1117
vn -0.3015 0.9479 -0.1033
vn -0.3436 0.9344 -0.0937
vn -0.3744 0.9236 -0.0828
vn -0.3939 0.9164 -0.0706
vn -0.4025 0.9137 -0.0570
vn -0.4008 0.9152 -0.0413
vn -0.3901 0.9205 -0.0232
vn -0.3707 0.9288 -0.0030
vn -0.3400 0.9403 0.0178
vn -0.2954 0.9547 0.0369
vn -0.2379 0.9699 0.0526
vn -0.1696 0.9833 0.0663
vn -0.0734 0.9941 0.0796
vn 0.0244 0.9974 0.0671
vn 0.0950 0.9940 0.0539
vn 0.1585 0.9866 0.0386
vn 0.2140 0.9766 0.0192
vn 0.2572 0.9664 -0.0022
vn 0.2917 0.9562 -0.0219
vn 0.3181 0.9473 -0.0384
vn 0.3309 0.9422 -0.0522
vn 0.3303 0.9416 -0.0649
vn 0.3166 0.9454 -0.0770
vn 0.2899 0.9530 -0.0886
vn 0.2502 0.9631 -0.0993
vn 0.1980 0.9742 -0.1087
vn 0.1346 0.9840 -0.1166
vn 0.0614 0.9904 -0.1236
vn -0.0217 0.9860 -0.1651
vn -0.1562 0.9751 -0.1576
vn -0.2680 0.9521 -0.1475
vn -0.3611 0.9227 -0.1354
vn -0.4347 0.8923 -0.1215
vn -0.4898 0.8653 -0.1066
vn -0.5280 0.8444 -0.0909
vn -0.5513 0.8310 -0.0739
vn -0.5607 0.8262 -0.0542
vn -0.5562 0.8305 -0.0301
vn -0.5392 0.8422 -0.0005
vn -0.5085 0.8605 0.0328
vn -0.4591 0.8860 0.0652
vn -0.3888 0.9167 0.0924
vn -0.2994 0.9474 0.1131
vn -0.1923 0.9729 0.1287
vn -0.0571 0.9884 0.1406
vn 0.0803 0.9884 0.1292
vn 0.1882 0.9755 0.1141
vn 0.2765 0.9563 0.0952
vn 0.3485 0.9347 0.0698
vn 0.4079 0.9123 0.0367
vn 0.4561 0.8899 0.0021
vn 0.4941 0.8690 -0.0249
vn 0.5103 0.8588 -0.0455
vn 0.5078 0.8591 -0.0638
vn 0.4891 0.8684 -0.0816
vn 0.4531 0.8859 -0.0991
vn 0.3985 0.9098 -0.1160
vn 0.3237 0.9369 -0.1316
vn 0.2286 0.9626 -0.1453
vn 0.1145 0.9810 -0.1568
vn -0.0187 0.9774 -0.2108
vn -0.2143 0.9564 -0.1984
vn -0.3687 0.9119 -0.1800
vn -0.4872 0.8586 -0.1592
vn -0.5732 0.8078 -0.1375
vn -0.6326 0.7657 -0.1164
vn -0.6711 0.7351 -0.0959
vn -0.6931 0.7169 -0.0750
vn -0.7010 0.7114 -0.0506
vn -0.6940 0.7197 -0.0188
vn -0.6743 0.7382 0.0212
vn -0.6401 0.7656 0.0649
vn -0.5835 0.8053 0.1046
vn -0.4997 0.8553 0.1370
vn -0.3851 0.9084 0.1627
vn -0.2361 0.9543 0.1831
vn -0.0437 0.9795 0.1969
vn 0.1543 0.9711 0.1822
vn 0.3113 0.9367 0.1602
vn 0.4315 0.8920 0.1345
vn 0.5173 0.8493 0.1054
vn 0.5765 0.8141 0.0701
vn 0.6187 0.7852 0.0274
vn 0.6587 0.7524 -0.0096
vn 0.6734 0.7384 -0.0362
vn 0.6690 0.7408 -0.0597
vn 0.6490 0.7563 -0.0829
vn 0.6107 0.7847 -0.1065
vn 0.5499 0.8249 -0.1306
vn 0.4610 0.8738 -0.1548
vn 0.3384 0.9241 -0.1777
vn 0.1796 0.9637 -0.1976
vn -0.0167 0.9601 -0.2791
vn -0.2974 0.9202 -0.2546
vn -0.4952 0.8407 -0.2190
vn -0.6279 0.7564 -0.1834
vn -0.7130 0.6847 -0.1508
vn -0.7661 0.6309 -0.1224
vn -0.7979 0.5949 -0.0975
vn -0.8147 0.5751 -0.0738
vn -0.8196 0.5711 -0.0463
vn -0.8118 0.5839 -0.0086
vn -0.7939 0.6068 0.0395
vn -0.7641 0.6389 0.0898
vn -0.7124 0.6888 0.1343
vn -0.6292 0.7576 0.1734
vn -0.5007 0.8397 0.2103
vn -0.3098 0.9187 0.2450
vn -0.0358 0.9624 0.2691
vn 0.2485 0.9375 0.2435
vn 0.4543 0.8671 0.2043
vn 0.5943 0.7874 0.1636
vn 0.6844 0.7184 0.1245
vn 0.7416 0.6651 0.0873
vn 0.7749 0.6304 0.0467
vn 0.8031 0.5958 0.0064
vn 0.8116 0.5838 -0.0244
vn 0.8062 0.5893 -0.0525
vn 0.7890 0.6091 -0.0806
vn 0.7562 0.6450 -0.1101
vn 0.7009 0.6989 -0.1424
vn 0.6120 0.7705 -0.1782
vn 0.4736 0.8537 -0.2165
vn 0.2687 0.9291 -0.2541
vn -0.0147 0.9146 -0.4042
vn -0.4246 0.8379 -0.3429
vn -0.6535 0.7083 -0.2671
vn -0.7769 0.5948 -0.2064
vn -0.8437 0.5125 -0.1599
vn -0.8805 0.4576 -0.1241
vn -0.9006 0.4240 -0.0955
vn -0.9104 0.4077 -0.0701
vn -0.9123 0.4075 -0.0413
vn -0.9058 0.4237 0.0001
vn -0.8930 0.4468 0.0534
vn -0.8731 0.4755 0.1071
vn -0.8370 0.5246 0.1556
vn -0.7716 0.6021 0.2051
vn -0.6514 0.7113 0.2640
vn -0.4297 0.8381 0.3360
vn -0.0303 0.9180 0.3953
vn 0.3871 0.8589 0.3354
vn 0.6289 0.7345 0.2551
vn 0.7615 0.6202 0.1881
vn 0.8345 0.5346 0.1339
vn 0.8769 0.4721 0.0906
vn 0.9025 0.4271 0.0551
vn 0.9157 0.4014 0.0214
vn 0.9164 0.4001 -0.0103
vn 0.9116 0.4090 -0.0423
vn 0.9002 0.4290 -0.0745
vn 0.8788 0.4646 -0.1091
vn 0.8402 0.5213 -0.1495
vn 0.7704 0.6054 -0.1999
vn 0.6414 0.7203 -0.2642
vn 0.4033 0.8482 -0.3433
vn -0.0095 0.7140 -0.7001
vn -0.6090 0.6140 -0.5021
vn -0.8283 0.4569 -0.3243
vn -0.9099 0.3488 -0.2245
vn -0.9448 0.2843 -0.1627
vn -0.9616 0.2464 -0.1207
vn -0.9701 0.2258 -0.0895
vn -0.9738 0.2184 -0.0637
vn -0.9740 0.2237 -0.0355
vn -0.9705 0.2408 0.0068
vn -0.9640 0.2583 0.0627
vn -0.9548 0.2731 0.1174
vn -0.9380 0.3028 0.1687
vn -0.9033 0.3615 0.2309
vn -0.8225 0.4652 0.3272
vn -0.6080 0.6187 0.4976
vn -0.0197 0.7218 0.6918
vn 0.5889 0.6349 0.5001
vn 0.8214 0.4762 0.3139
vn 0.9092 0.3620 0.2058
vn 0.9475 0.2899 0.1349
vn 0.9677 0.2376 0.0843
vn 0.9801 0.1910 0.0534
vn 0.9831 0.1801 0.0335
vn 0.9807 0.1956 0.0055
vn 0.9779 0.2070 -0.0294
vn 0.9730 0.2218 -0.0646
vn 0.9638 0.2461 -0.1027
vn 0.9463 0.2863 -0.1498
vn 0.9103 0.3532 -0.2158
vn 0.8257 0.4644 -0.3202
vn 0.5983 0.6228 -0.5041
vn -0.0002 -0.0314 -0.9995
vn -0.7320 -0.0109 -0.6812
vn -0.9330 0.0011 -0.3599
vn -0.9742 0.0029 -0.2257
vn -0.9879 0.0038 -0.1550
vn -0.9939 0.0052 -0.1104
vn -0.9968 0.0080 -0.0790
vn -0.9984 0.0137 -0.0545
vn -0.9993 0.0247 -0.0288
vn -0.9992 0.0395 0.0110
vn -0.9968 0.0447 0.0658
vn -0.9923 0.0349 0.1189
vn -0.9852 0.0235 0.1698
vn -0.9707 0.0162 0.2397
vn -0.9285 0.0109 0.3711
vn -0.7282 -0.0041 0.6854
vn -0.0011 -0.0241 0.9997
vn 0.7305 0.0007 0.6829
vn 0.9378 0.0024 0.3472
vn 0.9790 -0.0023 0.2040
vn 0.9923 -0.0098 0.1238
vn 0.9972 -0.0271 0.0694
vn 0.9974 -0.0573 0.0441
vn 0.9979 -0.0477 0.0430
vn 0.9996 -0.0184 0.0223
vn 0.9999 -0.0062 -0.0140
vn 0.9987 -0.0021 -0.0504
vn 0.9960 -0.0005 -0.0896
vn 0.9903 0.0004 -0.1393
vn 0.9769 0.0012 -0.2135
vn 0.9362 0.0016 -0.3515
vn 0.7329 -0.0058 -0.6803
vn 0.0050 -0.7668 -0.6418
vn -0.6174 -0.6517 -0.4407
vn -0.8393 -0.4721 -0.2697
vn -0.9179 -0.3535 -0.1805
vn -0.9506 -0.2835 -0.1265
vn -0.9663 -0.2412 -0.0900
vn -0.9747 -0.2145 -0.0634
vn -0.9796 -0.1965 -0.0425
vn -0.9831 -0.1818 -0.0211
vn -0.9851 -0.1717 0.0127
vn -0.9820 -0.1791 0.0604
vn -0.9712 -0.2132 0.1064
vn -0.9521 -0.2676 0.1479
vn -0.9166 -0.3461 0.2001
vn -0.8351 -0.4699 0.2861
vn -0.6107 -0.6507 0.4513
vn 0.0057 -0.7653 0.6437
vn 0.6268 -0.6504 0.4291
vn 0.8425 -0.4779 0.2487
vn 0.9177 -0.3668 0.1527
vn 0.9474 -0.3072 0.0894
vn 0.9569 -0.2871 0.0440
vn 0.9563 -0.2905 0.0342
vn 0.9640 -0.2609 0.0522
vn 0.9728 -0.2284 0.0388
vn 0.9760 -0.2180 0.0032
vn 0.9738 -0.2254 -0.0312
vn 0.9667 -0.2472 -0.0663
vn 0.9520 -0.2866 -0.1080
vn 0.9205 -0.3541 -0.1651
vn 0.8445 -0.4701 -0.2567
vn 0.6275 -0.6478 -0.4319
vn 0.0109 -0.9584 -0.2851
vn -0.4181 -0.8779 -0.2333
vn -0.6548 -0.7358 -0.1727
vn -0.7802 -0.6125 -0.1268
vn -0.8470 -0.5236 -0.0920
vn -0.8836 -0.4636 -0.0654
vn -0.9042 -0.4247 -0.0448
vn -0.9160 -0.4003 -0.0285
vn -0.9227 -0.3854 -0.0121
vn -0.9247 -0.3804 0.0134
vn -0.9176 -0.3941 0.0508
vn -0.8939 -0.4395 0.0884
vn -0.8497 -0.5138 0.1186
vn -0.7761 -0.6126 0.1497
vn -0.6451 -0.7401 0.1900
vn -0.4054 -0.8811 0.2435
vn 0.0184 -0.9579 0.2865
vn 0.4371 -0.8719 0.2209
vn 0.6626 -0.7336 0.1510
vn 0.7801 -0.6182 0.0968
vn 0.8393 -0.5412 0.0515
vn 0.8621 -0.5063 0.0198
vn 0.8732 -0.4864 0.0317
vn 0.8923 -0.4471 0.0626
vn 0.9051 -0.4219 0.0536
vn 0.9095 -0.4152 0.0207
vn 0.9028 -0.4300 -0.0101
vn 0.8849 -0.4641 -0.0398
vn 0.8506 -0.5208 -0.0722
vn 0.7869 -0.6071 -0.1109
vn 0.6662 -0.7283 -0.1602
vn 0.4363 -0.8711 -0.2253
vn 0.0139 -0.9895 -0.1437
vn -0.2759 -0.9529 -0.1262
vn -0.4812 -0.8706 -0.1025
vn -0.6185 -0.7817 -0.0796
vn -0.7059 -0.7059 -0.0586
vn -0.7600 -0.6487 -0.0404
vn -0.7923 -0.6095 -0.0253
vn -0.8105 -0.5855 -0.0132
vn -0.8192 -0.5735 -0.0019
vn -0.8194 -0.5731 0.0147
vn -0.8077 -0.5881 0.0408
vn -0.7723 -0.6315 0.0693
vn -0.7063 -0.7022 0.0899
vn -0.6082 -0.7867 0.1054
vn -0.4643 -0.8774 0.1209
vn -0.2574 -0.9566 0.1367
vn 0.0267 -0.9888 0.1467
vn 0.3075 -0.9442 0.1177
vn 0.5019 -0.8609 0.0838
vn 0.6290 -0.7757 0.0509
vn 0.7049 -0.7090 0.0199
vn 0.7388 -0.6739 0.0071
vn 0.7721 -0.6343 0.0390
vn 0.7936 -0.6039 0.0735
vn 0.8049 -0.5898 0.0652
vn 0.8080 -0.5880 0.0369
vn 0.7958 -0.6054 0.0104
vn 0.7671 -0.6413 -0.0143
vn 0.7165 -0.6965 -0.0390
vn 0.6333 -0.7712 -0.0647
vn 0.5013 -0.8604 -0.0918
vn 0.3015 -0.9458 -0.1204
vn 0.0165 -0.9974 -0.0705
vn -0.1823 -0.9813 -0.0625
vn -0.3408 -0.9387 -0.0519
vn -0.4628 -0.8856 -0.0404
vn -0.5509 -0.8341 -0.0282
vn -0.6109 -0.7915 -0.0164
vn -0.6490 -0.7607 -0.0060
vn -0.6703 -0.7421 0.0025
vn -0.6785 -0.7345 0.0096
vn -0.6755 -0.7371 0.0185
vn -0.6600 -0.7505 0.0331
vn -0.6206 -0.7824 0.0513
vn -0.5472 -0.8345 0.0645
vn -0.4460 -0.8922 0.0709
vn -0.3169 -0.9456 0.0742
vn -0.1573 -0.9846 0.0764
vn 0.0361 -0.9964 0.0768
vn 0.2288 -0.9717 0.0591
vn 0.3809 -0.9238 0.0388
vn 0.4958 -0.8683 0.0184
vn 0.5721 -0.8202 0.0034
vn 0.6170 -0.7868 0.0144
vn 0.6623 -0.7472 0.0556
vn 0.6747 -0.7336 0.0815
vn 0.6814 -0.7284 0.0724
vn 0.6808 -0.7308 0.0504
vn 0.6641 -0.7471 0.0288
vn 0.6292 -0.7772 0.0091
vn 0.5723 -0.8200 -0.0094
vn 0.4878 -0.8725 -0.0267
vn 0.3698 -0.9281 -0.0428
vn 0.2144 -0.9750 -0.0579
vn 0.0198 -0.9995 -0.0237
vn -0.1147 -0.9932 -0.0194
vn -0.2276 -0.9736 -0.0141
vn -0.3217 -0.9468 -0.0083
vn -0.3956 -0.9184 -0.0015
vn -0.4495 -0.8933 0.0057
vn -0.4853 -0.8743 0.0123
vn -0.5050 -0.8629 0.0179
vn -0.5107 -0.8595 0.0220
vn -0.5045 -0.8630 0.0258
vn -0.4862 -0.8733 0.0315
vn -0.4503 -0.8920 0.0395
vn -0.3866 -0.9211 0.0462
vn -0.2995 -0.9529 0.0481
vn -0.1969 -0.9793 0.0466
vn -0.0801 -0.9958 0.0435
vn 0.0510 -0.9979 0.0394
vn 0.1823 -0.9828 0.0284
vn 0.2968 -0.9548 0.0178
vn 0.3897 -0.9209 0.0112
vn 0.4552 -0.8902 0.0170
vn 0.4989 -0.8656 0.0420
vn 0.5298 -0.8450 0.0728
vn 0.5390 -0.8382 0.0830
vn 0.5411 -0.8376 0.0749
vn 0.5363 -0.8419 0.0600
vn 0.5179 -0.8543 0.0442
vn 0.4833 -0.8750 0.0294
vn 0.4307 -0.9024 0.0161
vn 0.3586 -0.9335 0.0042
vn 0.2661 -0.9639 -0.0061
vn 0.1543 -0.9879 -0.0154
vn 0.0246 -0.9996 0.0102
vn -0.0603 -0.9981 0.0129
vn -0.1320 -0.9911 0.0155
vn -0.1943 -0.9808 0.0182
vn -0.2455 -0.9692 0.0217
vn -0.2844 -0.9584 0.0255
vn -0.3108 -0.9500 0.0293
vn -0.3249 -0.9452 0.0326
vn -0.3274 -0.9442 0.0349
vn -0.3198 -0.9468 0.0364
vn -0.3014 -0.9528 0.0381
vn -0.2702 -0.9620 0.0400
vn -0.2230 -0.9739 0.0415
vn -0.1602 -0.9862 0.0415
vn -0.0876 -0.9954 0.0397
vn -0.0080 -0.9993 0.0365
vn 0.0709 -0.9970 0.0306
vn 0.1444 -0.9890 0.0307
vn 0.2166 -0.9757 0.0331
vn 0.2743 -0.9608 0.0395
vn 0.3144 -0.9479 0.0516
vn 0.3500 -0.9343 0.0672
vn 0.3794 -0.9220 0.0774
vn 0.3884 -0.9182 0.0781
vn 0.3876 -0.9189 0.0731
vn 0.3811 -0.9222 0.0650
vn 0.3650 -0.9294 0.0554
vn 0.3372 -0.9403 0.0458
vn 0.2972 -0.9541 0.0369
vn 0.2453 -0.9690 0.0292
vn 0.1825 -0.9830 0.0225
vn 0.1101 -0.9938 0.0162
vn 0.0324 -0.9988 0.0362
vn -0.0111 -0.9992 0.0379
vn -0.0461 -0.9982 0.0392
vn -0.0764 -0.9963 0.0403
vn -0.1013 -0.9940 0.0417
vn -0.1203 -0.9918 0.0432
vn -0.1331 -0.9901 0.0449
vn -0.1394 -0.9892 0.0464
vn -0.1395 -0.9891 0.0473
vn -0.1342 -0.9898 0.0481
vn -0.1213 -0.9914 0.0494
vn -0.0996 -0.9937 0.0506
vn -0.0690 -0.9963 0.0516
vn -0.0318 -0.9981 0.0519
vn 0.0071 -0.9987 0.0514
vn 0.0427 -0.9978 0.0500
vn 0.0669 -0.9966 0.0476
vn 0.0886 -0.9947 0.0518
vn 0.1157 -0.9917 0.0560
vn 0.1445 -0.9876 0.0607
vn 0.1751 -0.9824 0.0656
vn 0.2028 -0.9768 0.0691
vn 0.2191 -0.9732 0.0701
vn 0.2239 -0.9722 0.0691
vn 0.2224 -0.9726 0.0674
vn 0.2183 -0.9737 0.0647
vn 0.2096 -0.9759 0.0608
vn 0.1949 -0.9792 0.0565
vn 0.1737 -0.9834 0.0521
vn 0.1463 -0.9881 0.0480
vn 0.1138 -0.9925 0.0443
vn 0.0770 -0.9962 0.0404
vn 0.0458 -0.9973 0.0579
# 875 vertex normals

vt 0.0000 1.0000 0.0000
vt 0.0000 0.9375 0.0000
vt 0.0313 0.9375 0.0000
vt 0.0313 1.0000 0.0000
vt 0.0625 0.9375 0.0000
vt 0.0625 1.0000 0.0000
vt 0.0938 0.9375 0.0000
vt 0.0938 1.0000 0.0000
vt 0.1250 0.9375 0.0000
vt 0.1250 1.0000 0.0000
vt 0.1563 0.9375 0.0000
vt 0.1563 1.0000 0.0000
vt 0.1875 0.9375 0.0000
vt 0.1875 1.0000 0.0000
vt 0.2187 0.9375 0.0000
vt 0.2187 1.0000 0.0000
vt 0.2500 0.9375 0.0000
vt 0.2500 1.0000 0.0000
vt 0.2812 0.9375 0.0000
vt 0.2812 1.0000 0.0000
vt 0.3125 0.9375 0.0000
vt 0.3125 1.0000 0.0000
vt 0.3437 0.9375 0.0000
vt 0.3437 1.0000 0.0000
vt 0.3750 0.9375 0.0000
vt 0.3750 1.0000 0.0000
vt 0.4063 0.9375 0.0000
vt 0.4063 1.0000 0.0000
vt 0.4375 0.9375 0.0000
vt 0.4375 1.0000 0.0000
vt 0.4688 0.9375 0.0000
vt 0.4688 1.0000 0.0000
vt 0.5000 0.9375 0.0000
vt 0.5000 1.0000 0.0000
vt 0.5313 0.9375 0.0000
vt 0.5313 1.0000 0.0000
vt 0.5625 0.9375 0.0000
vt 0.5625 1.0000 0.0000
vt 0.5938 0.9375 0.0000
vt 0.5938 1.0000 0.0000
vt 0.6250 0.9375 0.0000
vt 0.6250 1.0000 0.0000
vt 0.6563 0.9375 0.0000
vt 0.6563 1.0000 0.0000
vt 0.6875 0.9375 0.0000
vt 0.6875 1.0000 0.0000
vt 0.7188 0.9375 0.0000
vt 0.7188 1.0000 0.0000
vt 0.7500 0.9375 0.0000
vt 0.7500 1.0000 0.0000
vt 0.7813 0.9375 0.0000
vt 0.7813 1.0000 0.0000
vt 0.8125 0.9375 0.0000
vt 0.8125 1.0000 0.0000
vt 0.8438 0.9375 0.0000
vt 0.8438 1.0000 0.0000
vt 0.8750 0.9375 0.0000
vt 0.8750 1.0000 0.0000
vt 0.9063 0.9375 0.0000
vt 0.9063 1.0000 0.0000
vt 0.9375 0.9375 0.0000
vt 0.9375 1.0000 0.0000
vt 0.9688 0.9375 0.0000
vt 0.9688 1.0000 0.0000
vt 1.0000 0.9375 0.0000
vt 0.0000 0.8750 0.0000
vt 0.0313 0.8750 0.0000
vt 0.0625 0.8750 0.0000
vt 0.0938 0.8750 0.0000
vt 0.1250 0.8750 0.0000
vt 0.1563 0.8750 0.0000
vt 0.1875 0.8750 0.0000
vt 0.2187 0.8750 0.0000
vt 0.2500 0.8750 0.0000
vt 0.2812 0.8750 0.0000
vt 0.3125 0.8750 0.0000
vt 0.3437 0.8750 0.0000
vt 0.3750 0.8750 0.0000
vt 0.4063 0.8750 0.0000
vt 0.4375 0.8750 0.0000
vt 0.4688 0.8750 0.0000
vt 0.5000 0.8750 0.0000
vt 0.5313 0.8750 0.0000
vt 0.5625 0.8750 0.0000
vt 0.5938 0.8750 0.0000
vt 0.6250 0.8750 0.0000
vt 0.6563 0.8750 0.0000
vt 0.6875 0.8750 0.0000
vt 0.7188 0.8750 0.0000
vt 0.7500 0.8750 0.0000
vt 0.7813 0.8750 0.0000
vt 0.8125 0.8750 0.0000
vt 0.8438 0.8750 0.0000
vt 0.8750 0.8750 0.0000
vt 0.9063 0.8750 0.0000
vt 0.9375 0.8750 0.0000
vt 0.9688 0.8750 0.0000
vt 1.0000 0.8750 0.0000
vt 0.0000 0.8125 0.0000
vt 0.0313 0.8125 0.0000
vt 0.0625 0.8125 0.0000
vt 0.0938 0.8125 0.0000
vt 0.1250 0.8125 0.0000
vt 0.1563 0.8125 0.0000
vt 0.1875 0.8125 0.0000
vt 0.2187 0.8125 0.0000
vt 0.2500 0.8125 0.0000
vt 0.2812 0.8125 0.0000
vt 0.3125 0.8125 0.0000
vt 0.3437 0.8125 0.0000
vt 0.3750 0.8125 0.0000
vt 0.4063 0.8125 0.0000
vt 0.4375 0.8125 0.0000
vt 0.4688 0.8125 0.0000
vt 0.5000 0.8125 0.0000
vt 0.5313 0.8125 0.0000
vt 0.5625 0.8125 0.0000
vt 0.5938 0.8125 0.0000
vt 0.6250 0.8125 0.0000
vt 0.6563 0.8125 0.0000
vt 0.6875 0.8125 0.0000
vt 0.7188 0.8125 0.0000
vt 0.7500 0.8125 0.0000
vt 0.7813 0.8125 0.0000
vt 0.8125 0.8125 0.0000
vt 0.8438 0.8125 0.0000
vt 0.8750 0.8125 0.0000
vt 0.9063 0.8125 0.0000
vt 0.9375 0.8125 0.0000
vt 0.9688 0.8125 0.0000
vt 1.0000 0.8125 0.0000
vt 0.0000 0.7500 0.0000
vt 0.0313 0.7500 0.0000
vt 0.0625 0.7500 0.0000
vt 0.0938 0.7500 0.0000
vt 0.1250 0.7500 0.0000
vt 0.1563 0.7500 0.0000
vt 0.1875 0.7500 0.0000
vt 0.2187 0.7500 0.0000
vt 0.2500 0.7500 0.0000
vt 0.2812 0.7500 0.0000
vt 0.3125 0.7500 0.0000
vt 0.3437 0.7500 0.0000
vt 0.3750 0.7500 0.0000
vt 0.4063 0.7500 0.0000
vt 0.4375 0.7500 0.0000
vt 0.4688 0.7500 0.0000
vt 0.5000 0.7500 0.0000
vt 0.5313 0.7500 0.0000
vt 0.5625 0.7500 0.0000
vt 0.5938 0.7500 0.0000
vt 0.6250 0.7500 0.0000
vt 0.6563 0.7500 0.0000
vt 0.6875 0.7500 0.0000
vt 0.7188 0.7500 0.0000
vt 0.7500 0.7500 0.0000
vt 0.7813 0.7500 0.0000
vt 0.8125 0.7500 0.0000
vt 0.8438 0.7500 0.0000
vt 0.8750 0.7500 0.0000
vt 0.9063 0.7500 0.0000
vt 0.9375 0.7500 0.0000
vt 0.9688 0.7500 0.0000
vt 1.0000 0.7500 0.0000
vt 0.0000 0.6875 0.0000
vt 0.0313 0.6875 0.0000
vt 0.0625 0.6875 0.0000
vt 0.0938 0.6875 0.0000
vt 0.1250 0.6875 0.0000
vt 0.1563 0.6875 0.0000
vt 0.1875 0.6875 0.0000
vt 0.2187 0.6875 0.0000
vt 0.2500 0.6875 0.0000
vt 0.2812 0.6875 0.0000
vt 0.3125 0.6875 0.0000
vt 0.3437 0.6875 0.0000
vt 0.3750 0.6875 0.0000
vt 0.4063 0.6875 0.0000
vt 0.4375 0.6875 0.0000
vt 0.4688 0.6875 0.0000
vt 0.5000 0.6875 0.0000
vt 0.5313 0.6875 0.0000
vt 0.5625 0.6875 0.0000
vt 0.5938 0.6875 0.0000
vt 0.6250 0.6875 0.0000
vt 0.6563 0.6875 0.0000
vt 0.6875 0.6875 0.0000
vt 0.7188 0.6875 0.0000
vt 0.7500 0.6875 0.0000
vt 0.7813 0.6875 0.0000
vt 0.8125 0.6875 0.0000
vt 0.8438 0.6875 0.0000
vt 0.8750 0.6875 0.0000
vt 0.9063 0.6875 0.0000
vt 0.9375 0.6875 0.0000
vt 0.9688 0.6875 0.0000
vt 1.0000 0.6875 0.0000
vt 0.0000 0.6250 0.0000
vt 0.0313 0.6250 0.0000
vt 0.0625 0.6250 0.0000
vt 0.0938 0.6250 0.0000
vt 0.1250 0.6250 0.0000
vt 0.1563 0.6250 0.0000
vt 0.1875 0.6250 0.0000
vt 0.2187 0.6250 0.0000
vt 0.2500 0.6250 0.0000
vt 0.2812 0.6250 0.0000
vt 0.3125 0.6250 0.0000
vt 0.3437 0.6250 0.0000
vt 0.3750 0.6250 0.0000
vt 0.4063 0.6250 0.0000
vt 0.4375 0.6250 0.0000
vt 0.4688 0.6250 0.0000
vt 0.5000 0.6250 0.0000
vt 0.5313 0.6250 0.0000
vt 0.5625 0.6250 0.0000
vt 0.5938 0.6250 0.0000
vt 0.6250 0.6250 0.0000
vt 0.6563 0.6250 0.0000
vt 0.6875 0.6250 0.0000
vt 0.7188 0.6250 0.0000
vt 0.7500 0.6250 0.0000
vt 0.7813 0.6250 0.0000
vt 0.8125 0.6250 0.0000
vt 0.8438 0.6250 0.0000
vt 0.8750 0.6250 0.0000
vt 0.9063 0.6250 0.0000
vt 0.9375 0.6250 0.0000
vt 0.9688 0.6250 0.0000
vt 1.0000 0.6250 0.0000
vt 0.0000 0.5625 0.0000
vt 0.0313 0.5625 0.0000
vt 0.0625 0.5625 0.0000
vt 0.0938 0.5625 0.0000
vt 0.1250 0.5625 0.0000
vt 0.1563 0.5625 0.0000
vt 0.1875 0.5625 0.0000
vt 0.2187 0.5625 0.0000
vt 0.2500 0.5625 0.0000
vt 0.2812 0.5625 0.0000
vt 0.3125 0.5625 0.0000
vt 0.3437 0.5625 0.0000
vt 0.3750 0.5625 0.0000
vt 0.4063 0.5625 0.0000
vt 0.4375 0.5625 0.0000
vt 0.4688 0.5625 0.0000
vt 0.5000 0.5625 0.0000
vt 0.5313 0.5625 0.0000
vt 0.5625 0.5625 0.0000
vt 0.5938 0.5625 0.0000
vt 0.6250 0.5625 0.0000
vt 0.6563 0.5625 0.0000
vt 0.6875 0.5625 0.0000
vt 0.7188 0.5625 0.0000
vt 0.7500 0.5625 0.0000
vt 0.7813 0.5625 0.0000
vt 0.8125 0.5625 0.0000
vt 0.8438 0.5625 0.0000
vt 0.8750 0.5625 0.0000
vt 0.9063 0.5625 0.0000
vt 0.9375 0.5625 0.0000
vt 0.9688 0.5625 0.0000
vt 1.0000 0.5625 0.0000
vt 0.0000 0.5000 0.0000
vt 0.0313 0.5000 0.0000
vt 0.0625 0.5000 0.0000
vt 0.0938 0.5000 0.0000
vt 0.1250 0.5000 0.0000
vt 0.1563 0.5000 0.0000
vt 0.1875 0.5000 0.0000
vt 0.2187 0.5000 0.0000
vt 0.2500 0.5000 0.0000
vt 0.2812 0.5000 0.0000
vt 0.3125 0.5000 0.0000
vt 0.3437 0.5000 0.0000
vt 0.3750 0.5000 0.0000
vt 0.4063 0.5000 0.0000
vt 0.4375 0.5000 0.0000
vt 0.4688 0.5000 0.0000
vt 0.5000 0.5000 0.0000
vt 0.5313 0.5000 0.0000
vt 0.5625 0.5000 0.0000
vt 0.5938 0.5000 0.0000
vt 0.6250 0.5000 0.0000
vt 0.6563 0.5000 0.0000
vt 0.6875 0.5000 0.0000
vt 0.7188 0.5000 0.0000
vt 0.7500 0.5000 0.0000
vt 0.7813 0.5000 0.0000
vt 0.8125 0.5000 0.0000
vt 0.8438 0.5000 0.0000
vt 0.8750 0.5000 0.0000
vt 0.9063 0.5000 0.0000
vt 0.9375 0.5000 0.0000
vt 0.9688 0.5000 0.0000
vt 1.0000 0.5000 0.0000
vt 0.0000 0.4375 0.0000
vt 0.0313 0.4375 0.0000
vt 0.0625 0.4375 0.0000
vt 0.0938 0.4375 0.0000
vt 0.1250 0.4375 0.0000
vt 0.1563 0.4375 0.0000
vt 0.1875 0.4375 0.0000
vt 0.2187 0.4375 0.0000
vt 0.2500 0.4375 0.0000
vt 0.2812 0.4375 0.0000
vt 0.3125 0.4375 0.0000
vt 0.3437 0.4375 0.0000
vt 0.3750 0.4375 0.0000
vt 0.4063 0.4375 0.0000
vt 0.4375 0.4375 0.0000
vt 0.4688 0.4375 0.0000
vt 0.5000 0.4375 0.0000
vt 0.5313 0.4375 0.0000
vt 0.5625 0.4375 0.0000
vt 0.5938 0.4375 0.0000
vt 0.6250 0.4375 0.0000
vt 0.6563 0.4375 0.0000
vt 0.6875 0.4375 0.0000
vt 0.7188 0.4375 0.0000
vt 0.7500 0.4375 0.0000
vt 0.7813 0.4375 0.0000
vt 0.8125 0.4375 0.0000
vt 0.8438 0.4375 0.0000
vt 0.8750 0.4375 0.0000
vt 0.9063 0.4375 0.0000
vt 0.9375 0.4375 0.0000
vt 0.9688 0.4375 0.0000
vt 1.0000 0.4375 0.0000
vt 0.0000 0.3750 0.0000
vt 0.0313 0.3750 0.0000
vt 0.0625 0.3750 0.0000
vt 0.0938 0.3750 0.0000
vt 0.1250 0.3750 0.0000
vt 0.1563 0.3750 0.0000
vt 0.1875 0.3750 0.0000
vt 0.2187 0.3750 0.0000
vt 0.2500 0.3750 0.0000
vt 0.2812 0.3750 0.0000
vt 0.3125 0.3750 0.0000
vt 0.3437 0.3750 0.0000
vt 0.3750 0.3750 0.0000
vt 0.4063 0.3750 0.0000
vt 0.4375 0.3750 0.0000
vt 0.4688 0.3750 0.0000
vt 0.5000 0.3750 0.0000
vt 0.5313 0.3750 0.0000
vt 0.5625 0.3750 0.0000
vt 0.5938 0.3750 0.0000
vt 0.6250 0.3750 0.0000
vt 0.6563 0.3750 0.0000
vt 0.6875 0.3750 0.0000
vt 0.7188 0.3750 0.0000
vt 0.7500 0.3750 0.0000
vt 0.7813 0.3750 0.0000
vt 0.8125 0.3750 0.0000
vt 0.8438 0.3750 0.0000
vt 0.8750 0.3750 0.0000
vt 0.9063 0.3750 0.0000
vt 0.9375 0.3750 0.0000
vt 0.9688 0.3750 0.0000
vt 1.0000 0.3750 0.0000
vt 0.0000 0.3125 0.0000
vt 0.0313 0.3125 0.0000
vt 0.0625 0.3125 0.0000
vt 0.0938 0.3125 0.0000
vt 0.1250 0.3125 0.0000
vt 0.1563 0.3125 0.0000
vt 0.1875 0.3125 0.0000
vt 0.2187 0.3125 0.0000
vt 0.2500 0.3125 0.0000
vt 0.2812 0.3125 0.0000
vt 0.3125 0.3125 0.0000
vt 0.3437 0.3125 0.0000
vt 0.3750 0.3125 0.0000
vt 0.4063 0.3125 0.0000
vt 0.4375 0.3125 0.0000
vt 0.4688 0.3125 0.0000
vt 0.5000 0.3125 0.0000
vt 0.5313 0.3125 0.0000
vt 0.5625 0.3125 0.0000
vt 0.5938 0.3125 0.0000
vt 0.6250 0.3125 0.0000
vt 0.6563 0.3125 0.0000
vt 0.6875 0.3125 0.0000
vt 0.7188 0.3125 0.0000
vt 0.7500 0.3125 0.0000
vt 0.7813 0.3125 0.0000
vt 0.8125 0.3125 0.0000
vt 0.8438 0.3125 0.0000
vt 0.8750 0.3125 0.0000
vt 0.9063 0.3125 0.0000
vt 0.9375 0.3125 0.0000
vt 0.9688 0.3125 0.0000
vt 1.0000 0.3125 0.0000
vt 0.0000 0.2500 0.0000
vt 0.0313 0.2500 0.0000
vt 0.0625 0.2500 0.0000
vt 0.0938 0.2500 0.0000
vt 0.1250 0.2500 0.0000
vt 0.1563 0.2500 0.0000
vt 0.1875 0.2500 0.0000
vt 0.2187 0.2500 0.0000
vt 0.2500 0.2500 0.0000
vt 0.2812 0.2500 0.0000
vt 0.3125 0.2500 0.0000
vt 0.3437 0.2500 0.0000
vt 0.3750 0.2500 0.0000
vt 0.4063 0.2500 0.0000
vt 0.4375 0.2500 0.0000
vt 0.4688 0.2500 0.0000
vt 0.5000 0.2500 0.0000
vt 0.5313 0.2500 0.0000
vt 0.5625 0.2500 0.0000
vt 0.5938 0.2500 0.0000
vt 0.6250 0.2500 0.0000
vt 0.6563 0.2500 0.0000
vt 0.6875 0.2500 0.0000
vt 0.7188 0.2500 0.0000
vt 0.7500 0.2500 0.0000
vt 0.7813 0.2500 0.0000
vt 0.8125 0.2500 0.0000
vt 0.8438 0.2500 0.0000
vt 0.8750 0.2500 0.0000
vt 0.9063 0.2500 0.0000
vt 0.9375 0.2500 0.0000
vt 0.9688 0.2500 0.0000
vt 1.0000 0.2500 0.0000
vt 0.0000 0.1875 0.0000
vt 0.0313 0.1875 0.0000
vt 0.0625 0.1875 0.0000
vt 0.0938 0.1875 0.0000
vt 0.1250 0.1875 0.0000
vt 0.1563 0.1875 0.0000
vt 0.1875 0.1875 0.0000
vt 0.2187 0.1875 0.0000
vt 0.2500 0.1875 0.0000
vt 0.2812 0.1875 0.0000
vt 0.3125 0.1875 0.0000
vt 0.3437 0.1875 0.0000
vt 0.3750 0.1875 0.0000
vt 0.4063 0.1875 0.0000
vt 0.4375 0.1875 0.0000
vt 0.4688 0.1875 0.0000
vt 0.5000 0.1875 0.0000
vt 0.5313 0.1875 0.0000
vt 0.5625 0.1875 0.0000
vt 0.5938 0.1875 0.0000
vt 0.6250 0.1875 0.0000
vt 0.6563 0.1875 0.0000
vt 0.6875 0.1875 0.0000
vt 0.7188 0.1875 0.0000
vt 0.7500 0.1875 0.0000
vt 0.7813 0.1875 0.0000
vt 0.8125 0.1875 0.0000
vt 0.8438 0.1875 0.0000
vt 0.8750 0.1875 0.0000
vt 0.9063 0.1875 0.0000
vt 0.9375 0.1875 0.0000
vt 0.9688 0.1875 0.0000
vt 1.0000 0.1875 0.0000
vt 0.0000 0.1250 0.0000
vt 0.0313 0.1250 0.0000
vt 0.0625 0.1250 0.0000
vt 0.0938 0.1250 0.0000
vt 0.1250 0.1250 0.0000
vt 0.1563 0.1250 0.0000
vt 0.1875 0.1250 0.0000
vt 0.2187 0.1250 0.0000
vt 0.2500 0.1250 0.0000
vt 0.2812 0.1250 0.0000
vt 0.3125 0.1250 0.0000
vt 0.3437 0.1250 0.0000
vt 0.3750 0.1250 0.0000
vt 0.4063 0.1250 0.0000
vt 0.4375 0.1250 0.0000
vt 0.4688 0.1250 0.0000
vt 0.5000 0.1250 0.0000
vt 0.5313 0.1250 0.0000
vt 0.5625 0.1250 0.0000
vt 0.5938 0.1250 0.0000
vt 0.6250 0.1250 0.0000
vt 0.6563 0.1250 0.0000
vt 0.6875 0.1250 0.0000
vt 0.7188 0.1250 0.0000
vt 0.7500 0.1250 0.0000
vt 0.7813 0.1250 0.0000
vt 0.8125 0.1250 0.0000
vt 0.8438 0.1250 0.0000
vt 0.8750 0.1250 0.0000
vt 0.9063 0.1250 0.0000
vt 0.9375 0.1250 0.0000
vt 0.9688 0.1250 0.0000
vt 1.0000 0.1250 0.0000
vt 0.0000 0.0625 0.0000
vt 0.0313 0.0625 0.0000
vt 0.0625 0.0625 0.0000
vt 0.0938 0.0625 0.0000
vt 0.1250 0.0625 0.0000
vt 0.1563 0.0625 0.0000
vt 0.1875 0.0625 0.0000
vt 0.2187 0.0625 0.0000
vt 0.2500 0.0625 0.0000
vt 0.2812 0.0625 0.0000
vt 0.3125 0.0625 0.0000
vt 0.3437 0.0625 0.0000
vt 0.3750 0.0625 0.0000
vt 0.4063 0.0625 0.0000
vt 0.4375 0.0625 0.0000
vt 0.4688 0.0625 0.0000
vt 0.5000 0.0625 0.0000
vt 0.5313 0.0625 0.0000
vt 0.5625 0.0625 0.0000
vt 0.5938 0.0625 0.0000
vt 0.6250 0.0625 0.0000
vt 0.6563 0.0625 0.0000
vt 0.6875 0.0625 0.0000
vt 0.7188 0.0625 0.0000
vt 0.7500 0.0625 0.0000
vt 0.7813 0.0625 0.0000
vt 0.8125 0.0625 0.0000
vt 0.8438 0.0625 0.0000
vt 0.8750 0.0625 0.0000
vt 0.9063 0.0625 0.0000
vt 0.9375 0.0625 0.0000
vt 0.9688 0.0625 0.0000
vt 1.0000 0.0625 0.0000
vt 0.0000 -0.0000 0.0000
vt 0.0313 -0.0000 0.0000
vt 0.0625 -0.0000 0.0000
vt 0.0938 -0.0000 0.0000
vt 0.1250 -0.0000 0.0000
vt 0.1563 -0.0000 0.0000
vt 0.1875 -0.0000 0.0000
vt 0.2187 -0.0000 0.0000
vt 0.2500 -0.0000 0.0000
vt 0.2812 -0.0000 0.0000
vt 0.3125 -0.0000 0.0000
vt 0.3437 -0.0000 0.0000
vt 0.3750 -0.0000 0.0000
vt 0.4063 -0.0000 0.0000
vt 0.4375 -0.0000 0.0000
vt 0.4688 -0.0000 0.0000
vt 0.5000 -0.0000 0.0000
vt 0.5313 -0.0000 0.0000
vt 0.5625 -0.0000 0.0000
vt 0.5938 -0.0000 0.0000
vt 0.6250 -0.0000 0.0000
vt 0.6563 -0.0000 0.0000
vt 0.6875 -0.0000 0.0000
vt 0.7188 -0.0000 0.0000
vt 0.7500 -0.0000 0.0000
vt 0.7813 -0.0000 0.0000
vt 0.8125 -0.0000 0.0000
vt 0.8438 -0.0000 0.0000
vt 0.8750 -0.0000 0.0000
vt 0.9063 -0.0000 0.0000
vt 0.9375 -0.0000 0.0000
vt 0.9688 -0.0000 0.0000
# 559 texture coords

o Sphere001
g Sphere001
usemtl wire_228153184
s 1
f 1/1/1 2/2/2 3/3/3 
f 1/4/1 3/3/3 4/5/4 
f 1/6/1 4/5/4 5/7/5 
f 1/8/1 5/7/5 6/9/6 
f 1/10/1 6/9/6 7/11/7 
f 1/12/1 7/11/7 8/13/8 
f 1/14/1 8/13/8 9/15/9 
f 1/16/1 9/15/9 10/17/10 
f 1/18/1 10/17/10 11/19/11 
f 1/20/1 11/19/11 12/21/12 
f 1/22/1 12/21/12 13/23/13 
f 1/24/1 13/23/13 14/25/14 
f 1/26/1 14/25/14 15/27/15 
f 1/28/1 15/27/15 16/29/16 
f 1/30/1 16/29/16 17/31/17 
f 1/32/1 17/31/17 18/33/18 
f 1/34/1 18/33/18 19/35/19 
f 1/36/1 19/35/19 20/37/20 
f 1/38/1 20/37/20 21/39/21 
f 1/40/1 21/39/21 22/41/22 
f 1/42/1 22/41/22 23/43/23 
f 1/44/1 23/43/23 24/45/24 
f 1/46/1 24/45/24 25/47/25 
f 1/48/1 25/47/25 26/49/26 
f 1/50/1 26/49/26 27/51/27 
f 1/52/1 27/51/27 28/53/28 
f 1/54/1 28/53/28 29/55/29 
f 1/56/1 29/55/29 30/57/30 
f 1/58/1 30/57/30 31/59/31 
f 1/60/1 31/59/31 32/61/32 
f 1/62/1 32/61/32 33/63/33 
f 1/64/1 33/63/33 2/65/2 
f 2/2/2 34/66/34 35/67/35 3/3/3 
f 3/3/3 35/67/35 36/68/36 4/5/4 
f 4/5/4 36/68/36 37/69/37 5/7/5 
f 5/7/5 37/69/37 38/70/38 6/9/6 
f 6/9/6 38/70/38 39/71/39 7/11/7 
f 7/11/7 39/71/39 40/72/40 8/13/8 
f 8/13/8 40/72/40 41/73/41 9/15/9 
f 9/15/9 41/73/41 42/74/42 10/17/10 
f 10/17/10 42/74/42 43/75/43 11/19/11 
f 11/19/11 43/75/43 44/76/44 12/21/12 
f 12/21/12 44/76/44 45/77/45 13/23/13 
f 13/23/13 45/77/45 46/78/46 14/25/14 
f 14/25/14 46/78/46 47/79/47 15/27/15 
f 15/27/15 47/79/47 48/80/48 16/29/16 
f 16/29/16 48/80/48 49/81/49 17/31/17 
f 17/31/17 49/81/49 50/82/50 18/33/18 
f 18/33/18 50/82/50 51/83/51 19/35/19 
f 19/35/19 51/83/51 52/84/52 20/37/20 
f 20/37/20 52/84/52 53/85/53 21/39/21 
f 21/39/21 53/85/53 54/86/54 22/41/22 
f 22/41/22 54/86/54 55/87/55 23/43/23 
f 23/43/23 55/87/55 56/88/56 24/45/24 
f 24/45/24 56/88/56 57/89/57 25/47/25 
f 25/47/25 57/89/57 58/90/58 26/49/26 
f 26/49/26 58/90/58 59/91/59 27/51/27 
f 27/51/27 59/91/59 60/92/60 28/53/28 
f 28/53/28 60/92/60 61/93/61 29/55/29 
f 29/55/29 61/93/61 62/94/62 30/57/30 
f 30/57/30 62/94/62 63/95/63 31/59/31 
f 31/59/31 63/95/63 64/96/64 32/61/32 
f 32/61/32 64/96/64 65/97/65 33/63/33 
f 33/63/33 65/97/65 34/98/34 2/65/2 
f 34/66/34 66/99/66 67/100/67 35/67/35 
f 35/67/35 67/100/67 68/101/68 36/68/36 
f 36/68/36 68/101/68 69/102/69 37/69/37 
f 37/69/37 69/102/69 70/103/70 38/70/38 
f 38/70/38 70/103/70 71/104/71 39/71/39 
f 39/71/39 71/104/71 72/105/72 40/72/40 
f 40/72/40 72/105/72 73/106/73 41/73/41 
f 41/73/41 73/106/73 74/107/74 42/74/42 
f 42/74/42 74/107/74 75/108/75 43/75/43 
f 43/75/43 75/108/75 76/109/76 44/76/44 
f 44/76/44 76/109/76 77/110/77 45/77/45 
f 45/77/45 77/110/77 78/111/78 46/78/46 
f 46/78/46 78/111/78 79/112/79 47/79/47 
f 47/79/47 79/112/79 80/113/80 48/80/48 
f 48/80/48 80/113/80 81/114/81 49/81/49 
f 49/81/49 81/114/81 82/115/82 50/82/50 
f 50/82/50 82/115/82 83/116/83 51/83/51 
f 51/83/51 83/116/83 84/117/84 52/84/52 
f 52/84/52 84/117/84 85/118/85 53/85/53 
f 53/85/53 85/118/85 86/119/86 54/86/54 
f 54/86/54 86/119/86 87/120/87 55/87/55 
f 55/87/55 87/120/87 88/121/88 56/88/56 
f 56/88/56 88/121/88 89/122/89 57/89/57 
f 57/89/57 89/122/89 90/123/90 58/90/58 
f 58/90/58 90/123/90 91/124/91 59/91/59 
f 59/91/59 91/124/91 92/125/92 60/92/60 
f 60/92/60 92/125/92 93/126/93 61/93/61 
f 61/93/61 93/126/93 94/127/94 62/94/62 
f 62/94/62 94/127/94 95/128/95 63/95/63 
f 63/95/63 95/128/95 96/129/96 64/96/64 
f 64/96/64 96/129/96 97/130/97 65/97/65 
f 65/97/65 97/130/97 66/131/66 34/98/34 
f 66/99/66 98/132/98 99/133/99 67/100/67 
f 67/100/67 99/133/99 100/134/100 68/101/68 
f 68/101/68 100/134/100 101/135/101 69/102/69 
f 69/102/69 101/135/101 102/136/102 70/103/70 
f 70/103/70 102/136/102 103/137/103 71/104/71 
f 71/104/71 103/137/103 104/138/104 72/105/72 
f 72/105/72 104/138/104 105/139/105 73/106/73 
f 73/106/73 105/139/105 106/140/106 74/107/74 
f 74/107/74 106/140/106 107/141/107 75/108/75 
f 75/108/75 107/141/107 108/142/108 76/109/76 
f 76/109/76 108/142/108 109/143/109 77/110/77 
f 77/110/77 109/143/109 110/144/110 78/111/78 
f 78/111/78 110/144/110 111/145/111 79/112/79 
f 79/112/79 111/145/111 112/146/112 80/113/80 
f 80/113/80 112/146/112 113/147/113 81/114/81 
f 81/114/81 113/147/113 114/148/114 82/115/82 
f 82/115/82 114/148/114 115/149/115 83/116/83 
f 83/116/83 115/149/115 116/150/116 84/117/84 
f 84/117/84 116/150/116 117/151/117 85/118/85 
f 85/118/85 117/151/117 118/152/118 86/119/86 
f 86/119/86 118/152/118 119/153/119 87/120/87 
f 87/120/87 119/153/119 120/154/120 88/121/88 
f 88/121/88 120/154/120 121/155/121 89/122/89 
f 89/122/89 121/155/121 122/156/122 90/123/90 
f 90/123/90 122/156/122 123/157/123 91/124/91 
f 91/124/91 123/157/123 124/158/124 92/125/92 
f 92/125/92 124/158/124 125/159/125 93/126/93 
f 93/126/93 125/159/125 126/160/126 94/127/94 
f 94/127/94 126/160/126 127/161/127 95/128/95 
f 95/128/95 127/161/127 128/162/128 96/129/96 
f 96/129/96 128/162/128 129/163/129 97/130/97 
f 97/130/97 129/163/129 98/164/98 66/131/66 
f 98/132/98 130/165/130 131/166/131 99/133/99 
f 99/133/99 131/166/131 132/167/132 100/134/100 
f 100/134/100 132/167/132 133/168/133 101/135/101 
f 101/135/101 133/168/133 134/169/134 102/136/102 
f 102/136/102 134/169/134 135/170/135 103/137/103 
f 103/137/103 135/170/135 136/171/136 104/138/104 
f 104/138/104 136/171/136 137/172/137 105/139/105 
f 105/139/105 137/172/137 138/173/138 106/140/106 
f 106/140/106 138/173/138 139/174/139 107/141/107 
f 107/141/107 139/174/139 140/175/140 108/142/108 
f 108/142/108 140/175/140 141/176/141 109/143/109 
f 109/143/109 141/176/141 142/177/142 110/144/110 
f 110/144/110 142/177/142 143/178/143 111/145/111 
f 111/145/111 143/178/143 144/179/144 112/146/112 
f 112/146/112 144/179/144 145/180/145 113/147/113 
f 113/147/113 145/180/145 146/181/146 114/148/114 
f 114/148/114 146/181/146 147/182/147 115/149/115 
f 115/149/115 147/182/147 148/183/148 116/150/116 
f 116/150/116 148/183/148 149/184/149 117/151/117 
f 117/151/117 149/184/149 150/185/150 118/152/118 
f 118/152/118 150/185/150 151/186/151 119/153/119 
f 119/153/119 151/186/151 152/187/152 120/154/120 
f 120/154/120 152/187/152 153/188/153 121/155/121 
f 121/155/121 153/188/153 154/189/154 122/156/122 
f 122/156/122 154/189/154 155/190/155 123/157/123 
f 123/157/123 155/190/155 156/191/156 124/158/124 
f 124/158/124 156/191/156 157/192/157 125/159/125 
f 125/159/125 157/192/157 158/193/158 126/160/126 
f 126/160/126 158/193/158 159/194/159 127/161/127 
f 127/161/127 159/194/159 160/195/160 128/162/128 
f 128/162/128 160/195/160 161/196/161 129/163/129 
f 129/163/129 161/196/161 130/197/130 98/164/98 
f 130/165/130 162/198/162 163/199/163 131/166/131 
f 131/166/131 163/199/163 164/200/164 132/167/132 
f 132/167/132 164/200/164 165/201/165 133/168/133 
f 133/168/133 165/201/165 166/202/166 134/169/134 
f 134/169/134 166/202/166 167/203/167 135/170/135 
f 135/170/135 167/203/167 168/204/168 136/171/136 
f 136/171/136 168/204/168 169/205/169 137/172/137 
f 137/172/137 169/205/169 170/206/170 138/173/138 
f 138/173/138 170/206/170 171/207/171 139/174/139 
f 139/174/139 171/207/171 172/208/172 140/175/140 
f 140/175/140 172/208/172 173/209/173 141/176/141 
f 141/176/141 173/209/173 174/210/174 142/177/142 
f 142/177/142 174/210/174 175/211/175 143/178/143 
f 143/178/143 175/211/175 176/212/176 144/179/144 
f 144/179/144 176/212/176 177/213/177 145/180/145 
f 145/180/145 177/213/177 178/214/178 146/181/146 
f 146/181/146 178/214/178 179/215/179 147/182/147 
f 147/182/147 179/215/179 180/216/180 148/183/148 
f 148/183/148 180/216/180 181/217/181 149/184/149 
f 149/184/149 181/217/181 182/218/182 150/185/150 
f 150/185/150 182/218/182 183/219/183 151/186/151 
f 151/186/151 183/219/183 184/220/184 152/187/152 
f 152/187/152 184/220/184 185/221/185 153/188/153 
f 153/188/153 185/221/185 186/222/186 154/189/154 
f 154/189/154 186/222/186 187/223/187 155/190/155 
f 155/190/155 187/223/187 188/224/188 156/191/156 
f 156/191/156 188/224/188 189/225/189 157/192/157 
f 157/192/157 189/225/189 190/226/190 158/193/158 
f 158/193/158 190/226/190 191/227/191 159/194/159 
f 159/194/159 191/227/191 192/228/192 160/195/160 
f 160/195/160 192/228/192 193/229/193 161/196/161 
f 161/196/161 193/229/193 162/230/162 130/197/130 
f 162/198/162 194/231/194 195/232/195 163/199/163 
f 163/199/163 195/232/195 196/233/196 164/200/164 
f 164/200/164 196/233/196 197/234/197 165/201/165 
f 165/201/165 197/234/197 198/235/198 166/202/166 
f 166/202/166 198/235/198 199/236/199 167/203/167 
f 167/203/167 199/236/199 200/237/200 168/204/168 
f 168/204/168 200/237/200 201/238/201 169/205/169 
f 169/205/169 201/238/201 202/239/202 170/206/170 
f 170/206/170 202/239/202 203/240/203 171/207/171 
f 171/207/171 203/240/203 204/241/204 172/208/172 
f 172/208/172 204/241/204 205/242/205 173/209/173 
f 173/209/173 205/242/205 206/243/206 174/210/174 
f 174/210/174 206/243/206 207/244/207 175/211/175 
f 175/211/175 207/244/207 208/245/208 176/212/176 
f 176/212/176 208/245/208 209/246/209 177/213/177 
f 177/213/177 209/246/209 210/247/210 178/214/178 
f 178/214/178 210/247/210 211/248/211 179/215/179 
f 179/215/179 211/248/211 212/249/212 180/216/180 
f 180/216/180 212/249/212 213/250/213 181/217/181 
f 181/217/181 213/250/213 214/251/214 182/218/182 
f 182/218/182 214/251/214 215/252/215 183/219/183 
f 183/219/183 215/252/215 216/253/216 184/220/184 
f 184/220/184 216/253/216 217/254/217 185/221/185 
f 185/221/185 217/254/217 218/255/218 186/222/186 
f 186/222/186 218/255/218 219/256/219 187/223/187 
f 187/223/187 219/256/219 220/257/220 188/224/188 
f 188/224/188 220/257/220 221/258/221 189/225/189 
f 189/225/189 221/258/221 222/259/222 190/226/190 
f 190/226/190 222/259/222 223/260/223 191/227/191 
f 191/227/191 223/260/223 224/261/224 192/228/192 
f 192/228/192 224/261/224 225/262/225 193/229/193 
f 193/229/193 225/262/225 194/263/194 162/230/162 
f 194/231/194 226/264/226 227/265/227 195/232/195 
f 195/232/195 227/265/227 228/266/228 196/233/196 
f 196/233/196 228/266/228 229/267/229 197/234/197 
f 197/234/197 229/267/229 230/268/230 198/235/198 
f 198/235/198 230/268/230 231/269/231 199/236/199 
f 199/236/199 231/269/231 232/270/232 200/237/200 
f 200/237/200 232/270/232 233/271/233 201/238/201 
f 201/238/201 233/271/233 234/272/234 202/239/202 
f 202/239/202 234/272/234 235/273/235 203/240/203 
f 203/240/203 235/273/235 236/274/236 204/241/204 
f 204/241/204 236/274/236 237/275/237 205/242/205 
f 205/242/205 237/275/237 238/276/238 206/243/206 
f 206/243/206 238/276/238 239/277/239 207/244/207 
f 207/244/207 239/277/239 240/278/240 208/245/208 
f 208/245/208 240/278/240 241/279/241 209/246/209 
f 209/246/209 241/279/241 242/280/242 210/247/210 
f 210/247/210 242/280/242 243/281/243 211/248/211 
f 211/248/211 243/281/243 244/282/244 212/249/212 
f 212/249/212 244/282/244 245/283/245 213/250/213 
f 213/250/213 245/283/245 246/284/246 214/251/214 
f 214/251/214 246/284/246 247/285/247 215/252/215 
f 215/252/215 247/285/247 248/286/248 216/253/216 
f 216/253/216 248/286/248 249/287/249 217/254/217 
f 217/254/217 249/287/249 250/288/250 218/255/218 
f 218/255/218 250/288/250 251/289/251 219/256/219 
f 219/256/219 251/289/251 252/290/252 220/257/220 
f 220/257/220 252/290/252 253/291/253 221/258/221 
f 221/258/221 253/291/253 254/292/254 222/259/222 
f 222/259/222 254/292/254 255/293/255 223/260/223 
f 223/260/223 255/293/255 256/294/256 224/261/224 
f 224/261/224 256/294/256 257/295/257 225/262/225 
f 225/262/225 257/295/257 226/296/226 194/263/194 
f 226/264/226 258/297/258 259/298/259 227/265/227 
f 227/265/227 259/298/259 260/299/260 228/266/228 
f 228/266/228 260/299/260 261/300/261 229/267/229 
f 229/267/229 261/300/261 262/301/262 230/268/230 
f 230/268/230 262/301/262 263/302/263 231/269/231 
f 231/269/231 263/302/263 264/303/264 232/270/232 
f 232/270/232 264/303/264 265/304/265 233/271/233 
f 233/271/233 265/304/265 266/305/266 234/272/234 
f 234/272/234 266/305/266 267/306/267 235/273/235 
f 235/273/235 267/306/267 268/307/268 236/274/236 
f 236/274/236 268/307/268 269/308/269 237/275/237 
f 237/275/237 269/308/269 270/309/270 238/276/238 
f 238/276/238 270/309/270 271/310/271 239/277/239 
f 239/277/239 271/310/271 272/311/272 240/278/240 
f 240/278/240 272/311/272 273/312/273 241/279/241 
f 241/279/241 273/312/273 274/313/274 242/280/242 
f 242/280/242 274/313/274 275/314/275 243/281/243 
f 243/281/243 275/314/275 276/315/276 244/282/244 
f 244/282/244 276/315/276 277/316/277 245/283/245 
f 245/283/245 277/316/277 278/317/278 246/284/246 
f 246/284/246 278/317/278 279/318/279 247/285/247 
f 247/285/247 279/318/279 280/319/280 248/286/248 
f 248/286/248 280/319/280 281/320/281 249/287/249 
f 249/287/249 281/320/281 282/321/282 250/288/250 
f 250/288/250 282/321/282 283/322/283 251/289/251 
f 251/289/251 283/322/283 284/323/284 252/290/252 
f 252/290/252 284/323/284 285/324/285 253/291/253 
f 253/291/253 285/324/285 286/325/286 254/292/254 
f 254/292/254 286/325/286 287/326/287 255/293/255 
f 255/293/255 287/326/287 288/327/288 256/294/256 
f 256/294/256 288/327/288 289/328/289 257/295/257 
f 257/295/257 289/328/289 258/329/258 226/296/226 
f 258/297/258 290/330/290 291/331/291 259/298/259 
f 259/298/259 291/331/291 292/332/292 260/299/260 
f 260/299/260 292/332/292 293/333/293 261/300/261 
f 261/300/261 293/333/293 294/334/294 262/301/262 
f 262/301/262 294/334/294 295/335/295 263/302/263 
f 263/302/263 295/335/295 296/336/296 264/303/264 
f 264/303/264 296/336/296 297/337/297 265/304/265 
f 265/304/265 297/337/297 298/338/298 266/305/266 
f 266/305/266 298/338/298 299/339/299 267/306/267 
f 267/306/267 299/339/299 300/340/300 268/307/268 
f 268/307/268 300/340/300 301/341/301 269/308/269 
f 269/308/269 301/341/301 302/342/302 270/309/270 
f 270/309/270 302/342/302 303/343/303 271/310/271 
f 271/310/271 303/343/303 304/344/304 272/311/272 
f 272/311/272 304/344/304 305/345/305 273/312/273 
f 273/312/273 305/345/305 306/346/306 274/313/274 
f 274/313/274 306/346/306 307/347/307 275/314/275 
f 275/314/275 307/347/307 308/348/308 276/315/276 
f 276/315/276 308/348/308 309/349/309 277/316/277 
f 277/316/277 309/349/309 310/350/310 278/317/278 
f 278/317/278 310/350/310 311/351/311 279/318/279 
f 279/318/279 311/351/311 312/352/312 280/319/280 
f 280/319/280 312/352/312 313/353/313 281/320/281 
f 281/320/281 313/353/313 314/354/314 282/321/282 
f 282/321/282 314/354/314 315/355/315 283/322/283 
f 283/322/283 315/355/315 316/356/316 284/323/284 
f 284/323/284 316/356/316 317/357/317 285/324/285 
f 285/324/285 317/357/317 318/358/318 286/325/286 
f 286/325/286 318/358/318 319/359/319 287/326/287 
f 287/326/287 319/359/319 320/360/320 288/327/288 
f 288/327/288 320/360/320 321/361/321 289/328/289 
f 289/328/289 321/361/321 290/362/290 258/329/258 
f 290/330/290 322/363/322 323/364/323 291/331/291 
f 291/331/291 323/364/323 324/365/324 292/332/292 
f 292/332/292 324/365/324 325/366/325 293/333/293 
f 293/333/293 325/366/325 326/367/326 294/334/294 
f 294/334/294 326/367/326 327/368/327 295/335/295 
f 295/335/295 327/368/327 328/369/328 296/336/296 
f 296/336/296 328/369/328 329/370/329 297/337/297 
f 297/337/297 329/370/329 330/371/330 298/338/298 
f 298/338/298 330/371/330 331/372/331 299/339/299 
f 299/339/299 331/372/331 332/373/332 300/340/300 
f 300/340/300 332/373/332 333/374/333 301/341/301 
f 301/341/301 333/374/333 334/375/334 302/342/302 
f 302/342/302 334/375/334 335/376/335 303/343/303 
f 303/343/303 335/376/335 336/377/336 304/344/304 
f 304/344/304 336/377/336 337/378/337 305/345/305 
f 305/345/305 337/378/337 338/379/338 306/346/306 
f 306/346/306 338/379/338 339/380/339 307/347/307 
f 307/347/307 339/380/339 340/381/340 308/348/308 
f 308/348/308 340/381/340 341/382/341 309/349/309 
f 309/349/309 341/382/341 342/383/342 310/350/310 
f 310/350/310 342/383/342 343/384/343 311/351/311 
f 311/351/311 343/384/343 344/385/344 312/352/312 
f 312/352/312 344/385/344 345/386/345 313/353/313 
f 313/353/313 345/386/345 346/387/346 314/354/314 
f 314/354/314 346/387/346 347/388/347 315/355/315 
f 315/355/315 347/388/347 348/389/348 316/356/316 
f 316/356/316 348/389/348 349/390/349 317/357/317 
f 317/357/317 349/390/349 350/391/350 318/358/318 
f 318/358/318 350/391/350 351/392/351 319/359/319 
f 319/359/319 351/392/351 352/393/352 320/360/320 
f 320/360/320 352/393/352 353/394/353 321/361/321 
f 321/361/321 353/394/353 322/395/322 290/362/290 
f 322/363/322 354/396/354 355/397/355 323/364/323 
f 323/364/323 355/397/355 356/398/356 324/365/324 
f 324/365/324 356/398/356 357/399/357 325/366/325 
f 325/366/325 357/399/357 358/400/358 326/367/326 
f 326/367/326 358/400/358 359/401/359 327/368/327 
f 327/368/327 359/401/359 360/402/360 328/369/328 
f 328/369/328 360/402/360 361/403/361 329/370/329 
f 329/370/329 361/403/361 362/404/362 330/371/330 
f 330/371/330 362/404/362 363/405/363 331/372/331 
f 331/372/331 363/405/363 364/406/364 332/373/332 
f 332/373/332 364/406/364 365/407/365 333/374/333 
f 333/374/333 365/407/365 366/408/366 334/375/334 
f 334/375/334 366/408/366 367/409/367 335/376/335 
f 335/376/335 367/409/367 368/410/368 336/377/336 
f 336/377/336 368/410/368 369/411/369 337/378/337 
f 337/378/337 369/411/369 370/412/370 338/379/338 
f 338/379/338 370/412/370 371/413/371 339/380/339 
f 339/380/339 371/413/371 372/414/372 340/381/340 
f 340/381/340 372/414/372 373/415/373 341/382/341 
f 341/382/341 373/415/373 374/416/374 342/383/342 
f 342/383/342 374/416/374 375/417/375 343/384/343 
f 343/384/343 375/417/375 376/418/376 344/385/344 
f 344/385/344 376/418/376 377/419/377 345/386/345 
f 345/386/345 377/419/377 378/420/378 346/387/346 
f 346/387/346 378/420/378 379/421/379 347/388/347 
f 347/388/347 379/421/379 380/422/380 348/389/348 
f 348/389/348 380/422/380 381/423/381 349/390/349 
f 349/390/349 381/423/381 382/424/382 350/391/350 
f 350/391/350 382/424/382 383/425/383 351/392/351 
f 351/392/351 383/425/383 384/426/384 352/393/352 
f 352/393/352 384/426/384 385/427/385 353/394/353 
f 353/394/353 385/427/385 354/428/354 322/395/322 
f 354/396/354 386/429/386 387/430/387 355/397/355 
f 355/397/355 387/430/387 388/431/388 356/398/356 
f 356/398/356 388/431/388 389/432/389 357/399/357 
f 357/399/357 389/432/389 390/433/390 358/400/358 
f 358/400/358 390/433/390 391/434/390 359/401/359 
f 359/401/359 391/434/390 392/435/390 360/402/360 
f 360/402/360 392/435/390 393/436/390 361/403/361 
f 361/403/361 393/436/390 394/437/390 362/404/362 
f 362/404/362 394/437/390 395/438/390 363/405/363 
f 363/405/363 395/438/390 396/439/390 364/406/364 
f 364/406/364 396/439/390 397/440/390 365/407/365 
f 365/407/365 397/440/390 398/441/390 366/408/366 
f 366/408/366 398/441/390 399/442/390 367/409/367 
f 367/409/367 399/442/390 400/443/390 368/410/368 
f 368/410/368 400/443/390 401/444/390 369/411/369 
f 369/411/369 401/444/390 402/445/390 370/412/370 
f 370/412/370 402/445/390 403/446/390 371/413/371 
f 371/413/371 403/446/390 404/447/390 372/414/372 
f 372/414/372 404/447/390 405/448/390 373/415/373 
f 373/415/373 405/448/390 406/449/390 374/416/374 
f 374/416/374 406/449/390 407/450/390 375/417/375 
f 375/417/375 407/450/390 408/451/390 376/418/376 
f 376/418/376 408/451/390 409/452/390 377/419/377 
f 377/419/377 409/452/390 410/453/390 378/420/378 
f 378/420/378 410/453/390 411/454/390 379/421/379 
f 379/421/379 411/454/390 412/455/390 380/422/380 
f 380/422/380 412/455/390 413/456/390 381/423/381 
f 381/423/381 413/456/390 414/457/390 382/424/382 
f 382/424/382 414/457/390 415/458/391 383/425/383 
f 383/425/383 415/458/391 416/459/392 384/426/384 
f 384/426/384 416/459/392 417/460/393 385/427/385 
f 385/427/385 417/460/393 386/461/386 354/428/354 
f 386/429/386 418/462/390 419/463/390 387/430/387 
f 387/430/387 419/463/390 420/464/390 388/431/388 
f 388/431/388 420/464/390 421/465/390 389/432/389 
f 389/432/389 421/465/390 422/466/390 390/433/390 
f 390/433/390 422/466/390 423/467/390 391/434/390 
f 391/434/390 423/467/390 424/468/390 392/435/390 
f 392/435/390 424/468/390 425/469/390 393/436/390 
f 393/436/390 425/469/390 426/470/390 394/437/390 
f 394/437/390 426/470/390 427/471/390 395/438/390 
f 395/438/390 427/471/390 428/472/390 396/439/390 
f 396/439/390 428/472/390 429/473/390 397/440/390 
f 397/440/390 429/473/390 430/474/390 398/441/390 
f 398/441/390 430/474/390 431/475/390 399/442/390 
f 399/442/390 431/475/390 432/476/390 400/443/390 
f 400/443/390 432/476/390 433/477/390 401/444/390 
f 401/444/390 433/477/390 434/478/390 402/445/390 
f 402/445/390 434/478/390 435/479/390 403/446/390 
f 403/446/390 435/479/390 436/480/390 404/447/390 
f 404/447/390 436/480/390 437/481/390 405/448/390 
f 405/448/390 437/481/390 438/482/390 406/449/390 
f 406/449/390 438/482/390 439/483/390 407/450/390 
f 407/450/390 439/483/390 440/484/390 408/451/390 
f 408/451/390 440/484/390 441/485/390 409/452/390 
f 409/452/390 441/485/390 442/486/390 410/453/390 
f 410/453/390 442/486/390 443/487/390 411/454/390 
f 411/454/390 443/487/390 444/488/390 412/455/390 
f 412/455/390 444/488/390 445/489/390 413/456/390 
f 413/456/390 445/489/390 446/490/390 414/457/390 
f 414/457/390 446/490/390 447/491/390 415/458/391 
f 415/458/391 447/491/390 448/492/390 416/459/392 
f 416/459/392 448/492/390 449/493/390 417/460/393 
f 417/460/393 449/493/390 418/494/390 386/461/386 
f 418/462/390 450/495/390 451/496/390 419/463/390 
f 419/463/390 451/496/390 452/497/390 420/464/390 
f 420/464/390 452/497/390 453/498/390 421/465/390 
f 421/465/390 453/498/390 454/499/390 422/466/390 
f 422/466/390 454/499/390 455/500/390 423/467/390 
f 423/467/390 455/500/390 456/501/390 424/468/390 
f 424/468/390 456/501/390 457/502/390 425/469/390 
f 425/469/390 457/502/390 458/503/390 426/470/390 
f 426/470/390 458/503/390 459/504/390 427/471/390 
f 427/471/390 459/504/390 460/505/390 428/472/390 
f 428/472/390 460/505/390 461/506/390 429/473/390 
f 429/473/390 461/506/390 462/507/390 430/474/390 
f 430/474/390 462/507/390 463/508/390 431/475/390 
f 431/475/390 463/508/390 464/509/390 432/476/390 
f 432/476/390 464/509/390 465/510/390 433/477/390 
f 433/477/390 465/510/390 466/511/390 434/478/390 
f 434/478/390 466/511/390 467/512/390 435/479/390 
f 435/479/390 467/512/390 468/513/390 436/480/390 
f 436/480/390 468/513/390 469/514/390 437/481/390 
f 437/481/390 469/514/390 470/515/390 438/482/390 
f 438/482/390 470/515/390 471/516/390 439/483/390 
f 439/483/390 471/516/390 472/517/390 440/484/390 
f 440/484/390 472/517/390 473/518/390 441/485/390 
f 441/485/390 473/518/390 474/519/390 442/486/390 
f 442/486/390 474/519/390 475/520/390 443/487/390 
f 443/487/390 475/520/390 476/521/390 444/488/390 
f 444/488/390 476/521/390 477/522/390 445/489/390 
f 445/489/390 477/522/390 478/523/390 446/490/390 
f 446/490/390 478/523/390 479/524/390 447/491/390 
f 447/491/390 479/524/390 480/525/390 448/492/390 
f 448/492/390 480/525/390 481/526/390 449/493/390 
f 449/493/390 481/526/390 450/527/390 418/494/390 
f 482/528/390 451/496/390 450/495/390 
f 482/529/390 452/497/390 451/496/390 
f 482/530/390 453/498/390 452/497/390 
f 482/531/390 454/499/390 453/498/390 
f 482/532/390 455/500/390 454/499/390 
f 482/533/390 456/501/390 455/500/390 
f 482/534/390 457/502/390 456/501/390 
f 482/535/390 458/503/390 457/502/390 
f 482/536/390 459/504/390 458/503/390 
f 482/537/390 460/505/390 459/504/390 
f 482/538/390 461/506/390 460/505/390 
f 482/539/390 462/507/390 461/506/390 
f 482/540/390 463/508/390 462/507/390 
f 482/541/390 464/509/390 463/508/390 
f 482/542/390 465/510/390 464/509/390 
f 482/543/390 466/511/390 465/510/390 
f 482/544/390 467/512/390 466/511/390 
f 482/545/390 468/513/390 467/512/390 
f 482/546/390 469/514/390 468/513/390 
f 482/547/390 470/515/390 469/514/390 
f 482/548/390 471/516/390 470/515/390 
f 482/549/390 472/517/390 471/516/390 
f 482/550/390 473/518/390 472/517/390 
f 482/551/390 474/519/390 473/518/390 
f 482/552/390 475/520/390 474/519/390 
f 482/553/390 476/521/390 475/520/390 
f 482/554/390 477/522/390 476/521/390 
f 482/555/390 478/523/390 477/522/390 
f 482/556/390 479/524/390 478/523/390 
f 482/557/390 480/525/390 479/524/390 
f 482/558/390 481/526/390 480/525/390 
f 482/559/390 450/527/390 481/526/390 
f 483/1/394 484/2/395 485/3/396 
f 483/4/394 485/3/396 486/5/397 
f 483/6/394 486/5/397 487/7/398 
f 483/8/394 487/7/398 488/9/399 
f 483/10/394 488/9/399 489/11/400 
f 483/12/394 489/11/400 490/13/401 
f 483/14/394 490/13/401 491/15/402 
f 483/16/394 491/15/402 492/17/403 
f 483/18/394 492/17/403 493/19/404 
f 483/20/394 493/19/404 494/21/405 
f 483/22/394 494/21/405 495/23/406 
f 483/24/394 495/23/406 496/25/407 
f 483/26/394 496/25/407 497/27/408 
f 483/28/394 497/27/408 498/29/409 
f 483/30/394 498/29/409 499/31/410 
f 483/32/394 499/31/410 500/33/411 
f 483/34/394 500/33/411 501/35/412 
f 483/36/394 501/35/412 502/37/413 
f 483/38/394 502/37/413 503/39/414 
f 483/40/394 503/39/414 504/41/415 
f 483/42/394 504/41/415 505/43/416 
f 483/44/394 505/43/416 506/45/417 
f 483/46/394 506/45/417 507/47/418 
f 483/48/394 507/47/418 508/49/419 
f 483/50/394 508/49/419 509/51/420 
f 483/52/394 509/51/420 510/53/421 
f 483/54/394 510/53/421 511/55/422 
f 483/56/394 511/55/422 512/57/423 
f 483/58/394 512/57/423 513/59/424 
f 483/60/394 513/59/424 514/61/425 
f 483/62/394 514/61/425 515/63/426 
f 483/64/394 515/63/426 484/65/395 
f 484/2/395 516/66/427 517/67/428 485/3/396 
f 485/3/396 517/67/428 518/68/429 486/5/397 
f 486/5/397 518/68/429 519/69/430 487/7/398 
f 487/7/398 519/69/430 520/70/431 488/9/399 
f 488/9/399 520/70/431 521/71/432 489/11/400 
f 489/11/400 521/71/432 522/72/433 490/13/401 
f 490/13/401 522/72/433 523/73/434 491/15/402 
f 491/15/402 523/73/434 524/74/435 492/17/403 
f 492/17/403 524/74/435 525/75/436 493/19/404 
f 493/19/404 525/75/436 526/76/437 494/21/405 
f 494/21/405 526/76/437 527/77/438 495/23/406 
f 495/23/406 527/77/438 528/78/439 496/25/407 
f 496/25/407 528/78/439 529/79/440 497/27/408 
f 497/27/408 529/79/440 530/80/441 498/29/409 
f 498/29/409 530/80/441 531/81/442 499/31/410 
f 499/31/410 531/81/442 532/82/443 500/33/411 
f 500/33/411 532/82/443 533/83/444 501/35/412 
f 501/35/412 533/83/444 534/84/445 502/37/413 
f 502/37/413 534/84/445 535/85/446 503/39/414 
f 503/39/414 535/85/446 536/86/447 504/41/415 
f 504/41/415 536/86/447 537/87/448 505/43/416 
f 505/43/416 537/87/448 538/88/449 506/45/417 
f 506/45/417 538/88/449 539/89/450 507/47/418 
f 507/47/418 539/89/450 540/90/451 508/49/419 
f 508/49/419 540/90/451 541/91/452 509/51/420 
f 509/51/420 541/91/452 542/92/453 510/53/421 
f 510/53/421 542/92/453 543/93/454 511/55/422 
f 511/55/422 543/93/454 544/94/455 512/57/423 
f 512/57/423 544/94/455 545/95/456 513/59/424 
f 513/59/424 545/95/456 546/96/457 514/61/425 
f 514/61/425 546/96/457 547/97/458 515/63/426 
f 515/63/426 547/97/458 516/98/427 484/65/395 
f 516/66/427 548/99/459 549/100/460 517/67/428 
f 517/67/428 549/100/460 550/101/461 518/68/429 
f 518/68/429 550/101/461 551/102/462 519/69/430 
f 519/69/430 551/102/462 552/103/463 520/70/431 
f 520/70/431 552/103/463 553/104/464 521/71/432 
f 521/71/432 553/104/464 554/105/465 522/72/433 
f 522/72/433 554/105/465 555/106/466 523/73/434 
f 523/73/434 555/106/466 556/107/467 524/74/435 
f 524/74/435 556/107/467 557/108/468 525/75/436 
f 525/75/436 557/108/468 558/109/469 526/76/437 
f 526/76/437 558/109/469 559/110/470 527/77/438 
f 527/77/438 559/110/470 560/111/471 528/78/439 
f 528/78/439 560/111/471 561/112/472 529/79/440 
f 529/79/440 561/112/472 562/113/473 530/80/441 
f 530/80/441 562/113/473 563/114/474 531/81/442 
f 531/81/442 563/114/474 564/115/475 532/82/443 
f 532/82/443 564/115/475 565/116/476 533/83/444 
f 533/83/444 565/116/476 566/117/477 534/84/445 
f 534/84/445 566/117/477 567/118/478 535/85/446 
f 535/85/446 567/118/478 568/119/479 536/86/447 
f 536/86/447 568/119/479 569/120/480 537/87/448 
f 537/87/448 569/120/480 570/121/481 538/88/449 
f 538/88/449 570/121/481 571/122/482 539/89/450 
f 539/89/450 571/122/482 572/123/483 540/90/451 
f 540/90/451 572/123/483 573/124/484 541/91/452 
f 541/91/452 573/124/484 574/125/485 542/92/453 
f 542/92/453 574/125/485 575/126/486 543/93/454 
f 543/93/454 575/126/486 576/127/487 544/94/455 
f 544/94/455 576/127/487 577/128/488 545/95/456 
f 545/95/456 577/128/488 578/129/489 546/96/457 
f 546/96/457 578/129/489 579/130/490 547/97/458 
f 547/97/458 579/130/490 548/131/459 516/98/427 
f 548/99/459 580/132/491 581/133/492 549/100/460 
f 549/100/460 581/133/492 582/134/493 550/101/461 
f 550/101/461 582/134/493 583/135/494 551/102/462 
f 551/102/462 583/135/494 584/136/495 552/103/463 
f 552/103/463 584/136/495 585/137/496 553/104/464 
f 553/104/464 585/137/496 586/138/497 554/105/465 
f 554/105/465 586/138/497 587/139/498 555/106/466 
f 555/106/466 587/139/498 588/140/499 556/107/467 
f 556/107/467 588/140/499 589/141/500 557/108/468 
f 557/108/468 589/141/500 590/142/501 558/109/469 
f 558/109/469 590/142/501 591/143/502 559/110/470 
f 559/110/470 591/143/502 592/144/503 560/111/471 
f 560/111/471 592/144/503 593/145/504 561/112/472 
f 561/112/472 593/145/504 594/146/505 562/113/473 
f 562/113/473 594/146/505 595/147/506 563/114/474 
f 563/114/474 595/147/506 596/148/507 564/115/475 
f 564/115/475 596/148/507 597/149/508 565/116/476 
f 565/116/476 597/149/508 598/150/509 566/117/477 
f 566/117/477 598/150/509 599/151/510 567/118/478 
f 567/118/478 599/151/510 600/152/511 568/119/479 
f 568/119/479 600/152/511 601/153/512 569/120/480 
f 569/120/480 601/153/512 602/154/513 570/121/481 
f 570/121/481 602/154/513 603/155/514 571/122/482 
f 571/122/482 603/155/514 604/156/515 572/123/483 
f 572/123/483 604/156/515 605/157/516 573/124/484 
f 573/124/484 605/157/516 606/158/517 574/125/485 
f 574/125/485 606/158/517 607/159/518 575/126/486 
f 575/126/486 607/159/518 608/160/519 576/127/487 
f 576/127/487 608/160/519 609/161/520 577/128/488 
f 577/128/488 609/161/520 610/162/521 578/129/489 
f 578/129/489 610/162/521 611/163/522 579/130/490 
f 579/130/490 611/163/522 580/164/491 548/131/459 
f 580/132/491 612/165/523 613/166/524 581/133/492 
f 581/133/492 613/166/524 614/167/525 582/134/493 
f 582/134/493 614/167/525 615/168/526 583/135/494 
f 583/135/494 615/168/526 616/169/527 584/136/495 
f 584/136/495 616/169/527 617/170/528 585/137/496 
f 585/137/496 617/170/528 618/171/529 586/138/497 
f 586/138/497 618/171/529 619/172/530 587/139/498 
f 587/139/498 619/172/530 620/173/531 588/140/499 
f 588/140/499 620/173/531 621/174/532 589/141/500 
f 589/141/500 621/174/532 622/175/533 590/142/501 
f 590/142/501 622/175/533 623/176/534 591/143/502 
f 591/143/502 623/176/534 624/177/535 592/144/503 
f 592/144/503 624/177/535 625/178/536 593/145/504 
f 593/145/504 625/178/536 626/179/537 594/146/505 
f 594/146/505 626/179/537 627/180/538 595/147/506 
f 595/147/506 627/180/538 628/181/539 596/148/507 
f 596/148/507 628/181/539 629/182/540 597/149/508 
f 597/149/508 629/182/540 630/183/541 598/150/509 
f 598/150/509 630/183/541 631/184/542 599/151/510 
f 599/151/510 631/184/542 632/185/543 600/152/511 
f 600/152/511 632/185/543 633/186/544 601/153/512 
f 601/153/512 633/186/544 634/187/545 602/154/513 
f 602/154/513 634/187/545 635/188/546 603/155/514 
f 603/155/514 635/188/546 636/189/547 604/156/515 
f 604/156/515 636/189/547 637/190/548 605/157/516 
f 605/157/516 637/190/548 638/191/549 606/158/517 
f 606/158/517 638/191/549 639/192/550 607/159/518 
f 607/159/518 639/192/550 640/193/551 608/160/519 
f 608/160/519 640/193/551 641/194/552 609/161/520 
f 609/161/520 641/194/552 642/195/553 610/162/521 
f 610/162/521 642/195/553 643/196/554 611/163/522 
f 611/163/522 643/196/554 612/197/523 580/164/491 
f 612/165/523 644/198/555 645/199/556 613/166/524 
f 613/166/524 645/199/556 646/200/557 614/167/525 
f 614/167/525 646/200/557 647/201/558 615/168/526 
f 615/168/526 647/201/558 648/202/559 616/169/527 
f 616/169/527 648/202/559 649/203/560 617/170/528 
f 617/170/528 649/203/560 650/204/561 618/171/529 
f 618/171/529 650/204/561 651/205/562 619/172/530 
f 619/172/530 651/205/562 652/206/563 620/173/531 
f 620/173/531 652/206/563 653/207/564 621/174/532 
f 621/174/532 653/207/564 654/208/565 622/175/533 
f 622/175/533 654/208/565 655/209/566 623/176/534 
f 623/176/534 655/209/566 656/210/567 624/177/535 
f 624/177/535 656/210/567 657/211/568 625/178/536 
f 625/178/536 657/211/568 658/212/569 626/179/537 
f 626/179/537 658/212/569 659/213/570 627/180/538 
f 627/180/538 659/213/570 660/214/571 628/181/539 
f 628/181/539 660/214/571 661/215/572 629/182/540 
f 629/182/540 661/215/572 662/216/573 630/183/541 
f 630/183/541 662/216/573 663/217/574 631/184/542 
f 631/184/542 663/217/574 664/218/575 632/185/543 
f 632/185/543 664/218/575 665/219/576 633/186/544 
f 633/186/544 665/219/576 666/220/577 634/187/545 
f 634/187/545 666/220/577 667/221/578 635/188/546 
f 635/188/546 667/221/578 668/222/579 636/189/547 
f 636/189/547 668/222/579 669/223/580 637/190/548 
f 637/190/548 669/223/580 670/224/581 638/191/549 
f 638/191/549 670/224/581 671/225/582 639/192/550 
f 639/192/550 671/225/582 672/226/583 640/193/551 
f 640/193/551 672/226/583 673/227/584 641/194/552 
f 641/194/552 673/227/584 674/228/585 642/195/553 
f 642/195/553 674/228/585 675/229/586 643/196/554 
f 643/196/554 675/229/586 644/230/555 612/197/523 
f 644/198/555 676/231/587 677/232/588 645/199/556 
f 645/199/556 677/232/588 678/233/589 646/200/557 
f 646/200/557 678/233/589 679/234/590 647/201/558 
f 647/201/558 679/234/590 680/235/591 648/202/559 
f 648/202/559 680/235/591 681/236/592 649/203/560 
f 649/203/560 681/236/592 682/237/593 650/204/561 
f 650/204/561 682/237/593 683/238/594 651/205/562 
f 651/205/562 683/238/594 684/239/595 652/206/563 
f 652/206/563 684/239/595 685/240/596 653/207/564 
f 653/207/564 685/240/596 686/241/597 654/208/565 
f 654/208/565 686/241/597 687/242/598 655/209/566 
f 655/209/566 687/242/598 688/243/599 656/210/567 
f 656/210/567 688/243/599 689/244/600 657/211/568 
f 657/211/568 689/244/600 690/245/601 658/212/569 
f 658/212/569 690/245/601 691/246/602 659/213/570 
f 659/213/570 691/246/602 692/247/603 660/214/571 
f 660/214/571 692/247/603 693/248/604 661/215/572 
f 661/215/572 693/248/604 694/249/605 662/216/573 
f 662/216/573 694/249/605 695/250/606 663/217/574 
f 663/217/574 695/250/606 696/251/607 664/218/575 
f 664/218/575 696/251/607 697/252/608 665/219/576 
f 665/219/576 697/252/608 698/253/609 666/220/577 
f 666/220/577 698/253/609 699/254/610 667/221/578 
f 667/221/578 699/254/610 700/255/611 668/222/579 
f 668/222/579 700/255/611 701/256/612 669/223/580 
f 669/223/580 701/256/612 702/257/613 670/224/581 
f 670/224/581 702/257/613 703/258/614 671/225/582 
f 671/225/582 703/258/614 704/259/615 672/226/583 
f 672/226/583 704/259/615 705/260/616 673/227/584 
f 673/227/584 705/260/616 706/261/617 674/228/585 
f 674/228/585 706/261/617 707/262/618 675/229/586 
f 675/229/586 707/262/618 676/263/587 644/230/555 
f 676/231/587 708/264/619 709/265/620 677/232/588 
f 677/232/588 709/265/620 710/266/621 678/233/589 
f 678/233/589 710/266/621 711/267/622 679/234/590 
f 679/234/590 711/267/622 712/268/623 680/235/591 
f 680/235/591 712/268/623 713/269/624 681/236/592 
f 681/236/592 713/269/624 714/270/625 682/237/593 
f 682/237/593 714/270/625 715/271/626 683/238/594 
f 683/238/594 715/271/626 716/272/627 684/239/595 
f 684/239/595 716/272/627 717/273/628 685/240/596 
f 685/240/596 717/273/628 718/274/629 686/241/597 
f 686/241/597 718/274/629 719/275/630 687/242/598 
f 687/242/598 719/275/630 720/276/631 688/243/599 
f 688/243/599 720/276/631 721/277/632 689/244/600 
f 689/244/600 721/277/632 722/278/633 690/245/601 
f 690/245/601 722/278/633 723/279/634 691/246/602 
f 691/246/602 723/279/634 724/280/635 692/247/603 
f 692/247/603 724/280/635 725/281/636 693/248/604 
f 693/248/604 725/281/636 726/282/637 694/249/605 
f 694/249/605 726/282/637 727/283/638 695/250/606 
f 695/250/606 727/283/638 728/284/639 696/251/607 
f 696/251/607 728/284/639 729/285/640 697/252/608 
f 697/252/608 729/285/640 730/286/641 698/253/609 
f 698/253/609 730/286/641 731/287/642 699/254/610 
f 699/254/610 731/287/642 732/288/643 700/255/611 
f 700/255/611 732/288/643 733/289/644 701/256/612 
f 701/256/612 733/289/644 734/290/645 702/257/613 
f 702/257/613 734/290/645 735/291/646 703/258/614 
f 703/258/614 735/291/646 736/292/647 704/259/615 
f 704/259/615 736/292/647 737/293/648 705/260/616 
f 705/260/616 737/293/648 738/294/649 706/261/617 
f 706/261/617 738/294/649 739/295/650 707/262/618 
f 707/262/618 739/295/650 708/296/619 676/263/587 
f 708/264/619 740/297/651 741/298/652 709/265/620 
f 709/265/620 741/298/652 742/299/653 710/266/621 
f 710/266/621 742/299/653 743/300/654 711/267/622 
f 711/267/622 743/300/654 744/301/655 712/268/623 
f 712/268/623 744/301/655 745/302/656 713/269/624 
f 713/269/624 745/302/656 746/303/657 714/270/625 
f 714/270/625 746/303/657 747/304/658 715/271/626 
f 715/271/626 747/304/658 748/305/659 716/272/627 
f 716/272/627 748/305/659 749/306/660 717/273/628 
f 717/273/628 749/306/660 750/307/661 718/274/629 
f 718/274/629 750/307/661 751/308/662 719/275/630 
f 719/275/630 751/308/662 752/309/663 720/276/631 
f 720/276/631 752/309/663 753/310/664 721/277/632 
f 721/277/632 753/310/664 754/311/665 722/278/633 
f 722/278/633 754/311/665 755/312/666 723/279/634 
f 723/279/634 755/312/666 756/313/667 724/280/635 
f 724/280/635 756/313/667 757/314/668 725/281/636 
f 725/281/636 757/314/668 758/315/669 726/282/637 
f 726/282/637 758/315/669 759/316/670 727/283/638 
f 727/283/638 759/316/670 760/317/671 728/284/639 
f 728/284/639 760/317/671 761/318/672 729/285/640 
f 729/285/640 761/318/672 762/319/673 730/286/641 
f 730/286/641 762/319/673 763/320/674 731/287/642 
f 731/287/642 763/320/674 764/321/675 732/288/643 
f 732/288/643 764/321/675 765/322/676 733/289/644 
f 733/289/644 765/322/676 766/323/677 734/290/645 
f 734/290/645 766/323/677 767/324/678 735/291/646 
f 735/291/646 767/324/678 768/325/679 736/292/647 
f 736/292/647 768/325/679 769/326/680 737/293/648 
f 737/293/648 769/326/680 770/327/681 738/294/649 
f 738/294/649 770/327/681 771/328/682 739/295/650 
f 739/295/650 771/328/682 740/329/651 708/296/619 
f 740/297/651 772/330/683 773/331/684 741/298/652 
f 741/298/652 773/331/684 774/332/685 742/299/653 
f 742/299/653 774/332/685 775/333/686 743/300/654 
f 743/300/654 775/333/686 776/334/687 744/301/655 
f 744/301/655 776/334/687 777/335/688 745/302/656 
f 745/302/656 777/335/688 778/336/689 746/303/657 
f 746/303/657 778/336/689 779/337/690 747/304/658 
f 747/304/658 779/337/690 780/338/691 748/305/659 
f 748/305/659 780/338/691 781/339/692 749/306/660 
f 749/306/660 781/339/692 782/340/693 750/307/661 
f 750/307/661 782/340/693 783/341/694 751/308/662 
f 751/308/662 783/341/694 784/342/695 752/309/663 
f 752/309/663 784/342/695 785/343/696 753/310/664 
f 753/310/664 785/343/696 786/344/697 754/311/665 
f 754/311/665 786/344/697 787/345/698 755/312/666 
f 755/312/666 787/345/698 788/346/699 756/313/667 
f 756/313/667 788/346/699 789/347/700 757/314/668 
f 757/314/668 789/347/700 790/348/701 758/315/669 
f 758/315/669 790/348/701 791/349/702 759/316/670 
f 759/316/670 791/349/702 792/350/703 760/317/671 
f 760/317/671 792/350/703 793/351/704 761/318/672 
f 761/318/672 793/351/704 794/352/705 762/319/673 
f 762/319/673 794/352/705 795/353/706 763/320/674 
f 763/320/674 795/353/706 796/354/707 764/321/675 
f 764/321/675 796/354/707 797/355/708 765/322/676 
f 765/322/676 797/355/708 798/356/709 766/323/677 
f 766/323/677 798/356/709 799/357/710 767/324/678 
f 767/324/678 799/357/710 800/358/711 768/325/679 
f 768/325/679 800/358/711 801/359/712 769/326/680 
f 769/326/680 801/359/712 802/360/713 770/327/681 
f 770/327/681 802/360/713 803/361/714 771/328/682 
f 771/328/682 803/361/714 772/362/683 740/329/651 
f 772/330/683 804/363/715 805/364/716 773/331/684 
f 773/331/684 805/364/716 806/365/717 774/332/685 
f 774/332/685 806/365/717 807/366/718 775/333/686 
f 775/333/686 807/366/718 808/367/719 776/334/687 
f 776/334/687 808/367/719 809/368/720 777/335/688 
f 777/335/688 809/368/720 810/369/721 778/336/689 
f 778/336/689 810/369/721 811/370/722 779/337/690 
f 779/337/690 811/370/722 812/371/723 780/338/691 
f 780/338/691 812/371/723 813/372/724 781/339/692 
f 781/339/692 813/372/724 814/373/725 782/340/693 
f 782/340/693 814/373/725 815/374/726 783/341/694 
f 783/341/694 815/374/726 816/375/727 784/342/695 
f 784/342/695 816/375/727 817/376/728 785/343/696 
f 785/343/696 817/376/728 818/377/729 786/344/697 
f 786/344/697 818/377/729 819/378/730 787/345/698 
f 787/345/698 819/378/730 820/379/731 788/346/699 
f 788/346/699 820/379/731 821/380/732 789/347/700 
f 789/347/700 821/380/732 822/381/733 790/348/701 
f 790/348/701 822/381/733 823/382/734 791/349/702 
f 791/349/702 823/382/734 824/383/735 792/350/703 
f 792/350/703 824/383/735 825/384/736 793/351/704 
f 793/351/704 825/384/736 826/385/737 794/352/705 
f 794/352/705 826/385/737 827/386/738 795/353/706 
f 795/353/706 827/386/738 828/387/739 796/354/707 
f 796/354/707 828/387/739 829/388/740 797/355/708 
f 797/355/708 829/388/740 830/389/741 798/356/709 
f 798/356/709 830/389/741 831/390/742 799/357/710 
f 799/357/710 831/390/742 832/391/743 800/358/711 
f 800/358/711 832/391/743 833/392/744 801/359/712 
f 801/359/712 833/392/744 834/393/745 802/360/713 
f 802/360/713 834/393/745 835/394/746 803/361/714 
f 803/361/714 835/394/746 804/395/715 772/362/683 
f 804/363/715 836/396/747 837/397/748 805/364/716 
f 805/364/716 837/397/748 838/398/749 806/365/717 
f 806/365/717 838/398/749 839/399/750 807/366/718 
f 807/366/718 839/399/750 840/400/751 808/367/719 
f 808/367/719 840/400/751 841/401/752 809/368/720 
f 809/368/720 841/401/752 842/402/753 810/369/721 
f 810/369/721 842/402/753 843/403/754 811/370/722 
f 811/370/722 843/403/754 844/404/755 812/371/723 
f 812/371/723 844/404/755 845/405/756 813/372/724 
f 813/372/724 845/405/756 846/406/757 814/373/725 
f 814/373/725 846/406/757 847/407/758 815/374/726 
f 815/374/726 847/407/758 848/408/759 816/375/727 
f 816/375/727 848/408/759 849/409/760 817/376/728 
f 817/376/728 849/409/760 850/410/761 818/377/729 
f 818/377/729 850/410/761 851/411/762 819/378/730 
f 819/378/730 851/411/762 852/412/763 820/379/731 
f 820/379/731 852/412/763 853/413/764 821/380/732 
f 821/380/732 853/413/764 854/414/765 822/381/733 
f 822/381/733 854/414/765 855/415/766 823/382/734 
f 823/382/734 855/415/766 856/416/767 824/383/735 
f 824/383/735 856/416/767 857/417/768 825/384/736 
f 825/384/736 857/417/768 858/418/769 826/385/737 
f 826/385/737 858/418/769 859/419/770 827/386/738 
f 827/386/738 859/419/770 860/420/771 828/387/739 
f 828/387/739 860/420/771 861/421/772 829/388/740 
f 829/388/740 861/421/772 862/422/773 830/389/741 
f 830/389/741 862/422/773 863/423/774 831/390/742 
f 831/390/742 863/423/774 864/424/775 832/391/743 
f 832/391/743 864/424/775 865/425/776 833/392/744 
f 833/392/744 865/425/776 866/426/777 834/393/745 
f 834/393/745 866/426/777 867/427/778 835/394/746 
f 835/394/746 867/427/778 836/428/747 804/395/715 
f 836/396/747 868/429/779 869/430/780 837/397/748 
f 837/397/748 869/430/780 870/431/781 838/398/749 
f 838/398/749 870/431/781 871/432/782 839/399/750 
f 839/399/750 871/432/782 872/433/783 840/400/751 
f 840/400/751 872/433/783 873/434/784 841/401/752 
f 841/401/752 873/434/784 874/435/785 842/402/753 
f 842/402/753 874/435/785 875/436/786 843/403/754 
f 843/403/754 875/436/786 876/437/787 844/404/755 
f 844/404/755 876/437/787 877/438/788 845/405/756 
f 845/405/756 877/438/788 878/439/789 846/406/757 
f 846/406/757 878/439/789 879/440/790 847/407/758 
f 847/407/758 879/440/790 880/441/791 848/408/759 
f 848/408/759 880/441/791 881/442/792 849/409/760 
f 849/409/760 881/442/792 882/443/793 850/410/761 
f 850/410/761 882/443/793 883/444/794 851/411/762 
f 851/411/762 883/444/794 884/445/795 852/412/763 
f 852/412/763 884/445/795 885/446/796 853/413/764 
f 853/413/764 885/446/796 886/447/797 854/414/765 
f 854/414/765 886/447/797 887/448/798 855/415/766 
f 855/415/766 887/448/798 888/449/799 856/416/767 
f 856/416/767 888/449/799 889/450/800 857/417/768 
f 857/417/768 889/450/800 890/451/801 858/418/769 
f 858/418/769 890/451/801 891/452/802 859/419/770 
f 859/419/770 891/452/802 892/453/803 860/420/771 
f 860/420/771 892/453/803 893/454/804 861/421/772 
f 861/421/772 893/454/804 894/455/805 862/422/773 
f 862/422/773 894/455/805 895/456/806 863/423/774 
f 863/423/774 895/456/806 896/457/807 864/424/775 
f 864/424/775 896/457/807 897/458/808 865/425/776 
f 865/425/776 897/458/808 898/459/809 866/426/777 
f 866/426/777 898/459/809 899/460/810 867/427/778 
f 867/427/778 899/460/810 868/461/779 836/428/747 
f 868/429/779 900/462/811 901/463/812 869/430/780 
f 869/430/780 901/463/812 902/464/813 870/431/781 
f 870/431/781 902/464/813 903/465/814 871/432/782 
f 871/432/782 903/465/814 904/466/815 872/433/783 
f 872/433/783 904/466/815 905/467/816 873/434/784 
f 873/434/784 905/467/816 906/468/817 874/435/785 
f 874/435/785 906/468/817 907/469/818 875/436/786 
f 875/436/786 907/469/818 908/470/819 876/437/787 
f 876/437/787 908/470/819 909/471/820 877/438/788 
f 877/438/788 909/471/820 910/472/821 878/439/789 
f 878/439/789 910/472/821 911/473/822 879/440/790 
f 879/440/790 911/473/822 912/474/823 880/441/791 
f 880/441/791 912/474/823 913/475/824 881/442/792 
f 881/442/792 913/475/824 914/476/825 882/443/793 
f 882/443/793 914/476/825 915/477/826 883/444/794 
f 883/444/794 915/477/826 916/478/827 884/445/795 
f 884/445/795 916/478/827 917/479/828 885/446/796 
f 885/446/796 917/479/828 918/480/829 886/447/797 
f 886/447/797 918/480/829 919/481/830 887/448/798 
f 887/448/798 919/481/830 920/482/831 888/449/799 
f 888/449/799 920/482/831 921/483/832 889/450/800 
f 889/450/800 921/483/832 922/484/833 890/451/801 
f 890/451/801 922/484/833 923/485/834 891/452/802 
f 891/452/802 923/485/834 924/486/835 892/453/803 
f 892/453/803 924/486/835 925/487/836 893/454/804 
f 893/454/804 925/487/836 926/488/837 894/455/805 
f 894/455/805 926/488/837 927/489/838 895/456/806 
f 895/456/806 927/489/838 928/490/839 896/457/807 
f 896/457/807 928/490/839 929/491/840 897/458/808 
f 897/458/808 929/491/840 930/492/841 898/459/809 
f 898/459/809 930/492/841 931/493/842 899/460/810 
f 899/460/810 931/493/842 900/494/811 868/461/779 
f 900/462/811 932/495/843 933/496/844 901/463/812 
f 901/463/812 933/496/844 934/497/845 902/464/813 
f 902/464/813 934/497/845 935/498/846 903/465/814 
f 903/465/814 935/498/846 936/499/847 904/466/815 
f 904/466/815 936/499/847 937/500/848 905/467/816 
f 905/467/816 937/500/848 938/501/849 906/468/817 
f 906/468/817 938/501/849 939/502/850 907/469/818 
f 907/469/818 939/502/850 940/503/851 908/470/819 
f 908/470/819 940/503/851 941/504/852 909/471/820 
f 909/471/820 941/504/852 942/505/853 910/472/821 
f 910/472/821 942/505/853 943/506/854 911/473/822 
f 911/473/822 943/506/854 944/507/855 912/474/823 
f 912/474/823 944/507/855 945/508/856 913/475/824 
f 913/475/824 945/508/856 946/509/857 914/476/825 
f 914/476/825 946/509/857 947/510/858 915/477/826 
f 915/477/826 947/510/858 948/511/859 916/478/827 
f 916/478/827 948/511/859 949/512/860 917/479/828 
f 917/479/828 949/512/860 950/513/861 918/480/829 
f 918/480/829 950/513/861 951/514/862 919/481/830 
f 919/481/830 951/514/862 952/515/863 920/482/831 
f 920/482/831 952/515/863 953/516/864 921/483/832 
f 921/483/832 953/516/864 954/517/865 922/484/833 
f 922/484/833 954/517/865 955/518/866 923/485/834 
f 923/485/834 955/518/866 956/519/867 924/486/835 
f 924/486/835 956/519/867 957/520/868 925/487/836 
f 925/487/836 957/520/868 958/521/869 926/488/837 
f 926/488/837 958/521/869 959/522/870 927/489/838 
f 927/489/838 959/522/870 960/523/871 928/490/839 
f 928/490/839 960/523/871 961/524/872 929/491/840 
f 929/491/840 961/524/872 962/525/873 930/492/841 
f 930/492/841 962/525/873 963/526/874 931/493/842 
f 931/493/842 963/526/874 932/527/843 900/494/811 
f 964/528/875 933/496/844 932/495/843 
f 964/529/875 934/497/845 933/496/844 
f 964/530/875 935/498/846 934/497/845 
f 964/531/875 936/499/847 935/498/846 
f 964/532/875 937/500/848 936/499/847 
f 964/533/875 938/501/849 937/500/848 
f 964/534/875 939/502/850 938/501/849 
f 964/535/875 940/503/851 939/502/850 
f 964/536/875 941/504/852 940/503/851 
f 964/537/875 942/505/853 941/504/852 
f 964/538/875 943/506/854 942/505/853 
f 964/539/875 944/507/855 943/506/854 
f 964/540/875 945/508/856 944/507/855 
f 964/541/875 946/509/857 945/508/856 
f 964/542/875 947/510/858 946/509/857 
f 964/543/875 948/511/859 947/510/858 
f 964/544/875 949/512/860 948/511/859 
f 964/545/875 950/513/861 949/512/860 
f 964/546/875 951/514/862 950/513/861 
f 964/547/875 952/515/863 951/514/862 
f 964/548/875 953/516/864 952/515/863 
f 964/549/875 954/517/865 953/516/864 
f 964/550/875 955/518/866 954/517/865 
f 964/551/875 956/519/867 955/518/866 
f 964/552/875 957/520/868 956/519/867 
f 964/553/875 958/521/869 957/520/868 
f 964/554/875 959/522/870 958/521/869 
f 964/555/875 960/523/871 959/522/870 
f 964/556/875 961/524/872 960/523/871 
f 964/557/875 962/525/873 961/524/872 
f 964/558/875 963/526/874 962/525/873 
f 964/559/875 932/527/843 963/526/874 
# 896 polygons - 128 triangles

