# Exported from 3D Builder
o Object.1
v -0.836902 25.253510 0.010542
v -1.274431 16.557657 0.649945
v -1.178518 -10.031190 2.636627
v -1.170471 -12.262002 2.803311
v -0.919421 -27.877882 3.972557
v -0.918951 -32.339455 4.305712
v -0.741578 -32.342300 4.320067
v -0.647001 -43.494640 5.164607
v -0.091056 -36.835030 4.828260
v -0.205535 -36.826519 4.782108
v -0.050620 -34.613144 4.679981
v 0.273968 -30.204868 4.524530
v 0.656500 -23.613642 4.313632
v 1.084725 -14.860239 4.085630
v 1.285745 -10.504639 4.015655
v 1.638902 -1.891713 3.959171
v 2.294173 23.969883 3.147293
v 1.998015 6.321672 4.954386
v 1.909035 -2.474568 5.711647
v 1.779848 -11.075953 5.919834
v 1.649664 -24.123878 6.546929
v 1.590584 -28.441341 6.637639
v 1.501964 -34.917534 6.773704
v 1.442884 -39.234997 6.864414
v 1.324658 -41.382660 6.653376
v 1.383804 -43.552456 6.955124
v 1.292852 -45.320671 6.812037
v 1.450953 -43.557396 7.215162
v 1.378937 -45.324173 7.054206
v 1.517931 -41.437340 8.003323
v 1.505116 -39.319466 8.262522
v 1.421205 -35.120277 8.797852
v 1.091514 -31.038956 9.739599
v 1.061816 -28.975044 9.918203
v 1.165236 -24.794083 9.991579
v 1.193916 -20.660210 10.235414
v 1.197509 -16.555079 10.541572
v 1.254074 -14.456253 10.594303
v 1.178962 11.903399 12.547210
v 0.834658 19.774397 13.306458
v 0.132038 11.637145 13.199704
v 0.036469 3.478954 12.773889
v 0.091221 -14.832793 11.707714
v -0.467589 -21.070463 11.552518
v -0.564903 -33.381187 10.890212
v -0.613560 -39.536549 10.559058
v -0.126520 -45.322044 10.109995
v -0.218788 -43.634018 10.232233
v -0.028457 -41.567894 10.265119
v 0.116950 -41.560158 10.192267
v 0.374145 -31.223793 10.590445
v 0.344218 -25.063715 10.969498
v 0.528461 -25.021975 10.829350
v 0.437387 -20.937670 11.145592
v 0.968887 -14.599442 11.028642
v 1.041459 -4.405122 11.623550
v 1.245824 3.808091 11.939940
v -0.663573 25.247059 0.027712
v -0.924102 16.556961 0.654510
v -0.630530 -1.178413 2.006694
v -0.662105 -10.039385 2.664466
v -0.693894 -18.960512 3.326704
v -0.709788 -23.421108 3.657825
v -0.469754 -18.972733 3.366878
v -0.725683 -27.881702 3.988946
v -0.501981 -23.431261 3.693738
v -0.566435 -32.348320 4.347458
v -0.757472 -36.802895 4.651189
v -0.773367 -41.263489 4.982310
v -0.614774 -39.036110 4.837748
v -0.630888 -41.265373 5.001178
v -0.431617 25.232967 0.063699
v -0.341283 -1.198878 2.063856
v -0.202447 -14.536094 3.106418
v -0.298569 -23.446815 3.747095
v -0.370660 -30.129854 4.227603
v -0.418720 -34.585217 4.547942
v 0.047535 25.183104 0.187698
v 0.132029 16.470787 0.877037
v 0.036557 7.620279 1.513385
v -0.250508 -18.991455 3.426757
v -0.203188 -27.914894 4.114700
v -0.394690 -32.357536 4.387773
v -0.263031 -32.367001 4.428341
v -0.442751 -36.812893 4.708111
v -0.352795 -39.045162 4.898804
v -0.154388 -10.080863 2.786089
v -0.083503 -19.010679 3.487417
v -0.143346 -23.462784 3.801058
v 0.006993 -23.481842 3.865101
v -0.134693 -32.378296 4.476439
v -0.292952 -34.593056 4.585162
v 0.475860 25.112434 0.362853
v 0.036180 -10.106617 2.860144
v 0.006288 -12.330444 3.016808
v 0.148678 -14.585390 3.253762
v 0.184137 -12.358866 3.100762
v 0.077835 -19.033615 3.559432
v 0.232434 -19.059942 3.642027
v 0.030253 -30.169373 4.383423
v -0.170114 -34.602409 4.629274
v -0.010183 -32.391258 4.531703
v 1.098161 7.358873 2.190480
v 0.558704 -10.211969 3.161553
v 0.748989 -14.728395 3.681581
v 0.542279 -23.583454 4.209188
v 0.154861 -30.186331 4.450543
v 0.199733 -27.966930 4.307321
v 0.070689 -27.947485 4.235144
v 0.289477 -23.528133 4.020875
v 0.645634 -19.155926 3.945384
v 0.419878 -23.554825 4.111325
v 0.517151 -19.121464 3.835855
v 1.360586 24.859476 0.982286
v 1.468285 16.084806 1.845652
v 1.262971 7.289582 2.369694
v 0.764448 -19.192259 4.061987
v 0.438924 -28.010986 4.472991
v 1.575435 24.764860 1.213539
v 1.757323 24.667643 1.451845
v 0.873380 -19.230001 4.184629
v 1.908005 24.569233 1.692364
v 1.194780 -1.566483 3.058809
v 1.095394 -10.400337 3.706261
v 1.040008 -12.603090 3.825601
v 0.984391 -14.815005 3.945436
v 1.756967 15.910964 2.280783
v 1.644208 7.062850 2.958517
v 1.420719 -1.694469 3.408750
v 1.197221 -10.452142 3.859001
v 1.141098 -12.651267 3.972063
v 1.732383 6.984023 3.164624
v 1.509069 -1.760119 3.590130
v 2.126437 24.371469 2.171653
v 1.955698 15.728165 2.739118
v 2.201839 24.269234 2.419560
v 1.581565 -1.826053 3.773995
v 1.801678 6.904854 3.372685
v 2.066938 15.543742 3.203220
v 2.285875 24.060017 2.928481
v 1.852920 6.826015 3.581196
v 2.294027 23.981874 3.118223
v 2.187409 13.727269 7.910126
v 2.178877 13.560080 8.346809
v 2.061402 5.126469 8.376908
v 1.826438 -11.741739 8.437110
v 1.797068 -13.850207 8.444635
v 1.708177 -20.231741 8.467411
v 1.714167 -16.070286 8.793096
v 1.649040 -24.477234 8.482562
v 1.583961 -24.536949 8.795209
v 1.518859 -28.770279 8.796267
v 1.532496 -37.190693 8.248380
v 1.557298 -39.285728 7.700087
v 1.570270 -37.122169 7.384665
v 1.472424 -37.076267 6.819059
v 1.560398 -34.946583 7.059989
v 1.587759 -32.793880 7.021196
v 1.648338 -30.682034 7.287011
v 1.659577 -30.722771 7.594210
v 1.674126 -28.628742 7.881007
v 1.726191 -24.359211 7.840235
v 1.696779 -24.418047 8.163529
v 1.751540 -20.160500 8.135246
v 2.149846 13.189863 9.307365
v 2.105219 12.773106 10.374856
v 2.128974 12.984217 9.836091
v 1.886380 4.359632 10.503226
v 1.479557 -14.267850 9.982774
v 1.424193 -14.325224 10.175308
v 1.139973 -28.944580 9.769967
v 1.412572 -28.827095 9.135933
v 1.634655 -16.170691 9.187572
v 1.842853 4.264954 10.755005
v 1.680938 -3.945784 10.357467
v 1.627030 -4.024635 10.582200
v 1.411174 -12.315474 10.409369
v 1.357322 -14.383908 10.366250
v 1.309675 -12.393188 10.646137
v 2.240237 20.612871 11.285071
v 1.978361 12.418331 11.269520
v 2.070497 20.379726 11.848909
v 1.938869 20.265083 12.125780
v 1.776133 20.153748 12.394382
v 1.583107 20.047396 12.650652
v 1.450189 12.021305 12.256329
v 1.360608 19.947708 12.890532
v 1.109977 19.856283 13.110155
v 1.755477 4.148252 11.061737
v 1.240335 -4.314202 11.379425
v 1.404250 -4.218981 11.121059
v 0.538621 19.703245 13.476568
v 0.225834 19.644026 13.617622
v -0.099613 19.597721 13.727263
v -0.559558 11.561245 13.382832
v -0.433159 19.564468 13.805195
v -0.912366 11.545515 13.419307
v -0.770119 19.544195 13.851639
v -1.097892 15.483142 13.642199
v -1.089972 11.429461 13.417585
v -0.154687 -12.838934 11.922179
v -0.402725 -12.864847 11.993974
v -0.338275 -4.711624 12.432610
v -0.912509 3.400449 12.968407
v -0.591889 3.413925 12.935939
v -0.273837 3.440066 12.871164
v -1.074135 3.322094 12.968358
v -1.062256 -2.758430 12.631437
v -1.058297 -4.785271 12.519131
v -0.435151 -16.966888 11.773287
v -0.672825 -16.982090 11.817183
v -0.178487 -14.870613 11.816135
v -0.624219 -4.733395 12.489045
v -0.912794 -12.891275 12.066518
v -1.046418 -10.865794 12.182211
v -1.042459 -12.892636 12.069904
v -0.912830 -14.918417 11.954298
v -1.038499 -14.919477 11.957598
v -0.912938 -21.090166 11.612638
v -1.022661 -23.026844 11.508370
v -0.913010 -25.190409 11.385653
v -1.018702 -25.053684 11.396063
v -1.010783 -29.107368 11.171450
v -1.006824 -31.134207 11.059143
v -0.581122 -35.432976 10.779828
v -0.737926 -33.387589 10.917315
v -0.729788 -31.336901 11.029799
v -0.913117 -31.340771 11.045178
v -0.913153 -33.390888 10.931686
v -0.500027 -25.174038 11.331750
v -0.913081 -29.290649 11.158669
v -0.548684 -31.329401 11.000596
v -0.721651 -29.286215 11.142282
v -0.705376 -25.184839 11.367249
v -0.597341 -37.484764 10.669443
v -0.754201 -37.488968 10.692348
v -0.998905 -35.187889 10.834530
v -0.913189 -35.441010 10.818194
v -0.994945 -37.214733 10.722222
v -0.913261 -39.541252 10.591210
v -0.913225 -37.491131 10.704702
v -0.992965 -38.228153 10.666070
v -0.913297 -41.591373 10.477718
v -0.913333 -43.641491 10.364226
v -0.975234 -45.322098 10.272937
v -0.981087 -44.308678 10.329149
v -0.555715 -45.322464 10.230630
v -0.770477 -41.590340 10.467381
v -0.762339 -39.539650 10.579865
v -0.629780 -41.588341 10.448674
v 0.300707 -45.322578 9.898862
v 0.504334 -45.321022 9.758650
v 0.596365 -43.611675 9.756966
v 0.699846 -43.608406 9.661388
v 0.650688 -41.525177 9.800462
v 0.759333 -37.352184 9.887452
v 0.854976 -37.336964 9.771452
v 0.906686 -35.246483 9.808140
v 0.867979 -33.179192 9.974442
v 0.958396 -33.156006 9.844828
v 1.085270 -24.833202 10.148423
v 1.085309 -20.718250 10.436973
v 0.871904 -45.323349 9.412838
v 0.803266 -39.427444 9.734764
v 0.849220 -41.510841 9.587762
v 1.043055 -33.133331 9.709232
v 1.010106 -31.065523 9.881516
v 0.994596 -35.227707 9.678864
v 1.033104 -45.322929 9.206471
v 1.174055 -45.320618 8.980828
v 1.030879 -41.496986 9.347849
v 1.190490 -41.483498 9.084294
v 1.301531 -35.155296 9.110114
v 1.200345 -33.089043 9.423199
v 1.356102 -39.353607 8.798909
v 1.264517 -37.264694 9.101507
v 1.388653 -37.236942 8.798380
v 1.290999 -43.586941 8.799966
v 1.412491 -41.459206 8.543170
v 1.471628 -37.213715 8.528018
v 1.420974 -45.324749 8.333291
v 1.491899 -43.572102 8.023709
v 1.477735 -41.448242 8.276663
v 1.442060 -39.336464 8.535594
v 1.468538 -45.322109 7.488235
v 1.292144 -43.547474 6.705772
v 1.134777 -43.540730 6.395306
v 0.973803 -45.323647 6.258964
v 1.206090 -30.445051 5.666102
v 1.425301 -19.537741 5.292955
v 1.600659 -10.812416 4.994455
v 1.908781 6.671747 3.994117
v 2.103281 15.363685 3.659080
v 2.123220 15.188757 4.104936
v 1.949037 6.521874 4.401437
v 2.147480 14.955088 4.704898
v 1.556969 -12.986325 5.068827
v 1.661602 -13.110283 5.515929
v 1.584772 -24.064169 6.234200
v 1.519744 -28.393793 6.338994
v 1.454715 -32.723415 6.443788
v 1.422201 -34.888226 6.496184
v 1.389687 -37.053040 6.548582
v 1.172398 -41.367691 6.332509
v 0.943037 -43.533825 6.113879
v 0.490379 -45.320770 5.777221
v 0.986879 -41.352364 6.039249
v 0.834398 -41.340885 5.844798
v 1.030721 -39.170898 5.964621
v 0.883354 -39.153118 5.760469
v 0.981266 -34.777580 5.591811
v 1.079177 -30.402046 5.423153
v 1.128133 -28.214275 5.338823
v 1.512985 -15.174817 5.143697
v 1.323957 -19.463203 5.001507
v 1.371157 -12.797968 4.432035
v 1.714280 -2.020191 4.329154
v 0.616857 -43.523331 5.764198
v 1.226045 -23.838739 5.170165
v 1.101673 -23.774998 4.907968
v 1.421869 -15.087667 4.832849
v 0.195415 -45.322868 5.586011
v 0.170735 -43.509865 5.446033
v 0.262819 -43.512478 5.500192
v -0.132448 -45.321888 5.434251
v -0.114370 -43.502728 5.309881
v -0.171928 -41.278801 5.124819
v -0.131492 -39.056915 4.976540
v 0.065118 -34.625126 4.736989
v 0.176695 -34.638229 4.800000
v -0.781314 -43.493790 5.147871
v -0.872494 -45.321793 5.277293
v -0.917776 -43.493389 5.138601
v -1.081053 -45.322060 5.274120
v -1.302592 -45.321693 5.289785
v -1.252328 -32.340664 4.309674
v -1.383269 -34.574333 4.490883
v -1.427656 -30.114456 4.160565
v -1.494237 -23.424643 3.665088
v -1.372917 -14.496033 2.978984
v -1.538624 -18.964766 3.334770
v -1.605213 -12.274199 2.839237
v -1.627398 -10.045070 2.674138
v -1.715573 -1.185536 2.017962
v -1.803748 7.673942 1.361790
v -1.562639 25.251812 0.008820
v -1.582725 16.551193 0.663765
v -1.522838 7.689171 1.324614
v -1.242460 7.694707 1.312172
v -1.057811 -43.493366 5.136876
v -1.065858 -41.262554 4.970193
v -0.918481 -36.801029 4.638868
v -1.073905 -39.031746 4.803510
v -0.919186 -30.108669 4.139134
v -1.146330 -18.954437 3.303360
v -1.387993 -12.265079 2.812620
v -1.498178 -36.808285 4.677823
v -1.527434 -34.579399 4.514682
v -1.556689 -32.350510 4.351542
v -1.449850 -27.884520 3.995406
v -1.585944 -30.121624 4.188401
v -1.849240 -10.061724 2.720143
v -1.965472 -1.206338 2.071984
v -2.081702 7.648964 1.423832
v -2.197932 16.504265 0.775680
v -2.009385 25.226183 0.067463
v -1.769234 25.242844 0.029062
v -1.748368 -43.499523 5.246658
v -2.023796 -41.286194 5.184780
v -2.019623 -36.839500 4.842995
v -2.082432 -39.068367 5.043642
v -2.667528 -10.191122 3.080274
v -3.543588 16.197412 1.526620
v -3.537410 24.931631 0.769228
v -3.311064 16.277571 1.329440
v -2.863649 7.516249 1.757432
v -2.613604 -12.409020 3.226982
v -2.477436 -10.150150 2.965726
v -2.283020 -19.043194 3.573967
v -2.185811 -23.489799 3.878092
v -1.991392 -32.383011 4.486344
v -1.965630 -39.060215 4.989889
v -1.894182 -36.829613 4.790470
v -1.845578 -39.052917 4.942533
v -1.796973 -41.276222 5.094596
v -1.857645 -43.501644 5.283678
v -1.965159 -43.504013 5.325919
v -2.177092 -39.075722 5.093170
v -2.238948 -36.860508 4.957206
v -2.300804 -34.645294 4.821242
v -2.362660 -32.430080 4.685278
v -2.486372 -27.999647 4.413350
v -2.610160 -19.107941 3.773394
v -2.857507 -14.708357 3.597565
v -2.786148 -12.451475 3.349787
v -2.919456 -12.489841 3.461399
v -3.501089 -10.511202 4.002109
v -4.044171 6.974134 3.146666
v -3.895892 -1.889908 3.913490
v -4.315706 15.716623 2.718953
v -4.423302 15.546270 3.146019
v -3.772635 -1.768354 3.574378
v -3.962728 7.047031 2.957162
v -3.691085 -1.707644 3.407636
v -2.226083 -43.510780 5.454475
v -2.295816 -45.322994 5.626309
v -2.310580 -43.513222 5.504775
v -2.413676 -45.321545 5.700941
v -2.446038 -39.100033 5.266463
v -2.513767 -36.893436 5.147307
v -2.872461 -28.090794 4.765189
v -3.282697 -14.869437 4.084880
v -3.258914 -12.616681 3.836364
v -3.055598 -19.240681 4.194060
v -3.089514 -14.786382 3.830843
v -2.956678 -19.205521 4.080633
v -2.558172 -32.462936 4.830002
v -2.292500 -41.301212 5.329581
v -2.378309 -41.306625 5.385619
v -2.475914 -43.518223 5.616926
v -2.544260 -41.317730 5.509271
v -2.612606 -39.117237 5.401615
v -3.091026 -23.713797 4.648026
v -3.227717 -19.312811 4.432714
v -3.351210 -12.661357 3.971263
v -3.432904 -12.706511 4.109511
v -2.740047 -43.526527 5.841601
v -3.022494 -36.970303 5.695219
v -3.264537 -28.224419 5.361383
v -3.518480 -23.926210 5.526621
v -3.790747 -13.024903 5.166747
v -4.000237 -11.085905 5.914597
v -4.124599 -2.343237 5.256711
v -4.177457 -2.487040 5.705751
v -4.531873 14.709416 5.288090
v -4.493600 15.116596 4.237739
v -4.277397 6.460049 4.523509
v -3.880773 -13.133993 5.563312
v -3.929650 -10.970909 5.501852
v -3.093777 -45.322613 6.384356
v -3.028713 -43.535957 6.173978
v -3.193677 -43.542030 6.427302
v -3.246387 -34.820515 5.886264
v -3.340874 -37.027695 6.242208
v -3.488071 -30.513353 6.057115
v -3.537137 -28.341906 5.995418
v -3.831531 -15.313225 5.625231
v -3.273537 -45.319668 6.700310
v -3.439006 -32.684799 6.118813
v -4.047419 -11.182156 6.269528
v -4.238707 -2.726700 6.473196
v -4.543503 14.540734 5.727021
v -4.395371 5.823422 6.318450
v -4.552035 14.373543 6.163705
v -4.557292 14.207348 6.598890
v -4.238937 -3.200333 8.016551
v -4.082333 -11.656307 8.073363
v -3.964700 -15.994961 8.447294
v -3.622030 -24.623919 9.195029
v -2.986660 -33.178658 9.949019
v -2.840434 -35.281235 10.004209
v -2.083038 -41.565811 10.236693
v -1.925831 -43.632206 10.193110
v -2.210450 -33.324963 10.643767
v -2.447169 -29.180813 10.744555
v -2.568546 -25.052481 10.913843
v -2.438146 -25.079172 11.004293
v -2.723286 -14.753085 11.455774
v -2.423920 -4.652125 12.258601
v -2.590678 3.511508 12.670715
v -2.757436 11.675140 13.082830
v -3.246090 19.762798 13.301816
v -3.521380 19.843105 13.104921
v -2.823693 -4.569628 12.035888
v -2.615123 -12.751245 11.657644
v -3.331200 -43.547989 6.703024
v -3.350076 -45.321716 6.879725
v -3.420407 -39.219627 6.597898
v -3.547985 -37.078674 6.815698
v -3.554217 -32.727081 6.440210
v -3.732630 -24.070356 6.229959
v -3.880949 -19.813871 6.451575
v -3.964190 -15.497670 6.360544
v -3.955823 -13.240890 5.966937
v -3.569420 -39.253769 7.134286
v -3.608853 -37.101696 7.095337
v -3.687718 -32.797550 7.017437
v -3.714467 -28.446272 6.633636
v -3.727150 -30.645477 6.978487
v -3.845448 -24.189260 6.861639
v -4.042791 -13.419028 6.666712
v -4.254675 -2.845287 6.858765
v -4.405983 5.681030 6.728827
v -3.490555 -43.557915 7.212185
v -3.722522 -32.832420 7.315755
v -3.760606 -30.686338 7.283049
v -3.766583 -28.493404 6.939538
v -3.798691 -28.540257 7.250344
v -4.103353 -11.372386 6.988713
v -4.065469 -13.507174 7.021247
v -4.073260 -13.595057 7.377116
v -4.254791 -3.081750 7.630968
v -4.103506 -11.561480 7.712581
v -3.482479 -45.323822 7.371641
v -3.532100 -43.562828 7.479281
v -3.546360 -43.567726 7.749965
v -3.684438 -34.978500 7.348460
v -3.696846 -35.007290 7.643476
v -3.951029 -19.955931 7.119523
v -3.884955 -24.306753 7.510365
v -4.027197 -15.663768 7.054112
v -3.532403 -43.572620 8.020670
v -3.570477 -41.438484 8.000131
v -3.659225 -37.147400 7.670098
v -3.608552 -39.304352 7.979590
v -3.646626 -37.170216 7.959051
v -3.875074 -24.365410 7.835812
v -3.960199 -20.026535 7.457122
v -3.510671 -45.319996 7.927221
v -3.491155 -43.577534 8.287827
v -3.530568 -41.449390 8.273529
v -3.845872 -24.424244 8.159145
v -4.065658 -13.682941 7.732999
v -3.426708 -45.324650 8.431198
v -3.424006 -43.582474 8.547866
v -3.507189 -39.338242 8.532393
v -3.548781 -37.216125 8.524657
v -3.631965 -32.971893 8.509185
v -3.673557 -30.849773 8.501449
v -3.715149 -28.727657 8.493711
v -3.798333 -24.483425 8.478240
v -4.043168 -13.771094 8.087571
v -4.003524 -15.911670 8.101954
v -3.356200 -45.321960 8.650537
v -3.332345 -43.587456 8.797217
v -3.465597 -41.460358 8.540130
v -3.466044 -37.239349 8.795135
v -3.590373 -35.094009 8.516921
v -3.644309 -28.775208 8.792356
v -3.881517 -20.239193 8.462767
v -3.822573 -20.311066 8.789579
v -3.163763 -45.321320 9.051528
v -3.423341 -33.055157 9.156210
v -3.733441 -24.543135 8.790968
v -3.274323 -39.378582 9.127094
v -3.039132 -41.501724 9.410648
v -3.373668 -35.162964 9.146504
v -3.150920 -37.302952 9.453725
v -2.983238 -43.601109 9.389111
v -2.825644 -43.606277 9.573862
v -3.095026 -39.402336 9.432187
v -3.206814 -35.203568 9.475264
v -3.262708 -33.104179 9.496801
v -3.318603 -31.004795 9.518339
v -3.191690 -31.047802 9.761290
v -2.570617 -43.614315 9.812533
v -2.482829 -43.617050 9.880850
v -2.393645 -43.619766 9.944147
v -2.370578 -41.549103 10.069304
v -2.303020 -43.622452 10.002798
v -2.210936 -43.625069 10.056957
v -2.947659 -39.420120 9.636338
v -2.722978 -41.525009 9.780837
v -2.657058 -43.611599 9.738792
v -2.638071 -41.531048 9.860453
v -2.551089 -41.537109 9.934858
v -2.705526 -39.447777 9.908371
v -1.932813 -39.516319 10.420267
v -2.267374 -31.263515 10.733899
v -2.551993 -20.956276 11.184556
v -2.665841 -16.833378 11.364819
v -2.563159 -14.789647 11.563406
v -1.627564 -43.637661 10.290545
v -1.525359 -43.638992 10.314371
v -1.216966 -37.490917 10.701605
v -1.067033 -39.541538 10.593349
v -1.074730 -37.491516 10.706932
v -1.082427 -35.441498 10.820516
v -1.090124 -33.391479 10.934098
v -1.105519 -29.291441 11.161263
v -1.379877 -14.917933 11.948436
v -1.054337 -6.812112 12.406824
v -1.050378 -8.838953 12.294518
v -1.197678 -4.746626 12.521186
v -2.194066 11.590629 13.296974
v -2.311945 19.591454 13.724697
v -2.637350 19.635906 13.614320
v -2.496655 11.630028 13.196793
v -2.950093 19.693340 13.472572
v -2.173215 -16.925346 11.639028
v -1.850100 -25.160492 11.278072
v -2.005322 -25.144520 11.224110
v -1.921376 -29.254108 11.016651
v -1.795457 -35.418488 10.705462
v -1.753484 -37.473282 10.601733
v -1.711510 -39.528076 10.498004
v -1.561441 -41.585827 10.421450
v -1.669537 -41.582867 10.394274
v -1.597524 -39.532661 10.528527
v -1.467722 -39.536663 10.555844
v -1.741853 -31.319992 10.956840
v -1.555167 -33.381424 10.885851
v -1.584315 -31.329678 10.995852
v -2.066567 -12.842978 11.920463
v -2.209947 -4.684316 12.345958
v -2.353301 3.472855 12.771376
v -0.985047 -42.281837 10.441456
v -0.983067 -43.295254 10.385303
v -1.051638 -43.641579 10.366184
v -1.059335 -41.591560 10.479767
v -0.987026 -41.268417 10.497610
v -0.989006 -40.254993 10.553762
v -0.990986 -39.241573 10.609917
v -1.000884 -34.174469 10.890683
v -1.002864 -33.161049 10.946836
v -1.097821 -31.341461 11.047681
v -1.014743 -27.080526 11.283756
v -1.120913 -25.191404 11.388429
v -1.030580 -18.973160 11.732984
v -1.136308 -21.091366 11.615594
v -1.026621 -21.000002 11.620677
v -1.151702 -16.991327 11.842759
v -1.034540 -16.946320 11.845290
v -0.996925 -36.201313 10.778377
v -1.066216 -0.731588 12.743745
v -1.082054 7.375777 13.192971
v -1.228258 3.398038 12.972446
v -1.305809 19.536259 13.866579
v -1.105811 19.536825 13.866812
v -1.258839 11.542703 13.423708
v -1.641498 19.541729 13.850622
v -1.570878 11.547065 13.410244
v -1.512093 3.401776 12.960335
v -1.978435 19.560093 13.803396
v -3.771997 19.933092 12.884763
v -3.458159 11.859735 12.619352
v -2.779650 -12.711883 11.545021
v -3.414905 3.734262 12.094280
v -2.872535 -14.713095 11.337822
v -2.607091 -31.204132 10.493343
v -2.438135 -39.475750 10.135809
v -2.276961 -41.554913 10.129688
v -2.342987 -39.484756 10.202419
v -2.181111 -41.560509 10.185496
v -2.117382 -43.627586 10.106687
v -3.656019 11.935134 12.430567
v -2.932637 -12.668861 11.421649
v -3.832911 12.016008 12.228178
v -3.579715 3.803553 11.915067
v -3.326520 -4.408903 11.601955
v -3.463642 -4.348061 11.436881
v -3.073282 -12.622715 11.288792
v -4.350324 20.247158 12.118746
v -3.418167 -12.471725 10.847601
v -3.582393 -12.366512 10.531287
v -3.618745 -16.396250 9.979954
v -3.252698 -28.954723 9.792527
v -3.052581 -31.092072 9.991064
v -4.481995 20.361063 11.841558
v -4.121593 12.189848 11.793047
v -4.582127 20.476868 11.560016
v -3.584786 -4.284859 11.264601
v -3.316339 -12.523528 11.000335
v -3.689581 -4.220074 11.086941
v -4.232323 12.280643 11.565547
v -4.651817 20.593288 11.277223
v -4.320324 12.372647 11.334712
v -4.049128 4.109112 11.120136
v -3.777931 -4.154424 10.905560
v -3.506693 -12.419232 10.690951
v -3.850428 -4.088490 10.721695
v -4.705793 20.823164 10.719519
v -4.705793 21.214027 9.771969
v -3.645826 -12.314011 10.369449
v -3.486285 -24.706640 9.582953
v -3.374497 -28.905411 9.539878
v -3.983143 -3.894352 10.166536
v -4.043715 -3.769534 9.797753
v -3.956560 -13.949266 8.787492
v -3.721375 -20.408298 9.214439
v -3.820720 -16.192682 9.233850
v -3.598073 -20.507870 9.626030
v -4.557330 13.875957 7.467760
v -4.559096 14.041652 7.033326
v -4.229438 6.640922 4.030554
v -3.989030 -2.045863 4.362133
v -3.688284 -12.912901 4.776935
v -3.186381 -28.193954 5.213147
v -2.867571 -39.145790 5.662043
v -2.840962 -43.529716 5.945596
v -4.705648 23.962013 3.110182
v -4.697577 24.039812 2.921412
v -4.667075 24.144722 2.666640
v -4.456448 15.435764 3.424844
v -4.203124 6.733503 3.781534
v -4.469845 15.327707 3.698974
v -4.443467 24.450470 1.928706
v -3.419432 -10.462655 3.858128
v -3.326504 -10.414618 3.717453
v -4.133767 15.885898 2.297227
v -3.781731 24.841070 0.985593
v -3.472723 7.324041 2.245275
v -3.226971 -1.476943 2.785456
v -3.310627 7.386062 2.087360
v -2.981212 -10.278172 3.325652
v -3.077666 -1.425290 2.648099
v -3.486225 -1.588690 3.084851
v -4.013977 15.968416 2.092444
v -3.994378 24.745512 1.215771
v -3.619331 7.258399 2.412950
v -3.222340 -10.367533 3.581070
v -3.257205 25.016058 0.567364
v -2.907965 25.098732 0.368974
v -2.614880 7.569695 1.622659
v -2.670544 -1.316867 2.361574
v -2.233815 -12.338080 3.023031
v -1.820001 -12.289399 2.883194
v -1.790731 -14.519414 3.046417
v -1.849670 -23.449335 3.745979
v -1.732220 -18.977188 3.372699
v -1.615199 -27.892738 4.025260
v -1.439668 -41.266060 5.004104
v -1.530056 -45.322613 5.326919
v -1.524709 -43.496147 5.188404
v -1.410413 -43.494946 5.167244
v -1.637374 -43.497681 5.214890
v -2.209762 -1.235306 2.147617
v -2.066309 -10.084905 2.784370
v -1.176960 -43.493561 5.141356
v -1.222180 -36.801823 4.642346
v -1.089999 -34.570122 4.470143
v -1.098047 -32.339310 4.303460
v -1.267401 -30.110085 4.143338
v -1.114141 -27.877686 3.970093
v -1.312622 -23.418350 3.644329
v -1.207107 -39.032402 4.808682
v -1.081952 -36.800934 4.636826
v -1.106094 -30.108498 4.136776
v -0.921066 -12.261939 2.806480
v -1.162424 -14.492815 2.969994
v -0.921301 -10.031619 2.639937
v -0.922235 -1.168737 1.978127
v -1.462951 -1.172853 1.985463
v -1.403064 -10.034904 2.646314
v -1.210489 -1.168242 1.974400
v -0.918011 -41.262604 4.972023
v -0.918246 -39.031815 4.805446
v -0.918716 -34.570240 4.472290
v -0.733630 -30.112001 4.154507
v -0.919891 -23.416307 3.639401
v -1.130235 -23.416061 3.636727
v -0.920361 -18.954733 3.306246
v -0.920831 -14.493160 2.973090
v -0.209400 11.591755 13.309719
v 0.704121 3.617053 12.425768
v 0.863918 11.798330 12.805567
v 0.993883 3.707073 12.197400
v 0.512199 11.708750 13.025048
v 1.457579 3.917262 11.660163
v 1.674824 12.148726 11.940902
v 1.851177 12.282175 11.609311
v 2.058675 12.554542 10.927811
v 2.091822 12.665049 10.648987
v 2.167247 13.391397 8.785740
v 2.294173 21.624701 8.832590
v 2.002792 4.809278 9.273171
v 2.078627 5.269713 7.966310
v 2.089239 5.412104 7.555933
v 2.092882 5.554069 7.145665
v 2.192704 14.224857 6.606070
v 2.089316 5.696032 6.735395
v 2.167392 14.726895 5.295304
v 2.038213 6.126163 5.503476
v 2.178989 14.558228 5.734218
v 2.187485 14.391047 6.170890
v 2.194470 14.059162 7.040504
v 2.192666 13.893465 7.474939
v 2.078780 5.838418 6.325015
v 2.021790 15.635761 2.971375
v 1.536446 7.140640 2.755936
v 1.867697 15.820170 2.508284
v 1.623653 15.999537 2.059032
v 1.291393 16.165680 1.643263
v 1.093534 16.241077 1.454478
v 0.715483 7.482571 1.870693
v 0.500976 7.535506 1.733678
v 0.830053 25.031748 0.562129
v 0.876135 16.310055 1.281584
v 0.641703 16.371841 1.126471
v 0.392810 16.425671 0.991000
v -0.213248 16.514721 0.765252
v -0.598955 7.682494 1.348927
v -0.567381 16.543402 0.691159
v -0.923168 7.694113 1.316318
v 0.544324 -4.564224 12.045969
v 0.382639 3.540303 12.619624
v 1.627713 4.031597 11.365186
v 1.912694 4.452213 10.254207
v 1.720168 -3.868680 10.133557
v 2.037921 4.981946 8.787840
v 1.943927 -3.307141 8.407007
v 1.960653 4.633086 9.761251
v 1.969845 -3.187844 8.022494
v 2.061627 5.981654 5.914412
v 1.944266 -2.594920 6.094605
v 1.991294 -2.951025 7.250826
v 1.985813 -3.069256 7.636926
v 1.970075 -2.714211 6.479139
v 1.848550 -2.311743 5.203874
v 1.774853 -2.145010 4.697937
v 1.409217 7.216527 2.558920
v 0.736984 -1.394134 2.592518
v 0.360248 -1.300829 2.340886
v 0.915259 7.423472 2.023498
v -0.058915 -1.230227 2.149732
v 0.273934 7.581627 1.614045
v -0.277266 7.657921 1.414554
v -0.912652 -4.744619 12.517506
v -0.059100 -4.679237 12.348073
v 0.253078 -4.628144 12.214201
v 0.837060 -12.619714 11.307109
v 0.808804 -4.489253 11.847590
v 1.532593 -4.121828 10.853953
v 1.475465 -12.252424 10.211685
v 1.855737 -3.571306 9.238978
v 1.708663 -11.952981 9.204781
v 1.908595 -3.427503 8.789939
v 1.779254 -11.837988 8.792039
v 1.792332 -3.718044 9.686412
v 1.861361 -11.267590 6.633277
v 1.985929 -2.832794 6.864721
v 1.315924 -1.629684 3.231090
v 0.980336 -10.349797 3.558715
v 1.057658 -1.505641 2.893735
v 0.904929 -1.447934 2.737698
v 0.554831 -1.344915 2.459802
v 0.219517 -10.137342 2.948105
v 0.155058 -1.262418 2.237089
v -0.418769 -14.894485 11.884781
v -0.656556 -12.882277 12.042066
v 0.123494 -12.798063 11.808704
v 0.786116 -14.667092 11.228240
v 0.623694 -12.686988 11.497722
v 0.384499 -12.746943 11.666103
v 0.344685 -14.785366 11.571473
v 1.180750 -12.470873 10.876896
v 1.023054 -12.547011 11.098641
v 0.734217 -16.752882 11.147892
v 0.860909 -29.044594 10.227775
v 1.527615 -12.190771 10.012891
v 1.430725 -16.378325 9.952172
v 1.623988 -12.070318 9.611561
v 1.833845 -13.761516 8.092737
v 1.861051 -11.646342 8.078685
v 1.882375 -11.551512 7.717927
v 1.834137 -13.409448 6.671875
v 1.826895 -11.172195 6.274814
v 1.882532 -11.362418 6.994060
v 1.889695 -11.456964 7.355998
v 1.797494 -13.320780 6.319956
v 1.699075 -10.945747 5.453378
v 1.519770 -10.712604 4.664209
v 1.470967 -12.893516 4.748274
v 1.306187 -12.749133 4.276067
v 1.424874 -10.609866 4.337165
v 1.361443 -10.557362 4.175323
v 1.139843 -19.347269 4.579346
v 0.595852 -30.267490 4.782612
v 0.440604 -32.456406 4.816921
v 0.283891 -34.652283 4.868697
v 0.128058 -36.854912 4.937736
v 0.020246 -36.844528 4.880212
v -0.024626 -39.063927 5.023435
v 0.926469 -12.556100 3.684287
v 0.852338 -10.301143 3.417794
v 0.711692 -10.254994 3.284931
v 0.513899 -12.428055 3.304562
v 0.394175 -10.172605 3.048924
v -0.405302 -10.055775 2.713166
v -0.664604 -14.910401 11.930820
v 0.058296 -16.908602 11.604686
v 0.530556 -16.811625 11.321687
v 0.577569 -14.729660 11.410542
v 1.068293 -16.622913 10.754042
v 1.125018 -14.528570 10.816010
v 0.913728 -16.689400 10.957363
v 1.581954 -14.155783 9.592872
v 1.372076 -16.432161 10.138330
v 1.268656 -20.613121 10.064955
v 1.333808 -20.567076 9.891438
v 1.236890 -24.755829 9.830703
v 1.746932 -13.939701 8.792563
v 1.671926 -14.046639 9.196239
v 1.649064 -20.303616 8.794152
v 1.767314 -15.986246 8.452258
v 1.830497 -15.655045 7.059151
v 1.806648 -15.572247 6.710850
v 1.747475 -13.231320 5.972003
v 1.864272 -13.585472 7.382316
v 1.856501 -13.673359 7.738190
v 1.856649 -13.497590 7.026437
v 1.714829 -15.404922 6.024612
v 1.623844 -15.291234 5.578954
v 1.317147 -14.997959 4.527420
v 1.229676 -12.700094 4.122490
v 1.173338 -14.906077 4.229837
v 1.250648 -14.952114 4.377325
v 0.663136 -12.468002 3.422437
v 0.800754 -12.510877 3.549455
v 0.353793 -12.391539 3.197006
v -0.178398 -12.306680 2.946125
v -0.421405 -12.283640 2.876493
v -0.677999 -14.499916 2.995583
v -0.670049 -12.268749 2.829958
v -0.689100 -21.083466 11.592216
v -0.912866 -16.989925 11.839622
v -0.250889 -21.051123 11.493546
v -0.202779 -16.944277 11.707902
v 0.304085 -16.863972 11.474978
v 0.631339 -20.887428 10.988621
v 0.804367 -20.833132 10.816039
v 0.366922 -37.408066 10.250743
v 0.168389 -39.492886 10.271903
v 0.202880 -43.623665 10.038756
v 0.065512 -43.627430 10.112633
v 0.337094 -43.619724 9.955235
v 0.257560 -41.551800 10.109419
v 0.955801 -20.776270 10.631148
v 1.302561 -16.487217 10.322404
v 1.560627 -20.389492 9.170360
v 1.539278 -16.273148 9.573896
v 1.454545 -20.477121 9.536222
v 1.486600 -24.608292 9.153147
v 1.369811 -24.681093 9.498548
v 1.806302 -15.902948 8.106963
v 1.838566 -15.737596 7.408926
v 1.778451 -19.948469 7.124253
v 1.830321 -15.820148 7.758691
v 1.751926 -19.877655 6.788437
v 1.767824 -15.488955 6.365509
v 1.029038 -23.742420 4.781366
v 0.993936 -28.163517 5.098241
v 0.832331 -34.746292 5.383651
v 0.778462 -36.940552 5.478787
v 0.724594 -39.134815 5.573925
v 0.670725 -41.329075 5.669061
v 0.353444 -43.515163 5.558843
v 0.641221 -39.125458 5.488437
v 0.972220 -19.268688 4.312279
v 1.060921 -19.307894 4.444037
v 0.872395 -14.770876 3.810342
v 0.468965 -14.650537 3.447984
v 0.313307 -14.616173 3.345469
v 0.614424 -14.688102 3.560385
v -0.023661 -14.558571 3.173775
v -0.437528 -14.514206 3.040018
v -0.072146 -25.132622 11.196505
v -0.006925 -21.020611 11.400596
v 0.143201 -25.100908 11.092595
v 0.223643 -20.982439 11.283787
v 0.843309 -24.929623 10.508255
v 0.695006 -24.976866 10.674715
v 0.530964 -31.192465 10.462729
v 0.562079 -35.313011 10.201022
v 0.393340 -41.543045 10.016683
v 0.468208 -43.615700 9.861679
v 0.524308 -41.534115 9.913979
v 0.618325 -33.236336 10.262469
v 1.778256 -20.089680 7.799463
v 1.736287 -24.300554 7.514802
v 1.708744 -19.806417 6.456219
v 1.787426 -20.019073 7.461864
v 1.337616 -23.900665 5.442214
v 1.473362 -23.983385 5.830139
v 1.548603 -19.637310 5.704546
v 1.649801 -19.734547 6.129406
v 0.948504 -23.709709 4.658238
v 0.918233 -28.137573 4.983386
v 0.752026 -34.730305 5.286416
v 0.696623 -36.927883 5.387426
v 0.465949 -39.106712 5.332195
v 0.409696 -41.310940 5.445519
v 0.128858 -41.293579 5.264402
v 0.079422 -39.071590 5.075470
v -0.069498 -41.283325 5.166657
v 0.180536 -39.079811 5.132500
v 0.332656 -36.877789 5.068566
v 0.611253 -36.915161 5.300839
v 0.859715 -23.677139 4.538927
v 0.151562 -23.503714 3.938586
v 0.379221 -19.089334 3.734429
v 1.209410 -19.386478 4.717694
v -0.298998 -25.157970 11.279189
v 0.062759 -29.219379 10.901403
v 0.251050 -29.189758 10.793403
v 0.585644 -29.120600 10.533391
v 0.976625 -29.006195 10.061433
v 0.973109 -24.881422 10.332374
v 1.642018 -28.675594 8.191813
v 1.589903 -28.722727 8.497714
v 1.614638 -30.804369 8.205955
v 1.560334 -30.845474 8.505290
v 1.530765 -32.968220 8.512866
v 1.501197 -35.090969 8.520442
v 1.569996 -37.167809 7.962551
v 1.543964 -39.302570 7.982937
v 1.642481 -28.488472 6.943610
v 1.697204 -24.183064 6.866023
v 1.726406 -24.241896 7.189357
v 1.249932 -28.263590 5.591473
v 0.747211 -28.085590 4.765575
v 0.779878 -30.312433 4.979539
v 0.634706 -32.494041 4.992223
v 0.723670 -32.513344 5.086639
v 0.578453 -34.698265 5.105547
v 0.667462 -34.714249 5.193739
v 0.522201 -36.902489 5.218871
v 0.429336 -36.889988 5.141402
v 0.690958 -30.289814 4.878899
v 0.762369 -23.644999 4.423822
v 0.651358 -28.059994 4.663015
v 0.494578 -30.245714 4.691099
v 0.322605 -27.988186 4.386795
v -0.063850 -27.930069 4.170770
v -0.346629 -27.902174 4.067434
v -0.532465 -29.277613 11.110981
v -0.347108 -29.264816 11.064833
v -0.371163 -31.318243 10.957655
v 0.022538 -31.278612 10.805808
v 0.204465 -31.252781 10.705356
v -0.137367 -29.244633 10.992414
v 0.425584 -29.156521 10.670080
v 0.730817 -29.082977 10.385362
v 0.922302 -31.092693 10.017938
v 0.804809 -31.126183 10.175476
v 0.705011 -39.438679 9.843957
v 0.580408 -39.452526 9.966278
v 1.285078 -28.885067 9.460873
v 1.375558 -30.936493 9.127327
v 1.648094 -30.763510 7.901393
v 1.622061 -32.898273 7.921779
v 1.685147 -28.582031 7.567740
v 1.674360 -28.535320 7.254459
v 1.398121 -28.329464 5.955731
v 0.940068 -30.357777 5.193377
v 0.836087 -28.111526 4.872438
v 0.548552 -28.035023 4.565276
v -0.099271 -30.154181 4.323605
v -0.233110 -30.140945 4.271521
v -0.534208 -27.889788 4.020598
v -0.202588 -33.356644 10.788322
v 0.322706 -33.291065 10.510809
v -0.169978 -31.300638 10.890368
v 0.674571 -31.159657 10.323915
v 1.242712 -30.987055 9.442036
v 1.338545 -33.045895 9.118721
v 1.453756 -33.003613 8.797323
v 1.486307 -30.886946 8.796795
v 1.634008 -32.863510 7.620679
v 1.622315 -32.828747 7.319563
v 1.582868 -37.144989 7.673617
v 1.596029 -35.033039 7.942165
v 1.608438 -35.004250 7.647148
v 1.544247 -39.268883 7.417216
v 1.615120 -30.641174 6.982403
v 1.487229 -30.558603 6.391391
v 1.561044 -30.600071 6.682994
v 1.322880 -32.675537 6.081324
v 1.360500 -30.502501 6.018528
v 1.030222 -32.589813 5.507482
v 0.807428 -32.532730 5.185406
v 0.862831 -30.335152 5.084396
v 0.540347 -32.474991 4.902208
v 0.386630 -34.667099 4.942743
v 0.387246 -30.224751 4.604893
v 0.225331 -32.421547 4.662265
v 0.335569 -32.438515 4.736795
v -0.550321 -30.119055 4.184028
v -0.746064 -35.438278 10.804832
v -0.395218 -33.371666 10.850476
v -0.057904 -35.397079 10.614616
v 0.271267 -35.358337 10.431174
v 0.157881 -33.315804 10.617308
v -0.017683 -33.337849 10.710213
v 0.476283 -33.264332 10.392067
v 0.813656 -35.265686 9.930947
v 0.748709 -33.207767 10.123177
v 1.559877 -35.061916 8.234238
v 1.587257 -32.933144 8.220096
v 1.596292 -34.975460 7.352114
v 1.531504 -32.758804 6.728349
v 1.285259 -34.848579 6.144120
v 1.162248 -32.626514 5.740732
v 0.886199 -32.552036 5.288514
v 0.484841 -34.682487 5.021805
v 0.109989 -32.405731 4.593766
v -0.749525 -34.572598 4.485628
v -0.443327 -37.478516 10.636120
v -0.267809 -37.468651 10.584231
v 0.219828 -37.425610 10.351539
v 0.111296 -35.378826 10.529261
v -0.235199 -35.412647 10.686277
v -0.419272 -35.425087 10.743299
v 0.421602 -35.336197 10.321404
v 0.692609 -35.289352 10.070877
v 0.946137 -37.322086 9.648497
v 1.157978 -35.191029 9.404361
v 1.247639 -37.021614 6.206917
v 0.932310 -36.965347 5.676140
v 1.118406 -34.807976 5.815362
v 1.074563 -36.989437 5.889991
v 0.232213 -36.866047 5.000598
v -0.598661 -36.806847 4.674317
v -0.582548 -34.577583 4.510888
v -0.300420 -39.524658 10.482186
v 0.018127 -39.504871 10.353166
v 0.064712 -37.441849 10.441213
v -0.098125 -37.456318 10.519021
v -0.138346 -39.515553 10.423426
v 0.505832 -37.389687 10.139575
v 0.636508 -37.370941 10.018578
v 1.073245 -39.395000 9.366687
v 1.227504 -39.374096 9.092901
v 1.115612 -37.293015 9.385524
v 1.533037 -37.099289 7.098783
v 1.210019 -39.194653 6.269713
v 0.373830 -39.097485 5.260998
v 0.278682 -39.088482 5.194388
v -0.240956 -39.050632 4.934943
v -0.311799 -43.498859 5.240613
v -0.486527 -45.322575 5.329845
v -0.412637 -43.497269 5.212445
v -0.276378 -41.274750 5.087778
v -0.382716 -41.271214 5.055624
v -0.514842 -43.495937 5.188619
v -0.490811 -41.268253 5.028450
v -0.322873 -36.819107 4.741983
v -0.467382 -39.531937 10.528942
v -0.178567 -41.574787 10.327829
v 0.312241 -39.479935 10.180081
v 0.449586 -39.466366 10.078129
v 0.751556 -41.517925 9.698076
v 0.897679 -39.416462 9.618130
v 1.531728 -41.426468 7.726556
v 1.413344 -41.393730 6.909769
v 1.505676 -39.251991 7.137576
v 1.357173 -39.217850 6.600979
v 0.498836 -41.316978 5.515040
v 0.555045 -39.116066 5.407940
v 0.585818 -41.323036 5.589447
v 0.530416 -43.520615 5.690457
v -0.466781 -39.040573 4.868280
v -0.765420 -39.033195 4.816750
v -0.778614 -43.641029 10.354897
v -0.645999 -43.640129 10.338289
v -0.515492 -43.638783 10.314586
v -0.365641 -43.636669 10.278095
v -0.075042 -43.630913 10.177071
v -0.333030 -41.580662 10.380141
v -0.491437 -41.585358 10.421764
v 0.800761 -43.605213 9.557394
v 0.988512 -43.598976 9.329012
v 1.153476 -43.592896 9.075688
v 1.323550 -41.470276 8.799438
v 1.450354 -43.577011 8.290805
v 1.382922 -43.581959 8.550746
v 1.506158 -43.567204 7.753025
v 1.492202 -43.562309 7.482320
v 1.478315 -41.404694 7.176370
v 1.518224 -41.415596 7.449768
v 0.785442 -43.528652 5.929128
v 0.442628 -43.517879 5.622141
v 0.224708 -41.299171 5.320210
v 0.077181 -43.507343 5.396304
v -0.017852 -43.504951 5.350941
v -0.212365 -43.500687 5.273098
v 0.030785 -41.288269 5.213205
v 0.318325 -41.304985 5.380595
v -1.313830 -41.590225 10.463773
v -1.409425 -43.640160 10.335841
v -1.291830 -43.640976 10.351720
v -1.172576 -43.641449 10.361876
v -1.728402 -43.636070 10.262377
v -1.880325 -41.575283 10.325079
v -1.775875 -41.579338 10.362121
v -1.985301 -37.457359 10.515455
v -1.918295 -35.409134 10.661351
v -2.195254 -29.221514 10.896207
v -2.013241 -31.295664 10.860838
v -2.405207 -20.985668 11.276958
v -2.250607 -21.011993 11.359554
v -2.393476 -14.822363 11.659726
v -2.510183 -16.867744 11.467334
v -2.345554 -16.898525 11.559041
v -1.827837 -43.634243 10.229892
v -2.066903 -45.322052 10.041265
v -2.022349 -43.629982 10.152049
v -2.143727 -39.501644 10.321337
v -2.265104 -35.373310 10.490624
v -2.325792 -33.309143 10.575268
v -2.945865 -16.755522 11.131222
v -2.689923 -20.924147 11.083131
v -2.461949 -41.543144 10.004379
v -2.619350 -39.457169 9.988868
v -3.376911 -41.471420 8.796523
v -3.174978 -43.594204 9.107684
v -3.423123 -43.552975 6.952244
v -2.702941 -41.328907 5.649437
v -2.769315 -39.134556 5.552851
v -2.817643 -32.515762 5.078648
v -2.954334 -28.114779 4.863337
v -2.636566 -43.523258 5.746024
v -2.803809 -41.336155 5.751822
v -2.902065 -34.745857 5.359678
v -3.122618 -30.384323 5.302926
v -3.233938 -23.774101 4.876745
v -3.313904 -23.813221 5.033589
v -3.568952 -15.051755 4.674472
v -3.565976 -12.796921 4.393573
v -3.632884 -12.855564 4.584454
v -3.499438 -14.996699 4.490399
v -2.462224 -41.312149 5.445498
v -2.393852 -43.515709 5.558883
v -2.204807 -41.295967 5.277410
v -2.140352 -43.508419 5.407933
v -2.269262 -39.083511 5.146886
v -2.115236 -41.290939 5.229134
v -2.152618 -45.322502 5.547061
v -2.053380 -43.506157 5.365098
v -1.468923 -39.037174 4.840963
v -1.560816 -41.268723 5.028134
v -1.294495 -43.494087 5.151519
v -1.187373 -41.591270 10.475120
v -1.202169 -39.541096 10.588363
v -1.438573 -41.588409 10.445843
v -1.823348 -39.522602 10.461864
v -1.870822 -37.465866 10.561607
v -2.155661 -25.125463 11.160068
v -2.215591 -14.850826 11.743753
v -1.982755 -41.570759 10.283241
v -2.244841 -39.493423 10.264307
v -3.135871 -14.624909 11.075824
v -3.010158 -14.670176 11.210730
v -2.886651 -41.513199 9.605101
v -3.224651 -41.486393 9.117390
v -3.621603 -39.287506 7.696720
v -3.583981 -41.427616 7.723343
v -3.608268 -39.270664 7.413870
v -3.570184 -41.416744 7.446575
v -3.464744 -41.394875 6.906729
v -3.529988 -41.405846 7.173236
v -3.375803 -41.383812 6.650461
v -3.291808 -39.199139 6.303906
v -3.083132 -41.357098 6.102050
v -3.242743 -41.370586 6.365604
v -2.901473 -41.343246 5.862137
v -2.358918 -39.091644 5.204686
v -2.527081 -30.233700 4.624793
v -2.691007 -28.043797 4.580212
v -2.823843 -23.624659 4.330422
v -3.156049 -12.572899 3.705728
v -3.042826 -12.530468 3.580392
v -2.978266 -14.746528 3.711129
v -2.849356 -19.171434 3.972176
v -2.733795 -19.138786 3.869493
v -2.333717 -36.871059 5.016363
v -1.911638 -41.280933 5.136784
v -1.679975 -41.272129 5.058339
v -1.596923 -39.041298 4.867865
v -1.765175 -36.821026 4.745235
v -2.039997 -30.159706 4.334281
v -2.276377 -10.114545 2.866621
v -1.316688 -41.264149 4.986361
v -1.192033 -41.262978 4.975019
v -1.335831 -39.539474 10.575826
v -1.357831 -37.488724 10.687880
v -1.496870 -37.484917 10.665847
v -1.633606 -37.479492 10.635605
v -2.096602 -37.447861 10.463504
v -2.039679 -39.509308 10.373372
v -2.505692 -37.402405 10.202314
v -2.409013 -37.414600 10.275150
v -2.598558 -37.389900 10.124845
v -2.735167 -33.236656 10.245311
v -2.892391 -31.137413 10.204904
v -3.374714 -24.768564 9.855002
v -2.530253 -39.466522 10.064612
v -2.772980 -37.364506 9.956290
v -2.854819 -37.351833 9.864928
v -2.788899 -39.438423 9.822883
v -3.421478 -39.355385 8.795829
v -3.569981 -39.321247 8.259232
v -3.506365 -39.236774 6.861214
v -3.465010 -37.055443 6.545336
v -3.191968 -36.999374 5.958192
v -2.931333 -36.955421 5.572264
v -2.961983 -39.156776 5.778678
v -3.137550 -39.178234 6.030121
v -2.680952 -36.916748 5.293959
v -2.530597 -39.108589 5.332113
v -2.425336 -36.882072 5.079791
v -1.633030 -36.813877 4.707596
v -1.669136 -34.586452 4.547326
v -1.807776 -34.595474 4.588683
v -2.020778 -23.467714 3.805923
v -1.994097 -14.539640 3.104901
v -2.191179 -14.565508 3.179715
v -2.030228 -12.310715 2.944524
v -1.338882 -39.034210 4.821201
v -1.722575 -39.046577 4.901787
v -1.231762 -35.440742 10.814848
v -1.526018 -35.433170 10.775849
v -2.204415 -37.437481 10.405981
v -2.308570 -37.426342 10.343118
v -2.666862 -35.313278 10.185078
v -2.824131 -33.217350 10.150894
v -2.755870 -35.297291 10.096886
v -2.687610 -37.377232 10.042876
v -3.069675 -35.233959 9.698814
v -3.008667 -37.327038 9.667576
v -3.323996 -37.270771 9.136800
v -3.648807 -35.064960 8.230636
v -3.684701 -35.036083 7.938511
v -3.609394 -37.193104 8.244933
v -3.646353 -37.124584 7.381166
v -3.389940 -34.856247 6.180511
v -2.835690 -36.940205 5.456264
v -2.598970 -36.905029 5.218729
v -2.491754 -34.672504 4.954896
v -2.581496 -34.686844 5.028152
v -2.398172 -34.658607 4.885839
v -1.942787 -34.606316 4.638407
v -2.141068 -36.850540 4.902503
v -1.237254 -34.571243 4.476010
v -1.361076 -36.804272 4.656042
v -1.379832 -35.437973 10.799932
v -1.401832 -33.387218 10.911985
v -1.705770 -33.373158 10.849761
v -1.669688 -35.426327 10.742683
v -1.965768 -33.352398 10.761094
v -2.037789 -35.398399 10.610643
v -2.153526 -35.386414 10.553636
v -2.436029 -33.292175 10.500738
v -2.475039 -35.344444 10.347881
v -2.372300 -35.359261 10.421928
v -2.573250 -35.329052 10.268820
v -2.640808 -33.255703 10.335325
v -2.871775 -29.083412 10.365776
v -2.775922 -29.109005 10.468335
v -3.046152 -20.815611 10.734357
v -3.181267 -16.668911 10.867367
v -3.249401 -14.577876 10.934439
v -3.350477 -14.529657 10.787910
v -2.975343 -31.114695 10.100046
v -2.907889 -33.197968 10.052127
v -3.130682 -33.140881 9.730052
v -2.920740 -35.265247 9.906974
v -3.510610 -35.123314 8.794440
v -3.648285 -34.949623 7.056387
v -3.589605 -34.920574 6.770183
v -3.509613 -34.891266 6.492773
v -3.300806 -32.641655 5.814335
v -3.083005 -34.783833 5.611760
v -2.995095 -34.765057 5.482485
v -2.749297 -34.716255 5.186303
v -2.667343 -34.701469 5.105344
v -2.073615 -34.618790 4.696100
v -2.199705 -34.632717 4.761364
v -1.850376 -32.369923 4.432131
v -1.261355 -31.340389 11.041333
v -1.246558 -33.390564 10.928090
v -1.423833 -31.336470 11.024038
v -1.879403 -31.308901 10.912922
v -1.837430 -33.363693 10.809192
v -2.090277 -33.339436 10.705831
v -2.541065 -33.274288 10.420612
v -2.803471 -31.160032 10.305543
v -3.097172 -24.897594 10.366930
v -3.008384 -24.930168 10.486241
v -3.439036 -14.480792 10.637419
v -3.555176 -33.007278 8.793745
v -3.688220 -32.936817 8.216337
v -3.722775 -32.901947 7.917971
v -3.772090 -30.727077 7.590232
v -3.734468 -32.867184 7.616854
v -3.672847 -30.604372 6.679152
v -3.631226 -32.762474 6.724668
v -3.143516 -32.597359 5.528301
v -3.204026 -30.410891 5.444842
v -3.058857 -32.574688 5.392705
v -2.968440 -32.551506 5.263091
v -2.804088 -30.294353 4.878574
v -2.735715 -32.497910 4.991959
v -2.624589 -30.253368 4.705107
v -2.649224 -32.480247 4.908996
v -2.462626 -32.446152 4.755316
v -2.127608 -32.398075 4.549206
v -2.258341 -32.414890 4.620225
v -1.741350 -30.131605 4.226788
v -1.705243 -32.359028 4.387057
v -1.405463 -32.344395 4.325724
v -1.276151 -29.290211 11.154575
v -1.777935 -29.266825 11.063917
v -2.142766 -31.280476 10.801019
v -2.386481 -31.244980 10.659912
v -2.673117 -29.133976 10.566074
v -2.499759 -31.225094 10.579549
v -2.708365 -31.182356 10.401830
v -3.515523 -14.431715 10.483784
v -3.118501 -29.005486 10.033111
v -3.522686 -28.839535 9.175619
v -3.473013 -30.947346 9.165915
v -3.599742 -30.891245 8.793051
v -3.767046 -28.680531 8.187741
v -3.727633 -30.808674 8.202039
v -3.809712 -28.586967 7.563610
v -3.760850 -30.767813 7.897431
v -3.643423 -28.398720 6.335084
v -3.598820 -30.562901 6.387648
v -3.355224 -30.462791 5.742406
v -3.034815 -30.357153 5.166505
v -2.885989 -30.315269 4.970992
v -2.716954 -30.273655 4.789839
v -2.591536 -28.021248 4.494269
v -2.375614 -27.979240 4.337948
v -2.424516 -30.214863 4.549314
v -2.235593 -27.956642 4.255417
v -2.181600 -30.177361 4.402311
v -2.316978 -30.197065 4.479087
v -1.777457 -27.904182 4.066518
v -1.892977 -30.144369 4.275579
v -1.282475 -27.879507 3.977001
v -1.305744 -25.189859 11.381061
v -1.671760 -25.174438 11.325858
v -1.445833 -29.285719 11.136091
v -1.613463 -29.277931 11.105855
v -2.060714 -29.238932 10.960581
v -2.324298 -29.202068 10.824030
v -2.690947 -25.023849 10.815980
v -2.563488 -29.158012 10.658360
v -2.911037 -24.962309 10.601346
v -2.805168 -24.993666 10.711536
v -2.960651 -29.057474 10.258912
v -3.042798 -29.031425 10.147964
v -3.177707 -24.864883 10.243802
v -3.312615 -20.698341 10.339641
v -3.798925 -28.633678 7.876891
v -3.874860 -24.248095 7.184934
v -3.409643 -28.283932 5.670478
v -3.101189 -28.162804 5.069918
v -2.784682 -28.067059 4.670683
v -2.610084 -23.569218 4.141422
v -2.720446 -23.596340 4.233222
v -2.492887 -23.543591 4.055671
v -2.088601 -27.936403 4.182218
v -1.935577 -27.918818 4.119027
v -1.533835 -21.082716 11.584304
v -1.730057 -21.070946 11.545863
v -1.489834 -25.184216 11.360198
v -2.300230 -25.103590 11.086582
v -2.818406 -20.889685 10.973601
v -3.233693 -20.737717 10.474948
v -3.250342 -24.832308 10.117201
v -3.924698 -20.167957 8.130549
v -3.924313 -19.885113 6.783740
v -3.821836 -19.741995 6.124833
v -3.797708 -24.130074 6.542606
v -3.733400 -19.656118 5.748626
v -3.635268 -23.999012 5.872022
v -3.385559 -23.851475 5.194466
v -3.506580 -19.478533 5.027548
v -3.366688 -19.385401 4.683572
v -3.009206 -23.683674 4.538420
v -2.920140 -23.653870 4.432372
v -2.343578 -23.515215 3.961628
v -2.451563 -19.073786 3.667839
v -2.105978 -19.016611 3.492819
v -1.673710 -23.434963 3.698979
v -1.335336 -21.089506 11.607546
v -1.788353 -16.967451 11.765866
v -1.922264 -21.054155 11.492229
v -2.089269 -21.034931 11.431569
v -2.937220 -20.853352 10.856999
v -3.370214 -16.577839 10.582966
v -3.144992 -20.776922 10.606708
v -3.382183 -20.659132 10.201292
v -3.496729 -20.582409 9.917479
v -3.709861 -16.309099 9.669106
v -3.870735 -14.070351 9.243621
v -3.766164 -14.194372 9.690802
v -4.027372 -15.828872 7.753653
v -4.035442 -15.746321 7.403877
v -3.951223 -20.097141 7.794732
v -3.736154 -15.210768 5.238906
v -3.627317 -19.568489 5.382764
v -3.441428 -19.432489 4.854031
v -3.145952 -19.276558 4.311650
v -3.191055 -14.827492 3.955748
v -2.727432 -14.672291 3.491116
v -2.380230 -14.596587 3.269841
v -2.559548 -14.632357 3.374050
v -1.921884 -18.994488 3.425440
v -1.342769 -18.957191 3.311656
v -1.577836 -16.981213 11.808411
v -1.364929 -16.989155 11.834031
v -2.030863 -14.874631 11.814507
v -1.994429 -16.947823 11.706385
v -2.811301 -16.795815 11.252418
v -3.069272 -16.713039 11.002461
v -3.281601 -16.623676 10.727172
v -3.447524 -16.531803 10.435478
v -3.514024 -16.485956 10.285382
v -3.580466 -14.382845 10.327761
v -3.911705 -16.078993 8.788191
v -4.006548 -13.859781 8.439510
v -4.047865 -11.751699 8.431825
v -3.920040 -11.978144 9.253254
v -4.177897 -3.439976 8.784043
v -4.213128 -3.319623 8.401085
v -4.395524 5.254717 7.959745
v -4.552111 13.709766 7.902940
v -4.409626 5.539066 7.139095
v -4.003178 -15.580967 6.705840
v -4.005989 -13.330356 6.314835
v -3.911043 -15.413631 6.019708
v -3.627602 -15.105591 4.860631
v -3.364408 -14.911827 4.217402
v -2.428884 -12.371036 3.117624
v -1.583011 -14.504889 3.004452
v -1.159480 -14.919915 11.957527
v -1.453307 -4.743513 12.510426
v -1.709244 -4.732139 12.477700
v -2.078260 3.439100 12.859940
v -1.796652 3.415433 12.922884
v -1.962455 -4.712429 12.422905
v -1.167091 -12.892880 12.069838
v -1.621820 -12.881250 12.032433
v -1.600059 -14.909762 11.921595
v -1.846628 -12.865471 11.985789
v -2.257132 -12.817225 11.846413
v -1.817791 -14.895344 11.876960
v -3.740726 -12.211277 10.042412
v -3.680217 -14.287234 10.011430
v -3.821619 -12.111469 9.712171
v -3.844978 -10.853568 5.095067
v -3.107168 -10.321890 3.450098
v -3.875408 16.048409 1.894384
v -1.394511 -12.890368 12.060430
v -2.440467 -12.786503 11.758457
v -3.005846 -4.520410 11.903172
v -3.201281 -12.574064 11.147876
v -3.907764 -4.022831 10.536519
v -4.117412 -3.602800 9.291817
v -4.000816 -11.847940 8.786802
v -4.406061 5.397103 7.549364
v -4.110671 -11.466933 7.350643
v -4.260156 -2.963519 7.244864
v -4.082029 -11.277555 6.627954
v -4.061194 -2.196499 4.809279
v -4.159596 6.828181 3.529755
v -3.949800 -1.968759 4.138224
v -3.632175 -10.608401 4.297244
v -3.696463 -10.671454 4.494931
v -3.748610 -10.733110 4.693730
v -3.595598 -1.647570 3.244033
v -2.882043 -1.368095 2.496654
v -2.844700 -10.236864 3.208853
v -2.445630 -1.272354 2.244635
v -2.817719 3.557629 12.551082
v -2.629110 -4.613715 12.154804
v -3.232003 3.669663 12.261262
v -3.173791 -4.466609 11.757993
v -3.960952 4.030284 11.326243
v -4.169664 4.267120 10.703564
v -4.431564 12.557070 10.870609
v -4.118422 4.188281 10.912075
v -4.692546 20.709122 10.996088
v -4.265781 4.571261 9.883324
v -4.354958 4.966971 8.781284
v -4.543615 13.542585 8.339612
v -4.532017 13.373918 8.778526
v -4.314759 4.771462 9.330375
v -4.487846 12.912055 9.968894
v -4.705793 21.604891 8.824420
v -4.378371 5.111481 8.370349
v -4.378146 5.966666 5.907852
v -4.212789 -2.607402 6.088683
v -4.354665 6.111188 5.496921
v -4.319536 6.283856 5.011588
v -3.750101 7.189863 2.588647
v -3.864683 7.119164 2.770630
v -3.363253 -1.531612 2.931516
v -2.353213 7.614181 1.510871
v -1.884059 11.563005 13.368068
v -3.006329 11.728972 12.947359
v -3.032227 3.610564 12.414067
v -3.240761 11.790757 12.792246
v -3.725961 3.876607 11.725840
v -3.988280 12.101274 12.014797
v -3.853190 3.952495 11.528824
v -4.386416 12.465052 11.102455
v -4.467907 12.737127 10.414750
v -4.225525 4.421388 10.290644
v -4.512107 13.145725 9.368932
v -4.514472 14.910950 4.766465
v -4.234371 15.801707 2.506687
v -3.718475 16.125025 1.705094
v -3.056755 16.349365 1.153291
v -3.096554 7.454738 1.913047
v -2.496664 16.463669 0.874125
v -2.784130 16.411747 1.000683
v -1.891922 16.533419 0.705618
v -1.090732 -46.540489 10.081727
v -1.782467 -47.165520 9.811940
v -2.417472 -49.001556 8.645269
v -2.337620 -49.600555 8.321036
v -2.441759 -49.301872 8.364172
v -2.198820 -50.193047 7.656675
v -1.546423 -51.358509 7.418278
v -1.094371 -52.215523 7.625064
v -0.979107 -45.322098 10.272996
v -1.369900 -45.322071 10.247963
v -1.735103 -45.321777 10.167390
v -2.549751 -45.908958 9.643160
v -2.635993 -45.321640 9.676721
v -2.910006 -45.323441 9.403822
v -3.480148 -45.323959 8.188834
v -3.428971 -45.908958 7.931465
v -3.182972 -47.165520 7.559745
v -3.119237 -47.165520 7.209471
v -2.294601 -48.699615 6.574929
v -1.955173 -49.301872 6.548208
v -0.859616 -50.486851 6.724657
v -0.660183 -51.358509 7.241994
v -0.871034 -52.215523 7.686870
v -1.094308 -45.908958 10.190950
v -1.465762 -46.540489 10.038583
v -1.828755 -46.540489 9.934925
v -2.188224 -48.396053 9.202638
v -2.540789 -49.001556 8.405191
v -2.322006 -49.897614 7.644543
v -1.980742 -50.486851 7.335756
v -1.587995 -51.069584 7.236738
v -1.170974 -51.931480 7.481750
v -1.121408 -51.931480 7.460263
v -1.069173 -52.215523 7.614141
v -1.042532 -52.215523 7.607468
v -2.397060 -47.165520 9.457106
v -2.098530 -50.193047 7.282388
v -1.404125 -51.358509 7.266348
v -1.492948 -51.069584 7.150592
v -1.244969 -51.645809 7.343315
v -1.015161 -52.215523 7.605224
v -2.224655 -45.908958 9.868162
v -2.537462 -47.784039 9.108278
v -2.634708 -48.699615 8.444095
v -2.555994 -49.301872 7.874248
v -2.439688 -49.600555 7.632953
v -1.690451 -50.779034 7.140778
v -1.788870 -50.486851 7.048598
v -1.385137 -51.069584 7.081079
v -1.220542 -51.358509 7.168221
v -1.171864 -51.645809 7.311623
v -1.094573 -51.645809 7.292263
v -1.069003 -51.931480 7.447137
v -1.015161 -51.931480 7.442721
v -2.364260 -45.322311 9.877965
v -2.734598 -47.784039 8.842471
v -2.723516 -48.396053 8.480880
v -2.885803 -47.784039 8.548101
v -2.722353 -48.699615 8.171317
v -2.764392 -48.699615 7.887907
v -2.658537 -49.001556 7.611398
v -2.397806 -49.600555 7.402778
v -2.318989 -49.600555 7.182499
v -2.211278 -49.897614 7.231302
v -1.451310 -50.779034 6.957278
v -2.751691 -46.540489 9.296152
v -2.864978 -47.165520 8.923547
v -3.027648 -47.165520 8.606855
v -2.987036 -47.784039 8.233032
v -2.759705 -48.699615 7.601434
v -2.610221 -49.001556 7.345861
v -1.015161 -51.358509 7.134313
v -0.943629 -51.645809 7.291028
v -3.136558 -47.165520 8.267897
v -3.035594 -47.784039 7.905683
v -2.855367 -48.396053 7.592011
v -2.708414 -48.699615 7.319551
v -2.421661 -49.301872 7.135979
v -2.299064 -49.301872 6.915376
v -0.873645 -51.645809 7.306743
v -0.873839 -51.931480 7.474456
v -3.069372 -45.908958 9.050647
v -3.250016 -45.908958 8.698963
v -3.264532 -46.540489 8.297736
v -2.142173 -49.301872 6.717694
v -1.355910 -50.486851 6.769442
v -1.187842 -50.486851 6.727343
v -1.015161 -50.779034 6.848028
v -0.806726 -51.645809 7.332557
v -3.512443 -45.319504 7.650133
v -3.423746 -45.324760 7.104601
v -3.351725 -45.908958 7.147176
v -3.218531 -45.908958 6.774922
v -3.026472 -45.908958 6.429330
v -2.341226 -47.165520 6.045094
v -2.247761 -47.784039 6.166900
v -1.609538 -48.396053 6.022277
v -1.284155 -49.001556 6.143984
v -0.788588 -49.301872 6.245830
v -0.453709 -49.897614 6.586165
v -0.341971 -51.069584 7.369761
v -3.422502 -45.908958 7.536154
v -3.313746 -46.540489 7.546865
v -2.859449 -47.784039 6.937620
v -2.999296 -47.165520 6.874256
v -2.364760 -48.396053 6.509218
v -1.793591 -49.001556 6.316915
v -1.015161 -50.193047 6.583870
v -0.679593 -51.069584 7.063759
v -0.619575 -50.779034 6.936860
v -0.687773 -51.645809 7.412039
v -0.638314 -51.645809 7.463986
v -3.118990 -46.540489 6.820024
v -2.492966 -47.784039 6.389140
v -0.488087 -51.069584 7.191720
v -0.731652 -51.931480 7.603327
v -0.852163 -52.215523 7.732428
v -2.780694 -45.908958 6.119654
v -2.762746 -45.322327 5.985575
v -2.615910 -45.321312 5.852818
v -2.155464 -45.908958 5.639898
v -1.973451 -45.322056 5.464208
v -1.761289 -45.321712 5.387145
v -1.792719 -45.908958 5.482642
v -1.409203 -45.908958 5.386576
v -0.027633 -46.540489 5.685305
v 0.195038 -47.165520 5.962066
v 0.414221 -48.396053 6.600193
v 0.488425 -48.699615 6.872042
v 0.172793 -50.193047 7.831616
v -0.017056 -50.486851 8.130383
v -0.199183 -50.779034 8.209405
v -0.501956 -51.358509 8.153874
v -0.966383 -52.215523 7.934053
v -2.879341 -45.323479 6.107725
v -2.700933 -46.540489 6.194358
v -1.015161 -48.699615 6.020271
v -0.772861 -49.001556 6.139801
v -0.285603 -49.897614 6.681396
v -0.216418 -50.193047 6.891979
v -1.316372 -48.396053 5.948843
v -0.757944 -48.699615 6.039245
v -0.403150 -49.600555 6.479268
v -0.095753 -50.193047 7.018718
v -0.105906 -50.486851 7.228270
v -0.395365 -51.358509 7.618006
v -0.253830 -51.069584 7.582553
v -0.379294 -51.358509 7.710629
v -0.690977 -51.931480 7.837740
v -1.015161 -47.165520 5.594955
v -0.478392 -48.396053 6.003767
v 0.093803 -49.001556 6.549703
v 0.111182 -49.897614 7.098152
v 0.138581 -50.193047 7.484259
v 0.013143 -50.486851 7.515679
v 0.039807 -50.486851 7.669351
v -0.091048 -50.779034 7.818655
v -0.413567 -51.358509 7.988510
v -0.749673 -51.931480 7.970155
v -1.015161 -45.908958 5.354266
v -0.695538 -47.165520 5.618532
v -0.224564 -48.396053 6.101680
v -0.041254 -48.699615 6.315702
v 0.162072 -48.699615 6.474380
v 0.212609 -49.600555 7.037359
v 0.307299 -49.600555 7.225475
v 0.043635 -50.486851 7.825272
v -0.107711 -50.779034 7.953759
v -0.585220 -51.645809 8.003064
v -0.623593 -51.645809 8.063663
v -0.781437 -51.931480 8.006979
v 0.550006 -47.784039 6.488757
v 0.604386 -48.699615 7.102418
v 0.482703 -49.301872 7.398061
v 0.586679 -49.001556 7.372016
v 0.414535 -49.600555 7.843493
v 0.151372 -50.193047 8.005294
v -0.080260 -50.486851 8.272971
v -0.272011 -50.779034 8.324413
v -0.731200 -51.645809 8.169522
v -0.868987 -51.931480 8.069713
v -0.919212 -51.931480 8.089558
v 0.019091 -45.908958 5.586515
v 0.328758 -45.908958 5.761940
v 0.668688 -47.165520 6.391356
v 0.693195 -48.396053 7.065632
v 0.521543 -49.301872 7.621903
v 0.628216 -49.001556 7.611398
v 0.527119 -49.301872 7.849023
v 0.388755 -49.600555 8.052512
v 0.033784 -50.193047 8.333929
v -0.163702 -50.486851 8.404740
v -0.360926 -50.779034 8.427490
v -0.642990 -51.358509 8.292620
v -0.732633 -51.358509 8.346342
v -0.993228 -52.215523 7.939852
v -0.972017 -51.931480 8.100963
v 0.770268 -46.540489 6.307993
v 0.685290 -48.699615 7.347316
v 0.634178 -49.001556 7.854282
v 0.142951 -49.897614 8.392280
v -0.476236 -50.779034 8.525324
v -0.668137 -51.069584 8.477221
v -0.951528 -51.645809 8.256590
v 0.751474 -45.322456 6.004420
v 0.997327 -47.165520 6.939656
v 0.825046 -48.396053 7.592011
v 0.438715 -49.301872 8.293461
v -0.174138 -50.193047 8.614279
v -0.787330 -51.069584 8.524312
v -0.829685 -51.358509 8.384687
v -0.931762 -51.358509 8.406734
v 0.854743 -45.908958 6.238666
v 0.965942 -46.540489 6.585829
v 0.948928 -47.784039 7.281278
v 1.097859 -47.165520 7.243972
v 0.999858 -47.784039 7.574794
v 0.735713 -48.699615 7.859271
v 0.704141 -48.699615 8.115246
v 0.539637 -49.001556 8.329572
v 0.247239 -49.600555 8.448023
v -0.322370 -50.193047 8.740045
v -0.606095 -50.779034 8.603143
v -0.546505 -50.486851 8.724107
v -0.912717 -51.069584 8.551393
v 1.156652 -45.320793 6.534699
v 1.225328 -46.540489 7.212043
v 1.152651 -47.165520 7.559745
v 0.134566 -49.600555 8.625952
v 0.225104 -49.301872 8.693099
v -0.707438 -50.486851 8.787683
v -0.894394 -50.779034 8.690568
v -1.000472 -50.790665 8.692868
v 1.219694 -45.908958 6.847549
v 1.331335 -45.908958 7.185490
v 1.400915 -45.908958 7.891951
v 1.480979 -45.319923 7.916804
v 1.357349 -45.908958 8.245177
v 1.159531 -46.540489 8.551373
v 0.905929 -47.165520 8.800100
v -0.285339 -49.001556 9.254555
v -0.828323 -49.600555 9.192430
v -0.859915 -50.193047 8.952467
v -0.876793 -50.486851 8.824260
v -0.489369 -50.193047 8.840113
v -0.250269 -49.897614 8.840661
v -0.115734 -49.301872 9.028405
v -0.053299 -49.001556 9.115533
v 0.725859 -48.396053 8.396203
v 0.311198 -49.001556 8.756951
v 1.392181 -45.908958 7.536154
v 0.891248 -47.784039 8.455380
v 0.392850 -48.699615 8.817508
v 0.076711 -49.301872 8.865128
v -0.181391 -49.600555 8.936781
v 1.262425 -45.908958 8.588189
v 0.695323 -45.908958 9.483740
v 0.330193 -46.540489 9.650694
v -0.786350 -48.699615 9.511244
v -0.988921 -49.025593 9.416019
v -0.813610 -49.301872 9.304185
v 1.366608 -45.323643 8.532359
v 0.734467 -47.165520 9.070868
v 0.005914 -48.699615 9.198164
v -0.535805 -49.001556 9.353478
v 1.287443 -45.320671 8.747362
v 0.840014 -46.540489 9.149147
v 0.416567 -47.784039 9.204984
v -0.506296 -48.699615 9.450758
v 0.695540 -45.322117 9.596301
v -0.052795 -47.165520 9.727443
v 0.005133 -46.540489 9.845392
v -0.382833 -47.165520 9.857759
v -0.427401 -47.784039 9.710838
v -0.773803 -48.396053 9.606547
v 0.393847 -45.908958 9.739523
v 0.053275 -45.908958 9.943499
v 0.088922 -45.322266 10.016223
v -0.977479 -46.269642 10.132380
v -0.730835 -47.165520 9.932920
v -0.750875 -47.784039 9.780702
v -0.344688 -46.540489 9.983508
v -0.699419 -45.908958 10.171551
v -0.994304 -49.915352 9.079001
v -1.036066 -51.358509 8.411858
v -1.045433 -50.779034 8.697989
v -1.247198 -50.193047 8.939789
v -1.687664 -50.486851 8.592703
v -1.769699 -50.193047 8.692664
v -2.025190 -50.193047 8.401333
v -2.047541 -50.486851 8.013973
v -2.070129 -50.486851 7.669351
v -2.072963 -50.486851 7.842588
v -1.908862 -50.779034 7.533790
v -1.065683 -49.301872 9.316568
v -1.069191 -49.001556 9.423699
v -0.984323 -48.121391 9.703921
v -1.891653 -48.699615 9.291386
v -2.127243 -48.699615 9.128331
v -2.256695 -49.001556 8.862052
v -1.666510 -48.396053 9.503850
v -1.939716 -48.396053 9.374633
v -1.728385 -47.784039 9.668249
v -1.117453 -52.215523 7.639947
v -1.256406 -51.931480 7.547305
v -1.730053 -51.069584 7.449343
v -1.486054 -51.645809 7.647080
v -1.796233 -51.069584 7.696327
v -1.798332 -51.069584 7.824588
v -1.334432 -51.931480 7.687707
v -1.177468 -52.215523 7.729766
v -1.740269 -51.069584 8.073606
v -1.915377 -50.486851 8.333046
v -1.812165 -50.486851 8.472211
v -1.182834 -52.215523 7.784245
v -1.170403 -52.215523 7.837560
v -1.295851 -51.931480 7.947801
v -1.477775 -50.779034 8.574527
v -1.015161 -52.497944 7.773256
v -1.141494 -52.215523 7.884048
v -1.224849 -51.931480 8.028763
v -1.168278 -51.069584 8.543027
v -1.049845 -50.486851 8.832761
v -1.221971 -50.486851 8.812960
v -1.131591 -51.931480 8.082605
v -1.040840 -51.069584 8.557687
v -1.139812 -51.358509 8.399922
v -1.047942 -52.215523 7.938061
v -1.110268 -51.645809 8.251393
v -1.031111 -51.645809 8.260500
v -0.940846 -52.215523 7.923963
v -0.322984 -51.069584 8.143232
v -0.276189 -51.069584 8.037664
v 0.024543 -50.486851 7.980065
v 0.168498 -50.193047 7.656675
v 0.258654 -49.897614 7.454182
v 0.411438 -49.301872 7.182340
v 0.309292 -49.301872 6.979410
v 0.401230 -49.001556 6.924304
v 0.109740 -47.784039 6.089723
v -0.660221 -45.908958 5.380448
v -0.917285 -52.215523 7.909842
v -0.896343 -52.215523 7.892074
v -0.880195 -52.215523 7.873353
v -0.556153 -51.645809 7.937491
v -0.231255 -51.069584 7.811767
v -0.000068 -49.897614 6.940190
v -0.309127 -49.001556 6.280474
v -0.743840 -48.396053 5.944160
v -0.718065 -47.784039 5.770403
v -1.391402 -46.540489 5.494398
v -1.757592 -46.540489 5.586124
v -0.850356 -52.215523 7.806038
v -0.847330 -52.215523 7.781501
v -0.521250 -51.358509 7.367914
v -0.669900 -50.193047 6.635084
v -1.015161 -49.600555 6.341836
v -1.545963 -49.001556 6.209564
v -1.841512 -48.699615 6.227262
v -2.140828 -48.396053 6.306258
v -2.935608 -46.540489 6.490045
v -0.885270 -52.215523 7.666657
v -0.902317 -52.215523 7.648752
v -0.831526 -51.931480 7.498426
v -0.787330 -51.069584 7.022200
v -0.879402 -50.779034 6.858043
v -3.030179 -47.784039 7.574794
v -3.188797 -47.165520 7.915724
v -3.319923 -46.540489 7.924318
v -3.370959 -45.908958 8.322551
v -0.966383 -52.215523 7.612458
v -0.990505 -52.215523 7.607041
v -1.015161 -46.540489 5.463549
v -0.676256 -46.540489 5.488547
v -1.344986 -47.784039 5.775532
v -1.715352 -47.165520 5.710558
v -1.369996 -47.165520 5.624050
v -2.103949 -46.540489 5.736276
v -2.487748 -45.908958 5.854142
v -1.015161 -48.396053 5.924146
v -0.506296 -48.699615 6.095754
v -0.535805 -49.001556 6.193034
v -0.157283 -49.301872 6.489351
v -0.219906 -49.600555 6.583074
v -0.133290 -49.897614 6.800262
v -0.053878 -49.600555 6.712644
v -0.160362 -50.779034 7.419187
v -0.117661 -50.779034 7.548444
v -0.376987 -51.358509 7.804607
v -0.537023 -51.645809 7.868363
v -0.703948 -51.931480 7.884610
v -1.015161 -49.001556 6.121928
v -1.015161 -49.301872 6.229116
v -0.805128 -49.600555 6.357329
v -1.015161 -49.897614 6.460088
v -0.840641 -50.193047 6.596743
v -1.208906 -50.193047 6.599756
v -1.015161 -50.486851 6.713183
v -1.015161 -51.069584 6.988405
v -1.119242 -51.358509 7.142846
v -0.966661 -51.931480 7.446299
v -1.015161 -51.645809 7.285751
v 1.291765 -46.540489 7.886588
v 1.250167 -46.540489 8.223858
v 1.035805 -47.165520 8.507103
v 1.121285 -47.165520 8.198221
v -0.866969 -52.215523 7.852467
v -1.487082 -45.908958 10.145765
v -0.980509 -47.202740 9.942709
v -1.440126 -47.165520 9.909701
v -1.075662 -48.396053 9.621377
v -1.081409 -47.784039 9.796940
v -1.086433 -47.165520 9.950390
v -1.357151 -48.699615 9.492558
v -1.316407 -49.301872 9.287724
v -1.054076 -50.193047 8.962006
v -1.058126 -49.897614 9.085722
v -1.061995 -49.600555 9.203910
v -1.072517 -48.699615 9.525303
v -1.007424 -51.651527 8.257620
v -1.025975 -51.931480 8.103614
v -1.020658 -52.215523 7.941198
v -1.867250 -45.908958 10.037203
v -1.375904 -48.396053 9.586837
v -1.410173 -47.784039 9.759119
v -1.337319 -49.001556 9.392854
v -1.294417 -49.600555 9.177172
v -1.271347 -49.897614 9.061193
v -1.341072 -50.779034 8.639182
v -1.195664 -50.779034 8.680706
v -1.291625 -51.069584 8.507803
v -1.240229 -51.358509 8.371247
v -1.186884 -51.645809 8.229515
v -1.258913 -51.645809 8.195448
v -1.079645 -51.931480 8.097439
v -1.074350 -52.215523 7.930519
v -1.099177 -52.215523 7.918777
v -2.170015 -46.540489 9.773521
v -2.104311 -47.165520 9.659719
v -1.632650 -48.699615 9.413885
v -1.596841 -49.001556 9.318744
v -1.671745 -49.897614 8.910494
v -1.477724 -49.897614 9.002258
v -1.787230 -49.301872 9.110519
v -1.559084 -49.301872 9.218425
v -1.519378 -49.600555 9.112930
v -1.388571 -50.486851 8.765385
v -1.545197 -50.486851 8.691306
v -1.434122 -50.193047 8.886410
v -1.602119 -50.779034 8.488466
v -1.407586 -51.069584 8.452957
v -2.480424 -46.540489 9.558684
v -2.027545 -47.784039 9.526757
v -2.062752 -49.001556 9.049749
v -1.840825 -49.001556 9.203348
v -1.994752 -49.301872 8.966892
v -1.923244 -49.600555 8.879759
v -1.848226 -49.897614 8.788349
v -1.609854 -50.193047 8.803295
v -1.730870 -49.600555 9.012901
v -1.420502 -51.358509 8.267166
v -1.334633 -51.358509 8.326597
v -1.381686 -51.645809 8.094690
v -1.324430 -51.645809 8.150103
v -1.121760 -52.215523 7.903147
v -1.180428 -51.931480 8.059507
v -2.652894 -47.165520 9.209509
v -2.299660 -47.784039 9.338423
v -2.091359 -49.600555 8.717056
v -2.228370 -49.897614 8.275784
v -2.114010 -50.193047 8.228415
v -2.002453 -49.897614 8.639088
v -1.909389 -50.193047 8.557472
v -1.710783 -50.779034 8.383301
v -1.800866 -50.779034 8.261839
v -1.681658 -51.069584 8.187711
v -1.605243 -51.069584 8.290744
v -1.513065 -51.069584 8.379954
v -1.495544 -51.358509 8.194541
v -1.429151 -51.645809 8.030691
v -2.833853 -45.908958 9.368207
v -2.405396 -48.396053 8.992459
v -2.176106 -49.301872 8.791378
v -2.326447 -49.301872 8.588666
v -2.202000 -50.193047 7.851046
v -2.173476 -50.193047 8.043337
v -2.333124 -48.699615 8.929079
v -2.130306 -49.897614 8.466699
v -1.263670 -51.931480 7.991193
v -1.157855 -52.215523 7.861989
v -3.149052 -46.540489 8.657143
v -2.976570 -46.540489 8.992938
v -2.585430 -48.396053 8.749712
v -2.503799 -48.699615 8.698951
v -2.230726 -49.600555 8.529142
v -1.994540 -50.486851 8.178928
v -1.779509 -51.069584 7.951477
v -1.869960 -50.779034 8.127325
v -1.605468 -51.358509 8.017769
v -1.637413 -51.358509 7.918344
v -1.320535 -51.931480 7.899746
v -1.557753 -51.358509 8.110662
v -1.465556 -51.645809 7.959816
v -1.178804 -52.215523 7.811413
v -2.623351 -49.001556 8.148233
v -2.518963 -49.301872 8.123894
v -2.409187 -49.600555 8.098297
v -2.815967 -48.396053 8.193145
v -2.662953 -49.001556 7.881258
v -2.443516 -49.600555 7.866876
v -2.294025 -49.897614 8.071445
v -2.325518 -49.897614 7.859141
v -1.935933 -50.779034 7.682568
v -1.938407 -50.779034 7.833769
v -1.916219 -50.779034 7.983354
v -1.652736 -51.358509 7.815045
v -1.500318 -51.645809 7.725472
v -1.337061 -51.931480 7.848312
v -1.489930 -51.645809 7.883957
v -1.501622 -51.645809 7.805140
v -1.344987 -51.931480 7.794874
v -2.860312 -48.396053 7.894194
v -2.551865 -49.301872 7.621903
v -3.246167 -46.540489 7.175460
v -2.970937 -47.784039 7.249207
v -2.801265 -48.396053 7.294671
v -2.506685 -49.301872 7.373604
v -2.283584 -49.897614 7.433383
v -2.039112 -50.486851 7.498889
v -2.164020 -50.193047 7.465420
v -1.651028 -51.358509 7.710629
v -1.773269 -51.069584 7.570122
v -1.632333 -51.358509 7.607885
v -1.168216 -52.215523 7.703908
v -1.182384 -52.215523 7.756786
v -1.344104 -51.931480 7.740858
v -2.611891 -48.699615 7.049787
v -2.519295 -49.001556 7.091742
v -1.857917 -50.779034 7.391408
v -2.826348 -47.165520 6.563051
v -2.698691 -47.784039 6.648351
v -2.472712 -48.699615 6.799347
v -2.552638 -48.396053 6.745941
v -2.699449 -48.396053 7.010115
v -2.205341 -49.600555 6.978000
v -1.667740 -51.069584 7.337215
v -1.597151 -51.358509 7.509560
v -1.459211 -51.645809 7.572060
v -1.289990 -51.931480 7.589621
v -1.154875 -52.215523 7.679902
v -1.316233 -51.931480 7.636842
v -2.220406 -49.001556 6.644421
v -2.388188 -49.001556 6.855824
v -2.059902 -49.600555 6.794748
v -2.107019 -49.897614 7.043697
v -2.004098 -50.193047 7.112467
v -1.883251 -50.193047 6.960201
v -1.896578 -50.486851 7.184310
v -1.784459 -50.779034 7.259226
v -1.420506 -51.645809 7.502413
v -1.481503 -51.358509 7.336479
v -2.605024 -47.165520 6.284186
v -2.421221 -46.540489 5.940842
v -2.020425 -49.001556 6.463170
v -2.082310 -48.699615 6.382520
v -1.814567 -49.897614 6.731449
v -1.886554 -49.600555 6.637634
v -1.973595 -49.897614 6.875584
v -1.739213 -50.193047 6.829652
v -1.578404 -50.779034 7.039224
v -1.311935 -51.645809 7.386493
v -1.370973 -51.645809 7.440001
v -1.137802 -52.215523 7.658390
v -1.969630 -47.784039 5.987570
v -1.575833 -50.193047 6.724311
v -1.660492 -50.486851 6.932244
v -1.514875 -50.486851 6.838356
v -1.316357 -51.358509 7.209758
v -1.216377 -51.931480 7.511025
v -2.042005 -47.165520 5.852166
v -1.666001 -47.784039 5.855942
v -1.886825 -48.396053 6.142486
v -1.475276 -49.600555 6.417802
v -1.743063 -49.301872 6.411447
v -1.634184 -49.897614 6.615145
v -1.689927 -49.600555 6.510857
v -1.397476 -50.193047 6.646990
v -1.312565 -50.779034 6.897130
v -1.267443 -51.069584 7.030057
v -1.300714 -48.699615 6.043685
v -1.578639 -48.699615 6.113302
v -1.248332 -49.600555 6.360955
v -1.511508 -49.301872 6.311064
v -1.266694 -49.301872 6.249742
v -1.229070 -49.897614 6.477627
v -1.437265 -49.897614 6.529777
v -1.165876 -50.779034 6.860386
v -1.143009 -51.069584 6.998888
v -1.015161 -47.784039 5.748487
v -0.566921 -49.301872 6.295607
v -0.599641 -49.600555 6.403473
v -0.822479 -49.897614 6.474300
v -0.633968 -49.897614 6.516632
v -0.899999 -51.069584 6.996900
v -0.746581 -50.779034 6.887869
v -0.921408 -51.358509 7.141228
v -0.919212 -51.931480 7.456954
v -0.382833 -47.165520 5.688752
v -0.344688 -46.540489 5.563004
v -0.312965 -45.908958 5.458427
v -0.427401 -47.784039 5.835673
v -0.149461 -47.784039 5.942887
v -0.265663 -48.699615 6.188577
v -0.354956 -49.301872 6.377371
v -0.707438 -50.486851 6.758830
v -0.561921 -50.486851 6.814961
v -0.829685 -51.358509 7.161825
v -0.943317 -52.215523 7.621356
v -0.083817 -47.165520 5.804095
v 0.268044 -46.540489 5.852804
v -0.097732 -49.001556 6.400227
v -0.506632 -50.193047 6.698064
v -0.354373 -50.193047 6.784317
v -0.501132 -50.779034 7.003958
v -0.744318 -51.645809 7.367910
v -0.741977 -51.358509 7.195658
v -0.921807 -52.215523 7.633542
v 0.609333 -45.908958 5.980903
v 0.012150 -48.396053 6.235777
v 0.447697 -47.165520 6.159242
v 0.021820 -49.301872 6.629124
v -0.303259 -50.486851 6.987794
v -0.393816 -50.779034 7.087708
v -0.426216 -50.486851 6.891838
v -0.579121 -51.069584 7.120676
v 0.535944 -46.540489 6.061875
v 0.226626 -48.396053 6.403155
v 0.344591 -47.784039 6.273002
v 0.178475 -49.301872 6.793664
v -0.299950 -50.779034 7.186298
v -0.408462 -51.069584 7.275352
v -0.586072 -51.358509 7.299829
v -0.793187 -51.931480 7.528346
v 1.059676 -45.908958 6.529647
v 0.853230 -47.165520 6.653386
v 0.721541 -47.784039 6.732317
v 0.261333 -49.001556 6.725665
v 0.339915 -48.699615 6.661174
v 0.570875 -48.396053 6.822623
v 0.091342 -49.600555 6.865173
v 0.005010 -50.193047 7.161789
v -0.195713 -50.486851 7.100753
v -0.221566 -50.779034 7.297594
v -0.759654 -51.931480 7.563567
v 1.118731 -46.540489 6.889369
v -0.290053 -51.069584 7.472906
v -0.597014 -51.645809 7.522629
v -0.467120 -51.358509 7.444773
v -0.859919 -52.215523 7.708953
v 0.855481 -47.784039 6.998411
v 0.373361 -49.600555 7.425449
v 0.510467 -49.001556 7.141320
v 0.198049 -49.897614 7.270728
v -0.035781 -50.486851 7.367583
v 0.083689 -50.193047 7.318097
v -0.424854 -51.358509 7.528743
v -0.694532 -51.931480 7.692943
v -0.709787 -51.931480 7.646766
v -0.542266 -51.645809 7.654802
v -0.564765 -51.645809 7.586696
v 0.729383 -48.699615 7.601434
v 0.778535 -48.396053 7.323958
v 0.409366 -49.600555 7.632953
v -0.094388 -50.779034 7.682568
v -0.847937 -52.215523 7.756786
v 1.283425 -46.540489 7.546865
v 0.291685 -49.897614 7.644543
v -0.234089 -51.069584 7.696327
v -0.530003 -51.645809 7.725472
v -0.528243 -51.645809 7.797176
v -0.686218 -51.931480 7.740858
v -0.685024 -51.931480 7.789474
v -0.245390 -51.069584 7.926373
v -0.388494 -51.358509 7.897907
v 0.296426 -49.897614 7.837690
v 0.499309 -49.301872 8.074503
v 0.604437 -49.001556 8.095414
v 0.831723 -48.396053 7.863988
v 0.798420 -48.396053 8.134000
v 1.007169 -47.784039 7.872606
v 1.160516 -47.165520 7.880140
v 0.770526 -47.784039 8.727725
v 0.970702 -47.784039 8.168268
v 0.635352 -48.699615 8.363819
v 0.104699 -50.193047 8.173948
v 0.272776 -49.897614 8.029443
v -0.856950 -52.215523 7.829865
v 1.118198 -45.908958 8.913560
v 1.021820 -46.540489 8.862044
v 0.530834 -48.699615 8.599607
v 0.332584 -49.600555 8.255486
v 0.221246 -49.897614 8.215649
v -0.144018 -50.779034 8.084955
v -0.451663 -51.358509 8.074452
v 0.611149 -47.784039 8.979409
v 0.615609 -48.396053 8.644921
v 0.470059 -48.396053 8.874770
v 0.224387 -48.699615 9.012803
v 0.152504 -49.001556 8.940921
v 0.441180 -49.001556 8.551687
v 0.346649 -49.301872 8.501158
v 0.039586 -49.897614 8.555510
v -0.059837 -50.193047 8.481772
v -0.723655 -51.931480 7.929069
v 0.927790 -45.908958 9.214246
v 0.618049 -46.540489 9.406466
v 0.525131 -47.165520 9.313547
v 0.164222 -47.784039 9.419083
v -0.120515 -47.784039 9.589652
v -0.799619 -49.001556 9.410457
v 0.292358 -48.396053 9.080774
v -0.002994 -49.600555 8.785422
v -0.086610 -49.897614 8.701806
v -0.384762 -51.069584 8.240791
v -0.563359 -51.358509 8.225058
v 0.061905 -48.396053 9.276299
v -0.397692 -50.486851 8.634933
v -0.265576 -50.486851 8.522840
v -0.460187 -51.069584 8.328230
v -0.670443 -51.645809 8.117973
v -0.822632 -51.931480 8.041930
v 0.253651 -47.165520 9.543880
v -0.198028 -48.396053 9.432022
v -0.240459 -48.699615 9.345767
v -0.382451 -49.600555 9.057250
v -0.332670 -49.301872 9.158381
v -0.599641 -49.600555 9.143040
v -0.633968 -49.897614 9.029880
v -0.669900 -50.193047 8.911427
v -0.434684 -49.897614 8.951160
v -0.843758 -49.897614 9.075191
v -0.558002 -51.069584 8.411220
v -0.478392 -48.396053 9.542745
v -0.566921 -49.301872 9.250905
v -0.746581 -50.779034 8.658644
v -0.873645 -51.645809 8.239769
v -0.799583 -51.645809 8.210505
v -0.312965 -45.908958 10.088085
v -0.713683 -46.540489 10.063204
v 0.291260 29.456137 14.415935
v 0.452053 29.463083 14.400387
v 0.064363 30.086411 14.525521
v -0.035185 29.443914 14.442943
v -0.200529 29.438753 14.454130
v -0.367051 29.434284 14.463621
v -0.315957 28.783796 14.402312
v -0.452066 28.122892 14.364403
v -0.328289 26.161190 14.204031
v 0.001782 20.929976 13.776375
v 0.297295 20.976303 13.666443
v 0.459431 22.326237 13.673184
v -0.009331 24.880049 14.034378
v 0.219441 24.912655 13.957170
v -0.020549 27.499073 14.241156
v -2.041853 29.430328 14.459776
v -2.204974 29.433926 14.449741
v -2.366928 29.438192 14.438099
v -2.435625 30.079334 14.522603
v -2.999959 29.460962 14.377815
v -3.389281 28.872952 14.161500
v -3.889601 25.260489 13.080949
v -4.056375 24.056335 12.720765
v -4.098672 22.761833 12.580601
v -4.223149 22.852180 12.360581
v -4.123759 21.441481 12.503245
v -3.950864 22.675266 12.791645
v -3.172837 28.227303 14.089445
v -3.153903 29.467777 14.360059
v -3.239775 28.858261 14.198320
v -3.305911 29.474907 14.341555
v -3.876902 28.340929 13.808339
v -3.639441 27.066723 13.621224
v -3.676280 28.903618 14.084859
v -3.748625 28.317308 13.866628
v -3.692576 27.699577 13.725603
v -3.771461 27.105305 13.526627
v -3.893313 27.144695 13.430162
v -3.850346 26.511032 13.327652
v -3.722828 26.464643 13.441133
v -4.004424 27.184351 13.333135
v -4.008115 25.322485 12.929702
v -4.068185 26.606060 13.095534
v -4.195706 25.449482 12.620331
v -4.255035 24.213152 12.339004
v -4.578272 21.979742 11.194721
v -4.544413 21.867922 11.466077
v -4.165885 24.133940 12.531752
v -4.110346 25.385769 12.775468
v -4.323228 24.292900 12.145128
v -4.399724 23.040539 11.902540
v -4.481424 21.756847 11.735851
v -3.777969 23.909054 13.080046
v -3.269993 26.335857 13.756975
v -2.929328 28.830900 14.267142
v -2.844179 29.454533 14.394657
v -3.086389 28.844196 14.233644
v -4.187553 20.136747 12.387714
v -3.994504 20.031502 12.644406
v -3.097476 26.297787 13.850657
v -3.070444 24.990643 13.741699
v -2.915326 26.262806 13.936920
v -2.933147 27.558144 14.074573
v -2.768819 28.818501 14.298490
v -2.686671 29.448549 14.410424
v -2.605090 28.807133 14.327364
v -3.535797 21.174152 13.156035
v -3.153197 22.382839 13.506968
v -2.724315 26.231285 14.014867
v -2.837767 26.898888 14.034532
v -2.682649 28.171051 14.229753
v -2.509874 28.155508 14.268816
v -2.527547 29.443083 14.424955
v -3.296158 21.100023 13.337667
v -3.010236 23.665655 13.676267
v -2.581354 27.514099 14.184166
v -2.438393 28.796917 14.353466
v -3.038215 21.034620 13.498289
v -2.764418 20.978558 13.636397
v -2.910022 22.326841 13.644669
v -2.653636 24.911285 13.937428
v -2.319755 26.179729 14.143100
v -2.269057 28.787947 14.376567
v -2.653252 22.278851 13.763073
v -2.542087 23.579142 13.889748
v -2.384987 22.239388 13.860893
v -2.430921 24.879436 14.016424
v -2.200528 24.853271 14.081697
v -2.108298 26.160217 14.192100
v -2.062183 26.813688 14.247301
v -2.153007 28.130167 14.333114
v -2.016068 27.467157 14.302504
v -1.969953 28.120630 14.357704
v -2.097424 28.780315 14.396451
v -1.877732 29.427437 14.468094
v -2.477217 20.932446 13.750490
v -2.179159 20.896797 13.839302
v -2.292758 23.546331 13.971295
v -2.035658 23.520992 14.034784
v -0.580280 26.802149 14.287170
v -1.033121 28.765263 14.441481
v -1.185631 30.082872 14.524062
v -1.873062 20.871853 13.902228
v -2.107409 22.208897 13.937043
v -1.822930 22.187576 13.991006
v -1.856282 26.801239 14.279136
v -1.647470 26.792610 14.301725
v -1.820406 27.457287 14.328007
v -1.597338 28.108334 14.390502
v -1.712788 29.425299 14.474607
v -1.672536 26.134748 14.257338
v -1.622404 27.450474 14.346115
v -1.408983 28.105669 14.398479
v -1.572273 28.766195 14.434891
v -1.547212 29.423923 14.479271
v -1.506224 23.493393 14.105945
v -1.450658 26.128979 14.273108
v -1.233273 24.809601 14.195333
v -1.436766 26.787874 14.314898
v -1.225152 26.787050 14.318595
v -1.222445 27.446201 14.359683
v -1.395092 28.764565 14.440269
v -1.219738 28.105350 14.400770
v -0.952498 22.175289 14.027782
v -0.984747 24.811279 14.193262
v -1.000872 26.129274 14.276002
v -1.016997 27.447269 14.358742
v -0.618079 20.870243 13.916209
v -0.657121 22.186451 14.003094
v -0.735205 24.818869 14.176864
v -1.008934 26.788271 14.317371
v -0.774247 26.135078 14.263749
v -0.549621 26.145746 14.239687
v -0.426984 23.520145 14.049752
v -0.163253 23.545582 13.990204
v -0.488303 24.832947 14.144719
v -0.245771 24.853384 14.097117
v 0.845575 21.099493 13.372198
v 0.100305 28.160269 14.278226
v 0.944784 22.448086 13.381686
v 0.574568 23.667049 13.701663
v 0.796421 23.721134 13.572324
v 0.439064 24.950827 13.866395
v 0.648058 24.994184 13.762960
v 0.499695 26.267233 13.953598
v 0.351332 27.540283 14.144235
v 0.277150 28.176807 14.239553
v 0.128803 29.449728 14.430172
v 0.032553 28.802158 14.360593
v 1.319611 21.258968 12.989393
v 1.003190 23.781216 13.428337
v 0.202969 28.813334 14.334872
v 1.358209 22.598526 13.020304
v 0.863933 26.342899 13.773090
v 0.528559 27.564583 14.086750
v 0.616795 28.215086 14.149484
v 0.370349 28.825705 14.306221
v 1.533718 22.682535 12.818051
v 1.028692 25.094774 13.522161
v 1.030443 26.385128 13.672056
v 0.699174 27.591022 14.024019
v 0.946564 27.002224 13.814390
v 0.534415 28.839149 14.274948
v 0.778805 28.236423 14.099058
v 0.611064 29.470493 14.383698
v 1.701477 21.448338 12.533383
v 1.977121 21.659748 12.023085
v 1.519477 23.990755 12.924502
v 1.102079 27.039461 13.725374
v 0.851640 28.868683 14.205896
v 1.297249 28.917379 14.091421
v 1.498073 28.356140 13.814613
v 1.436834 28.934076 14.052069
v 1.227294 29.503319 14.309065
v 2.170585 20.496082 11.567638
v 1.459200 26.524212 13.338323
v 1.166465 27.680363 13.811187
v 1.382624 27.118355 13.536371
v 1.306048 27.712494 13.734420
v 1.085400 28.282425 13.989997
v 1.152895 28.900776 14.130516
v 1.076335 29.494793 14.328523
v 1.229472 28.306635 13.932468
v 2.280937 20.728901 11.004119
v 2.136883 21.884640 11.479177
v 2.049219 23.154715 11.677512
v 1.857005 24.228888 12.349925
v 1.804265 25.466459 12.627335
v 1.681788 26.622332 13.102245
v 1.437188 27.745256 13.656048
v 1.996944 23.056765 11.914551
v 1.577127 26.573133 13.220675
v 1.507158 27.159195 13.438361
v 1.367219 28.331318 13.873734
v -3.613691 28.293850 13.924578
v -3.556054 27.668798 13.801316
v -3.455937 29.482277 14.322487
v -3.603951 29.489805 14.303047
v -1.748656 28.769382 14.425748
v -1.923838 28.774101 14.412905
v -1.214324 29.423513 14.482936
v -0.534575 29.430561 14.471305
v -0.702910 29.427616 14.477096
v -0.871849 29.425467 14.480953
v -0.672257 28.771351 14.429622
v -1.217031 28.764498 14.441856
v -1.381203 29.423325 14.482050
v -0.852332 28.767494 14.437519
v -1.041182 29.424126 14.482841
v 0.923285 29.486425 14.347581
v 0.768177 29.478300 14.366038
v -3.472668 28.270876 13.981408
v -3.325665 28.248617 14.036549
v -3.259284 27.610413 13.945245
v -3.411554 27.638973 13.874777
v -3.014494 28.207140 14.139600
v -2.760208 27.534969 14.132142
v -2.850983 28.188322 14.186531
v -2.397250 27.495728 14.230187
v -2.333153 28.141838 14.303377
v -1.784531 28.113335 14.376877
v -1.025059 28.106266 14.400110
v -0.832811 28.109390 14.394077
v -0.410807 27.468990 14.310946
v -0.369548 26.815090 14.257488
v -0.641598 28.114950 14.382138
v -0.813289 27.451286 14.350636
v -0.493325 28.776794 14.417860
v -0.264853 28.133171 14.340990
v -0.140543 28.792282 14.383148
v -0.080546 28.145676 14.312152
v 0.449454 28.195143 14.196486
v 0.862684 27.619324 13.956724
v 0.935119 28.258942 14.045721
v 0.694926 28.853521 14.241393
v 1.004334 28.884487 14.168808
v -3.534806 28.888126 14.123553
v -3.820969 27.731001 13.648396
v -3.345731 26.993519 13.801044
v -3.015311 26.927965 13.962615
v -3.099661 27.583380 14.012059
v -2.461346 26.849615 14.156998
v -2.208590 27.480021 14.269775
v -1.422875 27.446770 14.356688
v -0.610939 27.458549 14.334654
v -0.793768 26.793182 14.307192
v -0.162644 26.831923 14.218345
v -0.213749 27.482546 14.279667
v 0.039449 26.852467 14.170159
v 0.168057 27.518383 14.195860
v 0.235809 26.876492 14.113495
v 0.607664 26.934021 13.977015
v 0.781554 26.966963 13.898556
v 1.247531 27.078302 13.632378
v 1.018599 27.649202 13.885549
v -3.965658 26.558384 13.211931
v -3.497444 27.029333 13.713005
v -3.184827 26.959620 13.884518
v -2.652834 26.872692 14.099516
v -2.264173 26.829874 14.206437
v -1.892157 26.145189 14.230266
v 0.099446 26.205864 14.099163
v -0.111540 26.181297 14.157022
v 0.425513 26.903759 14.048916
v -3.583334 26.419689 13.551233
v -3.440326 25.088337 13.501892
v -3.432179 26.376625 13.656845
v -2.525443 26.203506 14.083808
v -1.478441 24.811184 14.189526
v -1.227859 26.127901 14.277509
v 0.303560 26.234604 14.031128
v 0.686770 26.303461 13.867278
v 0.844980 25.042339 13.647807
v 1.198201 25.150930 13.387388
v 1.185558 26.429720 13.565200
v 1.352518 25.210238 13.244851
v 1.328596 26.476242 13.453568
v 1.490727 25.272120 13.095946
v 1.717066 25.401011 12.785299
v 1.612352 25.335932 12.942226
v -3.755113 25.200405 13.227688
v -3.610659 23.840816 13.246809
v -3.605074 25.142839 13.368444
v -3.426132 23.777073 13.402824
v -3.225561 23.718479 13.546478
v -3.261804 25.037430 13.626741
v -2.867275 24.948471 13.845567
v -2.781829 23.619062 13.791048
v -1.963907 24.833090 14.132524
v -1.722667 24.819027 14.168560
v -1.238687 23.491302 14.113161
v -0.968623 23.493282 14.110522
v -0.696163 23.502659 14.089979
v 0.339436 23.619444 13.815177
v 1.365960 23.916733 13.102718
v 1.652858 24.067995 12.738326
v 1.765505 24.147648 12.546129
v -4.323655 22.945395 12.133801
v -3.926892 23.981117 12.904144
v -3.590461 22.516712 13.178909
v -1.772799 23.503302 14.079783
v -1.534007 22.175598 14.022365
v -1.244100 22.173002 14.030986
v -0.080736 22.237780 13.883289
v -0.365666 22.207344 13.954784
v 0.092878 23.578798 13.911733
v 1.193451 23.846649 13.271233
v 1.918657 22.959368 12.150033
v -4.389922 21.648026 12.000398
v -4.270451 21.542549 12.257057
v -3.780991 22.593296 12.991727
v -3.951324 21.345776 12.736644
v -3.754789 21.256355 12.954993
v -3.380679 22.446316 13.351255
v -1.249514 20.854702 13.948812
v -1.561790 20.857807 13.938784
v -0.936374 20.857294 13.945044
v -0.304348 20.894543 13.859818
v 0.579426 21.033028 13.531191
v 0.195086 22.277550 13.789087
v 0.710071 22.383270 13.536930
v 1.093147 21.175037 13.191050
v 1.522968 21.350401 12.769375
v 1.161401 22.520092 13.208865
v 1.686437 22.771275 12.604155
v 1.853396 21.551792 12.283807
v 2.071809 21.771088 11.753937
v 1.814990 22.863873 12.380705
v -3.813141 28.919218 14.045939
v -3.813141 30.978405 9.053971
v -3.876902 30.476381 8.631482
v -3.940663 29.974358 8.208994
v -4.450750 23.136322 11.669925
v -4.705793 22.386620 6.929320
v -3.940663 27.762640 13.570737
v -4.131946 26.027771 12.857933
v -4.450750 25.958172 4.829079
v -4.705793 23.168350 5.034222
v -4.705793 23.559212 4.086672
v 1.559311 27.778204 13.577158
v 1.620550 27.200268 13.339701
v 1.620550 29.488255 7.793070
v 1.681788 28.986584 7.370727
v 1.804265 27.983244 6.526040
v 1.926742 26.979904 5.681354
v 2.294173 23.188156 5.042392
v 2.171697 24.973225 3.991980
v 1.926742 24.310587 12.152424
v 2.294173 22.406427 6.937491
v 2.171697 21.998844 11.202600
v 2.294173 20.842972 10.727690
v 2.294173 21.233835 9.780140
v 2.294173 23.579021 4.094843
v -3.116945 31.746296 9.648317
v -2.964303 31.750359 9.639692
v -2.656336 31.757906 9.623874
v -2.435625 31.985989 9.900410
v -2.240766 31.766384 9.606657
v -2.109914 31.768589 9.602359
v -1.978671 31.770563 9.598629
v -1.185631 31.989527 9.901869
v -2.005173 31.558058 9.302270
v -2.167933 30.252983 7.482211
v -2.490260 27.668434 3.877795
v -2.283094 27.696014 3.812594
v -2.373459 26.851200 2.614078
v -2.463823 26.006386 1.415562
v -1.305809 25.256224 -0.000000
v -1.404828 25.255396 0.001246
v 0.064363 31.993065 9.903328
v 0.936080 31.517218 9.424889
v 0.977677 31.271004 9.178016
v 1.100046 30.546705 8.451781
v 1.181626 30.063841 7.967625
v 2.029259 24.471151 1.930559
v 1.375490 28.192535 5.884107
v 1.303879 27.371143 4.628950
v 0.969857 29.209438 6.726419
v 1.123058 29.618408 7.391594
v 0.885525 29.673561 7.255981
v 0.590360 31.298006 9.109450
v 0.506028 31.762131 9.639012
v 0.744409 31.757223 9.652824
v 1.375596 31.494932 9.482443
v 1.314357 31.996601 9.904787
v 1.196546 31.746847 9.681605
v 1.302253 30.998890 9.012596
v 1.162366 31.014387 8.973901
v 1.018467 31.029572 8.935938
v 1.231084 31.502466 9.463018
v 1.267018 31.248209 9.235600
v 1.200884 30.769053 8.741268
v 1.559311 29.989922 8.215413
v 1.443197 30.001612 8.120584
v 1.344785 29.098110 6.999312
v 1.393471 29.542368 7.578107
v 1.513668 29.502972 7.674579
v 1.470506 29.051695 7.112843
v 1.624576 28.070347 6.182313
v 1.725083 28.007053 6.336561
v 1.667902 27.185596 5.081686
v 1.827860 26.238815 4.132372
v 1.743027 28.484913 6.948383
v 1.863261 27.029343 5.462051
v 2.049219 25.976564 4.836667
v 2.110458 25.474894 4.414323
v 2.292762 24.007055 3.057133
v 1.987817 25.292034 3.183059
v 1.926669 26.146166 4.357772
v 1.775623 27.108257 5.270042
v 2.139616 25.073921 3.713033
v 2.255078 24.165245 2.672422
v 2.001439 26.051634 4.587542
v 2.077716 25.184074 3.445501
v 1.114085 24.948669 0.765314
v 0.990659 25.814592 1.908245
v 0.848882 26.687220 3.037472
v 0.356584 27.633497 3.985343
v 0.348406 29.767612 7.023668
v 0.053638 29.804247 6.932494
v -0.068499 30.679417 8.120680
v -0.129568 31.117001 8.714773
v -0.160102 31.335793 9.011819
v 0.023023 31.770323 9.615280
v -0.191241 31.558916 9.314748
v 0.265502 31.766539 9.626398
v 0.466102 30.631630 8.240813
v 0.867303 28.361816 5.469644
v 1.181966 26.581594 3.296206
v 1.024634 27.471706 4.382925
v 0.706823 29.269743 6.578112
v 0.626582 29.723705 7.132345
v 0.801192 30.137690 7.785544
v 0.546342 30.177670 7.686580
v 0.425982 30.858612 8.517930
v 0.632527 31.065941 8.844668
v 0.385862 31.085594 8.795047
v 0.345742 31.312576 9.072165
v 0.304828 31.544052 9.354769
v 0.596065 25.917503 1.655598
v -0.020526 27.691013 3.842883
v -0.207353 29.401039 6.252478
v -0.254523 29.832783 6.860845
v -0.348862 30.696268 8.077579
v -0.396031 31.128008 8.685946
v -0.419616 31.343880 8.990129
v -0.221171 31.773376 9.605912
v -0.356319 26.892342 2.530529
v -0.478961 28.569458 4.955464
v -0.572784 29.852468 6.810566
v -0.666606 31.135479 8.665667
v -0.682243 31.349314 8.974851
v -0.713517 31.776983 9.593218
v -1.626037 31.134558 8.660197
v -1.939254 30.910566 8.372994
v -1.790341 30.916479 8.359857
v -1.916211 31.125999 8.678620
v -1.771554 31.130800 8.668140
v -1.460260 31.567245 9.284373
v -0.294998 26.053787 1.318061
v -0.417640 27.730902 3.742996
v -0.799773 26.918198 2.464297
v -0.961029 31.777420 9.590173
v -0.954109 31.568911 9.284400
v -1.105811 25.256788 0.000233
v -1.710824 26.078083 1.247795
v -2.485339 25.172283 0.193554
v -2.884714 27.598829 4.043367
v -2.751255 28.462561 5.196368
v -3.070028 27.557308 4.142532
v -2.703587 29.763069 7.010187
v -2.478994 30.224600 7.548522
v -2.555851 30.652351 8.166324
v -2.445049 31.319313 9.033426
v -2.407383 31.546038 9.328183
v -2.274125 31.550488 9.318460
v -2.171349 31.331770 9.005426
v -2.202065 31.113359 8.706960
v -2.410929 30.665110 8.136560
v -2.232783 30.894951 8.408493
v -2.263500 30.676540 8.110026
v -2.547059 29.784090 6.960484
v -2.386369 29.802904 6.916160
v -3.151633 25.871365 1.737365
v -2.932045 25.922964 1.614038
v -2.570672 28.492449 5.125361
v -2.140023 31.554504 9.309802
v -1.847081 31.772289 9.595498
v -3.214865 26.685476 3.009080
v -3.091686 28.392401 5.363721
v -2.855457 29.739969 7.064968
v -2.629719 30.207710 7.588256
v -2.697971 30.638348 8.199133
v -2.658599 30.862942 8.482674
v -2.371181 31.763956 9.611494
v -2.539705 31.541174 9.338912
v -3.246083 27.511650 4.251811
v -3.030907 29.709702 7.136935
v -2.619228 31.087536 8.766214
v -2.579856 31.312132 9.049756
v -2.501113 31.761322 9.616838
v -2.697131 31.534834 9.353019
v -3.770249 25.666878 2.228120
v -3.607039 26.559332 3.311739
v -3.794576 26.481840 3.498086
v -3.443830 27.451782 4.395357
v -3.280621 28.344233 5.478976
v -3.456784 28.292091 5.603966
v -2.947669 30.164856 7.689589
v -3.112233 30.138571 7.751994
v -2.939957 31.061810 8.826008
v -2.896888 31.292620 9.094512
v -2.852966 31.528000 9.368332
v -2.810750 31.754242 9.631518
v -3.625680 27.386967 4.551026
v -3.026095 30.600189 8.289001
v -2.983026 30.831001 8.557505
v -3.095294 31.047588 8.859241
v -3.007102 31.520741 9.384693
v -4.174386 24.647614 1.452815
v -4.323488 24.548769 1.691940
v -4.132946 25.480568 2.676874
v -4.277077 25.379341 2.921114
v -4.107096 26.312220 3.906777
v -3.593750 29.129532 6.883494
v -3.290329 30.794746 8.642926
v -3.246983 31.032635 8.894275
v -4.539661 24.350723 2.168432
v -4.614345 24.248526 2.415069
v -4.546245 25.055004 3.705229
v -4.578272 24.954124 3.984101
v -4.704396 23.987064 3.049432
v -4.705793 23.950077 3.139122
v -4.229493 26.221674 4.125301
v -4.064540 27.169376 5.074994
v -3.507058 29.605309 7.386189
v -3.420366 30.081083 7.888885
v -3.436888 30.775415 8.688611
v -3.394825 31.017082 8.930786
v -3.159433 31.513119 9.401946
v -3.268634 31.742085 9.657311
v -3.419350 31.737759 9.666584
v -3.749380 31.480429 9.476461
v -3.538724 31.001087 8.968412
v -3.618306 30.509968 8.502965
v -3.478951 30.533749 8.446436
v -4.068185 28.970310 7.364015
v -3.897669 29.487659 7.668262
v -4.004424 29.472334 7.786504
v -3.751630 30.485748 8.560609
v -3.697889 30.018852 8.037519
v -3.824649 29.986704 8.114435
v -4.394446 25.273973 3.175609
v -4.484344 25.165504 3.437841
v -4.172261 27.091425 5.263100
v -3.731333 29.083746 6.993386
v -3.563079 30.050413 7.962087
v -4.116726 27.990522 6.329742
v -3.777471 29.527737 7.572071
v -4.403072 26.033508 4.580066
v -4.514511 25.456146 4.406590
v -4.323228 26.962219 5.674058
v -4.195706 27.966263 6.519036
v -3.970688 28.988613 7.222089
v -4.131946 28.468287 6.941525
v -4.259899 27.012016 5.454904
v -3.578515 30.755527 8.735689
v -3.715121 30.735271 8.783695
v -3.678611 30.984795 9.006782
v -3.569082 31.733362 9.676042
v 1.436834 30.993261 9.060101
v 1.498073 30.491592 8.637756
v 1.372725 30.500250 8.566590
v 1.316436 30.033043 8.043371
v 1.239401 30.523716 8.508636
v 1.084569 31.509918 9.443771
v 0.896097 31.753868 9.662172
v 1.046814 31.750397 9.671797
v -0.466785 31.775623 9.598496
v -0.443667 31.564026 9.300337
v -1.217085 31.139400 8.651738
v -0.897495 29.862919 6.782626
v -1.244211 26.922497 2.450298
v -1.249572 26.089125 1.224727
v -1.672716 26.912922 2.470070
v -1.233489 28.589245 4.901440
v -1.557629 29.434156 6.161358
v -1.538194 29.859928 6.784727
v -1.518759 30.285704 7.408095
v -1.215718 31.351913 8.964264
v -1.479888 31.137255 8.654833
v -1.214324 31.568634 9.282977
v -1.470170 31.350143 8.966517
v -1.597102 31.565727 9.286954
v -1.733608 31.563684 9.290811
v -1.715193 31.773760 9.592990
v -1.583060 31.774971 9.591116
v -1.212984 31.776941 9.589314
v -1.450735 31.775915 9.589886
v -3.309865 31.505203 9.419931
v -3.604869 31.488781 9.457373
v 0.785648 31.524284 9.406551
v 0.870625 31.044285 8.899081
v 0.828553 31.281931 9.150329
v 0.547359 31.534664 9.379475
v 0.058461 31.552204 9.333026
v 0.095330 31.325275 9.039367
v 0.131484 31.102753 8.751410
v -0.946910 31.351974 8.966273
v -0.698190 31.567383 9.290156
v -0.939851 31.139252 8.654324
v -1.611711 31.348028 8.970504
v -1.489606 30.924368 8.343148
v -1.740641 29.426786 6.177751
v -1.596500 28.582607 4.914620
v -1.910298 26.898640 2.502790
v -1.634608 27.747765 3.692345
v -1.966475 26.061508 1.285921
v -2.218013 26.037571 1.341933
v -2.144340 26.878033 2.550869
v -1.996995 28.558952 4.968743
v -1.711990 29.853729 6.798363
v -1.884274 29.844877 6.818441
v -1.846701 30.273518 7.435007
v -1.640362 30.921087 8.349893
v -1.752767 31.345119 8.976423
v -1.893168 31.341429 8.984246
v -1.869668 31.561125 9.295923
v -2.032746 31.336967 8.993937
v -2.059783 31.120171 8.691592
v -2.342864 31.105618 8.724599
v -2.308831 31.325872 9.018619
v -2.481983 31.096992 8.744391
v -2.781193 31.075171 8.794894
v -2.739574 31.302748 9.071220
v -3.051630 31.281845 9.119390
v -3.203637 31.270521 9.145622
v -3.352761 31.258751 9.172961
v -3.458353 31.497063 9.438469
v -3.498932 31.246643 9.201137
v -3.642101 31.234318 9.229869
v 1.123849 31.259726 9.206532
v 0.912697 30.806639 8.647833
v 0.674693 30.833878 8.579887
v -0.099034 30.898209 8.417726
v -0.650969 30.921642 8.356483
v -2.822812 30.847591 8.518567
v -3.138958 30.813330 8.599090
v 1.337489 30.749569 8.789594
v 1.059257 30.788137 8.693859
v 0.716859 30.601816 8.315106
v 0.954769 30.568993 8.396585
v 1.038913 30.093700 7.894090
v 0.167638 30.880230 8.463453
v 0.203791 30.657707 8.175496
v 0.276098 30.212660 7.599582
v -0.635332 30.707808 8.047300
v -0.372446 30.912136 8.381763
v -0.301692 30.264526 7.469212
v -0.911613 30.288363 7.406525
v -0.932791 30.926531 8.342374
v -1.219819 30.714376 8.026689
v -1.499323 30.711479 8.031464
v -1.218452 30.926888 8.339213
v -0.925732 30.713808 8.030424
v -1.654688 30.707615 8.039586
v -1.683339 30.280670 7.418975
v -2.008384 30.264275 7.456117
v -2.054471 29.833412 6.844865
v -2.100557 29.402552 6.233614
v -2.086821 30.903374 8.389247
v -1.809127 30.702160 8.051574
v -1.962298 30.695135 8.067369
v -2.113858 30.686577 8.086902
v -2.376896 30.885363 8.430580
v -2.518917 30.874672 8.455358
v -2.864431 30.620014 8.242241
v -3.182622 30.579073 8.338938
v -3.333675 30.556858 8.391580
v -0.007431 30.241833 7.526587
v -0.604058 30.280140 7.428933
v -1.222553 30.289349 7.401639
v -2.222008 29.819389 6.877520
v -2.324934 30.239723 7.513093
v -2.776714 30.189159 7.632051
v -3.357277 29.642044 7.298335
v -3.269950 30.110558 7.818637
v 1.263206 29.580975 7.483468
v 0.114706 29.366663 6.338401
v 0.420713 29.322567 6.447754
v -0.541509 29.424799 6.192199
v -1.225287 29.864323 6.776589
v -1.228021 29.439297 6.151540
v -2.447803 29.366085 6.319227
v -2.615125 29.343582 6.372445
v -3.114145 29.254547 6.584282
v -2.934200 29.290779 6.497886
v -3.198371 29.676950 7.214987
v -3.444605 29.173529 6.778033
v -3.647206 29.567080 7.477736
v 1.584140 29.004333 7.228573
v 1.207202 29.143120 6.889098
v -0.113014 28.537556 5.035743
v -0.883376 29.437473 6.158727
v -1.797943 28.572903 4.936528
v -1.921848 29.416237 6.201876
v -2.276083 29.385796 6.272829
v -2.777455 29.318428 6.432119
v -2.925191 28.429144 5.275983
v -3.619261 28.236500 5.737430
v -3.284509 29.215332 6.677980
v -3.767133 28.177982 5.878103
v -3.899587 28.117077 6.024687
v -3.857054 29.036619 7.106624
v -4.016219 28.054386 6.175729
v 1.507944 28.132380 6.030999
v 1.138523 28.281183 5.667294
v 0.565328 28.432474 5.295927
v 0.236843 28.491495 5.150215
v -0.827456 27.752390 3.687612
v -0.855139 28.586582 4.910928
v -1.854120 27.735771 3.719659
v -2.192730 28.540829 5.011110
v -2.384233 28.518604 5.063447
v -3.937114 27.245102 4.892440
v -3.790489 27.317856 4.717245
v 1.705463 26.328669 3.913562
v 1.540476 27.260601 4.898834
v 1.469234 26.461105 3.590607
v 0.707105 27.559849 4.166700
v -1.238850 27.755871 3.675869
v -2.070668 27.718494 3.759806
v -2.811587 26.779459 2.784479
v -2.596288 26.818260 2.692143
v -3.018174 26.735096 2.890366
v -2.691129 27.635954 3.954920
v -3.961718 26.399212 3.697059
v -4.328303 26.128466 4.350471
v 1.634590 25.551067 2.552263
v 1.870449 25.396738 2.928290
v 1.339297 25.691486 2.209488
v 0.164449 25.997927 1.457162
v 0.476324 26.775501 2.820470
v 0.071961 26.844471 2.650023
v -0.772089 26.084002 1.240982
v -2.702315 25.968086 1.506490
v -3.554875 25.750145 2.027989
v -3.359702 25.813641 1.875629
v -3.400479 26.630898 3.139900
v -3.963472 25.576715 2.445146
v -3.685620 31.982452 9.898951
v -3.707047 38.453491 12.568254
v -3.685620 30.075798 14.521144
v 1.314357 30.089947 14.526980
v 1.292930 36.560986 17.196283
v -3.693162 33.946449 11.599088
v -3.692826 33.526443 12.329565
v -3.969344 33.240654 13.122301
v -4.857665 33.517502 13.236503
v -7.989029 35.728371 13.150383
v -9.266738 36.637901 14.523666
v -10.233303 38.120823 15.135372
v -11.082953 40.591179 16.154394
v -11.157269 43.182484 17.223307
v -8.984694 48.246590 18.314150
v -8.397190 48.568832 19.445177
v -6.947996 50.012215 19.042471
v -7.713379 49.161629 19.689705
v -6.181139 50.157166 20.100365
v -5.346174 50.551151 20.262882
v -4.474969 50.871128 20.394873
v -2.654715 51.278477 20.562904
v 1.958660 51.203850 19.534019
v 5.194468 49.519928 18.839403
v 5.221958 49.198235 19.704805
v 8.549394 44.093216 17.598986
v 8.712455 41.862480 15.680704
v 8.774123 42.374413 16.889978
v 8.606121 41.005180 15.327068
v 8.176121 38.971607 15.486320
v 3.304531 34.282585 12.553997
v 1.307151 33.540596 12.335402
v 1.307263 33.185688 13.099628
v 1.571461 33.646065 12.291431
v 1.535656 34.108139 11.492453
v 2.407033 34.385216 11.606746
v 4.115129 34.710484 12.730505
v 4.046725 35.158916 11.925899
v 4.800629 35.648750 12.127954
v 5.501604 36.201691 12.356041
v 8.136028 39.336926 14.638913
v 8.016094 39.726070 13.809848
v 8.603914 43.070938 15.189605
v 8.383011 44.760475 15.886540
v 7.537891 46.857143 17.741003
v 7.425622 47.149910 16.872183
v 1.917892 51.440910 18.642221
v 0.143518 51.599197 19.697100
v 1.031858 51.674915 18.738747
v -3.565144 51.427803 19.626400
v -2.630326 51.823387 18.799994
v -6.096706 50.721172 18.345329
v -9.534589 47.549305 18.026520
v -9.898796 47.100883 16.851959
v -10.293283 46.331039 16.534399
v -10.988110 43.865246 15.517259
v -11.152898 41.806263 15.657516
v -11.025631 42.163765 14.815396
v -10.915058 41.318062 14.466546
v -10.194864 38.489769 14.289461
v -10.079875 38.889771 13.464875
v -9.129767 37.432095 12.863585
v -7.902308 36.163757 12.340395
v -6.440552 35.129238 11.913657
v -4.795767 34.364830 11.598337
v -3.922571 34.092693 11.486080
v -3.957626 33.630417 12.284978
v -4.842158 33.906090 12.398692
v -3.693162 32.667267 14.700135
v -3.922571 32.691303 14.883384
v -2.067123 32.167198 16.587189
v -1.196338 32.262264 18.413330
v -0.450772 32.488762 19.331074
v -0.400300 32.299049 18.428507
v 1.002723 33.908989 22.030441
v 1.508819 35.459423 23.720861
v 0.991080 35.934464 24.320400
v 0.649611 36.616299 24.919186
v 0.262441 37.380352 25.463118
v -0.429158 37.896637 25.814127
v -6.530941 34.295155 13.557284
v -7.275258 34.468582 14.626925
v -9.232422 36.309479 15.386293
v -9.751119 37.026901 15.682232
v -10.599761 38.918476 15.464404
v -11.152898 41.102570 17.363443
v -11.114889 42.826141 18.074417
v -10.450407 45.690987 18.258064
v -10.011435 46.103786 19.426447
v -9.534589 46.845612 19.732449
v -8.984694 47.542896 20.020079
v -4.461094 50.481991 21.232454
v -2.648604 50.887600 21.399769
v -0.784221 51.364918 20.598562
v -0.786090 50.973671 21.435276
v 1.070905 51.127430 20.500597
v 1.972287 50.889374 20.402399
v 1.061122 50.737194 21.337727
v 2.845595 50.574333 20.272446
v 6.501639 47.586716 20.038155
v 7.537891 46.153446 19.446932
v 8.731481 42.021519 17.742512
v 8.712455 41.158787 17.386633
v 8.606121 40.301491 17.032999
v 7.374363 37.406963 14.840904
v 7.776401 37.836929 16.016369
v 4.878820 34.502975 14.641112
v 4.115129 34.006790 14.436434
v 3.323925 33.895611 13.392472
v 3.304531 33.578888 14.259925
v 2.454151 33.223042 14.113138
v 1.306815 32.681416 14.705972
v 1.307151 32.898571 13.891819
v 1.583430 33.256363 13.128782
v 1.571461 32.942368 13.997360
v -4.795767 32.963444 14.995641
v -8.548228 35.369919 15.988311
v -9.129767 36.030708 16.260887
v -10.842595 39.402672 16.662237
v -11.050053 41.613930 18.563967
v -10.988110 42.463856 18.914562
v -10.840343 43.304691 19.261404
v -10.729899 44.512936 18.770222
v -10.411043 45.323944 19.104761
v -10.608053 44.129032 19.601446
v -10.293283 44.929649 19.931700
v -9.428061 46.431812 20.551344
v -8.366584 48.189514 20.286810
v -6.947996 49.308517 20.748398
v -4.419587 50.021591 22.032127
v -3.565144 50.724106 21.332327
v -2.630326 50.422001 22.197296
v 1.031858 50.273529 22.136049
v 2.776330 49.729847 21.911783
v 5.112231 48.377182 21.353807
v 6.402650 47.163425 20.853132
v 7.425622 45.748520 20.269485
v 7.942657 45.375881 19.126186
v 8.266878 44.566692 18.792395
v 8.145267 44.182098 19.623337
v 8.383011 43.359089 19.283844
v 8.585133 40.817867 18.235592
v 8.480162 39.971558 17.886490
v 7.661075 37.538586 16.882887
v 7.227988 36.786678 16.572725
v 6.239111 35.682220 15.127550
v 5.588894 35.063095 14.872162
v 6.143487 35.411491 16.005461
v 5.501604 34.800301 15.753345
v 4.800629 34.247360 15.525257
v 4.046725 33.757530 15.323202
v 2.407033 32.983826 15.004048
v 1.535656 32.706753 14.889755
v -2.986851 32.345261 15.713268
v -2.093715 32.230923 15.666103
v 1.016708 32.750534 19.439054
v 1.265099 33.523506 21.233116
v 1.599501 34.778957 22.953972
v 2.003256 35.041286 23.062183
v -2.034652 32.256798 15.420805
v -1.193820 32.131790 16.572584
v -0.356843 32.193211 17.511951
v -0.320769 32.172138 16.589228
v 0.473671 32.304325 17.557787
v 1.163170 32.577946 18.543550
v 1.506253 33.211449 20.397875
v 2.388886 34.053776 21.451853
v 2.378663 35.337414 23.184334
v 1.826682 35.710159 23.824291
v 0.988994 36.971336 25.065638
v -0.388506 37.967216 25.843241
v -0.355181 38.041004 25.873676
v -1.192725 32.225288 15.407808
v -1.192922 32.194401 15.651039
v 3.246515 33.335114 15.148954
v 5.985020 35.198078 16.890055
v 6.549755 35.847862 17.158092
v 6.720639 36.075562 16.279390
v 7.817340 38.048592 18.065893
v 8.289925 39.138054 17.542667
v 8.392514 41.321495 19.415966
v 8.326396 42.152782 19.758871
v 8.536343 42.519108 18.937353
v 8.176363 42.974693 20.097908
v 6.238607 46.697182 21.633436
v 5.788245 47.798290 21.115015
v 4.975950 47.884827 22.123339
v 3.599627 49.347225 21.753950
v 0.983361 49.740372 22.888752
v 1.917892 50.039524 22.039524
v 0.126013 50.429802 22.200514
v -0.791681 50.506973 22.232347
v -1.713160 50.504364 22.231272
v -5.991840 48.807148 22.503798
v -6.096706 49.319786 21.742632
v -7.602858 48.341202 21.338966
v -10.406132 43.728069 20.408678
v -10.778011 42.098724 19.736570
v -10.915058 39.916676 17.863850
v -10.514990 38.791832 18.372478
v -10.719305 39.084263 17.520479
v -9.641816 36.738937 16.553034
v -6.440552 33.727852 15.310960
v -5.637560 33.309975 15.138584
v 1.724127 32.975475 19.531841
v 2.738989 33.793129 20.637817
v 2.722424 35.664742 23.319355
v 1.696682 36.606327 24.597546
v 2.379465 36.288437 24.062830
v 1.883132 36.867661 24.705345
v 1.250815 37.378647 25.233654
v 0.599974 32.355412 15.717455
v 2.082816 32.739170 17.737160
v 2.405653 33.260666 19.649483
v 2.905586 34.389488 21.590334
v 3.305782 34.161385 20.789724
v 2.899921 35.022617 22.489815
v 3.293443 35.397324 22.644381
v 2.609527 36.610901 24.195847
v 5.356946 36.687157 11.583670
v 6.720639 37.476952 12.882087
v 6.549755 37.934986 12.098398
v 7.817340 40.135719 13.006200
v 8.085280 40.931591 13.334498
v 8.480162 41.372948 14.489185
v 8.326396 44.239906 14.699178
v 8.145267 45.583492 16.226034
v 7.943733 45.867123 15.370405
v 7.239571 47.399841 16.002651
v 6.238607 48.784302 16.573744
v 5.112231 49.778572 17.956505
v 5.637421 49.405514 16.829992
v 4.975950 49.971947 17.063646
v 2.776330 51.131233 18.514481
v 2.690303 51.295513 17.609617
v 0.126013 51.831188 18.803211
v -0.800947 52.055923 17.923285
v -5.991840 50.894276 17.444105
v -7.602858 49.742588 17.941662
v -6.753016 50.447472 17.259800
v -9.428061 47.833199 17.154041
v -8.720357 48.741974 16.556282
v -10.778011 44.185844 14.676878
v -10.706532 41.693459 13.648769
v -10.241785 40.084610 12.985120
v -9.889316 39.317410 12.668649
v -9.460682 38.584091 12.366154
v -8.548228 36.771305 12.591008
v -8.390621 37.244522 11.813581
v -6.328289 35.637783 11.150803
v -5.542572 35.228893 10.982136
v -3.864480 34.623535 10.732426
v -0.351024 34.168217 10.800578
v -2.034652 34.163452 10.798614
v 1.476321 34.638649 10.738660
v 0.599974 34.442535 10.657763
v -0.320769 34.927193 9.910313
v -1.196338 36.277161 8.680247
v -1.945315 37.080597 8.187354
v -3.929203 40.195114 7.358564
v -3.677237 43.235340 7.158208
v -3.261909 44.110359 7.201626
v -1.964605 45.419762 7.374953
v -2.700514 44.868729 7.285694
v -0.292388 34.323143 10.608515
v -1.193820 34.886845 9.893669
v -2.870426 34.262512 10.839476
v -1.133151 45.077484 7.233765
v -0.874220 44.209904 7.013929
v 4.315356 40.174614 8.694941
v 5.647893 39.506680 10.012423
v 6.086721 40.121750 10.266141
v 7.204683 39.816662 11.927219
v 6.011085 38.954197 10.657419
v 5.148688 38.932297 9.775490
v 3.305782 39.299404 8.333919
v 0.721363 40.848881 7.063579
v -0.537932 42.406242 6.816206
v -1.305953 37.482914 25.643465
v -1.974111 36.029148 24.676985
v -4.421496 34.365128 22.218601
v -8.061829 35.452988 19.729504
v -8.504723 36.065563 19.982193
v -9.966526 37.757774 18.893303
v -1.391632 37.493881 25.647989
v -1.475824 37.512215 25.655552
v -1.727120 36.747726 25.202160
v -3.140043 35.743546 24.241650
v -3.588600 35.223846 23.623688
v -7.167229 35.502125 21.342779
v -6.641824 35.611732 22.094509
v -7.552192 36.034580 21.562416
v -8.413249 36.632458 21.040346
v -8.883618 36.713791 20.249586
v -9.195187 37.391972 20.529335
v -10.814726 40.433842 19.049809
v -11.025631 40.762371 18.212700
v -1.636804 37.570290 25.679508
v -3.418289 35.921986 24.315254
v -3.677237 36.123730 24.398474
v -6.070182 35.776947 22.800976
v -5.457181 35.996361 23.456150
v -6.992764 36.097130 22.294737
v -7.881528 36.598019 21.794834
v -8.932364 37.928055 21.574781
v -10.521982 40.119778 19.867626
v -1.783247 37.655090 25.714489
v -2.471062 37.134872 25.361858
v -3.261909 36.774879 24.984602
v -6.873508 37.151302 23.367897
v -8.509427 38.423630 22.547899
v -10.172137 40.598339 20.979067
v -2.591805 37.248444 25.408707
v -1.910018 37.763649 25.759270
v -2.700514 37.371967 25.459658
v -4.477491 37.125538 24.811720
v -5.402229 37.284637 24.473764
v -6.308460 37.631695 24.130726
v -7.865400 38.275040 23.193125
v -7.164697 38.159332 23.783709
v -9.898796 45.699497 20.249262
v -9.712133 45.264748 21.042557
v -2.878120 37.644455 25.572060
v -4.609870 37.413681 24.930578
v -5.528841 37.652763 24.625614
v -5.617607 38.030228 24.781319
v -7.957921 39.438278 23.672962
v -8.453256 40.970772 23.598597
v -8.842046 42.023605 23.264194
v -9.251526 45.981312 21.338139
v -9.006489 45.497940 22.086121
v -8.720357 46.654850 21.615974
v -8.885214 47.120163 20.835287
v -2.053789 37.962502 25.841295
v -2.087601 38.036102 25.871655
v -2.997650 37.942776 25.695118
v -4.784420 38.017929 25.179831
v -4.825055 38.328728 25.308033
v -7.209482 39.720940 24.427874
v -6.452418 39.441639 24.877327
v -7.118891 40.236435 24.640514
v -8.278619 41.590523 23.854242
v -7.654990 41.162041 24.384014
v -8.266242 43.298569 23.790117
v -8.123296 47.279449 21.873621
v -3.951626 38.276161 25.603878
v -4.834030 38.641670 25.437126
v -4.811266 38.954018 25.565969
v -6.248879 40.333427 25.245190
v -7.322524 45.596867 23.913855
v -7.032883 46.724659 23.506172
v -2.144856 38.349754 26.001038
v -3.900042 38.983948 25.895840
v -6.080303 40.762196 25.422058
v -6.474216 43.212059 25.229645
v -5.846283 48.237541 23.216206
v -5.067702 48.604927 23.367752
v -5.156774 40.652500 25.863007
v -4.943314 40.984577 25.999989
v -6.019282 44.757275 25.160528
v -5.471785 45.149689 25.322399
v -5.179551 46.237663 25.002495
v -4.913847 47.968506 24.019262
v -4.255328 48.903294 23.490829
v -2.103367 38.585838 26.098423
v -2.073821 38.660988 26.129421
v -4.237950 40.412239 26.167484
v -3.506857 39.854549 26.254965
v -4.038454 40.665207 26.271833
v -4.697155 41.296715 26.128746
v -4.563069 44.719604 25.851505
v -4.886942 45.492981 25.464006
v -3.222769 47.761055 24.806581
v -2.504552 48.619579 24.287828
v -2.557992 49.283134 23.647512
v -2.654799 39.444946 26.314762
v -3.567189 41.113937 26.456934
v -3.832822 43.113335 26.391903
v -3.626068 46.020607 25.681652
v -2.961116 46.200298 25.755775
v -3.099952 47.001461 25.317560
v -1.646876 47.971893 24.893555
v -2.998715 40.386127 26.474241
v -2.795970 40.531445 26.534184
v -2.640253 44.500919 26.399614
v -2.187333 45.475025 26.163120
v -1.591350 46.383560 25.831371
v -0.872718 47.201469 25.400066
v -0.056093 47.907402 24.866949
v 1.756560 48.920307 23.497845
v 1.850334 49.511406 22.794304
v -2.712056 41.615891 26.663990
v -1.523258 44.650364 26.461260
v -0.208641 46.327507 25.808247
v -2.112482 40.853958 26.667219
v -1.485211 43.747742 26.653595
v -0.958324 44.651962 26.461920
v 2.023937 46.570572 25.139820
v 4.786788 47.343369 22.847359
v -1.359004 40.988365 26.722662
v -1.027067 42.832497 26.762257
v -0.610930 42.797504 26.747820
v -0.500239 43.707809 26.637121
v 0.702844 44.365383 26.343704
v 1.518202 45.000648 25.967438
v 1.783894 45.801273 25.591177
v 3.623844 46.579891 24.319351
v 3.326307 45.892815 24.860245
v 5.161982 46.230247 23.302231
v 6.950046 46.478161 20.570461
v 6.774226 46.026657 21.356846
v -1.222364 38.316101 26.033300
v -0.393940 41.824066 26.749863
v -0.200166 42.726635 26.718590
v 0.459403 43.498798 26.550905
v 0.201615 42.620525 26.674818
v 1.733871 43.940948 26.168627
v 5.372849 45.082165 23.701540
v 7.825199 44.980923 19.952850
v 7.630552 44.561630 20.752522
v 0.247152 41.624264 26.667444
v 4.510197 43.871811 24.795273
v 5.412328 43.930721 24.050880
v 6.257663 43.858353 23.196718
v 6.653090 44.363586 22.532230
v 7.016973 43.664555 22.243881
v 7.663999 43.363815 21.205793
v -0.635348 39.990669 26.539873
v -0.474879 39.932781 26.515995
v 0.120094 40.666214 26.589775
v 3.452329 42.602119 25.616360
v 6.603275 43.194424 22.922846
v 7.889528 42.583080 20.883739
v 8.603914 41.669544 18.586908
v -0.769740 39.075653 26.300470
v 3.154378 41.591507 25.764147
v 4.079486 41.734680 25.258541
v 4.704665 42.271988 24.841864
v 7.085752 41.791626 22.344193
v 6.575666 41.398529 23.006351
v 7.664589 41.422657 21.319099
v 7.726125 40.648991 20.999960
v 8.099083 40.980339 20.222610
v 8.271423 39.660038 18.730616
v 0.088146 39.571709 26.367054
v 1.579821 40.681107 26.278393
v 4.520681 40.774349 24.862406
v 5.999052 41.011673 23.615467
v 6.700148 40.716599 22.725056
v 7.260575 39.593613 21.437513
v 7.801225 38.578907 19.232018
v 8.016094 38.324680 17.207151
v -0.506630 38.870667 26.215912
v 0.305324 39.324936 26.265259
v 1.185264 39.664322 26.176495
v 1.955762 40.161129 26.063902
v 4.760439 39.754814 24.441847
v 7.169782 38.861603 21.135559
v 7.204683 37.061611 18.606134
v -0.455248 38.806343 26.189379
v 4.003920 39.471230 24.889532
v 4.040108 39.016247 24.701851
v 4.790351 38.711830 24.011616
v 6.768389 37.437141 20.547968
v 6.461318 36.757214 20.267498
v 6.793846 36.348331 18.311907
v -0.343056 38.590820 26.100477
v 4.725996 38.192982 23.797590
v 4.609367 37.681980 23.586802
v 5.109354 37.183945 22.743046
v 5.989570 36.673210 21.057158
v 5.637973 36.062782 20.805355
v 5.765062 35.043797 17.773787
v 5.156155 34.464005 17.534622
v 4.671052 34.058990 16.420183
v 5.356946 34.600037 16.643362
v 0.601854 38.584858 25.959976
v -0.306347 38.434719 26.036085
v 4.223836 36.701389 23.182308
v 4.569214 36.129848 22.308231
v 5.226087 35.485474 20.567215
v 4.749264 35.535847 21.356688
v 5.148688 34.917397 19.508574
v 4.593494 34.388748 19.290506
v 4.491194 33.939472 17.318253
v 3.776022 33.474812 17.126579
v 3.150373 33.166370 16.051975
v 1.478851 38.055996 25.513060
v 0.591352 38.108639 25.763536
v 1.425889 37.823944 25.417339
v 2.966901 37.308319 24.483534
v 3.535170 36.803905 23.789261
v 2.805915 36.951859 24.336493
v 1.476321 32.551525 15.798352
v -0.329478 38.117352 25.905172
v -0.476781 37.829887 25.786592
v -0.530957 37.767551 25.760880
v 0.454457 36.462360 24.855684
v 0.804091 35.045757 23.550226
v -1.992605 32.294544 18.426647
v -3.783846 32.463364 16.709356
v -3.864480 32.536411 15.792118
v -0.591208 37.710182 25.737213
v -0.096472 37.038605 25.322145
v -0.657006 37.658279 25.715803
v 0.028286 34.760818 23.432688
v 0.254696 34.216213 22.721840
v -3.681360 32.472782 17.627274
v -6.328289 33.550659 16.210495
v -0.386986 36.868073 25.251802
v -0.802886 37.572647 25.680481
v -0.543912 36.802406 25.224716
v -0.377839 34.669933 23.395199
v -0.791386 34.614605 23.372375
v -7.902308 34.762371 15.737699
v -4.806798 33.240257 19.641064
v -8.390621 35.157398 16.873274
v -8.959649 35.803974 17.139988
v -1.133151 37.483402 25.643667
v -1.216740 36.682388 25.175205
v -1.213987 35.931839 24.636845
v -1.470285 35.942226 24.641132
v -1.885068 35.290825 24.054901
v -3.929203 34.108940 22.112923
v -6.645413 34.419369 20.127449
v -8.423392 35.513874 18.881725
v -0.706801 44.247375 7.029385
v 0.714021 42.866062 7.005880
v 1.508819 42.286491 7.170393
v 4.749264 40.673866 8.900883
v 5.130694 41.208488 9.121415
v 7.440185 41.743111 11.807847
v 7.981688 42.124641 12.879260
v 7.801225 41.333958 12.553103
v 8.271423 41.747166 13.670921
v 7.541462 40.562370 12.234824
v 6.867510 40.286526 11.207005
v 5.226087 40.081535 9.425241
v 3.825934 40.823483 8.256083
v 3.386010 40.404591 8.083290
v 2.003256 41.525570 7.342711
v 2.470173 40.769798 7.595622
v 1.166954 42.064377 7.078769
v 1.599501 41.263241 7.234501
v 0.804091 41.872826 6.999755
v -0.454522 43.368927 6.895784
v -0.881685 45.133759 7.256978
v -0.386986 44.364834 7.077837
v -0.802886 45.166737 7.270579
v 0.991080 43.046074 7.080135
v 1.248687 43.249279 7.163958
v 3.647280 41.890621 8.057961
v 5.456293 41.773781 9.354598
v 4.866037 42.281319 8.857440
v 5.723200 42.364773 9.598384
v 7.613427 42.502159 12.120955
v 7.169782 42.876495 11.402473
v 8.081265 42.927471 13.210428
v 8.392514 43.408623 14.356274
v 8.374136 42.575264 14.012514
v 5.989570 41.269279 9.915184
v 1.826682 42.537228 7.273822
v -0.963478 45.107750 7.246249
v 1.696682 43.717937 7.357279
v 4.441489 43.269497 8.626747
v 5.929069 42.976280 9.850628
v 6.072091 43.602913 10.109116
v 7.889528 45.338135 14.204825
v 8.176363 45.061813 15.038216
v 8.034983 44.541306 13.876136
v 8.099083 43.735394 13.543695
v 6.654538 43.244461 10.729948
v 5.109354 42.820084 9.079679
v 4.223836 42.787560 8.427949
v 3.958322 42.326584 8.237797
v 3.031519 42.504662 7.746589
v 0.454457 43.797836 7.072710
v -0.096472 44.535366 7.148180
v -0.237401 44.443798 7.110410
v 3.725301 43.709183 8.243452
v 6.165129 44.879478 10.635698
v 7.630552 46.648754 15.692828
v 7.663999 46.118866 14.526877
v 6.755005 44.622959 11.298577
v 6.151009 44.239178 10.371574
v 5.297029 43.377537 9.309630
v 3.535170 43.288189 8.069792
v 1.883132 43.979267 7.465079
v 2.609527 43.437965 7.645377
v 0.828313 44.121933 7.206401
v -0.657006 45.252361 7.305902
v -0.429158 45.490723 7.404223
v 1.250815 44.714123 7.450679
v 3.091073 44.504223 8.085207
v 5.465915 45.694794 10.265499
v 6.880116 46.518383 12.904752
v 6.981326 47.604809 15.139830
v 6.530183 48.296963 15.425343
v 6.774226 48.113785 16.297153
v 7.360375 46.876644 14.839461
v 7.085752 45.806522 12.611109
v 4.790351 44.798004 9.257257
v 2.042291 44.255596 7.579063
v 1.130242 44.504791 7.364329
v 0.262441 44.877113 7.289152
v 0.555791 45.449593 7.525300
v 2.381881 45.460732 8.076180
v 4.666435 46.355957 9.899912
v 5.846316 48.504349 13.723961
v 5.721501 49.051571 14.822586
v 6.010910 48.947021 15.693491
v 6.603275 47.209320 13.189762
v 6.382657 46.662750 12.139993
v 4.801866 45.320145 9.472639
v 3.177337 44.882183 8.241116
v 1.425889 45.159420 7.634364
v 2.273393 44.843399 7.821532
v 1.349653 44.932976 7.540956
v 0.438238 45.150600 7.401965
v -0.311621 45.789677 7.527542
v 2.363951 46.085934 8.334078
v 4.520681 46.860523 10.108047
v 3.794479 46.846127 9.537443
v 4.704665 47.908127 11.178496
v 5.372849 49.097061 13.968456
v 4.260009 50.478634 17.272655
v 4.786788 50.098419 16.168446
v 5.428071 49.549271 15.941919
v 2.388783 45.773720 8.205290
v 3.233454 45.652153 8.558727
v 1.478851 45.391472 7.730085
v -0.355181 45.635090 7.463776
v 2.307602 46.394623 8.461412
v 3.787923 48.268173 10.688703
v 3.880036 50.628471 15.473057
v 3.351895 51.018623 16.548029
v 4.092695 50.589642 16.371075
v 4.546357 50.156902 15.278535
v 3.133283 46.418289 8.874760
v 1.513304 45.864197 7.925084
v 1.296508 46.786095 8.305367
v 2.861219 48.442780 10.196061
v 3.075654 49.077515 11.022554
v 3.582464 49.312965 11.757994
v 2.692323 50.856003 13.869709
v 1.637371 51.670746 15.902995
v 0.097004 51.980408 17.892136
v 0.983361 51.827499 17.829060
v 1.850334 51.598530 17.734610
v 1.756560 51.675358 16.818932
v 3.168875 51.040287 15.642932
v 3.326307 50.488884 13.718270
v 3.623844 50.594788 14.586267
v 3.920316 50.068489 13.544858
v 4.003556 48.877850 11.578508
v 2.880338 47.153725 9.178126
v 2.220231 46.697083 8.586177
v 0.573192 46.238640 7.850782
v -0.306347 46.028805 7.626184
v -0.343056 46.184902 7.690575
v 1.052862 47.202930 8.477312
v 2.532174 48.782784 10.336312
v 2.661208 49.432415 11.168952
v 2.082461 50.374550 12.195897
v 2.402857 50.651630 13.016712
v 1.783894 50.939293 13.135372
v 0.727413 51.787128 15.078109
v 0.005561 52.026157 16.049604
v 0.056739 52.045586 16.971649
v 0.916046 51.897339 16.910500
v 2.989961 50.311653 12.876471
v 1.955762 47.272739 8.823635
v 0.528749 46.392487 7.914245
v -0.320740 46.107651 7.658708
v -0.455248 46.400429 7.779478
v 0.088146 47.068474 8.193088
v 1.360058 49.612316 10.678494
v 0.964213 49.133667 9.994852
v 1.229129 50.261703 11.511032
v 0.919140 49.817230 10.763022
v 0.322601 51.009407 12.457775
v -1.669317 52.094063 16.077614
v -2.557992 52.038185 16.968597
v -3.416300 51.885078 16.905441
v -2.600036 51.972775 17.888988
v -1.687945 52.116318 17.000828
v -0.056093 51.922298 15.133865
v -0.127697 51.734886 14.232247
v 0.472382 51.348038 13.303979
v 1.138512 51.172108 13.231409
v 1.650118 48.693790 9.813404
v 1.105594 48.238770 9.222123
v 1.354028 48.026028 9.134366
v 0.900465 47.393715 8.556008
v 0.305324 46.821693 8.091292
v -0.410607 46.331940 7.751226
v -0.564302 46.524345 7.830593
v -0.395710 50.690823 11.688045
v -2.365405 51.728554 14.229635
v -4.133977 51.654415 15.896258
v -5.067702 51.359978 16.688837
v -5.188750 51.273224 17.600420
v -4.255328 51.658344 16.811914
v -2.504552 52.019058 16.046673
v -0.872718 51.797539 14.258092
v -0.208641 51.465527 13.352442
v 0.590881 49.307171 10.066422
v 0.836701 48.429070 9.300622
v 0.541208 47.731625 8.695398
v -0.474879 47.429543 8.342030
v -0.991711 50.233421 10.934700
v -3.817999 51.403484 14.095544
v -4.728498 51.297169 14.875999
v -5.661277 51.015301 15.632625
v -6.584229 50.559429 16.358610
v -7.465589 49.936745 17.049124
v -5.846283 50.992592 16.537291
v -3.222769 51.775951 15.073498
v -2.280884 51.459660 13.350023
v -1.591350 51.521584 13.375566
v -0.958324 50.738136 11.707561
v -0.927189 51.169399 12.523773
v -0.500239 50.192089 10.917651
v -0.068323 48.849678 9.474122
v 0.201615 49.447598 10.124349
v -0.109114 48.108212 8.850740
v 0.120094 48.001690 8.806800
v -0.696438 46.627289 7.873058
v -0.174998 47.273483 8.277655
v -0.635348 47.487431 8.365908
v -0.726837 48.993107 9.533286
v -1.027067 49.659569 10.211786
v -1.444920 49.658386 10.211298
v -2.085548 50.686039 11.686072
v -3.413630 50.836739 12.386549
v -5.179551 50.833733 13.860520
v -8.123296 49.366573 16.813929
v -7.912690 49.511520 15.926347
v -7.275056 50.064285 16.154366
v -2.187333 51.111164 12.499750
v -1.523258 50.736538 11.706902
v -0.610930 49.624573 10.197351
v -0.847020 46.705650 7.905383
v -1.102461 48.324566 8.939986
v -1.141856 47.574810 8.401953
v -1.359004 48.323841 8.939688
v -3.707515 50.247730 11.505269
v -4.886942 50.631004 13.008203
v -4.563069 50.355743 12.188140
v -5.471785 50.287708 12.866593
v -6.741137 50.115776 14.388675
v -6.402306 50.039276 13.532808
v -8.491529 48.905983 15.676563
v -9.006489 48.252998 15.407206
v -9.251526 48.068432 16.278446
v -6.111250 50.567242 14.574904
v -4.269897 50.922165 13.128305
v -2.460962 50.101475 10.880274
v -1.402731 49.020508 9.544589
v -0.846971 48.303078 8.931124
v -0.927599 46.734718 7.917374
v -1.181937 46.778599 7.935473
v -1.268433 46.778355 7.935372
v -2.397341 48.843086 9.471404
v -3.832822 49.597622 10.672433
v -5.595333 49.685059 11.911481
v -6.524625 49.457211 12.524013
v -9.453039 47.558304 15.120646
v -9.827259 46.828007 14.819398
v -10.406132 45.815197 15.348986
v -10.098133 46.598587 15.672133
v -7.322524 49.611763 14.180771
v -5.096223 50.042793 12.059046
v -4.210693 50.010300 11.407330
v -1.314110 47.574326 8.401752
v -1.439455 46.755470 7.925934
v -3.432680 49.121223 9.989719
v -4.639443 49.073540 10.456249
v -8.266242 47.894634 12.648144
v -9.769622 46.288242 13.682714
v -10.346213 45.286530 14.183539
v -10.633423 45.008583 15.016258
v -10.125857 46.068527 14.506111
v -9.482970 47.017342 13.983465
v -4.687610 49.730358 11.291852
v -3.060504 49.296837 10.062160
v -2.133537 47.352886 8.310409
v -3.567189 48.225548 9.216668
v -4.420459 48.413242 9.697678
v -5.326210 48.419609 10.186503
v -9.340465 46.472481 12.885818
v -10.545149 43.682632 13.521933
v -10.838623 43.354202 14.333825
v -9.068205 47.164970 13.171468
v -7.391489 48.459797 12.112580
v -3.013680 48.585175 9.365015
v -1.522477 46.733036 7.916679
v -2.415085 47.169956 8.234951
v -3.814210 48.011402 9.128334
v -6.541654 47.790798 10.491785
v -8.278619 46.728546 11.398438
v -9.150590 45.267811 11.564580
v -9.722769 44.297058 11.988455
v -10.149898 43.222332 12.418025
v -10.521982 42.874828 13.188711
v -10.814726 42.520966 13.990115
v -10.115727 44.771820 13.057189
v -9.030627 45.950432 11.846161
v -9.541382 45.759472 12.591700
v -8.842046 46.619667 12.122221
v -7.439257 47.346897 10.946991
v -7.168890 47.874523 11.164637
v -6.253058 48.239761 10.676982
v -2.998715 47.721611 8.691267
v -2.795970 47.866920 8.751208
v -1.602861 46.703514 7.904501
v -2.654799 46.941704 8.140797
v -4.237950 47.523846 8.927217
v -5.335657 47.130474 9.168536
v -7.915466 45.656929 10.249879
v -8.610918 44.837666 10.618450
v -10.049201 42.452179 12.100337
v -10.231394 41.282928 12.532055
v -9.966526 40.512829 12.214387
v -8.453256 46.108795 11.142791
v -7.814193 46.233208 10.487594
v -7.654990 46.798180 10.720646
v -6.976480 46.827988 10.094625
v -5.869036 47.658772 9.872658
v -4.943314 47.811646 9.449519
v -3.355727 47.381668 8.551041
v -4.038454 47.776817 9.031567
v -2.540735 47.061035 8.190019
v -3.185849 47.559380 8.624348
v -2.844270 46.676140 8.031250
v -9.091284 43.199905 10.711569
v -8.932364 42.524117 10.432807
v -9.436691 42.109035 11.085896
v -9.624814 39.769039 11.907574
v -9.616665 40.954838 11.482683
v -9.870935 41.694126 11.787640
v -7.118891 46.322609 9.886155
v -5.478393 46.767429 9.018779
v -3.506857 47.190025 8.471990
v -1.941650 46.460690 7.804337
v -3.835371 46.548923 8.207536
v -4.811266 46.065632 8.325702
v -5.678822 45.626930 8.548324
v -6.472513 45.014690 8.781974
v -7.865400 43.911179 9.529757
v -7.164697 44.245506 9.029350
v -8.152344 42.325512 9.582187
v -8.413249 41.228519 9.898372
v -8.504723 40.080460 10.249108
v -8.723519 38.386253 11.337175
v -8.959649 37.891094 12.080294
v -9.209262 39.058098 11.614311
v -8.883618 40.728687 10.516502
v -9.195187 41.406864 10.796250
v -8.705688 41.865063 10.160945
v -8.362259 42.935837 9.833946
v -8.509427 43.561653 10.092095
v -7.232486 44.763981 9.243222
v -7.941184 44.490791 9.768847
v -7.247458 45.286045 9.458574
v -6.452418 45.925922 9.157857
v -5.583727 46.393623 8.864584
v -4.756962 46.374634 8.453166
v -3.747738 46.771820 8.299479
v -5.617607 44.857296 8.230849
v -6.413295 44.561775 8.595147
v -6.308460 44.115978 8.411255
v -6.873508 43.237476 8.613539
v -7.292994 42.246914 8.843246
v -8.061829 39.467884 9.996419
v -7.069134 36.112892 11.346785
v -7.758598 36.650043 11.568360
v -7.893803 38.311584 10.392343
v -8.171857 37.759411 11.078603
v -7.881528 41.736038 9.339029
v -3.900042 46.319427 8.112866
v -2.144856 45.943836 7.591135
v -3.951626 45.611641 7.820904
v -4.712481 44.823631 7.813377
v -5.402229 44.111710 7.923294
v -6.384106 42.297321 8.225724
v -7.305584 37.758312 10.164117
v -7.641913 40.045124 9.410220
v -6.158927 43.681213 8.231914
v -3.958426 45.848713 7.918697
v -3.047898 46.071289 7.781752
v -2.125171 46.102543 7.656601
v -4.609870 44.525295 7.690313
v -5.040243 43.416325 7.636447
v -5.800566 40.378601 8.072567
v -5.735807 37.476040 9.174785
v -5.243147 36.435661 9.618523
v -5.974407 36.816212 9.775500
v -6.390686 37.896019 9.348025
v -6.645413 39.015434 8.985474
v -6.730021 40.143356 8.682048
v -5.238885 43.756165 7.776632
v -3.688325 44.700146 7.444914
v -4.316504 43.961723 7.457843
v -3.566368 44.491501 7.358847
v -4.128327 43.701454 7.350479
v -4.885674 40.748981 7.587036
v -4.798729 39.669575 7.780095
v -4.123397 37.554993 8.383041
v -3.557893 36.579483 8.804955
v -2.067123 34.922249 9.908274
v -2.933001 35.033100 9.953999
v -2.093715 34.318047 10.606412
v -2.986851 34.432384 10.653576
v -3.681360 35.872257 9.386120
v -3.783846 35.218414 10.030442
v -5.041263 37.114597 9.025690
v -5.458699 38.175571 8.639030
v -5.145449 38.908836 8.172808
v -5.317660 41.085541 7.725864
v -5.713656 41.458012 7.879509
v -5.457181 42.480644 7.736680
v -4.477491 44.237144 7.571453
v -3.788610 44.918438 7.534958
v -2.997650 45.439537 7.521152
v -2.132185 45.784523 7.525417
v -2.012670 45.486240 7.402375
v -2.796232 45.001122 7.340305
v -4.016970 41.247349 7.227945
v -4.248386 39.383175 7.661956
v -2.033323 35.587944 9.268839
v -1.192922 34.281525 10.591347
v -1.910018 45.357735 7.349367
v -2.591805 44.745209 7.234740
v -2.471062 44.631634 7.187893
v -2.877789 39.815823 7.202107
v -0.356843 35.592686 9.270797
v 1.393961 35.233070 10.036487
v 0.544359 35.042938 9.958057
v -1.849388 45.300709 7.325843
v -2.535586 42.574234 6.885502
v -2.668463 40.692223 6.998956
v -1.768312 39.624420 7.123153
v -1.199743 37.866768 7.742956
v 1.289280 35.886322 9.391922
v 1.163170 36.592842 8.810466
v 2.328952 34.909763 10.850494
v -1.832688 38.745186 7.398786
v -2.458271 38.825272 7.431821
v -2.327908 39.696056 7.152704
v -3.224476 41.861423 6.995053
v -2.675125 43.653202 7.013049
v -2.885914 43.788383 7.068811
v -1.890349 44.295357 7.049178
v -1.974111 43.364624 6.894011
v -1.885068 42.402435 6.814634
v -1.206250 40.505032 6.921740
v 0.054064 38.832382 7.434753
v 3.576033 36.843235 9.786648
v 4.491194 36.694527 10.639338
v 4.671052 36.146114 11.360489
v 3.933367 35.666821 11.162781
v 2.082816 36.138645 9.496005
v 0.177811 37.990479 7.793985
v -2.446798 41.580883 6.879330
v -2.217211 43.440392 6.925263
v -2.047707 44.360138 7.075899
v -2.197813 44.438251 7.108121
v -1.470285 43.277706 6.858157
v -1.208720 41.422386 6.813950
v -0.713364 40.527809 6.931136
v -0.791386 41.441673 6.821905
v 4.262590 37.289310 9.970654
v 5.985020 37.285198 11.830362
v 2.642969 37.136341 9.034659
v 1.506253 38.349468 7.942069
v -0.639685 39.627613 7.124471
v -1.636804 45.164375 7.269607
v -1.391632 45.087967 7.238088
v -0.957763 43.279156 6.858755
v -0.873084 42.361404 6.797709
v 0.028286 41.587887 6.882218
v 1.517387 40.210526 7.364922
v 2.738989 38.931145 8.182012
v 4.236424 39.046227 8.998176
v 7.046189 38.630798 12.385422
v 7.469959 39.366531 12.688911
v 6.312562 38.428806 11.354728
v 5.765062 37.798851 11.094872
v 2.137384 38.613571 8.051011
v 1.265099 39.159645 7.569749
v -1.211306 42.345772 6.791262
v -1.559456 44.207970 7.013130
v -1.305953 45.076996 7.233562
v -1.194963 32.154476 17.495974
v -0.292388 32.236019 15.668206
v -0.080573 33.616241 21.909685
v -1.832688 33.109047 21.062153
v -1.203917 33.515362 21.868073
v -0.639685 33.541439 21.878828
v -1.201742 33.083466 21.051600
v -0.224951 34.108875 22.677561
v -0.713364 34.043530 22.650606
v -1.199743 32.728748 20.198761
v -0.570977 33.112617 21.063625
v -1.699277 34.040741 22.649456
v -0.873084 35.249794 24.037975
v -0.537932 35.294636 24.056473
v -0.703864 35.977646 24.655743
v -1.206250 34.020752 22.641211
v -0.957763 35.943680 24.641729
v -1.044699 36.690338 25.178486
v -0.874220 36.713146 25.187895
v -1.047547 37.494854 25.648390
v -1.211306 35.234165 24.031528
v -1.208720 34.595318 23.364418
v -1.219540 37.479408 25.642019
v -1.194963 35.553955 9.254819
v -1.197936 37.050297 8.174855
v -1.992605 36.309441 8.693563
v -0.507826 37.898746 7.756146
v -0.450772 37.084827 8.189098
v -1.201742 38.719604 7.388233
v -1.891858 37.894829 7.754531
v -1.203917 39.601536 7.113714
v -1.213987 43.267319 6.853870
v -1.219540 45.073494 7.232118
v -1.216740 44.179150 7.001242
v -0.727773 45.206383 7.286935
v -0.591208 45.304264 7.327312
v -0.530957 45.361637 7.350977
v -0.476781 45.423969 7.376690
v -1.222364 45.942722 7.544529
v -0.301768 45.869118 7.560311
v 2.212633 49.749886 11.299907
v 1.778281 49.370132 10.578593
v 1.327023 51.418041 14.101549
v 0.607704 51.608013 14.179914
v -0.627757 46.578682 7.853008
v -0.769740 46.669735 7.890568
v -1.095797 46.771355 7.932486
v -1.821280 46.575302 7.851615
v -1.884374 46.520611 7.829052
v -1.992605 46.396080 7.777683
v -2.139042 46.023617 7.624044
v -2.142564 45.863907 7.558163
v -3.914612 43.458614 7.250308
v -4.422453 41.507385 7.335211
v -3.908884 38.334145 7.935748
v -3.414501 37.334061 8.291906
v -1.783247 45.249176 7.304587
v -1.557787 45.131844 7.256188
v -2.933001 32.278046 16.632914
v -2.782103 32.395615 18.468338
v -1.945315 32.484535 19.329329
v -1.197936 32.454231 19.316830
v -2.033323 32.188465 17.509995
v -2.864557 32.294880 17.553890
v -1.891858 32.756809 20.210335
v -2.578089 32.844662 20.246574
v -2.686341 32.579399 19.368460
v -2.327908 33.609882 21.907063
v -2.458271 33.189133 21.095188
v -1.768312 33.538246 21.877510
v -2.040079 34.665230 23.393257
v -1.626174 34.612244 23.371399
v -1.724404 35.974762 24.654552
v -1.388829 36.689365 25.178085
v -1.549625 35.247883 24.037186
v -1.559456 36.711205 25.187096
v -2.047707 36.863373 25.249865
v -1.557787 37.537762 25.666090
v -1.890349 36.798595 25.223143
v -2.451570 36.201385 24.748034
v -2.197813 36.941490 25.282085
v -2.217211 36.104912 24.708239
v -2.535586 35.462624 24.125769
v -2.844944 35.589977 24.178301
v -5.800566 34.742458 21.735935
v -6.243257 35.158852 21.907696
v -8.057615 36.024025 20.789370
v -9.616665 37.555359 19.723839
v -10.231394 38.527878 19.210970
v -2.214688 35.362617 24.084515
v -3.136103 34.353683 22.778545
v -4.798729 34.033436 21.443462
v -10.440092 38.272453 17.185608
v -2.842757 34.877220 23.480703
v -2.446798 34.753815 23.429798
v -2.188113 34.103321 22.675270
v -2.668463 34.207939 22.718426
v -3.413122 33.896492 22.025288
v -6.390686 33.881119 19.081108
v -7.893803 34.912109 18.633497
v -2.877789 33.729652 21.956465
v -4.123397 32.958927 19.525015
v -5.041263 33.099701 18.758774
v -5.974407 33.416733 18.016655
v -6.890700 33.907265 17.304968
v -7.758598 34.562920 16.628054
v -3.072992 33.323025 21.150417
v -3.671451 33.509537 21.227354
v -3.252407 32.991528 20.307158
v -3.908884 33.196125 20.391552
v -3.557893 32.564587 18.538040
v -3.414501 32.737995 19.433882
v -4.476552 32.720608 17.729504
v -4.313159 32.799973 18.635136
v -5.410727 33.050247 16.951447
v -5.243147 33.036186 17.859678
v -7.069134 34.025768 16.406479
v -7.197686 34.213406 15.511250
v -4.718890 32.802696 15.901960
v -4.612182 32.721519 16.815847
v -5.542572 33.141769 16.041828
v -4.842158 33.202393 14.104620
v -3.957626 32.926720 13.990907
v -3.693719 34.428371 10.907892
v -4.718890 34.889820 10.842268
v -2.864557 35.694355 9.312735
v -4.476552 36.120087 9.488348
v -4.313159 36.814869 8.902051
v -3.252407 38.129547 7.851353
v -3.072992 38.959164 7.487049
v -3.671451 39.145676 7.563987
v -3.413122 39.982662 7.270928
v -2.188113 40.587601 6.955800
v -2.214688 42.474228 6.844248
v -1.475824 45.106300 7.245651
v -1.727120 44.244484 7.028193
v -1.388829 44.186127 7.004120
v -1.549625 42.359489 6.796920
v -1.724404 43.310238 6.871576
v -1.699277 40.525021 6.929986
v -2.040079 41.492302 6.842789
v -1.626174 41.439316 6.820931
v -2.686341 37.175465 8.226486
v -2.578089 37.982677 7.790769
v -2.782103 36.410515 8.735255
v 0.388513 32.404591 18.472040
v 0.177811 32.852459 20.249790
v -0.507826 32.760727 20.211950
v 0.544359 32.287888 16.636972
v 1.289280 32.486847 17.633076
v 0.667887 33.333611 21.154783
v 0.851143 33.003139 20.311947
v 0.289612 32.587822 19.371935
v 0.054064 33.196243 21.098120
v -0.208794 35.368294 24.086857
v -0.454522 36.033447 24.678759
v -0.706801 36.750610 25.203350
v -0.963478 37.513664 25.656151
v 0.473671 35.703804 9.316631
v 0.289612 37.183884 8.229960
v 0.388513 36.419487 8.738956
v -0.400300 36.313950 8.695422
v 0.851143 38.141159 7.856142
v 1.016708 37.346600 8.297080
v -0.570977 38.748756 7.400258
v 0.468505 39.825291 7.206014
v -0.080573 39.702415 7.155327
v -0.224951 40.593155 6.958091
v -0.377839 41.497002 6.844728
v 0.254696 40.700493 7.002368
v -1.044699 44.187096 7.004521
v -0.703864 43.313126 6.872767
v -1.047547 45.088940 7.238488
v -0.543912 44.299168 7.050750
v -0.211928 43.446064 6.927604
v 0.423420 41.713528 6.934046
v -0.208794 42.479900 6.846589
v 1.002723 39.995159 7.276083
v 0.667887 38.969749 7.491416
v 2.220571 35.495907 10.144908
v 2.469901 33.538239 13.245056
v 3.335105 33.486813 18.918457
v 3.667345 34.001266 19.954979
v 3.386010 34.768456 21.746656
v 3.031519 36.020386 23.466059
v 3.647280 35.804447 22.812321
v 1.349653 37.597500 25.323931
v 2.172760 37.432877 24.938496
v -0.311621 38.195591 25.937445
v -0.301768 38.275028 25.970213
v 1.393961 32.478016 16.715401
v 0.468505 33.739120 21.960373
v -0.506630 46.464748 7.806011
v 2.235270 48.143402 9.586368
v 2.483492 47.832661 9.458188
v 1.780989 47.540878 8.934243
v 3.409073 47.685028 9.883488
v 3.154378 48.075787 10.044676
v 3.452329 48.688293 10.862001
v 4.079486 47.820854 10.504183
v 4.510197 49.009827 12.339468
v 4.921735 48.494644 12.126953
v 4.378722 48.408195 11.384775
v 5.798420 47.934437 12.664561
v 5.279278 47.946091 11.900677
v 4.967930 49.083107 13.138390
v 5.412328 48.526783 12.908906
v 6.653090 47.763062 14.291076
v 6.219997 48.427521 14.565166
v 7.056141 47.596252 18.045887
v 6.402650 48.564812 17.455830
v 6.950046 47.879547 17.173159
v 7.091607 47.266319 18.907890
v 6.534729 47.963451 19.195457
v 7.056141 46.892555 19.751816
v 6.530183 45.541912 22.104258
v 4.256709 46.131996 24.134598
v 3.920316 45.472420 24.686832
v -0.015113 43.624115 26.602598
v -1.485558 40.062164 26.569366
v -1.354525 39.176537 26.342087
v -1.439455 39.161385 26.335836
v 7.239571 45.312721 21.062344
v 5.846316 44.489449 23.457045
v 4.967930 44.487045 24.280363
v 4.921735 43.356625 24.582760
v 4.003556 43.241711 25.241875
v 3.787923 42.182003 25.443062
v 4.378722 42.772057 25.048143
v 2.235270 41.316334 26.136839
v 2.861219 41.958500 25.915531
v 2.483492 41.005592 26.008657
v 1.354028 40.914417 26.374632
v 1.052862 39.867455 26.260286
v 1.780989 40.429272 26.174509
v 0.900465 40.058231 26.338984
v 0.202998 39.453033 26.318098
v -0.410607 38.737854 26.161129
v 0.394225 39.188541 26.208996
v 0.528749 38.895725 26.088211
v 0.468919 39.045052 26.149807
v 3.133283 39.591221 25.425228
v 6.072091 38.464893 22.564920
v 6.500096 37.971725 21.592794
v 7.005238 38.140667 20.838173
v 6.867510 36.887051 19.448160
v 5.465915 40.058655 23.928865
v 6.165129 39.741459 23.091503
v 6.739757 39.335468 22.155338
v 7.613427 39.102684 20.362110
v 7.469959 37.279408 17.748604
v 2.102607 39.879036 25.947538
v 3.623067 40.789658 25.433384
v 2.699146 40.674736 25.872177
v 3.409073 41.200748 25.602959
v 5.820313 41.630424 23.870701
v 7.218375 41.065094 22.044497
v 7.276821 40.330269 21.741383
v 7.709021 39.873394 20.680027
v 7.981688 39.369587 19.558174
v 8.085280 38.844467 18.394192
v 5.279278 42.808075 24.356482
v 5.579684 42.230984 24.118431
v 8.374136 40.488144 19.072206
v 4.978522 41.745895 24.624851
v 5.798420 43.338371 23.806536
v 6.122813 42.715202 23.549477
v 6.219997 45.028042 22.806320
v 6.981326 44.849758 21.818745
v 7.943733 43.779999 20.430098
v 7.942657 46.079578 17.420258
v 7.575421 46.524044 18.601700
v 7.825199 46.382309 16.555548
v 6.122813 47.311264 12.407504
v 6.257663 47.873249 13.463634
v 5.579684 47.369003 11.662627
v 3.623067 47.273937 9.713914
v 4.324456 47.350258 10.310062
v 2.699146 47.501801 9.321708
v 1.185264 46.999798 8.393519
v 0.468919 46.541817 7.975841
v -0.373100 46.259884 7.721505
v 0.394225 46.685303 8.035030
v -2.073821 46.255074 7.719520
v -2.918013 46.532230 7.971888
v -2.036791 46.327339 7.749329
v -3.637912 46.986153 8.387890
v -2.756275 46.813030 8.087719
v -4.410944 47.254723 8.816203
v -4.555918 46.971802 8.699499
v -6.080303 47.246479 9.702587
v -5.156774 47.479572 9.312538
v -5.616933 48.050964 10.034437
v -6.783503 47.318825 10.297095
v -7.745392 47.909237 11.885473
v -8.041971 47.330456 11.646727
v -8.319837 48.464260 13.707424
v -7.884080 48.489159 12.893385
v -9.123724 47.718414 14.272660
v -8.726996 47.830849 13.446142
v -8.695039 48.385315 14.547756
v -10.011435 46.807480 17.720518
v -9.712133 47.351871 15.982864
v -10.411043 46.027641 17.398832
v -10.049088 46.474171 18.581127
v -9.769622 42.888771 21.923868
v -9.541382 41.744576 22.324783
v -9.150590 40.671749 22.706554
v -8.610918 39.699646 23.074257
v -9.453039 44.803253 21.799561
v -9.068205 43.150070 22.904552
v -8.586502 42.673576 23.532309
v -9.827259 44.072952 21.498314
v -9.123724 44.318939 22.513815
v -7.884080 43.893093 24.035360
v -7.745392 42.771217 24.341278
v -8.041971 42.192436 24.102531
v -8.726996 43.815952 23.179228
v -6.253058 42.153587 25.431341
v -6.541654 41.704628 25.246143
v -7.168890 42.238384 24.828003
v -6.783503 41.232651 25.051455
v -7.439257 41.710758 24.610359
v -5.869036 41.174488 25.592129
v -5.335657 40.303406 25.719006
v -4.671596 39.565971 25.818398
v -3.835371 39.213451 25.990509
v -3.747738 39.436344 26.082453
v -4.410944 40.143112 26.056469
v -4.555918 39.860195 25.939766
v -2.756275 39.316269 26.261684
v -2.036791 38.733250 26.159231
v -3.637912 39.650673 26.170864
v -2.918013 39.035469 26.145853
v -1.992605 38.801991 26.187586
v -2.540735 39.564270 26.363985
v -2.844270 39.179379 26.205215
v -3.814210 40.899792 26.368601
v -4.210693 43.924126 26.161690
v -4.000557 44.985031 25.960995
v -3.817999 46.807419 25.237518
v -1.669317 48.694588 24.318768
v 0.097004 49.893284 22.951828
v -0.800947 49.968796 22.982977
v -3.355727 40.046192 26.334015
v -4.513236 46.552071 25.132187
v -3.328519 48.472599 24.227200
v -2.600036 49.885654 22.948681
v -5.326210 41.935329 25.905975
v -5.920253 42.575600 25.605419
v -5.661277 47.615822 23.873779
v -5.438399 46.947296 24.470907
v -3.535119 50.260601 22.130718
v -4.350803 49.493858 22.787064
v -3.485363 49.727726 22.883535
v -5.616933 41.566681 25.753906
v -6.983370 43.839287 24.781858
v -5.188750 49.186096 22.660112
v -5.275958 49.707066 21.902384
v -6.846264 42.740288 25.035040
v -7.391489 43.321777 24.568386
v -8.319837 44.449364 23.440510
v -7.850304 45.044746 23.686106
v -7.275056 47.309235 22.833279
v -7.465589 47.849621 22.108816
v -6.753016 48.360348 22.319492
v -7.443375 44.451923 24.265877
v -8.200685 45.612698 23.047489
v -8.491529 46.150928 22.355478
v -8.695039 44.985840 22.788910
v -9.570199 47.219170 18.888441
v -7.850304 49.059643 13.953021
v -7.443375 49.047989 13.123902
v -6.846264 48.376427 11.371673
v -4.697155 48.123783 9.578276
v -3.224476 35.034355 23.545521
v -5.694879 34.257118 12.543492
v -4.612182 35.476574 10.136932
v -5.410727 35.805298 10.272532
v -4.806798 37.836319 8.499089
v -4.541752 38.594669 8.043215
v -3.136103 40.837967 7.059075
v -3.586926 41.023552 7.135630
v -2.844944 42.701588 6.938034
v -2.842757 41.704288 6.930233
v -2.451570 43.536865 6.965059
v -2.339345 37.032257 25.319527
v -2.675125 36.317726 24.796024
v -4.251448 35.692959 23.817196
v -3.586926 34.539268 22.855099
v -4.016970 34.763065 22.947414
v -4.248386 33.747036 21.325323
v -4.541752 33.456650 20.499020
v -5.458699 33.579506 19.781004
v -6.172464 33.446659 17.114967
v -5.694879 33.553421 14.249420
v -6.508295 34.680420 12.718105
v -5.714039 33.870037 13.381923
v -5.637560 34.711361 11.741282
v -1.712178 45.203598 7.285787
v -1.712178 37.609516 25.695688
v -3.931930 35.444027 23.714510
v -5.145449 33.770817 20.628613
v -5.714670 34.135860 20.779194
v -6.073372 33.973698 19.943609
v -5.735807 33.461143 18.907869
v -6.663905 33.858913 18.199053
v -6.508295 33.976727 14.424033
v -7.301189 34.789120 13.761044
v -7.197686 35.614796 12.113948
v -6.172464 36.201710 10.436051
v -6.890700 36.662319 10.626053
v -6.073372 38.569763 8.801635
v -4.421496 40.451302 7.464243
v -3.140043 42.855156 7.001382
v -3.588600 42.050915 7.073217
v -3.931930 42.271095 7.164042
v -1.849388 37.706619 25.735744
v -3.423811 36.958851 25.060488
v -2.885914 36.452908 24.851786
v -3.082083 36.605740 24.914829
v -4.808050 36.268097 24.054440
v -4.544346 35.968456 23.930840
v -3.914612 36.347004 24.490574
v -5.145738 35.642475 23.310171
v -4.422453 35.023106 23.054682
v -4.799815 35.317101 23.175957
v -4.885674 34.662811 22.341394
v -5.317660 34.999367 22.480223
v -6.244412 34.548576 20.949440
v -5.317642 34.366219 21.580736
v -7.305584 34.358833 18.405272
v -7.000145 34.355942 19.276974
v -7.559123 34.428028 17.519781
v -7.275258 35.172279 12.920996
v -6.663905 37.258389 9.957899
v -7.000145 38.370842 9.543890
v -5.714670 39.273880 8.323389
v -5.317642 40.002357 7.917368
v -4.799815 41.801380 7.456485
v -3.418289 43.033596 7.074988
v -2.339345 44.529018 7.145562
v -6.730021 35.005337 21.137854
v -7.558830 34.881435 19.493740
v -8.171857 35.004356 17.757517
v -8.643333 35.640106 15.110178
v -7.989029 35.024673 14.856312
v -8.675125 35.965660 14.246367
v -8.018018 35.347591 13.991413
v -7.559123 37.183079 10.840866
v -7.558830 38.896336 9.760655
v -6.243257 40.794987 8.244328
v -6.244412 39.686592 8.493634
v -4.251448 42.520027 7.266726
v -3.082083 43.941216 7.131855
v -4.128327 36.589844 24.590746
v -4.316504 36.850117 24.698109
v -5.731410 36.375652 23.612608
v -5.966012 36.777020 23.778173
v -5.713656 35.371834 22.633867
v -6.384106 36.211143 22.980082
v -7.292994 36.610771 22.506615
v -7.169796 34.912601 20.330906
v -7.641913 35.449059 20.552195
v -8.723519 35.631203 18.016090
v -8.643333 36.343803 13.404249
v -8.423392 38.913349 10.640570
v -7.169796 39.508663 9.188931
v -6.641824 41.247871 8.431143
v -4.544346 42.795525 7.380369
v -5.145738 42.126755 7.590701
v -4.808050 43.095169 7.503972
v -1.964605 37.825676 25.784855
v -9.460682 36.496967 17.425846
v -9.209262 36.303047 18.293226
v -9.232422 37.013172 13.680366
v -7.167229 40.640144 8.886973
v -6.070182 41.863121 8.046618
v -3.423811 44.294323 7.277513
v -2.012670 37.892155 25.812277
v -3.788610 37.582958 25.317932
v -2.945456 37.791023 25.632519
v -3.566368 37.156021 25.141823
v -2.796232 37.504356 25.514271
v -5.040243 36.589252 24.186918
v -5.238885 36.929096 24.327103
v -6.158927 37.196930 23.951384
v -7.044686 37.649002 23.573196
v -6.652668 36.670612 23.169613
v -7.539876 37.148148 22.728281
v -8.362259 37.797817 22.289751
v -8.705688 37.268997 21.302919
v -8.889700 36.158836 19.147772
v -9.889316 37.230286 17.728342
v -9.624814 37.013985 18.586489
v -10.194864 37.786072 15.995390
v -9.787657 37.358395 14.820871
v -9.751119 37.730595 13.976302
v -9.641816 38.140327 13.155730
v -8.889700 39.558311 10.906617
v -9.288626 40.240807 11.188147
v -7.552192 41.172600 9.106611
v -8.057615 40.620094 9.647395
v -6.992764 41.733269 8.631369
v -5.731410 42.859936 7.893138
v -3.688325 37.364670 25.227890
v -9.288626 36.841331 19.429302
v -10.241785 37.997490 18.044811
v -10.079875 37.488380 16.862179
v -10.440092 39.673840 13.788304
v -10.559758 39.284019 14.617089
v -5.966012 43.261303 8.058701
v -6.652668 42.756783 8.415253
v -2.878120 45.141216 7.398094
v -2.053789 45.556587 7.431394
v -3.034243 38.098381 25.759304
v -3.866344 37.808968 25.411161
v -3.920842 38.040714 25.506758
v -4.712481 37.712021 25.053642
v -7.731238 37.704536 22.957790
v -8.152344 37.187492 22.037991
v -9.606007 38.814129 21.115976
v -9.091284 38.603844 21.853542
v -9.701646 39.545612 21.417713
v -9.436691 38.094139 20.818979
v -10.049201 39.052700 20.341492
v -9.870935 38.294647 20.028795
v -10.559758 38.580326 16.323019
v -10.842595 40.106369 14.956307
v -10.514990 40.878952 13.312786
v -7.539876 42.784286 9.064914
v -2.087601 45.630184 7.461753
v -2.113810 45.706387 7.493186
v -2.945456 45.287785 7.458553
v -2.113810 38.112301 25.903088
v -10.706532 39.606335 18.708462
v -11.040890 40.245892 17.010065
v -11.040890 40.949589 15.304135
v -10.883809 39.744347 15.805076
v -10.719305 40.485649 14.123176
v -10.417089 42.072578 12.857783
v -9.606007 42.829025 11.382891
v -7.731238 43.340675 9.294423
v -7.044686 43.735176 8.818840
v -5.528841 44.479832 8.075145
v -4.784420 45.129543 7.939566
v -3.866344 45.144444 7.628187
v -3.034243 45.595139 7.585339
v -3.054912 38.256470 25.824514
v -2.142564 38.269821 25.968063
v -3.059478 38.415653 25.890181
v -3.958426 38.513237 25.701672
v -5.650733 39.185272 25.257774
v -6.472513 38.530411 24.501444
v -5.667747 38.413719 24.939510
v -6.485592 38.986462 24.689566
v -7.232486 38.677807 23.997580
v -6.413295 38.077496 24.314617
v -9.181052 39.290413 22.136753
v -8.592557 39.059441 22.810169
v -9.200879 39.981743 22.421926
v -9.669190 41.017303 22.024784
v -9.722769 40.282158 21.721539
v -10.149898 39.822853 20.659180
v -10.115727 41.372341 21.298344
v -10.417089 39.317524 19.536697
v -10.838623 41.267075 19.393517
v -10.545149 40.927582 20.200848
v -11.195441 41.451527 16.509287
v -5.667747 45.240784 8.389039
v -3.920842 45.376190 7.723783
v -2.132185 38.190437 25.935320
v -7.941184 38.854652 23.432213
v -11.050053 43.015320 15.166663
v -9.181052 43.886482 10.994780
v -9.701646 43.560509 11.684628
v -7.957921 45.074421 10.009593
v -8.592557 44.197460 10.354365
v -4.825055 45.440334 8.067768
v -4.834030 45.753284 8.196858
v -3.054912 45.753231 7.650551
v -3.059478 45.912415 7.716213
v -3.047898 38.574532 25.955717
v -3.020276 38.731712 26.020552
v -3.941180 38.749859 25.799278
v -5.478393 39.940361 25.569250
v -4.756962 39.263023 25.693432
v -5.678822 38.799862 25.098795
v -6.373281 39.891949 25.063080
v -6.976480 40.741814 24.848984
v -7.247458 39.199875 24.212933
v -7.814193 40.597069 24.150959
v -7.915466 40.020790 23.913246
v -8.564347 40.338631 23.337837
v -9.981161 42.138062 21.614202
v -10.125857 43.313469 21.185026
v -10.346213 42.531475 20.862453
v -10.486387 41.733849 20.533430
v -10.633423 42.921463 20.075951
v -11.220287 42.317833 16.866638
v -11.177637 41.965179 17.719273
v -11.114889 43.529839 16.368490
v -11.177637 42.668877 16.013342
v -10.172137 43.997818 12.737913
v -8.564347 45.476650 10.882031
v -9.200879 44.577808 11.279952
v -6.485592 45.470741 8.970096
v -2.139042 38.429535 26.033947
v -9.030627 41.354370 22.988134
v -10.965204 43.677887 18.425764
v -10.965204 44.381584 16.719835
v -10.840343 44.706078 15.864101
v -9.981161 45.537537 13.373047
v -10.486387 44.488899 13.854516
v -9.669190 45.032200 12.291700
v -7.209482 45.807114 9.673514
v -5.650733 46.012341 8.707305
v -3.941180 46.085335 8.016304
v -2.976854 38.885807 26.084118
v -2.125171 38.508461 26.066502
v -5.583727 39.566551 25.415054
v -9.340465 42.457584 22.618902
v -10.098133 44.511459 20.731827
v -11.006945 44.037876 17.576157
v -6.373281 46.376228 9.343609
v -2.103367 46.179924 7.688519
v -3.020276 46.228470 7.846587
v -2.976854 46.382565 7.910152
v -9.482970 43.617863 22.224621
v -10.729899 45.216633 17.064291
v -10.770631 44.876503 17.922091
v -10.608053 45.530418 16.204144
v -8.586502 47.269638 12.390333
v -6.248879 46.817707 9.525719
v -4.671596 46.677582 8.578132
v -1.941650 38.866608 26.214239
v -3.185849 40.223904 26.407322
v -4.999424 42.277187 26.046989
v -4.420459 41.586174 26.248146
v -5.546163 42.966942 25.766850
v -6.524625 44.319191 24.979816
v -6.947999 44.970150 24.479643
v -7.912690 46.756470 22.605263
v -9.017948 47.919441 19.177303
v -8.275025 49.159885 17.701296
v -8.885214 48.521553 17.437984
v -8.200685 49.012177 14.806334
v -6.474216 48.848198 11.566278
v -6.056013 49.285690 11.746742
v -6.983370 48.977303 12.326052
v -4.999424 48.761467 10.327520
v -5.920253 48.661770 10.851061
v -1.884374 38.926521 26.238956
v -1.821280 38.981220 26.261517
v -2.415085 39.673199 26.408916
v -2.278954 39.770767 26.449165
v -2.133537 39.856125 26.484375
v -3.299562 41.305756 26.536060
v -3.785431 42.087093 26.454777
v -3.432680 42.294155 26.540190
v -4.639443 42.589260 26.175720
v -6.056013 43.649551 25.410110
v -6.402306 45.443211 24.674784
v -7.645005 46.194004 23.287279
v -8.275025 47.758492 21.098600
v -8.366584 48.893208 18.580881
v -7.032883 50.124134 15.265019
v -7.645005 49.593483 15.046124
v -6.019282 49.895294 12.704722
v -6.947999 49.566212 13.337669
v -5.546163 49.053116 11.012490
v -4.115659 48.677479 9.806673
v -4.115659 41.850403 26.357143
v -4.687610 43.644184 26.046211
v -4.249434 42.868790 26.291029
v -5.134075 43.324184 25.914211
v -5.595333 44.048920 25.574848
v -5.096223 44.406654 25.722412
v -6.111250 46.552345 24.307989
v -6.741137 46.100880 24.121758
v -6.369698 47.199989 23.702248
v -6.584229 47.804379 23.037525
v -7.685690 48.779789 20.530296
v -7.685690 49.483482 18.824368
v -6.369698 50.599464 15.461094
v -4.249434 49.353073 10.571558
v -5.134075 49.410358 11.159852
v -3.785431 48.914162 9.904307
v -2.278954 47.267529 8.275199
v -1.752922 39.030212 26.281727
v -1.679902 39.073074 26.299406
v -1.980112 39.928520 26.514238
v -2.350898 40.766392 26.631100
v -2.579397 40.658573 26.586622
v -3.013680 41.473564 26.605282
v -3.060504 42.469769 26.612631
v -3.393270 43.320747 26.477457
v -5.811091 45.866962 24.849579
v -6.874618 48.863159 21.554274
v -6.972525 49.692631 19.908743
v -6.159985 50.474770 19.233273
v -6.874618 50.264549 18.156971
v -5.811091 50.463024 13.707604
v -2.579397 47.994049 8.803648
v -3.299562 48.417366 9.295794
v -1.679902 46.667160 7.889505
v -1.752922 46.624298 7.871825
v -3.707515 44.161560 26.259626
v -4.269897 45.784145 25.584110
v -4.728498 47.282272 24.609083
v -6.159985 49.771076 20.939203
v -5.275958 51.108452 18.505081
v -4.913847 51.367985 15.778107
v -4.513236 51.148140 13.990214
v -5.438399 50.962196 14.737823
v -1.980112 47.425285 8.340272
v -2.350898 48.101868 8.848124
v -1.654693 40.031998 26.556919
v -1.522477 39.138950 26.326582
v -1.866243 40.920502 26.694668
v -1.820029 39.987316 26.538490
v -1.614345 40.965431 26.713203
v -2.397341 41.731476 26.711670
v -1.860818 42.793964 26.746361
v -2.072299 41.819313 26.747902
v -2.672175 42.612396 26.671463
v -2.934640 43.489189 26.546942
v -2.460962 43.617195 26.599745
v -3.182497 44.354385 26.339170
v -2.807446 45.364410 26.117489
v -3.413630 45.200596 26.049915
v -3.987785 47.554321 24.721304
v -4.133977 48.254936 24.137413
v -5.328583 50.163380 21.101028
v -5.328583 50.867077 19.395100
v -4.350803 51.580982 17.727371
v -3.987785 51.569218 14.988220
v -3.626068 51.158630 13.225847
v -3.182497 50.440559 11.584811
v -4.000557 50.621170 12.297628
v -2.672175 49.439465 10.120994
v -3.393270 49.805027 10.757988
v -2.934640 49.973473 10.827472
v -2.712056 48.727497 9.423723
v -2.112482 48.189434 8.884244
v -1.602861 39.109428 26.314404
v -3.416300 49.130024 23.584354
v -4.461094 51.185684 19.526525
v -3.485363 51.814850 17.823843
v -4.419587 51.422977 18.634823
v -3.099952 51.597523 14.175586
v -2.961116 51.338318 13.299971
v -1.820029 47.484077 8.364525
v -1.866243 48.255978 8.911693
v -1.739789 41.878628 26.772369
v -1.402731 41.908897 26.784855
v -1.064089 41.909859 26.785252
v -2.271105 42.720776 26.716171
v -1.444920 42.831314 26.761766
v -1.976400 43.703632 26.635401
v -1.558739 45.531479 26.186403
v -2.085548 44.599869 26.440432
v -0.927189 45.533260 26.187140
v -1.620812 47.199356 25.399193
v -2.280884 46.321640 25.805828
v -2.440173 47.900654 24.864166
v -2.365405 47.132488 25.371611
v -3.575180 51.114281 20.495174
v -3.535119 51.661991 18.733416
v -2.440173 51.915550 15.131083
v -3.328519 51.872078 15.986045
v -2.640253 50.587090 11.645255
v -2.807446 51.000549 12.454122
v -2.271105 49.547848 10.165701
v -1.614345 48.300911 8.930228
v -2.072299 48.930927 9.507637
v -1.354525 46.770622 7.932183
v -1.654693 47.528759 8.382955
v -1.485558 47.558929 8.395400
v -1.314110 40.077560 26.575718
v -1.702601 49.966244 22.981926
v -1.687945 49.361267 23.679741
v -1.721662 51.362267 20.597467
v -2.648604 51.591297 19.693840
v -1.719532 51.674728 19.728256
v -1.702601 52.053371 17.922234
v -1.646876 51.986790 15.160469
v -1.620812 51.795422 14.257217
v -1.558739 51.167618 12.523036
v -1.976400 50.187912 10.915928
v -1.739789 48.990242 9.532104
v -1.860818 49.621033 10.195891
v -1.268433 39.184269 26.345274
v -1.181937 39.184513 26.345375
v -1.095797 39.177269 26.342386
v -1.141856 40.078049 26.575916
v -0.846971 40.967602 26.714100
v -0.970309 40.063625 26.569965
v -1.102461 40.989090 26.722961
v -0.991711 43.749138 26.654171
v -0.395710 44.604649 26.442402
v -0.298233 45.480370 26.165321
v 0.322601 45.373268 26.121143
v 0.472382 46.210018 25.759785
v -0.898572 46.385521 25.832180
v -0.127697 47.138821 25.374222
v 0.607704 47.011951 25.321888
v 0.727413 47.772232 24.811193
v -0.849847 47.974148 24.894485
v -0.830154 48.696960 24.319748
v 0.005561 48.626678 24.290758
v 0.916046 49.142284 23.589413
v -0.813808 49.363743 23.680763
v -1.719532 50.971031 21.434185
v -0.786090 51.677368 19.729347
v -1.713160 51.905750 18.833967
v -0.791681 51.908360 18.835045
v -0.830154 52.096439 16.078594
v -1.485211 50.232025 10.934124
v 0.149370 51.286411 20.566177
v -0.813808 52.118793 17.001848
v -0.849847 51.989044 15.161400
v -0.898572 51.523544 13.376375
v -1.064089 49.021469 9.544985
v -1.010768 39.162601 26.336338
v -0.800977 40.034412 26.557917
v -0.348106 40.858952 26.669279
v -0.109114 40.772736 26.633715
v -0.594781 40.924095 26.696152
v -0.068323 41.738068 26.714388
v -0.726837 41.881493 26.773552
v 0.159639 44.508842 26.402882
v 1.138512 46.034092 25.687214
v 0.929859 45.212891 26.054987
v 1.327023 46.821980 25.243525
v 1.637371 48.271271 24.144150
v 0.830486 48.484367 24.232052
v 2.419123 47.989258 24.027821
v 0.056739 49.290535 23.650564
v 0.143518 50.895500 21.403028
v -0.298233 51.116508 12.501956
v -0.200166 49.553711 10.168118
v -0.015113 50.108398 10.883128
v -0.970309 47.560387 8.396002
v -0.800977 47.531170 8.383951
v -1.010768 46.756687 7.926435
v 1.958660 50.500153 21.239948
v 1.061122 51.440891 19.631800
v 0.830486 51.883846 15.990899
v 0.159639 50.595016 11.648523
v 0.702844 50.451553 11.589346
v -0.393940 48.935677 9.509596
v -0.594781 48.259575 8.913177
v -0.927599 39.140633 26.327274
v -0.847020 39.111565 26.315285
v -0.320978 39.861256 26.486492
v 0.337505 40.540314 26.537842
v 0.549713 41.483650 26.609442
v 1.318329 42.101536 26.460735
v 1.360058 43.128033 26.397964
v 0.590881 42.480103 26.616892
v 0.964213 42.306595 26.545321
v 0.919140 43.332947 26.482492
v 2.692323 46.259941 25.011684
v 2.948390 46.971031 24.480698
v 1.493783 47.569832 24.727703
v 2.236284 47.301979 24.617214
v 3.168875 47.640808 23.884089
v 3.880036 47.228996 23.714212
v 2.690303 49.208393 22.669310
v 2.570895 48.626541 23.376667
v 3.351895 48.263573 23.226944
v 3.495888 48.834000 22.514874
v 2.828242 50.186462 21.110550
v 2.828242 50.890156 19.404621
v 2.570895 51.381592 16.697754
v 2.023937 51.166634 13.997845
v 1.493783 51.584732 14.994619
v 2.236284 51.316875 14.884130
v 0.929859 50.849030 12.391620
v 0.459403 49.983078 10.831433
v -0.348106 48.194427 8.886304
v 1.229129 44.175529 26.265388
v 2.082461 44.738411 25.859264
v 3.495888 50.921120 17.455181
v 3.599627 50.748611 18.356647
v 2.419123 51.388737 15.786666
v 1.518202 50.636787 12.304070
v 0.549713 48.595261 9.369175
v 0.247152 48.735878 9.427177
v -0.174998 39.776722 26.451620
v -0.038223 39.679924 26.411690
v 0.729413 40.234982 26.411892
v 0.541208 40.396149 26.478373
v 0.836701 41.317463 26.540890
v 1.650118 41.866722 26.363873
v 1.105594 41.127163 26.462389
v 1.956662 41.604218 26.255590
v 2.170135 42.608528 26.183668
v 1.778281 42.885853 26.298065
v 3.075654 42.991341 25.776913
v 3.119148 44.073578 25.585022
v 2.212633 43.663712 26.054264
v 2.617678 44.428478 25.731417
v 2.402857 45.513611 25.472515
v 4.546357 46.757427 23.519690
v 4.092695 47.834591 23.049990
v 4.260009 48.391514 22.332348
v 3.683153 50.185081 20.111877
v 3.662227 49.798870 20.950666
v 3.662227 50.502563 19.244740
v 2.948390 50.985928 14.747613
v 1.733871 50.027122 11.414268
v 1.318329 48.928604 9.910264
v 0.337505 47.875790 8.754867
v -0.320978 47.358017 8.312525
v -0.696438 39.033203 26.282961
v 2.989961 45.173637 25.332275
v 3.540048 44.784325 25.171686
v 4.380548 48.895012 21.567411
v 4.477602 49.725033 19.922110
v 4.453287 49.340782 20.761707
v 4.453287 50.044479 19.055779
v 4.380548 50.296398 18.170109
v 3.540048 49.922348 12.715881
v 3.119148 49.709717 11.921654
v 2.617678 50.064617 12.068050
v 2.170135 49.092808 10.464198
v -0.564302 38.930260 26.240496
v -0.627757 38.984596 26.262909
v 2.532174 42.298504 26.055782
v 3.582464 43.676826 25.421360
v 2.661208 43.346245 25.923311
v 4.469131 45.002457 24.492971
v 4.048282 44.349106 24.992161
v 4.841424 45.631290 23.928055
v 5.428071 46.794220 22.620834
v 6.010910 46.191971 22.372406
v 5.637421 47.318390 21.889683
v 5.909682 48.609318 19.461876
v 5.194468 48.816231 20.545330
v 5.788245 49.199677 17.717712
v 5.161982 49.629723 15.061075
v 4.469131 49.598522 13.350997
v 4.256709 50.146896 14.401512
v -0.038223 47.176685 8.237725
v 5.721501 45.652092 23.063740
v 5.879258 48.229828 20.303438
v 6.501639 48.290413 18.332228
v 5.879258 48.933525 18.597509
v 4.841424 49.646187 14.194970
v 4.048282 49.487129 12.536354
v 1.956662 48.431286 9.705121
v 1.579821 47.792717 9.038125
v 0.729413 47.570461 8.628918
v 0.202998 46.949791 8.144133
v -0.373100 38.665802 26.131407
v 2.220231 39.585472 25.826443
v 1.296508 39.450615 26.088341
v 1.385615 39.228226 25.996605
v 2.880338 40.326656 25.728596
v 3.025476 39.964424 25.579174
v 3.794479 40.361847 25.256914
v 4.324456 41.264084 25.064419
v 6.880116 42.503487 22.637836
v 7.360375 44.121590 21.518375
v 7.981920 45.743145 18.279581
v 7.308449 46.336571 13.702649
v 7.016973 47.064034 14.002727
v 5.820313 46.768440 11.414896
v 4.978522 47.382034 10.961486
v 3.025476 46.791492 9.028706
v 1.385615 46.563702 8.213630
v 2.102607 46.990646 8.707272
v 0.573192 38.741879 26.024748
v -0.320740 38.513565 26.068611
v 1.494492 38.765240 25.805626
v 1.513304 38.528717 25.708059
v 1.451804 38.999092 25.902088
v 2.363951 38.974323 25.574345
v 2.307602 39.283016 25.701679
v 3.921803 39.921082 25.075096
v 5.197885 41.198418 24.399017
v 5.360826 40.634350 24.166340
v 6.382657 42.066689 23.281967
v 7.524955 42.187599 21.634638
v 7.308449 42.937096 21.943804
v 8.307531 44.930492 17.944361
v 8.266878 45.270390 17.086468
v 8.507709 44.436687 16.742565
v 6.575666 45.994598 11.864378
v 5.197885 46.834557 10.735649
v 1.451804 46.334572 8.119113
v 3.202813 39.210323 25.268110
v 4.666435 40.269783 24.654270
v 6.114328 40.380169 23.354971
v 8.034983 41.786255 20.555050
v 8.507709 43.732990 18.448494
v 8.536343 43.920498 15.540050
v 8.663031 43.585808 16.391577
v 7.524955 45.587078 13.393482
v 5.999052 46.149693 11.159661
v 6.700148 45.312668 11.583082
v 5.360826 46.270489 10.502972
v 4.003920 45.955509 9.170063
v 3.921803 46.405365 9.355626
v 0.601854 46.081619 7.786012
v 0.610975 38.266842 25.828794
v -0.300005 38.354973 26.003191
v 0.614486 38.426048 25.894466
v 1.508076 38.291611 25.610250
v 2.388783 38.662109 25.445557
v 2.381881 38.349121 25.316448
v 3.177337 38.055115 24.791586
v 3.233454 38.825081 25.109198
v 3.224937 38.438881 24.949888
v 4.030050 38.560131 24.513704
v 6.755005 40.026894 22.440552
v 8.663031 42.882111 18.097506
v 8.705381 43.238686 17.246492
v 7.664589 44.822136 13.077944
v 7.218375 45.079990 12.311413
v 7.276821 44.345165 12.008298
v 6.114328 45.518188 10.899166
v 5.512226 45.112537 10.025317
v 4.040108 45.500526 8.982382
v 4.760439 45.840988 9.687488
v 3.202813 46.037392 8.717639
v 1.494492 46.100716 8.022649
v 0.614486 45.922810 7.720502
v 5.499353 38.892685 23.447903
v 4.801866 39.233971 24.226997
v 6.151009 39.101158 22.827379
v 5.512226 39.476398 23.688684
v 8.081265 40.172421 19.889341
v 8.755015 41.507984 16.532576
v 8.585133 42.219257 14.838288
v 8.731481 42.725216 16.036583
v 7.726125 44.048466 12.758804
v 7.260575 43.608509 11.704428
v 3.224937 45.265953 8.399419
v 4.030050 45.044411 8.794233
v 1.508076 45.627090 7.827276
v -0.300005 45.949059 7.593288
v 0.610975 45.763603 7.654830
v 2.273393 37.731789 25.061800
v 2.343305 38.038101 25.188152
v 3.091073 37.677155 24.635677
v 3.871951 37.660503 24.142609
v 3.973833 38.106888 24.326744
v 5.297029 37.741402 22.972998
v 5.723200 37.226757 22.054188
v 5.427410 38.312653 23.208641
v 8.648228 40.647011 16.177425
v 7.709021 43.272865 12.438871
v 6.739757 43.931534 11.013364
v 5.499353 44.528828 9.784536
v 5.427410 43.948792 9.545273
v 4.725996 44.279152 9.043231
v 3.973833 44.591171 8.607272
v 0.591352 45.605400 7.589571
v 0.555791 37.952831 25.699265
v 6.654538 38.648399 21.871922
v 8.413415 39.457165 16.684713
v 7.005238 42.155563 11.105087
v 6.500096 42.567791 10.450821
v 2.343305 45.149712 7.947886
v -0.329478 45.711437 7.495270
v 3.725301 37.224899 23.962923
v 3.958322 36.240414 22.992155
v 4.866037 36.645180 22.520807
v 4.441489 37.183323 23.381105
v 5.130694 36.070469 21.577221
v 5.456293 36.635761 21.810404
v 5.929069 37.838257 22.306433
v 6.277789 37.311398 21.320408
v 7.190814 37.602924 19.743458
v 7.440185 38.343636 20.049002
v 7.541462 37.807320 18.913740
v 8.454696 39.799072 15.827649
v 8.413415 40.160858 14.978786
v 8.289925 40.539440 14.145365
v 7.190814 41.002396 11.502302
v 3.871951 44.144783 8.423138
v 4.609367 43.768154 8.832443
v 2.966901 44.135391 7.933064
v 0.438238 37.653839 25.575930
v 0.504603 37.800785 25.636545
v 8.136028 38.633228 16.344843
v 7.814953 38.171894 15.156440
v 7.661075 38.939972 13.485583
v 7.776401 38.540627 14.310439
v 6.768389 41.452042 10.814885
v 6.461318 40.772114 10.534414
v 6.277789 41.907463 10.178435
v 2.805915 43.778931 7.786023
v 2.172760 44.544487 7.698231
v -0.388506 45.561298 7.433338
v 0.504603 45.297546 7.462581
v 2.042291 37.143986 24.819330
v 4.221495 35.642475 22.107191
v 5.647893 35.491783 19.745506
v 6.086721 36.106857 19.999226
v 6.011085 35.554718 18.898575
v 6.473111 36.202309 19.165705
v 7.046189 36.543678 17.445116
v 7.227988 38.188065 13.175421
v 7.337692 37.778954 13.996250
v 6.793846 39.103386 11.632992
v 5.637973 40.658844 9.663382
v 4.569214 41.765984 8.644865
v 0.357280 37.513283 25.517952
v 1.130242 37.169312 25.147305
v 3.303230 36.401222 23.623156
v 6.858227 36.683533 14.542488
v 7.337692 37.075260 15.702179
v 6.473111 39.601788 10.924550
v 4.221495 41.278614 8.443824
v 2.379465 43.115505 7.512362
v 3.303230 42.885506 7.903685
v 0.988994 44.306812 7.282663
v 0.357280 45.010040 7.343986
v 0.154552 37.256218 25.411913
v 0.828313 36.786457 24.989376
v 2.117750 35.987309 23.938614
v 4.757531 34.946350 20.344830
v 4.315356 35.036591 21.150745
v 3.832781 34.577091 20.961203
v 4.236424 34.450165 20.140150
v 4.900946 34.393379 18.419519
v 5.485489 34.949970 18.649115
v 6.312562 35.673752 18.033642
v 6.823756 36.354912 15.405035
v 6.271077 36.007954 14.263815
v 6.823756 37.058609 13.699107
v 6.239111 36.385918 13.421621
v 6.143487 36.812881 12.608158
v 4.757531 39.542419 9.202854
v 2.722424 42.149017 7.599885
v 2.117750 42.814377 7.388145
v 0.154552 44.752975 7.237946
v 0.034563 37.141964 25.364782
v 1.484579 36.362282 24.496876
v 3.825934 35.187344 21.919449
v 5.485489 38.349449 10.407960
v 4.593494 38.403648 9.557423
v 2.899921 41.108788 7.735457
v 3.293443 41.483498 7.890022
v 0.649611 43.951778 7.136210
v 1.484579 43.473892 7.256610
v 1.248687 36.137669 24.404224
v 2.470173 34.683624 22.349979
v 4.262590 33.889832 18.211809
v 3.987191 33.910488 19.093224
v 3.576033 33.443760 18.027803
v 2.847307 33.059078 17.869123
v 3.933367 33.579697 16.222473
v 5.588894 35.766792 13.166232
v 4.878820 35.206673 12.935184
v 5.618075 35.386177 14.007332
v 4.900946 37.792854 10.178366
v 5.156155 37.219059 10.855708
v 3.667345 38.597328 8.813004
v 3.987191 37.925385 9.360139
v 2.905586 40.025631 7.926967
v 3.832781 39.715111 8.505397
v 2.378663 41.821701 7.464865
v 0.034563 44.638725 7.190818
v -0.237401 36.947037 25.284374
v -0.727773 37.612301 25.696836
v 0.021787 36.208385 24.750921
v 0.714021 35.754452 24.246145
v 0.244568 36.325989 24.799431
v 0.419945 35.599216 24.182112
v 0.111436 35.470116 24.128859
v 0.423420 34.886459 23.484516
v 4.904959 34.823662 13.775291
v 3.055295 38.199661 8.648969
v 2.007974 40.469498 7.471747
v 1.166954 35.237305 23.629238
v 2.007974 34.383324 22.226107
v 2.137384 33.475548 20.506817
v 3.055295 33.603600 19.790943
v 3.016924 33.074097 16.961285
v 2.220571 32.740856 16.823822
v 2.328952 32.822639 15.910187
v 3.246515 34.736504 11.751652
v 4.137995 34.325344 13.569736
v 3.150373 35.253494 10.992284
v 3.776022 36.229862 10.447664
v 3.016924 35.829147 10.282370
v 2.847307 36.458553 9.627967
v 3.335105 37.501709 9.185373
v 2.405653 37.856728 8.507508
v 1.840451 39.400406 7.669063
v 2.388886 39.689915 7.788486
v 0.419945 42.710823 6.941845
v 0.244568 43.661465 7.016458
v -0.881685 37.539677 25.666880
v -0.211928 36.110588 24.710579
v 1.517387 34.124352 22.119280
v 1.170949 34.552734 22.860653
v 0.721363 34.364601 22.783049
v 1.840451 33.764267 21.332430
v 1.916863 32.817600 18.642408
v 2.642969 33.121445 18.767744
v 2.454151 33.926735 12.407209
v 1.916863 36.832497 8.909323
v 1.724127 37.571541 8.389868
v 1.170949 41.037018 7.141183
v 0.021787 43.543861 6.967947
v 0.111436 42.581726 6.888592
v -2.870426 32.355858 15.461668
v -0.351024 32.261562 15.422771
v 1.306258 32.535866 15.535922
v 0.484079 32.365349 15.465584
v 1.292930 38.467640 12.574091
v 1.306815 33.960598 11.604924
v 1.306258 34.442524 10.913729
v 0.484079 34.272007 10.843391
v -1.192725 34.131943 10.785615
v -3.692714 33.171539 13.093792
v -3.692826 32.884422 13.885983
v -3.707047 36.546837 17.190447
v -3.693719 32.521717 15.530086
v -1.136695 35.964252 24.661873
v -2.197871 36.619823 25.077026
v -5.068292 39.167297 25.531610
v -6.888593 42.316483 25.026564
v -7.271673 44.494152 24.392458
v -6.329103 47.206615 23.727444
v -3.617110 49.666786 22.908813
v -4.194389 38.230858 25.504896
v -7.652356 43.658428 24.293400
v -7.668424 44.747887 23.971664
v -6.942573 46.516136 23.719706
v -6.527524 47.409233 23.420563
v -6.691143 47.626625 23.103428
v -6.068707 48.380775 22.907200
v -5.277545 48.851334 22.983368
v -4.510278 49.466911 22.734562
v -2.062821 35.875671 24.546776
v -3.112692 36.586346 24.894535
v -4.115596 37.399193 25.110828
v -5.859729 39.289532 25.181168
v -5.857034 38.430706 24.841208
v -7.232399 40.548790 24.623524
v -7.978181 42.809658 24.130318
v -8.018284 45.029110 23.527401
v -5.364658 49.152721 22.578083
v -4.515746 49.572582 22.598635
v -3.630592 49.771557 22.772058
v -2.981561 35.842052 24.363501
v -3.884841 35.863682 24.113659
v -6.615183 39.461407 24.776358
v -7.328015 39.681412 24.320738
v -6.141662 48.576160 22.640402
v -5.814796 37.603432 24.432547
v -7.991960 39.947620 23.818308
v -8.800319 44.581184 22.835684
v -8.565475 45.663918 22.584253
v -7.996712 46.356083 22.809168
v -8.168927 46.667385 22.370319
v -6.960409 48.347778 22.118710
v -4.505250 49.680016 22.464396
v -3.612082 49.879860 22.638683
v -4.478884 49.788261 22.333021
v -8.056385 39.109509 23.435444
v -8.747073 42.275311 23.373552
v -8.981803 41.439152 23.059055
v -8.290632 46.993336 21.925240
v -7.688166 47.863888 21.819735
v -6.973672 48.604111 21.788984
v -4.436879 49.896374 22.205667
v -3.562229 49.987892 22.513363
v -7.362602 38.016541 23.525513
v -8.062505 38.297161 22.995874
v -9.188603 42.630219 22.812883
v -9.217805 43.806095 22.556206
v -9.510736 44.195293 21.988436
v -9.282775 45.323353 21.771738
v -8.360759 47.331078 21.477839
v -7.703830 48.166626 21.430317
v -5.317902 49.631313 21.980059
v -6.121979 49.410366 21.582809
v -7.301278 37.233246 23.039864
v -8.010267 37.517513 22.503349
v -9.567078 43.016701 22.227524
v -9.879169 43.431362 21.622614
v -6.948213 48.864716 21.463345
v -6.884254 49.127304 21.144659
v -4.379603 50.003399 22.083454
v -3.526054 50.040619 22.455114
v -9.634579 40.998131 22.076151
v -10.049668 41.422005 21.434156
v -9.899949 45.039154 20.817924
v -9.518018 46.137238 20.677290
v -8.378689 47.677635 21.032049
v -7.673760 48.474411 21.045727
v -7.598223 48.784531 20.669348
v -6.782358 49.389565 20.835724
v -4.307562 50.108406 21.967451
v -5.062748 50.108112 21.435606
v -8.660823 37.848614 21.921566
v -9.283611 38.994240 21.807577
v -9.794085 39.404568 21.159365
v -10.178869 40.630306 20.976244
v -10.391953 41.876785 20.770725
v -10.293841 44.330421 20.375536
v -9.992811 45.486397 20.225470
v -8.344268 48.029972 20.591789
v -8.954014 47.535191 20.105408
v -7.477880 49.094273 20.304485
v -4.221387 50.210457 21.858683
v -3.432794 50.141178 22.349993
v -3.376527 50.188133 22.304041
v -9.764327 38.639294 20.642998
v -10.531929 41.099400 20.291925
v -10.658426 42.358467 20.091682
v -10.429558 43.118729 20.563679
v -8.857345 47.932068 19.623741
v -6.468663 49.903904 20.257862
v -5.615755 50.240387 20.650286
v -4.934406 50.260105 21.273615
v -4.786142 50.406372 21.123817
v -10.806789 41.596245 19.591509
v -10.418077 45.295853 19.115395
v -9.970974 46.411888 19.052153
v -8.703339 48.328445 19.156813
v -6.259620 50.151466 19.994013
v -4.009784 50.402168 21.666595
v -3.247192 50.273315 22.227383
v -10.207578 39.091927 19.957451
v -10.106841 38.358368 19.405266
v -10.592478 40.330807 19.783241
v -10.846744 42.862820 19.402998
v -9.391755 47.429642 19.062368
v -8.493346 48.720856 18.708729
v -7.695920 49.434944 18.961987
v -5.420043 50.433464 20.452551
v -3.175259 50.310799 22.197344
v -10.573084 39.577557 19.249008
v -11.112959 42.655521 18.167078
v -10.369513 45.792942 18.494263
v -7.413297 49.769650 18.605263
v -6.018130 50.389706 19.750025
v -5.746315 50.616524 19.528048
v -3.608964 50.646458 21.454111
v -10.473914 38.846077 18.693789
v -10.759684 39.362644 17.965570
v -11.058729 40.630489 17.788492
v -11.186284 41.921143 17.611673
v -10.982998 43.921658 18.020943
v -10.929736 44.466835 17.339718
v -10.247516 46.293808 17.886387
v -10.561565 45.670086 17.281815
v -10.053157 46.794048 17.297115
v -8.992468 48.294903 18.058647
v -7.913265 49.480003 17.884636
v -7.086804 50.091743 18.275396
v -6.575302 50.275475 19.022238
v -10.961639 39.903522 17.227015
v -11.215532 42.486423 16.884537
v -11.086640 43.770985 16.752914
v -9.788142 47.289272 16.731623
v -9.112424 48.272366 16.893942
v -7.548274 49.840080 17.515873
v -5.121508 51.028030 19.157709
v -4.411763 51.097542 19.854918
v -3.797052 51.009197 20.599476
v -11.078006 40.463963 16.484606
v -11.174599 41.188538 17.049250
v -11.159386 43.061127 16.166416
v -10.795936 45.016155 16.673035
v -8.356150 49.127651 17.154661
v -7.137447 50.182892 17.180372
v -2.938074 50.398975 22.143410
v -2.854200 50.419418 22.138020
v -11.147352 42.343327 15.585231
v -11.018339 43.640205 15.463627
v -10.948628 44.337597 16.065245
v -10.728755 44.903507 15.398617
v -10.582772 45.564796 16.026752
v -10.077907 46.718174 16.066002
v -9.726946 47.229710 15.500884
v -7.955772 49.522633 16.750145
v -5.105951 51.243225 18.151316
v -3.561871 51.096630 20.545998
v -10.428952 45.463737 14.758892
v -9.056068 48.247334 15.691603
v -9.307133 47.726883 14.971003
v -7.505117 49.898678 16.382118
v -6.684398 50.505428 16.881083
v -7.008145 50.252487 16.053814
v -5.874579 50.954758 17.474588
v -2.969587 50.862770 21.335966
v -10.776850 43.515774 14.183189
v -10.051855 46.013371 14.151690
v -8.595442 48.701752 15.226215
v -6.469223 50.580944 15.768118
v -5.404761 51.199577 17.278406
v -5.667889 51.078548 16.401320
v -4.908726 51.419224 17.120739
v -2.629887 50.915176 21.352819
v -2.598418 50.451374 22.160263
v -10.466478 44.095757 13.520911
v -9.600779 46.547565 13.582348
v -8.822155 48.205330 14.481013
v -7.505214 49.541439 14.425098
v -4.390831 51.611763 17.002975
v -4.220232 51.603287 17.910713
v -3.752706 51.746326 17.843599
v -3.223010 51.733841 18.726009
v -3.154781 51.522797 19.622652
v -2.821737 51.583996 19.626671
v -10.678553 42.801170 13.606266
v -10.366851 43.383636 12.941151
v -10.076086 44.664764 12.892303
v -9.079685 47.061638 13.055868
v -8.276277 48.660835 14.035221
v -6.700578 50.284924 14.924310
v -6.078439 50.609123 14.664521
v -3.855630 51.775505 16.926147
v -2.812064 51.809353 18.730968
v -2.514268 50.451927 22.180265
v -9.974787 43.955078 12.309850
v -8.493155 47.551071 12.576880
v -7.788327 48.577988 12.876879
v -6.222359 50.264732 13.819628
v -5.421581 50.899979 14.455737
v -2.788829 51.952129 17.818695
v -2.153362 51.647919 19.709736
v -2.311428 51.326401 20.561090
v -2.061844 51.328045 20.620420
v -2.431913 50.447388 22.206316
v -9.609107 45.217796 12.302889
v -9.069643 45.749989 11.757849
v -7.846342 48.011551 12.149589
v -7.108322 48.992428 12.516391
v -3.307825 51.909004 16.890932
v -2.300949 52.013088 17.861122
v -1.987352 51.888233 18.833464
v -2.352076 50.437794 22.238186
v -2.275459 50.423225 22.275593
v -9.505807 44.510479 11.717911
v -8.964032 45.044956 11.170536
v -7.847844 47.394936 11.461880
v -4.735779 51.154942 14.299792
v -4.791873 50.846252 13.431040
v -3.993393 51.587418 15.095566
v -3.321621 51.751137 15.052381
v -1.501474 51.632309 19.890043
v -1.817041 50.870354 21.609940
v -8.462435 46.256672 11.261973
v -8.354223 45.553810 10.672536
v -7.144931 48.439045 11.777753
v -6.381361 49.371246 12.212832
v -4.036793 51.077263 13.322651
v -2.702577 51.985760 15.975652
v -1.672214 50.831699 21.694809
v -4.812481 50.009033 11.786651
v -4.022516 50.706409 12.476817
v -3.263930 51.265606 13.272966
v -2.078218 52.063770 16.029947
v -1.188903 51.594738 20.014816
v -1.353549 51.242905 20.903154
v -2.134544 50.379734 22.365662
v -2.071485 50.351189 22.417532
v -7.066681 47.175949 10.434674
v -3.984350 50.262390 11.667773
v -3.208797 50.904716 12.424507
v -2.480078 51.409645 13.282428
v -1.826342 51.776154 14.224618
v -1.272970 52.007107 15.230536
v -0.409325 51.967781 18.384333
v -0.427173 51.752239 19.390612
v -0.604217 51.461716 20.328121
v -1.410833 50.726898 21.892607
v -6.952488 46.477028 9.841692
v -6.290400 47.580471 10.110520
v -5.470800 47.943390 9.850008
v -5.555583 48.589424 10.504696
v -4.776819 49.487644 11.025042
v -3.922620 49.748978 10.902421
v -0.075853 51.658474 19.596489
v -0.337241 51.367432 20.513899
v -1.296575 50.661674 22.003794
v -5.349771 47.247753 9.254521
v -3.837851 49.170563 10.187291
v -2.383507 51.056366 12.434468
v -2.277029 50.626930 11.623659
v -1.553898 51.160027 12.506613
v -0.906992 51.560101 13.477931
v -0.361612 51.829754 14.516810
v -0.090355 51.255684 20.716976
v -1.412844 50.734905 11.698811
v -0.727261 51.214783 12.640306
v 0.442729 51.773933 18.840908
v 0.831790 51.636536 19.111641
v -1.194644 50.588642 22.121895
v -0.426598 50.823345 21.665623
v -4.490388 47.567249 9.059105
v -2.161554 50.124992 10.856919
v -2.038065 49.554844 10.140788
v -1.270164 50.236374 10.934436
v 0.627288 51.523357 13.902302
v 0.947106 51.807106 18.067816
v 1.432973 51.757717 17.283815
v 1.191573 51.473690 19.407581
v 0.558204 51.404251 20.076302
v 0.835370 51.246029 20.346020
v -2.825629 48.752655 9.470297
v -1.127077 49.668671 10.220010
v -0.381968 50.295204 11.078086
v 1.362954 51.434933 14.195963
v 1.804346 51.463398 18.716518
v 1.082632 51.068859 20.632509
v 0.509053 50.826195 21.411478
v -0.294484 50.703892 21.850266
v -0.183224 50.574818 22.042034
v -2.693267 48.060486 8.873183
v -1.907618 48.921341 9.481377
v -0.984803 49.036644 9.561626
v -0.219353 49.728794 10.366818
v 0.298672 50.797539 12.040234
v 1.703816 51.581493 15.341282
v 2.442352 51.433300 16.875648
v 1.930870 51.581882 17.630285
v 2.391297 51.373482 18.009010
v 1.518915 51.286819 19.726128
v 0.655919 50.655815 21.664618
v -0.971186 50.329399 22.507051
v -0.093796 50.437248 22.239246
v 0.677131 49.734692 10.579924
v 1.130962 50.751648 12.303505
v 1.662684 51.082993 13.396297
v 2.406001 50.941666 13.759212
v 2.922569 51.205338 16.120275
v 2.179072 51.249485 19.081175
v 1.810940 51.077579 20.064480
v 0.773966 50.474224 21.924942
v -0.065294 49.097553 9.710340
v 0.842828 49.103527 9.926213
v 1.554496 49.686317 10.857452
v 1.353718 50.253639 11.558166
v 1.937800 50.654663 12.625576
v 3.406942 50.942368 17.738272
v 2.513369 51.009956 19.468506
v 2.279107 50.599503 20.788565
v 1.479037 50.664066 21.245602
v -0.026986 50.292400 22.440168
v -1.808008 49.945877 22.998569
v 0.990905 48.412861 9.331053
v 1.731583 49.054520 10.207345
v 2.405031 49.584084 11.196966
v 2.712097 50.507450 13.003618
v 2.984626 50.001755 12.280317
v 3.447048 50.311295 13.434308
v 3.964180 50.675209 17.051775
v 2.804299 50.746918 19.875107
v 1.624696 50.440002 21.566818
v 0.036634 49.985996 22.846062
v -0.883610 50.026405 22.914494
v -0.886127 49.919739 23.049725
v 2.593160 48.950958 10.551267
v 3.742712 49.799423 12.724565
v 3.773118 50.519722 14.633036
v 4.136194 50.067921 13.913860
v 3.948492 50.636936 15.848565
v 3.509161 50.572510 19.304216
v 4.173656 50.326073 18.711866
v 3.246234 50.159740 20.731686
v 2.579654 50.056229 21.554436
v 1.804536 49.958347 22.224503
v 0.946136 49.878555 22.725952
v -1.817273 49.891670 23.065331
v -1.834458 49.837288 23.130362
v 3.221262 49.428894 11.595483
v 3.996017 49.222111 12.049497
v 4.003208 49.916096 20.261801
v 3.393356 49.840767 21.174137
v 0.005406 49.666348 23.245474
v 5.359258 49.626099 17.483141
v 5.116554 49.633308 18.662321
v 4.474106 49.977512 19.229727
v 4.715600 49.606018 19.762285
v 0.904914 49.456612 23.253187
v -0.045564 49.505051 23.438353
v -1.891915 49.729919 23.252966
v 3.579105 48.101761 10.364202
v 5.394284 48.661484 13.107613
v 5.438098 49.569260 16.253279
v 5.870250 49.178535 16.857248
v 0.837633 49.243698 23.507790
v -0.119575 49.344669 23.624403
v -1.053225 49.489662 23.556343
v -1.931682 49.677879 23.309460
v 4.367280 47.891396 10.826082
v 4.940700 48.324409 11.926951
v 5.621219 48.016388 12.486717
v 6.005509 48.312565 13.702415
v 5.377330 49.232155 19.237404
v 4.896015 49.214859 20.304861
v 5.013765 48.807468 20.852688
v 1.786274 49.184361 23.205750
v 2.641965 48.851925 23.103565
v 1.703255 48.921654 23.519905
v 5.106332 47.630402 11.340363
v 5.789768 47.321056 11.902526
v 6.240380 47.662930 13.089240
v 6.550789 47.921860 14.334200
v 5.572151 48.809757 19.823303
v 6.190319 48.347664 19.315855
v 4.315069 48.414120 22.251448
v 2.543917 48.541649 23.474592
v -1.132420 49.386021 23.668854
v -0.333926 49.032249 23.969549
v 7.097895 47.653664 16.283064
v 7.004549 47.762280 17.556181
v 6.745245 47.832523 18.786850
v 5.699304 48.369843 20.414871
v 5.757671 47.916260 21.006908
v 3.352446 48.106949 23.372242
v 1.582706 48.660423 23.822939
v 1.425686 48.402969 24.112188
v 0.456988 48.619583 24.208984
v -0.472381 48.882957 24.125616
v -2.031550 49.579357 23.410360
v -2.090772 49.533745 23.453878
v 6.966306 46.568623 13.150360
v 6.792738 47.267155 13.729227
v 6.325789 47.878971 19.946119
v 6.887877 47.339050 19.450432
v 6.387975 47.395721 20.576883
v -2.155511 49.491104 23.492249
v 7.232194 47.268719 18.240799
v 4.121945 47.621239 23.213724
v 4.845848 47.088680 23.000391
v 0.274224 48.422512 24.414993
v -0.805779 48.604752 24.397884
v 7.449069 46.132141 13.825064
v 7.678266 46.362892 15.098815
v 8.003653 45.862347 15.816380
v 7.448973 46.224674 19.623825
v 6.376329 46.902164 21.202604
v 5.517978 46.513809 22.734064
v 2.977175 47.405685 24.173004
v 1.989209 47.632137 24.496429
v 1.722869 47.344948 24.796646
v 0.065995 48.233864 24.604017
v -1.578169 49.014061 24.032873
v -2.225198 49.451813 23.525139
v 8.182407 45.157791 15.246453
v 7.986159 46.014755 17.116299
v 8.246742 45.335297 16.547443
v 7.870614 45.584164 19.108923
v 6.851202 45.784676 21.421040
v 6.132603 45.901535 22.417017
v 3.702423 46.837292 24.108910
v 2.717442 47.065777 24.541992
v 2.412549 46.737019 24.885666
v 0.465028 47.455250 25.082775
v -0.419330 47.888344 24.924627
v 8.142782 45.472878 17.844973
v 7.342566 45.135521 20.984777
v 5.302156 46.046124 23.276596
v 2.065175 46.422295 25.201002
v 1.419420 47.070026 25.072109
v -0.692160 47.734520 25.053394
v -1.864359 48.864933 24.152378
v 8.405398 44.786385 17.285580
v 8.214678 44.914173 18.574226
v 8.201214 44.343552 19.297649
v 5.902663 45.403255 22.995033
v 6.442382 44.732456 22.660524
v 5.603158 44.912182 23.546759
v 4.067144 45.811901 24.434855
v 4.677097 45.135082 24.283066
v 1.678373 46.124386 25.485231
v 0.712163 46.566509 25.539328
v 8.659016 43.508839 17.463833
v 8.478228 44.220425 18.024300
v 5.236718 44.432621 24.067341
v 3.693254 45.408741 24.856297
v 3.267271 45.022804 25.242992
v 2.250469 45.404900 25.575871
v 1.255541 45.845894 25.735855
v -0.981963 47.595158 25.159569
v -1.286191 47.471481 25.242210
v -2.345126 48.702282 24.241215
v -2.625196 49.316486 23.599052
v 8.645319 42.928333 18.199787
v 8.364603 43.057373 19.477583
v 7.321595 43.330147 21.844505
v 6.127044 44.215416 23.241417
v 4.273353 44.699730 24.738161
v 3.813355 44.282982 25.155735
v 0.800396 45.589279 25.950668
v -0.107754 46.139256 25.881704
v -0.917345 46.734901 25.660015
v -2.140040 48.013939 24.821983
v 8.179148 42.470509 20.179375
v 6.982773 42.774605 22.468655
v 5.288339 43.222164 24.300016
v 4.316477 43.524780 24.997093
v -0.551101 45.959023 26.002136
v -1.307234 46.602993 25.732061
v -1.927125 47.275394 25.334213
v 8.544904 42.340809 18.923344
v 6.568231 42.232094 23.057575
v 6.186336 42.974907 23.451969
v 3.770764 43.104473 25.398090
v 1.716277 44.001278 26.162308
v 0.316939 45.356792 26.127789
v 0.728498 44.546799 26.294197
v -0.190584 45.150475 26.265654
v -2.258199 47.204704 25.342770
v -2.683567 48.640095 24.237131
v -2.644089 47.921318 24.815899
v -2.796030 49.295143 23.584196
v 8.088206 41.165359 20.307987
v 7.909853 41.886944 20.856323
v 6.883659 41.488403 22.609697
v 6.081610 41.707382 23.606087
v 2.741227 43.519703 25.863993
v -0.717711 44.972137 26.363056
v -1.485125 45.673264 26.136215
v -2.592482 47.153133 25.326183
v -2.853742 48.623814 24.215981
v -2.880801 49.292038 23.567284
v 6.386340 40.952152 23.170269
v 4.197781 42.312149 25.190620
v 0.161130 44.316147 26.448320
v -0.428154 44.116787 26.557209
v -2.927038 47.121132 25.284607
v 5.527189 41.205078 24.109375
v 1.850007 42.021526 26.304632
v 0.826248 42.598808 26.565563
v -1.034177 43.950459 26.619905
v -1.812118 44.705429 26.433413
v -2.454740 45.495102 26.124512
v -3.350215 48.635708 24.078659
v 6.626154 40.206970 22.680008
v 6.052187 39.686962 23.201040
v 0.128219 42.362656 26.694546
v 5.188805 39.952877 24.148235
v 4.499114 39.498627 24.557034
v 2.471974 40.330551 25.905710
v 1.133977 41.730446 26.499140
v 1.421603 40.865486 26.349873
v 0.390288 41.478848 26.636559
v -1.487441 42.917412 26.754295
v -2.942283 45.448471 26.063921
v -3.425937 45.430771 25.967440
v -3.754140 46.297260 25.519272
v -3.636947 47.914787 24.579884
v -3.903077 47.144508 25.014641
v -3.506173 48.659790 24.009604
v 6.222582 38.955952 22.662750
v 5.413073 39.194721 23.670670
v -2.171300 42.811913 26.720366
v -2.898958 43.662773 26.527388
v -3.901453 45.442158 25.835915
v -3.795508 48.737015 23.840050
v 2.968135 38.700836 25.196327
v 1.686671 40.011311 26.119036
v -0.374524 41.268936 26.715683
v -1.153737 41.102562 26.735817
v -2.059474 41.895554 26.751072
v -2.855716 42.746449 26.635305
v -3.517909 43.640121 26.403915
v -4.025908 44.558788 26.075369
v -4.524659 46.389877 25.211699
v -3.334628 49.378326 23.345707
v 0.871033 39.735371 26.269749
v -0.166644 40.379581 26.577866
v -0.987050 40.204411 26.599064
v -4.556156 44.605007 25.886015
v -4.811461 45.551537 25.472660
v -4.502347 47.258450 24.722054
v -4.885779 46.472034 25.018192
v -3.394911 49.409008 23.291800
v 3.163573 37.926426 24.732368
v 1.085607 38.890575 25.964056
v -0.822371 39.322681 26.378613
v -1.815410 40.076618 26.557964
v -2.727914 40.905876 26.598925
v -4.126445 43.654694 26.235600
v -4.202205 42.737587 26.315228
v -4.719217 43.706364 26.023914
v -4.046394 48.850574 23.633682
v -3.449249 49.443760 23.234169
v 1.280490 38.073418 25.580084
v -3.531709 41.798035 26.512962
v -4.852446 42.794270 26.083025
v -4.673784 48.234795 23.917168
v -4.250031 48.996483 23.397739
v -0.504625 37.638378 25.694839
v -2.548842 39.106964 26.228472
v -3.466866 39.967228 26.290871
v -4.252542 41.815296 26.313585
v -4.954703 41.876495 26.062840
v -5.555875 44.795082 25.397915
v -6.015224 45.923065 24.703249
v -5.835123 46.852669 24.299793
v -4.977066 48.452103 23.565773
v 0.705167 36.302696 24.684107
v -1.551151 38.327591 26.032185
v -1.414242 37.498051 25.649708
v -2.441923 38.242390 25.921480
v -4.275450 39.986591 26.067223
v -6.097626 47.020550 24.021383
v -4.331827 49.080009 23.271231
v -3.598475 49.616882 22.976959
v -2.540632 49.334545 23.596867
v -2.457633 49.357323 23.588280
v -3.590989 49.934151 22.574732
v -2.376925 49.384628 23.573366
v -1.978364 49.627541 23.362080
v -1.859411 49.783215 23.193089
v -1.806744 49.999443 22.930664
v -1.813493 50.051888 22.862211
v -1.850720 50.151592 22.726070
v -1.918384 50.241489 22.594921
v -2.014111 50.318436 22.473362
v -2.683623 50.445732 22.146481
v -2.769134 50.435047 22.139046
v -3.020018 50.373909 22.155172
v -3.099312 50.344429 22.173204
v -3.314478 50.232307 22.263052
v -3.625322 49.825508 22.704651
v -3.627846 49.718498 22.840311
v -5.199341 48.709969 23.182653
v -4.399277 49.169624 23.140495
v -5.098886 48.576504 23.377361
v -6.359164 46.098114 24.395668
v -6.445653 45.109310 24.778749
v -6.351830 44.077805 25.149078
v -6.078398 43.027359 25.484467
v -6.278545 42.128201 25.416489
v -3.325591 38.210052 25.745201
v -3.405542 39.075615 26.057573
v -1.275696 36.708027 25.191637
v -2.324599 37.410980 25.536570
v -3.538239 49.524216 23.109798
v -2.724892 49.905338 22.894436
v -3.045330 49.301113 23.515240
v -2.964145 49.294037 23.544231
v -2.710578 49.303318 23.594814
v 0.558308 37.045025 25.213772
v 1.454020 37.290863 25.121105
v -0.354270 36.850174 25.237352
v 0.396258 37.830730 25.671562
v 0.220398 38.653111 26.053566
v -0.661104 38.464897 26.076342
v 0.032229 39.505150 26.356529
v -1.321010 42.009476 26.787708
v -0.810148 43.062023 26.736795
v -0.589637 42.165638 26.768812
v -1.259810 44.823357 26.419140
v -1.651611 43.818626 26.635859
v -1.967594 45.570255 26.148682
v -1.708198 46.492943 25.773544
v -1.011574 45.803238 26.087223
v -2.116711 46.405720 25.784098
v -2.179834 48.747650 24.224113
v -1.940506 40.981186 26.696783
v -2.275030 43.722450 26.604927
v -2.369780 44.619400 26.405743
v -2.390849 47.960388 24.828465
v -2.513530 48.666325 24.245567
v -1.685256 39.189560 26.335798
v -2.798538 41.824867 26.659222
v -2.927896 44.566017 26.336380
v -2.529186 46.342087 25.763632
v -2.897536 47.897079 24.784399
v -3.509042 40.877289 26.443100
v -2.644444 39.997322 26.454931
v -3.481560 44.545753 26.225933
v -2.941996 46.302605 25.712330
v -3.148961 47.887878 24.734245
v -3.022560 48.617638 24.182304
v -4.012119 36.607887 24.645760
v -3.227696 37.377930 25.356415
v -4.277027 40.895683 26.230680
v -3.534672 42.721603 26.499865
v -3.585227 47.116806 25.128147
v -3.351513 46.287617 25.630634
v -3.258925 47.108990 25.218399
v -3.188537 48.621613 24.136396
v -4.888248 36.684254 24.332890
v -4.980496 37.474583 24.801966
v -5.063088 40.055244 25.785950
v -4.247826 39.095783 25.824604
v -5.025117 40.960888 25.963531
v -3.396156 47.893795 24.665873
v -5.040682 38.304626 25.202681
v -5.479681 42.891140 25.805288
v -5.632021 41.981106 25.762928
v -5.067643 44.684006 25.659534
v -4.364651 45.482529 25.670504
v -4.209682 47.191864 24.878878
v -4.146337 46.331444 25.379215
v -3.869219 47.950661 24.477037
v -3.123643 49.313206 23.480564
v -5.733379 36.814777 23.958672
v -6.636269 38.607990 24.423653
v -5.822860 40.172585 25.449530
v -5.746741 41.072342 25.644003
v -5.291018 43.794674 25.770725
v -5.836821 43.918854 25.478256
v -5.237957 45.648571 25.244122
v -3.198396 49.330215 23.440508
v -3.655040 48.693661 23.929832
v -6.540086 36.998314 23.526398
v -6.611165 37.784618 24.005810
v -6.548088 40.337585 25.060917
v -6.435555 41.229053 25.274902
v -6.016562 44.937267 25.103456
v -5.640390 45.772778 24.986898
v -5.226526 46.577202 24.800398
v -4.300133 48.065674 24.224516
v -4.090930 48.001102 24.358234
v -3.268930 49.351990 23.395426
v -7.371540 38.834923 23.953690
v -7.869778 40.804344 24.141199
v -7.085507 41.429653 24.859472
v -7.169530 43.412697 24.725185
v -7.456802 42.544304 24.596581
v -6.831519 44.270134 24.786083
v -6.643336 43.201717 25.123373
v -4.778499 47.343678 24.545544
v -4.494988 48.143799 24.077061
v -8.454627 41.102005 23.618177
v -7.690884 41.672371 24.401363
v -6.839380 45.309700 24.426643
v -5.543903 46.704453 24.560226
v -5.035713 47.446808 24.350903
v -3.926343 48.789474 23.741041
v -9.247227 38.223640 21.299627
v -8.704723 38.624020 22.421547
v -9.150331 40.608883 22.691061
v -8.684787 39.429337 22.873472
v -8.601183 40.257683 23.273487
v -8.246367 41.955090 23.904602
v -7.194281 45.536671 24.050236
v -6.669188 46.296387 24.066854
v -5.484468 47.702984 23.914206
v -5.271727 47.566929 24.139837
v -4.834948 48.337864 23.746237
v -4.154607 48.919777 23.518911
v -9.251222 39.791588 22.272713
v -8.448146 43.110218 23.631874
v -8.862568 43.443340 23.105627
v -8.087570 43.936764 23.831812
v -8.471349 44.245255 23.344481
v -7.507238 45.788231 23.652834
v -5.672066 47.853779 23.675987
v -3.497165 49.482273 23.173321
v -10.231655 39.851398 20.482603
v -9.750711 40.193092 21.638445
v -9.446674 41.812824 22.468746
v -7.775501 46.062172 23.237928
v -9.845156 42.219738 21.852442
v -9.071589 44.941605 22.309896
v -8.318179 45.335354 23.063572
v -7.176914 46.755440 23.357264
v -5.832873 48.017990 23.427279
v -3.572108 49.569214 23.044149
v -10.857635 40.091915 18.523899
v -10.873383 40.838577 19.067423
v -10.173746 42.656322 21.215553
v -9.738785 44.607525 21.407305
v -8.757997 46.011929 22.093658
v -7.520591 47.284122 22.599361
v -6.818521 47.856880 22.778833
v -7.370152 47.012184 22.982719
v -5.965475 48.194168 23.170263
v -11.001035 42.116474 18.881145
v -11.071899 41.370243 18.341440
v -10.122136 43.870552 21.003471
v -9.432022 45.723068 21.225937
v -8.894053 46.376320 21.596094
v -6.908541 48.097969 22.449631
v -5.332813 48.999352 22.781254
v -4.451787 49.264545 23.006687
v -4.488896 49.363934 22.870979
v -10.714507 44.104591 19.237972
v -10.392779 44.806915 19.744328
v -10.610341 43.602905 19.902550
v -7.626906 47.568855 22.210562
v -10.741142 44.619377 18.575792
v -10.955253 43.385414 18.710724
v -10.016556 45.945316 19.635149
v -8.992495 47.141308 20.597582
v -8.972448 46.753883 21.095938
v -6.194447 48.986359 22.104992
v -6.183698 48.778614 22.372213
v -5.372801 49.310104 22.375647
v -11.204227 41.761162 16.312672
v -11.141578 43.208649 17.455584
v -9.497796 46.994289 19.590733
v -9.540007 46.562225 20.130621
v -6.173813 49.197559 21.841084
v -5.357170 49.470100 22.175718
v -11.004475 42.929916 14.873318
v -10.690012 45.142742 17.921824
v -9.856467 46.882000 18.481598
v -8.257796 48.384987 20.160929
v -10.793631 44.218555 14.782343
v -9.222818 47.864452 18.550173
v -6.039399 49.622913 21.332438
v -5.255342 49.792332 21.790388
v -10.292120 46.107925 15.406550
v -10.356931 46.196770 16.661390
v -9.674041 47.351528 17.928505
v -9.425298 47.816349 17.397732
v -7.313791 49.400902 19.954346
v -8.120033 48.739555 19.743252
v -7.932191 49.090572 19.342430
v -5.926799 49.833321 21.092171
v -10.101849 45.352818 13.508000
v -10.487237 44.791103 14.128553
v -9.926531 46.640781 14.817880
v -9.454803 47.775124 16.194880
v -8.702729 48.717201 17.592110
v -8.229216 49.105835 18.283422
v -6.643420 49.649193 20.539257
v -5.170041 49.951729 21.608372
v -9.640855 45.898762 12.926141
v -9.489221 47.158680 14.265913
v -7.107396 49.701729 19.622009
v -6.860510 49.994106 19.310394
v -5.785170 50.039753 20.864119
v -3.482782 50.091862 22.400497
v -9.108304 46.424137 12.388086
v -8.738170 48.715588 16.421564
v -8.305824 49.142109 15.984750
v -8.984030 47.657066 13.755501
v -8.415400 48.131557 13.291129
v -6.719312 50.398392 17.975285
v -6.254279 50.543350 18.760075
v -4.619260 50.545624 20.987535
v -5.199754 50.617279 20.272652
v -4.121837 50.308666 21.758102
v -8.508878 46.924324 11.898565
v -7.282531 49.930237 15.232819
v -8.076971 49.134388 14.802807
v -7.819185 49.548183 15.587337
v -6.314050 50.686913 17.707563
v -5.446563 50.829922 19.330029
v -4.435225 50.676647 20.865961
v -3.886216 50.490143 21.584965
v -7.792820 46.733391 10.819619
v -6.885193 49.919323 14.096409
v -7.674293 49.089401 13.637546
v -5.516361 51.029362 18.322691
v -5.900261 50.795383 18.526207
v -4.693389 50.950783 19.972517
v -4.956825 50.790230 20.112171
v -6.364679 48.231159 10.761869
v -6.395086 48.829784 11.464639
v -7.131011 47.831821 11.081868
v -7.021496 49.487267 13.291481
v -6.323621 49.850925 13.000068
v -5.893088 50.881172 15.527539
v -6.193106 50.804859 16.620636
v -4.774008 51.209114 19.012604
v -4.022308 50.909454 20.671074
v -4.235657 50.798279 20.760162
v -3.752216 50.571808 21.513927
v -5.613832 49.711113 11.968870
v -5.603396 49.180344 11.212997
v -5.586802 50.177193 12.765867
v -5.522535 50.574612 13.597187
v -4.407115 51.371574 18.895985
v -4.114421 51.229206 19.760406
v -3.457718 50.713428 21.406036
v -4.710832 48.903481 10.312607
v -4.817513 50.463188 12.590938
v -5.284801 51.150517 15.334194
v -4.649710 51.386627 15.189779
v -5.113361 51.324097 16.225061
v -4.534399 51.539337 16.093410
v -4.672639 51.435097 18.013586
v -3.803976 51.344620 19.689814
v -4.615083 48.261524 9.655426
v -4.027058 51.371765 14.198055
v -4.024055 51.513985 18.808880
v -3.483156 51.442772 19.643761
v -3.299806 50.772137 21.370129
v -3.730769 48.532070 9.528483
v -2.944312 49.388317 10.129850
v -3.048303 49.962051 10.846216
v -3.936088 51.722382 16.007524
v -3.274170 51.862946 17.812838
v -3.628194 51.635098 18.752054
v -3.070066 51.231613 20.495117
v -3.318830 51.170990 20.511110
v -3.136618 50.822063 21.346703
v -3.136716 50.468960 11.613283
v -3.301646 51.548553 14.151423
v -2.565918 51.683739 14.160303
v -3.323687 51.871628 15.968155
v -2.800180 50.893898 21.338011
v -1.692124 51.508099 13.350949
v -2.640296 51.876331 15.060605
v -1.955407 51.961903 15.120165
v -2.752229 52.011093 16.897636
v -2.398968 51.860966 18.766891
v -2.486949 51.625824 19.655785
v -2.564142 51.309662 20.520218
v -2.817764 51.277969 20.498163
v -0.551754 50.791946 11.838077
v -1.089414 51.824966 14.343803
v -1.456095 52.104980 16.130566
v -2.193727 52.080879 16.946207
v -1.637225 52.117737 17.036211
v -1.814816 52.045288 17.939745
v -2.460203 50.926414 21.380262
v -1.087615 52.121357 17.166859
v -1.823905 51.650089 19.788054
v -2.292622 50.927513 21.420099
v 0.495229 50.300976 11.286607
v 0.089139 51.220150 12.834375
v 0.888128 51.176094 13.087112
v -0.131584 51.565205 13.662255
v 0.060627 51.975170 15.599400
v 0.350668 51.790474 14.742120
v -0.598985 52.011543 15.390751
v -0.841676 52.109024 16.276621
v -1.334703 52.048447 18.053875
v -1.580833 51.890907 18.930098
v -1.182984 51.868969 19.055946
v -1.817583 51.314575 20.697685
v 2.185955 50.153603 11.890375
v 0.700067 51.898312 15.854650
v 1.041166 51.707481 15.017752
v -0.028285 52.029022 17.545153
v -0.240361 52.075863 16.466829
v 0.342567 52.005798 16.699520
v -0.549726 52.091698 17.337006
v -0.864829 52.022537 18.202505
v -0.797301 51.822609 19.209902
v -2.128613 50.918472 21.471977
v 1.313718 51.781639 16.154259
v 0.472125 51.933880 17.789473
v 0.027809 51.884674 18.597759
v -0.888939 51.537708 20.161270
v -1.580791 51.286110 20.792206
v -1.969621 50.899361 21.535444
v 3.419987 48.793755 10.954956
v 2.068949 51.300701 14.540657
v 1.896186 51.626175 16.495592
v 0.901983 51.899437 16.972649
v -1.137855 51.185341 21.029554
v -2.202735 50.403816 22.318211
v 4.722485 48.965561 12.555021
v 4.204800 48.584290 11.414865
v 3.111546 50.753361 14.172671
v 2.739068 51.121849 14.933355
v 2.332793 51.413616 15.709870
v 0.253571 51.542133 19.825726
v 5.110898 49.250854 13.759916
v 4.453552 49.548386 13.219213
v 4.773479 49.779469 14.438062
v 3.467963 50.958477 16.568892
v 3.367423 50.899944 15.370605
v 2.947417 51.204689 17.291094
v 1.392484 51.649818 18.377739
v -0.748573 51.029259 21.324139
v -0.935604 51.113911 21.170294
v -1.536414 50.783737 21.789309
v 5.353302 49.448471 15.002304
v 4.384905 50.242809 15.136264
v 4.477168 50.335140 16.363035
v 2.810210 51.134342 18.416668
v 0.134269 51.127457 20.935566
v -0.578406 50.932117 21.489733
v 5.708973 48.909439 14.341921
v 4.941529 49.925060 15.677932
v 4.948804 49.997200 16.909496
v 3.816890 50.648636 18.213253
v 3.183926 50.866566 18.849670
v -1.962927 50.281761 22.532667
v 7.273442 46.832539 14.401053
v 6.242523 48.527142 14.960114
v 5.870567 49.077839 15.601631
v 4.792114 50.009697 18.103109
v 4.406860 50.358017 17.564684
v 2.065082 50.847801 20.419666
v 0.334659 50.983871 21.167746
v -1.105937 50.508438 22.245871
v 7.025332 47.492809 14.997416
v 7.424969 47.029182 15.686234
v 6.699835 48.231026 16.884207
v 6.706857 48.107319 15.609062
v 6.234186 48.756325 17.484535
v 6.320730 48.670830 16.230774
v 5.704920 49.225082 18.078932
v 3.049305 50.462681 20.297403
v 3.783058 50.254753 19.776308
v 1.297818 50.874306 20.933250
v -1.880871 50.197975 22.659576
v -1.031232 50.421768 22.374634
v 7.746184 46.535049 16.394604
v 7.412200 47.170166 16.976192
v 6.526708 48.306332 18.129625
v 5.982755 48.797688 18.691631
v 1.733514 50.204067 21.894077
v 2.451135 50.334873 21.167933
v -0.926327 50.232140 22.641960
v -1.828194 50.102753 22.793814
v 7.380771 46.754681 18.932037
v 7.647012 46.661068 17.682358
v 7.800265 46.130848 18.395357
v 4.275022 49.188122 21.255833
v 3.489377 49.508553 21.620867
v 4.167678 49.559509 20.756424
v 2.663533 49.766026 21.944677
v 0.862156 50.283016 22.190163
v 0.919715 50.083878 22.457951
v 6.953350 46.830254 20.114540
v 5.067817 48.387428 21.400948
v 4.324297 48.805202 21.755638
v 3.533454 49.166027 22.067953
v 1.837138 49.705002 22.555189
v 0.016618 50.141541 22.643034
v -0.897050 50.130844 22.778172
v 8.464589 43.642395 18.757114
v 6.941089 46.310608 20.773340
v 7.436200 45.683369 20.310083
v 5.746741 47.453007 21.594213
v 5.057695 47.958427 21.944824
v 3.525200 48.816189 22.511465
v 2.694826 49.161217 22.722662
v 2.702037 49.466812 22.335232
v 0.941188 49.668850 22.991810
v 0.032886 49.827133 23.047464
v 8.102509 43.766029 20.008886
v 7.760859 44.460720 20.512716
v 7.857440 45.025818 19.816782
v 6.290956 46.402641 21.817785
v 4.247420 48.018307 22.738903
v 4.983488 47.524242 22.479540
v 3.464687 48.462128 22.947506
v 1.831033 49.446243 22.883232
v -0.904578 49.811783 23.182678
v 7.581719 43.893833 21.190611
v 7.919431 43.186680 20.701683
v 6.684478 45.257076 22.051950
v 5.666609 46.984154 22.171623
v -0.938801 49.703484 23.312183
v 7.653587 42.610596 21.369955
v 6.916709 44.039452 22.275921
v 7.168894 44.585934 21.641983
v 3.939745 47.226414 23.671734
v 4.645984 46.655575 23.502804
v 3.189465 47.753761 23.781942
v 2.401545 48.233128 23.832487
v -0.988496 49.595795 23.437105
v 7.559087 41.311817 21.502476
v 6.588227 43.500862 22.881023
v 4.385653 46.228733 23.982365
v 5.021039 45.585197 23.794445
v 2.216099 47.929070 24.174101
v 0.739936 49.031990 23.753380
v 7.307316 42.042843 22.007828
v 5.741233 43.710510 23.789520
v 3.412063 46.457298 24.521410
v 1.233575 48.151550 24.385111
v 0.612682 48.823341 23.987797
v -0.215979 49.186607 23.801987
v 7.129930 40.750183 22.112158
v 3.071218 46.089775 24.905607
v 1.008061 47.908382 24.639307
v 5.714567 42.466209 23.983742
v 4.772344 42.754673 24.768421
v 4.806564 43.968796 24.552206
v 2.682882 45.737946 25.258125
v -0.630128 48.740040 24.268812
v -1.225386 49.285774 23.773643
v 5.819728 40.438808 23.684622
v 4.578556 41.518269 24.911465
v 5.177066 41.979237 24.471670
v 2.792936 44.657475 25.591541
v 1.081528 46.809784 25.320398
v -0.165869 48.055283 24.774395
v 0.751126 47.675598 24.872545
v -1.449244 49.098976 23.956455
v -1.331303 49.189816 23.869793
v 4.909839 40.729599 24.563013
v 3.569700 41.898479 25.562899
v 2.274419 44.315968 25.898880
v 3.301146 43.888477 25.532114
v 1.777778 45.093575 25.856045
v 0.152281 47.249268 25.268148
v -0.997792 48.478287 24.511694
v 3.756715 39.080055 24.907423
v 4.714428 38.734573 24.084774
v 3.962392 38.310570 24.439716
v 3.508559 39.875557 25.305868
v 4.234986 40.285126 24.963017
v 3.924298 41.087357 25.299259
v 3.174219 42.711571 25.751678
v 0.314571 46.342346 25.726980
v -0.184367 47.059460 25.427038
v -1.204478 48.361755 24.609245
v -1.716947 48.935818 24.098373
v 2.736944 39.504498 25.588556
v 2.175485 41.171955 26.145082
v 3.220041 40.690289 25.631651
v 2.893621 41.517300 25.881989
v 2.532085 42.349533 26.054747
v 2.138518 43.179890 26.148455
v 1.268964 44.806702 26.096191
v -0.541956 46.887505 25.558044
v -1.424021 48.256180 24.689676
v -2.299219 49.416218 23.552258
v 1.926920 39.175205 25.808598
v 1.498316 42.872025 26.382999
v 1.123414 43.716179 26.379509
v 0.501041 43.463173 26.548576
v -2.019108 48.802025 24.194416
v -1.654493 48.162491 24.752281
v 2.324993 37.585526 24.960167
v 2.140301 38.364304 25.421206
v 0.638599 40.600586 26.494556
v -0.145374 43.244480 26.668018
v -1.602171 47.364582 25.300598
v -1.893867 48.081505 24.796516
v 1.832323 35.974846 25.379040
v 3.543252 37.015911 25.282503
v 5.142602 40.768059 25.656492
v 4.775817 41.619377 25.995525
v 5.520895 43.383476 25.388668
v 5.000231 44.188629 25.622879
v 3.672861 48.906864 23.937544
v 2.885422 49.661652 23.673059
v -0.952861 51.034821 23.240349
v 3.622282 36.626621 24.989445
v 4.383952 37.407372 24.990839
v 4.730547 39.470974 25.648685
v 5.458141 39.927700 25.246061
v 6.014780 43.872498 24.887396
v 5.468304 44.652096 25.147802
v 5.876887 45.132698 24.636263
v 5.114940 47.424339 24.055431
v 4.341321 48.010017 24.236322
v 4.463829 37.018471 24.697487
v 5.180194 37.838787 24.637341
v 4.980341 38.640835 25.176781
v 5.719892 39.105068 24.767538
v 5.798569 41.244946 25.210566
v 5.574759 46.324368 24.352077
v 5.299335 47.865211 23.539322
v 4.509171 48.411327 23.766523
v 4.622423 48.813889 23.281696
v 2.003037 50.521271 23.127174
v 1.967347 50.776802 22.792948
v 0.960761 51.100494 22.768353
v -2.005547 51.034908 23.198181
v 5.925747 38.306786 24.224777
v 6.222783 45.626675 24.092266
v 5.837533 46.796036 23.816038
v 5.423751 48.307453 23.006706
v 2.889692 50.584457 22.498833
v -0.057535 51.250244 22.826595
v -1.056536 51.226822 22.970306
v 6.403374 39.601955 24.302908
v 7.025437 40.127609 23.786528
v 7.289369 41.475121 23.725937
v 6.928993 42.277588 24.173590
v 7.334267 44.152645 23.398800
v 5.487213 48.747604 22.461750
v 4.682021 49.610161 22.282234
v 1.895038 51.024967 22.459091
v 0.756743 51.478313 22.236954
v -0.145562 51.389847 22.627132
v -2.098870 51.114239 23.074184
v 6.614777 38.807709 23.756374
v 7.766666 42.036545 23.128370
v 7.788776 43.388191 22.970730
v 7.106834 45.432060 23.169895
v 6.716197 46.639206 22.924139
v 6.240213 48.227383 22.092188
v 2.804215 50.877819 22.104176
v 1.643113 51.491508 21.802908
v -0.383453 51.644192 22.244659
v -1.315537 51.473206 22.592777
v -2.154761 51.148582 23.016689
v 6.696902 38.420219 23.461781
v 7.324647 38.950676 22.940681
v 7.581214 40.677914 23.222433
v 8.108428 43.961945 22.318665
v 7.331488 45.969185 22.541109
v 5.489223 49.182224 21.908722
v 3.680974 50.660240 21.706465
v 4.518252 50.373970 21.269161
v 2.676121 51.160179 21.713043
v 3.534177 50.983818 21.258224
v 0.612880 51.652206 21.980080
v 1.465468 51.706238 21.485716
v 0.442542 51.814247 21.731789
v -1.426871 51.541618 22.478249
v 7.885501 39.506008 22.371437
v 8.170733 42.613598 22.492886
v 5.429768 49.607906 21.351948
v -0.697334 51.858871 21.893999
v 8.291256 40.467686 22.054813
v 8.375072 40.081871 21.758503
v 8.810122 42.432922 21.289701
v 8.116921 46.390820 20.740896
v 4.353935 50.736176 20.767422
v 0.027976 52.097794 21.268650
v -0.879790 51.949192 21.734074
v -2.282821 51.205292 22.912949
v 8.119479 46.943733 20.037342
v 6.866801 48.651398 20.398491
v 4.136235 51.081432 20.274128
v 3.866855 51.407043 19.793140
v 1.762438 52.137062 20.244049
v -0.213008 52.217079 21.057423
v -2.429180 51.244606 22.826862
v 6.727716 49.128746 19.756319
v 6.519285 49.588196 19.119881
v 4.593702 51.156231 19.174267
v 2.814089 51.854218 19.972485
v 3.547904 51.710457 19.328226
v 0.743219 52.256451 20.607229
v -1.077397 52.027184 21.586113
v -1.288608 52.092243 21.451277
v -1.823719 51.698250 22.181103
v 9.295919 42.270996 20.005384
v 9.320508 44.247116 19.104769
v 9.000542 44.986610 19.674847
v 9.003254 45.572834 18.928905
v 5.273723 50.832741 18.536186
v 4.243311 51.489555 18.663523
v 2.487091 52.103329 19.574749
v 2.120597 52.328537 19.197735
v 1.090873 52.507698 19.606743
v 9.323264 44.842979 18.346567
v 8.923059 46.147007 18.177910
v 6.243139 50.026146 18.494154
v 6.832343 49.542900 17.866835
v 0.709902 52.658058 19.321486
v -0.752964 52.406021 20.683910
v -1.511770 52.143860 21.330620
v 9.552878 42.498848 18.970121
v 9.640678 43.107803 18.216166
v 9.555589 43.490570 18.516045
v 9.558369 44.091267 17.751688
v 6.471801 49.978699 17.223074
v 3.841204 51.795879 18.174431
v 2.771641 52.241383 18.461008
v 0.302703 52.783489 19.061529
v 9.476193 44.679611 16.982155
v 8.126661 47.902634 17.304337
v 8.517099 47.241348 16.684269
v 5.496861 50.824043 17.294310
v 5.032570 51.177742 16.729580
v 3.972275 51.824188 16.953207
v 1.831701 52.657627 17.699572
v -0.127536 52.883003 18.828911
v -1.355934 52.524078 20.385160
v -1.986878 52.205257 21.135498
v 8.194512 47.752949 15.953310
v 6.980213 49.455029 16.558613
v 6.044912 50.384792 16.600824
v 4.512198 51.497505 16.194273
v 2.357934 52.530094 16.874323
v -0.965657 52.782841 19.516283
v -2.844107 51.260155 22.704947
v -2.800013 51.763870 21.857273
v 8.829121 46.538906 16.065041
v 8.501233 47.058914 15.322071
v 6.022896 50.268784 15.286636
v 5.005950 51.095394 15.440125
v 0.757450 52.946186 17.067703
v -0.194430 53.041641 17.719822
v -2.003077 52.567577 20.170507
v 9.394549 44.870010 15.911269
v 8.095509 47.549332 14.597637
v 5.449554 50.621094 14.696838
v 1.177789 52.847092 16.180170
v -1.522077 53.019314 18.312117
v 8.729664 46.325195 14.702643
v 4.402009 51.394344 14.910761
v 2.234632 52.510014 15.652127
v 2.657335 52.229595 14.805424
v 1.578804 52.661705 15.297537
v -0.417546 53.098034 16.585150
v -2.177010 52.828236 19.160358
v -3.183428 51.187134 22.714443
v 8.320646 46.819592 13.972328
v 3.048800 51.867851 13.974689
v -1.031444 53.121040 16.404772
v -2.501673 52.971977 18.131332
v -3.012164 52.490688 20.020105
v -3.348258 52.427807 20.017477
v -3.475921 51.618408 21.876190
v 7.280599 47.703667 12.590429
v 7.063835 48.426289 13.226864
v 3.405877 51.427708 13.166612
v 2.310125 52.038712 13.575304
v 1.225183 52.510014 14.095843
v 0.182550 52.842148 14.724114
v -0.113032 53.013912 15.650047
v -0.787445 53.039188 15.451889
v -2.399602 53.060154 17.153566
v -3.425813 52.663960 19.062260
v 7.919718 46.901337 12.961246
v -0.546948 52.869492 14.509771
v -1.474200 53.025341 15.300518
v -2.288053 53.060322 16.172863
v -2.995035 52.907074 18.092579
v -3.485627 52.815292 18.088741
v -4.004266 52.248909 20.083883
v -3.635882 51.560165 21.911007
v -3.340942 51.124664 22.755239
v 6.657709 48.086430 11.949659
v 5.766334 49.142384 11.995552
v 1.537673 52.163734 13.225979
v 0.737491 52.241951 12.929445
v -2.167924 52.972481 15.197121
v -2.964998 52.985779 17.109152
v -2.920930 52.977066 16.123148
v -4.319047 52.134285 20.152397
v 6.054045 48.047783 11.042021
v 5.972567 48.425568 11.349123
v 2.927909 51.097221 11.956360
v 1.827941 51.736671 12.384801
v 0.992382 51.818344 12.075157
v -1.289796 52.854515 14.346037
v -3.550254 52.859325 16.118227
v -4.443198 52.554153 18.185673
v -4.435928 51.678215 21.204041
v -3.548121 51.003803 22.858179
v 5.311265 48.340946 10.485855
v 4.243545 49.675232 10.942172
v 3.412300 49.867500 10.492737
v 3.187859 50.516125 11.202057
v 0.134405 51.850494 11.823065
v -2.040182 52.797333 14.234195
v -4.624601 52.581326 17.215839
v -4.621704 52.004036 20.243797
v -4.909865 51.859184 20.357368
v 1.229441 51.316723 11.258822
v 1.446759 50.741135 10.487012
v 0.342046 51.349983 10.998085
v -0.920848 52.255875 12.503608
v -2.792232 52.698402 14.175118
v -4.236593 52.585453 15.180944
v -5.354114 51.961815 19.481966
v -4.832628 51.429195 21.423563
v -4.320108 51.161018 22.250973
v -3.607227 50.957512 22.902592
v 3.599426 49.156574 9.834110
v 1.642587 50.096210 9.765941
v 0.537091 50.775227 10.219730
v -0.739274 51.832882 11.630493
v -3.540061 52.558495 14.169270
v -4.778611 52.524342 16.242571
v -4.903988 52.383667 15.273698
v -5.151172 52.389587 17.330450
v -5.657460 52.171707 17.483347
v -5.689259 51.766304 19.648487
v -5.433818 51.530285 20.647306
v -5.008048 51.291805 21.555376
v -3.660552 50.908798 22.951509
v 2.801320 48.921494 9.128789
v 2.723117 49.298409 9.437818
v 0.717970 50.130863 9.494267
v -2.506319 51.649277 11.429472
v -3.506915 52.281345 13.222534
v -4.999722 52.160431 14.317026
v -5.551508 52.147888 15.414634
v -5.934744 52.065834 16.542006
v -6.139502 51.929390 17.673334
v -6.001100 51.555687 19.839985
v -3.707678 50.858047 23.004545
v -4.520201 50.962891 22.454058
v 0.883226 49.422073 8.827536
v -1.474395 51.262207 10.662861
v -2.389224 51.141861 10.590997
v -6.474319 51.794594 16.754665
v -6.529904 51.505188 19.008099
v -6.287193 51.331604 20.054962
v -5.874534 51.157875 21.013149
v -3.748236 50.805660 23.061287
v -3.781909 50.752037 23.121288
v 1.892637 49.010319 8.792048
v 0.959575 49.045288 8.517892
v -3.298918 50.971672 10.583883
v -3.385856 51.484722 11.422594
v -4.253544 51.273266 11.478373
v -4.286325 51.719952 12.357928
v -5.700131 51.905396 14.469474
v -6.174087 51.879959 15.602650
v -6.766849 51.581985 15.836273
v -6.593525 51.664528 17.898920
v -7.015977 51.379204 18.158344
v -6.868100 51.240307 19.262226
v -6.059261 50.958942 21.221046
v -4.600990 50.858536 22.567085
v -0.065956 49.402931 8.618323
v -2.262733 50.561882 9.802424
v -3.195261 50.387421 9.795133
v -6.531560 51.274826 13.760080
v -7.325158 51.256290 16.113678
v -7.173214 50.961578 19.542118
v -0.950344 48.952995 8.165416
v -1.024769 49.329872 8.475415
v -2.127866 49.914013 9.070103
v -4.196357 50.752960 10.641575
v -7.215992 50.930767 14.029833
v -7.844644 50.905426 16.432690
v -7.455403 51.178745 17.297564
v -7.442860 50.671204 19.845583
v -5.526477 50.681995 22.204441
v -6.350236 50.543400 21.678671
v -5.605197 50.520454 22.390804
v -3.827600 50.642796 23.249176
v -4.759080 50.534119 22.941353
v -1.985709 49.203461 8.399929
v -3.075719 49.736679 9.062691
v -4.010802 49.508797 9.122803
v -6.718391 50.375748 12.014859
v -7.618650 50.940971 15.225614
v -7.674925 50.371441 20.170250
v -6.454207 50.330044 21.924816
v -3.839262 50.588028 23.316063
v -4.782309 50.425018 23.074585
v -2.868761 48.647503 8.082375
v -2.941255 49.024693 8.392457
v -8.049188 50.100609 13.494295
v -8.626526 50.108925 18.371876
v -8.328176 50.079922 19.490173
v -7.132709 50.337063 21.113531
v -7.867594 50.064640 20.513573
v -5.662084 50.357773 22.583994
v -4.790404 50.316864 23.210339
v -3.812385 48.417542 8.143035
v -4.806352 48.516064 8.581254
v -8.682087 49.673149 13.882954
v -9.010765 49.718575 15.131989
v -9.161187 49.732815 16.384706
v -8.924215 49.724392 18.788351
v -7.353872 49.808281 21.732552
v -5.708755 50.034081 22.984762
v -3.839760 50.480331 23.453098
v -3.828593 50.428246 23.522179
v -4.735738 48.138359 8.271361
v -8.843648 49.135967 13.070822
v -9.262734 49.218365 14.319263
v -9.171369 49.330830 19.228764
v -8.129035 49.439564 21.245325
v -6.575054 49.900482 22.442156
v -7.410317 49.543175 22.056295
v -4.783302 50.210499 23.347553
v -4.761057 50.106754 23.485157
v -5.701306 48.190189 8.776045
v -7.479777 48.133045 10.021257
v -8.281178 48.370403 11.112370
v -9.449966 48.661079 13.526421
v -9.507237 49.265045 15.587420
v -9.945995 48.792549 16.081211
v -9.366052 48.931320 19.689661
v -6.590984 49.687649 22.709299
v -7.429988 49.280361 22.386169
v -6.577007 49.478336 22.979321
v -4.723845 50.006443 23.622070
v -3.783863 50.329651 23.658760
v -6.492943 47.441475 8.726473
v -6.561787 47.819878 9.035906
v -7.381060 47.408035 9.358804
v -9.786584 48.739830 14.799809
v -10.249537 48.241276 15.320828
v -10.219656 48.365562 17.865534
v -9.943634 48.436466 19.060585
v -8.848588 49.011986 20.722218
v -8.195759 49.126183 21.628025
v -8.219011 48.815502 22.017975
v -4.671957 49.910351 23.757223
v -8.245218 47.686520 10.401577
v -8.152713 46.957890 9.742209
v -9.624723 47.393650 12.025711
v -10.480395 47.640793 14.572267
v -9.506740 48.528996 20.167442
v -7.412729 49.021896 22.719597
v -7.358677 48.769802 23.053965
v -5.532278 49.428398 23.799580
v -8.085472 46.578617 9.433488
v -10.204689 46.863853 12.557734
v -10.884058 47.298805 17.752777
v -10.618179 47.412739 18.980968
v -8.928322 47.946667 22.059372
v -10.200340 46.155209 11.870693
v -11.239329 46.665157 17.084574
v -9.622162 47.728462 21.158583
v -10.224990 47.115036 20.674307
v -9.595991 47.336533 21.664188
v -8.134714 48.211967 22.807383
v -6.227706 48.708366 24.045906
v -5.314644 49.165337 24.188171
v -4.432849 49.654701 24.141655
v -9.529423 45.957031 10.678096
v -10.123706 45.414154 11.223251
v -10.717236 46.311893 13.134568
v -11.158350 45.742096 13.751699
v -11.424292 45.871197 15.080190
v -10.755335 46.461468 20.158749
v -8.732601 47.274937 22.963043
v -4.327411 49.582588 24.259447
v -10.058451 45.033321 10.916022
v -10.721310 45.594177 12.457006
v -11.169672 45.015022 13.084280
v -11.524580 45.158924 14.404296
v -11.705706 45.293701 15.746424
v -11.542188 45.588627 18.381100
v -11.208925 45.773014 19.616056
v -10.106195 46.264503 21.786766
v -8.561791 46.958614 23.407948
v -5.176023 49.047504 24.372355
v -5.887365 48.384605 24.542000
v -10.648903 44.848564 11.814323
v -11.100904 44.264709 12.446687
v -11.710573 45.432701 17.081730
v -11.909074 44.712135 16.437059
v -10.626837 45.541466 21.362072
v -9.185714 46.230549 23.173719
v -6.787226 47.863518 24.348831
v -4.082731 49.461472 24.473911
v -3.419117 50.080181 24.066244
v -11.175729 45.275860 20.257401
v -6.561148 47.671341 24.649220
v -5.679879 48.242691 24.773796
v -4.844591 48.843842 24.713301
v -11.835141 43.820549 14.441780
v -12.021530 43.970772 15.795221
v -12.148361 43.375088 16.522665
v -12.075915 43.554958 17.869764
v -11.871885 44.313889 18.466940
v -11.547084 44.530659 19.727314
v -10.897832 44.322098 21.540487
v -10.463901 45.102238 21.961561
v -9.745520 45.469467 22.888084
v -9.477710 45.100601 23.423769
v -8.941935 45.894783 23.661335
v -7.774678 46.117058 24.673447
v -5.198382 48.004356 25.195835
v -4.654373 48.759605 24.867395
v -11.708182 42.677341 13.510592
v -12.038086 42.988411 18.600622
v -11.720757 43.231857 19.882191
v -9.947019 44.282497 23.132778
v -8.647481 45.579967 24.134752
v -7.427592 45.879669 25.061201
v -6.020608 47.339188 25.205273
v -4.928139 47.909794 25.382774
v -12.115354 41.839264 15.286053
v -9.154231 44.754749 23.943850
v -6.552968 46.520813 25.350471
v -5.710379 47.201805 25.456587
v -3.188758 50.035076 24.180380
v -12.153780 42.203785 18.013090
v -11.529123 42.715279 20.587265
v -11.721402 41.901531 20.062792
v -11.261910 42.220421 21.283270
v -9.597118 43.908394 23.695339
v -7.916145 45.022831 25.024292
v -8.350803 44.142693 24.921076
v -6.186241 46.358414 25.647552
v -5.791770 46.220379 25.920425
v -5.022120 46.989799 25.895973
v -4.003877 48.584869 25.250011
v -3.486539 49.323574 24.796259
v -3.766090 48.554146 25.347668
v -12.097443 40.849113 15.743203
v -12.120907 40.639053 16.813269
v -11.445026 41.389709 20.782661
v -10.921207 41.751160 21.964758
v -9.537715 42.678070 23.969021
v -3.520864 48.537659 25.429008
v -3.321950 49.312511 24.850851
v -2.935958 50.032955 24.245295
v -10.509683 41.311169 22.626396
v -9.044901 42.341007 24.519577
v -5.689747 45.193768 26.362432
v -11.996455 40.058617 17.583132
v -11.092642 40.904358 21.487518
v -10.030556 40.903896 23.263008
v -8.497992 42.039169 25.038588
v -7.656707 42.716026 25.691448
v -3.015815 48.547844 25.540329
v -2.811241 49.337189 24.945103
v -11.788261 39.497391 18.349136
v -11.724684 39.110600 18.049089
v -10.171451 40.028042 22.830280
v -9.487576 40.532524 23.869610
v -8.721684 41.115479 24.772156
v -5.405810 44.144421 26.760801
v -5.184924 45.094917 26.612553
v -4.473699 45.962299 26.573483
v -4.659554 45.027023 26.828314
v -3.370094 47.708435 26.022644
v -11.497955 38.959766 19.105289
v -11.196361 39.247086 20.423691
v -8.884995 40.199959 24.441452
v -7.259395 41.550312 25.966000
v -7.055399 42.505623 26.107401
v -4.000921 45.930523 26.730301
v -3.517502 45.926468 26.854435
v -2.696269 47.759781 26.123074
v -2.759945 48.574429 25.569435
v -2.639800 49.364487 24.952526
v -2.469993 49.401031 24.947773
v -11.127810 38.449955 19.845673
v -10.680721 37.971943 20.564487
v -8.986610 39.299969 24.049131
v -6.416506 42.334003 26.483194
v -4.211264 44.027657 27.203478
v -2.358897 47.813507 26.137678
v -2.251510 48.669552 25.573412
v -2.303149 49.446529 24.930883
v -10.616027 37.583614 20.266674
v -9.651375 37.933792 22.476496
v -9.664600 38.775364 22.992060
v -9.025714 38.422760 23.598354
v -7.414784 40.599667 25.750713
v -7.520316 39.661339 25.463268
v -5.046215 42.112217 27.102879
v -4.946970 43.094200 27.094082
v -4.280715 43.049423 27.315077
v -3.027224 45.950157 26.944918
v -2.204134 46.966137 26.619591
v -9.001988 37.575397 23.092754
v -7.575140 38.742882 25.105986
v -6.695183 40.406376 26.173977
v -6.768900 39.459499 25.905247
v -2.533925 46.001411 27.001038
v -2.002924 48.737343 25.548250
v -1.983539 49.562908 24.861319
v -10.094969 37.140697 20.958998
v -9.570284 37.126003 21.915138
v -7.578816 37.851692 24.681736
v -6.797960 38.534122 25.563118
v -5.151792 40.156570 26.871944
v -4.345384 41.078667 27.283804
v -2.329426 44.118591 27.550774
v -2.041466 46.079830 27.022354
v -1.386089 47.165497 26.567003
v -1.833275 49.632877 24.809189
v -9.504472 36.736824 21.618687
v -8.849154 36.375153 22.240574
v -8.201340 36.448383 23.115038
v -8.293453 37.261627 23.666733
v -7.531313 36.994942 24.193939
v -5.981140 38.374187 25.967821
v -3.588648 42.057590 27.531147
v -1.697707 44.219189 27.578117
v -1.553700 46.184803 27.008701
v -1.313220 45.282013 27.327076
v -1.526729 48.910744 25.444603
v -2.220440 50.271057 24.118132
v -6.782128 37.637691 25.150343
v -5.157274 39.198650 26.634071
v -5.131074 38.264328 26.316933
v -4.340081 40.102009 27.141184
v -3.510099 40.095043 27.354311
v -2.089345 42.171837 27.754614
v -0.607452 46.470901 26.877193
v -0.609455 47.448292 26.397964
v -1.067468 48.203968 25.958197
v -1.302847 49.014988 25.366930
v -2.158614 50.316006 24.076101
v -7.433014 36.179535 23.646523
v -5.870450 36.610783 25.091928
v -4.254414 38.205406 26.607716
v -2.668343 40.135719 27.509657
v -1.338671 42.291374 27.787107
v -0.763992 45.431789 27.271481
v -0.457229 44.521492 27.498373
v -0.491708 48.493401 25.731274
v -0.892259 49.254509 25.162926
v -1.434544 49.883171 24.588543
v -5.073404 37.361126 25.923080
v -4.174740 37.300724 26.221161
v -2.564028 39.176880 27.299980
v -0.244321 47.618313 26.271288
v 0.101503 47.805687 26.117756
v -5.758671 35.792255 24.551798
v -5.689016 35.401730 24.258005
v -3.255848 37.293011 26.457119
v -2.448911 38.241810 27.005674
v -1.157021 41.321617 27.759020
v 0.135394 42.650608 27.692348
v 0.720454 44.950325 27.242044
v 0.012876 48.834194 25.421413
v -1.322456 49.977882 24.495499
v -3.137301 36.427082 25.998499
v -0.363344 41.492420 27.736805
v -0.138453 40.538578 27.619167
v 0.416484 41.705086 27.657867
v 0.847249 42.887497 27.565834
v 1.137146 44.063038 27.357445
v 1.251260 46.299053 26.662884
v 0.724573 48.226509 25.735134
v -0.392556 49.676762 24.748117
v -1.134896 50.179867 24.284412
v -3.873429 35.224262 24.930828
v -2.323919 37.338043 26.629107
v 0.077711 39.597553 27.414330
v 0.684378 40.762974 27.535877
v 1.745412 44.346268 27.146418
v 1.274140 45.208134 27.049953
v -0.262312 49.829964 24.585052
v -2.930906 35.216347 25.172855
v 1.176360 41.957951 27.522820
v 1.486157 41.029781 27.393383
v 1.910336 42.249035 27.332722
v 1.689927 46.574417 26.420139
v 1.420594 47.569729 25.976826
v 0.996941 48.456665 25.509039
v 1.742564 47.841797 25.709557
v 0.430519 49.215717 25.038294
v 0.602542 49.418060 24.822926
v -1.940904 50.572090 23.803534
v -2.048405 35.653206 25.641962
v -0.285518 36.723396 26.322922
v 0.936921 39.831863 27.327358
v 1.774148 40.110474 27.178562
v 2.612669 42.576065 27.089062
v 2.095336 46.869144 26.144543
v 0.748173 49.626038 24.593889
v -1.000878 50.393276 24.045601
v -1.975011 35.262539 25.349266
v -1.087588 35.753040 25.751266
v 0.656872 36.926201 26.296545
v 2.260608 41.336922 27.192802
v 3.277861 42.936478 26.793743
v 3.399428 44.170452 26.559952
v 2.743366 46.130402 26.236935
v 2.464316 47.180939 25.838249
v 2.030225 48.126625 25.417591
v 1.632530 49.204285 24.713293
v 0.866270 49.838013 24.352978
v -1.894736 50.736198 23.605888
v 2.275625 38.327881 26.500374
v 2.874431 39.539127 26.663462
v 3.938676 44.562477 26.193373
v 3.813197 45.742855 25.876606
v 2.281326 48.421989 25.103218
v 3.081739 47.845840 25.143381
v 2.493902 48.725567 24.768894
v 1.778359 49.466038 24.415813
v -0.924590 50.611435 23.786528
v 1.755095 36.364796 25.671705
v 3.133038 38.667923 26.278307
v 3.356664 40.791508 26.700651
v 3.703545 42.062271 26.624102
v 1.016394 50.267326 23.843157
v -2.763677 50.055618 24.258827
v -2.849744 50.041916 24.255104
v -3.021644 50.028816 24.229481
v -3.106131 50.029522 24.207787
v -3.268879 50.045429 24.147474
v -3.345866 50.060505 24.109329
v -3.488059 50.104301 24.018555
v -3.610893 50.165108 23.910889
v -3.710533 50.241013 23.789696
v -3.809912 50.377888 23.590912
v -3.808433 50.697613 23.184084
v -3.483696 51.047321 22.818615
v -3.414455 51.087708 22.784212
v -3.263731 51.157894 22.731922
v -3.100659 51.212158 22.702940
v -3.016073 51.232773 22.697502
v -2.930332 51.248814 22.698174
v -2.758074 51.266712 22.717770
v -2.672904 51.268429 22.736542
v -2.589265 51.265297 22.761118
v -2.507811 51.257332 22.791302
v -1.968846 50.990547 23.263714
v -1.939185 50.943508 23.330921
v -1.916798 50.894161 23.399279
v -1.901860 50.842892 23.468252
v 0.075126 50.794941 23.439108
v 1.889050 49.730682 24.106001
v 3.847499 47.223667 25.116283
v 4.429467 44.977207 25.785963
v 3.674790 39.911800 26.385792
v 3.356578 37.824589 25.816750
v 2.485075 37.478958 26.042465
v 2.664674 36.667480 25.510052
v -1.902606 50.681610 23.673471
v -1.918036 50.626762 23.739525
v -1.971032 50.518013 23.864990
v -2.052068 50.413338 23.978363
v -2.102343 50.363556 24.029390
v -2.287338 50.229065 24.155151
v -2.875145 50.682930 23.504988
v -2.358785 50.190353 24.186871
v -2.594671 50.096802 24.247963
v 0.821633 36.110233 25.766195
v 1.582819 37.178715 26.202816
v 0.476981 37.784058 26.750347
v 1.387957 38.032490 26.658134
v 0.283408 38.676907 27.123947
v -0.595151 42.451382 27.766298
v -0.156627 43.591942 27.639040
v -0.832009 43.407761 27.707407
v -1.519385 43.259830 27.726645
v -1.072009 44.353836 27.560604
v -1.074445 46.315498 26.960188
v -1.791512 47.054939 26.608042
v -2.024741 47.885418 26.128325
v -1.696415 47.974953 26.095089
v -2.678430 50.073963 24.256443
v 1.172078 38.919254 27.033989
v 2.038012 39.207413 26.880095
v 0.501475 43.810940 27.522079
v 0.141821 44.720844 27.391907
v -0.228816 45.609886 27.176367
v -0.991040 47.296963 26.496794
v -2.513055 50.123962 24.233459
v 1.534841 43.160187 27.387749
v -0.156376 46.649788 26.760365
v -1.376490 48.081417 26.038231
v -1.760699 48.817947 25.505201
v -2.434221 50.155228 24.213041
v -2.140573 49.500633 24.901989
v 3.953486 39.049950 25.993668
v 3.001671 41.681984 26.935703
v 2.582838 40.431190 26.969114
v 0.782769 46.045219 26.870874
v 0.275253 46.850773 26.610619
v 0.288120 45.814892 27.042484
v 4.190509 38.212894 25.527431
v 4.432824 40.322517 26.049257
v 2.815944 43.804184 26.882833
v 2.192789 43.466549 27.159487
v -1.090803 49.129875 25.272793
v -0.771770 48.341656 25.855610
v -1.690957 49.709988 24.746004
v 4.089569 41.188606 26.375271
v 2.321512 44.658409 26.890654
v 1.798547 45.492268 26.817139
v 1.066836 47.312546 26.217312
v 0.425313 48.008949 25.938572
v 0.684056 47.072266 26.429127
v -0.229476 48.658009 25.586163
v -1.557699 49.793633 24.672264
v 6.130572 40.416557 24.788944
v 4.360738 42.474804 26.260435
v 3.900707 43.327450 26.449083
v 3.359466 45.359444 26.253254
v 2.860937 44.997017 26.592154
v 2.289570 45.800495 26.545424
v -0.708767 49.387901 25.038187
v 6.742578 40.933708 24.280910
v 6.395590 41.749435 24.714972
v 5.410038 42.080456 25.564384
v 5.987267 42.568222 25.085220
v 4.476332 43.745926 26.057772
v 4.968106 42.916359 25.847546
v 3.156384 46.479408 25.894083
v 0.233450 49.020584 25.238312
v 7.241890 39.337627 23.235802
v 7.802177 39.892403 22.667131
v 6.502986 43.078865 24.561783
v 3.525391 46.844784 25.519556
v 2.793977 47.507355 25.503656
v -0.541763 49.529022 24.899555
v 8.066355 41.248569 22.615047
v 6.445894 44.379601 24.347649
v 4.572438 46.560478 25.022133
v 4.218579 46.144249 25.465160
v 4.867959 45.411381 25.340908
v 5.250721 45.861610 24.861698
v 1.452703 48.947472 24.996111
v 1.240286 48.697617 25.262053
v -2.008184 50.464954 23.923420
v -1.222312 50.077042 24.393856
v 8.705297 41.058979 21.403643
v 7.394603 42.825272 23.590654
v 6.953161 43.608391 23.998173
v 4.872007 46.988293 24.550997
v 4.120187 47.613091 24.687418
v -1.060891 50.285553 24.168022
v 9.041061 41.661652 20.718712
v 8.477062 41.835102 21.969116
v 6.810865 44.900818 23.773651
v 3.522908 48.548347 24.357248
v 3.325352 48.193745 24.760248
v 2.666288 49.034992 24.417240
v -0.152050 49.987431 24.411642
v -0.062635 50.147926 24.229242
v 8.747128 43.796410 21.128311
v 8.498408 43.201752 21.824455
v 7.643322 44.707382 22.768353
v 6.503285 46.130157 23.520065
v 2.797137 49.347836 24.051006
v 0.005235 50.310192 24.039280
v 0.955911 50.052334 24.102081
v -0.955325 50.502186 23.918102
v 9.062928 43.037357 20.582117
v 9.233502 43.643669 19.851900
v 8.514763 45.123947 20.938745
v 8.351057 44.542042 21.639565
v 7.877907 45.268250 22.111765
v 7.483065 46.507980 21.892212
v 6.036990 47.272915 23.257774
v 6.171568 47.751278 22.681654
v 1.963735 49.996155 23.786278
v 9.467876 42.882229 19.269239
v 8.914942 44.392921 20.409901
v 8.036186 45.830864 21.434179
v 6.859853 47.149841 22.309156
v 6.933129 47.658058 21.679924
v 4.680191 49.214546 22.785641
v 3.825644 49.624439 23.061249
v 3.774037 49.266502 23.504414
v 2.930455 49.973984 23.286356
v 1.047245 50.481297 23.578236
v 0.051028 50.472969 23.843239
v 0.074386 50.634975 23.642660
v -0.908913 50.720173 23.651905
v 8.598267 45.703102 20.221691
v 7.560382 47.044224 21.228281
v 6.935451 48.159889 21.041370
v 2.931882 50.282394 22.893923
v 3.827280 49.977875 22.611519
v 2.001830 50.260372 23.459148
v 1.048222 50.692577 23.309389
v -1.894486 50.790100 23.537304
v -0.908416 50.827538 23.515285
v 9.241752 45.426582 17.583231
v 8.043841 47.485275 19.329021
v 8.600912 46.274971 19.494013
v 7.490396 48.092342 19.876184
v 7.562832 47.573730 20.554516
v 6.178076 49.157948 20.891735
v 6.242388 48.697495 21.493988
v 3.778930 50.324043 22.158743
v 1.019319 50.899513 23.038723
v -0.923104 50.932693 23.377739
v 9.076606 45.993370 16.820732
v 8.364183 47.379055 18.029606
v 8.522680 46.835083 18.761406
v 7.890599 48.011211 18.621481
v 6.047781 49.605125 20.290148
v 4.627901 49.997650 21.775419
v 0.008907 51.103783 23.029472
v 0.053243 50.951618 23.234179
v 9.309708 45.251003 16.213469
v 9.060213 45.800964 15.451644
v 8.760584 46.704636 17.427740
v 7.660951 48.517426 17.920256
v 7.343641 48.596016 19.198601
v 7.123717 49.080795 18.527065
v 5.852523 50.035538 19.693928
v 5.309312 50.021320 20.795784
v 1.786678 51.263828 22.128216
v -0.997455 51.133121 23.104183
v 7.356695 48.999958 17.230835
v 7.811974 48.401703 16.591276
v 5.593828 50.445816 19.107744
v 5.128797 50.419231 20.244587
v 2.506412 51.429329 21.328493
v 3.339689 51.292267 20.817530
v 0.873007 51.293926 22.500399
v 4.889637 50.798523 19.702665
v 3.099032 51.583160 20.387827
v 7.836361 47.280281 13.266416
v 7.795348 48.235435 15.240588
v 7.322729 48.685032 14.551681
v 7.422583 48.872379 15.896006
v 6.534450 49.879074 15.908852
v 5.901441 50.439171 17.884039
v 2.047776 51.919685 20.591112
v 2.296416 51.683159 20.953537
v -1.216202 51.397530 22.713600
v -0.254485 51.521507 22.432648
v -2.049001 51.076244 23.134842
v -1.129642 51.315189 22.839775
v 6.780354 49.098213 13.891978
v 7.615122 48.006317 13.897408
v 6.961536 49.310966 15.223966
v 5.555017 50.757999 16.004953
v 4.894711 51.193283 17.983727
v 4.459762 51.524635 17.454685
v 1.255133 51.906326 21.179125
v -0.531455 51.756943 22.064640
v 0.247065 51.963161 21.494026
v 6.445960 48.805969 12.591253
v 6.172470 49.471756 13.266644
v 6.432442 49.714031 14.580417
v 3.390529 52.072815 17.710819
v 3.181878 51.989296 18.883020
v 1.013754 52.090210 20.885529
v 5.503832 49.802727 12.680573
v 4.818912 50.933262 14.144071
v 5.839441 50.078426 13.970394
v 5.187175 50.401299 13.398674
v 3.436070 52.089611 16.483215
v 3.939821 51.780830 15.692575
v 2.894812 52.318192 17.276316
v 1.717474 52.528080 18.844393
v 0.445648 52.403751 20.346403
v 1.442636 52.333572 19.915068
v -1.549331 51.602234 22.370911
v -2.216239 51.179012 22.962803
v 5.030275 49.432892 11.444420
v 5.230534 48.718445 10.793518
v 4.480749 50.680115 12.869730
v 3.747919 51.652504 14.421005
v 2.320405 52.464745 18.065495
v 1.280879 52.700401 18.517487
v 0.123367 52.530945 20.105093
v -0.474003 52.320091 20.862000
v -1.681960 51.654583 22.271603
v 4.437418 48.962746 10.287192
v 4.779674 50.088543 12.138352
v 3.725690 50.912697 12.387700
v 4.135904 51.202835 13.632662
v 3.319916 52.025497 15.228414
v 2.855340 52.318817 16.048388
v 1.784096 52.706852 16.507984
v 0.814227 52.844143 18.219576
v -2.353987 51.227211 22.867516
v 4.005664 50.326962 11.644225
v 2.634544 51.606117 12.749570
v 1.957265 52.391518 14.426911
v 0.321171 52.958187 17.952993
v 1.309353 52.818527 17.366104
v -0.221100 52.637054 19.885185
v -1.047710 52.474194 20.524548
v -1.973499 51.732895 22.100121
v 2.543047 50.008194 10.099635
v 2.093650 51.232254 11.579082
v 0.892987 52.772709 14.987391
v 0.543759 52.949715 15.893442
v 0.180312 53.039597 16.806704
v -0.585057 52.721237 19.688402
v 1.815349 49.387138 9.101415
v 2.332660 50.654541 10.815310
v -0.728540 53.093849 17.521891
v -0.577447 52.955822 18.625446
v -1.359920 52.821381 19.370176
v -1.745135 52.181629 21.225084
v -2.130127 51.758247 22.029289
v -0.311888 52.613319 13.586004
v 0.466821 52.584137 13.814807
v -1.276980 53.114399 17.360746
v -1.764760 52.836552 19.251225
v -1.043510 53.001381 18.452732
v -2.235107 52.214561 21.062563
v -1.675222 52.555290 20.266838
v -2.458984 51.780350 21.920210
v -2.292379 51.774105 21.969162
v -0.389226 50.756550 10.015558
v -0.561590 51.331757 10.798912
v -0.084159 52.272743 12.688025
v -1.656577 53.108440 16.266985
v -1.835458 53.103142 17.237650
v -2.487879 52.209469 21.006847
v -2.628638 51.776928 21.882816
v -0.223570 50.111877 9.286739
v -1.174664 50.039406 9.144981
v -1.621818 51.765633 11.498953
v -1.766025 52.191471 12.377637
v -1.905855 52.536297 13.291838
v -1.104849 52.597332 13.411225
v -2.593443 52.796509 19.098291
v -2.009402 53.009491 18.204704
v -2.336931 52.560844 20.096920
v -2.674174 52.535149 20.046656
v -2.743216 52.190010 20.968792
v -1.324942 50.685249 9.876092
v -2.708638 52.430691 13.228775
v -3.010799 52.741604 19.065506
v -2.971768 51.741276 21.843781
v -2.999119 52.156342 20.948689
v -2.613077 52.080044 12.311098
v -3.455375 51.922459 12.304511
v -2.863186 52.881016 15.142506
v -3.554546 52.751671 15.137099
v -3.253586 52.108734 20.946699
v -4.115226 50.163223 9.854273
v -4.294438 52.089424 13.273159
v -4.277815 52.378696 14.216696
v -4.081868 52.745422 17.140411
v -3.527220 52.880592 17.104755
v -3.969611 52.697342 18.119854
v -3.679823 52.347000 20.038792
v -3.835236 52.564182 19.088581
v -3.504624 52.047558 20.962837
v -3.142560 51.709324 21.842443
v -3.311050 51.668259 21.853277
v -3.883928 48.794960 8.453056
v -5.102593 51.016556 11.596373
v -5.065043 51.856426 13.380257
v -4.171101 52.708023 16.158138
v -4.235864 52.443050 19.144260
v -4.925799 49.232143 9.249968
v -5.015429 49.891045 9.979382
v -5.888824 49.573017 10.169480
v -5.074518 50.487446 10.763621
v -5.926528 50.177208 10.949065
v -5.099426 51.474110 12.470932
v -5.888314 51.186859 12.642637
v -5.812702 51.584187 13.542989
v -5.368030 52.309719 16.370859
v -4.902683 52.386848 18.285681
v -3.750270 51.973286 20.996977
v -5.813548 48.908890 9.443192
v -6.667101 48.541565 9.700960
v -6.728577 49.211624 10.423081
v -5.926358 50.716599 11.775669
v -6.646812 50.860435 12.871700
v -4.998286 52.140686 19.341724
v -5.344468 52.196724 18.419100
v -4.624561 52.301517 19.228861
v -3.988601 51.886505 21.048851
v -3.789682 51.493980 21.957453
v -7.525680 49.432587 11.503860
v -7.528114 48.809708 10.738200
v -7.472495 49.996666 12.312072
v -6.745719 49.824669 11.196457
v -7.368989 50.497402 13.156328
v -7.014739 51.293266 14.925551
v -6.373560 51.615582 14.672846
v -5.765095 51.985279 18.584879
v -3.936116 51.420364 22.015167
v -4.217752 51.787891 21.118052
v -8.260305 49.004040 11.868869
v -8.182767 49.582329 12.664980
v -6.982531 51.498127 17.007177
v -6.161275 51.754166 18.781727
v -4.641423 51.558338 21.306145
v -8.870708 46.472954 10.183124
v -8.943846 48.542374 12.288626
v -7.860642 50.554710 14.350137
v -5.181279 51.700855 20.492226
v -4.074039 51.339909 22.083694
v -4.202371 51.253235 22.162502
v -9.610843 46.693718 11.329927
v -8.957431 47.205486 10.838941
v -9.570953 48.051205 12.759846
v -8.981876 47.897152 11.542664
v -8.460465 50.149582 14.718483
v -8.180567 50.561451 15.570682
v -8.321240 50.532146 16.790813
v -7.403551 51.075645 18.449575
v -7.889235 50.838959 17.623554
v -5.665507 51.348820 20.821402
v -10.136720 47.534374 13.278842
v -9.996976 48.161388 14.028212
v -8.696090 50.157681 15.958055
v -7.753213 50.756229 18.770332
v -6.545302 51.095825 20.291735
v -5.166308 51.147232 21.700554
v -10.636715 46.995934 13.841553
v -9.131210 49.730148 17.612900
v -8.751217 50.139359 17.185246
v -8.062228 50.423450 19.118107
v -8.280630 50.481419 17.982594
v -6.773407 50.850182 20.548450
v -5.306170 50.996613 21.857960
v -4.426328 51.063988 22.348412
v -10.323605 48.304783 16.609497
v -10.647969 47.726612 15.878246
v -9.925962 48.833237 17.342190
v -9.572217 49.290176 16.847290
v -9.458244 49.307713 18.070431
v -6.969721 50.596600 20.823099
v -5.426541 50.841133 22.026361
v -11.541921 44.422264 13.747601
v -11.067028 46.440090 14.443572
v -10.896443 47.103378 15.154328
v -10.978764 47.199863 16.467699
v -10.637111 47.805565 17.168144
v -8.548976 49.728325 19.883625
v -6.218243 50.753586 21.443468
v -4.668065 50.751728 22.686607
v -11.476174 43.667141 13.115393
v -11.241863 46.553341 15.769842
v -9.729761 48.875355 18.554255
v -8.722900 49.371414 20.295382
v -8.019360 49.753197 20.872869
v -7.261094 50.073601 21.417477
v -11.771774 43.060535 13.815207
v -11.985392 42.449654 14.540652
v -11.813059 44.566936 15.087252
v -11.513948 45.994991 16.413990
v -11.062517 46.788464 18.358826
v -10.450998 47.890831 18.413221
v -4.720899 50.643307 22.811689
v -12.047038 43.214577 15.161386
v -11.830197 44.870869 17.767836
v -11.427629 46.126675 17.724043
v -10.192222 47.552849 20.124777
v -10.719890 46.935040 19.564333
v -10.098191 47.994480 19.585463
v -6.529343 50.115173 22.179976
v -5.696693 50.195221 22.782497
v -12.220879 42.008865 16.654188
v -12.160644 41.234154 16.045572
v -12.175953 42.609108 15.900784
v -12.192559 42.784546 17.263889
v -12.032799 44.131035 17.146690
v -11.582109 45.055233 19.050604
v -11.171089 46.278538 18.981543
v -9.592334 48.126991 20.658361
v -8.925055 48.652847 21.160793
v -3.843326 50.533730 23.384214
v -11.835309 43.766121 19.173567
v -8.198610 48.509972 22.412123
v -8.951703 48.296814 21.607677
v -5.698173 49.875599 23.189203
v -12.032327 41.637329 18.764408
v -12.181462 41.418556 17.415703
v -12.058011 40.842796 18.179367
v -11.919605 42.435829 19.333544
v -11.437380 44.019012 20.405933
v -10.724236 45.995728 20.759562
v -10.196239 46.684464 21.229752
v -9.514026 46.954250 22.171223
v -8.855097 47.605152 22.512342
v -6.533234 49.274178 23.250105
v -5.665030 49.721027 23.394222
v -11.829147 41.089626 19.511961
v -11.071759 44.790955 20.900555
v -9.376909 46.584629 22.675716
v -9.955563 45.858444 22.340990
v -6.460006 49.076775 23.519529
v -7.268254 48.526054 23.386656
v -5.609588 49.571571 23.598213
v -11.563526 39.752792 19.689270
v -11.851494 40.286087 18.939205
v -11.545835 40.564953 20.249899
v -11.253861 43.524303 21.081156
v -10.997962 43.050400 21.747692
v -10.236702 44.681488 22.553341
v -8.027824 47.923820 23.200661
v -6.357897 48.887680 23.785490
v -11.184607 40.067421 20.972445
v -10.671684 42.601009 22.400326
v -10.655307 43.872963 22.172188
v -7.688737 47.386051 23.969007
v -7.878777 47.647797 23.588882
v -7.142168 48.292549 23.715071
v -6.981406 48.071129 24.036633
v -5.433706 49.292633 23.996748
v -3.750650 50.283905 23.725197
v -10.752871 38.772923 21.136721
v -10.667006 40.449287 22.171843
v -10.748287 39.600922 21.673946
v -10.277584 42.179646 23.033951
v -10.346081 43.447056 22.790714
v -9.972576 43.047718 23.391224
v -8.344006 46.658653 23.843571
v -8.080949 46.377403 24.266510
v -6.070452 48.540234 24.298733
v -4.605799 49.819225 23.889557
v -10.160188 37.529472 21.256115
v -10.240294 39.169113 22.348913
v -10.236529 38.334011 21.822779
v -9.189738 43.562107 24.236622
v -8.777613 44.434608 24.444258
v -8.304657 45.288551 24.590258
v -7.459195 47.140633 24.338060
v -3.663826 50.201309 23.851753
v -4.525887 49.733788 24.018036
v -9.609854 39.643936 23.457682
v -9.298752 41.433964 24.224525
v -9.818742 41.789619 23.643610
v -8.728068 43.246346 24.752384
v -7.191945 46.913460 24.693151
v -5.018929 48.940056 24.547857
v -8.915627 36.764702 22.536400
v -8.215721 42.963581 25.238596
v -7.484987 44.784870 25.433456
v -7.042407 45.667084 25.426737
v -6.889079 46.706314 25.031506
v -6.304940 47.496109 24.935448
v -4.210400 49.518009 24.370487
v -3.552152 50.132690 23.966633
v -8.328633 38.114067 24.163055
v -8.306599 38.998829 24.600002
v -8.092052 40.836655 25.282217
v -7.360341 43.652420 25.789230
v -7.877144 43.881279 25.370573
v -5.449617 48.115612 24.992313
v -8.227526 39.908802 24.974062
v -7.901266 41.774910 25.521990
v -6.508535 44.399483 26.164583
v -6.804439 43.457901 26.173771
v -6.170070 45.322784 26.079908
v -7.014556 44.576546 25.814547
v -6.622136 45.480972 25.767195
v -5.376678 47.085037 25.687424
v -4.449763 48.688007 25.008932
v -3.945403 49.413418 24.568909
v -5.970883 44.255062 26.480827
v -5.372641 46.107796 26.166956
v -4.232365 48.629612 25.136806
v -3.799490 49.374222 24.654734
v -6.616661 35.960251 24.126696
v -6.721532 36.777424 24.670246
v -5.979159 39.304867 26.296535
v -5.938879 40.258289 26.548698
v -5.745025 42.202530 26.815887
v -6.577402 41.367119 26.367144
v -6.213789 43.299240 26.521189
v -4.932135 46.021545 26.385212
v -4.649476 46.916832 26.080605
v -4.641004 47.832664 25.551666
v -3.646136 49.344196 24.730715
v -4.865758 35.676857 24.918505
v -5.944806 37.473743 25.565207
v -5.860625 41.226772 26.722282
v -5.114673 41.130371 27.028633
v -4.817736 44.068417 27.002316
v -5.593013 43.177696 26.828762
v -4.025161 47.732986 25.830168
v -4.261665 46.866714 26.239874
v -4.339224 47.773575 25.701185
v -4.071294 36.434921 25.758663
v -4.984727 36.496315 25.455681
v -4.309676 39.141682 26.915215
v -4.325542 42.063782 27.341923
v -4.117749 44.990608 27.008030
v -3.861722 46.839832 26.372532
v -3.701272 47.711216 25.937599
v -3.944911 35.614967 25.223946
v -3.599464 43.043705 27.490011
v -3.591142 44.022449 27.362717
v -3.270118 48.535557 25.493397
v -2.190058 36.472855 26.173311
v -3.003337 35.607063 25.465729
v -3.358021 38.197880 26.837896
v -3.443000 39.134403 27.137764
v -3.558779 41.072063 27.485792
v -2.908549 43.077087 27.617519
v -2.962222 44.052841 27.478785
v -3.563747 44.985958 27.150290
v -3.001887 45.013107 27.253979
v -3.034216 47.724667 26.084627
v -3.452777 46.836399 26.477543
v -3.038029 46.856441 26.554085
v -3.153656 49.311096 24.894068
v -2.982974 49.319344 24.925568
v -1.236977 36.571884 26.281738
v -1.386248 37.435471 26.735777
v -1.679640 39.268768 27.400591
v -2.761015 41.110611 27.633020
v -1.958335 41.194016 27.724335
v -2.213375 43.149319 27.696604
v -2.841299 42.093704 27.669069
v -2.620727 46.899799 26.601557
v -0.128407 35.905781 25.792786
v -0.621044 38.482265 27.149260
v -0.450172 37.584534 26.776297
v -1.534199 38.336853 27.109732
v -0.975897 40.358356 27.642607
v -0.796757 39.409363 27.438807
v -1.821399 40.223724 27.606007
v -2.436563 45.071846 27.318293
v -1.872202 45.161713 27.342722
v -2.504510 48.615108 25.580494
v 1.604715 36.549587 24.591042
v 2.742819 36.277836 25.217222
v 2.479420 36.845512 24.429413
v 5.260874 37.450325 24.343632
v 4.879091 37.999485 23.550270
v 5.580729 38.461601 23.134392
v 6.799007 39.478191 22.139486
v 7.304941 40.023727 21.569202
v 9.125632 41.277042 20.421053
v 9.380748 41.886997 19.707006
v 8.358654 41.751423 19.628141
v 9.643461 43.709106 17.451038
v 8.426538 44.628487 15.980648
v 9.144804 45.420528 15.148677
v -1.013226 35.362476 25.458681
v -0.211322 36.107014 24.707787
v -4.795204 35.286217 24.625080
v -6.423638 36.255787 22.989502
v -6.547871 35.569893 23.832474
v -7.365047 35.789398 23.351816
v -8.134148 36.058517 22.819794
v -11.063567 38.062107 19.547134
v -11.933088 39.672390 17.282312
v -12.057666 40.253410 16.511673
v -12.052107 41.454834 14.982919
v -11.922014 42.065842 14.236768
v -11.412283 43.284550 12.810071
v -11.036635 43.882721 12.140692
v -8.804190 46.093193 9.874846
v -7.313041 47.029221 9.049695
v -5.631594 47.812157 8.466349
v -1.912252 48.826454 8.089854
v -1.771324 48.229897 8.884311
v 0.009436 49.026127 8.308468
v 1.883467 48.363644 9.613389
v 3.678513 48.779522 9.525481
v 4.517349 48.585495 9.979020
v 7.363396 47.325150 12.284578
v 8.404491 46.440182 13.667870
v 8.813922 45.945286 14.398921
v -4.764723 35.940380 23.799446
v -5.613475 36.071465 23.423628
v -7.188091 36.491726 22.500885
v -7.900118 36.777210 21.962070
v -8.553460 37.109726 21.377794
v -9.142377 37.486359 20.753191
v -9.661692 37.903793 20.093750
v -11.434087 38.572433 18.806005
v -11.107760 41.039040 15.744872
v -11.050642 41.623695 15.014314
v -10.907152 42.212799 14.299351
v -10.584178 44.467167 11.507690
v -9.463570 45.576748 10.370317
v -7.681738 46.032566 10.228286
v -6.172882 46.883278 9.516150
v -3.602285 47.838955 8.931620
v -0.844555 48.345688 8.964905
v 0.078893 48.406860 9.114256
v 2.748735 48.259640 9.958784
v 6.739878 47.708290 11.643164
v 6.411581 46.966095 12.507631
v 7.855627 45.660480 14.525816
v 9.561203 44.298042 16.680731
v 8.585875 44.077221 16.721947
v 8.789531 40.673759 21.106674
v 7.735937 40.587769 20.956909
v 6.007179 37.918793 23.930651
v 4.123833 37.573662 23.906731
v 3.321593 37.187874 24.200638
v -0.053078 35.515369 25.500242
v 0.897920 35.720028 25.473625
v 2.455506 36.592308 26.779600
v 4.418989 41.228371 27.341793
v 5.159822 45.126106 26.499092
v 5.232614 46.063957 26.108387
v 5.258898 46.973465 25.650539
v 5.238484 47.848072 25.128838
v 5.058488 49.467674 23.909365
v 4.452749 51.488308 21.708679
v 3.480771 52.904984 19.190502
v 2.205281 53.626255 16.517340
v -0.364798 53.178307 12.186031
v -0.912712 52.844330 11.394973
v -1.462857 52.433159 10.642776
v -2.553998 51.391586 9.276335
v -3.242401 51.517586 9.592972
v -4.211052 50.803703 9.054291
v -4.856899 50.575256 9.078023
v -5.285847 50.301491 8.997560
v -5.529661 50.079540 8.899517
v -6.195777 50.364067 9.615658
v -6.249027 49.683640 8.936127
v -6.496597 49.997021 9.421205
v -6.354611 50.184422 9.524147
v -6.620712 49.803219 9.307572
v -6.726061 49.604416 9.184071
v -7.036055 50.351749 10.262496
v -6.595304 50.814812 10.488485
v -6.078291 51.223621 10.647633
v -3.242518 52.124329 10.462731
v -2.775076 51.450562 9.392618
v -2.303556 52.025715 10.088601
v 4.113783 37.221504 26.351236
v 4.647071 37.648739 26.247948
v 3.973656 38.127758 26.838202
v 4.467181 39.017532 26.885712
v 3.711232 38.248512 27.016243
v 3.798546 39.290131 27.311699
v 3.432874 38.348232 27.182734
v 4.218255 37.986847 26.649889
v 4.443267 37.826790 26.452663
v 3.627702 37.160233 26.575851
v 4.961778 37.691307 26.065746
v 6.512064 38.747154 25.317631
v 7.028534 39.372120 25.054506
v 7.300529 40.524399 25.082539
v 4.886882 41.060749 27.061941
v 4.128043 40.252491 27.364845
v 5.277790 39.723442 26.584797
v 5.607193 39.489128 26.296074
v 6.459933 40.052589 25.770514
v 6.574645 41.227425 25.865978
v 6.508396 42.441921 25.961575
v 5.194206 42.022690 26.928749
v 4.669290 42.210739 27.242706
v 8.392527 40.562706 23.796005
v 8.185163 42.151608 24.238607
v 6.975751 42.109474 25.551933
v 7.317791 42.991669 25.174753
v 4.877141 43.192528 27.068302
v 5.455297 42.985401 26.722500
v 8.836771 41.173843 23.261990
v 8.882176 41.212463 23.196526
v 8.539263 41.678268 23.753620
v 9.225180 41.920696 22.688511
v 9.296936 41.876823 22.557842
v 9.538315 42.669048 22.072529
v 8.799161 43.778183 23.180359
v 8.336188 44.276001 23.719011
v 5.831609 44.885437 26.097286
v 5.668277 43.941952 26.444677
v 6.259604 43.669853 26.043491
v 9.633818 42.550995 21.884558
v 9.420032 44.013523 22.003271
v 6.614892 45.500412 25.227741
v 7.363982 46.004829 24.222338
v 5.944118 45.809063 25.682827
v 6.004991 46.706181 25.204290
v 8.998831 44.576569 22.580166
v 7.425995 46.841507 23.644718
v 10.064817 43.909332 20.453804
v 9.930294 44.148727 20.731068
v 8.656467 46.673809 21.864061
v 8.052717 46.395702 23.095390
v 7.425695 47.644234 23.017700
v 10.155830 44.583702 19.706646
v 9.614004 46.227192 19.916420
v 8.071517 47.184845 22.451632
v 5.970454 48.395256 24.069197
v 10.001431 45.570316 19.276199
v 7.908577 48.648430 21.046646
v 5.875294 49.175053 23.420822
v 6.510343 49.544548 22.194557
v 5.728993 49.904079 22.724665
v 9.915681 46.246449 18.519220
v 9.353715 47.564274 18.404104
v 7.238620 49.124989 21.633871
v 6.319629 50.214954 21.451784
v 4.900202 50.200996 23.220375
v 5.532609 50.577091 21.985739
v 10.085607 45.898605 18.175634
v 9.681745 47.137001 16.632534
v 9.357962 47.716263 15.870345
v 8.955862 48.263268 15.121739
v 8.478342 48.774078 14.392109
v 7.928842 49.245010 13.686712
v 5.890472 50.386192 11.765652
v 5.097382 50.666904 11.205724
v 3.606709 51.748215 11.482435
v 2.807200 52.522545 12.345335
v 0.708591 53.605595 13.861703
v 1.853563 53.471130 14.359087
v 1.226331 53.695835 14.734242
v 2.996051 52.881512 13.533572
v 3.621863 52.830574 14.335625
v 3.962312 52.119644 12.627868
v 4.656763 52.014584 13.365582
v 5.473145 51.037590 12.337561
v 5.022057 50.703026 11.176398
v 7.482957 49.924477 19.519176
v 7.053192 49.792351 20.887030
v 9.182284 48.078480 16.195707
v 8.789171 48.744999 16.845324
v 6.808137 50.404495 20.110661
v 4.995597 51.736111 20.401154
v 8.784977 48.609028 15.422285
v 8.321284 49.370445 17.486162
v 6.806900 50.976273 17.913160
v 3.842032 52.506386 20.055450
v 8.315565 49.092896 14.658708
v 6.380768 51.408348 17.095083
v 5.734946 51.867737 17.661152
v 7.936615 49.735405 15.284920
v 7.409689 50.150093 14.518171
v 6.965719 50.897312 16.507513
v 6.467507 51.277641 15.704607
v 7.777433 49.526592 13.910479
v 7.311321 49.672668 13.010631
v 7.174458 49.906990 13.182988
v 6.820570 50.506996 13.767784
v 6.971996 50.735184 15.117654
v 5.913889 51.592060 14.909514
v 5.367628 52.069290 15.458223
v 4.591855 52.611851 17.348629
v 3.085623 53.225937 18.308249
v 6.173501 50.803543 13.039164
v 4.787918 52.293404 14.651232
v 3.405529 53.199654 16.968803
v 2.916784 53.371361 16.091780
v 5.791788 50.497330 11.811007
v 5.771828 51.340481 13.589312
v 5.308855 51.838299 14.127962
v 4.164905 52.444286 13.859644
v 4.212771 52.702526 15.155353
v 3.587559 53.062710 15.636691
v 1.726429 53.702740 15.621586
v 2.398216 53.462070 15.219780
v 4.256671 50.894104 10.692988
v 3.374398 51.066151 10.231137
v 3.933103 51.311905 11.035394
v 3.104513 51.350197 10.444213
v 1.657974 52.751183 12.005443
v 1.286747 53.398472 13.515901
v 0.701852 53.244621 12.696297
v 2.808176 51.746326 10.850088
v 0.176937 53.432671 13.010255
v 2.244747 51.322056 9.898746
v 1.980602 51.675152 10.260530
v 0.864793 51.820316 10.026508
v -0.121042 52.521572 10.890600
v 0.103094 53.010681 11.906178
v -0.505214 52.698345 11.151242
v 1.129951 51.535202 9.718008
v 0.038402 51.568283 9.486988
v -1.118689 52.309856 10.436925
v 0.542992 51.241016 9.182199
v 0.262351 51.327480 9.226433
v -0.794222 52.160553 10.216790
v -1.225888 51.586357 9.402020
v -1.470487 51.727264 9.590332
v -2.011270 51.947742 9.934864
v -0.439666 51.184151 8.953157
v -1.430050 51.070038 8.787536
v -1.000876 51.426296 9.204795
v -1.959956 51.118240 8.873305
v -2.144965 51.224823 9.015740
v -2.421023 50.899506 8.686528
v -3.389682 50.836491 8.820884
v -3.711740 50.858276 8.939719
v -3.877205 50.851673 8.986739
v -4.044043 50.833439 9.025022
v -4.540779 50.710674 9.085013
v -4.701120 50.648045 9.086246
v -4.376226 50.394493 8.680797
v -5.326369 50.063652 8.776114
v -5.150319 50.401352 9.033520
v -5.006993 50.492825 9.060405
v -8.530471 48.846607 10.045705
v -7.985549 48.787399 9.445172
v -9.368055 48.200783 10.402511
v -8.987598 49.385319 11.216398
v -7.675610 50.459839 11.047868
v -7.130656 51.032372 11.327287
v -7.257665 51.496090 12.334648
v -6.019828 52.286106 12.566845
v -5.107581 52.676884 12.587019
v -4.635040 52.826973 12.556208
v -4.156071 52.945347 12.498362
v -3.192669 53.083782 12.303424
v -2.985199 52.651489 11.295444
v -2.588170 52.639126 11.160375
v -2.715179 53.102840 12.167736
v -2.245093 53.088203 12.007813
v -2.200254 52.598385 11.005809
v -1.785797 53.039967 11.824806
v -1.824247 52.529564 10.832861
v -10.073282 47.846550 11.046480
v -8.783699 49.770103 11.455433
v -8.070102 51.273956 13.116615
v -6.452960 52.048233 12.516005
v -5.712660 52.778530 13.558829
v -3.674123 53.031158 12.413898
v -3.535469 53.392822 13.355968
v -2.434403 53.475132 13.073325
v -1.340601 52.958481 11.620034
v -9.535836 47.731548 10.193290
v -10.855289 46.546463 11.158957
v -10.226959 47.153107 10.650529
v -11.354048 46.456337 12.032164
v -10.117899 49.776081 14.259519
v -9.291838 50.783997 14.793495
v -10.096145 50.099548 15.472503
v -9.622957 50.634731 15.745128
v -7.937991 52.064156 16.340343
v -7.301359 52.470470 16.459764
v -4.572628 53.580971 15.509257
v -4.503170 53.669121 16.521645
v -2.283036 54.064407 16.132555
v -1.548071 54.093746 15.923700
v -11.869179 45.337967 12.277760
v -11.860213 45.939732 12.749407
v -12.299335 44.751160 12.990603
v -12.320708 44.601883 12.953076
v -12.639511 44.828075 14.265831
v -12.183732 46.902805 15.757836
v -11.537684 48.258572 16.622906
v -10.638430 49.546791 17.354790
v -9.511837 50.730400 17.932438
v -5.926979 53.018341 18.604893
v -3.620460 53.869278 17.440596
v 0.287092 54.025253 16.330194
v 0.680850 53.967838 17.267841
v 1.458175 53.825565 16.910305
v -12.649680 44.145462 13.730815
v -12.557985 45.518494 14.784473
v -12.821541 44.965019 15.597940
v -12.405695 46.211735 15.283006
v -12.429092 46.416630 16.618624
v -12.124959 47.133797 17.088099
v -11.118255 48.913498 17.006908
v -11.311817 48.525070 17.928419
v -10.101669 50.153881 17.664042
v -9.627305 50.430298 18.898941
v -7.484264 52.009361 19.467560
v -6.711887 52.651581 18.563461
v -5.119079 53.333889 18.598686
v -5.868169 52.829472 19.604088
v -4.155814 53.435158 19.541168
v -2.616220 53.952465 18.296412
v -1.775589 54.044346 18.103521
v -2.396460 53.809006 19.280611
v 0.219966 53.913445 18.537107
v -12.914166 43.248573 14.329394
v -12.917692 43.525238 14.493059
v -13.090358 43.638794 15.854838
v -12.661844 45.691963 16.120710
v -12.593708 45.899563 17.480640
v -11.889727 47.376907 18.423281
v -11.432685 48.090561 18.841721
v -10.909833 48.780647 19.220797
v -8.986293 50.660767 20.096079
v -5.775887 52.563507 20.583000
v -3.085195 53.418137 20.407558
v -1.252226 53.681519 20.036671
v -0.343753 53.717781 19.778511
v 2.659436 53.466942 17.415051
v 1.876010 53.675934 17.827118
v 2.271522 53.443111 18.736452
v -13.199597 42.259163 16.061563
v -12.925630 44.579346 17.804491
v -9.676169 49.653275 20.779488
v -8.959040 50.261642 21.032816
v -8.192259 50.826630 21.236267
v -7.381350 51.344170 21.388380
v -6.532156 51.810535 21.488056
v -3.817165 52.870949 21.467201
v -1.933206 53.271275 21.188189
v -0.989276 53.374447 20.971596
v -0.053117 53.411819 20.705570
v 0.868527 53.383110 20.392027
v 2.641860 53.128777 19.631754
v -13.088590 42.569374 15.057114
v -13.096636 43.800919 17.244698
v -13.199785 42.406078 17.470718
v -11.479987 47.613106 19.740229
v -11.934889 46.344284 20.176640
v -10.286342 48.520096 21.371864
v -3.619151 52.471596 22.383076
v 0.229095 53.024559 21.604410
v 1.769015 53.288536 20.033226
v 2.091987 52.898521 20.917027
v 2.984355 52.735191 20.506573
v -13.186549 41.230312 16.565495
v -13.136940 40.989361 17.650991
v -13.030129 42.588730 18.878342
v -12.594181 44.201241 20.012159
v -11.841636 45.780495 21.019831
v -11.353064 46.543388 21.467136
v -10.794142 47.281075 21.872364
v -9.481834 48.659798 22.545235
v -5.493799 51.808502 22.451960
v -5.306026 51.324898 23.328541
v -3.403868 51.997723 23.258648
v -2.659085 52.708874 22.267128
v -12.256337 44.997902 20.533672
v -12.429877 43.599686 20.817554
v -11.179752 45.958828 22.283089
v -10.616775 46.701870 22.691257
v -8.737905 49.290901 22.808027
v -7.942467 49.877007 23.019085
v -4.364947 51.692463 23.321312
v -4.140921 51.145279 24.150723
v -1.204318 51.871052 23.796064
v 0.500850 52.558804 22.468554
v 1.456937 52.529026 22.143293
v 3.576169 51.722153 22.169744
v 4.166805 52.033028 20.896862
v -12.976575 40.364494 18.439251
v -10.335093 36.806030 22.500288
v -10.318232 37.031769 22.728546
v -9.654000 36.424721 23.142185
v -8.865942 36.174522 23.868109
v -8.914244 36.092514 23.745270
v -7.185497 36.043270 25.238764
v -7.119251 36.604290 25.660204
v -6.290171 38.830830 27.154083
v -5.559451 39.877617 27.748800
v -4.125042 41.279648 28.401510
v -3.570154 41.688507 28.548740
v -2.983332 42.063034 28.658815
v -1.074515 42.954956 28.759571
v -0.404077 43.167900 28.715858
v 0.959267 43.457600 28.513948
v 5.041046 44.166656 26.819834
v -12.705517 39.341702 18.878386
v -12.964642 41.165409 19.066984
v -12.719588 40.553261 19.843351
v -12.623936 41.363327 20.451876
v -11.671869 45.190407 21.832539
v -11.426816 44.578255 22.608908
v -9.049890 47.478451 24.145380
v -8.300561 48.114136 24.410082
v -6.009763 50.344727 24.109394
v -2.927813 50.840607 24.863972
v -2.191643 51.695259 23.969099
v -0.959263 51.258904 24.572433
v -0.218005 51.978855 23.569744
v 0.027049 51.366711 24.346115
v -12.731522 39.752346 19.215618
v -12.403543 39.157330 19.974503
v -9.741938 46.802025 23.830473
v -7.499351 48.704494 24.622669
v -7.209070 48.044971 25.342594
v -1.696316 50.406456 25.464508
v 1.234246 50.726772 24.792065
v 4.697803 50.876163 22.485048
v 3.821224 51.110008 22.946112
v -12.119336 41.564217 21.782566
v -11.108238 43.948471 23.343342
v -10.718432 43.305569 24.030554
v -10.236927 44.057426 24.471390
v -10.060745 45.449043 24.195875
v -9.686089 44.784447 24.870758
v -8.392761 46.143227 25.533894
v -8.004508 47.458870 25.131538
v -5.486927 49.065651 25.603792
v -5.178419 48.348747 26.258312
v -3.631550 49.860435 25.644823
v -3.349875 49.132034 26.298748
v -0.716105 50.580978 25.292721
v 1.445551 49.985847 25.458323
v 4.029939 50.433155 23.678118
v 4.200811 49.696472 24.360487
v -11.502113 37.704624 21.118811
v -11.460095 41.749153 23.037455
v -10.985643 41.131836 23.694218
v -10.659970 41.899796 24.196941
v -8.647732 44.782406 25.834661
v -7.985421 45.429768 26.136038
v -7.268291 46.038136 26.389364
v -5.690601 47.120667 26.744926
v -4.841407 47.587032 26.844603
v -4.277344 48.769783 26.305874
v -2.126416 48.647446 26.823750
v -0.242457 49.047771 26.544737
v 0.488450 49.947643 25.730301
v 0.701473 49.150944 26.328146
v 2.559277 49.159607 25.748577
v 4.332609 48.905273 24.988302
v -10.952614 37.233692 21.824207
v -11.497430 38.802162 22.018871
v -11.405887 39.577415 22.601246
v -10.848661 39.013256 23.240580
v -11.234880 40.355843 23.161037
v -10.124805 41.266956 24.789085
v -9.250451 44.100716 25.487408
v -6.089327 45.831188 27.114101
v -5.302400 46.333424 27.261717
v -4.478320 46.785999 27.358444
v -3.960047 47.998863 26.891125
v -1.187356 48.879532 26.710339
v -0.932334 48.040272 27.228148
v -0.015379 48.203537 27.067446
v 3.577352 48.220287 25.946640
v 5.171520 48.681480 24.547049
v 4.424383 48.065254 25.557041
v -9.152176 41.344833 25.761234
v -8.712355 42.031597 26.163906
v -6.833432 45.282906 26.916668
v -7.027843 43.936825 27.134430
v -5.642077 45.032578 27.560997
v -3.268707 46.335999 27.839577
v -2.421532 46.666885 27.833067
v -1.556352 46.941685 27.776655
v 3.660358 47.331657 26.437525
v -10.307568 37.747570 23.289572
v -10.222078 38.471550 23.833429
v -10.062384 39.198490 24.356197
v -8.866366 40.024429 25.796593
v -7.646348 43.332283 26.852985
v -4.440816 44.673958 28.065742
v -2.899645 45.456043 28.195940
v -0.679402 47.158424 27.670746
v -0.430382 46.240341 28.034937
v 0.203002 47.315529 27.516098
v 1.958742 47.446781 27.065399
v 2.906240 46.489761 27.178425
v 4.475472 47.182461 26.062605
v 4.485508 46.263268 26.501352
v -9.530653 37.956196 24.375521
v -8.779366 37.470909 24.862953
v -8.635574 38.125454 25.333658
v -7.419999 40.676407 26.961332
v -6.966958 41.274345 27.289795
v -6.460159 41.847553 27.581787
v -3.973642 43.813690 28.347189
v 0.411113 46.390167 27.887461
v 0.607455 45.434105 28.178858
v 1.401162 45.520855 27.996735
v 2.188336 45.552277 27.773043
v 2.963305 45.528141 27.509399
v 3.720484 45.448616 27.207701
v -8.054464 35.808784 24.363350
v -7.839376 37.630322 25.731697
v -7.388022 38.842457 26.544968
v -7.074175 39.434727 26.912895
v -6.281430 40.570366 27.558094
v -5.903252 42.391888 27.835199
v -4.725266 42.091408 28.266207
v -3.259593 44.205833 28.431000
v -3.486644 42.941288 28.545355
v -2.819955 43.307423 28.623608
v 0.048787 44.322147 28.518200
v 2.990212 44.542027 27.763134
v 4.382429 44.342354 27.166254
v 4.454419 45.314285 26.870121
v -7.280443 35.584599 24.817930
v -6.222386 36.229198 25.964275
v -6.995502 37.167606 26.065304
v -6.110032 36.740639 26.332073
v -6.815139 37.729156 26.451143
v -5.469653 38.250702 27.320589
v -5.949349 39.363014 27.466118
v -5.123287 40.370934 28.000093
v -4.644000 40.839401 28.218187
v -3.975074 40.074306 28.286705
v -3.503906 40.474014 28.453144
v -2.467333 41.185261 28.686756
v -1.909396 41.491669 28.752245
v 0.275483 43.335854 28.633785
v -0.125594 42.188381 28.738543
v 1.642351 43.532261 28.357208
v 1.112203 42.451405 28.555227
v 1.732383 42.519192 28.412920
v 2.986767 43.538532 27.937798
v 2.952996 42.524879 28.032133
v 3.544634 42.462746 27.796394
v -5.480692 35.296894 25.687420
v -5.043381 36.806953 26.842335
v -4.618533 37.698521 27.411215
v -4.806223 39.201092 27.860540
v -4.342711 38.129208 27.663740
v -1.445037 40.587418 28.687346
v -0.734294 41.995045 28.778233
v -0.928872 40.828598 28.714592
v 1.801127 41.503311 28.384884
v 2.889141 41.508385 28.045464
v 3.927685 41.359436 27.600212
v -5.343106 35.442593 25.861176
v -4.327300 35.608944 26.372383
v -3.946844 36.793476 27.186272
v -3.742944 37.178265 27.425304
v 0.405715 40.235134 28.526081
v 0.884684 40.353508 28.468233
v 2.795662 40.496365 27.977688
v 3.416507 41.452999 27.835333
v -4.112954 36.401779 26.929857
v -2.849194 36.693680 27.362761
v -2.414207 37.316814 27.716789
v -2.154565 37.610477 27.866379
v -1.869252 37.889351 27.996208
v -1.560324 38.151424 28.105337
v -1.230007 38.394814 28.192982
v 0.654713 39.275471 28.292461
v 1.059245 39.375454 28.243607
v 2.276204 39.508469 27.964365
v 3.700154 40.366634 27.589907
v 3.061149 39.455364 27.674728
v -3.342734 35.368248 26.473476
v -2.083004 35.985416 27.060751
v -0.880681 38.617760 28.258509
v -0.634148 37.624111 27.895502
v -0.135186 38.996071 28.321487
v 0.567399 38.233852 27.997009
v 2.673234 39.496105 27.829296
v 2.522738 38.514820 27.601358
v 3.437157 39.386543 27.501781
v -2.283310 35.447483 26.699831
v -2.196473 35.717846 26.885597
v -1.593722 35.408665 26.723385
v -1.138403 35.646404 26.886618
v -1.943723 36.248257 27.224031
v -0.602749 35.579197 26.824390
v 0.161253 35.863602 26.929192
v 0.278316 35.978020 26.982460
v 1.352454 36.084209 26.830122
v 0.683921 36.276886 27.090078
v -0.055748 37.966915 27.983229
v 0.540595 36.185410 27.063194
v 0.171172 37.022259 27.558084
v 3.442694 37.266815 26.718287
v 3.033660 37.433578 26.978880
v 3.244203 37.358150 26.852953
v -1.732911 51.848022 9.768374
v 1.546581 38.475853 27.878750
v 1.217367 38.417240 27.936447
v 0.890187 38.336376 27.975962
v 0.866291 37.347061 27.594778
v 0.834015 36.359314 27.107698
v 0.989794 36.432106 27.115921
v 1.110440 37.424610 27.578857
v 1.357910 37.485771 27.548969
v 1.313885 36.546741 27.104012
v 1.150135 36.494728 27.114689
v -1.779631 36.504482 27.374264
v -1.151160 37.215302 27.736355
v -0.433580 36.576656 27.397625
v -0.244596 36.736980 27.464384
v -4.377029 50.762680 9.074336
v -4.477219 51.382618 9.876312
v -4.960434 51.211697 9.894068
v -4.721367 51.305069 9.892231
v -4.876745 51.833359 10.749140
v -5.192816 51.709908 10.751567
v -5.396590 52.139095 11.652567
v -5.776265 51.961685 11.632525
v -4.226777 52.016747 10.688579
v -3.897563 52.075363 10.630881
v -3.795111 52.590946 11.503348
v -2.921406 52.114330 10.353489
v -5.005793 52.291733 11.649564
v -5.570288 52.496162 12.590573
v -5.181376 52.986038 13.554748
v -5.822679 52.984177 14.550357
v -6.401749 52.713600 14.519792
v -4.638802 53.158375 13.519369
v -2.759970 53.741119 14.180469
v -2.526200 53.945332 15.150609
v -0.374244 53.579708 13.300166
v 0.101505 53.767548 14.181019
v -5.226646 53.216972 14.545779
v -5.899552 53.111614 15.558016
v -5.243066 53.368027 15.552972
v -5.189088 53.426689 17.586752
v -5.230516 53.438095 16.569071
v -5.951890 53.128757 17.592611
v -5.942727 53.159924 16.574541
v -2.825938 54.010738 17.301352
v -2.032230 54.097496 17.119228
v 0.567714 53.871536 15.080664
v 1.021027 53.890919 15.992616
v -5.020994 53.160358 19.597580
v -4.895540 52.907349 20.576237
v -4.743620 52.576683 21.527607
v -4.566330 52.170750 22.444836
v -4.843775 50.162895 24.934372
v -5.088830 50.775040 24.158005
v -3.895867 50.533127 24.927090
v -4.572629 49.492870 25.652052
v -3.052871 48.353180 26.884157
v -3.623026 47.185646 27.403589
v -2.742679 47.529488 27.396828
v -2.518498 44.552120 28.470118
v -2.091746 45.771591 28.189735
v -1.755695 44.850052 28.464260
v -1.415802 43.908916 28.654659
v -1.330326 41.762245 28.782810
v -0.397589 41.036106 28.710510
v 0.144986 41.208439 28.675131
v 0.255611 39.148708 28.318485
v -0.066826 40.085045 28.556892
v 0.251328 38.110401 27.999435
v 0.394960 37.145161 27.584354
v 0.627224 37.253689 27.596613
v -0.688456 44.139938 28.607237
v -1.266676 46.033653 28.135937
v -0.976681 45.097488 28.413464
v -1.843622 47.815052 27.338205
v -2.402696 49.432884 26.236992
v -1.946589 51.083111 24.745466
v -2.670471 50.165695 25.582157
v -3.172867 51.452751 24.087603
v -2.429713 52.238483 23.140997
v -3.996483 53.192909 20.517616
v -3.457715 53.802639 18.443890
v -4.410073 53.674126 17.535959
v -3.765928 53.851326 16.432608
v -4.294009 53.595955 18.544889
v -3.380150 53.673332 14.322775
v -4.606690 52.418495 11.623542
v -4.553957 51.935883 10.728092
v -4.000967 53.562798 14.431576
v -4.617948 53.410309 14.506090
v -3.005096 51.492661 9.498418
v -2.607665 52.081375 10.228479
v -1.367280 53.402935 12.679570
v -0.856103 53.309368 12.444449
v -1.894647 53.458321 12.889700
v -0.947719 53.684673 13.563942
v -0.530137 53.883163 14.471549
v -0.117543 53.996960 15.395854
v -0.121093 54.052063 17.587378
v 1.060896 53.825130 18.202038
v 1.424491 53.598145 19.126053
v 0.550634 53.689922 19.474241
v 2.391078 52.430916 21.771084
v 3.296542 52.265186 21.354607
v 1.723214 51.987911 22.964153
v 2.909189 51.276939 23.365612
v 2.664135 51.889091 22.589243
v 3.124475 50.598888 24.094595
v 2.190334 50.696991 24.466805
v 3.308442 49.859810 24.770941
v 2.387811 49.956497 25.137768
v 3.459764 49.065033 25.389774
v 2.819428 47.419971 26.772594
v 3.708183 46.405540 26.858889
v 3.697171 44.467777 27.481445
v 4.270055 43.354477 27.387619
v 3.638413 43.470093 27.678148
v 4.118109 42.357780 27.532619
v 3.254958 40.448120 27.794680
v 2.836478 38.481869 27.476349
v 2.102377 37.567142 27.378145
v 1.979174 36.642338 26.969395
v 2.142073 36.637264 26.913975
v 2.345257 37.559578 27.295517
v 2.301233 36.620548 26.850559
v 2.812582 37.492554 27.095165
v 2.582562 37.534657 27.200962
v 3.140587 38.426205 27.336470
v 0.237035 52.315285 10.614924
v 0.955350 52.570847 11.290375
v 0.544203 52.807709 11.606908
v 2.339845 52.854988 12.754975
v 1.831807 53.147667 13.146103
v 1.196720 53.016911 12.360552
v 2.444889 53.199039 13.957900
v 3.031549 53.170647 14.790095
v 4.108913 52.875996 16.491590
v 3.860929 52.948185 17.844528
v 6.146632 51.445942 18.491890
v 4.279705 52.618759 18.712648
v 6.505223 50.957024 19.310360
v 5.776946 51.376579 19.871044
v 5.032906 52.272182 18.201637
v 4.658838 52.213764 19.566908
v 6.074575 50.827099 20.675415
v 5.428887 51.859432 19.044466
v 5.287556 51.189240 21.209370
v 7.363087 48.407230 22.345804
v 6.723655 48.048676 23.558186
v 6.645343 48.820721 22.898380
v 6.744716 47.233994 24.169220
v 6.708375 46.382523 24.727077
v 6.013791 47.570320 24.665115
v 7.240105 45.140228 24.746403
v 6.464942 44.594009 25.667603
v 6.000359 42.734600 26.352703
v 6.150327 41.529255 26.237894
v 5.327991 40.857773 26.762671
v 5.689073 41.794983 26.593004
v 4.919713 39.929729 26.860472
v 4.142714 39.166836 27.105846
v 4.535541 40.106503 27.121117
v 4.769608 38.843307 26.652878
v 5.047818 38.645409 26.409023
v 5.905548 39.228474 25.996382
v 5.299806 38.425262 26.155910
v 6.170706 38.943359 25.687881
v 5.523755 38.184460 25.895353
v 6.117360 40.351871 26.114620
v 5.739138 40.620914 26.446136
v 7.055255 44.253929 25.213131
v 7.598298 43.867649 24.737150
v 6.810765 43.352333 25.619164
v 7.815251 44.731106 24.242281
v 8.023355 47.937561 21.767075
v 7.175181 50.480461 18.723137
v 5.899856 51.773563 16.274801
v 5.273133 52.219372 16.824127
v 4.764521 52.498302 15.986851
v 3.503076 52.520851 13.089161
v 1.333573 52.301807 10.958859
v 2.082292 52.449356 11.633525
v -0.491795 51.986328 9.983957
v -0.213585 51.788429 9.740105
v -3.235408 50.808254 8.749924
v -2.343455 51.316162 9.150407
v -0.797073 51.248245 9.000079
v 0.566438 52.080971 10.326200
v 1.676146 52.002525 10.614752
v 3.230505 52.152729 11.920134
v 7.781991 49.950329 18.113607
v 8.339226 48.778351 19.681591
v 7.728011 49.312328 20.295544
v 8.513351 45.098587 23.145002
v 7.967090 45.575821 23.693710
v 8.090156 43.437950 24.243090
v 7.399056 41.739658 25.126732
v 6.958968 40.891666 25.479933
v 7.775260 41.335144 24.689034
v 8.527286 42.967915 23.734507
v 7.777026 42.590466 24.713459
v 8.620368 45.899780 22.525196
v 8.621390 47.415092 21.166359
v 9.152884 46.843601 20.547989
v 8.515388 48.118301 20.437119
v 9.054681 47.538418 19.809673
v 8.094172 49.390495 18.905224
v 8.637378 48.806412 18.273226
v 7.404935 50.453812 17.312447
v 7.485583 50.338322 15.902672
v 5.093893 51.544556 12.857000
v 4.370450 51.680794 12.153017
v 2.466615 52.113594 11.247479
v 5.763129 38.201080 25.720381
v 6.764390 39.725220 25.416290
v 7.596865 40.128269 24.676666
v 8.101654 40.898834 24.241993
v 8.906538 42.460945 23.215067
v 9.562551 44.772232 21.338760
v 9.124857 45.357323 21.938244
v 9.176332 46.114822 21.259220
v 9.627363 45.511898 20.641468
v 9.522569 46.912964 19.168835
v 8.882432 48.194260 19.049593
v 9.108662 48.176418 17.627735
v 7.936428 49.882317 16.694075
v 8.397549 49.265907 16.062506
v 6.399369 51.070042 14.344678
v 9.773919 43.413513 21.418476
v 9.200834 43.241241 22.630213
v 10.006314 44.869392 20.015255
v 9.749681 46.892914 17.749775
v 9.504627 47.505066 16.973406
v 6.510982 50.231346 12.481480
v 4.724548 51.207447 11.668029
v 0.405067 36.085548 27.027233
v -0.042526 36.885872 27.518000
v -1.381917 36.989750 27.631351
v -2.582684 38.593948 28.175312
v -2.920497 38.263760 28.021595
v -2.216910 38.904251 28.304522
v -3.674193 38.944897 28.095877
v -2.866330 39.680309 28.420736
v -4.410224 39.648979 28.088692
v -3.286314 39.324020 28.272377
v -5.288273 41.613789 28.067324
v -7.074335 42.591583 27.255091
v -5.845853 43.709892 27.749088
v -7.529353 44.692532 26.670832
v -6.484504 43.168102 27.523485
v -9.069887 45.481384 25.225777
v -9.435500 46.156212 24.556107
v -8.748438 46.827766 24.868744
v -9.294944 48.090599 23.369013
v -10.168897 47.988243 22.232595
v -8.876045 49.803917 21.938974
v -10.324937 49.442177 19.557781
v -9.609216 49.181942 21.679981
v -9.682214 50.070396 19.850243
v -8.957606 50.998428 19.135513
v -9.336644 50.968529 16.957693
v -9.102987 51.142967 15.981733
v -9.893551 50.424191 16.704279
v -8.733643 51.480072 17.170704
v -8.088891 51.955151 17.341778
v -7.650118 51.630245 13.264975
v -8.467427 51.296234 14.054250
v -8.812551 51.252472 15.011589
v -7.996259 51.695942 14.220691
v -6.228824 52.537346 13.531584
v -7.961252 50.855602 12.051722
v -8.457981 50.894833 12.940116
v -6.826060 50.589260 10.383483
v -7.415968 50.753498 11.197458
v -6.345447 51.026768 10.576748
v -6.491411 51.537834 11.524059
v -6.142084 51.760784 11.589587
v -5.412598 50.193962 8.952785
v -6.021238 50.534664 9.695080
v -8.810961 50.495602 12.736748
v -8.268670 50.507904 11.874604
v -9.298576 50.423019 13.628087
v -9.728002 50.290684 14.542202
v -9.652569 49.955807 13.371437
v -9.126499 50.079140 12.507977
v -9.402321 49.648457 12.255452
v -9.636439 49.206642 11.980992
v -9.827168 48.756889 11.686575
v -10.126894 47.392525 10.705415
v -10.774884 46.941765 11.349193
v -11.287803 47.017361 12.453604
v -8.902577 50.870903 13.856241
v -10.400352 49.850983 16.412291
v -10.519137 49.541264 15.165827
v -11.585551 48.000332 15.327195
v -10.888890 48.963909 14.827304
v -11.202737 48.371639 14.459377
v -11.458417 47.768723 14.064697
v -11.788344 46.548370 13.206620
v -12.289733 45.395668 13.495755
v -10.808666 49.189148 18.293213
v -10.245810 49.825752 18.617498
v -10.941200 48.324219 20.130859
v -10.902544 47.823158 21.016842
v -10.338480 49.005909 20.478113
v -9.986993 47.414169 23.054106
v -8.172076 44.064316 26.378370
v -8.756971 43.402782 26.041386
v -8.209204 42.695675 26.528698
v -7.611096 41.984489 26.945839
v -5.808244 41.105553 27.830719
v -0.766953 36.226410 27.226692
v -1.591911 36.752239 27.510365
v -0.608119 36.406055 27.318203
v -0.908939 36.039013 27.123751
v -1.033054 35.845215 27.010118
v -7.623439 51.185791 12.205439
v -3.021405 36.368694 27.160877
v -5.732305 37.755047 27.012680
v -6.579462 38.284904 26.814943
v -8.152159 39.423695 26.204702
v -7.816017 40.058037 26.598764
v -9.736866 41.999046 25.243870
v -8.510352 40.696274 26.213953
v -11.127137 42.534294 23.551426
v -10.260209 42.654198 24.665586
v -10.934698 45.346684 23.059458
v -12.089581 44.402130 21.342852
v -12.343593 45.573006 19.697510
v -11.453382 47.096138 20.617474
v -11.950958 46.877701 19.309038
v -12.277666 46.644817 17.968496
v -11.751637 47.838306 17.525747
v -11.893700 47.586727 16.205545
v -11.249410 48.634678 15.721258
v -10.853392 49.253044 16.083828
v -9.962007 49.472633 13.088136
v -10.458722 49.243896 13.947483
v -7.387866 49.847763 9.976163
v -8.110598 49.836700 10.693840
v -8.282808 49.511715 10.491956
v -7.907711 50.153503 10.879590
v -7.223774 50.103989 10.126395
v -9.153708 48.993614 10.959984
v -10.983690 48.142227 13.244543
v -10.438631 48.472408 12.449928
v -10.224657 48.976974 12.780227
v -10.748013 48.697971 13.608344
v -12.350719 46.123299 18.840393
v -12.676393 45.355335 18.337669
v -12.184824 42.987537 21.593924
v -11.860785 42.369209 22.335670
v -11.844528 43.789982 22.119219
v -11.522941 43.165871 22.857182
v -9.829631 39.923157 24.854111
v -10.440846 40.521702 24.301228
v -9.525497 40.640327 25.323586
v -9.156399 39.340508 25.348886
v -8.426003 38.777950 25.781982
v -5.946278 37.250481 26.682381
v -4.852652 37.256706 27.136753
v -3.161700 36.037868 26.944313
v -3.269067 35.703583 26.714626
v -4.240078 36.005981 26.657907
v -5.189346 36.352497 26.530081
v -7.643704 38.239540 26.150288
v -10.682713 39.768661 23.783817
v -11.714908 40.955803 22.492350
v -12.445251 42.176704 21.036804
v -12.852734 43.396248 19.459055
v -12.690306 42.788853 20.260435
v -12.676550 44.787865 19.183542
v -11.859396 47.354588 14.904478
v -11.654091 47.159504 13.646106
v -11.164053 47.580677 12.858704
v -9.280833 48.597824 10.688035
v -7.527148 49.584923 9.812881
v -7.727454 49.046993 9.451962
v -7.640616 49.317356 9.637727
v -8.423103 49.180889 10.275391
v -8.604137 48.511272 9.804556
v -10.714739 47.451126 11.731824
v -10.602385 47.962570 12.099619
v -9.973133 48.302429 11.374321
v -12.068968 46.702095 14.456152
v -12.212758 46.047550 13.985447
v -12.835574 45.146523 16.963228
v -13.106194 43.198677 18.066120
v -12.931364 43.994518 18.638435
v -11.889739 40.159966 21.920034
v -9.378361 38.649437 24.874054
v -7.973630 37.019192 25.292212
v -5.289495 35.896614 26.202242
v -13.001523 44.391117 16.419991
v -12.868990 41.975475 19.675508
v -12.296733 40.756699 21.201853
v -11.983329 39.367367 21.324633
v -10.937496 38.260925 22.675426
v -6.282531 35.719841 25.581646
v -12.907028 44.241043 15.054085
v -13.101439 42.894958 15.271847
v -13.211459 41.622433 16.856522
v -13.188179 43.025665 16.662323
v -13.125093 41.784500 18.274202
v -12.391696 39.952473 20.597713
v -11.995005 38.583721 20.710434
v -10.948578 37.517097 22.092436
v -11.508848 38.035664 21.418112
v -9.612178 37.265781 23.856880
v -9.622347 36.583164 23.321863
v -8.856340 36.819035 24.373260
v -8.045499 36.410549 24.834997
v -3.548841 50.853203 8.884301
v -1.539357 53.746811 13.799681
v -1.181784 53.951603 14.731199
v -1.848740 53.972374 14.958097
v -0.824502 54.071213 15.677543
v -0.470088 54.104774 16.631895
v -0.640720 53.940254 18.829912
v 1.171356 52.995209 21.283854
v 1.968268 51.375763 23.740522
v 1.005242 51.405758 24.068142
v 2.703495 48.312065 26.294830
v 2.085455 46.515331 27.457657
v 2.266643 44.564560 28.009293
v 2.347458 42.543747 28.238138
v 2.325576 40.511002 28.137609
v 2.349384 41.525196 28.229088
v 2.201626 38.524822 27.710602
v 1.606918 37.530106 27.505329
v 1.855672 37.557297 27.448250
v 1.875457 38.511803 27.803288
v 1.646871 36.617496 27.054697
v 1.813709 36.635735 27.016415
v -3.485281 51.525154 9.675600
v -2.982661 53.453247 13.229122
v -2.144895 53.765675 14.005684
v -1.245056 54.128914 16.895538
v -1.514962 53.905357 19.078342
v -0.941878 54.077629 17.866608
v -0.470296 52.520035 22.744522
v 0.760188 52.017902 23.291775
v 1.637633 49.188313 26.062119
v 1.809108 48.339920 26.599102
v 0.900635 48.303658 26.857258
v 1.251744 46.482048 27.694571
v 2.319811 43.559303 28.164696
v 1.848086 40.491943 28.273298
v 1.872922 39.492371 28.078964
v 1.479862 36.587761 27.083965
v -3.980740 51.488113 9.802784
v -3.731987 51.515305 9.745706
v -3.568687 52.111313 10.555419
v -3.388481 52.635391 11.410044
v -3.209283 53.870667 15.307349
v -1.693049 52.880875 22.097824
v -1.449502 52.413006 22.969210
v -0.728005 52.986355 21.876387
v 0.263101 50.688011 25.068031
v -0.476594 49.842155 25.951736
v 1.084500 47.411884 27.313829
v 0.790613 44.454227 28.388189
v 1.531678 44.535225 28.218143
v 1.366632 40.439320 28.383772
v 1.466292 39.447926 28.172270
v -4.229749 51.443783 9.846424
v -4.202158 52.518471 11.574686
v -4.088845 53.294296 13.452951
v -3.893068 53.748924 15.427185
v -3.024101 53.983406 16.302599
v -3.278863 53.651894 19.435257
v -2.878104 53.103035 21.353788
v -2.168240 53.581394 20.246857
v -1.442630 49.670158 26.121040
v -0.187068 45.292641 28.318102
v 0.491386 42.340870 28.664030
v 1.248318 41.442886 28.511730
v 0.694942 41.344360 28.608711
v -6.537356 52.813591 15.524349
v -6.691236 52.444881 19.560644
v -6.631181 52.163857 20.537855
v -5.650796 52.222363 21.534576
v -6.220324 50.897678 23.280281
v -5.764709 49.732582 24.885763
v -4.091774 45.951408 27.796131
v -3.684554 45.089283 28.154510
v -2.368806 42.400520 28.730949
v -2.128012 43.630745 28.660131
v -1.731001 42.698547 28.764614
v -0.529533 39.904320 28.560448
v -0.979073 39.694267 28.536716
v -5.192699 51.103168 9.881807
v -5.499892 51.566425 10.735359
v -5.795761 51.403938 10.700630
v -6.959686 52.407188 14.454303
v -6.726151 52.264221 13.473209
v -7.201056 51.961128 13.384126
v -6.634669 52.836605 16.538019
v -6.692986 52.782475 17.553495
v -7.407034 52.390327 17.469683
v -7.455261 51.711288 20.441128
v -7.101253 50.413891 23.176882
v -6.394874 51.387463 22.404398
v -7.263063 50.910664 22.302494
v -6.652031 49.245277 24.781610
v -6.897085 49.857422 24.005243
v -4.884802 45.515892 27.703049
v -1.942363 40.314289 28.628971
v -1.412206 39.456398 28.485878
v -0.351617 37.804428 27.948500
v -0.514862 38.818665 28.301449
v -5.416486 50.980267 9.855540
v -6.866567 51.784264 12.438419
v -7.492468 52.067154 14.354362
v -7.151883 52.476105 15.452218
v -7.468150 52.236256 18.474693
v -8.241539 51.526051 19.325510
v -7.744404 49.316639 23.846302
v -6.367856 48.581856 25.500393
v -6.046607 47.871952 26.156406
v -6.501510 46.603127 26.592815
v -5.162984 44.213051 27.930279
v -4.123277 42.534973 28.425934
v -4.655499 43.378510 28.219284
v -1.825812 39.192425 28.408293
v -5.832254 50.694992 9.761839
v -5.630184 50.843880 9.815454
v -6.821728 51.294445 11.436416
v -8.539980 51.620590 16.180616
v -7.738705 52.101578 15.342140
v -8.293593 51.692719 15.194911
v -8.190317 51.775352 18.339228
v -8.873186 51.272194 18.158041
v -8.242188 51.209049 20.293514
v -8.092112 50.381546 22.146978
v -8.545614 48.726280 23.633713
v -6.875656 47.342834 26.000893
v -7.659590 46.765205 25.792889
v -6.358144 44.504959 27.371000
v -5.300250 42.903439 28.048210
v -3.000115 40.845226 28.586815
v -2.417268 40.011192 28.539888
v -0.901303 37.427261 27.824615
v -8.543480 50.145195 11.675363
v -10.371721 46.089725 23.467628
v -10.619667 44.711357 23.790648
v -9.279823 42.712704 25.662310
v -9.789237 43.389603 25.096779
v -8.090921 41.351200 26.597958
v -6.704423 40.012085 27.251417
v -5.160216 38.733879 27.603889
v -3.502724 37.553360 27.645237
v -4.027174 38.545666 27.892509
v -3.227915 37.916061 27.844475
v -2.646307 37.010479 27.548512
v 2.302597 36.415054 26.734806
v 3.225255 36.795063 26.574791
v 4.584955 38.264862 25.294224
v 6.055378 39.306095 24.538969
v 7.831517 39.932240 24.351961
v 7.792311 41.093376 23.006813
v 8.583530 42.379345 21.767063
v 8.858651 43.035332 21.096169
v 9.177541 44.991989 18.944746
v 8.725999 46.822327 16.707607
v 9.924877 46.529655 17.402813
v -2.584106 35.294552 26.557762
v -3.647448 35.910374 25.532059
v -3.566765 35.237686 26.328720
v -4.534617 35.238464 26.037907
v -5.483851 36.005852 24.872337
v -6.398170 35.412552 25.279781
v -8.121154 35.811798 24.305195
v -9.397758 37.236660 22.286545
v -11.979635 38.215431 20.389181
v -11.749771 39.656376 18.803314
v -12.948648 39.949047 18.108107
v -13.109379 40.580101 17.335287
v -12.135933 40.855770 17.310308
v -12.657590 43.927708 13.626361
v -11.905948 45.266243 12.314394
v -11.416300 45.915993 11.714914
v -8.786901 48.277622 9.790538
v -7.137555 49.257198 9.159683
v -3.405447 50.673782 8.650864
v -3.193817 50.057102 9.422428
v 1.510845 51.240234 9.473012
v 1.554220 50.550018 10.278621
v 2.456920 51.181808 9.823500
v 3.333957 50.337444 11.055841
v 6.630229 50.053978 12.368734
v 7.536569 48.394424 14.545989
v -2.699709 35.951077 25.769207
v -10.013273 37.637920 21.641380
v -11.034555 38.572144 20.262638
v -12.381734 38.762440 19.640574
v -13.179602 41.894997 15.804275
v -12.074046 42.785744 15.112541
v -11.882423 43.443371 14.414749
v -11.250898 44.748417 13.105261
v -10.816083 45.385323 12.504106
v -10.306356 46.004951 11.945231
v -5.942347 49.095192 9.703741
v -0.324064 50.527626 9.741712
v 5.694978 49.594971 12.615693
v 6.989501 48.840782 13.869538
v 10.162777 45.248390 18.945427
v 9.156857 44.346931 19.679306
v 9.890394 43.230129 21.181524
v 8.227127 41.730289 22.405659
v 7.282584 40.473747 23.565687
v 7.203187 39.325600 24.860390
v 0.381674 35.804920 26.860054
v 0.170045 36.421600 26.088491
v 0.272958 36.709599 26.243523
v 0.140218 36.605053 26.202990
v -0.322991 37.373005 26.666552
v -0.112291 37.516121 26.712891
v 0.879323 37.035736 26.309282
v 1.074589 38.006710 26.725077
v 1.879740 37.190136 26.115248
v 2.542135 38.020885 26.273035
v 3.771602 42.750111 26.570276
v 3.903328 43.711964 26.392185
v 3.993785 44.661068 26.136774
v 4.739393 45.399086 25.435688
v 3.813426 48.955009 23.792625
v 2.297879 52.265720 19.210299
v -1.154692 52.169151 12.294582
v -0.726250 52.051949 12.066939
v -2.559931 50.765881 10.108921
v -3.011791 50.153423 9.480480
v -2.240525 50.270977 9.462371
v -1.281366 50.428242 9.569086
v -1.744934 50.421833 9.580401
v -2.126708 50.627056 9.862718
v -1.263458 51.000412 10.284793
v -1.525112 51.125446 10.465966
v -2.337701 50.705090 9.990844
v -2.171356 36.649956 26.279697
v -2.386732 36.109493 25.921539
v -1.742406 36.050461 25.941833
v -2.292929 36.381451 26.106361
v -1.650576 37.413963 26.717722
v -2.153253 38.282345 27.052128
v -1.854308 38.555023 27.172768
v -1.188123 39.042473 27.346832
v -0.354713 38.434574 27.113419
v -0.048931 38.585892 27.136211
v 0.341417 39.736008 27.410883
v 0.747578 39.842575 27.366709
v 1.566427 39.968956 27.207891
v 2.763096 39.935944 26.804144
v 2.551946 38.987301 26.631767
v 2.310408 38.063957 26.380140
v 1.576668 38.084198 26.627699
v 1.325616 38.054443 26.683479
v 0.580449 37.858929 26.764528
v 0.341203 37.760040 26.762070
v -0.520764 37.217243 26.606163
v -0.871453 36.872734 26.445219
v -1.265752 36.294281 26.113579
v -3.069321 37.049747 26.369404
v -4.577992 35.928684 25.232298
v -5.343740 36.151451 25.051979
v -5.283043 36.607239 25.392197
v -6.171280 36.956314 25.140400
v -5.873366 37.977257 25.851353
v -5.645725 38.480022 26.175919
v -4.274147 38.835476 26.830658
v -4.670580 39.910614 26.996103
v -3.167541 40.007687 27.405626
v -3.803288 40.762615 27.394135
v -1.774617 40.953823 27.711964
v -2.244115 41.821671 27.737034
v -1.263100 41.206947 27.750092
v -1.671547 42.105007 27.779713
v 1.383895 42.906693 27.447397
v 3.198516 42.856636 26.835155
v 3.388909 40.819206 26.689396
v 2.942157 40.902248 26.895885
v 2.480592 40.950474 27.079601
v 2.016940 41.948647 27.299587
v 0.911876 41.857414 27.576454
v 1.043551 40.883907 27.480703
v 0.559589 40.791878 27.560898
v -0.734508 41.425438 27.755520
v -1.300673 40.095436 27.598948
v -2.869520 38.947510 27.189030
v -3.192235 38.605659 27.021353
v -3.481753 38.246979 26.829924
v -3.735809 37.874264 26.616238
v -4.266796 36.701530 25.859171
v -4.362113 36.302624 25.574728
v -6.357729 36.141258 24.455076
v -6.049009 37.468025 25.505278
v -6.692390 38.468624 25.602394
v -5.367868 38.972389 26.476433
v -6.137063 39.561848 26.289089
v -5.041969 39.450497 26.750542
v -5.779039 40.087090 26.590221
v -1.079866 42.349579 27.785786
v -0.760457 43.495918 27.693926
v 0.598172 43.803139 27.507324
v 1.280253 43.883976 27.355768
v 2.623298 43.896950 26.942076
v -7.192592 36.333817 23.983875
v -7.094309 36.786560 24.402994
v -7.821385 37.776272 24.437645
v -6.885347 37.909195 25.222206
v -6.038096 41.286880 26.642788
v -4.418254 41.528549 27.297256
v -3.308475 42.340576 27.587227
v -2.076378 43.003269 27.720840
v -3.154718 43.557796 27.523239
v -2.474333 43.894485 27.573954
v -0.319052 44.619411 27.465240
v 0.418670 44.759693 27.342995
v 1.888550 44.881050 26.974724
v 3.273751 43.828983 26.683174
v 3.312785 44.787651 26.451532
v -7.917664 36.570313 23.517166
v -7.981716 36.581970 23.462526
v -7.902121 37.170013 23.985111
v -8.672741 36.953236 23.009775
v -9.095743 39.421028 23.977417
v -7.903319 40.173325 25.305870
v -7.747906 42.074398 25.644098
v -6.141269 42.544220 26.619087
v -5.435395 44.346146 26.705387
v -4.003213 45.248013 26.964436
v -2.444964 45.954571 27.029688
v -1.633666 46.227448 26.988766
v -0.561533 45.545326 27.224184
v 0.225955 45.695072 27.093691
v 1.677140 46.738426 26.346628
v 2.488830 46.716034 26.072769
v 4.042245 45.589790 25.806103
v 3.315305 45.724911 26.142094
v -4.284846 44.006325 27.185951
v -3.807066 43.177666 27.429424
v -4.426272 42.757076 27.293247
v -5.007489 42.299316 27.115770
v -5.546170 41.807968 26.898384
v -7.550867 40.797874 25.687065
v -7.196866 39.586903 25.668158
v -7.467373 38.989464 25.282478
v -8.718750 36.883732 22.895227
v -9.367833 37.377838 22.452297
v -8.860660 40.102592 24.440609
v -8.184093 41.434486 25.277225
v -8.761269 42.076698 24.799044
v -8.305796 42.744900 25.182137
v -6.574628 44.578701 26.081614
v -5.891047 45.117081 26.290346
v -3.236879 45.627235 27.021555
v -1.060462 47.307411 26.492634
v 1.535943 47.615124 25.915726
v 3.281290 46.633224 25.757345
v 4.011953 47.356400 24.930197
v 4.048317 46.490654 25.402826
v 3.211015 47.505272 25.300390
v -9.997342 37.840698 21.849222
v -10.556201 38.338089 21.205404
v -9.979061 38.546021 22.399580
v -10.008446 41.280861 23.352810
v -7.208180 44.000813 25.825941
v -7.016129 45.307121 25.582916
v -6.309108 45.863960 25.798805
v -4.762330 46.837997 26.078579
v -3.079397 47.601086 26.149052
v 0.481992 48.406406 25.659906
v 2.249176 48.423477 25.115568
v 3.105044 48.334045 24.774906
v -10.560341 38.084278 20.964930
v -11.039907 38.866001 20.526028
v -10.262339 40.544762 22.852554
v -10.478405 41.882637 22.727333
v -9.679389 42.007614 23.821972
v -8.806654 43.410446 24.652597
v -8.269807 44.075542 25.007559
v -9.246449 44.065670 24.059742
v -6.686214 46.580776 25.234722
v -4.252186 47.999107 25.584759
v -0.644670 49.077995 25.296759
v 1.372538 48.447662 25.411341
v 0.275341 49.187035 25.092337
v 1.188240 49.229321 24.837532
v -10.919851 40.369812 21.673847
v -11.424870 40.180302 20.409666
v -10.530979 43.243641 22.542883
v -10.112487 43.985210 22.995501
v -8.696127 44.747467 24.423615
v -8.082704 45.397259 24.742338
v -4.545300 48.703388 24.958426
v -2.741176 49.378815 24.921526
v -0.878499 49.800011 24.665693
v 0.056632 49.910843 24.457912
v 0.984533 49.953823 24.198919
v 2.964232 49.112858 24.185123
v 2.789712 49.835442 23.535789
v 3.652861 49.675007 23.136845
v -11.444571 39.420197 19.816559
v -11.432099 39.097588 19.540159
v -11.747069 40.762474 19.680637
v -10.873840 42.486404 22.054043
v -9.929200 45.324215 22.703661
v -9.062272 45.398312 23.778202
v -8.438767 46.058777 24.102160
v -7.756005 46.681553 24.377693
v -8.048426 47.316494 23.680872
v -5.407669 48.276638 24.894146
v -5.681028 48.924526 24.201519
v -3.913270 49.726082 24.275543
v -1.115096 50.460266 23.971209
v 0.763058 50.615326 23.500647
v 1.683882 50.589924 23.189968
v 2.582889 50.495983 22.832134
v 3.453044 50.334244 22.429949
v -11.985014 40.244011 18.058029
v -12.180629 42.131771 15.831613
v -12.077546 43.037064 15.258821
v -9.794722 48.698700 14.701076
v -8.307499 50.542759 16.660845
v -8.075913 50.665401 15.709241
v -5.734036 52.140121 16.132828
v -5.084031 52.408794 16.139502
v -3.619061 52.862854 17.010313
v -2.377406 53.020836 15.767754
v 1.126456 52.873455 16.568441
v -4.350939 52.670826 17.089914
v -5.071245 52.428551 17.126247
v -5.774342 52.137932 17.119028
v -6.504281 51.695755 18.048433
v -7.726281 51.000523 16.838322
v -9.057057 49.827885 17.381426
v -9.582170 49.271641 17.108589
v -10.166697 48.415428 15.570333
v -10.496875 47.830349 15.213232
v -10.767383 47.232910 14.827550
v -11.485758 45.524216 14.754689
v -11.571939 44.877056 14.271626
v -11.217672 44.813759 13.062239
v -11.191567 43.087296 21.338360
v -10.845923 43.850677 21.831169
v -11.083385 44.443855 21.078859
v -8.285887 47.909668 22.928558
v -5.049120 49.947922 23.514008
v -4.150731 50.319260 23.523232
v -3.230352 50.628822 23.476807
v 0.525597 51.208504 22.748335
v 1.446421 51.183098 22.437656
v -11.584311 44.261166 19.803165
v -8.974191 47.281845 22.650791
v -9.772742 47.173073 21.527325
v -9.149239 47.833538 21.851284
v -8.466476 48.456310 22.126816
v -6.118139 50.051399 22.643269
v -5.255770 50.478149 22.707550
v -2.295188 50.874195 23.375097
v -2.524011 51.396965 22.569757
v -0.653838 51.685600 22.207035
v 1.187473 51.703384 21.639864
v 2.345428 51.089165 22.079823
v 3.215584 50.927425 21.677637
v 2.079242 51.610203 21.284912
v -12.201314 41.486710 16.566174
v -12.217667 41.808056 16.794706
v -11.848854 43.494186 19.281927
v -12.097610 43.311863 17.942528
v -11.656164 44.824692 18.996014
v -11.318848 45.569683 19.476950
v -10.907122 46.299267 19.922249
v -10.424209 47.007721 20.328423
v 0.909122 52.146584 20.803015
v 2.942391 51.449768 20.885965
v -12.191767 42.423744 16.023684
v -11.897906 44.630417 17.670835
v -10.913310 46.804985 19.074646
v -8.588740 48.952007 21.282093
v -9.306971 48.795074 20.136757
v -8.651694 49.392776 20.401194
v -7.091836 50.047298 21.673214
v -7.191443 50.461243 20.782740
v -5.429945 50.941158 21.853439
v -6.397896 50.923653 20.896858
v -3.838749 51.981453 20.923136
v 1.469478 52.419701 19.593185
v 2.635666 51.897064 20.061306
v -11.964312 44.455418 16.341417
v -11.314955 46.093269 18.640251
v -11.229802 46.584938 17.788647
v -10.841473 47.273060 18.208641
v -10.442220 47.496101 19.470877
v -10.386000 47.941261 18.591736
v -9.866950 48.584312 18.934931
v -9.288385 49.197178 19.235540
v -8.654832 49.775063 19.491213
v -6.475750 51.255188 19.970444
v -5.675535 51.651176 20.030090
v -4.714963 51.686741 20.967333
v -2.051059 52.385696 20.677601
v -0.544261 52.811489 19.325325
v 0.303315 52.788105 19.039358
v 1.130811 52.701641 18.709990
v -11.875926 43.643074 14.506278
v -11.547951 45.882278 17.335039
v -9.204856 49.542374 18.314625
v -7.971251 50.313446 19.699947
v -4.001442 52.277924 19.995850
v -4.141760 52.492680 19.042746
v -3.317428 52.708969 18.953089
v -1.405284 52.771603 19.565651
v 1.931749 52.552765 18.339796
v -11.607303 44.099354 13.743855
v -11.858420 44.318535 15.033335
v -11.588531 44.236900 13.772114
v -11.603837 45.686260 16.031397
v -11.368753 46.367828 16.494591
v -11.107863 46.819248 15.656511
v -10.053265 48.688004 16.797104
v -7.861612 50.841022 17.802927
v -7.200636 51.289982 17.948292
v -6.511307 51.513248 19.018415
v -5.744973 51.892471 19.075535
v -5.777997 52.055164 18.102570
v -2.689834 52.978737 17.856031
v -1.902272 53.072071 17.681040
v -1.120797 53.108273 17.462917
v -0.019263 52.981266 18.126749
v 0.773197 52.898460 17.811327
v 0.399516 53.008572 16.904432
v 1.540224 52.755890 17.456808
v -10.157139 46.913017 12.512595
v -10.034868 47.424732 12.877474
v -10.099969 48.157806 14.370939
v -9.631584 48.436729 13.548115
v -9.436698 49.223942 15.002207
v -7.789147 50.719318 14.766331
v -6.229975 51.778374 15.109230
v -3.843662 52.671761 15.060421
v -3.222842 52.789810 14.957548
v -1.985887 52.891937 14.647635
v -9.725820 46.602322 11.433139
v -9.625709 46.847836 11.486058
v -9.565011 47.303623 11.826277
v -9.455778 47.760773 12.152250
v -8.224325 49.942913 13.484116
v -8.242465 50.305828 14.583392
v -6.778948 51.458481 15.030283
v -6.547024 51.364422 14.075513
v -6.056585 51.650204 14.146044
v -1.379431 52.875206 14.443021
v -1.723236 52.630085 13.550869
v -0.214257 52.706814 13.942472
v -1.194280 52.574814 13.340328
v -0.787343 52.813339 14.207352
v -9.079150 47.172607 10.971950
v -9.095495 48.664864 12.751383
v -8.496015 48.840385 11.987160
v -8.556115 49.531860 13.264737
v -7.854491 50.334671 13.676274
v -7.012547 51.048222 13.973134
v -6.272228 51.196007 13.142591
v -5.844273 51.445381 13.204134
v -5.397925 51.666260 13.237404
v -3.500049 52.233852 13.085890
v -3.016041 52.291218 12.978346
v -1.601444 52.252193 12.501071
v -8.371554 47.711224 10.565376
v -8.810397 48.051476 11.464358
v -7.194903 49.905285 11.802476
v -6.622959 50.467148 12.064960
v -6.300407 50.721184 12.163453
v -5.217164 51.352402 12.319233
v -4.826974 51.513680 12.323239
v -3.984012 52.141823 13.166086
v -4.021073 51.754700 12.258902
v -3.611668 51.832550 12.191060
v -2.535774 52.313465 12.844296
v -2.795946 51.899902 11.986686
v -2.396013 51.888866 11.851751
v -1.627628 51.777821 11.521659
v -2.005555 51.848068 11.696337
v -7.342039 48.487885 10.222378
v -7.248236 48.759842 10.407202
v -7.837972 48.961868 11.261597
v -6.921904 50.194469 11.944321
v -5.004238 50.964283 11.437049
v -4.688248 51.094894 11.440293
v -3.043448 51.407665 11.167740
v -2.719568 51.398731 11.058465
v -2.097302 51.308804 10.791144
v -7.608727 48.213840 10.216694
v -6.367817 49.039272 9.949463
v -6.978273 49.291298 10.741027
v -7.126663 49.028343 10.580537
v -6.796813 48.676407 9.928710
v -5.052209 49.466827 9.543601
v -4.992380 50.390469 10.580698
v -4.644386 49.901451 9.797125
v -5.310020 50.812965 11.414256
v -5.214357 50.261116 10.548776
v -4.793371 49.814640 9.775700
v -3.492590 50.203663 9.671853
v -3.659787 50.195915 9.718520
v -3.328005 50.199120 9.616323
v -3.167320 50.182327 9.552365
v -2.403361 51.365692 10.932605
v -3.031068 50.833969 10.311317
v -2.791658 50.808949 10.216024
v 1.285347 50.700394 10.366326
v 2.460078 50.472851 10.638580
v 3.194836 50.416302 11.060410
v 4.168819 50.144886 11.527043
v 3.990813 50.332520 11.638009
v 4.744817 50.182686 12.257081
v 4.413219 50.665627 12.742535
v 4.681976 50.962177 13.939178
v 3.088897 51.893421 14.128631
v 0.693777 52.904510 15.681849
v 0.623675 50.568329 9.978860
v 0.220840 50.784172 10.154740
v -0.799259 50.688522 9.892356
v 2.113997 50.796448 10.893900
v 2.915785 50.822716 11.468937
v 4.957944 49.896732 12.048393
v 5.096808 50.483536 13.430843
v 6.103007 49.690231 13.599409
v 4.793306 51.201385 15.204314
v 3.106972 52.140980 15.365770
v 2.275815 52.554668 17.065968
v 1.823604 52.682747 16.198027
v 6.373985 49.242043 13.224375
v 6.696259 49.351574 14.311859
v 5.291812 50.739216 14.682555
v 3.629955 51.983025 16.187817
v 4.748698 51.363602 16.513025
v 7.225754 48.954765 15.044250
v 6.822383 49.542236 15.634780
v 5.811257 50.586834 16.777573
v 3.429138 52.072937 17.488823
v 2.699862 52.342648 17.931677
v 6.237230 50.176041 17.567518
v 3.450057 51.674290 19.628597
v 3.092329 52.048401 18.788185
v 8.010783 47.906555 15.248281
v 5.978139 50.168236 18.917305
v 8.408327 47.381115 15.970758
v 8.076972 47.999924 16.545168
v 8.391840 47.449577 17.301607
v 7.656681 48.612041 17.160467
v 7.968139 48.066669 17.921902
v 7.164120 49.180370 17.764051
v 6.603142 49.700455 18.351196
v 5.586283 50.050644 20.238029
v 8.961242 46.234688 17.452890
v 8.787442 46.225166 18.796045
v 9.112161 45.622936 18.200611
v 9.050274 43.692955 20.398376
v 8.044826 41.939240 22.712008
v 7.648472 41.195660 23.226025
v 7.180695 40.459599 23.688213
v 6.574609 41.243355 24.497490
v 5.771055 40.745659 25.166105
v 8.629301 46.856403 18.053919
v 8.205599 47.473488 18.674212
v 6.513433 49.042316 20.445309
v 4.050076 50.699150 21.234247
v 7.874589 47.405609 20.014929
v 6.688610 48.393478 21.168182
v 4.287538 50.105968 21.986561
v 4.480636 49.448566 22.697021
v 8.451494 46.163174 20.127361
v 7.313612 47.925697 20.602074
v 7.414989 47.233986 21.298840
v 4.627817 48.732239 23.359917
v 8.864990 45.560951 19.522011
v 6.127016 48.099358 22.387697
v 6.846982 46.950130 22.502613
v 4.727896 47.962742 23.969904
v 8.861320 44.869110 20.225971
v 8.776464 44.155205 20.902260
v 8.457950 45.456581 20.816500
v 6.828902 46.167240 23.103428
v 3.933445 48.180065 24.392019
v 8.611101 43.424995 21.545429
v 8.237615 43.968945 22.092209
v 7.799906 44.473984 22.628574
v 6.022761 44.857315 24.603432
v 4.783909 46.289436 25.011986
v 7.713228 42.422184 23.197462
v 6.882015 43.280910 24.136911
v 6.388906 43.649979 24.583557
v 5.849141 43.974884 25.010111
v 5.401292 45.154289 25.033749
v 7.341913 41.642136 23.674820
v 5.266945 44.253086 25.413231
v 5.618585 43.077591 25.350595
v 4.507103 43.546795 26.071383
v 4.646876 44.482414 25.789770
v 6.982641 42.056671 24.115072
v 4.843011 42.406784 25.961388
v 4.321201 42.599770 26.278259
v 5.828948 39.350449 24.761139
v 5.574006 39.644604 25.073544
v 4.606064 40.369053 25.950279
v 3.599668 41.783264 26.669613
v 4.090665 41.648956 26.408731
v 5.347782 38.767475 24.945541
v 4.989491 38.872047 25.262548
v 4.170667 39.484894 26.004213
v 3.503461 39.766552 26.436893
v 3.934433 38.476002 25.792250
v 3.691849 38.622025 25.983955
v 3.151520 38.850121 26.334351
v 4.156049 38.310135 25.591518
v 3.773041 37.802299 25.582211
v 3.357132 37.676838 25.744516
v 2.975358 37.882057 26.026833
v 2.858005 38.930412 26.490307
v 3.173464 37.787395 25.889660
v 2.918575 37.383511 25.807177
v 2.195955 37.144436 25.979406
v 2.764364 37.960094 26.154959
v 2.040426 37.173344 26.051292
v 1.109795 36.690372 26.061340
v 1.715155 37.194675 26.170776
v 1.210977 37.134922 26.282803
v 1.043829 37.091068 26.300983
v 0.718748 36.969364 26.307632
v 0.563360 36.892467 26.296049
v -4.035600 51.290085 11.388190
v -4.027477 50.751705 10.560963
v -3.704049 51.353130 11.333250
v -4.276516 50.686363 10.588049
v -4.328423 50.044716 9.810356
v -4.133567 49.788326 9.449577
v -5.973518 49.617729 10.281104
v -6.142702 50.247375 11.231130
v -0.783247 36.207726 26.048548
v -1.153401 36.493366 26.235090
v -4.521617 50.603924 10.600411
v -4.163917 50.100052 9.802058
v -3.776450 50.799442 10.519365
v -3.996769 50.143906 9.783878
v -4.464140 52.015846 13.218306
v -4.427234 51.648132 12.303077
v -4.459563 52.510162 15.127409
v -4.474946 52.303963 14.162283
v -5.065725 52.306282 15.157984
v -4.258572 52.624001 18.071493
v -4.418116 52.632774 16.105913
v -4.848609 51.992981 20.038582
v -2.948459 52.215046 20.826305
v -3.451646 51.153572 22.670650
v -3.654991 51.605663 21.817135
v -2.992892 50.035648 24.229120
v -3.654144 49.071739 24.967577
v -1.921238 47.081558 26.586252
v -2.477231 48.663612 25.548454
v -2.768405 46.796616 26.628983
v -2.203183 47.895798 26.104856
v -2.111680 45.081726 27.347939
v -1.342783 45.340340 27.309155
v -1.426372 43.271942 27.727516
v -1.771236 44.185108 27.581173
v -1.050930 44.427380 27.544842
v -0.192977 41.607582 27.728203
v -0.473703 42.553459 27.755211
v 0.357252 41.751945 27.668362
v -0.393077 40.506966 27.636953
v 0.079460 40.665901 27.613119
v 1.156983 39.920429 27.298866
v 3.141023 39.865696 26.629467
v -0.058323 39.601559 27.431046
v 0.590783 38.825386 27.123127
v 0.825550 37.941368 26.752163
v -0.448512 39.440277 27.427040
v 0.267059 38.716503 27.139456
v -1.728628 39.846062 27.537405
v -0.826097 39.253429 27.398895
v -2.134841 39.570145 27.448067
v -2.516133 39.269844 27.331640
v -1.531757 38.809059 27.271259
v -2.426252 37.993160 26.910282
v -2.886085 37.374443 26.567579
v -3.219440 36.718193 26.155365
v -3.335270 36.382378 25.927143
v -3.934678 47.247562 26.140272
v -3.595331 46.454811 26.620491
v -3.375438 48.361504 25.593761
v -4.364614 50.846500 22.716700
v -4.553198 51.303555 21.862440
v -4.953058 52.219807 19.083668
v -5.027470 52.365383 18.110277
v -5.657406 52.061710 15.151909
v -5.016475 52.121819 14.189598
v -4.936677 51.856915 13.242140
v -4.364524 51.203781 11.423965
v -4.488998 49.978348 9.808707
v -4.760863 50.505032 10.597955
v -5.067527 49.614037 9.704065
v -5.622830 49.962238 10.442047
v -5.425057 50.118004 10.502438
v -4.934787 49.718582 9.744598
v -6.384799 50.026546 11.133430
v -7.413120 50.297451 12.794215
v -7.449509 50.704075 13.839705
v -6.678442 50.920090 13.053254
v -7.059733 50.619789 12.936826
v -7.300032 51.104542 14.915684
v -8.573917 50.211159 15.508269
v -8.598128 50.095791 18.559473
v -8.482038 50.352379 17.613478
v -7.943489 50.611382 18.759369
v -9.260463 48.339306 21.011017
v -8.736730 46.688667 23.403103
v -7.019329 47.261749 24.602638
v -7.671404 44.709419 25.318476
v -7.410980 46.009960 25.013412
v -6.696763 43.277138 26.260645
v -5.566249 43.068718 26.851139
v -4.945823 43.557358 27.040588
v -6.090034 43.830559 26.505493
v -3.880925 41.951744 27.461332
v -4.256606 40.349125 27.211197
v -2.730578 40.351833 27.539055
v -1.187395 37.868980 26.930290
v 0.017193 36.492836 26.153343
v 0.414374 36.805653 26.274626
v -1.429492 37.648155 26.832592
v -0.704063 37.050049 26.532192
v -3.572524 39.638290 27.242195
v -5.371039 40.592556 26.859991
v -4.916258 41.074299 27.096285
v -6.666380 41.987984 26.346251
v -7.250832 42.690220 25.972763
v -7.786746 43.387947 25.525330
v -9.365294 46.022839 23.076515
v -9.602756 46.616016 22.324203
v -9.873886 47.689518 20.692295
v -9.338106 49.530319 16.187862
v -8.846179 50.051414 16.443459
v -8.656439 49.867317 14.368300
v -9.028698 49.729416 15.271975
v -7.735835 49.955605 12.626539
v -6.605883 49.792358 11.018560
v -5.190553 49.501820 9.654419
v -5.806129 49.795044 10.368076
v -6.255466 49.238361 10.070975
v -7.654736 49.286568 11.459773
v -9.353727 48.929092 13.848628
v -8.279410 49.224209 12.221426
v -8.847264 49.104729 13.019854
v -10.466657 48.081535 16.449404
v -11.064075 47.040733 16.928993
v -10.819109 47.456989 16.068211
v -10.692187 47.699722 17.331205
v -10.822958 45.759972 20.744623
v -11.241450 45.018402 20.292007
v -10.661496 45.191444 21.535149
v -10.424034 44.598270 22.287460
v -10.166662 45.917393 21.951349
v -10.141088 42.627632 23.208271
v -9.277743 42.719330 24.256367
v -9.729362 43.357216 23.653568
v -9.149598 41.388573 24.379047
v -6.442309 39.020950 25.958954
v -6.866688 40.171982 26.025261
v -4.565297 38.408348 26.585775
v -3.952414 37.490437 26.381973
v -1.021624 36.686687 26.345926
v -1.848918 37.168240 26.586576
v -2.022966 36.912903 26.440187
v -4.813527 37.968479 26.317305
v -5.016895 37.519321 26.027348
v -9.467746 40.685917 23.925440
v -8.555982 40.775497 24.875013
v -11.644011 45.366516 18.171091
v -10.350048 47.605480 14.014380
v -7.988091 48.630318 11.047559
v -8.103921 48.294495 10.819337
v -8.673473 48.448448 11.734143
v -9.298862 48.215710 12.461426
v -9.859225 47.933960 13.223549
v -11.330662 46.173306 15.217525
v -11.793427 45.170586 16.851368
v -11.916431 44.070114 18.483200
v -11.429028 43.680473 20.586050
v -11.458258 42.314095 20.812891
v -9.713223 39.974216 23.441767
v -8.414871 38.889641 24.455187
v -8.192074 39.535583 24.894173
v -7.676091 38.384342 24.871235
v -4.129873 37.098507 26.128956
v -5.173810 37.064388 25.718170
v -7.019670 37.347038 24.821360
v -8.569968 38.240551 23.992352
v -9.884108 39.259056 22.931818
v -10.738670 41.128063 22.214520
v -11.138383 41.719429 21.532803
v -11.322540 40.948715 20.983244
v -11.695719 42.907272 20.060579
v -12.033010 42.723473 18.732367
v -11.767487 45.001377 15.543037
v -11.121395 46.019714 13.982719
v -10.976099 46.627789 14.416306
v -10.543005 47.046051 13.634190
v -8.184553 47.957043 10.578713
v -8.905714 47.652569 11.179915
v -3.415903 36.044922 25.686520
v -6.239221 36.446125 24.759573
v -9.259393 38.736145 23.489058
v -10.537292 39.067596 21.774633
v -10.439082 39.805077 22.325119
v -11.643909 41.537128 20.258871
v -12.135340 41.955063 18.158789
v -11.881371 42.130302 19.506559
v -11.984529 41.355652 18.928328
v -12.198285 42.555870 17.378223
v -12.074650 43.890732 17.143398
v -12.059265 43.742386 15.809179
v -10.751968 45.923420 12.814979
v -11.202129 45.413456 13.530183
v -10.677329 46.483898 13.233343
v -10.225080 46.402832 12.131770
v -8.656150 37.593395 23.509287
v -9.350327 38.053299 22.979355
v -11.020526 39.613823 21.109543
v -11.766930 39.996197 19.082718
v -12.004391 40.589375 18.330406
v -12.155041 41.194954 17.565683
v -12.172859 43.153252 16.592913
v 2.070998 38.088974 26.475433
v 2.028437 37.011875 25.967318
v 2.558732 41.933704 27.116789
v 3.087687 41.878429 26.906248
v 2.609204 44.861168 26.731581
v 2.564261 45.803391 26.441032
v 2.383519 47.591743 25.629761
v 2.086881 49.204529 24.534334
v 1.897943 49.928627 23.890739
v 0.613610 52.509132 19.933847
v 1.786473 52.054905 20.453802
v -0.351528 53.087048 17.203369
v -0.690805 53.104610 16.276653
v 0.012776 53.031090 15.996607
v -0.383908 52.965843 15.095160
v -1.034361 53.033806 15.354060
v -2.063009 52.300419 12.684788
v -1.803787 51.228516 10.635192
v -0.024782 51.011890 10.411819
v 0.740053 51.263737 10.982628
v -0.298437 51.216705 10.659688
v 1.030405 50.994549 10.678731
v -0.921078 51.551407 11.120123
v -0.597984 51.397015 10.896407
v 0.416561 51.505852 11.275637
v -0.191303 52.345337 12.842811
v 1.489087 51.442039 11.600184
v 2.216290 51.545368 12.259518
v 1.821833 51.133553 11.251918
v -0.682300 52.479649 13.103691
v 0.274868 52.172928 12.559728
v 0.712566 51.963772 12.256659
v 1.801321 51.855946 12.635385
v 1.118364 51.719509 11.935973
v 2.588749 51.200058 11.869684
v 3.324982 51.193527 12.527059
v 1.960926 52.214447 13.762581
v 1.347090 52.129368 12.994343
v 2.915807 51.572880 12.955318
v 0.245670 52.848816 14.804171
v 0.849445 52.683655 14.483368
v 2.459932 51.914078 13.368237
v 3.582006 51.524357 13.681987
v 3.430195 38.747055 26.165127
v 5.400332 41.023121 25.501894
v 4.960162 40.155907 25.670448
v 4.994534 41.267391 25.822578
v 5.332949 42.172665 25.622147
v 6.598938 44.510494 24.148104
v 6.138049 45.717789 24.133837
v 5.482308 46.031136 24.587883
v 6.190386 47.345360 23.021490
v 6.194074 46.549370 23.605103
v 5.509343 46.876568 24.079224
v 6.800092 47.694206 21.855795
v 6.004473 48.805283 21.708824
v 5.401031 48.446274 22.890383
v 5.823743 49.457466 20.990341
v 5.294003 50.580044 19.457949
v 4.949256 51.041409 18.656378
v 5.211415 51.035786 17.320892
v 3.846611 51.769440 18.330149
v 4.554821 51.431015 17.839769
v 3.683149 51.794159 14.910443
v 4.237905 51.617073 15.707380
v 4.113870 51.745728 17.014702
v 2.549132 52.218327 14.555182
v 1.422693 52.471642 14.135262
v 1.966937 52.496532 14.958305
v 0.857152 52.363487 13.333586
v 0.062463 51.718998 11.555464
v -0.319470 51.901508 11.819921
v -1.020875 50.854393 10.093089
v -1.928602 50.532387 9.725546
v 4.209523 51.400192 14.433669
v 5.328654 50.929535 15.987719
v 5.622332 50.636257 18.124475
v 6.906048 49.163914 19.122295
v 6.275972 49.635490 19.692999
v 7.143509 48.570740 19.874605
v 7.408858 45.733177 22.578119
v 7.125313 44.116531 23.671329
v 6.745998 45.351837 23.653399
v 6.117591 42.777218 24.956251
v 5.787180 41.899242 25.263189
v 4.743869 39.099766 25.519625
v 5.283653 39.913792 25.377439
v 4.470214 39.304585 25.767494
v 6.103801 40.437164 24.817837
v 6.202149 41.588665 24.887321
v 6.573466 42.436024 24.543335
v 7.324610 42.870579 23.673672
v 7.597765 43.678516 23.176842
v 7.301400 44.936150 23.150333
v 7.929404 45.250568 22.033293
v 7.446823 46.501179 21.959293
v 7.966897 46.722305 20.721188
v 7.985217 46.002029 21.395786
v 7.471579 48.639606 18.530384
v 6.789137 49.664360 16.989866
v 5.849199 50.446934 15.442891
v 4.024601 51.114021 13.218746
v 3.684254 50.778996 12.086806
v 5.729521 50.234180 14.146188
v 6.349651 50.087685 16.214066
v 7.273735 49.105225 16.396042
v 8.367151 46.837280 19.411345
v 7.709040 48.046425 19.282696
v 8.386464 44.723206 21.473213
v 8.012598 43.199875 22.668503
v 6.901644 40.866013 24.096741
v 6.395965 40.100060 24.459822
v 5.450776 49.968014 12.912641
v 6.306260 49.919571 14.882811
v 7.687231 48.503002 15.790690
v 8.366565 42.684349 22.150301
v 6.702047 39.876381 24.077780
v -6.123690 49.431683 10.181811
v -7.439819 49.601860 11.640537
v -6.804225 49.546631 10.887417
v -8.025354 49.596920 12.435110
v -9.027828 49.407200 14.122739
v -9.779429 48.983566 15.896061
v -9.758925 48.955456 18.026743
v -10.256000 48.339634 17.698078
v -9.905374 48.161198 19.825840
v -10.332108 46.480072 21.157475
v -9.621637 44.705315 23.408350
v -7.137475 41.404343 26.034763
v -6.479421 40.740124 26.350986
v -3.942357 39.246529 27.050037
v -2.671168 37.689735 26.748344
v -5.881488 50.453102 11.310892
v -5.956774 50.954594 12.239026
v -6.966134 51.477432 15.999211
v -7.107075 51.421112 16.974499
v -7.538584 51.088600 15.873317
v -7.246062 51.085098 18.912750
v -7.863974 49.522827 21.503403
v -7.944674 49.949615 20.617086
v -7.729799 49.036514 22.351763
v -7.543230 48.494583 23.155333
v -7.305769 47.901402 23.907644
v -5.914077 47.105247 25.404533
v -5.555877 46.375587 25.964458
v -2.265056 40.668037 27.641434
v -3.314173 41.147839 27.543489
v -0.926182 38.074711 27.010054
v -0.647895 38.263737 27.071255
v -5.603202 50.642128 11.372094
v -6.363046 51.828857 16.085941
v -6.454727 51.801243 17.068314
v -7.242990 50.808109 19.860107
v -6.752033 49.031990 23.329336
v -6.944972 49.569595 22.524364
v -6.514573 48.438816 24.081646
v -6.234502 47.794838 24.775242
v -5.162786 45.611748 26.450508
v -3.588491 44.412094 27.286095
v -4.737969 44.819866 26.858770
v -2.793089 41.501778 27.658087
v 0.109686 37.645470 26.744812
v -5.594748 51.165550 12.291088
v -5.545068 51.903336 14.184170
v -5.570244 51.333218 20.958549
v -6.278372 50.521309 21.790199
v -5.918489 49.517708 23.449205
v -4.811659 49.354740 24.266319
v -5.100612 47.579254 25.521519
v -4.395546 46.058823 26.560844
v -2.862208 44.771500 27.340229
v -2.705387 42.691998 27.673956
v -0.854324 40.316315 27.632219
v -3.924716 52.448334 14.102439
v -3.741503 52.810307 16.032322
v -2.881339 53.003139 16.888069
v -2.486515 52.866974 18.815401
v -3.477323 52.828983 17.986523
v -3.140666 52.503773 19.902231
v -1.822430 52.020050 21.565437
v -2.742354 51.845116 21.717875
v -1.352556 51.053444 23.218899
v -1.813541 49.622208 24.820635
v -2.057727 50.281013 24.127409
v -1.564594 48.903069 25.449194
v -0.415493 48.300041 25.859322
v -1.312893 48.129391 26.008026
v -0.809335 46.443733 26.899109
v -0.083844 43.673447 27.620337
v 0.763016 42.833107 27.585354
v 0.142198 42.715054 27.688225
v 1.251258 38.974739 27.032413
v 0.919707 38.911690 27.087351
v 1.547959 37.186932 26.217445
v 1.379460 37.166962 26.254885
v -3.372467 51.392426 11.259575
v -3.828286 50.175941 9.755960
v -3.525398 50.829193 10.463584
v -2.601965 52.863396 14.819592
v -3.370092 52.553795 14.010534
v -3.059486 52.939995 15.919308
v -2.273016 52.668762 19.758455
v -1.588969 51.574768 22.414816
v -0.409835 51.165169 23.009430
v 0.674920 47.575241 26.156052
v 0.852572 46.700226 26.576778
v -0.192812 47.472401 26.348858
v 0.021579 46.601738 26.761421
v 1.466552 41.923149 27.453209
v 1.582840 39.014034 26.958736
v -3.202224 51.881081 12.100084
v -2.265028 52.645035 13.733666
v -2.815416 52.619537 13.887289
v -2.143547 53.090584 16.724134
v -0.830953 53.003658 18.400608
v -1.655522 52.965462 18.630760
v -1.153574 52.492062 20.478186
v 0.010481 52.171371 21.106211
v -0.902418 52.129089 21.361015
v -0.172375 50.571995 23.761742
v 1.013518 45.788414 26.918699
v 1.957061 43.915329 27.166859
v 1.156462 44.847137 27.179062
v 1.999972 42.935234 27.275440
v 2.007826 40.963516 27.239109
v 1.527560 40.941273 27.373161
v 1.825778 38.095737 26.558167
v 1.911859 39.029278 26.866899
v -3.276288 50.840736 10.394053
v -1.700598 53.052185 15.578845
v -1.411459 53.124496 16.519798
v -0.263028 52.533318 20.229618
v 0.274063 51.728584 21.948042
v 1.794992 45.824608 26.700577
v 2.606428 42.918503 27.070824
v 2.372638 39.976742 26.959557
v 2.235739 39.020344 26.757626
v 1.972705 39.987778 27.094492
v -1.265190 51.678673 11.329085
v 0.335342 52.556473 13.650455
v 1.346867 52.725861 15.334843
v 2.974215 52.296371 16.641863
v 2.485502 52.437954 15.796087
v 4.223271 51.388321 19.159061
v 3.770165 51.223328 20.446146
v 4.556086 50.932659 19.968895
v 5.079837 49.812946 21.505434
v 4.842376 50.406120 20.753124
v 5.266556 49.157902 22.219772
v 5.482177 47.683784 23.511868
v 4.780066 47.146286 24.522078
v 5.080351 43.334789 25.723278
v 4.224131 40.551563 26.214735
v 4.556836 41.476547 26.125648
v 3.847573 39.639286 26.227928
v 3.817351 40.702003 26.461754

f 2826 2 2729
f 2826 1 2
f 2 1 59
f 349 59 794
f 745 794 742
f 3 742 741
f 4 741 739
f 753 739 913
f 752 913 62
f 750 62 63
f 5 63 65
f 354 65 749
f 6 749 7
f 748 7 1097
f 352 1097 68
f 747 68 1153
f 746 1153 69
f 333 69 331
f 332 331 8
f 1135 8 1136
f 1134 1136 86
f 1129 86 10
f 9 10 11
f 329 11 1096
f 1076 1096 12
f 1075 12 118
f 1047 118 13
f 1020 13 121
f 949 121 14
f 906 14 131
f 905 131 15
f 866 15 137
f 16 137 141
f 292 141 293
f 294 293 17
f 2714 294 17
f 2714 296 294
f 2714 2707 296
f 296 2707 772
f 18 772 773
f 809 773 19
f 861 19 20
f 298 20 898
f 902 898 940
f 976 940 971
f 299 971 21
f 300 21 22
f 1066 22 1067
f 301 1067 1091
f 302 1091 23
f 303 23 156
f 1147 156 24
f 25 24 1145
f 286 1145 26
f 27 26 28
f 29 28 1168
f 285 1168 1167
f 282 1167 30
f 283 30 31
f 284 31 280
f 277 280 32
f 273 32 1056
f 274 1056 1055
f 33 1055 171
f 34 171 35
f 261 35 36
f 262 36 37
f 884 37 38
f 885 38 846
f 847 846 190
f 56 190 57
f 757 57 39
f 756 39 188
f 40 756 188
f 40 758 756
f 40 192 758
f 758 192 41
f 796 41 42
f 820 42 819
f 841 819 201
f 43 201 212
f 918 212 210
f 917 210 44
f 993 44 230
f 1027 230 1026
f 1028 1026 232
f 1080 232 45
f 1103 45 225
f 1098 225 235
f 1138 235 46
f 1160 46 250
f 1156 250 1155
f 47 1155 247
f 47 1156 1155
f 47 1157 1156
f 47 48 1157
f 47 1890 48
f 48 1890 251
f 1158 251 925
f 49 925 50
f 1116 50 923
f 1117 923 1100
f 1101 1100 1082
f 1083 1082 1052
f 1030 1052 51
f 995 51 1032
f 52 1032 53
f 54 53 920
f 882 920 848
f 842 848 55
f 821 55 847
f 56 847 190
f 56 821 847
f 56 822 821
f 56 757 822
f 56 57 757
f 1 58 59
f 59 58 793
f 794 793 792
f 742 792 60
f 741 60 61
f 739 61 914
f 913 914 956
f 62 956 64
f 63 64 66
f 65 66 1050
f 749 1050 1078
f 7 1078 67
f 1097 67 1114
f 68 1114 1113
f 1153 1113 70
f 69 70 71
f 331 71 8
f 331 69 71
f 58 72 793
f 793 72 791
f 792 791 817
f 60 817 73
f 61 73 879
f 914 879 912
f 956 912 74
f 64 74 81
f 66 81 75
f 1050 75 1025
f 1078 1025 76
f 67 76 83
f 1114 83 77
f 1113 77 85
f 70 85 1152
f 71 1152 1136
f 8 71 1136
f 72 78 791
f 791 78 79
f 817 79 80
f 73 80 815
f 879 815 87
f 912 87 911
f 74 911 955
f 81 955 88
f 75 88 89
f 1025 89 82
f 76 82 1049
f 83 1049 84
f 77 84 92
f 85 92 1137
f 1152 1137 86
f 1136 1152 86
f 78 93 79
f 79 93 790
f 80 790 816
f 815 816 838
f 87 838 94
f 911 94 95
f 955 95 96
f 88 96 98
f 89 98 90
f 82 90 1024
f 1049 1024 1048
f 84 1048 91
f 92 91 101
f 1137 101 10
f 86 1137 10
f 790 93 789
f 816 789 786
f 838 786 813
f 94 813 837
f 95 837 97
f 96 97 953
f 98 953 99
f 90 99 990
f 1024 990 109
f 1048 109 100
f 91 100 102
f 101 102 11
f 10 101 11
f 2776 788 787
f 2776 784 788
f 2776 114 784
f 784 114 783
f 814 783 103
f 812 103 835
f 104 835 876
f 877 876 908
f 954 908 105
f 113 105 111
f 112 111 106
f 1023 106 118
f 12 1023 118
f 12 107 1023
f 12 1096 107
f 107 1096 102
f 100 107 102
f 100 108 107
f 100 109 108
f 108 109 110
f 112 110 113
f 111 112 113
f 114 119 783
f 783 119 115
f 103 115 116
f 835 116 834
f 876 834 875
f 908 875 909
f 105 909 951
f 111 951 117
f 106 117 13
f 118 106 13
f 119 120 115
f 115 120 782
f 116 782 811
f 834 811 123
f 875 123 833
f 909 833 874
f 951 874 126
f 117 126 121
f 13 117 121
f 120 122 782
f 782 122 127
f 811 127 780
f 123 780 832
f 833 832 124
f 874 124 125
f 126 125 14
f 121 126 14
f 122 2736 127
f 127 2736 781
f 780 781 128
f 832 128 129
f 124 129 130
f 125 130 131
f 14 125 131
f 2736 134 781
f 781 134 135
f 128 135 132
f 129 132 133
f 130 133 15
f 131 130 15
f 134 136 135
f 135 136 779
f 132 779 138
f 133 138 137
f 15 133 137
f 136 2773 779
f 779 2773 139
f 138 139 141
f 137 138 141
f 2773 140 139
f 139 140 293
f 141 139 293
f 2768 142 140
f 140 142 17
f 293 140 17
f 2710 775 2707
f 2710 770 775
f 2710 776 770
f 2710 777 776
f 2710 143 777
f 2710 765 143
f 143 765 144
f 767 144 145
f 803 145 801
f 854 801 146
f 853 146 147
f 895 147 149
f 148 149 894
f 150 894 151
f 1000 151 152
f 1002 152 1058
f 1003 1058 1057
f 1004 1057 32
f 280 1004 32
f 280 153 1004
f 280 31 153
f 153 31 1006
f 1005 1006 154
f 1061 154 1064
f 155 1064 1146
f 1125 1146 24
f 156 1125 24
f 156 157 1125
f 156 23 157
f 157 23 158
f 1060 158 159
f 160 159 1042
f 161 1042 162
f 163 162 164
f 148 164 895
f 149 148 895
f 2713 165 765
f 2713 167 165
f 2713 166 167
f 2713 2712 166
f 166 2712 763
f 798 763 168
f 799 168 175
f 850 175 824
f 169 824 170
f 888 170 929
f 889 929 36
f 35 889 36
f 35 891 889
f 35 171 891
f 891 171 1038
f 934 1038 172
f 933 172 152
f 151 933 152
f 151 930 933
f 151 894 930
f 930 894 173
f 931 173 893
f 887 893 852
f 850 852 799
f 175 850 799
f 2712 2545 763
f 763 2545 762
f 168 762 174
f 175 174 176
f 824 176 177
f 170 177 178
f 929 178 37
f 36 929 37
f 2545 180 762
f 762 180 181
f 174 181 189
f 176 189 823
f 177 823 179
f 178 179 38
f 37 178 38
f 180 2536 181
f 181 2536 182
f 761 182 183
f 760 183 184
f 186 184 185
f 187 186 185
f 187 39 186
f 187 188 39
f 181 182 761
f 189 761 797
f 823 797 191
f 179 191 846
f 38 179 846
f 761 183 760
f 797 760 759
f 191 759 190
f 846 191 190
f 760 184 186
f 759 186 57
f 190 759 57
f 192 193 41
f 41 193 194
f 754 194 196
f 195 196 198
f 197 198 629
f 199 197 629
f 199 200 197
f 197 200 204
f 205 204 213
f 203 213 202
f 201 202 212
f 201 203 202
f 201 819 203
f 203 819 206
f 205 206 195
f 197 195 198
f 197 205 195
f 197 204 205
f 41 194 754
f 42 754 206
f 819 42 206
f 754 196 195
f 206 754 195
f 200 626 204
f 204 626 207
f 818 207 625
f 208 818 625
f 208 209 818
f 818 209 214
f 840 214 880
f 839 880 211
f 210 211 44
f 210 839 211
f 210 212 839
f 839 212 202
f 840 202 213
f 818 213 204
f 207 818 204
f 209 582 214
f 214 582 583
f 215 214 583
f 215 216 214
f 214 216 218
f 217 218 623
f 916 623 619
f 219 619 621
f 220 219 621
f 220 221 219
f 220 222 221
f 221 222 617
f 231 617 223
f 224 231 223
f 224 228 231
f 224 615 228
f 228 615 229
f 226 229 1079
f 225 1079 235
f 225 226 1079
f 225 45 226
f 226 45 227
f 228 227 231
f 228 226 227
f 228 229 226
f 214 218 217
f 880 217 916
f 211 916 915
f 44 915 230
f 44 211 915
f 217 623 916
f 916 619 219
f 915 219 234
f 230 234 1026
f 230 915 234
f 221 617 231
f 233 231 227
f 232 227 45
f 232 233 227
f 232 1026 233
f 233 1026 234
f 221 234 219
f 221 233 234
f 221 231 233
f 615 614 229
f 229 614 238
f 1079 238 236
f 235 236 46
f 235 1079 236
f 614 237 238
f 238 237 624
f 241 624 239
f 242 241 239
f 242 240 241
f 242 613 240
f 240 613 612
f 243 612 611
f 607 243 611
f 607 244 243
f 607 608 244
f 244 608 246
f 245 246 1621
f 245 244 246
f 245 247 244
f 244 247 1154
f 243 1154 248
f 240 248 249
f 241 249 236
f 238 241 236
f 238 624 241
f 240 612 243
f 248 240 243
f 1154 247 1155
f 248 1155 250
f 249 250 46
f 236 249 46
f 252 926 251
f 252 966 926
f 252 253 966
f 252 1882 253
f 253 1882 254
f 255 254 1142
f 1036 1142 264
f 256 264 257
f 1086 257 258
f 259 258 260
f 1034 260 267
f 997 267 34
f 261 34 35
f 261 997 34
f 261 998 997
f 261 262 998
f 261 36 262
f 1882 263 254
f 254 263 1161
f 1142 1161 265
f 264 265 1143
f 257 1143 1106
f 258 1106 268
f 260 268 266
f 267 266 33
f 34 33 171
f 34 267 33
f 263 269 1161
f 1161 269 1162
f 265 1162 271
f 1143 271 1122
f 1106 1122 1124
f 268 1124 1107
f 266 1107 274
f 33 274 1055
f 33 266 274
f 269 270 1162
f 1162 270 1163
f 271 1163 272
f 1122 272 1123
f 1124 1123 276
f 1107 276 273
f 274 273 1056
f 274 1107 273
f 270 1878 1163
f 1163 1878 278
f 272 278 1164
f 1123 1164 275
f 276 275 277
f 273 277 32
f 273 276 277
f 1878 1874 278
f 278 1874 1166
f 1164 1166 279
f 275 279 284
f 277 284 280
f 277 275 284
f 1874 281 1166
f 1166 281 1849
f 1165 1849 282
f 283 282 30
f 283 1165 282
f 283 279 1165
f 283 284 279
f 283 31 284
f 1849 285 282
f 282 285 1167
f 285 29 1168
f 29 27 28
f 26 27 286
f 286 27 1838
f 288 286 1838
f 288 287 286
f 288 1817 287
f 287 1817 305
f 304 305 307
f 1126 307 309
f 1108 309 1111
f 1092 1111 1110
f 1068 1110 1093
f 1069 1093 289
f 1044 289 1010
f 974 1010 973
f 975 973 290
f 903 290 314
f 297 314 863
f 291 863 862
f 810 862 317
f 295 317 292
f 294 292 293
f 294 295 292
f 294 296 295
f 295 296 18
f 810 18 809
f 291 809 861
f 297 861 298
f 903 298 902
f 975 902 976
f 974 976 299
f 1044 299 300
f 1069 300 1066
f 1068 1066 301
f 1092 301 302
f 1108 302 303
f 1126 303 1147
f 304 1147 25
f 287 25 286
f 287 304 25
f 287 305 304
f 1817 306 305
f 305 306 1171
f 307 1171 308
f 309 308 310
f 1111 310 1109
f 1110 1109 311
f 1093 311 1070
f 289 1070 312
f 1010 312 313
f 973 313 319
f 290 319 315
f 314 315 321
f 863 321 316
f 862 316 865
f 317 865 16
f 292 16 141
f 292 317 16
f 1171 306 318
f 308 318 946
f 310 946 945
f 1109 945 944
f 311 944 943
f 1070 943 1094
f 312 1094 1045
f 313 1045 942
f 319 942 320
f 315 320 992
f 321 992 904
f 316 904 864
f 865 864 866
f 16 866 137
f 16 865 866
f 325 324 322
f 325 323 324
f 325 1174 323
f 325 1175 1174
f 325 326 1175
f 325 1131 326
f 326 1131 1176
f 985 1176 327
f 873 327 328
f 872 328 9
f 329 9 11
f 329 872 9
f 329 330 872
f 329 1076 330
f 329 1096 1076
f 332 1132 1131
f 332 1135 1132
f 332 8 1135
f 331 332 333
f 333 332 334
f 350 334 335
f 729 335 1232
f 1274 1232 1273
f 736 1273 1309
f 730 1309 1335
f 1334 1335 337
f 336 337 1401
f 733 1401 338
f 1432 338 360
f 735 360 339
f 1503 339 341
f 340 341 1529
f 356 1529 342
f 744 342 343
f 743 343 344
f 348 344 345
f 347 345 1612
f 346 1612 367
f 346 347 1612
f 346 2730 347
f 347 2730 2729
f 2 347 2729
f 2 348 347
f 2 349 348
f 2 59 349
f 333 334 350
f 746 350 351
f 747 351 353
f 352 353 737
f 748 737 731
f 6 731 732
f 354 732 738
f 5 738 734
f 750 734 751
f 752 751 355
f 753 355 740
f 4 740 340
f 356 340 1529
f 356 4 340
f 356 3 4
f 356 744 3
f 356 342 744
f 1232 335 725
f 1273 725 722
f 1309 722 1230
f 1335 1230 357
f 337 357 358
f 1401 358 359
f 338 359 361
f 360 361 721
f 339 721 1478
f 341 1478 720
f 1529 720 718
f 342 718 717
f 343 717 362
f 344 362 363
f 345 363 364
f 1612 364 365
f 366 365 2828
f 366 1612 365
f 366 367 1612
f 1735 726 723
f 1735 368 726
f 1735 386 368
f 1735 1734 386
f 386 1734 387
f 1267 387 369
f 382 369 371
f 370 371 1333
f 1367 1333 1368
f 1397 1368 1398
f 1428 1398 1429
f 1427 1429 1425
f 1475 1425 1454
f 1476 1454 393
f 1501 393 1499
f 377 1499 395
f 372 395 1567
f 1566 1567 706
f 1609 706 704
f 375 704 373
f 374 373 701
f 374 375 373
f 374 712 375
f 375 712 1608
f 1609 1608 376
f 1566 376 715
f 372 715 378
f 377 378 1528
f 1501 1528 1500
f 1476 1500 379
f 1475 379 380
f 1427 380 1455
f 1428 1455 1271
f 1397 1271 381
f 1367 381 1332
f 370 1332 383
f 382 383 384
f 1267 384 385
f 386 385 368
f 386 1267 385
f 386 387 1267
f 387 1734 1229
f 369 1229 1227
f 371 1227 388
f 1333 388 389
f 1368 389 390
f 1398 390 391
f 1429 391 1426
f 1425 1426 392
f 1454 392 1452
f 393 1452 1265
f 1499 1265 394
f 395 394 396
f 705 396 1262
f 1546 1262 1261
f 711 1261 413
f 699 413 425
f 698 425 426
f 397 426 1562
f 402 1562 399
f 398 399 1560
f 400 1560 401
f 2890 401 693
f 2890 400 401
f 2890 2889 400
f 400 2889 1606
f 398 1606 403
f 402 403 404
f 397 404 698
f 426 397 698
f 406 405 1228
f 406 407 405
f 406 408 407
f 407 408 1223
f 419 1223 1222
f 409 1222 1300
f 410 1300 1328
f 1330 1328 1366
f 1395 1366 1393
f 1423 1393 1392
f 1451 1392 411
f 1474 411 1473
f 414 1473 1497
f 1498 1497 412
f 413 412 425
f 413 1498 412
f 413 1261 1498
f 1498 1261 415
f 414 415 416
f 1474 416 1260
f 1451 1260 1259
f 1423 1259 1394
f 1395 1394 417
f 1330 417 1329
f 410 1329 1301
f 409 1301 1257
f 419 1257 418
f 407 418 405
f 407 419 418
f 407 1223 419
f 1223 408 420
f 1222 420 421
f 1300 421 422
f 1328 422 1299
f 1366 1299 1365
f 1393 1365 1210
f 1392 1210 1422
f 411 1422 1211
f 1473 1211 423
f 1497 423 424
f 412 424 1527
f 425 1527 426
f 425 412 1527
f 1731 1212 1732
f 1731 427 1212
f 1731 690 427
f 1731 1747 690
f 690 1747 441
f 1256 441 1254
f 1297 1254 1298
f 428 1298 1295
f 1363 1295 443
f 1388 443 1362
f 1389 1362 1420
f 429 1420 1449
f 1470 1449 430
f 1471 430 1495
f 1526 1495 1494
f 687 1494 431
f 1545 431 438
f 439 438 432
f 433 432 434
f 1589 434 1588
f 1605 1588 435
f 2700 435 2699
f 2700 1605 435
f 2700 2894 1605
f 1605 2894 436
f 1589 436 437
f 433 437 1559
f 439 1559 1545
f 438 439 1545
f 1747 440 441
f 441 440 442
f 1254 442 1255
f 1298 1255 1253
f 1295 1253 444
f 443 444 1326
f 1362 1326 449
f 1420 449 445
f 1449 445 446
f 430 446 1469
f 1495 1469 1468
f 1494 1468 447
f 431 447 438
f 431 1494 447
f 440 448 442
f 442 448 476
f 1255 476 1252
f 1253 1252 478
f 444 478 1294
f 1326 1294 1361
f 449 1361 480
f 445 480 1419
f 446 1419 1418
f 1469 1418 481
f 1468 481 1466
f 447 1466 1525
f 438 1525 484
f 432 484 1524
f 450 1524 1558
f 1587 1558 451
f 1586 451 453
f 452 453 454
f 2699 454 455
f 684 455 1522
f 1555 1522 502
f 456 502 457
f 1516 457 532
f 1515 532 458
f 1514 458 541
f 680 541 459
f 675 459 676
f 657 676 555
f 658 555 460
f 1355 460 461
f 1317 461 1318
f 1283 1318 1287
f 641 1287 559
f 642 559 561
f 645 561 1196
f 1197 1196 463
f 462 463 1240
f 1198 1240 1280
f 1313 1280 1279
f 1199 1279 1342
f 1200 1342 464
f 1405 464 569
f 465 569 1438
f 466 1438 467
f 1202 467 570
f 1508 570 571
f 639 571 468
f 637 468 572
f 475 572 1192
f 1549 1192 1540
f 1570 1540 469
f 1569 469 470
f 1595 470 471
f 472 471 589
f 472 1595 471
f 472 473 1595
f 1595 473 1597
f 1569 1597 1596
f 1570 1596 474
f 1549 474 475
f 1192 1549 475
f 448 477 476
f 476 477 1207
f 1252 1207 1250
f 478 1250 1293
f 1294 1293 479
f 1361 479 1360
f 480 1360 1387
f 1419 1387 1386
f 1418 1386 488
f 481 488 1467
f 1466 1467 482
f 1525 482 483
f 484 483 1524
f 484 1525 483
f 477 1703 1207
f 1207 1703 494
f 1250 494 1251
f 1293 1251 485
f 479 485 486
f 1360 486 1359
f 1387 1359 487
f 1386 487 489
f 488 489 497
f 1467 497 490
f 482 490 1465
f 483 1465 1523
f 1524 1523 491
f 1558 491 499
f 451 499 492
f 453 492 493
f 454 493 455
f 454 453 493
f 1703 504 494
f 494 504 505
f 1251 505 1249
f 485 1249 1248
f 486 1248 1325
f 1359 1325 507
f 487 507 495
f 489 495 496
f 497 496 498
f 490 498 1448
f 1465 1448 509
f 1523 509 511
f 491 511 500
f 499 500 501
f 1556 501 523
f 503 523 457
f 502 503 457
f 502 1557 503
f 502 1522 1557
f 1557 1522 493
f 492 1557 493
f 492 1556 1557
f 492 499 1556
f 1556 499 501
f 504 1702 505
f 505 1702 506
f 1249 506 1247
f 1248 1247 1246
f 1325 1246 514
f 507 514 508
f 495 508 1385
f 496 1385 1384
f 498 1384 1416
f 1448 1416 510
f 509 510 518
f 511 518 1492
f 500 1492 501
f 500 511 1492
f 1702 519 506
f 506 519 512
f 1247 512 513
f 1246 513 515
f 514 515 516
f 508 516 1323
f 1385 1323 1383
f 1384 1383 1417
f 1416 1417 1447
f 510 1447 517
f 518 517 1493
f 1492 1493 1491
f 501 1491 523
f 501 1492 1491
f 519 1627 512
f 512 1627 520
f 513 520 521
f 515 521 1292
f 516 1292 1324
f 1323 1324 1322
f 1383 1322 1382
f 1417 1382 1415
f 1447 1415 1414
f 517 1414 522
f 1493 522 1464
f 1491 1464 533
f 523 533 532
f 457 523 532
f 1627 524 520
f 520 524 525
f 521 525 536
f 1292 536 526
f 1324 526 527
f 1322 527 538
f 1382 538 528
f 1415 528 529
f 1414 529 530
f 522 530 531
f 1464 531 540
f 533 540 458
f 532 533 458
f 524 534 525
f 525 534 535
f 536 535 1205
f 526 1205 1291
f 527 1291 537
f 538 537 1358
f 528 1358 1381
f 529 1381 1413
f 530 1413 539
f 531 539 544
f 540 544 541
f 458 540 541
f 534 542 535
f 535 542 1206
f 1205 1206 1245
f 1291 1245 545
f 537 545 1321
f 1358 1321 547
f 1381 547 543
f 1413 543 1412
f 539 1412 1411
f 544 1411 459
f 541 544 459
f 542 1626 1206
f 1206 1626 549
f 1245 549 546
f 545 546 551
f 1321 551 548
f 547 548 552
f 543 552 553
f 1412 553 554
f 1411 554 676
f 459 1411 676
f 549 1626 550
f 546 550 1244
f 551 1244 562
f 548 562 1320
f 552 1320 1319
f 553 1319 1356
f 554 1356 555
f 676 554 555
f 1667 556 1625
f 1667 557 556
f 1667 558 557
f 1667 560 558
f 1667 1196 560
f 560 1196 561
f 559 560 561
f 559 1203 560
f 559 1287 1203
f 1203 1287 1204
f 566 1204 567
f 565 567 1290
f 563 1290 562
f 1244 563 562
f 1244 564 563
f 1244 550 564
f 564 550 1625
f 556 564 1625
f 556 563 564
f 556 565 563
f 556 557 565
f 565 557 566
f 567 565 566
f 1196 1623 463
f 463 1623 1195
f 1240 1195 1184
f 1280 1184 568
f 1279 568 1186
f 1342 1186 1341
f 464 1341 1375
f 569 1375 1404
f 1438 1404 1188
f 467 1188 1460
f 570 1460 1190
f 571 1190 1193
f 468 1193 572
f 468 571 1193
f 1622 573 1623
f 1622 574 573
f 1622 1180 574
f 1622 1181 1180
f 1622 1182 1181
f 1622 1621 1182
f 1182 1621 609
f 1233 609 610
f 1234 610 576
f 575 576 577
f 1311 577 578
f 1371 578 579
f 1370 579 616
f 1402 616 580
f 1433 580 618
f 1479 618 620
f 1505 620 622
f 581 622 1530
f 1536 1530 218
f 216 1536 218
f 216 215 1536
f 1536 215 583
f 582 1536 583
f 582 209 1536
f 1536 209 584
f 1531 584 633
f 1534 633 1594
f 585 1594 586
f 587 585 586
f 587 588 585
f 587 589 588
f 588 589 471
f 606 471 470
f 605 470 469
f 604 469 1540
f 1506 1540 1239
f 1507 1239 590
f 1481 590 1482
f 591 1482 592
f 1403 592 593
f 601 593 1373
f 1338 1373 1374
f 1339 1374 594
f 1278 594 595
f 599 595 596
f 597 596 598
f 574 598 573
f 574 597 598
f 574 1180 597
f 597 1180 1235
f 599 1235 600
f 1278 600 1277
f 1339 1277 1312
f 1338 1312 602
f 601 602 603
f 1403 603 1436
f 591 1436 1434
f 1481 1434 1458
f 1507 1458 1480
f 1506 1480 1541
f 604 1541 1539
f 605 1539 1535
f 606 1535 1533
f 588 1533 585
f 588 606 1533
f 588 471 606
f 1621 246 609
f 609 246 608
f 607 609 608
f 607 610 609
f 607 611 610
f 610 611 612
f 576 612 613
f 242 576 613
f 242 577 576
f 242 239 577
f 577 239 624
f 578 624 237
f 614 578 237
f 614 579 578
f 614 615 579
f 579 615 616
f 616 615 224
f 580 224 223
f 617 580 223
f 617 618 580
f 617 222 618
f 618 222 220
f 620 220 621
f 619 620 621
f 619 622 620
f 619 623 622
f 622 623 1530
f 1530 623 218
f 610 612 576
f 577 624 578
f 616 224 580
f 618 220 620
f 209 208 584
f 584 208 625
f 207 584 625
f 207 627 584
f 207 626 627
f 627 626 200
f 630 200 199
f 628 199 629
f 628 630 199
f 628 631 630
f 630 631 632
f 627 632 633
f 584 627 633
f 627 200 630
f 632 627 630
f 631 634 632
f 632 634 1594
f 633 632 1594
f 634 586 1594
f 473 635 1597
f 1597 635 636
f 1596 636 1571
f 474 1571 1550
f 475 1550 637
f 572 475 637
f 635 2420 636
f 636 2420 646
f 1571 646 638
f 1550 638 1572
f 637 1572 647
f 639 647 652
f 1243 652 1551
f 1242 1551 1352
f 1509 1352 1351
f 1483 1351 1350
f 1442 1350 1441
f 1406 1441 1349
f 640 1349 1408
f 1376 1408 1347
f 1344 1347 1346
f 1282 1346 1281
f 643 1281 641
f 642 641 559
f 642 643 641
f 642 644 643
f 642 645 644
f 642 561 645
f 2420 2419 646
f 646 2419 648
f 638 648 649
f 1572 649 650
f 647 650 652
f 647 1572 650
f 2419 653 648
f 648 653 1599
f 649 1599 1598
f 650 1598 651
f 652 651 1551
f 652 650 651
f 653 659 1599
f 1599 659 660
f 1598 660 1600
f 651 1600 662
f 1551 662 663
f 1352 663 654
f 1353 654 670
f 1380 670 655
f 1409 655 674
f 1513 674 1543
f 1512 1543 656
f 1486 656 1487
f 1463 1487 1286
f 1410 1286 657
f 658 657 555
f 658 1410 657
f 658 1354 1410
f 658 1355 1354
f 658 460 1355
f 659 661 660
f 660 661 665
f 1600 665 1573
f 662 1573 664
f 663 664 654
f 663 662 664
f 661 666 665
f 665 666 667
f 1573 667 668
f 664 668 669
f 654 669 670
f 654 664 669
f 667 666 1601
f 668 1601 1576
f 669 1576 671
f 670 671 655
f 670 669 671
f 672 1575 1577
f 672 673 1575
f 1575 673 1602
f 1574 1602 1603
f 1552 1603 677
f 674 677 1542
f 1543 1542 1490
f 656 1490 1488
f 1487 1488 682
f 1286 682 675
f 657 675 676
f 657 1286 675
f 1602 673 1583
f 1603 1583 1578
f 677 1578 678
f 1542 678 1544
f 1490 1544 1517
f 1489 1517 679
f 681 679 1514
f 680 1514 541
f 680 681 1514
f 680 682 681
f 680 675 682
f 680 459 675
f 2695 1604 1584
f 2695 1581 1604
f 2695 1580 1581
f 2695 1521 1580
f 2695 683 1521
f 2695 684 683
f 2695 2699 684
f 684 2699 455
f 436 2894 696
f 437 696 685
f 1559 685 686
f 1545 686 1564
f 687 1564 1220
f 1526 1220 1218
f 1471 1218 1496
f 1470 1496 1217
f 429 1217 688
f 1389 688 1215
f 1388 1215 1390
f 1363 1390 1364
f 428 1364 1296
f 1297 1296 689
f 1256 689 1213
f 690 1213 427
f 690 1256 1213
f 690 441 1256
f 2894 691 696
f 696 691 2893
f 694 2893 692
f 693 694 692
f 693 401 694
f 694 401 695
f 685 695 686
f 685 694 695
f 685 696 694
f 694 696 2893
f 2889 697 1606
f 1606 697 700
f 403 700 1591
f 404 1591 1565
f 698 1565 699
f 425 698 699
f 697 2882 700
f 700 2882 2881
f 708 2881 709
f 1547 709 701
f 1607 701 373
f 702 373 704
f 703 704 706
f 705 706 1567
f 395 705 1567
f 395 396 705
f 700 2881 708
f 1591 708 1590
f 1565 1590 707
f 699 707 711
f 413 699 711
f 708 709 1547
f 1590 1547 710
f 707 710 1592
f 711 1592 1546
f 1261 711 1546
f 712 713 1608
f 1608 713 1611
f 376 1611 714
f 715 714 1568
f 378 1568 1272
f 716 1272 728
f 1308 728 717
f 1306 717 718
f 1502 718 720
f 719 720 1478
f 1430 1478 721
f 1399 721 361
f 1400 361 359
f 1303 359 358
f 1302 358 357
f 1269 357 1230
f 1231 1230 722
f 724 722 725
f 723 725 335
f 723 724 725
f 723 726 724
f 724 726 1231
f 722 724 1231
f 713 2828 1611
f 1611 2828 1610
f 714 1610 1593
f 1568 1593 727
f 1272 727 728
f 1272 1568 727
f 1610 2828 365
f 1593 365 364
f 727 364 363
f 728 363 362
f 717 728 362
f 335 729 350
f 350 729 351
f 351 729 1274
f 353 1274 736
f 737 736 730
f 731 730 1334
f 732 1334 336
f 738 336 733
f 734 733 1432
f 751 1432 735
f 355 735 1503
f 740 1503 340
f 740 355 1503
f 353 351 1274
f 737 353 736
f 731 737 730
f 732 731 1334
f 738 732 336
f 734 738 733
f 751 734 1432
f 355 751 735
f 739 753 4
f 4 753 740
f 4 3 741
f 742 3 745
f 745 3 744
f 743 744 343
f 743 745 744
f 743 349 745
f 743 348 349
f 743 344 348
f 745 349 794
f 333 350 746
f 69 333 746
f 746 351 747
f 1153 746 747
f 747 353 352
f 68 747 352
f 352 737 748
f 1097 352 748
f 748 731 6
f 7 748 6
f 6 732 354
f 749 6 354
f 354 738 5
f 65 354 5
f 5 734 750
f 63 5 750
f 750 751 752
f 62 750 752
f 752 355 753
f 913 752 753
f 880 214 217
f 42 41 754
f 41 796 758
f 758 796 755
f 756 755 757
f 39 756 757
f 756 758 755
f 57 186 39
f 759 760 186
f 797 761 760
f 189 181 761
f 174 762 181
f 168 763 762
f 763 798 166
f 166 798 802
f 167 802 766
f 165 766 800
f 764 800 145
f 144 764 145
f 144 765 764
f 764 765 165
f 800 764 165
f 766 165 167
f 167 166 802
f 144 767 143
f 143 767 768
f 777 768 769
f 776 769 771
f 770 771 778
f 775 778 804
f 774 804 773
f 772 774 773
f 772 2707 774
f 774 2707 775
f 804 774 775
f 769 776 777
f 777 143 768
f 771 770 776
f 778 775 770
f 18 296 772
f 138 779 139
f 132 135 779
f 128 781 135
f 780 127 781
f 811 782 127
f 116 115 782
f 103 783 115
f 783 814 784
f 784 814 785
f 788 785 786
f 789 788 786
f 789 787 788
f 789 93 787
f 788 784 785
f 816 790 789
f 80 79 790
f 817 791 79
f 792 793 791
f 794 59 793
f 203 206 205
f 213 203 205
f 42 820 796
f 796 820 795
f 755 795 822
f 757 755 822
f 755 796 795
f 191 797 759
f 823 189 797
f 176 174 189
f 175 168 174
f 168 799 798
f 798 799 829
f 802 829 825
f 766 825 827
f 800 827 801
f 145 800 801
f 825 766 802
f 802 798 829
f 827 800 766
f 145 803 767
f 767 803 807
f 768 807 806
f 769 806 831
f 771 831 808
f 778 808 805
f 804 805 19
f 773 804 19
f 806 769 768
f 768 767 807
f 831 771 769
f 808 778 771
f 805 804 778
f 809 18 773
f 317 295 810
f 810 295 18
f 133 132 138
f 129 128 132
f 832 780 128
f 123 811 780
f 834 116 811
f 835 103 116
f 103 812 814
f 814 812 836
f 785 836 813
f 786 785 813
f 785 814 836
f 838 816 786
f 815 80 816
f 73 817 80
f 60 792 817
f 742 794 792
f 840 213 818
f 214 840 818
f 819 841 820
f 820 841 844
f 795 844 843
f 822 843 821
f 822 795 843
f 795 820 844
f 179 823 191
f 177 176 823
f 824 175 176
f 799 852 829
f 829 852 826
f 825 826 828
f 827 828 146
f 801 827 146
f 828 827 825
f 825 829 826
f 801 854 803
f 803 854 855
f 807 855 859
f 806 859 858
f 831 858 830
f 808 830 857
f 805 857 20
f 19 805 20
f 859 806 807
f 807 803 855
f 858 831 806
f 830 808 831
f 857 805 808
f 861 809 19
f 862 810 291
f 291 810 809
f 865 317 862
f 130 129 133
f 124 832 129
f 833 123 832
f 875 834 123
f 876 835 834
f 835 104 812
f 812 104 878
f 836 878 837
f 813 836 837
f 836 812 878
f 94 838 813
f 87 815 838
f 879 73 815
f 61 60 73
f 741 742 60
f 839 202 840
f 880 839 840
f 201 43 841
f 841 43 845
f 844 845 883
f 843 883 842
f 821 842 55
f 821 843 842
f 883 843 844
f 844 841 845
f 885 846 847
f 55 885 847
f 55 886 885
f 55 848 886
f 886 848 921
f 928 921 961
f 998 961 849
f 997 849 1034
f 267 997 1034
f 178 177 179
f 170 824 177
f 887 852 850
f 169 850 824
f 169 887 850
f 169 851 887
f 169 888 851
f 169 170 888
f 852 893 826
f 826 893 892
f 828 892 147
f 146 828 147
f 828 826 892
f 146 853 854
f 854 853 900
f 855 900 899
f 859 899 901
f 858 901 856
f 830 856 860
f 857 860 898
f 20 857 898
f 899 859 855
f 855 854 900
f 901 858 859
f 856 830 858
f 860 857 830
f 298 861 20
f 863 291 297
f 297 291 861
f 316 862 863
f 864 865 316
f 905 15 866
f 864 905 866
f 864 907 905
f 864 904 907
f 907 904 867
f 950 867 977
f 989 977 1011
f 1021 1011 868
f 1022 868 869
f 1077 869 870
f 330 870 871
f 872 871 873
f 328 872 873
f 125 124 130
f 874 833 124
f 909 875 833
f 908 876 875
f 876 877 104
f 104 877 910
f 878 910 97
f 837 878 97
f 878 104 910
f 95 94 837
f 911 87 94
f 912 879 87
f 914 61 879
f 739 741 61
f 211 880 916
f 212 918 43
f 43 918 881
f 845 881 919
f 883 919 882
f 842 882 848
f 842 883 882
f 919 883 845
f 845 43 881
f 884 38 885
f 886 884 885
f 886 928 884
f 886 921 928
f 929 170 178
f 931 893 887
f 851 931 887
f 851 932 931
f 851 890 932
f 851 888 890
f 890 888 889
f 891 890 889
f 891 934 890
f 891 1038 934
f 149 147 892
f 173 892 893
f 173 149 892
f 173 894 149
f 147 895 853
f 853 895 935
f 900 935 938
f 899 938 936
f 901 936 896
f 856 896 897
f 860 897 940
f 898 860 940
f 938 899 900
f 900 853 935
f 936 901 899
f 896 856 901
f 897 860 856
f 902 298 898
f 314 297 903
f 903 297 298
f 321 863 314
f 904 316 321
f 906 131 905
f 907 906 905
f 907 950 906
f 907 867 950
f 126 874 125
f 951 909 874
f 105 908 909
f 908 954 877
f 877 954 952
f 910 952 953
f 97 910 953
f 910 877 952
f 96 95 97
f 955 911 95
f 74 912 911
f 956 914 912
f 913 739 914
f 219 915 916
f 210 917 918
f 918 917 958
f 881 958 960
f 919 960 54
f 882 54 920
f 882 919 54
f 960 919 881
f 881 918 958
f 921 848 920
f 962 920 53
f 996 53 1032
f 963 1032 51
f 1085 51 1052
f 1104 1052 1082
f 922 1082 1100
f 1140 1100 923
f 927 923 50
f 924 50 925
f 251 924 925
f 251 926 924
f 924 926 927
f 50 924 927
f 262 37 884
f 928 262 884
f 928 998 262
f 928 961 998
f 889 888 929
f 930 173 931
f 932 930 931
f 932 933 930
f 932 934 933
f 932 890 934
f 895 164 935
f 935 164 969
f 938 969 972
f 936 972 937
f 896 937 939
f 897 939 971
f 940 897 971
f 972 936 938
f 938 935 969
f 937 896 936
f 939 897 896
f 976 902 940
f 290 903 975
f 975 903 902
f 315 314 290
f 992 321 315
f 867 904 992
f 941 992 320
f 978 320 942
f 1072 942 1045
f 1071 1045 1094
f 979 1094 943
f 980 943 944
f 948 944 945
f 1150 945 946
f 1151 946 318
f 322 318 306
f 322 1151 318
f 322 1172 1151
f 322 947 1172
f 322 324 947
f 947 324 982
f 1148 982 1149
f 948 1149 980
f 944 948 980
f 949 14 906
f 950 949 906
f 950 989 949
f 950 977 989
f 117 951 126
f 111 105 951
f 105 113 954
f 954 113 991
f 952 991 99
f 953 952 99
f 952 954 991
f 98 96 953
f 88 955 96
f 81 74 955
f 64 956 74
f 62 913 956
f 44 993 917
f 917 993 957
f 958 957 959
f 960 959 52
f 54 52 53
f 54 960 52
f 959 960 958
f 958 917 957
f 961 921 962
f 1033 962 996
f 1054 996 963
f 968 963 1085
f 964 1085 1104
f 1120 1104 922
f 1141 922 1140
f 965 1140 927
f 926 965 927
f 926 966 965
f 965 966 967
f 1141 967 1037
f 1120 1037 1121
f 964 1121 1105
f 968 1105 1087
f 1054 1087 1035
f 1033 1035 849
f 961 1033 849
f 961 962 1033
f 163 164 148
f 150 148 894
f 150 163 148
f 150 999 163
f 150 1000 999
f 150 151 1000
f 164 162 969
f 969 162 970
f 972 970 1009
f 937 1009 1008
f 939 1008 21
f 971 939 21
f 1009 937 972
f 972 969 970
f 1008 939 937
f 299 976 971
f 973 975 974
f 974 975 976
f 319 290 973
f 320 315 319
f 977 867 941
f 1046 941 978
f 1012 978 1072
f 1014 1072 1071
f 1016 1071 979
f 988 979 980
f 1149 988 980
f 1149 981 988
f 1149 982 981
f 981 982 1178
f 1127 1178 1173
f 1128 1173 983
f 986 983 1177
f 984 1177 985
f 873 985 327
f 873 984 985
f 873 871 984
f 984 871 1112
f 986 1112 987
f 1128 987 1018
f 1127 1018 1017
f 981 1017 988
f 981 1127 1017
f 981 1178 1127
f 1020 121 949
f 989 1020 949
f 989 1021 1020
f 989 1011 1021
f 106 111 117
f 990 99 991
f 110 991 113
f 110 990 991
f 110 109 990
f 90 98 99
f 89 88 98
f 75 81 88
f 66 64 81
f 63 62 64
f 962 921 920
f 941 867 992
f 230 1027 993
f 993 1027 1031
f 957 1031 994
f 959 994 995
f 52 995 1032
f 52 959 995
f 994 959 957
f 957 993 1031
f 996 962 53
f 997 998 849
f 172 933 934
f 161 162 163
f 999 161 163
f 999 1040 161
f 999 1001 1040
f 999 1000 1001
f 1001 1000 1002
f 1089 1002 1003
f 1088 1003 1004
f 153 1088 1004
f 153 1005 1088
f 153 1006 1005
f 162 1042 970
f 970 1042 1043
f 1009 1043 1007
f 1008 1007 22
f 21 1008 22
f 1007 1008 1009
f 1009 970 1043
f 300 299 21
f 1010 974 1044
f 1044 974 299
f 313 973 1010
f 942 319 313
f 978 941 320
f 1011 977 1046
f 1019 1046 1012
f 1013 1012 1014
f 1015 1014 1016
f 1017 1016 988
f 1017 1015 1016
f 1017 1018 1015
f 1015 1018 1095
f 1013 1095 1073
f 1019 1073 868
f 1011 1019 868
f 1011 1046 1019
f 1047 13 1020
f 1021 1047 1020
f 1021 1022 1047
f 1021 868 1022
f 108 110 112
f 1023 112 106
f 1023 108 112
f 1023 107 108
f 1024 90 990
f 82 89 90
f 1025 75 89
f 1050 66 75
f 65 63 66
f 1046 977 941
f 1026 1028 1027
f 1027 1028 1053
f 1031 1053 1029
f 994 1029 1030
f 995 1030 51
f 995 994 1030
f 1029 994 1031
f 1031 1027 1053
f 963 996 1032
f 1035 1033 1054
f 1054 1033 996
f 1034 849 1035
f 259 1035 1087
f 1086 1087 1105
f 256 1105 1121
f 1036 1121 1037
f 255 1037 967
f 253 967 966
f 253 255 967
f 253 254 255
f 171 1055 1038
f 1038 1055 1039
f 172 1039 1058
f 152 172 1058
f 172 1038 1039
f 1002 1000 152
f 160 1042 161
f 1040 160 161
f 1040 1059 160
f 1040 1041 1059
f 1040 1001 1041
f 1041 1001 1089
f 1062 1089 1088
f 1005 1062 1088
f 1005 1061 1062
f 1005 154 1061
f 1042 159 1043
f 1043 159 1065
f 1007 1065 1067
f 22 1007 1067
f 1007 1043 1065
f 1066 300 22
f 289 1044 1069
f 1069 1044 300
f 312 1010 289
f 1045 313 312
f 1072 978 942
f 1012 1046 978
f 1075 118 1047
f 1022 1075 1047
f 1022 1077 1075
f 1022 869 1077
f 1048 1024 109
f 1049 82 1024
f 76 1025 82
f 1078 1050 1025
f 749 65 1050
f 232 1080 1028
f 1028 1080 1051
f 1053 1051 1084
f 1029 1084 1083
f 1030 1083 1052
f 1030 1029 1083
f 1084 1029 1053
f 1053 1028 1051
f 1085 963 51
f 1087 1054 968
f 968 1054 963
f 260 1034 259
f 259 1034 1035
f 266 267 260
f 1057 1058 1039
f 1056 1039 1055
f 1056 1057 1039
f 1056 32 1057
f 1003 1002 1058
f 1089 1001 1002
f 1060 159 160
f 1059 1060 160
f 1059 1090 1060
f 1059 1063 1090
f 1059 1041 1063
f 1063 1041 1062
f 1061 1063 1062
f 1061 155 1063
f 1061 1064 155
f 1091 1067 1065
f 158 1065 159
f 158 1091 1065
f 158 23 1091
f 301 1066 1067
f 1093 1069 1068
f 1068 1069 1066
f 1070 289 1093
f 1094 312 1070
f 1071 1072 1045
f 1014 1012 1072
f 1073 1019 1013
f 1013 1019 1012
f 869 868 1073
f 1074 1073 1095
f 987 1095 1018
f 987 1074 1095
f 987 1112 1074
f 1074 1112 870
f 869 1074 870
f 869 1073 1074
f 1076 12 1075
f 1077 1076 1075
f 1077 330 1076
f 1077 870 330
f 91 1048 100
f 84 1049 1048
f 83 76 1049
f 67 1078 76
f 7 749 1078
f 238 1079 229
f 45 1103 1080
f 1080 1103 1102
f 1051 1102 1081
f 1084 1081 1101
f 1083 1101 1082
f 1083 1084 1101
f 1081 1084 1051
f 1051 1080 1102
f 1104 1085 1052
f 1105 968 964
f 964 968 1085
f 258 259 1086
f 1086 259 1087
f 268 260 258
f 1107 266 268
f 1004 1003 1057
f 1088 1089 1003
f 1062 1041 1089
f 157 158 1060
f 1090 157 1060
f 1090 1125 157
f 1090 155 1125
f 1090 1063 155
f 302 301 1091
f 1110 1068 1092
f 1092 1068 301
f 311 1093 1110
f 943 1070 311
f 979 1071 1094
f 1016 1014 1071
f 1095 1013 1015
f 1015 1013 1014
f 11 102 1096
f 101 91 102
f 92 84 91
f 77 83 84
f 1114 67 83
f 1097 7 67
f 225 1098 1103
f 1103 1098 1099
f 1102 1099 1118
f 1081 1118 1117
f 1101 1117 1100
f 1101 1081 1117
f 1118 1081 1102
f 1102 1103 1099
f 922 1104 1082
f 1121 964 1120
f 1120 964 1104
f 257 1086 256
f 256 1086 1105
f 1106 258 257
f 1124 268 1106
f 276 1107 1124
f 303 302 23
f 1111 1092 1108
f 1108 1092 302
f 1109 1110 1111
f 944 311 1109
f 980 979 943
f 988 1016 979
f 871 870 1112
f 872 330 871
f 1137 92 101
f 85 77 92
f 1113 1114 77
f 68 1097 1114
f 240 249 241
f 235 1138 1098
f 1098 1138 1115
f 1099 1115 1119
f 1118 1119 1116
f 1117 1116 923
f 1117 1118 1116
f 1119 1118 1099
f 1099 1098 1115
f 1140 922 1100
f 1037 1120 1141
f 1141 1120 922
f 264 256 1036
f 1036 256 1121
f 1143 257 264
f 1122 1106 1143
f 1123 1124 1122
f 275 276 1123
f 1146 1125 155
f 1147 303 156
f 309 1108 1126
f 1126 1108 303
f 310 1111 309
f 945 1109 310
f 1128 1018 1127
f 1173 1128 1127
f 986 987 1128
f 983 986 1128
f 984 1112 986
f 1177 984 986
f 1129 10 9
f 328 1129 9
f 328 1133 1129
f 328 327 1133
f 1133 327 1130
f 1132 1130 1131
f 1132 1133 1130
f 1132 1134 1133
f 1132 1135 1134
f 1134 1135 1136
f 1152 85 1137
f 70 1113 85
f 1153 68 1113
f 250 249 248
f 46 1160 1138
f 1138 1160 1159
f 1115 1159 1139
f 1119 1139 49
f 1116 49 50
f 1116 1119 49
f 1139 1119 1115
f 1115 1138 1159
f 927 1140 923
f 967 1141 965
f 965 1141 1140
f 1142 1036 255
f 255 1036 1037
f 265 264 1142
f 271 1143 265
f 272 1122 271
f 1164 1123 272
f 279 275 1164
f 31 30 1006
f 1006 30 1144
f 154 1144 1170
f 1064 1170 1169
f 1146 1169 1145
f 24 1146 1145
f 1170 1064 154
f 154 1006 1144
f 1169 1146 1064
f 25 1147 24
f 307 1126 304
f 304 1126 1147
f 308 309 307
f 946 310 308
f 1148 1149 948
f 1150 948 945
f 1150 1148 948
f 1150 1172 1148
f 1150 1151 1172
f 1150 946 1151
f 1134 86 1129
f 1133 1134 1129
f 71 70 1152
f 69 1153 70
f 244 1154 243
f 1154 1155 248
f 250 1156 1160
f 1160 1156 1157
f 1159 1157 48
f 1139 48 1158
f 49 1158 925
f 49 1139 1158
f 48 1139 1159
f 1159 1160 1157
f 1161 1142 254
f 1162 265 1161
f 1163 271 1162
f 278 272 1163
f 1166 1164 278
f 1165 279 1166
f 1849 1165 1166
f 30 1167 1144
f 1144 1167 1168
f 1170 1168 28
f 1169 28 26
f 1145 1169 26
f 28 1169 1170
f 1170 1144 1168
f 286 25 1145
f 1171 307 305
f 318 308 1171
f 947 982 1148
f 1172 947 1148
f 982 324 1178
f 1178 324 323
f 1173 323 1174
f 983 1174 1175
f 1177 1175 326
f 985 326 1176
f 985 1177 326
f 1174 983 1173
f 1173 1178 323
f 1175 1177 983
f 1130 327 1176
f 1131 1130 1176
f 251 1158 48
f 609 1233 1182
f 1182 1233 1179
f 1181 1179 1235
f 1180 1181 1235
f 1181 1182 1179
f 1195 1623 1183
f 1184 1183 1185
f 568 1185 1236
f 1186 1236 1237
f 1341 1237 1187
f 1375 1187 1340
f 1404 1340 1189
f 1188 1189 1437
f 1460 1437 1238
f 1190 1238 1191
f 1193 1191 1194
f 572 1194 1192
f 572 1193 1194
f 1183 573 1185
f 1183 1623 573
f 1240 463 1195
f 1195 1183 1184
f 645 1196 1197
f 644 1197 462
f 1241 462 1198
f 1314 1198 1313
f 1345 1313 1199
f 1343 1199 1200
f 1407 1200 1405
f 1440 1405 465
f 1439 465 466
f 1461 466 1202
f 1201 1202 1508
f 1243 1508 639
f 652 1243 639
f 644 645 1197
f 1197 463 462
f 566 557 558
f 1203 558 560
f 1203 566 558
f 1203 1204 566
f 1626 1625 550
f 546 549 550
f 1245 1206 549
f 1205 535 1206
f 536 525 535
f 521 520 525
f 513 512 520
f 1247 506 512
f 1249 505 506
f 1251 494 505
f 1250 1207 494
f 1252 476 1207
f 1255 442 476
f 1254 441 442
f 408 1732 420
f 420 1732 1212
f 421 1212 1208
f 422 1208 1209
f 1299 1209 1327
f 1365 1327 1214
f 1210 1214 1391
f 1422 1391 1421
f 1211 1421 1450
f 423 1450 1216
f 424 1216 1472
f 1527 1472 1221
f 426 1221 1219
f 1562 1219 1220
f 1563 1220 1564
f 1561 1564 686
f 695 1561 686
f 695 1560 1561
f 695 401 1560
f 1212 427 1208
f 1208 427 1213
f 1209 1213 689
f 1327 689 1296
f 1214 1296 1364
f 1391 1364 1390
f 1421 1390 1215
f 1450 1215 688
f 1216 688 1217
f 1472 1217 1496
f 1221 1496 1218
f 1219 1218 1220
f 1219 1221 1218
f 1222 1223 420
f 420 1212 421
f 405 1225 1228
f 405 1224 1225
f 405 418 1224
f 1224 418 1226
f 388 1226 389
f 388 1224 1226
f 388 1227 1224
f 1224 1227 1225
f 1225 1227 1229
f 1228 1229 1734
f 1228 1225 1229
f 369 387 1229
f 726 368 1268
f 1231 1268 1269
f 1230 1231 1269
f 1268 1231 726
f 1273 1232 725
f 1274 729 1232
f 610 1234 1233
f 1233 1234 1275
f 1179 1275 600
f 1235 1179 600
f 1179 1233 1275
f 596 597 599
f 599 597 1235
f 1236 1185 598
f 596 1236 598
f 596 1237 1236
f 596 595 1237
f 1237 595 1187
f 1187 595 594
f 1340 594 1374
f 1189 1374 1373
f 1437 1373 593
f 1238 593 592
f 1191 592 1482
f 1194 1482 590
f 1192 590 1239
f 1540 1192 1239
f 568 1184 1185
f 573 598 1185
f 1280 1240 1184
f 1198 462 1240
f 643 644 1241
f 1282 1241 1314
f 1344 1314 1345
f 1376 1345 1343
f 640 1343 1407
f 1406 1407 1440
f 1442 1440 1439
f 1483 1439 1461
f 1509 1461 1201
f 1242 1201 1243
f 1551 1242 1243
f 1290 563 565
f 551 546 1244
f 545 1245 546
f 1291 1205 1245
f 526 536 1205
f 1292 521 536
f 515 513 521
f 1246 1247 513
f 1248 1249 1247
f 485 1251 1249
f 1293 1250 1251
f 478 1252 1250
f 1253 1255 1252
f 1298 1254 1255
f 689 1256 1297
f 1297 1256 1254
f 1209 1208 1213
f 422 421 1208
f 1300 1222 421
f 1257 419 409
f 409 419 1222
f 1226 418 1257
f 1266 1257 1301
f 1331 1301 1329
f 1396 1329 417
f 1258 417 1394
f 1424 1394 1259
f 1453 1259 1260
f 1264 1260 416
f 1263 416 415
f 1262 415 1261
f 1262 1263 415
f 1262 396 1263
f 1263 396 394
f 1264 394 1265
f 1453 1265 1452
f 1424 1452 392
f 1258 392 1426
f 1396 1426 391
f 1331 391 390
f 1266 390 389
f 1226 1266 389
f 1226 1257 1266
f 371 369 1227
f 384 1267 382
f 382 1267 369
f 368 385 1268
f 1268 385 1310
f 1269 1310 1302
f 357 1269 1302
f 1310 385 384
f 1270 384 383
f 1304 383 1332
f 1369 1332 381
f 1431 381 1271
f 1456 1271 1455
f 1305 1455 380
f 1477 380 379
f 1307 379 1500
f 716 1500 1528
f 378 716 1528
f 378 1272 716
f 1269 1268 1310
f 1309 1273 722
f 736 1274 1273
f 1241 644 462
f 576 575 1234
f 1234 575 1276
f 1275 1276 1277
f 600 1275 1277
f 1275 1234 1276
f 595 599 1278
f 1278 599 600
f 1186 568 1236
f 1279 1280 568
f 1313 1198 1280
f 1314 1241 1198
f 1281 643 1282
f 1282 643 1241
f 1283 1287 641
f 1281 1283 641
f 1281 1315 1283
f 1281 1346 1315
f 1315 1346 1284
f 1316 1284 1285
f 1354 1285 1444
f 1410 1444 1463
f 1286 1410 1463
f 1287 1318 1204
f 1204 1318 1288
f 567 1288 1289
f 1290 1289 1320
f 562 1290 1320
f 1289 1290 567
f 567 1204 1288
f 548 551 562
f 1321 545 551
f 537 1291 545
f 527 526 1291
f 1324 1292 526
f 516 515 1292
f 514 1246 515
f 1325 1248 1246
f 486 485 1248
f 479 1293 485
f 1294 478 1293
f 444 1253 478
f 1295 1298 1253
f 1296 1297 428
f 428 1297 1298
f 1327 1209 689
f 1299 422 1209
f 1328 1300 422
f 1301 409 410
f 410 409 1300
f 1333 371 388
f 383 382 370
f 370 382 371
f 1302 1310 1270
f 1303 1270 1304
f 1400 1304 1369
f 1399 1369 1431
f 1430 1431 1456
f 719 1456 1305
f 1502 1305 1477
f 1306 1477 1307
f 1308 1307 716
f 728 1308 716
f 1335 1309 1230
f 730 736 1309
f 1270 1310 384
f 577 1311 575
f 575 1311 1336
f 1276 1336 1312
f 1277 1276 1312
f 1276 575 1336
f 594 1278 1339
f 1339 1278 1277
f 1341 1186 1237
f 1342 1279 1186
f 1199 1313 1279
f 1345 1314 1313
f 1346 1282 1344
f 1344 1282 1314
f 1317 1318 1283
f 1315 1317 1283
f 1315 1316 1317
f 1315 1284 1316
f 1318 461 1288
f 1288 461 1357
f 1289 1357 1319
f 1320 1289 1319
f 1289 1288 1357
f 552 548 1320
f 547 1321 548
f 1358 537 1321
f 538 527 537
f 1322 1324 527
f 1323 516 1324
f 508 514 516
f 507 1325 514
f 1359 486 1325
f 1360 479 486
f 1361 1294 479
f 1326 444 1294
f 443 1295 444
f 1364 428 1363
f 1363 428 1295
f 1214 1327 1296
f 1365 1299 1327
f 1366 1328 1299
f 1329 410 1330
f 1330 410 1328
f 390 1266 1331
f 1331 1266 1301
f 1368 1333 389
f 1332 370 1367
f 1367 370 1333
f 1304 1270 383
f 358 1302 1303
f 1303 1302 1270
f 337 1335 357
f 1334 730 1335
f 578 1371 1311
f 1311 1371 1337
f 1336 1337 602
f 1312 1336 602
f 1336 1311 1337
f 1374 1339 1338
f 1338 1339 1312
f 1340 1187 594
f 1375 1341 1187
f 464 1342 1341
f 1200 1199 1342
f 1343 1345 1199
f 1347 1344 1376
f 1376 1344 1345
f 1284 1346 1347
f 1377 1347 1408
f 1348 1408 1349
f 1379 1349 1441
f 1485 1441 1350
f 1510 1350 1351
f 1353 1351 1352
f 654 1353 1352
f 1355 461 1317
f 1316 1355 1317
f 1316 1354 1355
f 1316 1285 1354
f 1356 1319 1357
f 460 1357 461
f 460 1356 1357
f 460 555 1356
f 553 552 1319
f 543 547 552
f 1381 1358 547
f 528 538 1358
f 1382 1322 538
f 1383 1323 1322
f 1385 508 1323
f 495 507 508
f 487 1359 507
f 1387 1360 1359
f 480 1361 1360
f 449 1326 1361
f 1362 443 1326
f 1390 1363 1388
f 1388 1363 443
f 1391 1214 1364
f 1210 1365 1214
f 1393 1366 1365
f 417 1330 1395
f 1395 1330 1366
f 391 1331 1396
f 1396 1331 1329
f 1398 1368 390
f 381 1367 1397
f 1397 1367 1368
f 1369 1304 1332
f 359 1303 1400
f 1400 1303 1304
f 1401 337 358
f 336 1334 337
f 579 1370 1371
f 1371 1370 1372
f 1337 1372 603
f 602 1337 603
f 1337 1371 1372
f 1373 1338 601
f 601 1338 602
f 1189 1340 1374
f 1404 1375 1340
f 569 464 1375
f 1405 1200 464
f 1407 1343 1200
f 1408 1376 640
f 640 1376 1343
f 1285 1284 1377
f 1443 1377 1348
f 1378 1348 1379
f 1462 1379 1485
f 1484 1485 1510
f 1380 1510 1353
f 670 1380 1353
f 554 553 1356
f 1412 543 553
f 1413 1381 543
f 529 528 1381
f 1415 1382 528
f 1417 1383 1382
f 1384 1385 1383
f 496 495 1385
f 489 487 495
f 1386 1387 487
f 1419 480 1387
f 445 449 480
f 1420 1362 449
f 1215 1388 1389
f 1389 1388 1362
f 1421 1391 1390
f 1422 1210 1391
f 1392 1393 1210
f 1394 1395 1423
f 1423 1395 1393
f 1426 1396 1258
f 1258 1396 417
f 1429 1398 391
f 1271 1397 1428
f 1428 1397 1398
f 1431 1369 381
f 361 1400 1399
f 1399 1400 1369
f 338 1401 359
f 733 336 1401
f 1377 1284 1347
f 616 1402 1370
f 1370 1402 1435
f 1372 1435 1436
f 603 1372 1436
f 1372 1370 1435
f 593 601 1403
f 1403 601 603
f 1437 1189 1373
f 1188 1404 1189
f 1438 569 1404
f 465 1405 569
f 1440 1407 1405
f 1349 640 1406
f 1406 640 1407
f 1348 1377 1408
f 1444 1285 1443
f 1445 1443 1378
f 1446 1378 1462
f 1511 1462 1484
f 1409 1484 1380
f 655 1409 1380
f 1410 1354 1444
f 1411 1412 554
f 539 1413 1412
f 530 529 1413
f 1414 1415 529
f 1447 1417 1415
f 1416 1384 1417
f 498 496 1384
f 497 489 496
f 488 1386 489
f 1418 1419 1386
f 446 445 1419
f 1449 1420 445
f 688 1389 429
f 429 1389 1420
f 1450 1421 1215
f 1211 1422 1421
f 411 1392 1422
f 1259 1423 1451
f 1451 1423 1392
f 392 1258 1424
f 1424 1258 1394
f 1425 1429 1426
f 1455 1428 1427
f 1427 1428 1429
f 1456 1431 1271
f 721 1399 1430
f 1430 1399 1431
f 360 338 361
f 1432 733 338
f 1443 1285 1377
f 580 1433 1402
f 1402 1433 1459
f 1435 1459 1434
f 1436 1435 1434
f 1435 1402 1459
f 592 1403 591
f 591 1403 1436
f 1238 1437 593
f 1460 1188 1437
f 467 1438 1188
f 466 465 1438
f 1439 1440 465
f 1441 1406 1442
f 1442 1406 1440
f 1379 1348 1349
f 1378 1443 1348
f 1463 1444 1445
f 1486 1445 1446
f 1512 1446 1511
f 1513 1511 1409
f 674 1513 1409
f 544 539 1411
f 531 530 539
f 522 1414 530
f 517 1447 1414
f 510 1416 1447
f 1448 498 1416
f 490 497 498
f 1467 488 497
f 481 1418 488
f 1469 446 1418
f 430 1449 446
f 1217 429 1470
f 1470 429 1449
f 1216 1450 688
f 423 1211 1450
f 1473 411 1211
f 1260 1451 1474
f 1474 1451 411
f 1452 1424 1453
f 1453 1424 1259
f 1454 1425 392
f 380 1427 1475
f 1475 1427 1425
f 1305 1456 1455
f 1478 1430 719
f 719 1430 1456
f 339 360 721
f 735 1432 360
f 1445 1444 1443
f 618 1479 1433
f 1433 1479 1457
f 1459 1457 1458
f 1434 1459 1458
f 1459 1433 1457
f 1482 591 1481
f 1481 591 1434
f 1191 1238 592
f 1190 1460 1238
f 570 467 1460
f 1202 466 467
f 1461 1439 466
f 1350 1442 1483
f 1483 1442 1439
f 1485 1379 1441
f 1462 1378 1379
f 1446 1445 1378
f 1487 1463 1486
f 1486 1463 1445
f 682 1286 1487
f 540 531 544
f 1464 522 531
f 1493 517 522
f 518 510 517
f 509 1448 510
f 1465 490 1448
f 482 1467 490
f 1466 481 1467
f 1468 1469 481
f 1495 430 1469
f 1496 1470 1471
f 1471 1470 430
f 1472 1216 1217
f 424 423 1216
f 1497 1473 423
f 416 1474 414
f 414 1474 1473
f 1265 1453 1264
f 1264 1453 1260
f 393 1454 1452
f 379 1475 1476
f 1476 1475 1454
f 1477 1305 380
f 720 719 1502
f 1502 719 1305
f 341 339 1478
f 1503 735 339
f 620 1505 1479
f 1479 1505 1504
f 1457 1504 1480
f 1458 1457 1480
f 1457 1479 1504
f 590 1481 1507
f 1507 1481 1458
f 1194 1191 1482
f 1193 1190 1191
f 571 570 1190
f 1508 1202 570
f 1201 1461 1202
f 1351 1483 1509
f 1509 1483 1461
f 1510 1485 1350
f 1484 1462 1485
f 1511 1446 1462
f 656 1486 1512
f 1512 1486 1446
f 1488 1487 656
f 681 682 1488
f 1489 1488 1490
f 1517 1489 1490
f 533 1464 540
f 1491 1493 1464
f 1492 518 1493
f 511 509 518
f 1523 1465 509
f 483 482 1465
f 1525 1466 482
f 447 1468 1466
f 1494 1495 1468
f 1218 1471 1526
f 1526 1471 1495
f 1221 1472 1496
f 1527 424 1472
f 412 1497 424
f 415 414 1498
f 1498 414 1497
f 394 1264 1263
f 1263 1264 416
f 1499 393 1265
f 1500 1476 1501
f 1501 1476 393
f 1307 1477 379
f 718 1502 1306
f 1306 1502 1477
f 1529 341 720
f 340 1503 341
f 622 581 1505
f 1505 581 1538
f 1504 1538 1541
f 1480 1504 1541
f 1504 1505 1538
f 1239 1507 1506
f 1506 1507 1480
f 1192 1194 590
f 639 1508 571
f 1243 1201 1508
f 1352 1509 1242
f 1242 1509 1201
f 1353 1510 1351
f 1380 1484 1510
f 1409 1511 1484
f 1543 1512 1513
f 1513 1512 1511
f 1490 656 1543
f 679 681 1489
f 1489 681 1488
f 1515 458 1514
f 679 1515 1514
f 679 1516 1515
f 679 1554 1516
f 679 1517 1554
f 1554 1517 1518
f 1519 1518 1585
f 1520 1585 1521
f 683 1520 1521
f 683 1555 1520
f 683 684 1555
f 1555 684 1522
f 523 1491 533
f 491 1523 511
f 1524 483 1523
f 438 447 1525
f 1220 1526 687
f 687 1526 1494
f 426 1527 1221
f 395 1499 394
f 1528 1501 377
f 377 1501 1499
f 716 1307 1500
f 717 1306 1308
f 1308 1306 1307
f 342 1529 718
f 581 1530 1536
f 1548 1536 1531
f 1532 1531 1534
f 1533 1534 585
f 1533 1532 1534
f 1533 1535 1532
f 1532 1535 1537
f 1548 1537 581
f 1536 1548 581
f 1539 1541 1538
f 1537 1538 581
f 1537 1539 1538
f 1537 1535 1539
f 1540 1506 604
f 604 1506 1541
f 639 468 637
f 647 639 637
f 663 1352 1551
f 1542 1543 674
f 1544 1490 1542
f 1516 532 1515
f 499 491 500
f 1558 1524 491
f 432 438 484
f 687 431 1545
f 1564 687 1545
f 1562 426 1219
f 705 1262 1546
f 703 1546 1592
f 702 1592 710
f 1607 710 1547
f 701 1607 1547
f 378 377 372
f 372 377 395
f 343 342 717
f 1532 1537 1548
f 1531 1532 1548
f 584 1531 1536
f 469 604 605
f 605 604 1539
f 474 1549 1570
f 1570 1549 1540
f 1550 475 474
f 1572 637 1550
f 662 1551 651
f 674 655 1552
f 677 674 1552
f 678 1542 677
f 1517 1544 1553
f 1518 1553 1579
f 1585 1579 1580
f 1521 1585 1580
f 1553 1518 1517
f 456 457 1516
f 1519 1516 1554
f 1518 1519 1554
f 456 1516 1519
f 1520 1519 1585
f 1520 456 1519
f 1520 1555 456
f 456 1555 502
f 1556 523 503
f 1557 1556 503
f 451 1558 499
f 432 1524 450
f 434 450 1587
f 1588 1587 1586
f 435 1586 452
f 2699 452 454
f 2699 435 452
f 434 432 450
f 450 1558 1587
f 1559 439 433
f 433 439 432
f 686 1545 1559
f 1562 1220 1563
f 399 1563 1561
f 1560 399 1561
f 399 1562 1563
f 1563 1564 1561
f 404 397 402
f 402 397 1562
f 1565 698 404
f 707 699 1565
f 1592 711 707
f 706 705 703
f 703 705 1546
f 715 372 1566
f 1566 372 1567
f 1568 378 715
f 363 728 727
f 344 343 362
f 1534 1531 633
f 470 605 606
f 606 605 1535
f 1596 1570 1569
f 1569 1570 469
f 1571 474 1596
f 638 1550 1571
f 649 1572 638
f 1598 650 649
f 1600 651 1598
f 1573 662 1600
f 668 664 1573
f 1576 669 668
f 655 671 1552
f 1552 671 1574
f 1603 1552 1574
f 1574 671 1576
f 1575 1576 1601
f 1577 1601 666
f 1577 1575 1601
f 1578 677 1603
f 1544 678 1553
f 1553 678 1582
f 1579 1582 1581
f 1580 1579 1581
f 1582 678 1578
f 1604 1578 1583
f 1584 1583 673
f 1584 1604 1583
f 1579 1553 1582
f 1585 1518 1579
f 453 451 492
f 1586 1587 451
f 1588 434 1587
f 437 433 1589
f 1589 433 434
f 685 1559 437
f 403 402 398
f 398 402 399
f 1591 404 403
f 1590 1565 1591
f 710 707 1590
f 704 703 702
f 702 703 1592
f 376 1566 1609
f 1609 1566 706
f 714 715 376
f 1593 1568 714
f 364 727 1593
f 345 344 363
f 585 1534 1594
f 1597 1569 1595
f 1595 1569 470
f 636 1596 1597
f 646 1571 636
f 648 638 646
f 1599 649 648
f 660 1598 1599
f 665 1600 660
f 667 1573 665
f 1601 668 667
f 1602 1574 1575
f 1575 1574 1576
f 1583 1603 1602
f 1581 1582 1604
f 1604 1582 1578
f 455 493 1522
f 452 1586 453
f 435 1588 1586
f 436 1589 1605
f 1605 1589 1588
f 696 437 436
f 1606 398 400
f 400 398 1560
f 700 403 1606
f 708 1591 700
f 1547 1590 708
f 373 702 1607
f 1607 702 710
f 1608 1609 375
f 375 1609 704
f 1611 376 1608
f 1610 714 1611
f 365 1593 1610
f 1612 345 364
f 347 348 345
f 1891 245 1636
f 1613 1636 1637
f 2022 1637 1614
f 1915 1614 2065
f 1914 2065 1639
f 1911 1639 2099
f 1912 2099 1615
f 2096 1615 1617
f 1616 1617 2119
f 2123 2119 2124
f 2097 2124 1618
f 1904 1618 2141
f 1906 2141 2151
f 1918 2151 2158
f 1619 2158 2173
f 2184 2173 2183
f 2191 2183 1644
f 1620 1644 1646
f 245 1621 1636
f 1636 1621 1622
f 2020 1622 1623
f 2035 1623 1196
f 1654 1196 1667
f 1624 1667 1625
f 2093 1625 1626
f 1694 1626 542
f 1695 542 534
f 524 1695 534
f 524 1982 1695
f 524 1627 1982
f 1982 1627 1628
f 1981 1628 1715
f 1629 1715 1630
f 2137 1630 1716
f 2156 1716 2155
f 2154 2155 1631
f 2164 1631 2176
f 1632 2176 2196
f 2198 2196 2195
f 2208 2195 2207
f 2009 2207 1720
f 2010 1720 1633
f 1978 1633 2217
f 1977 2217 1721
f 2238 1721 1634
f 2237 1634 1723
f 2255 1723 2266
f 1974 2266 1635
f 1636 1622 2020
f 1637 2020 1638
f 1614 1638 2051
f 2065 2051 2080
f 1639 2080 2094
f 2099 2094 2106
f 1615 2106 1640
f 1617 1640 2118
f 2119 2118 2122
f 2124 2122 1641
f 1618 1641 2142
f 2141 2142 1642
f 2151 1642 2171
f 2158 2171 1643
f 2173 1643 1650
f 2183 1650 1652
f 1644 1652 1645
f 1646 1645 1647
f 2020 1623 2035
f 1638 2035 2050
f 2051 2050 1648
f 2080 1648 1655
f 2094 1655 2105
f 2106 2105 1656
f 1640 1656 2117
f 2118 2117 1657
f 2122 1657 1658
f 1641 1658 2140
f 2142 2140 1649
f 1642 1649 2170
f 2171 2170 1659
f 1643 1659 1651
f 1650 1651 2190
f 1652 2190 1663
f 1645 1663 1665
f 1647 1665 1653
f 2035 1196 1654
f 2050 1654 2064
f 1648 2064 2079
f 1655 2079 1668
f 2105 1668 1669
f 1656 1669 1671
f 2117 1671 2121
f 1657 2121 2135
f 1658 2135 1674
f 2140 1674 1676
f 1649 1676 2168
f 2170 2168 1660
f 1659 1660 2182
f 1651 2182 1661
f 2190 1661 1662
f 1663 1662 1664
f 1665 1664 1666
f 1653 1666 1984
f 1654 1667 1624
f 2064 1624 1678
f 2079 1678 1679
f 1668 1679 1670
f 1669 1670 2120
f 1671 2120 1672
f 2121 1672 1673
f 2135 1673 2139
f 1674 2139 1675
f 1676 1675 2167
f 2168 2167 2169
f 1660 2169 2188
f 2182 2188 1677
f 1661 1677 2201
f 1662 2201 2012
f 1664 2012 2014
f 1666 2014 2013
f 1984 2013 1983
f 1624 1625 2093
f 1678 2093 2104
f 1679 2104 1680
f 1670 1680 1681
f 2120 1681 2134
f 1672 2134 1682
f 1673 1682 1683
f 2139 1683 1690
f 1675 1690 2157
f 2167 2157 2180
f 2169 2180 2181
f 2188 2181 2189
f 1677 2189 2200
f 2201 2200 2210
f 2012 2210 1684
f 2014 1684 1685
f 2013 1685 2219
f 1983 2219 2230
f 2093 1626 1694
f 2104 1694 2103
f 1680 2103 1686
f 1681 1686 1687
f 2134 1687 1688
f 1682 1688 1689
f 1683 1689 2150
f 1690 2150 1691
f 2157 1691 2166
f 2180 2166 2178
f 2181 2178 2187
f 2189 2187 1698
f 2200 1698 2209
f 2210 2209 2011
f 1684 2011 2218
f 1685 2218 1692
f 2219 1692 1693
f 2230 1693 2239
f 1694 542 1695
f 2103 1695 1696
f 1686 1696 1980
f 1687 1980 1979
f 1688 1979 2138
f 1689 2138 2149
f 2150 2149 2165
f 1691 2165 1697
f 2166 1697 2179
f 2178 2179 2197
f 2187 2197 2199
f 1698 2199 1699
f 2209 1699 1700
f 2011 1700 2216
f 2218 2216 2229
f 1692 2229 1701
f 1693 1701 1976
f 2239 1976 1975
f 1627 519 1628
f 1628 519 1702
f 1714 1702 504
f 1704 504 1703
f 477 1704 1703
f 477 1705 1704
f 477 448 1705
f 1705 448 1706
f 1973 1706 1748
f 2174 1748 1707
f 1708 1707 2186
f 2194 2186 1709
f 2203 1709 2202
f 1710 2202 2004
f 2005 2004 1711
f 2006 1711 2213
f 2215 2213 1712
f 2234 1712 2235
f 2246 2235 2244
f 2245 2244 2252
f 2253 2252 1713
f 2270 1713 2278
f 2282 2278 2281
f 2279 2281 2293
f 2287 2293 1966
f 1628 1702 1714
f 1715 1714 2136
f 1630 2136 1717
f 1716 1717 2153
f 2155 2153 1718
f 1631 1718 2177
f 2176 2177 1719
f 2196 1719 2205
f 2195 2205 2204
f 2207 2204 2007
f 1720 2007 2008
f 1633 2008 2227
f 2217 2227 1722
f 1721 1722 2247
f 1634 2247 2254
f 1723 2254 1724
f 2266 1724 1728
f 1635 1728 2271
f 1714 504 1704
f 2136 1704 1725
f 1717 1725 2152
f 2153 2152 1726
f 1718 1726 1972
f 2177 1972 1971
f 1719 1971 1970
f 2205 1970 2206
f 2204 2206 1969
f 2007 1969 2214
f 2008 2214 1968
f 2227 1968 2228
f 1722 2228 2236
f 2247 2236 1727
f 2254 1727 1967
f 1724 1967 2269
f 1728 2269 2280
f 2271 2280 1729
f 448 440 1706
f 1706 440 1747
f 1730 1747 1731
f 1991 1731 1732
f 408 1991 1732
f 408 1733 1991
f 408 406 1733
f 1733 406 1228
f 1734 1733 1228
f 1734 1736 1733
f 1734 1735 1736
f 1736 1735 723
f 1737 723 335
f 1772 335 334
f 332 1772 334
f 332 1953 1772
f 332 1131 1953
f 1953 1131 2222
f 2221 2222 1738
f 2231 1738 1739
f 1952 1739 2250
f 2249 2250 1740
f 2260 1740 1741
f 1951 1741 2274
f 1949 2274 1786
f 2273 1786 2285
f 2289 2285 2297
f 1742 2297 1789
f 1946 1789 1743
f 2315 1743 1744
f 1944 1744 2336
f 1745 2336 2337
f 2342 2337 1792
f 2343 1792 1793
f 1943 1793 1746
f 1706 1747 1730
f 1748 1730 2175
f 1707 2175 2192
f 2186 2192 2193
f 1709 2193 1753
f 2202 1753 1749
f 2004 1749 1750
f 1711 1750 2212
f 2213 2212 1755
f 1712 1755 1751
f 2235 1751 1752
f 2244 1752 2264
f 2252 2264 2265
f 1713 2265 2268
f 2278 2268 1758
f 2281 1758 2291
f 2293 2291 2294
f 1966 2294 1965
f 1730 1731 1991
f 2175 1991 1990
f 2192 1990 1988
f 2193 1988 1987
f 1753 1987 1992
f 1749 1992 1754
f 1750 1754 1994
f 2212 1994 2226
f 1755 2226 1996
f 1751 1996 1997
f 1752 1997 1756
f 2264 1756 1757
f 2265 1757 1999
f 2268 1999 1759
f 1758 1759 1760
f 2291 1760 2292
f 2294 2292 1761
f 1965 1761 2309
f 1736 723 1737
f 1963 1737 1985
f 1762 1985 1773
f 1962 1773 2223
f 1763 2223 1774
f 2225 1774 1775
f 2233 1775 1764
f 2243 1764 2251
f 2262 2251 1777
f 1765 1777 2275
f 2277 2275 1766
f 1767 1766 1768
f 2286 1768 1769
f 1958 1769 2295
f 2296 2295 1770
f 1957 1770 1781
f 2326 1781 1771
f 1956 1771 1955
f 1737 335 1772
f 1985 1772 1986
f 1773 1986 2220
f 2223 2220 2224
f 1774 2224 2241
f 1775 2241 1776
f 1764 1776 2259
f 2251 2259 1950
f 1777 1950 1778
f 2275 1778 1948
f 1766 1948 1947
f 1768 1947 1779
f 1769 1779 1780
f 2295 1780 1945
f 1770 1945 2316
f 1781 2316 1782
f 1771 1782 1783
f 1955 1783 1954
f 1131 325 2222
f 2222 325 1795
f 1738 1795 2232
f 1739 2232 2242
f 2250 2242 1784
f 1740 1784 2261
f 1741 2261 1785
f 2274 1785 1787
f 1786 1787 1799
f 2285 1799 1788
f 2297 1788 2308
f 1789 2308 2307
f 1743 2307 1790
f 1744 1790 1791
f 2336 1791 2341
f 2337 2341 1806
f 1792 1806 2359
f 1793 2359 1794
f 1746 1794 1808
f 325 322 1795
f 1795 322 1796
f 2232 1796 2248
f 2242 2248 1797
f 1784 1797 2258
f 2261 2258 1798
f 1785 1798 1811
f 1787 1811 1800
f 1799 1800 1801
f 1788 1801 1802
f 2308 1802 2314
f 2307 2314 1803
f 1790 1803 1804
f 1791 1804 1805
f 2341 1805 2354
f 1806 2354 1807
f 2359 1807 2358
f 1794 2358 1809
f 1808 1809 2032
f 1931 1808 2032
f 322 306 1796
f 1796 306 2240
f 2248 2240 1810
f 1797 1810 2257
f 2258 2257 2272
f 1798 2272 2284
f 1811 2284 2283
f 1800 2283 1812
f 1801 1812 2298
f 1802 2298 2313
f 2314 2313 1813
f 1803 1813 2325
f 1804 2325 2340
f 1805 2340 1814
f 2354 1814 1815
f 1807 1815 1823
f 2358 1823 1816
f 1809 1816 2032
f 1809 2358 1816
f 306 1817 2240
f 2240 1817 1825
f 1810 1825 1826
f 2257 1826 1818
f 2272 1818 1827
f 2284 1827 1819
f 2283 1819 1830
f 1812 1830 2299
f 2298 2299 1820
f 2313 1820 1833
f 1813 1833 2324
f 2325 2324 1821
f 2340 1821 2339
f 1814 2339 1835
f 1815 1835 1822
f 1823 1822 1824
f 1816 1824 2032
f 1816 1823 1824
f 1817 288 1825
f 1825 288 2256
f 1826 2256 2267
f 1818 2267 1828
f 1827 1828 1829
f 1819 1829 2300
f 1830 2300 1831
f 2299 1831 1832
f 1820 1832 2323
f 1833 2323 1841
f 2324 1841 2335
f 1821 2335 1834
f 2339 1834 1836
f 1835 1836 2357
f 1822 2357 1837
f 1824 1837 2032
f 1824 1822 1837
f 288 1838 2256
f 2256 1838 1846
f 2267 1846 1839
f 1828 1839 1840
f 1829 1840 2302
f 2300 2302 2301
f 1831 2301 2306
f 1832 2306 2322
f 2323 2322 1842
f 1841 1842 2334
f 2335 2334 1858
f 1834 1858 1857
f 1836 1857 1843
f 2357 1843 1844
f 1837 1844 1845
f 2032 1837 1845
f 1838 27 1846
f 1846 27 29
f 1847 29 285
f 1863 285 1849
f 1848 1849 1850
f 2016 1850 1851
f 2017 1851 1852
f 2304 1852 2317
f 2319 2317 2333
f 2320 2333 1876
f 1860 1876 1853
f 2348 1853 2356
f 2349 2356 1854
f 2353 1854 1896
f 1855 1896 1856
f 2351 1856 1843
f 1857 2351 1843
f 1857 2352 2351
f 1857 1858 2352
f 2352 1858 1867
f 2347 1867 1859
f 2348 1859 1860
f 1853 2348 1860
f 1846 29 1847
f 1839 1847 2288
f 1840 2288 2303
f 2302 2303 2305
f 2301 2305 1861
f 2306 1861 2312
f 2322 2312 1862
f 1842 1862 1866
f 2334 1866 1867
f 1858 2334 1867
f 1847 285 1863
f 2288 1863 2015
f 2303 2015 2018
f 2305 2018 1864
f 1861 1864 2318
f 2312 2318 1865
f 1862 1865 2321
f 1866 2321 1859
f 1867 1866 1859
f 1849 281 1850
f 1850 281 1874
f 1868 1874 1878
f 2310 1878 270
f 269 2310 270
f 269 2327 2310
f 269 263 2327
f 2327 263 1869
f 2328 1869 1870
f 2344 1870 1883
f 2331 1883 1886
f 2355 1886 1887
f 1871 1887 1909
f 1872 1871 1909
f 1872 2332 1871
f 1872 1873 2332
f 1872 1854 1873
f 1872 1896 1854
f 1850 1874 1868
f 1851 1868 2311
f 1852 2311 1875
f 2317 1875 1880
f 2333 1880 2338
f 1876 2338 2346
f 1853 2346 1877
f 2356 1877 1873
f 1854 2356 1873
f 1868 1878 2310
f 2311 2310 1879
f 1875 1879 2329
f 1880 2329 2330
f 2338 2330 2345
f 2346 2345 1881
f 1877 1881 2332
f 1873 1877 2332
f 263 1882 1869
f 1869 1882 1888
f 1870 1888 1884
f 1883 1884 1885
f 1886 1885 1893
f 1887 1893 1909
f 1887 1886 1893
f 1882 252 1888
f 1888 252 251
f 1889 251 1890
f 47 1889 1890
f 47 2360 1889
f 47 247 2360
f 2360 247 1895
f 2361 1895 1891
f 2021 2361 1891
f 2021 1892 2361
f 2021 1893 1892
f 2021 1909 1893
f 1888 251 1889
f 1884 1889 1894
f 1885 1894 1892
f 1893 1885 1892
f 247 245 1895
f 1895 245 1891
f 1896 1845 1856
f 1856 1845 1844
f 1843 1856 1844
f 1845 1897 2032
f 1845 1938 1897
f 1845 1898 1938
f 1845 1935 1898
f 1845 1896 1935
f 1935 1896 2028
f 1936 2028 1899
f 2059 1899 2061
f 2060 2061 2071
f 1900 2071 1901
f 1926 1901 2085
f 1925 2085 1902
f 2108 1902 2083
f 1903 2083 2098
f 1905 2098 2097
f 1904 2097 1618
f 1904 1905 2097
f 1904 2125 1905
f 1904 1906 2125
f 1904 2141 1906
f 1872 2030 1896
f 1872 1907 2030
f 1872 1908 1907
f 1872 2031 1908
f 1872 1909 2031
f 2031 1909 2023
f 2026 2023 2036
f 2052 2036 1913
f 1910 1913 1914
f 1911 1914 1639
f 1911 1910 1914
f 1911 2066 1910
f 1911 1912 2066
f 1911 2099 1912
f 2023 1909 2024
f 2036 2024 2037
f 1913 2037 1915
f 1914 1915 2065
f 1914 1913 1915
f 1891 1613 2021
f 1891 1636 1613
f 1653 1931 1647
f 1984 1931 1653
f 1647 1931 1646
f 1646 1931 1620
f 1620 1931 1916
f 2191 1916 1917
f 2184 1917 2172
f 1619 2172 2159
f 1918 2159 2144
f 1906 2144 2125
f 1906 1918 2144
f 1906 2151 1918
f 2185 1931 2162
f 2161 2162 2163
f 2160 2163 1919
f 2145 1919 2143
f 1920 2143 1921
f 2126 1921 2127
f 1903 2127 2108
f 2083 1903 2108
f 2146 1931 1923
f 1922 1923 2148
f 2129 2148 2132
f 2128 2132 2112
f 2109 2112 1924
f 2110 1924 2087
f 1925 2087 1926
f 2085 1925 1926
f 2147 1931 1927
f 2133 1927 2130
f 2131 2130 2115
f 2111 2115 2114
f 2088 2114 2089
f 2086 2089 2062
f 1900 2062 2060
f 2071 1900 2060
f 2116 1931 1928
f 2113 1928 1929
f 2092 1929 2075
f 2091 2075 2073
f 2090 2073 2063
f 1930 2063 2041
f 2059 2041 1936
f 1899 2059 1936
f 2102 1931 1932
f 2101 1932 1933
f 2076 1933 2046
f 2074 2046 2044
f 2043 2044 1934
f 2042 1934 1898
f 1935 2042 1898
f 1935 1936 2042
f 1935 2028 1936
f 2077 1931 2049
f 2078 2049 1937
f 2045 1937 1941
f 1939 1941 1897
f 1938 1939 1897
f 1938 1934 1939
f 1938 1898 1934
f 2048 1931 1940
f 2047 1940 2033
f 1942 2033 2032
f 1897 1942 2032
f 1897 1941 1942
f 1942 1941 2047
f 2033 1942 2047
f 1808 1931 1746
f 1746 1931 1943
f 1943 1931 1954
f 2343 1954 1783
f 2342 1783 1782
f 1745 1782 2316
f 1944 2316 1945
f 2315 1945 1780
f 1946 1780 1779
f 1742 1779 1947
f 2289 1947 1948
f 2273 1948 1778
f 1949 1778 1950
f 1951 1950 2259
f 2260 2259 1776
f 2249 1776 2241
f 1952 2241 2224
f 2231 2224 2220
f 2221 2220 1986
f 1953 1986 1772
f 1953 2221 1986
f 1953 2222 2221
f 1954 1931 1955
f 1955 1931 1956
f 1956 1931 2019
f 2326 2019 2003
f 1957 2003 2002
f 2296 2002 2001
f 1958 2001 2290
f 2286 2290 2000
f 1767 2000 2276
f 2277 2276 2263
f 1765 2263 1959
f 2262 1959 1998
f 2243 1998 1995
f 2233 1995 1960
f 2225 1960 1993
f 1763 1993 1961
f 1962 1961 2211
f 1762 2211 1989
f 1963 1989 1964
f 1736 1964 1733
f 1736 1963 1964
f 1736 1737 1963
f 2309 1931 1965
f 1965 1931 1966
f 1966 1931 2287
f 2287 1931 1729
f 2279 1729 2280
f 2282 2280 2269
f 2270 2269 1967
f 2253 1967 1727
f 2245 1727 2236
f 2246 2236 2228
f 2234 2228 1968
f 2215 1968 2214
f 2006 2214 1969
f 2005 1969 2206
f 1710 2206 1970
f 2203 1970 1971
f 2194 1971 1972
f 1708 1972 1726
f 2174 1726 2152
f 1973 2152 1725
f 1705 1725 1704
f 1705 1973 1725
f 1705 1706 1973
f 1729 1931 2271
f 2271 1931 1635
f 1635 1931 1974
f 1974 1931 1975
f 2255 1975 1976
f 2237 1976 1701
f 2238 1701 2229
f 1977 2229 2216
f 1978 2216 1700
f 2010 1700 1699
f 2009 1699 2199
f 2208 2199 2197
f 2198 2197 2179
f 1632 2179 1697
f 2164 1697 2165
f 2154 2165 2149
f 2156 2149 2138
f 2137 2138 1979
f 1629 1979 1980
f 1981 1980 1696
f 1982 1696 1695
f 1982 1981 1696
f 1982 1628 1981
f 1975 1931 2239
f 2239 1931 2230
f 2230 1931 1983
f 1983 1931 1984
f 1772 1985 1737
f 1989 1963 1762
f 1762 1963 1985
f 1773 1985 1986
f 1989 2211 1987
f 1988 1989 1987
f 1988 1964 1989
f 1988 1990 1964
f 1964 1990 1733
f 1733 1990 1991
f 1773 1962 1762
f 1762 1962 2211
f 1992 1749 1753
f 1754 1992 1961
f 1993 1754 1961
f 1993 1994 1754
f 1993 1960 1994
f 1994 1960 2226
f 2226 1960 1995
f 1996 1995 1998
f 1997 1998 1959
f 1756 1959 2263
f 1757 2263 2276
f 1999 2276 2000
f 1759 2000 2290
f 1760 2290 2001
f 2292 2001 2002
f 1761 2002 2003
f 2309 2003 2019
f 1749 2004 2202
f 1750 1749 1754
f 2206 1710 2005
f 2005 1710 2004
f 1711 2004 1750
f 2006 1969 2005
f 1711 2006 2005
f 1969 2007 2204
f 2007 1720 2207
f 2008 2007 2214
f 1699 2009 2010
f 2010 2009 1720
f 1633 1720 2008
f 1978 1700 2010
f 1633 1978 2010
f 1700 2011 2209
f 2011 1684 2210
f 2218 2011 2216
f 1684 2014 2012
f 1685 1684 2218
f 2014 1666 1664
f 2013 2014 1685
f 1666 1653 1665
f 1984 1666 2013
f 2015 1863 1848
f 2016 1848 1850
f 2016 2015 1848
f 2016 2018 2015
f 2016 2017 2018
f 2016 1851 2017
f 2019 1931 2309
f 1613 2025 2021
f 1613 2022 2025
f 1613 1637 2022
f 2020 1637 1636
f 1909 2021 2024
f 2024 2021 2025
f 2037 2025 2022
f 1915 2022 1614
f 1915 2037 2022
f 2036 2023 2024
f 2024 2025 2037
f 2023 2026 2031
f 2031 2026 2038
f 1908 2038 2027
f 1907 2027 2039
f 2030 2039 2040
f 2029 2040 1899
f 2028 2029 1899
f 2028 1896 2029
f 2029 1896 2030
f 2040 2029 2030
f 2027 1907 1908
f 1908 2031 2038
f 2039 2030 1907
f 1931 2032 2034
f 2034 2032 2033
f 1940 2034 2033
f 1940 1931 2034
f 2035 1638 2020
f 1638 1614 1637
f 1913 2036 2037
f 2036 2052 2026
f 2026 2052 2053
f 2038 2053 2057
f 2027 2057 2058
f 2039 2058 2055
f 2040 2055 2061
f 1899 2040 2061
f 2057 2027 2038
f 2038 2026 2053
f 2058 2039 2027
f 2055 2040 2039
f 2043 1934 2042
f 2041 2042 1936
f 2041 2043 2042
f 2041 2063 2043
f 2043 2063 2074
f 2044 2043 2074
f 2045 1941 1939
f 2044 1939 1934
f 2044 2045 1939
f 2044 2046 2045
f 2045 2046 2078
f 1937 2045 2078
f 2048 1940 2047
f 1937 2047 1941
f 1937 2048 2047
f 1937 2049 2048
f 2048 2049 1931
f 1654 2050 2035
f 2050 2051 1638
f 2051 2065 1614
f 1913 1910 2052
f 2052 1910 2067
f 2053 2067 2056
f 2057 2056 2072
f 2058 2072 2054
f 2055 2054 2071
f 2061 2055 2071
f 2056 2057 2053
f 2053 2052 2067
f 2072 2058 2057
f 2054 2055 2058
f 1930 2041 2059
f 2060 2059 2061
f 2060 1930 2059
f 2060 2062 1930
f 1930 2062 2090
f 2063 1930 2090
f 1624 2064 1654
f 2064 1648 2050
f 1648 2080 2051
f 2080 1639 2065
f 1910 2066 2067
f 2067 2066 2068
f 2056 2068 2069
f 2072 2069 2070
f 2054 2070 1901
f 2071 2054 1901
f 2069 2072 2056
f 2056 2067 2068
f 2070 2054 2072
f 2076 2046 2074
f 2073 2074 2063
f 2073 2076 2074
f 2073 2075 2076
f 2076 2075 2101
f 1933 2076 2101
f 2077 2049 2078
f 1933 2078 2046
f 1933 2077 2078
f 1933 1932 2077
f 2077 1932 1931
f 2093 1678 1624
f 1678 2079 2064
f 2079 1655 1648
f 1655 2094 2080
f 2094 2099 1639
f 2068 2066 2095
f 2081 2095 2107
f 2100 2107 2082
f 2083 2082 2098
f 2083 2100 2082
f 2083 1902 2100
f 2100 1902 2084
f 2081 2084 2069
f 2068 2081 2069
f 2068 2095 2081
f 2085 1901 2070
f 2084 2070 2069
f 2084 2085 2070
f 2084 1902 2085
f 2086 2062 1900
f 1926 1900 1901
f 1926 2086 1900
f 1926 2087 2086
f 2086 2087 2088
f 2089 2086 2088
f 2091 2073 2090
f 2089 2090 2062
f 2089 2091 2090
f 2089 2114 2091
f 2091 2114 2092
f 2075 2091 2092
f 1694 2104 2093
f 2104 1679 1678
f 1679 1668 2079
f 1668 2105 1655
f 2105 2106 2094
f 2066 1912 2095
f 2095 1912 2096
f 2107 2096 1616
f 2082 1616 2123
f 2098 2123 2097
f 2098 2082 2123
f 2106 1615 2099
f 1615 2096 1912
f 2100 2084 2081
f 2107 2100 2081
f 2096 2107 2095
f 2102 1932 2101
f 1929 2101 2075
f 1929 2102 2101
f 1929 1928 2102
f 2102 1928 1931
f 1695 2103 1694
f 2103 1680 2104
f 1680 1670 1679
f 1670 1669 1668
f 1669 1656 2105
f 1656 1640 2106
f 1640 1617 1615
f 1617 1616 2096
f 1616 2082 2107
f 2110 2087 1925
f 2108 1925 1902
f 2108 2110 1925
f 2108 2127 2110
f 2110 2127 2109
f 1924 2110 2109
f 2111 2114 2088
f 1924 2088 2087
f 1924 2111 2088
f 1924 2112 2111
f 2111 2112 2131
f 2115 2111 2131
f 2113 1929 2092
f 2115 2092 2114
f 2115 2113 2092
f 2115 2130 2113
f 2113 2130 2116
f 1928 2113 2116
f 1686 2103 1696
f 1681 1680 1686
f 2120 1670 1681
f 1671 1669 2120
f 2117 1656 1671
f 2118 1640 2117
f 2119 1617 2118
f 2123 1616 2119
f 1687 1686 1980
f 2134 1681 1687
f 1672 2120 2134
f 2121 1671 1672
f 1657 2117 2121
f 2122 2118 1657
f 2124 2119 2122
f 2097 2123 2124
f 2126 2127 1903
f 1905 1903 2098
f 1905 2126 1903
f 1905 2125 2126
f 2126 2125 1920
f 1921 2126 1920
f 2128 2112 2109
f 1921 2109 2127
f 1921 2128 2109
f 1921 2143 2128
f 2128 2143 2129
f 2132 2128 2129
f 2133 2130 2131
f 2132 2131 2112
f 2132 2133 2131
f 2132 2148 2133
f 2133 2148 2147
f 1927 2133 2147
f 1931 2116 1927
f 1927 2116 2130
f 1629 1980 1981
f 1715 1629 1981
f 1714 1715 1628
f 1688 1687 1979
f 1682 2134 1688
f 1673 1672 1682
f 2135 2121 1673
f 1658 1657 2135
f 1641 2122 1658
f 1618 2124 1641
f 1704 2136 1714
f 2137 1979 1629
f 1630 2137 1629
f 2136 1630 1715
f 1689 1688 2138
f 1683 1682 1689
f 2139 1673 1683
f 1674 2135 2139
f 2140 1658 1674
f 2142 1641 2140
f 2141 1618 2142
f 2145 2143 1920
f 2144 1920 2125
f 2144 2145 1920
f 2144 2159 2145
f 2145 2159 2160
f 1919 2145 2160
f 1922 2148 2129
f 1919 2129 2143
f 1919 1922 2129
f 1919 2163 1922
f 1922 2163 2146
f 1923 1922 2146
f 1931 2147 1923
f 1923 2147 2148
f 1717 2136 1725
f 1716 1630 1717
f 2156 2138 2137
f 1716 2156 2137
f 2150 1689 2149
f 1690 1683 2150
f 1675 2139 1690
f 1676 1674 1675
f 1649 2140 1676
f 1642 2142 1649
f 2151 2141 1642
f 2153 1717 2152
f 2155 1716 2153
f 2154 2149 2156
f 2155 2154 2156
f 1691 2150 2165
f 2157 1690 1691
f 2167 1675 2157
f 2168 1676 2167
f 2170 1649 2168
f 2171 1642 2170
f 2158 2151 2171
f 1619 2159 1918
f 2158 1619 1918
f 2161 2163 2160
f 2172 2160 2159
f 2172 2161 2160
f 2172 1917 2161
f 2161 1917 2185
f 2162 2161 2185
f 1931 2146 2162
f 2162 2146 2163
f 2174 2152 1973
f 1748 2174 1973
f 1730 1748 1706
f 1718 2153 1726
f 1631 2155 1718
f 2164 2165 2154
f 1631 2164 2154
f 2166 1691 1697
f 2180 2157 2166
f 2169 2167 2180
f 1660 2168 2169
f 1659 2170 1660
f 1643 2171 1659
f 2173 2158 1643
f 2184 2172 1619
f 2173 2184 1619
f 1991 2175 1730
f 1708 1726 2174
f 1707 1708 2174
f 2175 1707 1748
f 2177 1718 1972
f 2176 1631 2177
f 1632 1697 2164
f 2176 1632 2164
f 2178 2166 2179
f 2181 2180 2178
f 2188 2169 2181
f 2182 1660 2188
f 1651 1659 2182
f 1650 1643 1651
f 2183 2173 1650
f 2191 1917 2184
f 2183 2191 2184
f 1931 2185 1916
f 1916 2185 1917
f 2192 2175 1990
f 2186 1707 2192
f 2194 1972 1708
f 2186 2194 1708
f 1719 2177 1971
f 2196 2176 1719
f 2198 2179 1632
f 2196 2198 1632
f 2187 2178 2197
f 2189 2181 2187
f 1677 2188 2189
f 1661 2182 1677
f 2190 1651 1661
f 1652 1650 2190
f 1644 2183 1652
f 1620 1916 2191
f 1644 1620 2191
f 2193 2192 1988
f 1709 2186 2193
f 2203 1971 2194
f 1709 2203 2194
f 2205 1719 1970
f 2195 2196 2205
f 2208 2197 2198
f 2195 2208 2198
f 1698 2187 2199
f 2200 2189 1698
f 2201 1677 2200
f 1662 1661 2201
f 1663 2190 1662
f 1645 1652 1663
f 1646 1644 1645
f 1753 2193 1987
f 2202 1709 1753
f 1710 1970 2203
f 2202 1710 2203
f 2204 2205 2206
f 2207 2195 2204
f 2009 2199 2208
f 2207 2009 2208
f 2209 1698 1699
f 2210 2200 2209
f 2012 2201 2210
f 1664 1662 2012
f 1665 1663 1664
f 1647 1645 1665
f 1992 1987 2211
f 1961 1992 2211
f 2223 1773 2220
f 1763 1961 1962
f 2223 1763 1962
f 2212 1750 1994
f 2213 1711 2212
f 2215 2214 2006
f 2213 2215 2006
f 2227 2008 1968
f 2217 1633 2227
f 1977 2216 1978
f 2217 1977 1978
f 1692 2218 2229
f 2219 1685 1692
f 1983 2013 2219
f 2231 2220 2221
f 1738 2231 2221
f 1795 1738 2222
f 1774 2223 2224
f 2225 1993 1763
f 1774 2225 1763
f 1755 2212 2226
f 1712 2213 1755
f 2234 1968 2215
f 1712 2234 2215
f 1722 2227 2228
f 1721 2217 1722
f 2238 2229 1977
f 1721 2238 1977
f 1693 1692 1701
f 2230 2219 1693
f 1796 2232 1795
f 1952 2224 2231
f 1739 1952 2231
f 2232 1739 1738
f 1775 1774 2241
f 2233 1960 2225
f 1775 2233 2225
f 1996 2226 1995
f 1751 1755 1996
f 2235 1712 1751
f 2246 2228 2234
f 2235 2246 2234
f 2247 1722 2236
f 1634 1721 2247
f 2237 1701 2238
f 1634 2237 2238
f 2239 1693 1976
f 2240 2248 1796
f 2248 2242 2232
f 2249 2241 1952
f 2250 2249 1952
f 2242 2250 1739
f 1764 1775 1776
f 2243 1995 2233
f 1764 2243 2233
f 1997 1996 1998
f 1752 1751 1997
f 2244 2235 1752
f 2245 2236 2246
f 2244 2245 2246
f 2254 2247 1727
f 1723 1634 2254
f 2255 1976 2237
f 1723 2255 2237
f 1825 1810 2240
f 1810 1797 2248
f 1797 1784 2242
f 2260 1776 2249
f 1740 2260 2249
f 1784 1740 2250
f 2251 1764 2259
f 2262 1998 2243
f 2251 2262 2243
f 1756 1997 1959
f 2264 1752 1756
f 2252 2244 2264
f 2253 1727 2245
f 2252 2253 2245
f 1724 2254 1967
f 2266 1723 1724
f 1974 1975 2255
f 2266 1974 2255
f 2256 1826 1825
f 1826 2257 1810
f 2257 2258 1797
f 2258 2261 1784
f 1951 2259 2260
f 1741 1951 2260
f 2261 1741 1740
f 1777 2251 1950
f 1765 1959 2262
f 1777 1765 2262
f 1757 1756 2263
f 2265 2264 1757
f 1713 2252 2265
f 2270 1967 2253
f 1713 2270 2253
f 1728 1724 2269
f 1635 2266 1728
f 1846 2267 2256
f 2267 1818 1826
f 1818 2272 2257
f 2272 1798 2258
f 1798 1785 2261
f 1949 1950 1951
f 2274 1949 1951
f 1785 2274 1741
f 2275 1777 1778
f 2277 2263 1765
f 2275 2277 1765
f 1999 1757 2276
f 2268 2265 1999
f 2278 1713 2268
f 2282 2269 2270
f 2278 2282 2270
f 2271 1728 2280
f 1847 1839 1846
f 1839 1828 2267
f 1828 1827 1818
f 1827 2284 2272
f 2284 1811 1798
f 1811 1787 1785
f 2273 1778 1949
f 1786 2273 1949
f 1787 1786 2274
f 1766 2275 1948
f 1767 2276 2277
f 1766 1767 2277
f 1759 1999 2000
f 1758 2268 1759
f 2281 2278 1758
f 2279 2280 2282
f 2281 2279 2282
f 1863 2288 1847
f 2288 1840 1839
f 1840 1829 1828
f 1829 1819 1827
f 1819 2283 2284
f 2283 1800 1811
f 1800 1799 1787
f 2289 1948 2273
f 2285 2289 2273
f 1799 2285 1786
f 1768 1766 1947
f 2286 2000 1767
f 1768 2286 1767
f 1760 1759 2290
f 2291 1758 1760
f 2293 2281 2291
f 2287 1729 2279
f 2293 2287 2279
f 2303 2288 2015
f 2302 1840 2303
f 2300 1829 2302
f 1830 1819 2300
f 1812 2283 1830
f 1801 1800 1812
f 1788 1799 1801
f 2297 2285 1788
f 1742 1947 2289
f 2297 1742 2289
f 1769 1768 1779
f 1958 2290 2286
f 1769 1958 2286
f 2292 1760 2001
f 2294 2291 2292
f 1966 2293 2294
f 1761 1965 2294
f 2002 1761 2292
f 2295 2296 1958
f 1958 2296 2001
f 1780 2295 1769
f 1789 1946 1742
f 1742 1946 1779
f 2308 1789 2297
f 1802 2308 1788
f 2298 1802 1801
f 2299 2298 1812
f 1831 2299 1830
f 2301 1831 2300
f 2305 2301 2302
f 2018 2305 2303
f 1849 1848 1863
f 1868 1851 1850
f 1864 2018 2017
f 2304 2017 1852
f 2304 1864 2017
f 2304 2318 1864
f 2304 2319 2318
f 2304 2317 2319
f 1861 2305 1864
f 2306 2301 1861
f 1832 1831 2306
f 1820 2299 1832
f 2313 2298 1820
f 2314 1802 2313
f 2307 2308 2314
f 1743 1789 2307
f 2315 1780 1946
f 1743 2315 1946
f 1770 2295 1945
f 1957 2002 2296
f 1770 1957 2296
f 2309 1761 2003
f 2310 2311 1868
f 2311 1852 1851
f 2312 1861 2318
f 2322 2306 2312
f 2323 1832 2322
f 1833 1820 2323
f 1813 2313 1833
f 1803 2314 1813
f 1790 2307 1803
f 1744 1743 1790
f 1944 1945 2315
f 1744 1944 2315
f 1781 1770 2316
f 2326 2003 1957
f 1781 2326 1957
f 1879 1875 2311
f 1875 2317 1852
f 1865 2318 2319
f 2320 2319 2333
f 2320 1865 2319
f 2320 2321 1865
f 2320 1860 2321
f 2320 1876 1860
f 1862 2312 1865
f 1842 2322 1862
f 1841 2323 1842
f 2324 1833 1841
f 2325 1813 2324
f 1804 1803 2325
f 1791 1790 1804
f 2336 1744 1791
f 1745 2316 1944
f 2336 1745 1944
f 1771 1781 1782
f 1956 2019 2326
f 1771 1956 2326
f 2310 2327 1879
f 1879 2327 2328
f 2329 2328 2344
f 2330 2344 2331
f 2345 2331 2355
f 1881 2355 1871
f 2332 1881 1871
f 1869 2328 2327
f 2328 2329 1879
f 2329 1880 1875
f 1880 2333 2317
f 1866 1862 2321
f 2334 1842 1866
f 2335 1841 2334
f 1821 2324 2335
f 2340 2325 1821
f 1805 1804 2340
f 2341 1791 1805
f 2337 2336 2341
f 2342 1782 1745
f 2337 2342 1745
f 1955 1771 1783
f 1888 1870 1869
f 1870 2344 2328
f 2344 2330 2329
f 2330 2338 1880
f 2338 1876 2333
f 1859 2321 1860
f 1834 2335 1858
f 2339 1821 1834
f 1814 2340 2339
f 2354 1805 1814
f 1806 2341 2354
f 1792 2337 1806
f 2343 1783 2342
f 1792 2343 2342
f 1889 1884 1888
f 1884 1883 1870
f 1883 2331 2344
f 2331 2345 2330
f 2345 2346 2338
f 2346 1853 1876
f 2347 1859 2348
f 2349 2348 2356
f 2349 2347 2348
f 2349 2350 2347
f 2349 2353 2350
f 2349 1854 2353
f 2352 1867 2347
f 2350 2352 2347
f 2350 2351 2352
f 2350 1855 2351
f 2350 2353 1855
f 1855 2353 1896
f 1836 1834 1857
f 1835 2339 1836
f 1815 1814 1835
f 1807 2354 1815
f 2359 1806 1807
f 1793 1792 2359
f 1943 1954 2343
f 1793 1943 2343
f 1894 1885 1884
f 1885 1886 1883
f 1886 2355 2331
f 2355 1881 2345
f 1881 1877 2346
f 1877 2356 1853
f 2357 1836 1843
f 1822 1835 2357
f 1823 1815 1822
f 2358 1807 1823
f 1794 2359 2358
f 1746 1793 1794
f 1889 2360 1894
f 1894 2360 2361
f 1892 1894 2361
f 1895 2361 2360
f 1871 2355 1887
f 1856 2351 1855
f 1837 2357 1844
f 1808 1794 1809
f 2364 2572 3115
f 2364 2526 2572
f 2364 2363 2526
f 2364 2362 2363
f 2364 2509 2362
f 2364 2365 2509
f 2364 2366 2365
f 2364 2367 2366
f 2364 2463 2367
f 2367 2463 2563
f 2368 2563 2589
f 2590 2589 2369
f 2609 2369 2585
f 2608 2585 2586
f 2624 2586 2370
f 2374 2370 2498
f 2667 2498 2496
f 2681 2496 2665
f 2372 2665 2371
f 193 2371 194
f 193 2372 2371
f 193 192 2372
f 2372 192 2680
f 2681 2680 2373
f 2667 2373 2655
f 2374 2655 2375
f 2624 2375 2623
f 2608 2623 2610
f 2609 2610 2376
f 2590 2376 2592
f 2368 2592 2591
f 2367 2591 2366
f 2367 2368 2591
f 2367 2563 2368
f 2380 2456 2463
f 2380 2377 2456
f 2380 2378 2377
f 2380 2379 2378
f 2380 2434 2379
f 2380 2426 2434
f 2380 2417 2426
f 2380 2381 2417
f 2380 2390 2381
f 2380 3114 2390
f 2390 3114 2392
f 2391 2392 2382
f 2574 2382 2573
f 2576 2573 2557
f 2618 2557 2394
f 2626 2394 2401
f 2642 2401 2383
f 2660 2383 2384
f 2385 2384 2386
f 2671 2386 2670
f 659 2670 661
f 659 2671 2670
f 659 653 2671
f 2671 653 2387
f 2385 2387 2388
f 2660 2388 2414
f 2642 2414 2644
f 2626 2644 2628
f 2618 2628 2600
f 2576 2600 2575
f 2574 2575 2389
f 2391 2389 2418
f 2390 2418 2381
f 2390 2391 2418
f 2390 2392 2391
f 2690 2559 3114
f 2690 2395 2559
f 2690 2396 2395
f 2690 2393 2396
f 2396 2393 2599
f 2397 2599 2398
f 2394 2398 2401
f 2394 2397 2398
f 2394 2557 2397
f 2397 2557 2556
f 2396 2556 2395
f 2396 2397 2556
f 2396 2599 2397
f 2393 2696 2599
f 2599 2696 2399
f 2398 2399 2400
f 2401 2400 2383
f 2401 2398 2400
f 2696 2402 2399
f 2399 2402 2617
f 2400 2617 2403
f 2383 2403 2384
f 2383 2400 2403
f 2402 2404 2617
f 2617 2404 2697
f 2410 2697 2405
f 2406 2405 2411
f 2412 2411 2694
f 2408 2694 2407
f 1577 2407 672
f 1577 2408 2407
f 1577 666 2408
f 2408 666 2413
f 2412 2413 2659
f 2406 2659 2409
f 2410 2409 2403
f 2617 2410 2403
f 2617 2697 2410
f 2410 2405 2406
f 2409 2410 2406
f 2406 2411 2412
f 2659 2406 2412
f 2412 2694 2408
f 2413 2412 2408
f 666 661 2413
f 2413 661 2670
f 2659 2670 2386
f 2409 2386 2384
f 2403 2409 2384
f 653 2419 2387
f 2387 2419 2673
f 2388 2673 2672
f 2414 2672 2643
f 2644 2643 2627
f 2628 2627 2415
f 2600 2415 2619
f 2575 2619 2602
f 2389 2602 2577
f 2418 2577 2416
f 2381 2416 2417
f 2381 2418 2416
f 2419 2420 2673
f 2673 2420 2674
f 2672 2674 2661
f 2643 2661 2645
f 2627 2645 2647
f 2415 2647 2421
f 2619 2421 2601
f 2602 2601 2424
f 2577 2424 2579
f 2416 2579 2425
f 2417 2425 2426
f 2417 2416 2425
f 2420 635 2674
f 2674 635 2428
f 2661 2428 2675
f 2645 2675 2646
f 2647 2646 2422
f 2421 2422 2423
f 2601 2423 2431
f 2424 2431 2578
f 2579 2578 2432
f 2425 2432 2427
f 2426 2427 2434
f 2426 2425 2427
f 635 473 2428
f 2428 473 2435
f 2675 2435 2429
f 2646 2429 2436
f 2422 2436 2648
f 2423 2648 2430
f 2431 2430 2620
f 2578 2620 2437
f 2432 2437 2433
f 2427 2433 2438
f 2434 2438 2379
f 2434 2427 2438
f 473 472 2435
f 2435 472 2439
f 2429 2439 2441
f 2436 2441 2649
f 2648 2649 2442
f 2430 2442 2629
f 2620 2629 2603
f 2437 2603 2580
f 2433 2580 2581
f 2438 2581 2444
f 2379 2444 2378
f 2379 2438 2444
f 472 589 2439
f 2439 589 2440
f 2441 2440 2445
f 2649 2445 2446
f 2442 2446 2448
f 2629 2448 2443
f 2603 2443 2621
f 2580 2621 2604
f 2581 2604 2452
f 2444 2452 2455
f 2378 2455 2377
f 2378 2444 2455
f 589 587 2440
f 2440 587 2457
f 2445 2457 2447
f 2446 2447 2459
f 2448 2459 2449
f 2443 2449 2450
f 2621 2450 2451
f 2604 2451 2453
f 2452 2453 2454
f 2455 2454 2561
f 2377 2561 2456
f 2377 2455 2561
f 587 586 2457
f 2457 586 2458
f 2447 2458 2465
f 2459 2465 2460
f 2449 2460 2650
f 2450 2650 2622
f 2451 2622 2467
f 2453 2467 2469
f 2454 2469 2582
f 2561 2582 2560
f 2456 2560 2471
f 2463 2471 2476
f 2568 2476 2483
f 2567 2483 2484
f 2583 2484 2488
f 2588 2488 2607
f 2461 2607 2494
f 2370 2494 2498
f 2370 2461 2494
f 2370 2586 2461
f 2461 2586 2606
f 2588 2606 2584
f 2583 2584 2462
f 2567 2462 2562
f 2568 2562 2463
f 2476 2568 2463
f 586 634 2458
f 2458 634 2464
f 2465 2464 2466
f 2460 2466 2662
f 2650 2662 2651
f 2622 2651 2472
f 2467 2472 2468
f 2469 2468 2473
f 2582 2473 2470
f 2560 2470 2475
f 2471 2475 2476
f 2471 2560 2475
f 634 631 2464
f 2464 631 2677
f 2466 2677 2663
f 2662 2663 2477
f 2651 2477 2630
f 2472 2630 2478
f 2468 2478 2480
f 2473 2480 2605
f 2470 2605 2474
f 2475 2474 2483
f 2476 2475 2483
f 631 628 2677
f 2677 628 2676
f 2663 2676 2664
f 2477 2664 2652
f 2630 2652 2479
f 2478 2479 2631
f 2480 2631 2481
f 2605 2481 2482
f 2474 2482 2484
f 2483 2474 2484
f 628 629 2676
f 2676 629 2678
f 2664 2678 2485
f 2652 2485 2653
f 2479 2653 2486
f 2631 2486 2487
f 2481 2487 2492
f 2482 2492 2488
f 2484 2482 2488
f 629 198 2678
f 2678 198 2489
f 2485 2489 2490
f 2653 2490 2654
f 2486 2654 2491
f 2487 2491 2493
f 2492 2493 2607
f 2488 2492 2607
f 198 196 2489
f 2489 196 2679
f 2490 2679 2666
f 2654 2666 2495
f 2491 2495 2497
f 2493 2497 2494
f 2607 2493 2494
f 196 194 2679
f 2679 194 2371
f 2666 2371 2665
f 2495 2665 2496
f 2497 2496 2498
f 2494 2497 2498
f 192 40 2680
f 2680 40 2499
f 2373 2499 2682
f 2655 2682 2502
f 2375 2502 2504
f 2623 2504 2632
f 2610 2632 2612
f 2376 2612 2611
f 2592 2611 2500
f 2591 2500 2510
f 2366 2510 2365
f 2366 2591 2510
f 40 188 2499
f 2499 188 2683
f 2682 2683 2501
f 2502 2501 2503
f 2504 2503 2505
f 2632 2505 2506
f 2612 2506 2625
f 2611 2625 2507
f 2500 2507 2508
f 2510 2508 2513
f 2365 2513 2509
f 2365 2510 2513
f 188 187 2683
f 2683 187 2511
f 2501 2511 2685
f 2503 2685 2512
f 2505 2512 2634
f 2506 2634 2633
f 2625 2633 2613
f 2507 2613 2516
f 2508 2516 2593
f 2513 2593 2518
f 2509 2518 2362
f 2509 2513 2518
f 187 185 2511
f 2511 185 2684
f 2685 2684 2514
f 2512 2514 2668
f 2634 2668 2520
f 2633 2520 2515
f 2613 2515 2614
f 2516 2614 2522
f 2593 2522 2517
f 2518 2517 2524
f 2362 2524 2363
f 2362 2518 2524
f 185 184 2684
f 2684 184 2527
f 2514 2527 2519
f 2668 2519 2656
f 2520 2656 2635
f 2515 2635 2521
f 2614 2521 2523
f 2522 2523 2594
f 2517 2594 2525
f 2524 2525 2596
f 2363 2596 2526
f 2363 2524 2596
f 184 183 2527
f 2527 183 2687
f 2519 2687 2686
f 2656 2686 2529
f 2635 2529 2637
f 2521 2637 2636
f 2523 2636 2530
f 2594 2530 2616
f 2525 2616 2595
f 2596 2595 2531
f 2526 2531 2572
f 2526 2596 2531
f 183 182 2687
f 2687 182 2528
f 2686 2528 2689
f 2529 2689 2657
f 2637 2657 2639
f 2636 2639 2638
f 2530 2638 2615
f 2616 2615 2538
f 2595 2538 2541
f 2531 2541 2597
f 2572 2597 2571
f 3115 2571 2543
f 2535 2543 2532
f 2534 2532 2533
f 2534 2535 2532
f 2534 3115 2535
f 2535 3115 2543
f 182 2536 2528
f 2528 2536 2688
f 2689 2688 2669
f 2657 2669 2658
f 2639 2658 2641
f 2638 2641 2537
f 2615 2537 2539
f 2538 2539 2540
f 2541 2540 2544
f 2597 2544 2542
f 2571 2542 2543
f 2571 2597 2542
f 2536 180 2688
f 2688 180 2546
f 2669 2546 2552
f 2658 2552 2548
f 2641 2548 2640
f 2537 2640 2553
f 2539 2553 2554
f 2540 2554 2551
f 2544 2551 2555
f 2542 2555 2532
f 2543 2542 2532
f 180 2545 2546
f 2546 2545 2711
f 2552 2711 2547
f 2548 2547 2709
f 2640 2709 2549
f 2553 2549 2550
f 2554 2550 2702
f 2551 2702 2701
f 2555 2701 2533
f 2532 2555 2533
f 2545 2712 2711
f 2546 2711 2552
f 2552 2547 2548
f 2548 2709 2640
f 2640 2549 2553
f 2553 2550 2554
f 2554 2702 2551
f 2551 2701 2555
f 2392 3114 2558
f 2382 2558 2598
f 2573 2598 2556
f 2557 2573 2556
f 2558 2559 2598
f 2558 3114 2559
f 2392 2558 2382
f 2456 2471 2463
f 2560 2456 2561
f 2562 2570 2463
f 2562 2462 2570
f 2570 2462 2569
f 2565 2569 2566
f 2564 2566 2589
f 2563 2564 2589
f 2563 2463 2564
f 2564 2463 2565
f 2566 2564 2565
f 2483 2567 2568
f 2568 2567 2562
f 2569 2565 2570
f 2570 2565 2463
f 2572 2571 3115
f 2597 2572 2531
f 2382 2598 2573
f 2391 2382 2574
f 2389 2391 2574
f 2575 2574 2576
f 2576 2574 2573
f 2389 2577 2418
f 2602 2389 2575
f 2577 2579 2416
f 2424 2577 2602
f 2579 2432 2425
f 2578 2579 2424
f 2432 2433 2427
f 2437 2432 2578
f 2433 2581 2438
f 2580 2433 2437
f 2581 2452 2444
f 2604 2581 2580
f 2452 2454 2455
f 2453 2452 2604
f 2454 2582 2561
f 2469 2454 2453
f 2582 2470 2560
f 2473 2582 2469
f 2470 2474 2475
f 2605 2470 2473
f 2482 2474 2605
f 2462 2567 2583
f 2583 2567 2484
f 2569 2462 2584
f 2587 2584 2606
f 2585 2606 2586
f 2585 2587 2606
f 2585 2369 2587
f 2587 2369 2566
f 2569 2587 2566
f 2569 2584 2587
f 2488 2588 2583
f 2583 2588 2584
f 2589 2566 2369
f 2368 2589 2590
f 2592 2368 2590
f 2376 2590 2609
f 2609 2590 2369
f 2592 2500 2591
f 2611 2592 2376
f 2500 2508 2510
f 2507 2500 2611
f 2508 2593 2513
f 2516 2508 2507
f 2593 2517 2518
f 2522 2593 2516
f 2517 2525 2524
f 2594 2517 2522
f 2525 2595 2596
f 2616 2525 2594
f 2595 2541 2531
f 2538 2595 2616
f 2541 2544 2597
f 2540 2541 2538
f 2544 2555 2542
f 2551 2544 2540
f 2559 2395 2598
f 2598 2395 2556
f 2398 2599 2399
f 2600 2576 2618
f 2618 2576 2557
f 2619 2575 2600
f 2601 2602 2619
f 2431 2424 2601
f 2620 2578 2431
f 2603 2437 2620
f 2621 2580 2603
f 2451 2604 2621
f 2467 2453 2451
f 2468 2469 2467
f 2480 2473 2468
f 2481 2605 2480
f 2492 2482 2481
f 2461 2606 2588
f 2607 2461 2588
f 2610 2609 2608
f 2608 2609 2585
f 2612 2376 2610
f 2625 2611 2612
f 2613 2507 2625
f 2614 2516 2613
f 2523 2522 2614
f 2530 2594 2523
f 2615 2616 2530
f 2539 2538 2615
f 2554 2540 2539
f 2400 2399 2617
f 2628 2618 2626
f 2626 2618 2394
f 2415 2600 2628
f 2421 2619 2415
f 2423 2601 2421
f 2430 2431 2423
f 2629 2620 2430
f 2443 2603 2629
f 2450 2621 2443
f 2622 2451 2450
f 2472 2467 2622
f 2478 2468 2472
f 2631 2480 2478
f 2487 2481 2631
f 2493 2492 2487
f 2623 2608 2624
f 2624 2608 2586
f 2632 2610 2623
f 2506 2612 2632
f 2633 2625 2506
f 2515 2613 2633
f 2521 2614 2515
f 2636 2523 2521
f 2638 2530 2636
f 2537 2615 2638
f 2553 2539 2537
f 2644 2626 2642
f 2642 2626 2401
f 2627 2628 2644
f 2647 2415 2627
f 2422 2421 2647
f 2648 2423 2422
f 2442 2430 2648
f 2448 2629 2442
f 2449 2443 2448
f 2650 2450 2449
f 2651 2622 2650
f 2630 2472 2651
f 2479 2478 2630
f 2486 2631 2479
f 2491 2487 2486
f 2497 2493 2491
f 2375 2624 2374
f 2374 2624 2370
f 2504 2623 2375
f 2505 2632 2504
f 2634 2506 2505
f 2520 2633 2634
f 2635 2515 2520
f 2637 2521 2635
f 2639 2636 2637
f 2641 2638 2639
f 2640 2537 2641
f 2414 2642 2660
f 2660 2642 2383
f 2643 2644 2414
f 2645 2627 2643
f 2646 2647 2645
f 2436 2422 2646
f 2649 2648 2436
f 2446 2442 2649
f 2459 2448 2446
f 2460 2449 2459
f 2662 2650 2460
f 2477 2651 2662
f 2652 2630 2477
f 2653 2479 2652
f 2654 2486 2653
f 2495 2491 2654
f 2496 2497 2495
f 2655 2374 2667
f 2667 2374 2498
f 2502 2375 2655
f 2503 2504 2502
f 2512 2505 2503
f 2668 2634 2512
f 2656 2520 2668
f 2529 2635 2656
f 2657 2637 2529
f 2658 2639 2657
f 2548 2641 2658
f 2386 2409 2659
f 2388 2660 2385
f 2385 2660 2384
f 2672 2414 2388
f 2661 2643 2672
f 2675 2645 2661
f 2429 2646 2675
f 2441 2436 2429
f 2445 2649 2441
f 2447 2446 2445
f 2465 2459 2447
f 2466 2460 2465
f 2663 2662 2466
f 2664 2477 2663
f 2485 2652 2664
f 2490 2653 2485
f 2666 2654 2490
f 2665 2495 2666
f 2373 2667 2681
f 2681 2667 2496
f 2682 2655 2373
f 2501 2502 2682
f 2685 2503 2501
f 2514 2512 2685
f 2519 2668 2514
f 2686 2656 2519
f 2689 2529 2686
f 2669 2657 2689
f 2552 2658 2669
f 2670 2659 2413
f 2387 2385 2671
f 2671 2385 2386
f 2673 2388 2387
f 2674 2672 2673
f 2428 2661 2674
f 2435 2675 2428
f 2439 2429 2435
f 2440 2441 2439
f 2457 2445 2440
f 2458 2447 2457
f 2464 2465 2458
f 2677 2466 2464
f 2676 2663 2677
f 2678 2664 2676
f 2489 2485 2678
f 2679 2490 2489
f 2371 2666 2679
f 2680 2681 2372
f 2372 2681 2665
f 2499 2373 2680
f 2683 2682 2499
f 2511 2501 2683
f 2684 2685 2511
f 2527 2514 2684
f 2687 2519 2527
f 2528 2686 2687
f 2688 2689 2528
f 2546 2669 2688
f 3114 3112 2690
f 2690 3112 2904
f 2393 2904 2691
f 2696 2691 2692
f 2402 2692 2693
f 2404 2693 2910
f 2697 2910 2908
f 2405 2908 2926
f 2924 2405 2926
f 2924 2411 2405
f 2924 2923 2411
f 2411 2923 2695
f 2694 2695 1584
f 2407 1584 673
f 672 2407 673
f 2690 2904 2393
f 2393 2691 2696
f 2696 2692 2402
f 2402 2693 2404
f 2404 2910 2697
f 2697 2908 2405
f 2923 2698 2695
f 2695 2698 2699
f 2699 2698 2922
f 2892 2699 2922
f 2892 2700 2699
f 2892 2894 2700
f 2411 2695 2694
f 2694 1584 2407
f 3115 2534 2746
f 2746 2534 2745
f 2745 2534 2533
f 2932 2533 2701
f 2933 2701 2702
f 2754 2702 2550
f 2703 2550 2704
f 2703 2754 2550
f 2745 2533 2932
f 2932 2701 2933
f 2933 2702 2754
f 2550 2549 2704
f 2704 2549 2764
f 2764 2549 2705
f 2705 2549 2709
f 2706 2709 2710
f 2766 2710 2707
f 2767 2707 2708
f 2767 2766 2707
f 2709 2547 2710
f 2710 2547 765
f 765 2547 2711
f 2713 2711 2712
f 2713 765 2711
f 2706 2710 2766
f 2707 2714 2708
f 2708 2714 17
f 2706 2705 2709
f 2718 2715 3112
f 2718 2716 2715
f 2718 2875 2716
f 2718 2717 2875
f 2718 2862 2717
f 2718 2856 2862
f 2718 2719 2856
f 2718 2720 2719
f 2718 2721 2720
f 2718 2722 2721
f 2721 2722 2849
f 2723 2849 2989
f 2990 2989 2988
f 2991 2988 2818
f 3032 2818 2816
f 3035 2816 3034
f 2724 3034 3029
f 3044 3029 3030
f 3068 3030 3031
f 3085 3031 3084
f 2725 3084 2726
f 3095 2726 2727
f 3107 2727 2728
f 2828 2728 2980
f 366 2980 2979
f 367 2979 2827
f 346 2827 2945
f 2730 2945 2729
f 2730 346 2945
f 2731 2940 2722
f 2731 2808 2940
f 2731 2785 2808
f 2731 2787 2785
f 2731 2743 2787
f 2731 2744 2743
f 2731 2746 2744
f 2744 2746 2938
f 2963 2938 2732
f 2965 2732 2733
f 2964 2733 2750
f 3004 2750 3011
f 3013 3011 2734
f 3014 2734 2735
f 2740 2735 3049
f 3063 3049 2756
f 2737 2756 3077
f 3089 3077 2762
f 3088 2762 2763
f 3101 2763 2769
f 2736 2769 134
f 2736 3101 2769
f 2736 122 3101
f 3101 122 3100
f 3088 3100 3090
f 3089 3090 2738
f 2737 2738 3078
f 3063 3078 2739
f 2740 2739 2741
f 3014 2741 2794
f 3013 2794 3012
f 3004 3012 3005
f 2964 3005 2797
f 2965 2797 2742
f 2963 2742 2966
f 2744 2966 2743
f 2744 2963 2966
f 2744 2938 2963
f 2745 2747 2746
f 2745 2751 2747
f 2745 2752 2751
f 2745 2932 2752
f 2752 2932 2748
f 2749 2748 2753
f 3011 2753 2734
f 3011 2749 2753
f 3011 2750 2749
f 2749 2750 3003
f 2752 3003 2751
f 2752 2749 3003
f 2752 2748 2749
f 2748 2932 3010
f 2753 3010 2936
f 2734 2936 2735
f 2734 2753 2936
f 2754 2934 2933
f 2754 2755 2934
f 2754 2703 2755
f 2755 2703 2758
f 2757 2758 2759
f 2756 2759 3077
f 2756 2757 2759
f 2756 3049 2757
f 2757 3049 2935
f 2755 2935 2934
f 2755 2757 2935
f 2755 2758 2757
f 2703 2704 2758
f 2758 2704 3062
f 2759 3062 2760
f 3077 2760 2762
f 3077 2759 2760
f 2704 2764 3062
f 3062 2764 2761
f 2760 2761 2771
f 2762 2771 2763
f 2762 2760 2771
f 2764 2705 2761
f 2761 2705 2706
f 2765 2706 2766
f 2774 2766 2767
f 2772 2767 2708
f 2768 2708 142
f 2768 2772 2708
f 2768 140 2772
f 2772 140 2773
f 2775 2773 136
f 134 2775 136
f 134 2769 2775
f 2775 2769 2770
f 2774 2770 2765
f 2766 2774 2765
f 2761 2706 2765
f 2771 2765 2770
f 2763 2770 2769
f 2763 2771 2770
f 2774 2767 2772
f 2775 2772 2773
f 2775 2774 2772
f 2775 2770 2774
f 2708 17 142
f 122 120 3100
f 3100 120 119
f 3102 119 114
f 2776 3102 114
f 2776 2777 3102
f 2776 787 2777
f 2777 787 2801
f 2778 2801 3104
f 3091 3104 2779
f 3079 2779 3080
f 3051 3080 3050
f 2780 3050 2781
f 3017 2781 3041
f 3016 3041 2782
f 3015 2782 3006
f 2969 3006 2783
f 2968 2783 2784
f 2967 2784 2786
f 2785 2786 2808
f 2785 2967 2786
f 2785 2787 2967
f 2967 2787 2800
f 2968 2800 2799
f 2969 2799 2798
f 3015 2798 2796
f 3016 2796 2788
f 3017 2788 2795
f 2780 2795 2793
f 3051 2793 2792
f 3079 2792 2789
f 3091 2789 2791
f 2778 2791 2790
f 2777 2790 3102
f 2777 2778 2790
f 2777 2801 2778
f 3100 119 3102
f 3090 3102 2790
f 2738 2790 2791
f 3078 2791 2789
f 2739 2789 2792
f 2741 2792 2793
f 2794 2793 2795
f 3012 2795 2788
f 3005 2788 2796
f 2797 2796 2798
f 2742 2798 2799
f 2966 2799 2800
f 2743 2800 2787
f 2743 2966 2800
f 787 93 2801
f 2801 93 3103
f 3104 3103 3105
f 2779 3105 2802
f 3080 2802 3064
f 3050 3064 2803
f 2781 2803 2804
f 3041 2804 3020
f 2782 3020 2805
f 3006 2805 3019
f 2783 3019 2806
f 2784 2806 2807
f 2786 2807 2941
f 2808 2941 2940
f 2808 2786 2941
f 93 78 3103
f 3103 78 2821
f 3105 2821 2809
f 2802 2809 2822
f 3064 2822 2810
f 2803 2810 3052
f 2804 3052 2811
f 3020 2811 3042
f 2805 3042 3018
f 3019 3018 3007
f 2806 3007 2812
f 2807 2812 2813
f 2941 2813 2971
f 2940 2971 2814
f 2722 2814 2824
f 2959 2824 2953
f 2820 2953 2954
f 2973 2954 2815
f 2819 2815 2817
f 2816 2817 3034
f 2816 2819 2817
f 2816 2818 2819
f 2819 2818 2987
f 2973 2987 2955
f 2820 2955 2960
f 2959 2960 2722
f 2824 2959 2722
f 78 72 2821
f 2821 72 3106
f 2809 3106 2823
f 2822 2823 3081
f 2810 3081 3082
f 3052 3082 3065
f 2811 3065 2943
f 3042 2943 3021
f 3018 3021 3026
f 3007 3026 3022
f 2812 3022 2972
f 2813 2972 2970
f 2971 2970 2825
f 2814 2825 2824
f 2814 2971 2825
f 72 58 3106
f 3106 58 1
f 2826 3106 1
f 2826 2945 3106
f 2826 2729 2945
f 346 367 2827
f 367 366 2979
f 366 2828 2980
f 2728 2828 3107
f 3107 2828 713
f 2846 713 712
f 2845 712 3109
f 3096 3109 2850
f 2829 2850 2831
f 2830 2831 3070
f 3056 3070 3069
f 2843 3069 2832
f 2833 2832 2853
f 2840 2853 2834
f 3036 2834 3037
f 2992 3037 2994
f 2993 2994 2835
f 2837 2835 2836
f 2719 2836 2856
f 2719 2837 2836
f 2719 2720 2837
f 2837 2720 2848
f 2993 2848 2838
f 2992 2838 2839
f 3036 2839 2841
f 2840 2841 2842
f 2833 2842 3045
f 2843 3045 2844
f 3056 2844 3055
f 2830 3055 2847
f 2829 2847 3097
f 3096 3097 3094
f 2845 3094 2846
f 712 2845 2846
f 3107 713 2846
f 3095 2846 3094
f 2725 3094 3097
f 3085 3097 2847
f 3068 2847 3055
f 3044 3055 2844
f 2724 2844 3045
f 3035 3045 2842
f 3032 2842 2841
f 2991 2841 2839
f 2990 2839 2838
f 2723 2838 2848
f 2721 2848 2720
f 2721 2723 2848
f 2721 2849 2723
f 712 374 3109
f 3109 374 3108
f 2850 3108 3110
f 2831 3110 2858
f 3070 2858 2851
f 3069 2851 3058
f 2832 3058 2852
f 2853 2852 3046
f 2834 3046 2854
f 3037 2854 2855
f 2994 2855 2860
f 2835 2860 2861
f 2836 2861 2857
f 2856 2857 2862
f 2856 2836 2857
f 374 701 3108
f 3108 701 2864
f 3110 2864 2865
f 2858 2865 2867
f 2851 2867 2868
f 3058 2868 3057
f 2852 3057 2859
f 3046 2859 2870
f 2854 2870 3038
f 2855 3038 3008
f 2860 3008 2995
f 2861 2995 2996
f 2857 2996 2863
f 2862 2863 2717
f 2862 2857 2863
f 701 709 2864
f 2864 709 3111
f 2865 3111 2866
f 2867 2866 2876
f 2868 2876 2869
f 3057 2869 3072
f 2859 3072 3059
f 2870 3059 2871
f 3038 2871 2877
f 3008 2877 2878
f 2995 2878 2872
f 2996 2872 2873
f 2863 2873 2874
f 2717 2874 2875
f 2717 2863 2874
f 709 2881 3111
f 3111 2881 2883
f 2866 2883 3098
f 2876 3098 3087
f 2869 3087 3071
f 3072 3071 3060
f 3059 3060 3047
f 2871 3047 3048
f 2877 3048 3039
f 2878 3039 3009
f 2872 3009 2879
f 2873 2879 2997
f 2874 2997 2880
f 2875 2880 2716
f 2875 2874 2880
f 2881 2882 2883
f 2883 2882 2884
f 3098 2884 2885
f 3087 2885 3086
f 3071 3086 3073
f 3060 3073 2886
f 3047 2886 2897
f 3048 2897 2898
f 3039 2898 3040
f 3009 3040 2887
f 2879 2887 2888
f 2997 2888 2998
f 2880 2998 2901
f 2716 2901 2715
f 2716 2880 2901
f 2882 697 2884
f 2884 697 2889
f 2914 2889 2890
f 2915 2890 693
f 2891 693 692
f 2893 2891 692
f 2893 2892 2891
f 2893 691 2892
f 2892 691 2894
f 2884 2889 2914
f 2885 2914 2895
f 3086 2895 2896
f 3073 2896 3074
f 2886 3074 2917
f 2897 2917 3061
f 2898 3061 2918
f 3040 2918 2907
f 2887 2907 2899
f 2888 2899 2900
f 2998 2900 2999
f 2901 2999 2961
f 2715 2961 2902
f 3112 2902 2903
f 2931 2903 2962
f 2904 2962 3002
f 2691 3002 2930
f 2929 2930 2905
f 2928 2905 2900
f 2899 2928 2900
f 2899 2906 2928
f 2899 2907 2906
f 2906 2907 2912
f 2913 2912 2909
f 2910 2909 2908
f 2910 2913 2909
f 2910 2693 2913
f 2913 2693 2911
f 2906 2911 2928
f 2906 2913 2911
f 2906 2912 2913
f 2914 2890 2915
f 2895 2915 3099
f 2896 3099 2916
f 3074 2916 3076
f 2917 3076 3075
f 3061 3075 2920
f 2918 2920 2912
f 2907 2918 2912
f 2915 693 2891
f 3099 2891 2921
f 2916 2921 2927
f 3076 2927 2919
f 3075 2919 2925
f 2920 2925 2909
f 2912 2920 2909
f 2892 2922 2891
f 2891 2922 2921
f 2921 2922 2698
f 2927 2698 2923
f 2919 2923 2924
f 2926 2919 2924
f 2926 2925 2919
f 2926 2908 2925
f 2925 2908 2909
f 2921 2698 2927
f 2927 2923 2919
f 2693 2692 2911
f 2911 2692 2929
f 2928 2929 2905
f 2928 2911 2929
f 2692 2691 2929
f 2929 2691 2930
f 2691 2904 3002
f 2962 2904 2931
f 2931 2904 3112
f 2903 2931 3112
f 2932 2933 3010
f 3010 2933 2934
f 2936 2934 2935
f 2735 2935 3049
f 2735 2936 2935
f 2938 2746 2939
f 2732 2939 2937
f 2733 2937 3003
f 2750 2733 3003
f 2939 2747 2937
f 2939 2746 2747
f 2938 2939 2732
f 2940 2814 2722
f 2971 2940 2941
f 2953 2824 2825
f 2951 2825 2970
f 2942 2970 2972
f 3025 2972 3022
f 3023 3022 3026
f 3043 3026 3021
f 3053 3021 2943
f 3054 2943 3065
f 2947 3065 3082
f 3092 3082 3081
f 2944 3081 2823
f 2945 2823 3106
f 2945 2944 2823
f 2945 2827 2944
f 2944 2827 2946
f 3092 2946 2978
f 2947 2978 2976
f 3054 2976 2948
f 3053 2948 2949
f 3043 2949 2950
f 3023 2950 3024
f 3025 3024 2974
f 2942 2974 2952
f 2951 2952 2954
f 2953 2951 2954
f 2953 2825 2951
f 2960 2958 2722
f 2960 2955 2958
f 2958 2955 2956
f 2957 2956 2989
f 2849 2957 2989
f 2849 2722 2957
f 2957 2722 2958
f 2956 2957 2958
f 2953 2820 2959
f 2959 2820 2960
f 2715 2902 3112
f 2961 2715 2901
f 2903 2902 3000
f 2962 3000 3002
f 2962 2903 3000
f 2732 2937 2733
f 2963 2732 2965
f 2742 2963 2965
f 2797 2965 2964
f 2964 2965 2733
f 2742 2799 2966
f 2798 2742 2797
f 2967 2800 2968
f 2784 2967 2968
f 2783 2968 2969
f 2969 2968 2799
f 2784 2807 2786
f 2806 2784 2783
f 2807 2813 2941
f 2812 2807 2806
f 2813 2970 2971
f 2972 2813 2812
f 2952 2951 2942
f 2942 2951 2970
f 2955 2820 2973
f 2973 2820 2954
f 2815 2954 2952
f 2986 2952 2974
f 3027 2974 3024
f 3028 3024 2950
f 2983 2950 2949
f 2975 2949 2948
f 3066 2948 2976
f 3083 2976 2978
f 2977 2978 2946
f 2979 2946 2827
f 2979 2977 2946
f 2979 2980 2977
f 2977 2980 2981
f 3083 2981 3093
f 3066 3093 2982
f 2975 2982 3067
f 2983 3067 2984
f 3028 2984 2985
f 3027 2985 3033
f 2986 3033 2817
f 2815 2986 2817
f 2815 2952 2986
f 2956 2955 2987
f 2988 2987 2818
f 2988 2956 2987
f 2988 2989 2956
f 2815 2819 2973
f 2973 2819 2987
f 2723 2989 2990
f 2838 2723 2990
f 2839 2990 2991
f 2991 2990 2988
f 2837 2848 2993
f 2835 2837 2993
f 2994 2993 2992
f 2992 2993 2838
f 2835 2861 2836
f 2860 2835 2994
f 2861 2996 2857
f 2995 2861 2860
f 2996 2873 2863
f 2872 2996 2995
f 2873 2997 2874
f 2879 2873 2872
f 2997 2998 2880
f 2888 2997 2879
f 2998 2999 2901
f 2900 2998 2888
f 2999 3001 2961
f 2999 2905 3001
f 2999 2900 2905
f 2961 3001 3000
f 2902 2961 3000
f 2905 2930 3001
f 3001 2930 3002
f 3000 3001 3002
f 2747 2751 2937
f 2937 2751 3003
f 3010 2753 2748
f 3005 2964 3004
f 3004 2964 2750
f 2796 2797 3005
f 3006 2969 3015
f 3015 2969 2798
f 3019 2783 3006
f 3007 2806 3019
f 3022 2812 3007
f 2974 2942 3025
f 3025 2942 2972
f 2841 2991 3032
f 3032 2991 2818
f 3037 2992 3036
f 3036 2992 2839
f 2855 2994 3037
f 3008 2860 2855
f 2878 2995 3008
f 3009 2872 2878
f 2887 2879 3009
f 2899 2888 2887
f 2934 2936 3010
f 3004 3011 3013
f 3012 3004 3013
f 2794 3013 3014
f 3014 3013 2734
f 3012 2788 3005
f 2795 3012 2794
f 3015 2796 3016
f 2782 3015 3016
f 3041 3016 3017
f 3017 3016 2788
f 2782 2805 3006
f 3020 2782 3041
f 2805 3018 3019
f 3042 2805 3020
f 3018 3026 3007
f 3021 3018 3042
f 3025 3022 3023
f 3024 3025 3023
f 2950 3023 3043
f 3043 3023 3026
f 2986 2974 3027
f 3033 2986 3027
f 2985 3027 3028
f 3028 3027 3024
f 3029 3034 3033
f 2985 3029 3033
f 2985 3030 3029
f 2985 2984 3030
f 3030 2984 3031
f 3031 2984 3067
f 3084 3067 2982
f 2726 2982 3093
f 2727 3093 2981
f 2728 2981 2980
f 2728 2727 2981
f 3032 2816 3035
f 2842 3032 3035
f 2817 3033 3034
f 3045 3035 2724
f 2724 3035 3034
f 3036 2841 2840
f 2834 3036 2840
f 2853 2840 2833
f 2833 2840 2842
f 2834 2854 3037
f 3046 2834 2853
f 2854 3038 2855
f 2870 2854 3046
f 3038 2877 3008
f 2871 3038 2870
f 2877 3039 2878
f 3048 2877 2871
f 3039 3040 3009
f 2898 3039 3048
f 3040 2907 2887
f 2918 3040 2898
f 2741 3014 2740
f 2740 3014 2735
f 2793 2794 2741
f 2781 3017 2780
f 2780 3017 2795
f 2804 3041 2781
f 2811 3020 2804
f 2943 3042 2811
f 2949 3043 3053
f 3053 3043 3021
f 2984 3028 2983
f 2983 3028 2950
f 2844 2724 3044
f 3044 2724 3029
f 2832 2833 2843
f 2843 2833 3045
f 2852 2853 2832
f 2859 3046 2852
f 3059 2870 2859
f 3047 2871 3059
f 2897 3048 3047
f 3061 2898 2897
f 2920 2918 3061
f 3062 2759 2758
f 2739 2740 3063
f 3063 2740 3049
f 2792 2741 2739
f 3050 2780 3051
f 3051 2780 2793
f 2803 2781 3050
f 3052 2804 2803
f 3065 2811 3052
f 2948 3053 3054
f 3054 3053 2943
f 3067 2983 2975
f 2975 2983 2949
f 3055 3044 3068
f 3068 3044 3030
f 3069 2843 3056
f 3056 2843 2844
f 3058 2832 3069
f 3057 2852 3058
f 3072 2859 3057
f 3060 3059 3072
f 2886 3047 3060
f 2917 2897 2886
f 3075 3061 2917
f 2925 2920 3075
f 2761 2760 3062
f 3078 3063 2737
f 2737 3063 2756
f 2789 2739 3078
f 3080 3051 3079
f 3079 3051 2792
f 3064 3050 3080
f 2810 2803 3064
f 3082 3052 2810
f 2976 3054 2947
f 2947 3054 3065
f 2982 2975 3066
f 3066 2975 2948
f 3084 3031 3067
f 2847 3068 3085
f 3085 3068 3031
f 3070 3056 2830
f 2830 3056 3055
f 2851 3069 3070
f 2868 3058 2851
f 2869 3057 2868
f 3071 3072 2869
f 3073 3060 3071
f 3074 2886 3073
f 3076 2917 3074
f 2919 3075 3076
f 2765 2771 2761
f 2738 2737 3089
f 3089 2737 3077
f 2791 3078 2738
f 2779 3079 3091
f 3091 3079 2789
f 2802 3080 2779
f 2822 3064 2802
f 3081 2810 2822
f 2978 2947 3092
f 3092 2947 3082
f 3093 3066 3083
f 3083 3066 2976
f 2726 3084 2982
f 3097 3085 2725
f 2725 3085 3084
f 2831 2830 2829
f 2829 2830 2847
f 2858 3070 2831
f 2867 2851 2858
f 2876 2868 2867
f 3087 2869 2876
f 3086 3071 3087
f 2896 3073 3086
f 2916 3074 2896
f 2927 3076 2916
f 3090 3089 3088
f 3088 3089 2762
f 2790 2738 3090
f 3104 3091 2778
f 2778 3091 2791
f 3105 2779 3104
f 2809 2802 3105
f 2823 2822 2809
f 2946 3092 2944
f 2944 3092 3081
f 2981 3083 2977
f 2977 3083 2978
f 2727 2726 3093
f 3094 2725 3095
f 3095 2725 2726
f 2850 2829 3096
f 3096 2829 3097
f 3110 2831 2850
f 2865 2858 3110
f 2866 2867 2865
f 3098 2876 2866
f 2885 3087 3098
f 2895 3086 2885
f 3099 2896 2895
f 2921 2916 3099
f 3100 3088 3101
f 3101 3088 2763
f 3102 3090 3100
f 3103 3104 2801
f 2821 3105 3103
f 3106 2809 2821
f 2846 3095 3107
f 3107 3095 2727
f 3109 3096 2845
f 2845 3096 3094
f 3108 2850 3109
f 2864 3110 3108
f 3111 2865 2864
f 2883 2866 3111
f 2884 3098 2883
f 2914 2885 2884
f 2915 2895 2914
f 2891 3099 2915
f 3112 3114 3113
f 3113 3114 5329
f 3114 2380 5329
f 5329 2380 2463
f 3116 2463 2364
f 3115 3116 2364
f 5329 2463 3116
f 2746 5322 3115
f 3115 5322 3116
f 2746 2731 5322
f 5322 2731 2722
f 3113 2722 2718
f 3112 3113 2718
f 5322 2722 3113
f 3113 5329 5322
f 5322 5329 3116
f 3117 3177 4229
f 3117 3178 3177
f 3117 3118 3178
f 3178 3118 3119
f 3179 3119 3120
f 4482 3120 4503
f 4502 4503 3192
f 4540 3192 4514
f 3121 4514 4554
f 4571 4554 4553
f 4581 4553 3122
f 4603 3122 4602
f 3171 4602 3123
f 4616 3123 3196
f 4634 3196 4644
f 4643 4644 3124
f 3168 3124 4674
f 4708 4674 4705
f 4707 4705 3125
f 4716 3125 4729
f 4735 4729 4736
f 4409 4736 3199
f 4407 3199 4410
f 3164 4410 4476
f 3126 4476 4749
f 4771 4749 3127
f 4789 3127 3129
f 3128 3129 4805
f 4806 4805 3130
f 4840 3130 3131
f 4853 3131 3132
f 3161 3132 4873
f 4889 4873 3133
f 4890 3133 4888
f 4920 4888 3205
f 3159 3205 4925
f 4953 4925 3207
f 3134 3207 3208
f 4980 3208 3210
f 5016 3210 5014
f 5028 5014 5026
f 3135 5026 3136
f 5055 3136 5045
f 5054 5045 4319
f 4315 4319 4318
f 3156 4318 4377
f 4376 4377 5072
f 5094 5072 5093
f 5095 5093 3137
f 5105 3137 5125
f 5143 5125 3139
f 3138 3139 5141
f 3140 5141 5159
f 5186 5159 5185
f 3152 5185 3141
f 5197 3141 5195
f 5213 5195 3216
f 5240 3216 5220
f 5241 5220 5239
f 5263 5239 5265
f 5264 5265 5282
f 3148 5282 5293
f 3142 5293 3220
f 5312 3220 4286
f 3145 4286 3225
f 3143 3225 3144
f 3143 3145 3225
f 3143 5323 3145
f 3145 5323 3146
f 5312 3146 3147
f 3142 3147 5292
f 3148 5292 3149
f 5264 3149 3150
f 5263 3150 3151
f 5241 3151 5242
f 5240 5242 3332
f 5213 3332 5212
f 5197 5212 5196
f 3152 5196 3153
f 5186 3153 5187
f 3140 5187 3336
f 3138 3336 5142
f 5143 5142 3154
f 5105 3154 5104
f 5095 5104 3155
f 5094 3155 3338
f 4376 3338 4378
f 3156 4378 3157
f 4315 3157 4317
f 5054 4317 4316
f 5055 4316 5047
f 3135 5047 3342
f 5028 3342 5029
f 5016 5029 4991
f 4980 4991 3345
f 3134 3345 3158
f 4953 3158 3160
f 3159 3160 3347
f 4920 3347 4922
f 4890 4922 4921
f 4889 4921 3162
f 3161 3162 4874
f 4853 4874 4855
f 4840 4855 4817
f 4806 4817 3163
f 3128 3163 4807
f 4789 4807 3350
f 4771 3350 4750
f 3126 4750 4751
f 3164 4751 3352
f 4407 3352 3165
f 4409 3165 3166
f 4735 3166 4737
f 4716 4737 4717
f 4707 4717 3167
f 4708 3167 4679
f 3168 4679 3169
f 4643 3169 3170
f 4634 3170 4645
f 4616 4645 4615
f 3171 4615 3172
f 4603 3172 4604
f 4581 4604 3173
f 4571 3173 3359
f 3121 3359 3174
f 4540 3174 4515
f 4502 4515 3175
f 4482 3175 4504
f 3179 4504 3176
f 3178 3176 3177
f 3178 3179 3176
f 3178 3119 3179
f 3118 5327 3119
f 3119 5327 5328
f 4228 5328 3180
f 3181 3180 5330
f 3613 5330 3265
f 4164 3265 3182
f 4168 3182 4106
f 3183 4106 3185
f 3184 3185 4258
f 4252 4258 4257
f 4256 4257 3268
f 3186 3268 5306
f 5307 5306 3269
f 5285 3269 3187
f 3188 3187 5256
f 3189 5256 5229
f 5228 5229 3190
f 3607 3190 3191
f 3119 5328 4228
f 3120 4228 4227
f 4503 4227 4501
f 3192 4501 4513
f 4514 4513 3193
f 4554 3193 4552
f 4553 4552 4551
f 3122 4551 3194
f 4602 3194 3195
f 3123 3195 4601
f 3196 4601 4633
f 4644 4633 3230
f 3124 3230 4642
f 4674 4642 3197
f 4705 3197 4706
f 3125 4706 3198
f 4729 3198 4715
f 4736 4715 3234
f 3199 3234 3235
f 4410 3235 3200
f 4476 3200 3201
f 4749 3201 3202
f 3127 3202 3239
f 3129 3239 4788
f 4805 4788 3240
f 3130 3240 4816
f 3131 4816 4839
f 3132 4839 3203
f 4873 3203 3242
f 3133 3242 3204
f 4888 3204 4919
f 3205 4919 3206
f 4925 3206 4945
f 3207 4945 3209
f 3208 3209 4952
f 3210 4952 4979
f 5014 4979 5015
f 5026 5015 5027
f 3136 5027 5046
f 5045 5046 5053
f 4319 5053 3211
f 4318 3211 4320
f 4377 4320 3212
f 5072 3212 3249
f 5093 3249 3250
f 3137 3250 5103
f 5125 5103 5124
f 3139 5124 3213
f 5141 3213 3214
f 5159 3214 3215
f 5185 3215 5169
f 3141 5169 5194
f 5195 5194 3217
f 3216 3217 5221
f 5220 5221 5238
f 5239 5238 3257
f 5265 3257 3258
f 5282 3258 3218
f 5293 3218 3219
f 3220 3219 3221
f 4286 3221 3222
f 3225 3222 3226
f 3224 3226 3223
f 3224 3225 3226
f 3224 3144 3225
f 4228 3180 3181
f 4227 3181 3227
f 4501 3227 3315
f 4513 3315 3314
f 3193 3314 4223
f 4552 4223 3626
f 4551 3626 3228
f 3194 3228 3229
f 3195 3229 3313
f 4601 3313 4614
f 4633 4614 4198
f 3230 4198 3312
f 4642 3312 3310
f 3197 3310 3408
f 4706 3408 3231
f 3198 3231 3232
f 4715 3232 3233
f 3234 3233 3236
f 3235 3236 3237
f 3200 3237 3432
f 3201 3432 3238
f 3202 3238 3444
f 3239 3444 4770
f 4788 4770 3307
f 3240 3307 4804
f 4816 4804 3306
f 4839 3306 4464
f 3203 4464 3241
f 3242 3241 4458
f 3204 4458 3243
f 4919 3243 3304
f 3206 3304 3303
f 4945 3303 3302
f 3209 3302 3244
f 4952 3244 3301
f 4979 3301 3245
f 5015 3245 3299
f 5027 3299 5025
f 5046 5025 3246
f 5053 3246 3297
f 3211 3297 3247
f 4320 3247 3521
f 3212 3521 3248
f 3249 3248 3530
f 3250 3530 3251
f 5103 3251 3252
f 5124 3252 3294
f 3213 3294 3545
f 3214 3545 3253
f 3215 3253 3254
f 5169 3254 3291
f 5194 3291 3563
f 3217 3563 3255
f 5221 3255 3256
f 5238 3256 3289
f 3257 3289 3259
f 3258 3259 3260
f 3218 3260 3261
f 3219 3261 3262
f 3221 3262 3286
f 3222 3286 3263
f 3226 3263 3264
f 3223 3264 5320
f 3223 3226 3264
f 5330 5318 3265
f 3265 5318 3266
f 3182 3266 3272
f 4106 3272 3273
f 3185 3273 4251
f 4258 4251 3267
f 4257 3267 3277
f 3268 3277 5309
f 5306 5309 5286
f 3269 5286 3270
f 3187 3270 3280
f 5256 3280 5248
f 5229 5248 3281
f 3190 3281 5217
f 3191 5217 3282
f 5318 3271 3266
f 3266 3271 3285
f 3272 3285 3274
f 3273 3274 3275
f 4251 3275 3276
f 3267 3276 3316
f 3277 3316 5287
f 5309 5287 3278
f 5286 3278 5257
f 3270 5257 3279
f 3280 3279 5230
f 5248 5230 3319
f 3281 3319 5218
f 5217 5218 5192
f 3282 5192 3283
f 3271 3284 3285
f 3285 3284 5319
f 4107 5319 5321
f 3323 5321 5320
f 3605 5320 3264
f 5291 3264 3263
f 3598 3263 3286
f 5262 3286 3262
f 3586 3262 3261
f 3587 3261 3260
f 3287 3260 3259
f 3288 3259 3289
f 5211 3289 3256
f 4356 3256 3255
f 3290 3255 3563
f 4366 3563 3291
f 3555 3291 3254
f 4369 3254 3253
f 3292 3253 3545
f 3293 3545 3294
f 3295 3294 3252
f 4375 3252 3251
f 3531 3251 3530
f 4328 3530 3248
f 3522 3248 3521
f 3296 3521 3247
f 5044 3247 3297
f 3298 3297 3246
f 5013 3246 5025
f 4978 5025 3299
f 4975 3299 3245
f 3502 3245 3301
f 3300 3301 3244
f 4448 3244 3302
f 4449 3302 3303
f 4886 3303 3304
f 4453 3304 3243
f 4460 3243 4458
f 4459 4458 3241
f 4463 3241 4464
f 3305 4464 3306
f 4471 3306 4804
f 4470 4804 3307
f 3456 3307 4770
f 3443 4770 3444
f 3441 3444 3238
f 3433 3238 3432
f 4728 3432 3237
f 3308 3237 3236
f 4704 3236 3233
f 3309 3233 3232
f 4672 3232 3231
f 3407 3231 3408
f 4641 3408 3310
f 3311 3310 3312
f 4613 3312 4198
f 4599 4198 4614
f 4579 4614 3313
f 3629 3313 3229
f 3628 3229 3228
f 4211 3228 3626
f 4222 3626 4223
f 3620 4223 3314
f 4226 3314 3315
f 4224 3315 3227
f 3613 3227 3181
f 5330 3613 3181
f 3285 5319 4107
f 3274 4107 4254
f 3275 4254 4255
f 3276 4255 5310
f 3316 5310 3325
f 5287 3325 3317
f 3278 3317 3326
f 5257 3326 3328
f 3279 3328 3318
f 5230 3318 3320
f 3319 3320 3321
f 5218 3321 3322
f 5192 3322 5193
f 3283 5193 3606
f 4107 5321 3323
f 4254 3323 4296
f 4255 4296 3324
f 5310 3324 5311
f 3325 5311 5288
f 3317 5288 3327
f 3326 3327 4289
f 3328 4289 3329
f 3318 3329 4290
f 3320 4290 3330
f 3321 3330 5205
f 3322 5205 4292
f 5193 4292 5167
f 3606 5167 4294
f 5323 5324 3146
f 3146 5324 3366
f 3147 3366 4058
f 5292 4058 5294
f 3149 5294 4073
f 3150 4073 4072
f 3151 4072 3331
f 5242 3331 4085
f 3332 4085 3333
f 5212 3333 4097
f 5196 4097 4098
f 3153 4098 3334
f 5187 3334 3335
f 3336 3335 3646
f 5142 3646 3671
f 3154 3671 3670
f 5104 3670 3337
f 3155 3337 3680
f 3338 3680 3339
f 4378 3339 3693
f 3157 3693 3340
f 4317 3340 3710
f 4316 3710 3341
f 5047 3341 3343
f 3342 3343 3344
f 5029 3344 3737
f 4991 3737 4990
f 3345 4990 3346
f 3158 3346 3760
f 3160 3760 3759
f 3347 3759 3758
f 4922 3758 3348
f 4921 3348 4891
f 3162 4891 3796
f 4874 3796 4854
f 4855 4854 4841
f 4817 4841 3813
f 3163 3813 3349
f 4807 3349 3351
f 3350 3351 3827
f 4750 3827 3848
f 4751 3848 3353
f 3352 3353 3866
f 3165 3866 4408
f 3166 4408 3882
f 4737 3882 3881
f 4717 3881 3893
f 3167 3893 3354
f 4679 3354 3904
f 3169 3904 3917
f 3170 3917 3355
f 4645 3355 4635
f 4615 4635 3356
f 3172 3356 3357
f 4604 3357 3358
f 3173 3358 3967
f 3359 3967 3360
f 3174 3360 3988
f 4515 3988 3987
f 3175 3987 3361
f 4504 3361 3362
f 3176 3362 4230
f 3177 4230 3363
f 4229 3363 4025
f 3378 4025 4024
f 3365 4024 4043
f 5326 4043 3364
f 5326 3365 4043
f 3366 5324 3367
f 4050 3367 3368
f 4048 3368 4129
f 3369 4129 4131
f 3370 4131 4248
f 4249 4248 4234
f 4235 4234 4236
f 4237 4236 3371
f 4488 3371 4040
f 4521 4040 4522
f 4546 4522 3372
f 4560 3372 3373
f 4045 3373 3375
f 3374 3375 4038
f 3364 3376 5325
f 3364 4043 3376
f 3376 4043 3377
f 3368 3377 4129
f 3368 3376 3377
f 3368 3367 3376
f 3376 3367 5325
f 5325 3367 5324
f 3365 3378 4024
f 3378 4229 4025
f 4138 4144 3379
f 4276 3379 3380
f 4277 3380 3657
f 4282 3657 5317
f 4281 5317 3656
f 5315 3656 3655
f 5284 3655 3653
f 5270 3653 3651
f 5271 3651 3381
f 5243 3381 3649
f 3382 3649 3383
f 5222 3383 3648
f 3384 3648 3647
f 3334 3647 3335
f 3334 3384 3647
f 3334 4098 3384
f 3384 4098 5214
f 5222 5214 3385
f 3382 3385 3386
f 5243 3386 4096
f 5271 4096 3387
f 5270 3387 5301
f 5284 5301 4094
f 5315 4094 3388
f 4281 3388 4093
f 4282 4093 3389
f 4277 3389 4091
f 4276 4091 4139
f 4138 4139 4105
f 4128 3523 3390
f 4179 3390 4181
f 4178 4181 3391
f 4195 3391 4188
f 4199 4188 4481
f 4495 4481 4496
f 3392 4496 4533
f 4536 4533 4190
f 4535 4190 4548
f 4568 4548 4569
f 3393 4569 3394
f 4598 3394 4612
f 4600 4612 3395
f 4613 3395 3311
f 3312 4613 3311
f 3396 3523 3397
f 3398 3397 4184
f 4187 4184 4185
f 4189 4185 3399
f 3400 3399 4507
f 4531 4507 4532
f 4534 4532 4565
f 4191 4565 3402
f 3401 3402 3403
f 4192 3403 3404
f 3405 3404 3406
f 4193 3406 4632
f 4194 4632 4671
f 4641 4671 3407
f 3408 4641 3407
f 4183 3523 3409
f 4182 3409 4186
f 4493 4186 4525
f 3410 4525 3411
f 4494 3411 4528
f 4530 4528 3413
f 3412 3413 4566
f 3414 4566 4567
f 3415 4567 4626
f 4597 4626 3416
f 4630 3416 4627
f 4631 4627 4669
f 3417 4669 4673
f 4672 4673 3309
f 3232 4672 3309
f 4506 3523 3418
f 4492 3418 3419
f 4526 3419 3420
f 4529 3420 4561
f 4527 4561 4590
f 4563 4590 4564
f 4594 4564 3421
f 4595 3421 4625
f 4596 4625 3422
f 4628 3422 4664
f 4629 4664 4668
f 3423 4668 4670
f 4703 4670 4702
f 4704 4702 3308
f 3236 4704 3308
f 4523 3523 3425
f 3424 3425 3426
f 4524 3426 4588
f 4562 4588 3427
f 4591 3427 3428
f 4592 3428 3429
f 4593 3429 3431
f 3430 3431 4678
f 4665 4678 4414
f 4666 4414 4413
f 4667 4413 4412
f 4700 4412 4411
f 4701 4411 4418
f 4728 4418 3433
f 3432 4728 3433
f 4578 3523 4585
f 4589 4585 3434
f 4611 3434 4586
f 3435 4586 4624
f 3436 4624 3437
f 4663 3437 4659
f 4662 4659 4696
f 3438 4696 4698
f 4699 4698 3439
f 4714 3439 3440
f 4727 3440 4416
f 4734 4416 4419
f 4415 4419 3442
f 3441 3442 3443
f 3444 3441 3443
f 3445 3523 3446
f 4587 3446 3447
f 4622 3447 4623
f 3448 4623 3449
f 4660 3449 4693
f 4661 4693 3451
f 3450 3451 3452
f 4697 3452 3454
f 3453 3454 4422
f 4417 4422 3455
f 4423 3455 4467
f 4475 4467 4473
f 4474 4473 4748
f 3456 4748 4470
f 3307 3456 4470
f 4640 3523 4677
f 4621 4677 4654
f 3457 4654 4657
f 3458 4657 3459
f 4658 3459 4726
f 4694 4726 3460
f 4695 3460 4427
f 4428 4427 4426
f 4421 4426 4466
f 4420 4466 4472
f 4468 4472 3461
f 4769 3461 3462
f 4469 3462 4787
f 4471 4787 3305
f 3306 4471 3305
f 4655 3523 3463
f 4656 3463 4688
f 4690 4688 3464
f 4692 3464 4431
f 4691 4431 4430
f 3465 4430 4429
f 4425 4429 4424
f 4465 4424 3466
f 4462 3466 4746
f 4747 4746 4768
f 4785 4768 4784
f 4786 4784 4456
f 3467 4456 3468
f 4463 3468 4459
f 3241 4463 4459
f 4713 3523 4725
f 4689 4725 4724
f 4432 4724 4433
f 4435 4433 4434
f 3469 4434 3470
f 4461 3470 4454
f 4455 4454 4745
f 4767 4745 4782
f 3471 4782 3472
f 4803 3472 3473
f 4457 3473 4815
f 3474 4815 4838
f 3475 4838 4852
f 4460 4852 4453
f 3243 4460 4453
f 3476 3523 3477
f 4439 3477 4442
f 4438 4442 3479
f 3478 3479 3480
f 3481 3480 4744
f 4743 4744 4766
f 4781 4766 4779
f 4783 4779 3482
f 3483 3482 4814
f 4451 4814 4446
f 4837 4446 3484
f 4452 3484 3485
f 3486 3485 4887
f 4886 4887 4449
f 3303 4886 4449
f 4437 3523 4440
f 4436 4440 3487
f 4450 3487 4742
f 4443 4742 3488
f 4778 3488 4764
f 4780 4764 3489
f 4444 3489 4813
f 4445 4813 4836
f 3490 4836 3491
f 3492 3491 4872
f 4871 4872 3493
f 4447 3493 4915
f 4918 4915 4944
f 4448 4944 3300
f 3244 4448 3300
f 4741 3523 4758
f 4441 4758 4760
f 3494 4760 3495
f 4763 3495 4800
f 4765 4800 4801
f 4802 4801 4832
f 4834 4832 3496
f 4835 3496 3497
f 4870 3497 3498
f 4869 3498 3499
f 4914 3499 3500
f 4916 3500 4942
f 4917 4942 3501
f 3502 3501 4975
f 3245 3502 4975
f 4759 3523 4795
f 4761 4795 4762
f 4799 4762 4798
f 3503 4798 4828
f 4831 4828 4863
f 4833 4863 4865
f 4867 4865 3504
f 4866 3504 4868
f 4910 4868 3505
f 4911 3505 4912
f 4913 4912 4971
f 4941 4971 4943
f 4976 4943 4977
f 4978 4977 5013
f 5025 4978 5013
f 4796 3523 4851
f 4797 4851 4826
f 3506 4826 4825
f 4830 4825 4860
f 4829 4860 4864
f 3507 4864 4905
f 3508 4905 4906
f 4907 4906 4908
f 4909 4908 4938
f 4940 4938 3509
f 4972 3509 4970
f 4973 4970 4974
f 5012 4974 3510
f 3298 3510 5044
f 3297 3298 5044
f 4824 3523 4327
f 4823 4327 4325
f 4827 4325 3511
f 4861 3511 4862
f 3512 4862 3513
f 3514 3513 4324
f 4937 4324 3515
f 4939 3515 3516
f 3517 3516 5010
f 4969 5010 3519
f 3518 3519 4322
f 5011 4322 3520
f 5042 3520 5043
f 3296 5043 3522
f 3521 3296 3522
f 4326 3523 4898
f 4885 4898 4901
f 4904 4901 4902
f 4936 4902 3524
f 3525 3524 3527
f 3526 3527 4968
f 4988 4968 3528
f 4989 3528 5009
f 5023 5009 5024
f 4323 5024 5039
f 5041 5039 3529
f 5052 3529 4373
f 4321 4373 4374
f 4328 4374 3531
f 3530 4328 3531
f 4899 3523 4900
f 4903 4900 4931
f 4934 4931 4932
f 4935 4932 3532
f 4966 3532 4967
f 4965 4967 5005
f 5008 5005 5038
f 5007 5038 5037
f 5040 5037 3533
f 4330 3533 3534
f 4329 3534 3535
f 3536 3535 3537
f 5071 3537 3538
f 4375 3538 3295
f 3252 4375 3295
f 4930 3523 4959
f 3539 4959 3540
f 4933 3540 3541
f 4963 3541 5000
f 4964 5000 5001
f 5004 5001 5036
f 5006 5036 3542
f 4332 3542 4334
f 4331 4334 4367
f 4371 4367 4372
f 3543 4372 5070
f 5092 5070 5091
f 3544 5091 5102
f 3293 5102 3292
f 3545 3293 3292
f 4960 3523 3546
f 4961 3546 4996
f 4962 4996 4999
f 5002 4999 4338
f 5003 4338 4335
f 4336 4335 3547
f 4333 3547 3548
f 3549 3548 4370
f 4368 4370 4361
f 5090 4361 3551
f 3550 3551 4362
f 3552 4362 3553
f 3554 3553 5140
f 4369 5140 3555
f 3254 4369 3555
f 5022 3523 5035
f 4997 5035 3556
f 4998 3556 4341
f 3557 4341 4340
f 4337 4340 4359
f 4360 4359 4358
f 5069 4358 3558
f 5088 3558 5089
f 3559 5089 5101
f 3560 5101 5123
f 4363 5123 3561
f 4364 3561 4355
f 4365 4355 3562
f 4366 3562 3290
f 3563 4366 3290
f 5034 3523 3564
f 4342 3564 3565
f 4339 3565 3566
f 3567 3566 4357
f 5066 4357 5067
f 5068 5067 5087
f 5100 5087 3568
f 4352 3568 5139
f 4353 5139 5138
f 4354 5138 5168
f 3569 5168 4350
f 5183 4350 5182
f 5184 5182 3570
f 4356 3570 5211
f 3256 4356 5211
f 3571 3523 4343
f 4344 4343 4346
f 5064 4346 5065
f 5063 5065 5086
f 4347 5086 5099
f 3572 5099 3573
f 5137 3573 3574
f 5136 3574 5158
f 4348 5158 5180
f 4349 5180 5181
f 3575 5181 3576
f 4351 3576 5210
f 3577 5210 5237
f 3288 5237 3287
f 3259 3288 3287
f 5062 3523 3578
f 4345 3578 5080
f 5084 5080 5082
f 5085 5082 5117
f 5120 5117 5121
f 5122 5121 5155
f 3579 5155 3580
f 5156 3580 3581
f 5157 3581 5179
f 3582 5179 3583
f 5208 3583 5207
f 5209 5207 5236
f 3584 5236 3585
f 3587 3585 3586
f 3261 3587 3586
f 5081 3523 3589
f 3588 3589 5115
f 5083 5115 5116
f 5118 5116 5152
f 5119 5152 5153
f 5154 5153 5174
f 5177 5174 3590
f 5176 3590 3591
f 5178 3591 3593
f 3592 3593 5231
f 3594 5231 3595
f 5235 3595 5258
f 3596 5258 3597
f 5262 3597 3598
f 3286 5262 3598
f 5114 3523 4295
f 5113 4295 3600
f 3599 3600 3601
f 5151 3601 4293
f 3602 4293 3604
f 3603 3604 5219
f 5175 5219 4291
f 5206 4291 5249
f 5232 5249 5233
f 5234 5233 4288
f 5259 4288 4287
f 5260 4287 5261
f 5289 5261 5290
f 5291 5290 3605
f 3264 5291 3605
f 4294 3523 3606
f 3606 3523 3283
f 3283 3523 3282
f 3282 3523 3191
f 3191 3523 3607
f 3607 3523 3608
f 5228 3608 5247
f 3189 5247 3609
f 3188 3609 5277
f 5285 5277 3610
f 5307 3610 5308
f 3186 5308 4297
f 4256 4297 4259
f 4252 4259 4253
f 3184 4253 4167
f 3183 4167 3611
f 4168 3611 4169
f 4164 4169 3612
f 3613 3612 4224
f 3227 3613 4224
f 3614 3523 3616
f 3615 3616 5274
f 5278 5274 5276
f 5279 5276 5280
f 5281 5280 3617
f 3618 3617 4113
f 4108 4113 4111
f 4116 4111 4112
f 4115 4112 4170
f 4166 4170 4172
f 4165 4172 4216
f 3619 4216 4218
f 4225 4218 4220
f 4226 4220 3620
f 3314 4226 3620
f 5275 3523 3622
f 3621 3622 3623
f 5305 3623 4261
f 4260 4261 4119
f 3624 4119 3625
f 4114 3625 4121
f 4110 4121 4175
f 4109 4175 4174
f 4171 4174 4214
f 4217 4214 4207
f 4219 4207 4208
f 4221 4208 4209
f 4500 4209 4210
f 4222 4210 4211
f 3626 4222 4211
f 5304 3523 4263
f 4262 4263 4124
f 4120 4124 4122
f 4118 4122 4126
f 4127 4126 4177
f 4117 4177 4201
f 4173 4201 4206
f 4212 4206 4213
f 4215 4213 4498
f 3627 4498 4499
f 4511 4499 4204
f 4512 4204 4537
f 4539 4537 4550
f 3628 4550 3629
f 3229 3628 3629
f 4125 3523 3630
f 4123 3630 3631
f 3632 3631 3633
f 4180 3633 3634
f 4176 3634 4200
f 4202 4200 4196
f 4203 4196 3635
f 4497 3635 4197
f 4508 4197 4509
f 4510 4509 3636
f 4538 3636 4549
f 4205 4549 3637
f 4570 3637 4580
f 4579 4580 4599
f 4614 4579 4599
f 4278 4144 3674
f 3638 3674 4279
f 4280 4279 5316
f 5302 5316 3639
f 3654 3639 3640
f 3652 3640 5272
f 5252 5272 5253
f 3650 5253 5223
f 3641 5223 3642
f 5215 3642 3672
f 5199 3672 5198
f 5188 5198 3643
f 3645 3643 3644
f 3646 3644 3671
f 3646 3645 3644
f 3646 3335 3645
f 3645 3335 3647
f 5188 3647 3648
f 5199 3648 3383
f 5215 3383 3649
f 3641 3649 3381
f 3650 3381 3651
f 5252 3651 3653
f 3652 3653 3655
f 3654 3655 3656
f 5302 3656 5317
f 4280 5317 3657
f 3638 3657 3380
f 4278 3380 3379
f 3658 4144 3660
f 3659 3660 3690
f 5303 3690 3688
f 3661 3688 3662
f 3673 3662 5245
f 5244 5245 3687
f 3663 3687 3686
f 5216 3686 3665
f 3664 3665 3666
f 5200 3666 5171
f 5170 5171 3668
f 3667 3668 5160
f 3669 5160 3682
f 3670 3682 3337
f 3670 3669 3682
f 3670 3671 3669
f 3669 3671 3644
f 3667 3644 3643
f 5170 3643 5198
f 5200 5198 3672
f 3664 3672 3642
f 5216 3642 5223
f 3663 5223 5253
f 5244 5253 5272
f 3673 5272 3640
f 3661 3640 3639
f 5303 3639 5316
f 3659 5316 4279
f 3658 4279 3674
f 4140 4144 3702
f 3689 3702 5273
f 5254 5273 3701
f 5255 3701 3675
f 5224 3675 3700
f 5225 3700 3698
f 3685 3698 3676
f 3684 3676 3697
f 3677 3697 3678
f 3683 3678 5161
f 5145 5161 5128
f 5144 5128 5126
f 3681 5126 3679
f 3680 3679 3339
f 3680 3681 3679
f 3680 3337 3681
f 3681 3337 3682
f 5144 3682 5160
f 5145 5160 3668
f 3683 3668 5171
f 3677 5171 3666
f 3684 3666 3665
f 3685 3665 3686
f 5225 3686 3687
f 5224 3687 5245
f 5255 5245 3662
f 5254 3662 3688
f 3689 3688 3690
f 4140 3690 3660
f 4141 4144 4142
f 5246 4142 3716
f 5226 3716 3715
f 3699 3715 3714
f 5201 3714 5191
f 3691 5191 5189
f 5190 5189 5164
f 5163 5164 5162
f 3696 5162 3692
f 3695 3692 5108
f 5127 5108 3712
f 5106 3712 5073
f 3694 5073 3711
f 3693 3711 3340
f 3693 3694 3711
f 3693 3339 3694
f 3694 3339 3679
f 5106 3679 5126
f 5127 5126 5128
f 3695 5128 5161
f 3696 5161 3678
f 5163 3678 3697
f 5190 3697 3676
f 3691 3676 3698
f 5201 3698 3700
f 3699 3700 3675
f 5226 3675 3701
f 5246 3701 5273
f 4141 5273 3702
f 4143 4144 3703
f 5227 3703 3730
f 3704 3730 3729
f 5202 3729 3728
f 3705 3728 3726
f 5165 3726 5147
f 3713 5147 3725
f 5130 3725 3706
f 5129 3706 5107
f 5096 5107 3724
f 3707 3724 3723
f 5074 3723 4313
f 3708 4313 3709
f 3710 3709 3341
f 3710 3708 3709
f 3710 3340 3708
f 3708 3340 3711
f 5074 3711 5073
f 3707 5073 3712
f 5096 3712 5108
f 5129 5108 3692
f 5130 3692 5162
f 3713 5162 5164
f 5165 5164 5189
f 3705 5189 5191
f 5202 5191 3714
f 3704 3714 3715
f 5227 3715 3716
f 4143 3716 4142
f 5203 4144 3743
f 5204 3743 3717
f 3727 3717 3742
f 5172 3742 3718
f 5146 3718 3741
f 5131 3741 5110
f 5132 5110 3719
f 5109 3719 5097
f 5075 5097 4381
f 4379 4381 4309
f 4380 4309 3720
f 4314 3720 3721
f 3722 3721 3739
f 3343 3739 3344
f 3343 3722 3739
f 3343 3341 3722
f 3722 3341 3709
f 4314 3709 4313
f 4380 4313 3723
f 4379 3723 3724
f 5075 3724 5107
f 5109 5107 3706
f 5132 3706 3725
f 5131 3725 5147
f 5146 5147 3726
f 5172 3726 3728
f 3727 3728 3729
f 5204 3729 3730
f 5203 3730 3703
f 5173 4144 3731
f 5166 3731 5150
f 5148 5150 3751
f 3740 3751 3732
f 5133 3732 3750
f 5111 3750 3734
f 3733 3734 4383
f 5076 4383 3735
f 4310 3735 4307
f 4312 4307 4311
f 3736 4311 5056
f 5048 5056 3749
f 3738 3749 3748
f 3737 3748 4990
f 3737 3738 3748
f 3737 3344 3738
f 3738 3344 3739
f 5048 3739 3721
f 3736 3721 3720
f 4312 3720 4309
f 4310 4309 4381
f 5076 4381 5097
f 3733 5097 3719
f 5111 3719 5110
f 5133 5110 3741
f 3740 3741 3718
f 5148 3718 3742
f 5166 3742 3717
f 5173 3717 3743
f 4145 4144 5149
f 5135 5149 5112
f 5134 5112 5098
f 3744 5098 3768
f 5077 3768 3767
f 4382 3767 4302
f 4305 4302 3745
f 4308 3745 3766
f 4306 3766 5057
f 5049 5057 3765
f 5050 3765 3764
f 3746 3764 3762
f 3747 3762 4981
f 3346 4981 3760
f 3346 3747 4981
f 3346 4990 3747
f 3747 4990 3748
f 3746 3748 3749
f 5050 3749 5056
f 5049 5056 4311
f 4306 4311 4307
f 4308 4307 3735
f 4305 3735 4383
f 4382 4383 3734
f 5077 3734 3750
f 3744 3750 3732
f 5134 3732 3751
f 5135 3751 5150
f 4145 5150 3731
f 3770 4144 3785
f 3769 3785 3784
f 5078 3784 3752
f 5079 3752 3783
f 4384 3783 4300
f 4303 4300 3753
f 4304 3753 3754
f 3755 3754 5031
f 5030 5031 3782
f 3763 3782 3756
f 5017 3756 4984
f 4992 4984 3757
f 3761 3757 3781
f 3759 3781 3758
f 3759 3761 3781
f 3759 3760 3761
f 3761 3760 4981
f 4992 4981 3762
f 5017 3762 3764
f 3763 3764 3765
f 5030 3765 5057
f 3755 5057 3766
f 4304 3766 3745
f 4303 3745 4302
f 4384 4302 3767
f 5079 3767 3768
f 5078 3768 5098
f 3769 5098 5112
f 3770 5112 5149
f 3771 4144 4387
f 4386 4387 4388
f 4385 4388 3772
f 4301 3772 5059
f 4299 5059 5058
f 3773 5058 5033
f 3774 5033 4146
f 5032 4146 3775
f 3776 3775 3777
f 4982 3777 4148
f 4983 4148 3778
f 4954 3778 3779
f 3780 3779 4926
f 3348 4926 4891
f 3348 3780 4926
f 3348 3758 3780
f 3780 3758 3781
f 4954 3781 3757
f 4983 3757 4984
f 4982 4984 3756
f 3776 3756 3782
f 5032 3782 5031
f 3774 5031 3754
f 3773 3754 3753
f 4299 3753 4300
f 4301 4300 3783
f 4385 3783 3752
f 4386 3752 3784
f 3771 3784 3785
f 3786 4144 4298
f 5061 4298 3787
f 5060 3787 3820
f 3803 3820 3819
f 5019 3819 3789
f 3788 3789 3791
f 3790 3791 4956
f 4985 4956 3792
f 3800 3792 3817
f 3799 3817 3816
f 4927 3816 4892
f 3793 4892 3815
f 3794 3815 3795
f 4854 3795 4841
f 4854 3794 3795
f 4854 3796 3794
f 3794 3796 3797
f 3793 3797 4923
f 4927 4923 3798
f 3799 3798 4149
f 3800 4149 3801
f 4985 3801 4993
f 3790 4993 5018
f 3788 5018 4147
f 5019 4147 3802
f 3803 3802 3804
f 5060 3804 3805
f 5061 3805 3806
f 3786 3806 3807
f 4144 3786 3807
f 3808 4144 4150
f 5051 4150 3840
f 5020 3840 3838
f 4994 3838 4995
f 3818 4995 3836
f 4986 3836 4948
f 4955 4948 3809
f 4946 3809 3833
f 4928 3833 3831
f 4893 3831 3810
f 4875 3810 3829
f 4876 3829 3811
f 3814 3811 3812
f 3813 3812 3349
f 3813 3814 3812
f 3813 4841 3814
f 3814 4841 3795
f 4876 3795 3815
f 4875 3815 4892
f 4893 4892 3816
f 4928 3816 3817
f 4946 3817 3792
f 4955 3792 4956
f 4986 4956 3791
f 3818 3791 3789
f 4994 3789 3819
f 5020 3819 3820
f 5051 3820 3787
f 3808 3787 4298
f 3839 4144 4151
f 5021 4151 3821
f 3837 3821 4987
f 3835 4987 4957
f 4947 4957 3853
f 3834 3853 3822
f 3832 3822 3852
f 4894 3852 3851
f 3830 3851 4857
f 4856 4857 3823
f 4842 3823 3824
f 4818 3824 3825
f 3828 3825 3826
f 3351 3826 3827
f 3351 3828 3826
f 3351 3349 3828
f 3828 3349 3812
f 4818 3812 3811
f 4842 3811 3829
f 4856 3829 3810
f 3830 3810 3831
f 4894 3831 3833
f 3832 3833 3809
f 3834 3809 4948
f 4947 4948 3836
f 3835 3836 4995
f 3837 4995 3838
f 5021 3838 3840
f 3839 3840 4150
f 3854 4144 3872
f 3841 3872 4950
f 4958 4950 3871
f 3842 3871 4929
f 3843 4929 3844
f 4924 3844 4895
f 3845 4895 4877
f 4878 4877 3846
f 4843 3846 3868
f 4819 3868 3847
f 4820 3847 3867
f 4790 3867 4772
f 3850 4772 3849
f 3848 3849 3353
f 3848 3850 3849
f 3848 3827 3850
f 3850 3827 3826
f 4790 3826 3825
f 4820 3825 3824
f 4819 3824 3823
f 4843 3823 4857
f 4878 4857 3851
f 3845 3851 3852
f 4924 3852 3822
f 3843 3822 3853
f 3842 3853 4957
f 4958 4957 4987
f 3841 4987 3821
f 3854 3821 4151
f 4951 4144 4152
f 4949 4152 3856
f 3855 3856 3857
f 3870 3857 4896
f 4897 4896 4879
f 3869 4879 4848
f 4844 4848 3858
f 4845 3858 3860
f 3859 3860 3861
f 4808 3861 3863
f 3862 3863 3883
f 4773 3883 4752
f 3864 4752 3865
f 3866 3865 4408
f 3866 3864 3865
f 3866 3353 3864
f 3864 3353 3849
f 4773 3849 4772
f 3862 4772 3867
f 4808 3867 3847
f 3859 3847 3868
f 4845 3868 3846
f 4844 3846 4877
f 3869 4877 4895
f 4897 4895 3844
f 3870 3844 4929
f 3855 4929 3871
f 4949 3871 4950
f 4951 4950 3872
f 3873 4144 3874
f 3886 3874 4884
f 4880 4884 4859
f 4881 4859 3875
f 4846 3875 3897
f 4847 3897 3876
f 3885 3876 3896
f 3884 3896 3877
f 4774 3877 3878
f 4775 3878 4478
f 4477 4478 4402
f 4406 4402 4404
f 3879 4404 3880
f 3882 3880 3881
f 3882 3879 3880
f 3882 4408 3879
f 3879 4408 3865
f 4406 3865 4752
f 4477 4752 3883
f 4775 3883 3863
f 4774 3863 3861
f 3884 3861 3860
f 3885 3860 3858
f 4847 3858 4848
f 4846 4848 4879
f 4881 4879 4896
f 4880 4896 3857
f 3886 3857 3856
f 3873 3856 4152
f 4882 4144 3887
f 4883 3887 4858
f 4850 4858 4822
f 4849 4822 3907
f 3888 3907 4793
f 4791 4793 3889
f 4792 3889 4776
f 4754 4776 4753
f 4755 4753 3906
f 4403 3906 3890
f 4405 3890 3905
f 3895 3905 3891
f 3894 3891 3892
f 3893 3892 3354
f 3893 3894 3892
f 3893 3881 3894
f 3894 3881 3880
f 3895 3880 4404
f 4405 4404 4402
f 4403 4402 4478
f 4755 4478 3878
f 4754 3878 3877
f 4792 3877 3896
f 4791 3896 3876
f 3888 3876 3897
f 4849 3897 3875
f 4850 3875 4859
f 4883 4859 4884
f 4882 4884 3874
f 3908 4144 3927
f 4821 3927 3898
f 4809 3898 3926
f 4810 3926 3899
f 4777 3899 3900
f 4756 3900 3901
f 4757 3901 3924
f 4479 3924 3923
f 4400 3923 4401
f 4738 4401 3921
f 3902 3921 3920
f 4718 3920 3918
f 4719 3918 3903
f 3904 3903 3917
f 3904 4719 3903
f 3904 3354 4719
f 4719 3354 3892
f 4718 3892 3891
f 3902 3891 3905
f 4738 3905 3890
f 4400 3890 3906
f 4479 3906 4753
f 4757 4753 4776
f 4756 4776 3889
f 4777 3889 4793
f 4810 4793 3907
f 4809 3907 4822
f 4821 4822 4858
f 3908 4858 3887
f 4811 4144 4812
f 4794 4812 3909
f 3925 3909 3945
f 3910 3945 3943
f 4480 3943 3941
f 4398 3941 3940
f 3911 3940 4399
f 3922 4399 3938
f 3912 3938 3936
f 3919 3936 3913
f 4720 3913 3914
f 4709 3914 3915
f 3916 3915 4646
f 3355 4646 4635
f 3355 3916 4646
f 3355 3917 3916
f 3916 3917 3903
f 4709 3903 3918
f 4720 3918 3920
f 3919 3920 3921
f 3912 3921 4401
f 3922 4401 3923
f 3911 3923 3924
f 4398 3924 3901
f 4480 3901 3900
f 3910 3900 3899
f 3925 3899 3926
f 4794 3926 3898
f 4811 3898 3927
f 4153 4144 4154
f 3944 4154 3928
f 3942 3928 3955
f 3929 3955 4394
f 4397 4394 3930
f 4396 3930 4739
f 3939 4739 3953
f 3937 3953 3931
f 4710 3931 3932
f 4711 3932 4680
f 4681 4680 4647
f 3933 4647 3952
f 3934 3952 3935
f 3356 3935 3357
f 3356 3934 3935
f 3356 4635 3934
f 3934 4635 4646
f 3933 4646 3915
f 4681 3915 3914
f 4711 3914 3913
f 4710 3913 3936
f 3937 3936 3938
f 3939 3938 4399
f 4396 4399 3940
f 4397 3940 3941
f 3929 3941 3943
f 3942 3943 3945
f 3944 3945 3909
f 4153 3909 4812
f 3956 4144 4155
f 4393 4155 3946
f 4392 3946 3980
f 4395 3980 4740
f 3954 4740 3978
f 4730 3978 3977
f 4721 3977 3976
f 4682 3976 3975
f 4683 3975 3973
f 3947 3973 3948
f 3949 3948 3970
f 3951 3970 4606
f 3950 4606 3968
f 3358 3968 3967
f 3358 3950 3968
f 3358 3357 3950
f 3950 3357 3935
f 3951 3935 3952
f 3949 3952 4647
f 3947 4647 4680
f 4683 4680 3932
f 4682 3932 3931
f 4721 3931 3953
f 4730 3953 4739
f 3954 4739 3930
f 4395 3930 4394
f 4392 4394 3955
f 4393 3955 3928
f 3956 3928 4154
f 4391 4144 4389
f 4390 4389 4733
f 3957 4733 3992
f 3979 3992 3958
f 4722 3958 3959
f 4712 3959 3960
f 3974 3960 3962
f 3961 3962 4648
f 3972 4648 3963
f 3971 3963 3964
f 3969 3964 3965
f 4605 3965 4572
f 3966 4572 3990
f 3360 3990 3988
f 3360 3966 3990
f 3360 3967 3966
f 3966 3967 3968
f 4605 3968 4606
f 3969 4606 3970
f 3971 3970 3948
f 3972 3948 3973
f 3961 3973 3975
f 3974 3975 3976
f 4712 3976 3977
f 4722 3977 3978
f 3979 3978 4740
f 3957 4740 3980
f 4390 3980 3946
f 4391 3946 4155
f 4731 4144 4003
f 4732 4003 4002
f 4723 4002 4001
f 4685 4001 4684
f 4675 4684 3981
f 3982 3981 3983
f 4649 3983 3984
f 4636 3984 3985
f 3991 3985 4607
f 4608 4607 3999
f 3986 3999 4556
f 3989 4556 3998
f 4555 3998 4517
f 3987 4517 3361
f 3987 4555 4517
f 3987 3988 4555
f 4555 3988 3990
f 3989 3990 4572
f 3986 4572 3965
f 4608 3965 3964
f 3991 3964 3963
f 4636 3963 4648
f 4649 4648 3962
f 3982 3962 3960
f 4675 3960 3959
f 4685 3959 3958
f 4723 3958 3992
f 4732 3992 4733
f 4731 4733 4389
f 4156 4144 3993
f 4687 3993 4686
f 3994 4686 4676
f 4651 4676 3995
f 4650 3995 3996
f 4000 3996 4617
f 4618 4617 3997
f 4609 3997 4574
f 4582 4574 4012
f 4573 4012 4011
f 4542 4011 4010
f 4541 4010 4009
f 4516 4009 4484
f 3362 4484 4230
f 3362 4516 4484
f 3362 3361 4516
f 4516 3361 4517
f 4541 4517 3998
f 4542 3998 4556
f 4573 4556 3999
f 4582 3999 4607
f 4609 4607 3985
f 4618 3985 3984
f 4000 3984 3983
f 4650 3983 3981
f 4651 3981 4684
f 3994 4684 4001
f 4687 4001 4002
f 4156 4002 4003
f 4157 4144 4037
f 4653 4037 4036
f 4652 4036 4035
f 4004 4035 4034
f 4013 4034 4005
f 4610 4005 4033
f 4583 4033 4032
f 4557 4032 4006
f 4558 4006 4543
f 4518 4543 4029
f 4007 4029 4028
f 4008 4028 4232
f 4483 4232 4027
f 3363 4027 4025
f 3363 4483 4027
f 3363 4230 4483
f 4483 4230 4484
f 4008 4484 4009
f 4007 4009 4010
f 4518 4010 4011
f 4558 4011 4012
f 4557 4012 4574
f 4583 4574 3997
f 4610 3997 4617
f 4013 4617 3996
f 4004 3996 3995
f 4652 3995 4676
f 4653 4676 4686
f 4157 4686 3993
f 4638 4144 4637
f 4639 4637 4619
f 4014 4619 4016
f 4015 4016 4017
f 4577 4017 4575
f 4576 4575 4545
f 4031 4545 4018
f 4544 4018 4019
f 4030 4019 4486
f 4485 4486 4020
f 4233 4020 4021
f 4026 4021 4231
f 4023 4231 4022
f 4024 4022 4043
f 4024 4023 4022
f 4024 4025 4023
f 4023 4025 4027
f 4026 4027 4232
f 4233 4232 4028
f 4485 4028 4029
f 4030 4029 4543
f 4544 4543 4006
f 4031 4006 4032
f 4576 4032 4033
f 4577 4033 4005
f 4015 4005 4034
f 4014 4034 4035
f 4639 4035 4036
f 4638 4036 4037
f 4620 4144 4038
f 4039 4038 3375
f 4584 3375 3373
f 4158 3373 3372
f 4559 3372 4522
f 4159 4522 4040
f 4519 4040 3371
f 4041 3371 4236
f 4160 4236 4234
f 4161 4234 4248
f 4250 4248 4131
f 4042 4131 4129
f 3377 4042 4129
f 3377 4022 4042
f 3377 4043 4022
f 4038 4144 3374
f 3374 4144 4044
f 4045 4044 4046
f 4560 4046 4064
f 4546 4064 4520
f 4521 4520 4062
f 4488 4062 4487
f 4237 4487 4047
f 4235 4047 4060
f 4249 4060 4135
f 3370 4135 4130
f 3369 4130 4267
f 4048 4267 4264
f 4050 4264 4049
f 3366 4049 4058
f 3366 4050 4049
f 3366 3367 4050
f 4051 4144 4162
f 4547 4162 4079
f 4063 4079 4491
f 4489 4491 4052
f 4490 4052 4076
f 4053 4076 4238
f 4061 4238 4054
f 4059 4054 4134
f 4055 4134 4132
f 4133 4132 4265
f 4266 4265 4057
f 4056 4057 4074
f 4285 4074 5296
f 5294 5296 4073
f 5294 4285 5296
f 5294 4058 4285
f 4285 4058 4049
f 4056 4049 4264
f 4266 4264 4267
f 4133 4267 4130
f 4055 4130 4135
f 4059 4135 4060
f 4061 4060 4047
f 4053 4047 4487
f 4490 4487 4062
f 4489 4062 4520
f 4063 4520 4064
f 4547 4064 4046
f 4051 4046 4044
f 4505 4144 4089
f 4078 4089 4065
f 4077 4065 4066
f 4239 4066 4067
f 4246 4067 4247
f 4245 4247 4068
f 4136 4068 4088
f 4270 4088 4069
f 4075 4069 4268
f 4269 4268 5314
f 5313 5314 4086
f 5297 4086 4070
f 5295 4070 4071
f 4072 4071 3331
f 4072 5295 4071
f 4072 4073 5295
f 5295 4073 5296
f 5297 5296 4074
f 5313 4074 4057
f 4269 4057 4265
f 4075 4265 4132
f 4270 4132 4134
f 4136 4134 4054
f 4245 4054 4238
f 4246 4238 4076
f 4239 4076 4052
f 4077 4052 4491
f 4078 4491 4079
f 4505 4079 4162
f 4163 4144 4240
f 4241 4240 4104
f 4244 4104 4080
f 4243 4080 4103
f 4081 4103 4083
f 4082 4083 4273
f 4272 4273 4271
f 4284 4271 4102
f 4087 4102 4101
f 5299 4101 5283
f 5298 5283 5269
f 4084 5269 5266
f 5267 5266 4100
f 4085 4100 3333
f 4085 5267 4100
f 4085 3331 5267
f 5267 3331 4071
f 4084 4071 4070
f 5298 4070 4086
f 5299 4086 5314
f 4087 5314 4268
f 4284 4268 4069
f 4272 4069 4088
f 4082 4088 4068
f 4081 4068 4247
f 4243 4247 4067
f 4244 4067 4066
f 4241 4066 4065
f 4163 4065 4089
f 4090 4144 4105
f 4242 4105 4139
f 4137 4139 4091
f 4092 4091 3389
f 4274 3389 4093
f 4275 4093 3388
f 4283 3388 4094
f 5300 4094 5301
f 4095 5301 3387
f 5268 3387 4096
f 5251 4096 3386
f 5250 3386 3385
f 4099 3385 5214
f 4097 5214 4098
f 4097 4099 5214
f 4097 3333 4099
f 4099 3333 4100
f 5250 4100 5266
f 5251 5266 5269
f 5268 5269 5283
f 4095 5283 4101
f 5300 4101 4102
f 4283 4102 4271
f 4275 4271 4273
f 4274 4273 4083
f 4092 4083 4103
f 4137 4103 4080
f 4242 4080 4104
f 4090 4104 4240
f 4105 4144 4138
f 3285 3272 3266
f 3272 4106 3182
f 4107 3274 3285
f 3611 4168 3183
f 3183 4168 4106
f 3274 3273 3272
f 3273 3185 4106
f 4170 4166 4115
f 4115 4166 4167
f 4253 4115 4167
f 4253 4116 4115
f 4253 4259 4116
f 4116 4259 4108
f 4111 4116 4108
f 3185 3184 3183
f 3183 3184 4167
f 4175 4109 4110
f 4110 4109 4112
f 4111 4110 4112
f 4111 4114 4110
f 4111 4113 4114
f 4114 4113 3624
f 3625 4114 3624
f 4112 4115 4116
f 4177 4117 4127
f 4127 4117 4121
f 3625 4127 4121
f 3625 4118 4127
f 3625 4119 4118
f 4118 4119 4120
f 4122 4118 4120
f 4121 4110 4114
f 3633 4180 3632
f 3632 4180 4126
f 4122 3632 4126
f 4122 4123 3632
f 4122 4124 4123
f 4123 4124 4125
f 3630 4123 4125
f 4126 4127 4118
f 3390 4179 4128
f 4128 4179 3631
f 3630 4128 3631
f 3630 3523 4128
f 3631 3632 4123
f 4267 4048 3369
f 3369 4048 4129
f 3370 4130 3369
f 4131 3370 3369
f 4132 4133 4055
f 4055 4133 4130
f 4059 4134 4055
f 4135 4059 4055
f 4088 4270 4136
f 4136 4270 4134
f 4245 4068 4136
f 4054 4245 4136
f 4083 4082 4081
f 4081 4082 4068
f 4243 4103 4081
f 4247 4243 4081
f 4091 4092 4137
f 4137 4092 4103
f 4242 4139 4137
f 4080 4242 4137
f 3379 4276 4138
f 4138 4276 4139
f 3379 4144 4278
f 3674 4144 3658
f 3660 4144 4140
f 3702 4144 4141
f 4142 4144 4143
f 3703 4144 5203
f 3743 4144 5173
f 3731 4144 4145
f 5149 4144 3770
f 3785 4144 3771
f 4387 4144 3807
f 4388 3807 3806
f 3772 3806 3805
f 5059 3805 3804
f 5058 3804 3802
f 5033 3802 4147
f 4146 4147 5018
f 3775 5018 4993
f 3777 4993 3801
f 4148 3801 4149
f 3778 4149 3798
f 3779 3798 4923
f 4926 4923 3797
f 4891 3797 3796
f 4891 4926 3797
f 4298 4144 3808
f 4150 4144 3839
f 4151 4144 3854
f 3872 4144 4951
f 4152 4144 3873
f 3874 4144 4882
f 3887 4144 3908
f 3927 4144 4811
f 4812 4144 4153
f 4154 4144 3956
f 4155 4144 4391
f 4389 4144 4731
f 4003 4144 4156
f 3993 4144 4157
f 4037 4144 4638
f 4637 4144 4620
f 4619 4620 4039
f 4016 4039 4584
f 4017 4584 4158
f 4575 4158 4559
f 4545 4559 4159
f 4018 4159 4519
f 4019 4519 4041
f 4486 4041 4160
f 4020 4160 4161
f 4021 4161 4250
f 4231 4250 4042
f 4022 4231 4042
f 4044 4144 4051
f 4162 4144 4505
f 4089 4144 4163
f 4240 4144 4090
f 3612 3613 4164
f 4164 3613 3265
f 3266 3182 3265
f 4216 3619 4165
f 4165 3619 4169
f 3611 4165 4169
f 3611 4166 4165
f 3611 4167 4166
f 3182 4168 4164
f 4164 4168 4169
f 4214 4217 4171
f 4171 4217 4172
f 4170 4171 4172
f 4170 4109 4171
f 4170 4112 4109
f 4172 4165 4166
f 4206 4212 4173
f 4173 4212 4174
f 4175 4173 4174
f 4175 4117 4173
f 4175 4121 4117
f 4174 4171 4109
f 4200 4202 4176
f 4176 4202 4201
f 4177 4176 4201
f 4177 4180 4176
f 4177 4126 4180
f 4201 4173 4117
f 3391 4195 4178
f 4178 4195 3634
f 3633 4178 3634
f 3633 4179 4178
f 3633 3631 4179
f 3634 4176 4180
f 3397 3398 3396
f 3396 3398 4181
f 3390 3396 4181
f 3390 3523 3396
f 4181 4178 4179
f 4184 3397 4183
f 4182 4183 3409
f 4182 4184 4183
f 4182 4185 4184
f 4182 4493 4185
f 4182 4186 4493
f 4181 3398 3391
f 3391 3398 4187
f 4188 4187 4189
f 4481 4189 3400
f 4496 3400 4531
f 4533 4531 4534
f 4190 4534 4191
f 4548 4191 3401
f 4569 3401 4192
f 3394 4192 3405
f 4612 3405 4193
f 3395 4193 4194
f 3311 4194 4641
f 3310 3311 4641
f 4187 3398 4184
f 4188 3391 4187
f 3634 4195 4200
f 4200 4195 4199
f 4196 4199 4495
f 3635 4495 3392
f 4197 3392 4536
f 4509 4536 4535
f 3636 4535 4568
f 4549 4568 3393
f 3637 3393 4598
f 4580 4598 4600
f 4599 4600 4613
f 4198 4599 4613
f 4199 4195 4188
f 4196 4200 4199
f 4201 4202 4206
f 4206 4202 4203
f 4213 4203 4497
f 4498 4497 4508
f 4499 4508 4510
f 4204 4510 4538
f 4537 4538 4205
f 4550 4205 4570
f 3629 4570 4579
f 3313 3629 4579
f 4203 4202 4196
f 4213 4206 4203
f 4174 4212 4214
f 4214 4212 4215
f 4207 4215 3627
f 4208 3627 4511
f 4209 4511 4512
f 4210 4512 4539
f 4211 4539 3628
f 3228 4211 3628
f 4215 4212 4213
f 4207 4214 4215
f 4172 4217 4216
f 4216 4217 4219
f 4218 4219 4221
f 4220 4221 4500
f 3620 4500 4222
f 4223 3620 4222
f 4219 4217 4207
f 4218 4216 4219
f 4169 3619 3612
f 3612 3619 4225
f 4224 4225 4226
f 3315 4224 4226
f 4225 3619 4218
f 4224 3612 4225
f 4227 4228 3181
f 3120 3119 4228
f 3177 3363 4229
f 4230 3177 3176
f 4231 4023 4026
f 4026 4023 4027
f 4250 4231 4021
f 4248 4250 4161
f 4232 4233 4026
f 4026 4233 4021
f 4160 4234 4161
f 4161 4021 4020
f 4060 4249 4235
f 4235 4249 4234
f 4237 4047 4235
f 4236 4237 4235
f 4238 4061 4053
f 4053 4061 4047
f 4490 4076 4053
f 4487 4490 4053
f 4067 4246 4239
f 4239 4246 4076
f 4077 4066 4239
f 4052 4077 4239
f 4104 4244 4241
f 4241 4244 4066
f 4163 4240 4241
f 4065 4163 4241
f 4242 4104 4090
f 4105 4242 4090
f 4243 4067 4244
f 4080 4243 4244
f 4245 4238 4246
f 4247 4245 4246
f 4059 4060 4061
f 4054 4059 4061
f 3370 4248 4249
f 4135 3370 4249
f 4042 4250 4131
f 3323 4254 4107
f 4254 3275 3274
f 3275 4251 3273
f 4252 4253 3184
f 4258 4252 3184
f 4251 4258 3185
f 4296 4255 4254
f 4255 3276 3275
f 3276 3267 4251
f 4256 4259 4252
f 4257 4256 4252
f 3267 4257 4258
f 3618 4113 4108
f 4297 4108 4259
f 4297 3618 4108
f 4297 5308 3618
f 3618 5308 5281
f 3617 3618 5281
f 4260 4119 3624
f 3617 3624 4113
f 3617 4260 3624
f 3617 5280 4260
f 4260 5280 5305
f 4261 4260 5305
f 4262 4124 4120
f 4261 4120 4119
f 4261 4262 4120
f 4261 3623 4262
f 4262 3623 5304
f 4263 4262 5304
f 3523 4125 4263
f 4263 4125 4124
f 4048 4264 4050
f 3368 4048 4050
f 4057 4056 4266
f 4266 4056 4264
f 4133 4265 4266
f 4267 4133 4266
f 4268 4269 4075
f 4075 4269 4265
f 4270 4069 4075
f 4132 4270 4075
f 4271 4284 4272
f 4272 4284 4069
f 4082 4273 4272
f 4088 4082 4272
f 4093 4275 4274
f 4274 4275 4273
f 4092 3389 4274
f 4083 4092 4274
f 3657 4282 4277
f 4277 4282 3389
f 4276 3380 4277
f 4091 4276 4277
f 3674 3638 4278
f 4278 3638 3380
f 4280 3657 3638
f 4279 4280 3638
f 4281 4093 4282
f 5317 4281 4282
f 4283 4271 4275
f 3388 4283 4275
f 4087 4268 4284
f 4102 4087 4284
f 5313 4057 4269
f 5314 5313 4269
f 4285 4049 4056
f 4074 4285 4056
f 3147 3146 3366
f 4286 3145 5312
f 5312 3145 3146
f 3222 3225 4286
f 3263 3226 3222
f 3323 5320 3605
f 4296 3605 5290
f 3324 5290 5261
f 5311 5261 4287
f 5288 4287 4288
f 3327 4288 5233
f 4289 5233 5249
f 3329 5249 4291
f 4290 4291 5219
f 3330 5219 3604
f 5205 3604 4293
f 4292 4293 3601
f 5167 3601 3600
f 4294 3600 4295
f 3523 4294 4295
f 3605 4296 3323
f 3324 4296 5290
f 5310 4255 3324
f 3316 3276 5310
f 3277 3267 3316
f 3268 4257 3277
f 3186 4297 4256
f 3268 3186 4256
f 5061 3806 3786
f 4298 5061 3786
f 3806 3772 4388
f 3783 4385 4301
f 4301 4385 3772
f 5059 3772 3805
f 4299 4300 4301
f 5059 4299 4301
f 4302 4384 4303
f 4303 4384 4300
f 4304 3745 4303
f 3753 4304 4303
f 3735 4305 4308
f 4308 4305 3745
f 4306 4307 4308
f 3766 4306 4308
f 4309 4310 4312
f 4312 4310 4307
f 3736 3720 4312
f 4311 3736 4312
f 4313 4380 4314
f 4314 4380 3720
f 3722 3709 4314
f 3721 3722 4314
f 3157 3340 4317
f 3156 3157 4315
f 4318 3156 4315
f 4317 3710 4316
f 4319 4315 5054
f 5054 4315 4317
f 4318 4320 4377
f 3211 4318 4319
f 4320 3521 3212
f 3247 4320 3211
f 4328 3248 3522
f 4321 3522 5043
f 5052 5043 3520
f 5041 3520 4322
f 4323 4322 3519
f 5023 3519 5010
f 4989 5010 3516
f 4988 3516 3515
f 3526 3515 4324
f 3525 4324 3513
f 4936 3513 4862
f 4904 4862 3511
f 4885 3511 4325
f 4326 4325 4327
f 3523 4326 4327
f 4374 4328 4321
f 4321 4328 3522
f 3535 3536 4329
f 4329 3536 4373
f 3529 4329 4373
f 3529 4330 4329
f 3529 5039 4330
f 4330 5039 5040
f 3533 4330 5040
f 5043 5052 4321
f 4321 5052 4373
f 4367 4371 4331
f 4331 4371 3534
f 3533 4331 3534
f 3533 4332 4331
f 3533 5037 4332
f 4332 5037 5006
f 3542 4332 5006
f 3534 4329 4330
f 3548 3549 4333
f 4333 3549 4334
f 3542 4333 4334
f 3542 4336 4333
f 3542 5036 4336
f 4336 5036 5003
f 4335 4336 5003
f 4334 4331 4332
f 4359 4360 4337
f 4337 4360 3547
f 4335 4337 3547
f 4335 3557 4337
f 4335 4338 3557
f 3557 4338 4998
f 4341 3557 4998
f 3547 4333 4336
f 3566 3567 4339
f 4339 3567 4340
f 4341 4339 4340
f 4341 4342 4339
f 4341 3556 4342
f 4342 3556 5034
f 3564 4342 5034
f 4340 4337 3557
f 4343 4344 3571
f 3571 4344 3565
f 3564 3571 3565
f 3564 3523 3571
f 3565 4339 4342
f 4346 4343 5062
f 4345 5062 3578
f 4345 4346 5062
f 4345 5065 4346
f 4345 5084 5065
f 4345 5080 5084
f 3565 4344 3566
f 3566 4344 5064
f 4357 5064 5063
f 5067 5063 4347
f 5087 4347 3572
f 3568 3572 5137
f 5139 5137 5136
f 5138 5136 4348
f 5168 4348 4349
f 4350 4349 3575
f 5182 3575 4351
f 3570 4351 3577
f 5211 3577 3288
f 3289 5211 3288
f 5064 4344 4346
f 4357 3566 5064
f 4340 3567 4359
f 4359 3567 5066
f 4358 5066 5068
f 3558 5068 5100
f 5089 5100 4352
f 5101 4352 4353
f 5123 4353 4354
f 3561 4354 3569
f 4355 3569 5183
f 3562 5183 5184
f 3290 5184 4356
f 3255 3290 4356
f 5066 3567 4357
f 4358 4359 5066
f 3547 4360 3548
f 3548 4360 5069
f 4370 5069 5088
f 4361 5088 3559
f 3551 3559 3560
f 4362 3560 4363
f 3553 4363 4364
f 5140 4364 4365
f 3555 4365 4366
f 3291 3555 4366
f 5069 4360 4358
f 4370 3548 5069
f 4334 3549 4367
f 4367 3549 4368
f 4372 4368 5090
f 5070 5090 3550
f 5091 3550 3552
f 5102 3552 3554
f 3292 3554 4369
f 3253 3292 4369
f 4368 3549 4370
f 4372 4367 4368
f 3534 4371 3535
f 3535 4371 3543
f 3537 3543 5092
f 3538 5092 3544
f 3295 3544 3293
f 3294 3295 3293
f 3543 4371 4372
f 3537 3535 3543
f 4373 3536 4374
f 4374 3536 5071
f 3531 5071 4375
f 3251 3531 4375
f 5071 3536 3537
f 3531 4374 5071
f 3249 3212 3248
f 5072 4377 3212
f 4378 3156 4376
f 4376 3156 4377
f 3693 3157 4378
f 5074 4313 3708
f 3711 5074 3708
f 4379 4309 4380
f 3723 4379 4380
f 5076 3735 4310
f 4381 5076 4310
f 4382 4302 4305
f 4383 4382 4305
f 5079 3783 4384
f 3767 5079 4384
f 4386 4388 4385
f 3752 4386 4385
f 4387 3807 4388
f 4390 3946 4391
f 4389 4390 4391
f 3955 4393 4392
f 4392 4393 3946
f 4395 4394 4392
f 3980 4395 4392
f 3941 3929 4397
f 4397 3929 4394
f 4396 3940 4397
f 3930 4396 4397
f 3924 4398 3911
f 3911 4398 3940
f 3922 3923 3911
f 4399 3922 3911
f 3906 4479 4400
f 4400 4479 3923
f 4738 3890 4400
f 4401 4738 4400
f 4402 4403 4405
f 4405 4403 3890
f 3895 4404 4405
f 3905 3895 4405
f 3865 4406 3879
f 3879 4406 4404
f 3352 3866 3165
f 3164 3352 4407
f 4410 3164 4407
f 3165 4408 3166
f 3199 4407 4409
f 4409 4407 3165
f 4410 3200 4476
f 3235 4410 3199
f 3200 3432 3201
f 3237 3200 3235
f 3441 3238 3433
f 4415 3433 4418
f 4734 4418 4411
f 4727 4411 4412
f 4714 4412 4413
f 4699 4413 4414
f 3438 4414 4678
f 4662 4678 3431
f 4663 3431 3429
f 3436 3429 3428
f 3435 3428 3427
f 4611 3427 4588
f 4589 4588 3426
f 4578 3426 3425
f 3523 4578 3425
f 3442 3441 4415
f 4415 3441 3433
f 4467 4475 4423
f 4423 4475 4419
f 4416 4423 4419
f 4416 4417 4423
f 4416 3440 4417
f 4417 3440 3453
f 4422 4417 3453
f 4418 4734 4415
f 4415 4734 4419
f 4466 4420 4421
f 4421 4420 3455
f 4422 4421 3455
f 4422 4428 4421
f 4422 3454 4428
f 4428 3454 4695
f 4427 4428 4695
f 3455 4423 4417
f 4424 4465 4425
f 4425 4465 4426
f 4427 4425 4426
f 4427 3465 4425
f 4427 3460 3465
f 3465 3460 4691
f 4430 3465 4691
f 4426 4421 4428
f 3470 4461 3469
f 3469 4461 4429
f 4430 3469 4429
f 4430 4435 3469
f 4430 4431 4435
f 4435 4431 4432
f 4433 4435 4432
f 4429 4425 3465
f 3479 3478 4438
f 4438 3478 4434
f 4433 4438 4434
f 4433 4439 4438
f 4433 4724 4439
f 4439 4724 3476
f 3477 4439 3476
f 4434 3469 4435
f 4440 4436 4437
f 4437 4436 4442
f 3477 4437 4442
f 3477 3523 4437
f 4442 4438 4439
f 3487 4440 4741
f 4441 4741 4758
f 4441 3487 4741
f 4441 4742 3487
f 4441 3494 4742
f 4441 4760 3494
f 4442 4436 3479
f 3479 4436 4450
f 3480 4450 4443
f 4744 4443 4778
f 4766 4778 4780
f 4779 4780 4444
f 3482 4444 4445
f 4814 4445 3490
f 4446 3490 3492
f 3484 3492 4871
f 3485 4871 4447
f 4887 4447 4918
f 4449 4918 4448
f 3302 4449 4448
f 4450 4436 3487
f 3480 3479 4450
f 4434 3478 3470
f 3470 3478 3481
f 4454 3481 4743
f 4745 4743 4781
f 4782 4781 4783
f 3472 4783 3483
f 3473 3483 4451
f 4815 4451 4837
f 4838 4837 4452
f 4852 4452 3486
f 4453 3486 4886
f 3304 4453 4886
f 3481 3478 3480
f 4454 3470 3481
f 4429 4461 4424
f 4424 4461 4455
f 3466 4455 4767
f 4746 4767 3471
f 4768 3471 4803
f 4784 4803 4457
f 4456 4457 3474
f 3468 3474 3475
f 4459 3475 4460
f 4458 4459 4460
f 4455 4461 4454
f 3466 4424 4455
f 4426 4465 4466
f 4466 4465 4462
f 4472 4462 4747
f 3461 4747 4785
f 3462 4785 4786
f 4787 4786 3467
f 3305 3467 4463
f 4464 3305 4463
f 4462 4465 3466
f 4472 4466 4462
f 3455 4420 4467
f 4467 4420 4468
f 4473 4468 4769
f 4748 4769 4469
f 4470 4469 4471
f 4804 4470 4471
f 4468 4420 4472
f 4473 4467 4468
f 4419 4475 3442
f 3442 4475 4474
f 3443 4474 3456
f 4770 3443 3456
f 4474 4475 4473
f 3443 3442 4474
f 3202 3201 3238
f 4749 4476 3201
f 4751 3164 3126
f 3126 3164 4476
f 3353 3352 4751
f 4477 4402 4406
f 4752 4477 4406
f 4755 3906 4403
f 4478 4755 4403
f 4757 3924 4479
f 4753 4757 4479
f 4480 3941 4398
f 3901 4480 4398
f 3942 3955 3929
f 3943 3942 3929
f 3956 4155 4393
f 3928 3956 4393
f 3523 4183 3397
f 4189 4187 4185
f 4481 4188 4189
f 4495 4199 4481
f 3635 4196 4495
f 4497 4203 3635
f 4498 4213 4497
f 3627 4215 4498
f 4208 4207 3627
f 4221 4219 4208
f 4220 4218 4221
f 4226 4225 4220
f 4501 4227 3227
f 4503 3120 4227
f 4504 3179 4482
f 4482 3179 3120
f 3362 3176 4504
f 4008 4232 4483
f 4484 4008 4483
f 4485 4020 4233
f 4028 4485 4233
f 4486 4160 4020
f 4041 4236 4160
f 4488 4487 4237
f 3371 4488 4237
f 4489 4052 4490
f 4062 4489 4490
f 4078 4065 4077
f 4491 4078 4077
f 4186 3409 4506
f 4492 4506 3418
f 4492 4186 4506
f 4492 4525 4186
f 4492 4526 4525
f 4492 3419 4526
f 3399 4185 4493
f 3410 4493 4525
f 3410 3399 4493
f 3410 4507 3399
f 3410 4494 4507
f 3410 3411 4494
f 3400 4189 3399
f 4496 4481 3400
f 3392 4495 4496
f 4197 3635 3392
f 4508 4497 4197
f 4499 4498 4508
f 4511 3627 4499
f 4209 4208 4511
f 4500 4221 4209
f 3620 4220 4500
f 4513 4501 3315
f 3192 4503 4501
f 3175 4482 4502
f 4502 4482 4503
f 3361 4504 3175
f 4007 4028 4008
f 4009 4007 4008
f 4030 4486 4485
f 4029 4030 4485
f 4019 4041 4486
f 4519 3371 4041
f 4521 4062 4488
f 4040 4521 4488
f 4063 4491 4489
f 4520 4063 4489
f 4505 4089 4078
f 4079 4505 4078
f 3523 4506 3409
f 4531 3400 4507
f 4533 4496 4531
f 4536 3392 4533
f 4509 4197 4536
f 4510 4508 4509
f 4204 4499 4510
f 4512 4511 4204
f 4210 4209 4512
f 4222 4500 4210
f 3193 4513 3314
f 4514 3192 4513
f 4515 4502 4540
f 4540 4502 3192
f 3987 3175 4515
f 4541 4009 4516
f 4517 4541 4516
f 4518 4029 4007
f 4010 4518 4007
f 4544 4019 4030
f 4543 4544 4030
f 4018 4519 4019
f 4159 4040 4519
f 4546 4520 4521
f 4522 4546 4521
f 4547 4079 4063
f 4064 4547 4063
f 3419 3418 4523
f 3424 4523 3425
f 3424 3419 4523
f 3424 3420 3419
f 3424 4524 3420
f 3424 3426 4524
f 3411 4525 4526
f 4529 4526 3420
f 4529 3411 4526
f 4529 4528 3411
f 4529 4527 4528
f 4529 4561 4527
f 4532 4507 4494
f 4530 4494 4528
f 4530 4532 4494
f 4530 4565 4532
f 4530 3412 4565
f 4530 3413 3412
f 4534 4531 4532
f 4190 4533 4534
f 4535 4536 4190
f 3636 4509 4535
f 4538 4510 3636
f 4537 4204 4538
f 4539 4512 4537
f 4211 4210 4539
f 4552 3193 4223
f 4554 4514 3193
f 3174 4540 3121
f 3121 4540 4514
f 3988 4515 3174
f 4542 4010 4541
f 3998 4542 4541
f 4558 4543 4518
f 4011 4558 4518
f 4031 4018 4544
f 4006 4031 4544
f 4545 4159 4018
f 4559 4522 4159
f 4560 4064 4546
f 3372 4560 4546
f 4051 4162 4547
f 4046 4051 4547
f 3523 4523 3418
f 4191 4534 4565
f 4548 4190 4191
f 4568 4535 4548
f 4549 3636 4568
f 4205 4538 4549
f 4550 4537 4205
f 3628 4539 4550
f 4551 4552 3626
f 4553 4554 4552
f 3359 3121 4571
f 4571 3121 4554
f 3360 3174 3359
f 3989 3998 4555
f 3990 3989 4555
f 4573 4011 4542
f 4556 4573 4542
f 4557 4006 4558
f 4012 4557 4558
f 4576 4545 4031
f 4032 4576 4031
f 4575 4559 4545
f 4158 3372 4559
f 4045 4046 4560
f 3373 4045 4560
f 4561 3420 4524
f 4562 4524 4588
f 4562 4561 4524
f 4562 4590 4561
f 4562 4591 4590
f 4562 3427 4591
f 3413 4528 4527
f 4563 4527 4590
f 4563 3413 4527
f 4563 4566 3413
f 4563 4594 4566
f 4563 4564 4594
f 3402 4565 3412
f 3414 3412 4566
f 3414 3402 3412
f 3414 3403 3402
f 3414 3415 3403
f 3414 4567 3415
f 3401 4191 3402
f 4569 4548 3401
f 3393 4568 4569
f 3637 4549 3393
f 4570 4205 3637
f 3629 4550 4570
f 3194 4551 3228
f 3122 4553 4551
f 3173 4571 4581
f 4581 4571 4553
f 3967 3359 3173
f 3986 4556 3989
f 4572 3986 3989
f 4582 4012 4573
f 3999 4582 4573
f 4583 4032 4557
f 4574 4583 4557
f 4577 4575 4576
f 4033 4577 4576
f 4017 4158 4575
f 4584 3373 4158
f 3374 4044 4045
f 3375 3374 4045
f 4589 3426 4578
f 4585 4589 4578
f 4192 3401 3403
f 3394 4569 4192
f 4598 3393 3394
f 4580 3637 4598
f 4579 4570 4580
f 3195 3194 3229
f 4602 3122 3194
f 4604 4581 4603
f 4603 4581 3122
f 3358 3173 4604
f 4605 4572 3966
f 3968 4605 3966
f 4608 3999 3986
f 3965 4608 3986
f 4609 4574 4582
f 4607 4609 4582
f 4610 4033 4583
f 3997 4610 4583
f 4015 4017 4577
f 4005 4015 4577
f 4016 4584 4017
f 4039 3375 4584
f 3434 4585 3445
f 4587 3445 3446
f 4587 3434 3445
f 4587 4586 3434
f 4587 4622 4586
f 4587 3447 4622
f 4611 4588 4589
f 3434 4611 4589
f 4564 4590 4591
f 4592 4591 3428
f 4592 4564 4591
f 4592 3421 4564
f 4592 4593 3421
f 4592 3429 4593
f 4567 4566 4594
f 4595 4594 3421
f 4595 4567 4594
f 4595 4626 4567
f 4595 4596 4626
f 4595 4625 4596
f 3404 3403 3415
f 4597 3415 4626
f 4597 3404 3415
f 4597 3406 3404
f 4597 4630 3406
f 4597 3416 4630
f 3405 4192 3404
f 4612 3394 3405
f 4600 4598 4612
f 4599 4580 4600
f 4601 3195 3313
f 3123 4602 3195
f 3172 4603 3171
f 3171 4603 4602
f 3357 4604 3172
f 3969 3965 4605
f 4606 3969 4605
f 3991 4607 4608
f 3964 3991 4608
f 4618 3997 4609
f 3985 4618 4609
f 4013 4005 4610
f 4617 4013 4610
f 4014 4016 4015
f 4034 4014 4015
f 4619 4039 4016
f 4620 4038 4039
f 3523 3445 4585
f 3435 3427 4611
f 4586 3435 4611
f 4193 3405 3406
f 3395 4612 4193
f 4613 4600 3395
f 4633 4601 4614
f 3196 3123 4601
f 4615 3171 4616
f 4616 3171 3123
f 3356 3172 4615
f 3951 4606 3950
f 3935 3951 3950
f 3971 3964 3969
f 3970 3971 3969
f 4636 3985 3991
f 3963 4636 3991
f 4000 4617 4618
f 3984 4000 4618
f 4004 4034 4013
f 3996 4004 4013
f 4639 4619 4014
f 4035 4639 4014
f 4637 4620 4619
f 3447 3446 4640
f 4621 4640 4677
f 4621 3447 4640
f 4621 4623 3447
f 4621 3457 4623
f 4621 4654 3457
f 4624 4586 4622
f 3448 4622 4623
f 3448 4624 4622
f 3448 3437 4624
f 3448 4660 3437
f 3448 3449 4660
f 3436 3428 3435
f 4624 3436 3435
f 4625 3421 4593
f 3430 4593 3431
f 3430 4625 4593
f 3430 3422 4625
f 3430 4665 3422
f 3430 4678 4665
f 3416 4626 4596
f 4628 4596 3422
f 4628 3416 4596
f 4628 4627 3416
f 4628 4629 4627
f 4628 4664 4629
f 4632 3406 4630
f 4631 4630 4627
f 4631 4632 4630
f 4631 4671 4632
f 4631 3417 4671
f 4631 4669 3417
f 4194 4193 4632
f 3311 3395 4194
f 3230 4633 4198
f 4644 3196 4633
f 4645 4616 4634
f 4634 4616 3196
f 4635 4615 4645
f 3949 3970 3951
f 3952 3949 3951
f 3972 3963 3971
f 3948 3972 3971
f 4649 3984 4636
f 4648 4649 4636
f 4650 3996 4000
f 3983 4650 4000
f 4652 4035 4004
f 3995 4652 4004
f 4638 4637 4639
f 4036 4638 4639
f 3523 4640 3446
f 4663 3429 3436
f 3437 4663 3436
f 4641 4194 4671
f 4642 3230 3312
f 3124 4644 3230
f 3170 4634 4643
f 4643 4634 4644
f 3355 4645 3170
f 3933 3952 3934
f 4646 3933 3934
f 3947 3948 3949
f 4647 3947 3949
f 3961 4648 3972
f 3973 3961 3972
f 3982 3983 4649
f 3962 3982 4649
f 4651 3995 4650
f 3981 4651 4650
f 4653 4036 4652
f 4676 4653 4652
f 4654 4677 4655
f 4656 4655 3463
f 4656 4654 4655
f 4656 4657 4654
f 4656 4690 4657
f 4656 4688 4690
f 3449 4623 3457
f 3458 3457 4657
f 3458 3449 3457
f 3458 4693 3449
f 3458 4658 4693
f 3458 3459 4658
f 4659 3437 4660
f 4661 4660 4693
f 4661 4659 4660
f 4661 4696 4659
f 4661 3450 4696
f 4661 3451 3450
f 4662 3431 4663
f 4659 4662 4663
f 4664 3422 4665
f 4666 4665 4414
f 4666 4664 4665
f 4666 4668 4664
f 4666 4667 4668
f 4666 4413 4667
f 4669 4627 4629
f 3423 4629 4668
f 3423 4669 4629
f 3423 4673 4669
f 3423 4703 4673
f 3423 4670 4703
f 3407 4671 3417
f 4672 3417 4673
f 4672 3407 3417
f 4672 3231 3407
f 3197 4642 3310
f 4674 3124 4642
f 3169 4643 3168
f 3168 4643 3124
f 3917 3170 3169
f 4681 4647 3933
f 3915 4681 3933
f 4683 3973 3947
f 4680 4683 3947
f 3974 3962 3961
f 3975 3974 3961
f 4675 3981 3982
f 3960 4675 3982
f 3994 4676 4651
f 4684 3994 4651
f 4157 4037 4653
f 4686 4157 4653
f 3523 4655 4677
f 3438 4678 4662
f 4696 3438 4662
f 4706 3197 3408
f 4705 4674 3197
f 4679 3168 4708
f 4708 3168 4674
f 3904 3169 4679
f 4709 3915 3916
f 3903 4709 3916
f 4711 4680 4681
f 3914 4711 4681
f 4682 3975 4683
f 3932 4682 4683
f 4712 3960 3974
f 3976 4712 3974
f 4685 4684 4675
f 3959 4685 4675
f 4687 4686 3994
f 4001 4687 3994
f 4688 3463 4713
f 4689 4713 4725
f 4689 4688 4713
f 4689 3464 4688
f 4689 4432 3464
f 4689 4724 4432
f 3459 4657 4690
f 4692 4690 3464
f 4692 3459 4690
f 4692 4726 3459
f 4692 4691 4726
f 4692 4431 4691
f 3451 4693 4658
f 4694 4658 4726
f 4694 3451 4658
f 4694 3452 3451
f 4694 4695 3452
f 4694 3460 4695
f 4698 4696 3450
f 4697 3450 3452
f 4697 4698 3450
f 4697 3439 4698
f 4697 3453 3439
f 4697 3454 3453
f 4699 4414 3438
f 4698 4699 3438
f 4670 4668 4667
f 4700 4667 4412
f 4700 4670 4667
f 4700 4702 4670
f 4700 4701 4702
f 4700 4411 4701
f 3309 4673 4703
f 4704 4703 4702
f 4704 3309 4703
f 4704 3233 3309
f 3198 4706 3231
f 3125 4705 4706
f 3167 4708 4707
f 4707 4708 4705
f 3354 4679 3167
f 4720 3914 4709
f 3918 4720 4709
f 4710 3932 4711
f 3913 4710 4711
f 4721 3976 4682
f 3931 4721 4682
f 4722 3959 4712
f 3977 4722 4712
f 4723 4001 4685
f 3958 4723 4685
f 4156 3993 4687
f 4002 4156 4687
f 3523 4713 3463
f 4714 4413 4699
f 3439 4714 4699
f 4715 3198 3232
f 4729 3125 3198
f 4717 4707 4716
f 4716 4707 3125
f 3893 3167 4717
f 4718 3918 4719
f 3892 4718 4719
f 3919 3913 4720
f 3920 3919 4720
f 3937 3931 4710
f 3936 3937 4710
f 4730 3977 4721
f 3953 4730 4721
f 3979 3958 4722
f 3978 3979 4722
f 4732 4002 4723
f 3992 4732 4723
f 4724 4725 3476
f 3476 4725 3523
f 4431 3464 4432
f 3460 4726 4691
f 3454 3452 4695
f 3440 3439 3453
f 4727 4412 4714
f 3440 4727 4714
f 3308 4702 4701
f 4728 4701 4418
f 4728 3308 4701
f 4728 3237 3308
f 3234 4715 3233
f 4736 4729 4715
f 4737 4716 4735
f 4735 4716 4729
f 3881 4717 4737
f 3902 3920 4718
f 3891 3902 4718
f 3912 3936 3919
f 3921 3912 3919
f 3939 3953 3937
f 3938 3939 3937
f 3954 3978 4730
f 4739 3954 4730
f 3957 3992 3979
f 4740 3957 3979
f 4731 4003 4732
f 4733 4731 4732
f 4734 4411 4727
f 4416 4734 4727
f 3235 3234 3236
f 3199 4736 3234
f 3166 4735 4409
f 4409 4735 4736
f 3882 4737 3166
f 3895 3891 3894
f 3880 3895 3894
f 4738 3921 3902
f 3905 4738 3902
f 3922 3938 3912
f 4401 3922 3912
f 4396 4739 3939
f 4399 4396 3939
f 4395 4740 3954
f 3930 4395 3954
f 4390 4733 3957
f 3980 4390 3957
f 3523 4741 4440
f 4443 4450 4742
f 4744 3480 4443
f 4743 3481 4744
f 4745 4454 4743
f 4767 4455 4745
f 4746 3466 4767
f 4747 4462 4746
f 3461 4472 4747
f 4769 4468 3461
f 4748 4473 4769
f 3456 4474 4748
f 3239 3202 3444
f 3127 4749 3202
f 4750 3126 4771
f 4771 3126 4749
f 3848 4751 4750
f 4773 4752 3864
f 3849 4773 3864
f 4775 4478 4477
f 3883 4775 4477
f 4754 4753 4755
f 3878 4754 4755
f 4756 3901 4757
f 4776 4756 4757
f 3910 3943 4480
f 3900 3910 4480
f 3944 3928 3942
f 3945 3944 3942
f 4760 4758 4759
f 4761 4759 4795
f 4761 4760 4759
f 4761 3495 4760
f 4761 4799 3495
f 4761 4762 4799
f 3488 4742 3494
f 4763 3494 3495
f 4763 3488 3494
f 4763 4764 3488
f 4763 4765 4764
f 4763 4800 4765
f 4778 4443 3488
f 4766 4744 4778
f 4781 4743 4766
f 4782 4745 4781
f 3471 4767 4782
f 4768 4746 3471
f 4785 4747 4768
f 3462 3461 4785
f 4469 4769 3462
f 4470 4748 4469
f 4788 3239 4770
f 3129 3127 3239
f 3350 4771 4789
f 4789 4771 3127
f 3827 4750 3350
f 3862 3883 4773
f 4772 3862 4773
f 4774 3878 4775
f 3863 4774 4775
f 4792 4776 4754
f 3877 4792 4754
f 4777 3900 4756
f 3889 4777 4756
f 3925 3945 3910
f 3899 3925 3910
f 4153 4154 3944
f 3909 4153 3944
f 3523 4759 4758
f 4780 4778 4764
f 4779 4766 4780
f 4783 4781 4779
f 3472 4782 4783
f 4803 3471 3472
f 4784 4768 4803
f 4786 4785 4784
f 4787 3462 4786
f 4471 4469 4787
f 3240 4788 3307
f 4805 3129 4788
f 4807 4789 3128
f 3128 4789 3129
f 3351 3350 4807
f 4790 4772 3850
f 3826 4790 3850
f 4808 3863 3862
f 3867 4808 3862
f 3884 3877 4774
f 3861 3884 4774
f 4791 3889 4792
f 3896 4791 4792
f 4810 3899 4777
f 4793 4810 4777
f 4794 3909 3925
f 3926 4794 3925
f 4762 4795 4796
f 4797 4796 4851
f 4797 4762 4796
f 4797 4798 4762
f 4797 3506 4798
f 4797 4826 3506
f 4800 3495 4799
f 3503 4799 4798
f 3503 4800 4799
f 3503 4801 4800
f 3503 4831 4801
f 3503 4828 4831
f 3489 4764 4765
f 4802 4765 4801
f 4802 3489 4765
f 4802 4813 3489
f 4802 4834 4813
f 4802 4832 4834
f 4444 4780 3489
f 3482 4779 4444
f 3483 4783 3482
f 3473 3472 3483
f 4457 4803 3473
f 4456 4784 4457
f 3467 4786 4456
f 3305 4787 3467
f 4816 3240 4804
f 3130 4805 3240
f 3163 3128 4806
f 4806 3128 4805
f 3349 4807 3163
f 4820 3867 4790
f 3825 4820 4790
f 3859 3861 4808
f 3847 3859 4808
f 3885 3896 3884
f 3860 3885 3884
f 3888 4793 4791
f 3876 3888 4791
f 4809 3926 4810
f 3907 4809 4810
f 4811 4812 4794
f 3898 4811 4794
f 3523 4796 4795
f 4445 4444 4813
f 4814 3482 4445
f 4451 3483 4814
f 4815 3473 4451
f 3474 4457 4815
f 3468 4456 3474
f 4463 3467 3468
f 4839 4816 3306
f 3131 3130 4816
f 4817 4806 4840
f 4840 4806 3130
f 3813 3163 4817
f 4818 3825 3828
f 3812 4818 3828
f 4819 3847 4820
f 3824 4819 4820
f 4845 3860 3859
f 3868 4845 3859
f 4847 3876 3885
f 3858 4847 3885
f 4849 3907 3888
f 3897 4849 3888
f 4821 3898 4809
f 4822 4821 4809
f 4826 4851 4824
f 4823 4824 4327
f 4823 4826 4824
f 4823 4825 4826
f 4823 4827 4825
f 4823 4325 4827
f 4828 4798 3506
f 4830 3506 4825
f 4830 4828 3506
f 4830 4863 4828
f 4830 4829 4863
f 4830 4860 4829
f 4832 4801 4831
f 4833 4831 4863
f 4833 4832 4831
f 4833 3496 4832
f 4833 4867 3496
f 4833 4865 4867
f 4836 4813 4834
f 4835 4834 3496
f 4835 4836 4834
f 4835 3491 4836
f 4835 4870 3491
f 4835 3497 4870
f 3490 4445 4836
f 4446 4814 3490
f 4837 4451 4446
f 4838 4815 4837
f 3475 3474 4838
f 4459 3468 3475
f 3203 4839 4464
f 3132 3131 4839
f 4855 4840 4853
f 4853 4840 3131
f 4841 4817 4855
f 4842 3824 4818
f 3811 4842 4818
f 4843 3868 4819
f 3823 4843 4819
f 4844 3858 4845
f 3846 4844 4845
f 4846 3897 4847
f 4848 4846 4847
f 4850 4822 4849
f 3875 4850 4849
f 3908 3927 4821
f 4858 3908 4821
f 3523 4824 4851
f 3492 3490 3491
f 3484 4446 3492
f 4452 4837 3484
f 4852 4838 4452
f 4460 3475 4852
f 3242 3203 3241
f 4873 3132 3203
f 4874 4853 3161
f 3161 4853 3132
f 4854 4855 4874
f 4876 3811 3814
f 3795 4876 3814
f 4856 3823 4842
f 3829 4856 4842
f 4878 3846 4843
f 4857 4878 4843
f 3869 4848 4844
f 4877 3869 4844
f 4881 3875 4846
f 4879 4881 4846
f 4883 4858 4850
f 4859 4883 4850
f 4860 4825 4827
f 4861 4827 3511
f 4861 4860 4827
f 4861 4864 4860
f 4861 3512 4864
f 4861 4862 3512
f 4865 4863 4829
f 3507 4829 4864
f 3507 4865 4829
f 3507 3504 4865
f 3507 3508 3504
f 3507 4905 3508
f 3497 3496 4867
f 4866 4867 3504
f 4866 3497 4867
f 4866 3498 3497
f 4866 4910 3498
f 4866 4868 4910
f 4872 3491 4870
f 4869 4870 3498
f 4869 4872 4870
f 4869 3493 4872
f 4869 4914 3493
f 4869 3499 4914
f 4871 3492 4872
f 3485 3484 4871
f 3486 4452 3485
f 4453 4852 3486
f 3204 3242 4458
f 3133 4873 3242
f 3162 3161 4889
f 4889 3161 4873
f 3796 4874 3162
f 4875 3829 4876
f 3815 4875 4876
f 3830 4857 4856
f 3810 3830 4856
f 3845 4877 4878
f 3851 3845 4878
f 4897 4879 3869
f 4895 4897 3869
f 4880 4859 4881
f 4896 4880 4881
f 4882 3887 4883
f 4884 4882 4883
f 4885 4325 4326
f 4898 4885 4326
f 4447 4871 3493
f 4887 3485 4447
f 4886 3486 4887
f 4919 3204 3243
f 4888 3133 3204
f 4921 4889 4890
f 4890 4889 3133
f 4891 3162 4921
f 3793 3815 3794
f 3797 3793 3794
f 4893 3810 4875
f 4892 4893 4875
f 4894 3851 3830
f 3831 4894 3830
f 4924 4895 3845
f 3852 4924 3845
f 3870 4896 4897
f 3844 3870 4897
f 3886 4884 4880
f 3857 3886 4880
f 4901 4898 4899
f 4903 4899 4900
f 4903 4901 4899
f 4903 4902 4901
f 4903 4934 4902
f 4903 4931 4934
f 4904 3511 4885
f 4901 4904 4885
f 4905 4864 3512
f 3514 3512 3513
f 3514 4905 3512
f 3514 4906 4905
f 3514 4937 4906
f 3514 4324 4937
f 4868 3504 3508
f 4907 3508 4906
f 4907 4868 3508
f 4907 3505 4868
f 4907 4909 3505
f 4907 4908 4909
f 3499 3498 4910
f 4911 4910 3505
f 4911 3499 4910
f 4911 3500 3499
f 4911 4913 3500
f 4911 4912 4913
f 4915 3493 4914
f 4916 4914 3500
f 4916 4915 4914
f 4916 4944 4915
f 4916 4917 4944
f 4916 4942 4917
f 4918 4447 4915
f 4449 4887 4918
f 3206 4919 3304
f 3205 4888 4919
f 4922 4890 4920
f 4920 4890 4888
f 3348 4921 4922
f 4927 4892 3793
f 4923 4927 3793
f 4928 3831 4893
f 3816 4928 4893
f 3832 3852 4894
f 3833 3832 4894
f 3843 3844 4924
f 3822 3843 4924
f 3855 3857 3870
f 4929 3855 3870
f 3873 3874 3886
f 3856 3873 3886
f 3523 4899 4898
f 4936 4862 4904
f 4902 4936 4904
f 4448 4918 4944
f 4945 3206 3303
f 4925 3205 3206
f 3347 4920 3159
f 3159 4920 3205
f 3758 4922 3347
f 3779 4923 4926
f 3799 3816 4927
f 3798 3799 4927
f 4946 3833 4928
f 3817 4946 4928
f 3834 3822 3832
f 3809 3834 3832
f 3842 4929 3843
f 3853 3842 3843
f 4949 3856 3855
f 3871 4949 3855
f 4931 4900 4930
f 3539 4930 4959
f 3539 4931 4930
f 3539 4932 4931
f 3539 4933 4932
f 3539 3540 4933
f 3524 4902 4934
f 4935 4934 4932
f 4935 3524 4934
f 4935 3527 3524
f 4935 4966 3527
f 4935 3532 4966
f 3525 3513 4936
f 3524 3525 4936
f 4908 4906 4937
f 4939 4937 3515
f 4939 4908 4937
f 4939 4938 4908
f 4939 3517 4938
f 4939 3516 3517
f 4912 3505 4909
f 4940 4909 4938
f 4940 4912 4909
f 4940 4971 4912
f 4940 4972 4971
f 4940 3509 4972
f 4942 3500 4913
f 4941 4913 4971
f 4941 4942 4913
f 4941 3501 4942
f 4941 4976 3501
f 4941 4943 4976
f 3300 4944 4917
f 3502 4917 3501
f 3502 3300 4917
f 3502 3301 3300
f 3209 4945 3302
f 3207 4925 4945
f 3160 3159 4953
f 4953 3159 4925
f 3759 3347 3160
f 4954 3779 3780
f 3781 4954 3780
f 3778 3798 3779
f 3800 3817 3799
f 4149 3800 3799
f 4955 3809 4946
f 3792 4955 4946
f 4947 3853 3834
f 4948 4947 3834
f 4958 3871 3842
f 4957 4958 3842
f 4951 4152 4949
f 4950 4951 4949
f 3523 4930 4900
f 3526 4324 3525
f 3527 3526 3525
f 4952 3209 3244
f 3208 3207 3209
f 3158 4953 3134
f 3134 4953 3207
f 3760 3160 3158
f 4983 3778 4954
f 3757 4983 4954
f 4148 4149 3778
f 4985 3792 3800
f 3801 4985 3800
f 4986 4948 4955
f 4956 4986 4955
f 3835 4957 4947
f 3836 3835 4947
f 3841 4950 4958
f 4987 3841 4958
f 3540 4959 4960
f 4961 4960 3546
f 4961 3540 4960
f 4961 3541 3540
f 4961 4962 3541
f 4961 4996 4962
f 3532 4932 4933
f 4963 4933 3541
f 4963 3532 4933
f 4963 4967 3532
f 4963 4964 4967
f 4963 5000 4964
f 4968 3527 4966
f 4965 4966 4967
f 4965 4968 4966
f 4965 3528 4968
f 4965 5008 3528
f 4965 5005 5008
f 4988 3515 3526
f 4968 4988 3526
f 3509 4938 3517
f 4969 3517 5010
f 4969 3509 3517
f 4969 4970 3509
f 4969 3518 4970
f 4969 3519 3518
f 4943 4971 4972
f 4973 4972 4970
f 4973 4943 4972
f 4973 4977 4943
f 4973 5012 4977
f 4973 4974 5012
f 4975 3501 4976
f 4978 4976 4977
f 4978 4975 4976
f 4978 3299 4975
f 4979 4952 3301
f 3210 3208 4952
f 3345 3134 4980
f 4980 3134 3208
f 3346 3158 3345
f 4992 3757 3761
f 4981 4992 3761
f 4982 4148 4983
f 4984 4982 4983
f 3777 3801 4148
f 3790 4956 4985
f 4993 3790 4985
f 3818 3836 4986
f 3791 3818 4986
f 3837 4987 3835
f 4995 3837 3835
f 3854 3872 3841
f 3821 3854 3841
f 3523 4960 4959
f 4989 3516 4988
f 3528 4989 4988
f 5015 4979 3245
f 5014 3210 4979
f 4991 4980 5016
f 5016 4980 3210
f 4990 3345 4991
f 5017 4984 4992
f 3762 5017 4992
f 3776 3777 4982
f 3756 3776 4982
f 3775 4993 3777
f 3788 3791 3790
f 5018 3788 3790
f 4994 4995 3818
f 3789 4994 3818
f 5021 3821 3837
f 3838 5021 3837
f 4996 3546 5022
f 4997 5022 5035
f 4997 4996 5022
f 4997 4999 4996
f 4997 4998 4999
f 4997 3556 4998
f 5000 3541 4962
f 5002 4962 4999
f 5002 5000 4962
f 5002 5001 5000
f 5002 5003 5001
f 5002 4338 5003
f 5005 4967 4964
f 5004 4964 5001
f 5004 5005 4964
f 5004 5038 5005
f 5004 5006 5038
f 5004 5036 5006
f 5009 3528 5008
f 5007 5008 5038
f 5007 5009 5008
f 5007 5024 5009
f 5007 5040 5024
f 5007 5037 5040
f 5023 5010 4989
f 5009 5023 4989
f 4974 4970 3518
f 5011 3518 4322
f 5011 4974 3518
f 5011 3510 4974
f 5011 5042 3510
f 5011 3520 5042
f 5013 4977 5012
f 3298 5012 3510
f 3298 5013 5012
f 3298 3246 5013
f 5027 5015 3299
f 5026 5014 5015
f 5029 5016 5028
f 5028 5016 5014
f 3737 4991 5029
f 3746 3762 3747
f 3748 3746 3747
f 3763 3756 5017
f 3764 3763 5017
f 5032 3775 3776
f 3782 5032 3776
f 4146 5018 3775
f 5019 3789 3788
f 4147 5019 3788
f 5020 3838 4994
f 3819 5020 4994
f 3839 4151 5021
f 3840 3839 5021
f 3523 5022 3546
f 4323 3519 5023
f 5024 4323 5023
f 5046 5027 5025
f 3136 5026 5027
f 3342 5028 3135
f 3135 5028 5026
f 3344 5029 3342
f 5050 3764 3746
f 3749 5050 3746
f 5030 3782 3763
f 3765 5030 3763
f 3774 4146 5032
f 5031 3774 5032
f 5033 4147 4146
f 3803 3819 5019
f 3802 3803 5019
f 5051 3840 5020
f 3820 5051 5020
f 3556 5035 5034
f 5034 5035 3523
f 4338 4999 4998
f 5036 5001 5003
f 5037 5038 5006
f 5039 5024 5040
f 5041 4322 4323
f 5039 5041 4323
f 5044 3510 5042
f 3296 5042 5043
f 3296 5044 5042
f 3296 3247 5044
f 5053 5046 3246
f 5045 3136 5046
f 5047 3135 5055
f 5055 3135 3136
f 3343 3342 5047
f 5048 3749 3738
f 3739 5048 3738
f 5049 3765 5050
f 5056 5049 5050
f 3755 5031 5030
f 5057 3755 5030
f 3773 5033 3774
f 3754 3773 3774
f 5058 3802 5033
f 5060 3820 3803
f 3804 5060 3803
f 3808 4150 5051
f 3787 3808 5051
f 5052 3520 5041
f 3529 5052 5041
f 3211 5053 3297
f 4319 5045 5053
f 4316 5055 5054
f 5054 5055 5045
f 3341 5047 4316
f 3736 5056 5048
f 3721 3736 5048
f 4306 5057 5049
f 4311 4306 5049
f 4304 3754 3755
f 3766 4304 3755
f 4299 5058 3773
f 3753 4299 3773
f 5059 3804 5058
f 5061 3787 5060
f 3805 5061 5060
f 3523 5062 4343
f 5063 5064 5065
f 5067 4357 5063
f 5068 5066 5067
f 3558 4358 5068
f 5088 5069 3558
f 4361 4370 5088
f 5090 4368 4361
f 5070 4372 5090
f 5092 3543 5070
f 3538 3537 5092
f 4375 5071 3538
f 3250 3249 3530
f 5093 5072 3249
f 3338 4376 5094
f 5094 4376 5072
f 3339 4378 3338
f 3707 3723 5074
f 5073 3707 5074
f 5075 4381 4379
f 3724 5075 4379
f 3733 4383 5076
f 5097 3733 5076
f 5077 3767 4382
f 3734 5077 4382
f 5078 3752 5079
f 3768 5078 5079
f 3771 4387 4386
f 3784 3771 4386
f 5080 3578 5081
f 3588 5081 3589
f 3588 5080 5081
f 3588 5082 5080
f 3588 5083 5082
f 3588 5115 5083
f 5086 5065 5084
f 5085 5084 5082
f 5085 5086 5084
f 5085 5099 5086
f 5085 5120 5099
f 5085 5117 5120
f 4347 5063 5086
f 5087 5067 4347
f 5100 5068 5087
f 5089 3558 5100
f 3559 5088 5089
f 3551 4361 3559
f 3550 5090 3551
f 5091 5070 3550
f 3544 5092 5091
f 3295 3538 3544
f 5103 3250 3251
f 3137 5093 3250
f 3155 5094 5095
f 5095 5094 5093
f 3680 3338 3155
f 5106 5073 3694
f 3679 5106 3694
f 5096 3724 3707
f 3712 5096 3707
f 5109 5097 5075
f 5107 5109 5075
f 5111 3734 3733
f 3719 5111 3733
f 3744 3768 5077
f 3750 3744 5077
f 3769 3784 5078
f 5098 3769 5078
f 3523 5081 3578
f 3572 4347 5099
f 3568 5087 3572
f 4352 5100 3568
f 5101 5089 4352
f 3560 3559 5101
f 4362 3551 3560
f 3552 3550 4362
f 5102 5091 3552
f 3293 3544 5102
f 5124 5103 3252
f 5125 3137 5103
f 5104 5095 5105
f 5105 5095 3137
f 3337 3155 5104
f 5127 3712 5106
f 5126 5127 5106
f 5129 5107 5096
f 5108 5129 5096
f 5132 3719 5109
f 3706 5132 5109
f 5133 3750 5111
f 5110 5133 5111
f 5134 5098 3744
f 3732 5134 3744
f 3770 3785 3769
f 5112 3770 3769
f 5115 3589 5114
f 5113 5114 4295
f 5113 5115 5114
f 5113 5116 5115
f 5113 3599 5116
f 5113 3600 3599
f 5117 5082 5083
f 5118 5083 5116
f 5118 5117 5083
f 5118 5121 5117
f 5118 5119 5121
f 5118 5152 5119
f 3573 5099 5120
f 5122 5120 5121
f 5122 3573 5120
f 5122 3574 3573
f 5122 3579 3574
f 5122 5155 3579
f 5137 3572 3573
f 5139 3568 5137
f 4353 4352 5139
f 5123 5101 4353
f 4363 3560 5123
f 3553 4362 4363
f 3554 3552 3553
f 3292 5102 3554
f 3213 5124 3294
f 3139 5125 5124
f 3154 5105 5143
f 5143 5105 5125
f 3670 5104 3154
f 5144 5126 3681
f 3682 5144 3681
f 3695 5108 5127
f 5128 3695 5127
f 5130 3706 5129
f 3692 5130 5129
f 5131 5110 5132
f 3725 5131 5132
f 3740 3732 5133
f 3741 3740 5133
f 5135 5112 5134
f 3751 5135 5134
f 3523 5114 3589
f 5136 5137 3574
f 5138 5139 5136
f 4354 4353 5138
f 3561 5123 4354
f 4364 4363 3561
f 5140 3553 4364
f 4369 3554 5140
f 3214 3213 3545
f 5141 3139 3213
f 5142 5143 3138
f 3138 5143 3139
f 3671 3154 5142
f 5145 5128 5144
f 5160 5145 5144
f 3696 3692 3695
f 5161 3696 3695
f 3713 3725 5130
f 5162 3713 5130
f 5146 3741 5131
f 5147 5146 5131
f 5148 3751 3740
f 3718 5148 3740
f 4145 5149 5135
f 5150 4145 5135
f 5152 5116 3599
f 5151 3599 3601
f 5151 5152 3599
f 5151 5153 5152
f 5151 3602 5153
f 5151 4293 3602
f 5155 5121 5119
f 5154 5119 5153
f 5154 5155 5119
f 5154 3580 5155
f 5154 5177 3580
f 5154 5174 5177
f 5158 3574 3579
f 5156 3579 3580
f 5156 5158 3579
f 5156 5180 5158
f 5156 5157 5180
f 5156 3581 5157
f 4348 5136 5158
f 5168 5138 4348
f 3569 4354 5168
f 4355 3561 3569
f 4365 4364 4355
f 3555 5140 4365
f 3215 3214 3253
f 5159 5141 3214
f 3336 3138 3140
f 3140 3138 5141
f 3646 5142 3336
f 3667 5160 3669
f 3644 3667 3669
f 3683 5161 5145
f 3668 3683 5145
f 5163 5162 3696
f 3678 5163 3696
f 5165 5147 3713
f 5164 5165 3713
f 5172 3718 5146
f 3726 5172 5146
f 5166 5150 5148
f 3742 5166 5148
f 5167 3600 4294
f 4349 4348 5180
f 4350 5168 4349
f 5183 3569 4350
f 3562 4355 5183
f 4366 4365 3562
f 5169 3215 3254
f 5185 5159 3215
f 5187 3140 5186
f 5186 3140 5159
f 3335 3336 5187
f 5170 3668 3667
f 3643 5170 3667
f 3677 3678 3683
f 5171 3677 3683
f 5190 5164 5163
f 3697 5190 5163
f 3705 3726 5165
f 5189 3705 5165
f 3727 3742 5172
f 3728 3727 5172
f 5173 3731 5166
f 3717 5173 5166
f 5193 5167 3606
f 4292 3601 5167
f 5174 5153 3602
f 3603 3602 3604
f 3603 5174 3602
f 3603 3590 5174
f 3603 5175 3590
f 3603 5219 5175
f 3581 3580 5177
f 5176 5177 3590
f 5176 3581 5177
f 5176 5179 3581
f 5176 5178 5179
f 5176 3591 5178
f 5181 5180 5157
f 3582 5157 5179
f 3582 5181 5157
f 3582 3576 5181
f 3582 5208 3576
f 3582 3583 5208
f 3575 4349 5181
f 5182 4350 3575
f 5184 5183 5182
f 3290 3562 5184
f 5194 5169 3291
f 3141 5185 5169
f 3153 5186 3152
f 3152 5186 5185
f 3334 5187 3153
f 5188 3643 3645
f 3647 5188 3645
f 5200 5171 5170
f 5198 5200 5170
f 3684 3697 3677
f 3666 3684 3677
f 3691 5189 5190
f 3676 3691 5190
f 5202 3728 3705
f 5191 5202 3705
f 5204 3717 3727
f 3729 5204 3727
f 5192 5193 3283
f 3322 4292 5193
f 5205 4293 4292
f 4351 3575 3576
f 3570 5182 4351
f 4356 5184 3570
f 3217 5194 3563
f 5195 3141 5194
f 5196 3152 5197
f 5197 3152 3141
f 4098 3153 5196
f 5199 5198 5188
f 3648 5199 5188
f 3664 3666 5200
f 3672 3664 5200
f 3685 3676 3684
f 3665 3685 3684
f 5201 5191 3691
f 3698 5201 3691
f 3704 3729 5202
f 3714 3704 5202
f 5203 3743 5204
f 3730 5203 5204
f 5217 5192 3282
f 5218 3322 5192
f 3321 5205 3322
f 3330 3604 5205
f 3591 3590 5175
f 5206 5175 4291
f 5206 3591 5175
f 5206 3593 3591
f 5206 5232 3593
f 5206 5249 5232
f 3583 5179 5178
f 3592 5178 3593
f 3592 3583 5178
f 3592 5207 3583
f 3592 3594 5207
f 3592 5231 3594
f 5210 3576 5208
f 5209 5208 5207
f 5209 5210 5208
f 5209 5237 5210
f 5209 3584 5237
f 5209 5236 3584
f 3577 4351 5210
f 5211 3570 3577
f 5221 3217 3255
f 3216 5195 3217
f 5212 5197 5213
f 5213 5197 5195
f 4097 5196 5212
f 5222 3648 3384
f 5214 5222 3384
f 5215 3672 5199
f 3383 5215 5199
f 5216 3665 3664
f 3642 5216 3664
f 5225 3698 3685
f 3686 5225 3685
f 3699 3714 5201
f 3700 3699 5201
f 5227 3730 3704
f 3715 5227 3704
f 3190 5217 3191
f 3281 5218 5217
f 3319 3321 5218
f 3320 3330 3321
f 4290 5219 3330
f 3288 3577 5237
f 5238 5221 3256
f 5220 3216 5221
f 3332 5213 5240
f 5240 5213 3216
f 3333 5212 3332
f 3382 3383 5222
f 3385 3382 5222
f 3641 3642 5215
f 3649 3641 5215
f 3663 3686 5216
f 5223 3663 5216
f 5224 3700 5225
f 3687 5224 5225
f 5226 3715 3699
f 3675 5226 3699
f 4143 3703 5227
f 3716 4143 5227
f 5228 3190 3607
f 3608 5228 3607
f 5229 3281 3190
f 5248 3319 3281
f 5230 3320 3319
f 3318 4290 3320
f 3329 4291 4290
f 5231 3593 5232
f 5234 5232 5233
f 5234 5231 5232
f 5234 3595 5231
f 5234 5259 3595
f 5234 4288 5259
f 5236 5207 3594
f 5235 3594 3595
f 5235 5236 3594
f 5235 3585 5236
f 5235 3596 3585
f 5235 5258 3596
f 3287 5237 3584
f 3587 3584 3585
f 3587 3287 3584
f 3587 3260 3287
f 3257 5238 3289
f 5239 5220 5238
f 5242 5240 5241
f 5241 5240 5220
f 4085 3332 5242
f 5250 3385 4099
f 4100 5250 4099
f 5243 3649 3382
f 3386 5243 3382
f 3650 5223 3641
f 3381 3650 3641
f 5244 3687 3663
f 5253 5244 3663
f 5255 3675 5224
f 5245 5255 5224
f 5246 3716 5226
f 3701 5246 5226
f 5247 3608 3614
f 3615 3614 3616
f 3615 5247 3614
f 3615 3609 5247
f 3615 5278 3609
f 3615 5274 5278
f 3189 5229 5228
f 5247 3189 5228
f 5256 5248 5229
f 3280 5230 5248
f 3279 3318 5230
f 3328 3329 3318
f 4289 5249 3329
f 3258 3257 3259
f 5265 5239 3257
f 3151 5241 5263
f 5263 5241 5239
f 3331 5242 3151
f 5251 3386 5250
f 5266 5251 5250
f 5271 3381 5243
f 4096 5271 5243
f 5252 5253 3650
f 3651 5252 3650
f 3673 5245 5244
f 5272 3673 5244
f 5254 3701 5255
f 3662 5254 5255
f 4141 4142 5246
f 5273 4141 5246
f 3523 3614 3608
f 3188 5256 3189
f 3609 3188 3189
f 3187 3280 5256
f 3270 3279 3280
f 5257 3328 3279
f 3326 4289 3328
f 3327 5233 4289
f 5258 3595 5259
f 5260 5259 4287
f 5260 5258 5259
f 5260 3597 5258
f 5260 5289 3597
f 5260 5261 5289
f 3586 3585 3596
f 5262 3596 3597
f 5262 3586 3596
f 5262 3262 3586
f 3218 3258 3260
f 5282 5265 3258
f 3150 5263 5264
f 5264 5263 5265
f 4072 3151 3150
f 4084 5266 5267
f 4071 4084 5267
f 5268 4096 5251
f 5269 5268 5251
f 5270 3651 5271
f 3387 5270 5271
f 3652 5272 5252
f 3653 3652 5252
f 3661 3662 3673
f 3640 3661 3673
f 3689 5273 5254
f 3688 3689 5254
f 5274 3616 5275
f 3621 5275 3622
f 3621 5274 5275
f 3621 5276 5274
f 3621 5305 5276
f 3621 3623 5305
f 5277 3609 5278
f 5279 5278 5276
f 5279 5277 5278
f 5279 3610 5277
f 5279 5281 3610
f 5279 5280 5281
f 5285 3187 3188
f 5277 5285 3188
f 3269 3270 3187
f 5286 5257 3270
f 3278 3326 5257
f 3317 3327 3326
f 5288 4288 3327
f 3219 3218 3261
f 5293 5282 3218
f 3149 5264 3148
f 3148 5264 5282
f 4073 3150 3149
f 5298 5269 4084
f 4070 5298 4084
f 4095 3387 5268
f 5283 4095 5268
f 5284 3653 5270
f 5301 5284 5270
f 3654 3640 3652
f 3655 3654 3652
f 5303 3688 3661
f 3639 5303 3661
f 4140 3702 3689
f 3690 4140 3689
f 3523 5275 3616
f 5307 3269 5285
f 3610 5307 5285
f 5306 5286 3269
f 5309 3278 5286
f 5287 3317 3278
f 3325 5288 3317
f 5311 4287 5288
f 3598 3597 5289
f 5291 5289 5290
f 5291 3598 5289
f 5291 3263 3598
f 3221 3219 3262
f 3220 5293 3219
f 5292 3148 3142
f 3142 3148 5293
f 5294 3149 5292
f 5297 4070 5295
f 5296 5297 5295
f 5299 5283 5298
f 4086 5299 5298
f 5300 5301 4095
f 4101 5300 4095
f 5315 3655 5284
f 4094 5315 5284
f 5302 3639 3654
f 3656 5302 3654
f 3659 3690 5303
f 5316 3659 5303
f 3623 3622 5304
f 5304 3622 3523
f 5280 5276 5305
f 5308 3610 5281
f 3186 5306 5307
f 5308 3186 5307
f 3268 5309 5306
f 3277 5287 5309
f 3316 3325 5287
f 5310 5311 3325
f 3324 5261 5311
f 3222 3221 3286
f 4286 3220 3221
f 3147 3142 5312
f 5312 3142 3220
f 4058 5292 3147
f 5313 4086 5297
f 4074 5313 5297
f 4087 4101 5299
f 5314 4087 5299
f 4283 4094 5300
f 4102 4283 5300
f 4281 3656 5315
f 3388 4281 5315
f 4280 5316 5302
f 5317 4280 5302
f 3658 3660 3659
f 4279 3658 3659
f 5330 5329 5318
f 5318 5329 3271
f 3271 5329 3284
f 3284 5329 3116
f 5319 3116 5321
f 5319 3284 3116
f 3116 5320 5321
f 5320 3116 3223
f 3223 3116 3224
f 3224 3116 3144
f 3144 3116 5322
f 3143 5322 5323
f 3143 3144 5322
f 5322 5324 5323
f 5324 5322 5325
f 5325 5322 3364
f 3364 5322 5326
f 5326 5322 3113
f 3365 3113 3378
f 3365 5326 3113
f 3113 4229 3378
f 4229 3113 3117
f 3117 3113 3118
f 3118 3113 5327
f 5327 3113 5329
f 5328 5329 3180
f 5328 5327 5329
f 5329 5330 3180
f 5329 3113 3116
f 3116 3113 5322
f 7694 5957 5912
f 7694 5948 5957
f 7694 5331 5948
f 5948 5331 5332
f 5949 5332 5989
f 5946 5989 5338
f 5999 5338 5333
f 5998 5333 6013
f 6014 6013 6023
f 5945 6023 5334
f 6036 5334 6033
f 6035 6033 5335
f 6041 5335 6051
f 6052 6051 5341
f 5336 5341 5342
f 6073 5342 6083
f 5938 6083 5345
f 6091 5345 6092
f 5337 6092 5937
f 5331 5347 5332
f 5332 5347 5348
f 5989 5348 5349
f 5338 5349 6002
f 5333 6002 5350
f 6013 5350 6022
f 6023 6022 6032
f 5334 6032 6034
f 6033 6034 5339
f 5335 5339 5340
f 6051 5340 6062
f 5341 6062 6072
f 5342 6072 5343
f 6083 5343 5344
f 5345 5344 6090
f 6092 6090 5346
f 5937 5346 5357
f 5347 5358 5348
f 5348 5358 5988
f 5349 5988 5997
f 6002 5997 5351
f 5350 5351 5360
f 6022 5360 5352
f 6032 5352 6040
f 6034 6040 5353
f 5339 5353 6060
f 5340 6060 5354
f 6062 5354 6068
f 6072 6068 6082
f 5343 6082 6081
f 5344 6081 5362
f 6090 5362 5355
f 5346 5355 5356
f 5357 5356 5936
f 5358 5359 5988
f 5988 5359 5996
f 5997 5996 5363
f 5351 5363 6012
f 5360 6012 5361
f 5352 5361 6031
f 6040 6031 6050
f 5353 6050 6058
f 6060 6058 6061
f 5354 6061 6071
f 6068 6071 5367
f 6082 5367 6080
f 6081 6080 6089
f 5362 6089 6103
f 5355 6103 6104
f 5356 6104 5370
f 5936 5370 5371
f 5359 7719 5996
f 5996 7719 6011
f 5363 6011 6021
f 6012 6021 6030
f 5361 6030 5364
f 6031 5364 6039
f 6050 6039 5374
f 6058 5374 6059
f 6061 6059 5365
f 6071 5365 5366
f 5367 5366 5368
f 6080 5368 6096
f 6089 6096 5369
f 6103 5369 6102
f 6104 6102 6110
f 5370 6110 5372
f 5371 5372 5922
f 7719 7720 6011
f 6011 7720 6020
f 6021 6020 5381
f 6030 5381 5373
f 5364 5373 6049
f 6039 6049 5375
f 5374 5375 5383
f 6059 5383 5384
f 5365 5384 6070
f 5366 6070 6079
f 5368 6079 5376
f 6096 5376 5377
f 5369 5377 5378
f 6102 5378 6109
f 6110 6109 5389
f 5372 5389 5379
f 5922 5379 5380
f 7720 7696 6020
f 6020 7696 5391
f 5381 5391 5382
f 5373 5382 6048
f 6049 6048 6047
f 5375 6047 6067
f 5383 6067 5393
f 5384 5393 5385
f 6070 5385 5386
f 6079 5386 6088
f 5376 6088 5387
f 5377 5387 5388
f 5378 5388 5395
f 6109 5395 5390
f 5389 5390 6118
f 5379 6118 5397
f 5380 5397 5398
f 7696 7721 5391
f 5391 7721 5392
f 5382 5392 6046
f 6048 6046 6057
f 6047 6057 5399
f 6067 5399 6069
f 5393 6069 5394
f 5385 5394 6078
f 5386 6078 6087
f 6088 6087 6101
f 5387 6101 5403
f 5388 5403 5404
f 5395 5404 5396
f 5390 5396 6117
f 6118 6117 6134
f 5397 6134 5407
f 5398 5407 6140
f 7721 7722 5392
f 5392 7722 5409
f 6046 5409 5410
f 6057 5410 6066
f 5399 6066 5400
f 6069 5400 6077
f 5394 6077 6086
f 6078 6086 5401
f 6087 5401 5402
f 6101 5402 6100
f 5403 6100 5416
f 5404 5416 5405
f 5396 5405 5406
f 6117 5406 6126
f 6134 6126 5408
f 5407 5408 5419
f 6140 5419 5420
f 7722 7723 5409
f 5409 7723 6045
f 5410 6045 5411
f 6066 5411 5412
f 5400 5412 5413
f 6077 5413 5425
f 6086 5425 5414
f 5401 5414 5415
f 5402 5415 6108
f 6100 6108 5417
f 5416 5417 6114
f 5405 6114 5418
f 5406 5418 6133
f 6126 6133 6139
f 5408 6139 5429
f 5419 5429 6150
f 5420 6150 5421
f 7723 7724 6045
f 6045 7724 5422
f 5411 5422 6065
f 5412 6065 5423
f 5413 5423 5424
f 5425 5424 6095
f 5414 6095 6094
f 5415 6094 6099
f 6108 6099 6107
f 5417 6107 5426
f 6114 5426 6124
f 5418 6124 6123
f 6133 6123 5427
f 6139 5427 5428
f 5429 5428 5430
f 6150 5430 5436
f 5421 5436 5935
f 7724 7725 5422
f 5422 7725 5438
f 6065 5438 5440
f 5423 5440 5431
f 5424 5431 5441
f 6095 5441 6093
f 6094 6093 5432
f 6099 5432 5433
f 6107 5433 5442
f 5426 5442 5434
f 6124 5434 6125
f 6123 6125 6137
f 5427 6137 5435
f 5428 5435 5445
f 5430 5445 6148
f 5436 6148 6158
f 5935 6158 5437
f 7725 5439 5438
f 5438 5439 5447
f 5440 5447 6076
f 5431 6076 6084
f 5441 6084 6098
f 6093 6098 6097
f 5432 6097 5449
f 5433 5449 6113
f 5442 6113 6116
f 5434 6116 5443
f 6125 5443 5444
f 6137 5444 6138
f 5435 6138 5451
f 5445 5451 6149
f 6148 6149 6157
f 6158 6157 6176
f 5437 6176 5446
f 5439 5454 5447
f 5447 5454 6075
f 6076 6075 6085
f 6084 6085 5448
f 6098 5448 5458
f 6097 5458 6112
f 5449 6112 5460
f 6113 5460 6121
f 6116 6121 5463
f 5443 5463 6132
f 5444 6132 5450
f 6138 5450 5466
f 5451 5466 5452
f 6149 5452 6165
f 6157 6165 6175
f 6176 6175 5453
f 5446 5453 5934
f 5454 5455 6075
f 6075 5455 5456
f 6085 5456 5457
f 5448 5457 6106
f 5458 6106 5459
f 6112 5459 5461
f 5460 5461 5462
f 6121 5462 6122
f 5463 6122 6131
f 6132 6131 5464
f 5450 5464 5465
f 5466 5465 6147
f 5452 6147 6156
f 6165 6156 6164
f 6175 6164 6174
f 5453 6174 6183
f 5934 6183 5933
f 5455 5467 5456
f 5456 5467 5477
f 5457 5477 5468
f 6106 5468 5469
f 5459 5469 5479
f 5461 5479 6120
f 5462 6120 5470
f 6122 5470 5471
f 6131 5471 5480
f 5464 5480 5472
f 5465 5472 6146
f 6147 6146 6163
f 6156 6163 5473
f 6164 5473 5474
f 6174 5474 5475
f 6183 5475 6196
f 5933 6196 5482
f 5467 5476 5477
f 5477 5476 6105
f 5468 6105 5478
f 5469 5478 5486
f 5479 5486 5488
f 6120 5488 5489
f 5470 5489 6130
f 5471 6130 6142
f 5480 6142 5491
f 5472 5491 5481
f 6146 5481 6155
f 6163 6155 6162
f 5473 6162 6173
f 5474 6173 6182
f 5475 6182 5493
f 6196 5493 6205
f 5482 6205 5483
f 5476 7727 6105
f 6105 7727 5484
f 5478 5484 5485
f 5486 5485 5487
f 5488 5487 6119
f 5489 6119 5490
f 6130 5490 5495
f 6142 5495 6143
f 5491 6143 5497
f 5481 5497 5498
f 6155 5498 5500
f 6162 5500 5492
f 6173 5492 6181
f 6182 6181 6191
f 5493 6191 6204
f 6205 6204 5501
f 5483 5501 5932
f 7727 7728 5484
f 5484 7728 6111
f 5485 6111 6115
f 5487 6115 5494
f 6119 5494 6129
f 5490 6129 5496
f 5495 5496 5504
f 6143 5504 6154
f 5497 6154 5499
f 5498 5499 6172
f 5500 6172 5506
f 5492 5506 6190
f 6181 6190 6194
f 6191 6194 6195
f 6204 6195 6203
f 5501 6203 6210
f 5932 6210 5931
f 7728 7729 6111
f 6111 7729 5502
f 6115 5502 6128
f 5494 6128 5503
f 6129 5503 6136
f 5496 6136 5513
f 5504 5513 6153
f 6154 6153 6152
f 5499 6152 5505
f 6172 5505 5507
f 5506 5507 5508
f 6190 5508 5516
f 6194 5516 6202
f 6195 6202 5519
f 6203 5519 6218
f 6210 6218 5509
f 5931 5509 5510
f 7729 5521 5502
f 5502 5521 5511
f 6128 5511 6127
f 5503 6127 5512
f 6136 5512 6144
f 5513 6144 5525
f 6153 5525 5514
f 6152 5514 5526
f 5505 5526 6171
f 5507 6171 6188
f 5508 6188 5515
f 5516 5515 5517
f 6202 5517 5518
f 5519 5518 5520
f 6218 5520 6217
f 5509 6217 6225
f 5510 6225 5530
f 5521 5522 5511
f 5511 5522 5523
f 6127 5523 6135
f 5512 6135 5524
f 6144 5524 6145
f 5525 6145 6161
f 5514 6161 6160
f 5526 6160 5527
f 6171 5527 6186
f 6188 6186 6189
f 5515 6189 5528
f 5517 5528 6201
f 5518 6201 5529
f 5520 5529 6216
f 6217 6216 5538
f 6225 5538 6228
f 5530 6228 5540
f 5522 5531 5523
f 5523 5531 5541
f 6135 5541 6141
f 5524 6141 5532
f 6145 5532 5533
f 6161 5533 6169
f 6160 6169 5534
f 5527 5534 5535
f 6186 5535 6187
f 6189 6187 6200
f 5528 6200 5545
f 6201 5545 5536
f 5529 5536 6215
f 6216 6215 5537
f 5538 5537 5539
f 6228 5539 6250
f 5540 6250 5548
f 5531 5550 5541
f 5541 5550 5542
f 6141 5542 6151
f 5532 6151 5543
f 5533 5543 5544
f 6169 5544 6170
f 5534 6170 6180
f 5535 6180 5553
f 6187 5553 5555
f 6200 5555 6209
f 5545 6209 6214
f 5536 6214 5546
f 6215 5546 5547
f 5537 5547 6227
f 5539 6227 6240
f 6250 6240 6256
f 5548 6256 5549
f 5550 5551 5542
f 5542 5551 5559
f 6151 5559 5552
f 5543 5552 5561
f 5544 5561 5562
f 6170 5562 6179
f 6180 6179 5554
f 5553 5554 6193
f 5555 6193 5556
f 6209 5556 5564
f 6214 5564 6222
f 5546 6222 6224
f 5547 6224 6238
f 6227 6238 5557
f 6240 5557 6255
f 6256 6255 5558
f 5549 5558 6262
f 5551 5560 5559
f 5559 5560 6159
f 5552 6159 6168
f 5561 6168 6167
f 5562 6167 6177
f 6179 6177 6185
f 5554 6185 5563
f 6193 5563 6207
f 5556 6207 6212
f 5564 6212 5569
f 6222 5569 6223
f 6224 6223 6237
f 6238 6237 6239
f 5557 6239 5570
f 6255 5570 5571
f 5558 5571 5565
f 6262 5565 5572
f 5560 7732 6159
f 6159 7732 5574
f 6168 5574 6166
f 6167 6166 6178
f 6177 6178 5566
f 6185 5566 5567
f 5563 5567 5568
f 6207 5568 6208
f 6212 6208 6213
f 5569 6213 6221
f 6223 6221 6226
f 6237 6226 6248
f 6239 6248 6249
f 5570 6249 6254
f 5571 6254 6261
f 5565 6261 6278
f 5572 6278 5573
f 7732 5584 5574
f 5574 5584 5585
f 6166 5585 5587
f 6178 5587 5588
f 5566 5588 5575
f 5567 5575 5576
f 5568 5576 5577
f 6208 5577 5578
f 6213 5578 5579
f 6221 5579 6236
f 6226 6236 6247
f 6248 6247 5580
f 6249 5580 5581
f 6254 5581 5582
f 6261 5582 6277
f 6278 6277 5583
f 5573 5583 5930
f 5584 7733 5585
f 5585 7733 5586
f 5587 5586 6184
f 5588 6184 5589
f 5575 5589 6206
f 5576 6206 5595
f 5577 5595 6211
f 5578 6211 6220
f 5579 6220 6235
f 6236 6235 6245
f 6247 6245 6244
f 5580 6244 6253
f 5581 6253 5590
f 5582 5590 5591
f 6277 5591 6276
f 5583 6276 5592
f 5930 5592 6290
f 7733 5593 5586
f 5586 5593 6192
f 6184 6192 5594
f 5589 5594 6199
f 6206 6199 5596
f 5595 5596 5597
f 6211 5597 5598
f 6220 5598 5599
f 6235 5599 6233
f 6245 6233 6246
f 6244 6246 6252
f 6253 6252 5603
f 5590 5603 6268
f 5591 6268 5600
f 6276 5600 6284
f 5592 6284 5605
f 6290 5605 5929
f 5593 5607 6192
f 6192 5607 6197
f 5594 6197 6198
f 6199 6198 5608
f 5596 5608 5601
f 5597 5601 5602
f 5598 5602 6232
f 5599 6232 6234
f 6233 6234 6242
f 6246 6242 6260
f 6252 6260 5612
f 5603 5612 5604
f 6268 5604 5615
f 5600 5615 6283
f 6284 6283 5606
f 5605 5606 6298
f 5929 6298 6309
f 5607 7734 6197
f 6197 7734 5617
f 6198 5617 5609
f 5608 5609 5610
f 5601 5610 6219
f 5602 6219 6230
f 6232 6230 5611
f 6234 5611 6243
f 6242 6243 6251
f 6260 6251 5613
f 5612 5613 6275
f 5604 6275 5614
f 5615 5614 5616
f 6283 5616 6297
f 5606 6297 5624
f 6298 5624 6310
f 6309 6310 5928
f 7734 5626 5617
f 5617 5626 5627
f 5609 5627 5618
f 5610 5618 5619
f 6219 5619 5630
f 6230 5630 6231
f 5611 6231 5620
f 6243 5620 5631
f 6251 5631 6259
f 5613 6259 5633
f 6275 5633 5621
f 5614 5621 5635
f 5616 5635 5622
f 6297 5622 5623
f 5624 5623 5625
f 6310 5625 5637
f 5928 5637 6318
f 5626 7711 5627
f 5627 7711 5628
f 5618 5628 5629
f 5619 5629 6229
f 5630 6229 5640
f 6231 5640 5641
f 5620 5641 6258
f 5631 6258 6267
f 6259 6267 5632
f 5633 5632 5634
f 5621 5634 5644
f 5635 5644 5645
f 5622 5645 6308
f 5623 6308 5636
f 5625 5636 5638
f 5637 5638 6317
f 6318 6317 5927
f 7711 7735 5628
f 5628 7735 5647
f 5629 5647 5639
f 6229 5639 5650
f 5640 5650 5651
f 5641 5651 5642
f 6258 5642 6266
f 6267 6266 5643
f 5632 5643 6274
f 5634 6274 6282
f 5644 6282 5653
f 5645 5653 6296
f 6308 6296 5655
f 5636 5655 5646
f 5638 5646 5656
f 6317 5656 6334
f 5927 6334 5926
f 7735 7736 5647
f 5647 7736 5648
f 5639 5648 5649
f 5650 5649 6241
f 5651 6241 5661
f 5642 5661 6265
f 6266 6265 6273
f 5643 6273 6272
f 6274 6272 5652
f 6282 5652 6289
f 5653 6289 5665
f 6296 5665 5654
f 5655 5654 5666
f 5646 5666 6326
f 5656 6326 6333
f 6334 6333 5668
f 5926 5668 5657
f 7736 5658 5648
f 5648 5658 5659
f 5649 5659 5660
f 6241 5660 5662
f 5661 5662 5663
f 6265 5663 5672
f 6273 5672 5674
f 6272 5674 5664
f 5652 5664 6288
f 6289 6288 5675
f 5665 5675 6306
f 5654 6306 6316
f 5666 6316 6315
f 6326 6315 6327
f 6333 6327 5667
f 5668 5667 5669
f 5657 5669 5681
f 5658 7713 5659
f 5659 7713 5670
f 5660 5670 5683
f 5662 5683 5671
f 5663 5671 5673
f 5672 5673 6280
f 5674 6280 6281
f 5664 6281 6295
f 6288 6295 5676
f 5675 5676 6307
f 6306 6307 5677
f 6316 5677 5678
f 6315 5678 5679
f 6327 5679 5680
f 5667 5680 6344
f 5669 6344 6353
f 5681 6353 5682
f 7713 7737 5670
f 5670 7737 6257
f 5683 6257 5684
f 5671 5684 6270
f 5673 6270 6271
f 6280 6271 6286
f 6281 6286 6287
f 6295 6287 6294
f 5676 6294 5690
f 6307 5690 5685
f 5677 5685 5686
f 5678 5686 6325
f 5679 6325 6332
f 5680 6332 6343
f 6344 6343 5687
f 6353 5687 6358
f 5682 6358 5925
f 7737 5695 6257
f 6257 5695 6264
f 5684 6264 6263
f 6270 6263 6269
f 6271 6269 6279
f 6286 6279 5697
f 6287 5697 5688
f 6294 5688 5689
f 5690 5689 5691
f 5685 5691 6324
f 5686 6324 6323
f 6325 6323 6342
f 6332 6342 6352
f 6343 6352 5692
f 5687 5692 5693
f 6358 5693 6366
f 5925 6366 5694
f 5695 5703 6264
f 6264 5703 5704
f 6263 5704 5696
f 6269 5696 6285
f 6279 6285 6293
f 5697 6293 5698
f 5688 5698 6305
f 5689 6305 5707
f 5691 5707 5708
f 6324 5708 6322
f 6323 6322 6331
f 6342 6331 6341
f 6352 6341 5710
f 5692 5710 5699
f 5693 5699 5700
f 6366 5700 5701
f 5694 5701 5702
f 5703 5713 5704
f 5704 5713 5705
f 5696 5705 5706
f 6285 5706 6292
f 6293 6292 6304
f 5698 6304 6303
f 6305 6303 6314
f 5707 6314 5717
f 5708 5717 5709
f 6322 5709 6330
f 6331 6330 6340
f 6341 6340 5711
f 5710 5711 5712
f 5699 5712 6372
f 5700 6372 6378
f 5701 6378 5721
f 5702 5721 5924
f 5713 5714 5705
f 5705 5714 5715
f 5706 5715 5716
f 6292 5716 6302
f 6304 6302 6301
f 6303 6301 6313
f 6314 6313 5718
f 5717 5718 5726
f 5709 5726 6329
f 6330 6329 5719
f 6340 5719 6351
f 5711 6351 5720
f 5712 5720 5729
f 6372 5729 6377
f 6378 6377 5722
f 5721 5722 6387
f 5924 6387 5733
f 5714 7739 5715
f 5715 7739 5736
f 5716 5736 6299
f 6302 6299 5723
f 6301 5723 5724
f 6313 5724 5725
f 5718 5725 5737
f 5726 5737 5727
f 6329 5727 6339
f 5719 6339 6349
f 6351 6349 5728
f 5720 5728 6365
f 5729 6365 5730
f 6377 5730 5731
f 5722 5731 5732
f 6387 5732 6396
f 5733 6396 5734
f 7739 5735 5736
f 5736 5735 6291
f 6299 6291 6300
f 5723 6300 6312
f 5724 6312 5741
f 5725 5741 5738
f 5737 5738 5739
f 5727 5739 6338
f 6339 6338 6350
f 6349 6350 5742
f 5728 5742 6364
f 6365 6364 6371
f 5730 6371 6376
f 5731 6376 5744
f 5732 5744 6386
f 6396 6386 6395
f 5734 6395 5740
f 5735 5746 6291
f 6291 5746 5747
f 6300 5747 6311
f 6312 6311 6320
f 5741 6320 6319
f 5738 6319 6328
f 5739 6328 5750
f 6338 5750 6357
f 6350 6357 5743
f 5742 5743 6362
f 6364 6362 5752
f 6371 5752 5753
f 6376 5753 6381
f 5744 6381 5755
f 6386 5755 5745
f 6395 5745 5756
f 5740 5756 5757
f 5746 7740 5747
f 5747 7740 5748
f 6311 5748 5759
f 6320 5759 6321
f 6319 6321 5749
f 6328 5749 6336
f 5750 6336 6348
f 6357 6348 5751
f 5743 5751 6363
f 6362 6363 5764
f 5752 5764 5765
f 5753 5765 5754
f 6381 5754 6394
f 5755 6394 6393
f 5745 6393 6403
f 5756 6403 6414
f 5757 6414 6424
f 7740 5758 5748
f 5748 5758 5760
f 5759 5760 5769
f 6321 5769 5761
f 5749 5761 6337
f 6336 6337 5762
f 6348 5762 5763
f 5751 5763 5771
f 6363 5771 6369
f 5764 6369 6375
f 5765 6375 5766
f 5754 5766 5773
f 6394 5773 5767
f 6393 5767 5768
f 6403 5768 6413
f 6414 6413 5775
f 6424 5775 5923
f 5758 7691 5760
f 5760 7691 5776
f 5769 5776 5777
f 5761 5777 6347
f 6337 6347 5770
f 5762 5770 6356
f 5763 6356 5779
f 5771 5779 6370
f 6369 6370 5782
f 6375 5782 6380
f 5766 6380 5772
f 5773 5772 6392
f 5767 6392 6402
f 5768 6402 5774
f 6413 5774 6423
f 5775 6423 6429
f 5923 6429 5921
f 7691 7742 5776
f 5776 7742 5787
f 5777 5787 5778
f 6347 5778 6346
f 5770 6346 6361
f 6356 6361 5780
f 5779 5780 5781
f 6370 5781 5783
f 5782 5783 5789
f 6380 5789 6385
f 5772 6385 5784
f 6392 5784 5785
f 6402 5785 6412
f 5774 6412 5793
f 6423 5793 6430
f 6429 6430 5971
f 5921 5971 5920
f 7742 5786 5787
f 5787 5786 6335
f 5778 6335 6345
f 6346 6345 6354
f 6361 6354 6360
f 5780 6360 5800
f 5781 5800 5788
f 5783 5788 5801
f 5789 5801 5790
f 6385 5790 5791
f 5784 5791 5792
f 5785 5792 6411
f 6412 6411 6422
f 5793 6422 5794
f 6430 5794 6436
f 5971 6436 5795
f 5920 5795 5796
f 5786 5797 6335
f 6335 5797 5798
f 6345 5798 6355
f 6354 6355 5799
f 6360 5799 6368
f 5800 6368 6374
f 5788 6374 6384
f 5801 6384 5802
f 5790 5802 6391
f 5791 6391 6401
f 5792 6401 5803
f 6411 5803 5804
f 6422 5804 5805
f 5794 5805 6435
f 6436 6435 5806
f 5795 5806 5976
f 5796 5976 5954
f 5797 5814 5798
f 5798 5814 5807
f 6355 5807 6359
f 5799 6359 5808
f 6368 5808 5816
f 6374 5816 5809
f 6384 5809 5810
f 5802 5810 6400
f 6391 6400 6399
f 6401 6399 6421
f 5803 6421 5819
f 5804 5819 5811
f 5805 5811 5812
f 6435 5812 5813
f 5806 5813 5975
f 5976 5975 5823
f 5954 5823 5825
f 5814 7689 5807
f 5807 7689 5827
f 6359 5827 6373
f 5808 6373 5815
f 5816 5815 6382
f 5809 6382 6383
f 5810 6383 5817
f 6400 5817 5830
f 6399 5830 5818
f 6421 5818 5820
f 5819 5820 5821
f 5811 5821 5969
f 5812 5969 5968
f 5813 5968 5822
f 5975 5822 5824
f 5823 5824 5834
f 5825 5834 5835
f 7689 5826 5827
f 5827 5826 6367
f 6373 6367 5828
f 5815 5828 5829
f 6382 5829 6390
f 6383 6390 5837
f 5817 5837 6410
f 5830 6410 6420
f 5818 6420 6427
f 5820 6427 5838
f 5821 5838 5831
f 5969 5831 5832
f 5968 5832 5970
f 5822 5970 5833
f 5824 5833 5981
f 5834 5981 5987
f 5835 5987 5953
f 5826 7744 6367
f 6367 7744 6379
f 5828 6379 5836
f 5829 5836 5841
f 6390 5841 6389
f 5837 6389 6398
f 6410 6398 6419
f 6420 6419 6426
f 6427 6426 6428
f 5838 6428 5839
f 5831 5839 5965
f 5832 5965 5967
f 5970 5967 5980
f 5833 5980 5840
f 5981 5840 5986
f 5987 5986 5995
f 5953 5995 5952
f 7744 7686 6379
f 6379 7686 5848
f 5836 5848 6388
f 5841 6388 6397
f 6389 6397 6409
f 6398 6409 6418
f 6419 6418 5842
f 6426 5842 5843
f 6428 5843 6434
f 5839 6434 5844
f 5965 5844 5845
f 5967 5845 5846
f 5980 5846 5985
f 5840 5985 5994
f 5986 5994 6001
f 5995 6001 5847
f 5952 5847 6010
f 7686 7685 5848
f 5848 7685 5849
f 6388 5849 5851
f 6397 5851 6408
f 6409 6408 6417
f 6418 6417 6416
f 5842 6416 5854
f 5843 5854 5850
f 6434 5850 5963
f 5844 5963 5966
f 5845 5966 5974
f 5846 5974 5858
f 5985 5858 5993
f 5994 5993 5992
f 6001 5992 5861
f 5847 5861 5863
f 6010 5863 6018
f 7685 5864 5849
f 5849 5864 5865
f 5851 5865 5852
f 6408 5852 6407
f 6417 6407 5853
f 6416 5853 5855
f 5854 5855 5856
f 5850 5856 5964
f 5963 5964 5857
f 5966 5857 5973
f 5974 5973 5979
f 5858 5979 5859
f 5993 5859 5860
f 5992 5860 5862
f 5861 5862 6009
f 5863 6009 6019
f 6018 6019 6029
f 5864 7684 5865
f 5865 7684 6405
f 5852 6405 6404
f 6407 6404 6415
f 5853 6415 5871
f 5855 5871 6433
f 5856 6433 5872
f 5964 5872 5962
f 5857 5962 5866
f 5973 5866 5867
f 5979 5867 5984
f 5859 5984 5868
f 5860 5868 6008
f 5862 6008 6007
f 6009 6007 6028
f 6019 6028 5869
f 6029 5869 5879
f 7684 7683 6405
f 6405 7683 6406
f 6404 6406 5870
f 6415 5870 6425
f 5871 6425 5880
f 6433 5880 5881
f 5872 5881 5873
f 5962 5873 5874
f 5866 5874 5875
f 5867 5875 5876
f 5984 5876 5877
f 5868 5877 6006
f 6008 6006 5878
f 6007 5878 5885
f 6028 5885 6027
f 5869 6027 6044
f 5879 6044 5887
f 7683 7746 6406
f 6406 7746 5888
f 5870 5888 6432
f 6425 6432 5889
f 5880 5889 5961
f 5881 5961 5882
f 5873 5882 5972
f 5874 5972 5978
f 5875 5978 5991
f 5876 5991 5893
f 5877 5893 5883
f 6006 5883 5884
f 5878 5884 5886
f 5885 5886 6037
f 6027 6037 6038
f 6044 6038 5896
f 5887 5896 5897
f 7746 7747 5888
f 5888 7747 6431
f 6432 6431 5898
f 5889 5898 5959
f 5961 5959 5890
f 5882 5890 5891
f 5972 5891 5892
f 5978 5892 5899
f 5991 5899 5894
f 5893 5894 5895
f 5883 5895 6005
f 5884 6005 6017
f 5886 6017 6026
f 6037 6026 6043
f 6038 6043 5901
f 5896 5901 6056
f 5897 6056 6064
f 7747 7681 6431
f 6431 7681 5956
f 5898 5956 5958
f 5959 5958 5960
f 5890 5960 5977
f 5891 5977 5983
f 5892 5983 5982
f 5899 5982 5906
f 5894 5906 5900
f 5895 5900 6015
f 6005 6015 5908
f 6017 5908 6025
f 6026 6025 6042
f 6043 6042 6054
f 5901 6054 6055
f 6056 6055 5902
f 6064 5902 5950
f 7681 7679 5956
f 5956 7679 5955
f 5958 5955 5903
f 5960 5903 5913
f 5977 5913 5904
f 5983 5904 5905
f 5982 5905 5990
f 5906 5990 5907
f 5900 5907 6003
f 6015 6003 6016
f 5908 6016 6024
f 6025 6024 5909
f 6042 5909 5910
f 6054 5910 6053
f 6055 6053 5911
f 5902 5911 5918
f 5950 5918 6074
f 7679 5912 5955
f 5955 5912 5957
f 5903 5957 5914
f 5913 5914 5915
f 5904 5915 5947
f 5905 5947 5916
f 5990 5916 6000
f 5907 6000 6004
f 6003 6004 5944
f 6016 5944 5943
f 6024 5943 5942
f 5909 5942 5941
f 5910 5941 5917
f 6053 5917 6063
f 5911 6063 5940
f 5918 5940 5939
f 6074 5939 5919
f 5796 5951 5920
f 5920 5951 5921
f 5930 5951 5573
f 5380 5951 5922
f 5921 5951 5923
f 5923 5951 6424
f 6424 5951 5757
f 5757 5951 5740
f 5740 5951 5734
f 5734 5951 5733
f 5733 5951 5924
f 5924 5951 5702
f 5702 5951 5694
f 5694 5951 5925
f 5925 5951 5682
f 5682 5951 5681
f 5681 5951 5657
f 5657 5951 5926
f 5926 5951 5927
f 5927 5951 6318
f 6318 5951 5928
f 5928 5951 6309
f 6309 5951 5929
f 5929 5951 6290
f 6290 5951 5930
f 5573 5951 5572
f 5572 5951 6262
f 6262 5951 5549
f 5549 5951 5548
f 5548 5951 5540
f 5540 5951 5530
f 5530 5951 5510
f 5510 5951 5931
f 5931 5951 5932
f 5932 5951 5483
f 5483 5951 5482
f 5482 5951 5933
f 5933 5951 5934
f 5934 5951 5446
f 5446 5951 5437
f 5437 5951 5935
f 5935 5951 5421
f 5421 5951 5420
f 5420 5951 6140
f 6140 5951 5398
f 5398 5951 5380
f 5922 5951 5371
f 5371 5951 5936
f 5936 5951 5357
f 5357 5951 5937
f 5937 5951 5337
f 5337 5951 5919
f 6091 5919 5939
f 5938 5939 5940
f 6073 5940 6063
f 5336 6063 5917
f 6052 5917 5941
f 6041 5941 5942
f 6035 5942 5943
f 6036 5943 5944
f 5945 5944 6004
f 6014 6004 6000
f 5998 6000 5916
f 5999 5916 5947
f 5946 5947 5915
f 5949 5915 5914
f 5948 5914 5957
f 5948 5949 5914
f 5948 5332 5949
f 5919 5951 6074
f 6074 5951 5950
f 5950 5951 6064
f 6064 5951 5897
f 5897 5951 5887
f 5887 5951 5879
f 5879 5951 6029
f 6029 5951 6018
f 6018 5951 6010
f 6010 5951 5952
f 5952 5951 5953
f 5953 5951 5835
f 5835 5951 5825
f 5825 5951 5954
f 5954 5951 5796
f 5955 5958 5956
f 5903 5955 5957
f 5958 5959 5898
f 5960 5958 5903
f 5959 5961 5889
f 5890 5959 5960
f 5961 5881 5880
f 5882 5961 5890
f 5881 5872 6433
f 5873 5881 5882
f 5872 5964 5856
f 5962 5872 5873
f 5964 5963 5850
f 5857 5964 5962
f 5963 5844 6434
f 5966 5963 5857
f 5844 5965 5839
f 5845 5844 5966
f 5965 5832 5831
f 5967 5965 5845
f 5832 5968 5969
f 5970 5832 5967
f 5968 5813 5812
f 5822 5968 5970
f 5813 5806 6435
f 5975 5813 5822
f 5806 5795 6436
f 5976 5806 5975
f 5795 5920 5971
f 5796 5795 5976
f 5913 5903 5914
f 5977 5960 5913
f 5891 5890 5977
f 5972 5882 5891
f 5874 5873 5972
f 5866 5962 5874
f 5973 5857 5866
f 5974 5966 5973
f 5846 5845 5974
f 5980 5967 5846
f 5833 5970 5980
f 5824 5822 5833
f 5823 5975 5824
f 5954 5976 5823
f 5904 5913 5915
f 5983 5977 5904
f 5892 5891 5983
f 5978 5972 5892
f 5875 5874 5978
f 5867 5866 5875
f 5979 5973 5867
f 5858 5974 5979
f 5985 5846 5858
f 5840 5980 5985
f 5981 5833 5840
f 5834 5824 5981
f 5825 5823 5834
f 5989 5332 5348
f 5946 5915 5949
f 5989 5946 5949
f 5905 5904 5947
f 5982 5983 5905
f 5899 5892 5982
f 5991 5978 5899
f 5876 5875 5991
f 5984 5867 5876
f 5859 5979 5984
f 5993 5858 5859
f 5994 5985 5993
f 5986 5840 5994
f 5987 5981 5986
f 5835 5834 5987
f 5349 5348 5988
f 5338 5989 5349
f 5999 5947 5946
f 5338 5999 5946
f 5990 5905 5916
f 5906 5982 5990
f 5894 5899 5906
f 5893 5991 5894
f 5877 5876 5893
f 5868 5984 5877
f 5860 5859 5868
f 5992 5993 5860
f 6001 5994 5992
f 5995 5986 6001
f 5953 5987 5995
f 5997 5988 5996
f 6002 5349 5997
f 5333 5338 6002
f 5998 5916 5999
f 5333 5998 5999
f 5907 5990 6000
f 5900 5906 5907
f 5895 5894 5900
f 5883 5893 5895
f 6006 5877 5883
f 6008 5868 6006
f 5862 5860 6008
f 5861 5992 5862
f 5847 6001 5861
f 5952 5995 5847
f 5363 5996 6011
f 5351 5997 5363
f 5350 6002 5351
f 6013 5333 5350
f 6014 6000 5998
f 6013 6014 5998
f 6003 5907 6004
f 6015 5900 6003
f 6005 5895 6015
f 5884 5883 6005
f 5878 6006 5884
f 6007 6008 5878
f 6009 5862 6007
f 5863 5861 6009
f 6010 5847 5863
f 6021 6011 6020
f 6012 5363 6021
f 5360 5351 6012
f 6022 5350 5360
f 6023 6013 6022
f 5945 6004 6014
f 6023 5945 6014
f 6016 6003 5944
f 5908 6015 6016
f 6017 6005 5908
f 5886 5884 6017
f 5885 5878 5886
f 6028 6007 5885
f 6019 6009 6028
f 6018 5863 6019
f 5381 6020 5391
f 6030 6021 5381
f 5361 6012 6030
f 5352 5360 5361
f 6032 6022 5352
f 5334 6023 6032
f 6036 5944 5945
f 5334 6036 5945
f 6024 6016 5943
f 6025 5908 6024
f 6026 6017 6025
f 6037 5886 6026
f 6027 5885 6037
f 5869 6028 6027
f 6029 6019 5869
f 5382 5391 5392
f 5373 5381 5382
f 5364 6030 5373
f 6031 5361 5364
f 6040 5352 6031
f 6034 6032 6040
f 6033 5334 6034
f 6035 5943 6036
f 6033 6035 6036
f 5909 6024 5942
f 6042 6025 5909
f 6043 6026 6042
f 6038 6037 6043
f 6044 6027 6038
f 5879 5869 6044
f 6046 5392 5409
f 6048 5382 6046
f 6049 5373 6048
f 6039 5364 6049
f 6050 6031 6039
f 5353 6040 6050
f 5339 6034 5353
f 5335 6033 5339
f 6041 5942 6035
f 5335 6041 6035
f 5910 5909 5941
f 6054 6042 5910
f 5901 6043 6054
f 5896 6038 5901
f 5887 6044 5896
f 5410 5409 6045
f 6057 6046 5410
f 6047 6048 6057
f 5375 6049 6047
f 5374 6039 5375
f 6058 6050 5374
f 6060 5353 6058
f 5340 5339 6060
f 6051 5335 5340
f 6052 5941 6041
f 6051 6052 6041
f 6053 5910 5917
f 6055 6054 6053
f 6056 5901 6055
f 5897 5896 6056
f 5411 6045 5422
f 6066 5410 5411
f 5399 6057 6066
f 6067 6047 5399
f 5383 5375 6067
f 6059 5374 5383
f 6061 6058 6059
f 5354 6060 6061
f 6062 5340 5354
f 5341 6051 6062
f 5336 5917 6052
f 5341 5336 6052
f 5911 6053 6063
f 5902 6055 5911
f 6064 6056 5902
f 6065 5422 5438
f 5412 5411 6065
f 5400 6066 5412
f 6069 5399 5400
f 5393 6067 6069
f 5384 5383 5393
f 5365 6059 5384
f 6071 6061 5365
f 6068 5354 6071
f 6072 6062 6068
f 5342 5341 6072
f 6073 6063 5336
f 5342 6073 5336
f 5918 5911 5940
f 5950 5902 5918
f 5440 5438 5447
f 5423 6065 5440
f 5413 5412 5423
f 6077 5400 5413
f 5394 6069 6077
f 5385 5393 5394
f 6070 5384 5385
f 5366 5365 6070
f 5367 6071 5366
f 6082 6068 5367
f 5343 6072 6082
f 6083 5342 5343
f 5938 5940 6073
f 6083 5938 6073
f 6074 5918 5939
f 6076 5447 6075
f 5431 5440 6076
f 5424 5423 5431
f 5425 5413 5424
f 6086 6077 5425
f 6078 5394 6086
f 5386 5385 6078
f 6079 6070 5386
f 5368 5366 6079
f 6080 5367 5368
f 6081 6082 6080
f 5344 5343 6081
f 5345 6083 5344
f 6091 5939 5938
f 5345 6091 5938
f 6085 6075 5456
f 6084 6076 6085
f 5441 5431 6084
f 6095 5424 5441
f 5414 5425 6095
f 5401 6086 5414
f 6087 6078 5401
f 6088 5386 6087
f 5376 6079 6088
f 6096 5368 5376
f 6089 6080 6096
f 5362 6081 6089
f 6090 5344 5362
f 6092 5345 6090
f 5337 5919 6091
f 6092 5337 6091
f 5457 5456 5477
f 5448 6085 5457
f 6098 6084 5448
f 6093 5441 6098
f 6094 6095 6093
f 5415 5414 6094
f 5402 5401 5415
f 6101 6087 5402
f 5387 6088 6101
f 5377 5376 5387
f 5369 6096 5377
f 6103 6089 5369
f 5355 5362 6103
f 5346 6090 5355
f 5937 6092 5346
f 5468 5477 6105
f 6106 5457 5468
f 5458 5448 6106
f 6097 6098 5458
f 5432 6093 6097
f 6099 6094 5432
f 6108 5415 6099
f 6100 5402 6108
f 5403 6101 6100
f 5388 5387 5403
f 5378 5377 5388
f 6102 5369 5378
f 6104 6103 6102
f 5356 5355 6104
f 5357 5346 5356
f 5478 6105 5484
f 5469 5468 5478
f 5459 6106 5469
f 6112 5458 5459
f 5449 6097 6112
f 5433 5432 5449
f 6107 6099 5433
f 5417 6108 6107
f 5416 6100 5417
f 5404 5403 5416
f 5395 5388 5404
f 6109 5378 5395
f 6110 6102 6109
f 5370 6104 6110
f 5936 5356 5370
f 5485 5484 6111
f 5486 5478 5485
f 5479 5469 5486
f 5461 5459 5479
f 5460 6112 5461
f 6113 5449 5460
f 5442 5433 6113
f 5426 6107 5442
f 6114 5417 5426
f 5405 5416 6114
f 5396 5404 5405
f 5390 5395 5396
f 5389 6109 5390
f 5372 6110 5389
f 5371 5370 5372
f 6115 6111 5502
f 5487 5485 6115
f 5488 5486 5487
f 6120 5479 5488
f 5462 5461 6120
f 6121 5460 5462
f 6116 6113 6121
f 5434 5442 6116
f 6124 5426 5434
f 5418 6114 6124
f 5406 5405 5418
f 6117 5396 5406
f 6118 5390 6117
f 5379 5389 6118
f 5922 5372 5379
f 6128 5502 5511
f 5494 6115 6128
f 6119 5487 5494
f 5489 5488 6119
f 5470 6120 5489
f 6122 5462 5470
f 5463 6121 6122
f 5443 6116 5463
f 6125 5434 5443
f 6123 6124 6125
f 6133 5418 6123
f 6126 5406 6133
f 6134 6117 6126
f 5397 6118 6134
f 5380 5379 5397
f 6127 5511 5523
f 5503 6128 6127
f 6129 5494 5503
f 5490 6119 6129
f 6130 5489 5490
f 5471 5470 6130
f 6131 6122 5471
f 6132 5463 6131
f 5444 5443 6132
f 6137 6125 5444
f 5427 6123 6137
f 6139 6133 5427
f 5408 6126 6139
f 5407 6134 5408
f 5398 5397 5407
f 6135 5523 5541
f 5512 6127 6135
f 6136 5503 5512
f 5496 6129 6136
f 5495 5490 5496
f 6142 6130 5495
f 5480 5471 6142
f 5464 6131 5480
f 5450 6132 5464
f 6138 5444 5450
f 5435 6137 6138
f 5428 5427 5435
f 5429 6139 5428
f 5419 5408 5429
f 6140 5407 5419
f 6141 5541 5542
f 5524 6135 6141
f 6144 5512 5524
f 5513 6136 6144
f 5504 5496 5513
f 6143 5495 5504
f 5491 6142 6143
f 5472 5480 5491
f 5465 5464 5472
f 5466 5450 5465
f 5451 6138 5466
f 5445 5435 5451
f 5430 5428 5445
f 6150 5429 5430
f 5420 5419 6150
f 6151 5542 5559
f 5532 6141 6151
f 6145 5524 5532
f 5525 6144 6145
f 6153 5513 5525
f 6154 5504 6153
f 5497 6143 6154
f 5481 5491 5497
f 6146 5472 5481
f 6147 5465 6146
f 5452 5466 6147
f 6149 5451 5452
f 6148 5445 6149
f 5436 5430 6148
f 5421 6150 5436
f 5552 5559 6159
f 5543 6151 5552
f 5533 5532 5543
f 6161 6145 5533
f 5514 5525 6161
f 6152 6153 5514
f 5499 6154 6152
f 5498 5497 5499
f 6155 5481 5498
f 6163 6146 6155
f 6156 6147 6163
f 6165 5452 6156
f 6157 6149 6165
f 6158 6148 6157
f 5935 5436 6158
f 6168 6159 5574
f 5561 5552 6168
f 5544 5543 5561
f 6169 5533 5544
f 6160 6161 6169
f 5526 5514 6160
f 5505 6152 5526
f 6172 5499 5505
f 5500 5498 6172
f 6162 6155 5500
f 5473 6163 6162
f 6164 6156 5473
f 6175 6165 6164
f 6176 6157 6175
f 5437 6158 6176
f 6166 5574 5585
f 6167 6168 6166
f 5562 5561 6167
f 6170 5544 5562
f 5534 6169 6170
f 5527 6160 5534
f 6171 5526 5527
f 5507 5505 6171
f 5506 6172 5507
f 5492 5500 5506
f 6173 6162 5492
f 5474 5473 6173
f 6174 6164 5474
f 5453 6175 6174
f 5446 6176 5453
f 5587 5585 5586
f 6178 6166 5587
f 6177 6167 6178
f 6179 5562 6177
f 6180 6170 6179
f 5535 5534 6180
f 6186 5527 5535
f 6188 6171 6186
f 5508 5507 6188
f 6190 5506 5508
f 6181 5492 6190
f 6182 6173 6181
f 5475 5474 6182
f 6183 6174 5475
f 5934 5453 6183
f 6184 5586 6192
f 5588 5587 6184
f 5566 6178 5588
f 6185 6177 5566
f 5554 6179 6185
f 5553 6180 5554
f 6187 5535 5553
f 6189 6186 6187
f 5515 6188 6189
f 5516 5508 5515
f 6194 6190 5516
f 6191 6181 6194
f 5493 6182 6191
f 6196 5475 5493
f 5933 6183 6196
f 5594 6192 6197
f 5589 6184 5594
f 5575 5588 5589
f 5567 5566 5575
f 5563 6185 5567
f 6193 5554 5563
f 5555 5553 6193
f 6200 6187 5555
f 5528 6189 6200
f 5517 5515 5528
f 6202 5516 5517
f 6195 6194 6202
f 6204 6191 6195
f 6205 5493 6204
f 5482 6196 6205
f 6198 6197 5617
f 6199 5594 6198
f 6206 5589 6199
f 5576 5575 6206
f 5568 5567 5576
f 6207 5563 5568
f 5556 6193 6207
f 6209 5555 5556
f 5545 6200 6209
f 6201 5528 5545
f 5518 5517 6201
f 5519 6202 5518
f 6203 6195 5519
f 5501 6204 6203
f 5483 6205 5501
f 5609 5617 5627
f 5608 6198 5609
f 5596 6199 5608
f 5595 6206 5596
f 5577 5576 5595
f 6208 5568 5577
f 6212 6207 6208
f 5564 5556 6212
f 6214 6209 5564
f 5536 5545 6214
f 5529 6201 5536
f 5520 5518 5529
f 6218 5519 5520
f 6210 6203 6218
f 5932 5501 6210
f 5618 5627 5628
f 5610 5609 5618
f 5601 5608 5610
f 5597 5596 5601
f 6211 5595 5597
f 5578 5577 6211
f 6213 6208 5578
f 5569 6212 6213
f 6222 5564 5569
f 5546 6214 6222
f 6215 5536 5546
f 6216 5529 6215
f 6217 5520 6216
f 5509 6218 6217
f 5931 6210 5509
f 5629 5628 5647
f 5619 5618 5629
f 6219 5610 5619
f 5602 5601 6219
f 5598 5597 5602
f 6220 6211 5598
f 5579 5578 6220
f 6221 6213 5579
f 6223 5569 6221
f 6224 6222 6223
f 5547 5546 6224
f 5537 6215 5547
f 5538 6216 5537
f 6225 6217 5538
f 5510 5509 6225
f 5639 5647 5648
f 6229 5629 5639
f 5630 5619 6229
f 6230 6219 5630
f 6232 5602 6230
f 5599 5598 6232
f 6235 6220 5599
f 6236 5579 6235
f 6226 6221 6236
f 6237 6223 6226
f 6238 6224 6237
f 6227 5547 6238
f 5539 5537 6227
f 6228 5538 5539
f 5530 6225 6228
f 5649 5648 5659
f 5650 5639 5649
f 5640 6229 5650
f 6231 5630 5640
f 5611 6230 6231
f 6234 6232 5611
f 6233 5599 6234
f 6245 6235 6233
f 6247 6236 6245
f 6248 6226 6247
f 6239 6237 6248
f 5557 6238 6239
f 6240 6227 5557
f 6250 5539 6240
f 5540 6228 6250
f 5660 5659 5670
f 6241 5649 5660
f 5651 5650 6241
f 5641 5640 5651
f 5620 6231 5641
f 6243 5611 5620
f 6242 6234 6243
f 6246 6233 6242
f 6244 6245 6246
f 5580 6247 6244
f 6249 6248 5580
f 5570 6239 6249
f 6255 5557 5570
f 6256 6240 6255
f 5548 6250 6256
f 5683 5670 6257
f 5662 5660 5683
f 5661 6241 5662
f 5642 5651 5661
f 6258 5641 5642
f 5631 5620 6258
f 6251 6243 5631
f 6260 6242 6251
f 6252 6246 6260
f 6253 6244 6252
f 5581 5580 6253
f 6254 6249 5581
f 5571 5570 6254
f 5558 6255 5571
f 5549 6256 5558
f 5684 6257 6264
f 5671 5683 5684
f 5663 5662 5671
f 6265 5661 5663
f 6266 5642 6265
f 6267 6258 6266
f 6259 5631 6267
f 5613 6251 6259
f 5612 6260 5613
f 5603 6252 5612
f 5590 6253 5603
f 5582 5581 5590
f 6261 6254 5582
f 5565 5571 6261
f 6262 5558 5565
f 6263 6264 5704
f 6270 5684 6263
f 5673 5671 6270
f 5672 5663 5673
f 6273 6265 5672
f 5643 6266 6273
f 5632 6267 5643
f 5633 6259 5632
f 6275 5613 5633
f 5604 5612 6275
f 6268 5603 5604
f 5591 5590 6268
f 6277 5582 5591
f 6278 6261 6277
f 5572 5565 6278
f 5696 5704 5705
f 6269 6263 5696
f 6271 6270 6269
f 6280 5673 6271
f 5674 5672 6280
f 6272 6273 5674
f 6274 5643 6272
f 5634 5632 6274
f 5621 5633 5634
f 5614 6275 5621
f 5615 5604 5614
f 5600 6268 5615
f 6276 5591 5600
f 5583 6277 6276
f 5573 6278 5583
f 5706 5705 5715
f 6285 5696 5706
f 6279 6269 6285
f 6286 6271 6279
f 6281 6280 6286
f 5664 5674 6281
f 5652 6272 5664
f 6282 6274 5652
f 5644 5634 6282
f 5635 5621 5644
f 5616 5614 5635
f 6283 5615 5616
f 6284 5600 6283
f 5592 6276 6284
f 5930 5583 5592
f 5716 5715 5736
f 6292 5706 5716
f 6293 6285 6292
f 5697 6279 6293
f 6287 6286 5697
f 6295 6281 6287
f 6288 5664 6295
f 6289 5652 6288
f 5653 6282 6289
f 5645 5644 5653
f 5622 5635 5645
f 6297 5616 5622
f 5606 6283 6297
f 5605 6284 5606
f 6290 5592 5605
f 6299 5736 6291
f 6302 5716 6299
f 6304 6292 6302
f 5698 6293 6304
f 5688 5697 5698
f 6294 6287 5688
f 5676 6295 6294
f 5675 6288 5676
f 5665 6289 5675
f 6296 5653 5665
f 6308 5645 6296
f 5623 5622 6308
f 5624 6297 5623
f 6298 5606 5624
f 5929 5605 6298
f 6300 6291 5747
f 5723 6299 6300
f 6301 6302 5723
f 6303 6304 6301
f 6305 5698 6303
f 5689 5688 6305
f 5690 6294 5689
f 6307 5676 5690
f 6306 5675 6307
f 5654 5665 6306
f 5655 6296 5654
f 5636 6308 5655
f 5625 5623 5636
f 6310 5624 5625
f 6309 6298 6310
f 6311 5747 5748
f 6312 6300 6311
f 5724 5723 6312
f 6313 6301 5724
f 6314 6303 6313
f 5707 6305 6314
f 5691 5689 5707
f 5685 5690 5691
f 5677 6307 5685
f 6316 6306 5677
f 5666 5654 6316
f 5646 5655 5666
f 5638 5636 5646
f 5637 5625 5638
f 5928 6310 5637
f 5759 5748 5760
f 6320 6311 5759
f 5741 6312 6320
f 5725 5724 5741
f 5718 6313 5725
f 5717 6314 5718
f 5708 5707 5717
f 6324 5691 5708
f 5686 5685 6324
f 5678 5677 5686
f 6315 6316 5678
f 6326 5666 6315
f 5656 5646 6326
f 6317 5638 5656
f 6318 5637 6317
f 5769 5760 5776
f 6321 5759 5769
f 6319 6320 6321
f 5738 5741 6319
f 5737 5725 5738
f 5726 5718 5737
f 5709 5717 5726
f 6322 5708 5709
f 6323 6324 6322
f 6325 5686 6323
f 5679 5678 6325
f 6327 6315 5679
f 6333 6326 6327
f 6334 5656 6333
f 5927 6317 6334
f 5777 5776 5787
f 5761 5769 5777
f 5749 6321 5761
f 6328 6319 5749
f 5739 5738 6328
f 5727 5737 5739
f 6329 5726 5727
f 6330 5709 6329
f 6331 6322 6330
f 6342 6323 6331
f 6332 6325 6342
f 5680 5679 6332
f 5667 6327 5680
f 5668 6333 5667
f 5926 6334 5668
f 5778 5787 6335
f 6347 5777 5778
f 6337 5761 6347
f 6336 5749 6337
f 5750 6328 6336
f 6338 5739 5750
f 6339 5727 6338
f 5719 6329 6339
f 6340 6330 5719
f 6341 6331 6340
f 6352 6342 6341
f 6343 6332 6352
f 6344 5680 6343
f 5669 5667 6344
f 5657 5668 5669
f 6345 6335 5798
f 6346 5778 6345
f 5770 6347 6346
f 5762 6337 5770
f 6348 6336 5762
f 6357 5750 6348
f 6350 6338 6357
f 6349 6339 6350
f 6351 5719 6349
f 5711 6340 6351
f 5710 6341 5711
f 5692 6352 5710
f 5687 6343 5692
f 6353 6344 5687
f 5681 5669 6353
f 6355 5798 5807
f 6354 6345 6355
f 6361 6346 6354
f 6356 5770 6361
f 5763 5762 6356
f 5751 6348 5763
f 5743 6357 5751
f 5742 6350 5743
f 5728 6349 5742
f 5720 6351 5728
f 5712 5711 5720
f 5699 5710 5712
f 5693 5692 5699
f 6358 5687 5693
f 5682 6353 6358
f 6359 5807 5827
f 5799 6355 6359
f 6360 6354 5799
f 5780 6361 6360
f 5779 6356 5780
f 5771 5763 5779
f 6363 5751 5771
f 6362 5743 6363
f 6364 5742 6362
f 6365 5728 6364
f 5729 5720 6365
f 6372 5712 5729
f 5700 5699 6372
f 6366 5693 5700
f 5925 6358 6366
f 6373 5827 6367
f 5808 6359 6373
f 6368 5799 5808
f 5800 6360 6368
f 5781 5780 5800
f 6370 5779 5781
f 6369 5771 6370
f 5764 6363 6369
f 5752 6362 5764
f 6371 6364 5752
f 5730 6365 6371
f 6377 5729 5730
f 6378 6372 6377
f 5701 5700 6378
f 5694 6366 5701
f 5828 6367 6379
f 5815 6373 5828
f 5816 5808 5815
f 6374 6368 5816
f 5788 5800 6374
f 5783 5781 5788
f 5782 6370 5783
f 6375 6369 5782
f 5765 5764 6375
f 5753 5752 5765
f 6376 6371 5753
f 5731 5730 6376
f 5722 6377 5731
f 5721 6378 5722
f 5702 5701 5721
f 5836 6379 5848
f 5829 5828 5836
f 6382 5815 5829
f 5809 5816 6382
f 6384 6374 5809
f 5801 5788 6384
f 5789 5783 5801
f 6380 5782 5789
f 5766 6375 6380
f 5754 5765 5766
f 6381 5753 5754
f 5744 6376 6381
f 5732 5731 5744
f 6387 5722 5732
f 5924 5721 6387
f 6388 5848 5849
f 5841 5836 6388
f 6390 5829 5841
f 6383 6382 6390
f 5810 5809 6383
f 5802 6384 5810
f 5790 5801 5802
f 6385 5789 5790
f 5772 6380 6385
f 5773 5766 5772
f 6394 5754 5773
f 5755 6381 6394
f 6386 5744 5755
f 6396 5732 6386
f 5733 6387 6396
f 5851 5849 5865
f 6397 6388 5851
f 6389 5841 6397
f 5837 6390 6389
f 5817 6383 5837
f 6400 5810 5817
f 6391 5802 6400
f 5791 5790 6391
f 5784 6385 5791
f 6392 5772 5784
f 5767 5773 6392
f 6393 6394 5767
f 5745 5755 6393
f 6395 6386 5745
f 5734 6396 6395
f 5852 5865 6405
f 6408 5851 5852
f 6409 6397 6408
f 6398 6389 6409
f 6410 5837 6398
f 5830 5817 6410
f 6399 6400 5830
f 6401 6391 6399
f 5792 5791 6401
f 5785 5784 5792
f 6402 6392 5785
f 5768 5767 6402
f 6403 6393 5768
f 5756 5745 6403
f 5740 6395 5756
f 6404 6405 6406
f 6407 5852 6404
f 6417 6408 6407
f 6418 6409 6417
f 6419 6398 6418
f 6420 6410 6419
f 5818 5830 6420
f 6421 6399 5818
f 5803 6401 6421
f 6411 5792 5803
f 6412 5785 6411
f 5774 6402 6412
f 6413 5768 5774
f 6414 6403 6413
f 5757 5756 6414
f 5870 6406 5888
f 6415 6404 5870
f 5853 6407 6415
f 6416 6417 5853
f 5842 6418 6416
f 6426 6419 5842
f 6427 6420 6426
f 5820 5818 6427
f 5819 6421 5820
f 5804 5803 5819
f 6422 6411 5804
f 5793 6412 6422
f 6423 5774 5793
f 5775 6413 6423
f 6424 6414 5775
f 6432 5888 6431
f 6425 5870 6432
f 5871 6415 6425
f 5855 5853 5871
f 5854 6416 5855
f 5843 5842 5854
f 6428 6426 5843
f 5838 6427 6428
f 5821 5820 5838
f 5811 5819 5821
f 5805 5804 5811
f 5794 6422 5805
f 6430 5793 5794
f 6429 6423 6430
f 5923 5775 6429
f 5898 6431 5956
f 5889 6432 5898
f 5880 6425 5889
f 6433 5871 5880
f 5856 5855 6433
f 5850 5854 5856
f 6434 5843 5850
f 5839 6428 6434
f 5831 5838 5839
f 5969 5821 5831
f 5812 5811 5969
f 6435 5805 5812
f 6436 5794 6435
f 5971 6430 6436
f 5921 6429 5971
f 6437 7064 7749
f 6437 7101 7064
f 6437 7680 7101
f 7101 7680 6438
f 7099 6438 7145
f 7139 7145 6448
f 7146 6448 6439
f 6440 6439 7169
f 7172 7169 6441
f 6442 6441 6451
f 7185 6451 7186
f 7183 7186 7194
f 7195 7194 6454
f 7200 6454 6443
f 7209 6443 6444
f 7221 6444 7240
f 7231 7240 7241
f 7094 7241 7261
f 7253 7261 6445
f 7092 6445 7091
f 7680 6446 6438
f 6438 6446 6447
f 7145 6447 6457
f 6448 6457 6449
f 6439 6449 6459
f 7169 6459 7170
f 6441 7170 6450
f 6451 6450 6452
f 7186 6452 6460
f 7194 6460 6453
f 6454 6453 6462
f 6443 6462 7229
f 6444 7229 7230
f 7240 7230 6464
f 7241 6464 7252
f 7261 7252 7260
f 6445 7260 7271
f 7091 7271 7090
f 6446 6455 6447
f 6447 6455 6456
f 6457 6456 6458
f 6449 6458 7160
f 6459 7160 7168
f 7170 7168 7177
f 6450 7177 7182
f 6452 7182 6469
f 6460 6469 6470
f 6453 6470 6461
f 6462 6461 6463
f 7229 6463 7228
f 7230 7228 7238
f 6464 7238 6465
f 7252 6465 6466
f 7260 6466 6473
f 7271 6473 6474
f 7090 6474 6467
f 6455 7682 6456
f 6456 7682 6468
f 6458 6468 6475
f 7160 6475 7167
f 7168 7167 6478
f 7177 6478 7193
f 7182 7193 7199
f 6469 7199 7208
f 6470 7208 7219
f 6461 7219 6471
f 6463 6471 7227
f 7228 7227 7239
f 7238 7239 6472
f 6465 6472 6482
f 6466 6482 7278
f 6473 7278 6484
f 6474 6484 7292
f 6467 7292 7291
f 7682 7745 6468
f 6468 7745 6486
f 6475 6486 6476
f 7167 6476 6477
f 6478 6477 7192
f 7193 7192 6479
f 7199 6479 6489
f 7208 6489 6490
f 7219 6490 7220
f 6471 7220 6480
f 7227 6480 6481
f 7239 6481 7251
f 6472 7251 6492
f 6482 6492 7270
f 7278 7270 6483
f 6484 6483 7290
f 7292 7290 7289
f 7291 7289 6485
f 7745 6497 6486
f 6486 6497 7175
f 6476 7175 6499
f 6477 6499 6487
f 7192 6487 6488
f 6479 6488 7207
f 6489 7207 6501
f 6490 6501 7225
f 7220 7225 6491
f 6480 6491 6502
f 6481 6502 7259
f 7251 7259 6503
f 6492 6503 6505
f 7270 6505 6493
f 6483 6493 6507
f 7290 6507 6494
f 7289 6494 6495
f 6485 6495 6496
f 6497 6498 7175
f 7175 6498 7176
f 6499 7176 7181
f 6487 7181 6512
f 6488 6512 6500
f 7207 6500 7217
f 6501 7217 7218
f 7225 7218 7226
f 6491 7226 7250
f 6502 7250 6513
f 7259 6513 6504
f 6503 6504 6506
f 6505 6506 7276
f 6493 7276 6508
f 6507 6508 6509
f 6494 6509 7300
f 6495 7300 6510
f 6496 6510 7319
f 6498 6511 7176
f 7176 6511 6515
f 7181 6515 7198
f 6512 7198 7206
f 6500 7206 7216
f 7217 7216 7224
f 7218 7224 7236
f 7226 7236 7237
f 7250 7237 7249
f 6513 7249 7269
f 6504 7269 6519
f 6506 6519 7277
f 7276 7277 7288
f 6508 7288 7299
f 6509 7299 7301
f 7300 7301 6514
f 6510 6514 7318
f 7319 7318 6522
f 6511 6516 6515
f 6515 6516 7191
f 7198 7191 6517
f 7206 6517 7205
f 7216 7205 7215
f 7224 7215 6518
f 7236 6518 7248
f 7237 7248 6524
f 7249 6524 7258
f 7269 7258 7275
f 6519 7275 6525
f 7277 6525 7280
f 7288 7280 7287
f 7299 7287 7307
f 7301 7307 6520
f 6514 6520 6521
f 7318 6521 7328
f 6522 7328 7337
f 6516 7743 7191
f 7191 7743 7197
f 6517 7197 7213
f 7205 7213 7223
f 7215 7223 7235
f 6518 7235 6523
f 7248 6523 7247
f 6524 7247 6530
f 7258 6530 7268
f 7275 7268 7279
f 6525 7279 6526
f 7280 6526 6533
f 7287 6533 6527
f 7307 6527 6535
f 6520 6535 6528
f 6521 6528 6536
f 7328 6536 6538
f 7337 6538 6529
f 7743 7687 7197
f 7197 7687 6539
f 7213 6539 7214
f 7223 7214 6541
f 7235 6541 7246
f 6523 7246 7245
f 7247 7245 7266
f 6530 7266 6531
f 7268 6531 7274
f 7279 7274 6532
f 6526 6532 6534
f 6533 6534 6545
f 6527 6545 7317
f 6535 7317 7316
f 6528 7316 7327
f 6536 7327 6537
f 6538 6537 7345
f 6529 7345 7089
f 7687 7688 6539
f 6539 7688 7222
f 7214 7222 6540
f 6541 6540 6542
f 7246 6542 7256
f 7245 7256 7257
f 7266 7257 7267
f 6531 7267 6550
f 7274 6550 6543
f 6532 6543 6544
f 6534 6544 7306
f 6545 7306 6546
f 7317 6546 6547
f 7316 6547 7326
f 7327 7326 6553
f 6537 6553 6554
f 7345 6554 7358
f 7089 7358 7088
f 7688 6555 7222
f 7222 6555 6557
f 6540 6557 6548
f 6542 6548 6549
f 7256 6549 7255
f 7257 7255 7265
f 7267 7265 6551
f 6550 6551 7286
f 6543 7286 7297
f 6544 7297 6560
f 7306 6560 6561
f 6546 6561 7315
f 6547 7315 6552
f 7326 6552 7343
f 6553 7343 7344
f 6554 7344 7357
f 7358 7357 7367
f 7088 7367 7087
f 6555 6556 6557
f 6557 6556 6558
f 6548 6558 7244
f 6549 7244 7264
f 7255 7264 6564
f 7265 6564 7272
f 6551 7272 6559
f 7286 6559 6566
f 7297 6566 7298
f 6560 7298 7305
f 6561 7305 7324
f 7315 7324 7325
f 6552 7325 6562
f 7343 6562 7351
f 7344 7351 6571
f 7357 6571 6572
f 7367 6572 7366
f 7087 7366 7086
f 6556 7690 6558
f 6558 7690 6563
f 7244 6563 7254
f 7264 7254 6565
f 6564 6565 7273
f 7272 7273 6574
f 6559 6574 6575
f 6566 6575 6567
f 7298 6567 6568
f 7305 6568 7314
f 7324 7314 6569
f 7325 6569 7336
f 6562 7336 6570
f 7351 6570 6578
f 6571 6578 7365
f 6572 7365 7364
f 7366 7364 7374
f 7086 7374 6579
f 7690 7741 6563
f 6563 7741 7262
f 7254 7262 6581
f 6565 6581 6573
f 7273 6573 7284
f 6574 7284 7285
f 6575 7285 7296
f 6567 7296 6576
f 6568 6576 7312
f 7314 7312 6577
f 6569 6577 7342
f 7336 7342 7341
f 6570 7341 7355
f 6578 7355 7356
f 7365 7356 6587
f 7364 6587 7373
f 7374 7373 6580
f 6579 6580 7085
f 7741 6588 7262
f 7262 6588 7263
f 6581 7263 6582
f 6573 6582 7282
f 7284 7282 7295
f 7285 7295 6583
f 7296 6583 6584
f 6576 6584 7313
f 7312 7313 7334
f 6577 7334 7335
f 7342 7335 6585
f 7341 6585 6586
f 7355 6586 7363
f 7356 7363 7362
f 6587 7362 7383
f 7373 7383 7385
f 6580 7385 7389
f 7085 7389 7084
f 6588 7692 7263
f 7263 7692 6593
f 6582 6593 6589
f 7282 6589 7283
f 7295 7283 7304
f 6583 7304 6590
f 6584 6590 6594
f 7313 6594 7333
f 7334 7333 6595
f 7335 6595 6591
f 6585 6591 7350
f 6586 7350 7354
f 7363 7354 6592
f 7362 6592 6599
f 7383 6599 7384
f 7385 7384 7390
f 7389 7390 7405
f 7084 7405 7083
f 7692 7718 6593
f 6593 7718 6601
f 6589 6601 7294
f 7283 7294 7293
f 7304 7293 7310
f 6590 7310 7309
f 6594 7309 7323
f 7333 7323 6596
f 6595 6596 6597
f 6591 6597 7349
f 7350 7349 6598
f 7354 6598 7361
f 6592 7361 7382
f 6599 7382 7381
f 7384 7381 6605
f 7390 6605 7395
f 7405 7395 7406
f 7083 7406 6600
f 7718 7717 6601
f 6601 7717 7281
f 7294 7281 6609
f 7293 6609 7303
f 7310 7303 7311
f 7309 7311 7332
f 7323 7332 6602
f 6596 6602 7340
f 6597 7340 7348
f 7349 7348 6614
f 6598 6614 6603
f 7361 6603 7372
f 7382 7372 6604
f 7381 6604 7388
f 6605 7388 6606
f 7395 6606 7404
f 7406 7404 6607
f 6600 6607 7082
f 7717 6618 7281
f 7281 6618 6608
f 6609 6608 7302
f 7303 7302 7308
f 7311 7308 7322
f 7332 7322 6610
f 6602 6610 6611
f 7340 6611 6612
f 7348 6612 6613
f 6614 6613 6615
f 6603 6615 7371
f 7372 7371 6616
f 6604 6616 6622
f 7388 6622 6617
f 6606 6617 7402
f 7404 7402 7422
f 6607 7422 6625
f 7082 6625 6626
f 6618 7716 6608
f 6608 7716 6627
f 7302 6627 6628
f 7308 6628 7330
f 7322 7330 7331
f 6610 7331 7339
f 6611 7339 6629
f 6612 6629 7360
f 6613 7360 6619
f 6615 6619 6620
f 7371 6620 6621
f 6616 6621 6632
f 6622 6632 6623
f 6617 6623 7403
f 7402 7403 6624
f 7422 6624 7431
f 6625 7431 7432
f 6626 7432 7081
f 7716 7738 6627
f 6627 7738 6636
f 6628 6636 7320
f 7330 7320 7338
f 7331 7338 6637
f 7339 6637 6638
f 6629 6638 6630
f 7360 6630 7359
f 6619 7359 6640
f 6620 6640 6631
f 6621 6631 6633
f 6632 6633 7400
f 6623 7400 7401
f 7403 7401 7411
f 6624 7411 6634
f 7431 6634 7442
f 7432 7442 7441
f 7081 7441 7080
f 7738 6635 6636
f 6636 6635 7321
f 7320 7321 6646
f 7338 6646 6648
f 6637 6648 7347
f 6638 7347 6639
f 6630 6639 7370
f 7359 7370 7380
f 6640 7380 6650
f 6631 6650 7393
f 6633 7393 6641
f 7400 6641 7399
f 7401 7399 6642
f 7411 6642 7430
f 6634 7430 6652
f 7442 6652 6643
f 7441 6643 7452
f 7080 7452 6644
f 6635 6645 7321
f 7321 6645 7329
f 6646 7329 6647
f 6648 6647 7353
f 7347 7353 6654
f 6639 6654 6649
f 7370 6649 6657
f 7380 6657 7379
f 6650 7379 6658
f 7393 6658 7394
f 6641 7394 7410
f 7399 7410 6651
f 6642 6651 7421
f 7430 7421 7428
f 6652 7428 6653
f 6643 6653 7447
f 7452 7447 7453
f 6644 7453 6663
f 6645 7715 7329
f 7329 7715 6664
f 6647 6664 7346
f 7353 7346 6655
f 6654 6655 6656
f 6649 6656 6667
f 6657 6667 7378
f 7379 7378 7387
f 6658 7387 6668
f 7394 6668 6659
f 7410 6659 6669
f 6651 6669 6671
f 7421 6671 7429
f 7428 7429 6660
f 6653 6660 7451
f 7447 7451 6661
f 7453 6661 6662
f 6663 6662 6676
f 7715 7714 6664
f 6664 7714 6678
f 7346 6678 6665
f 6655 6665 6666
f 6656 6666 7369
f 6667 7369 7377
f 7378 7377 7391
f 7387 7391 6681
f 6668 6681 7398
f 6659 7398 6670
f 6669 6670 7420
f 6671 7420 6672
f 7429 6672 7440
f 6660 7440 6673
f 7451 6673 6674
f 6661 6674 6675
f 6662 6675 7477
f 6676 7477 6687
f 7714 6677 6678
f 6678 6677 7352
f 6665 7352 6679
f 6666 6679 7368
f 7369 7368 6690
f 7377 6690 6680
f 7391 6680 7392
f 6681 7392 7397
f 7398 7397 6682
f 6670 6682 6683
f 7420 6683 6684
f 6672 6684 6685
f 7440 6685 7446
f 6673 7446 6686
f 6674 6686 7463
f 6675 7463 7469
f 7477 7469 6688
f 6687 6688 6696
f 6677 6698 7352
f 7352 6698 6689
f 6679 6689 7375
f 7368 7375 7386
f 6690 7386 6691
f 6680 6691 6701
f 7392 6701 6703
f 7397 6703 7409
f 6682 7409 6704
f 6683 6704 6705
f 6684 6705 6692
f 6685 6692 6707
f 7446 6707 6693
f 6686 6693 6694
f 7463 6694 6695
f 7469 6695 7476
f 6688 7476 6711
f 6696 6711 6697
f 6698 6699 6689
f 6689 6699 6712
f 7375 6712 7376
f 7386 7376 6713
f 6691 6713 6700
f 6701 6700 6702
f 6703 6702 7417
f 7409 7417 7419
f 6704 7419 7439
f 6705 7439 6706
f 6692 6706 7445
f 6707 7445 6708
f 6693 6708 6709
f 6694 6709 7468
f 6695 7468 6710
f 7476 6710 7484
f 6711 7484 7492
f 6697 7492 7079
f 6699 7712 6712
f 6712 7712 6719
f 7376 6719 6720
f 6713 6720 6714
f 6700 6714 6721
f 6702 6721 7408
f 7417 7408 7418
f 7419 7418 6715
f 7439 6715 7438
f 6706 7438 6716
f 7445 6716 6724
f 6708 6724 7461
f 6709 7461 6717
f 7468 6717 7475
f 6710 7475 7491
f 7484 7491 6726
f 7492 6726 7505
f 7079 7505 6729
f 7712 6718 6719
f 6719 6718 6731
f 6720 6731 6732
f 6714 6732 7396
f 6721 7396 7415
f 7408 7415 7426
f 7418 7426 7427
f 6715 7427 6722
f 7438 6722 6735
f 6716 6735 6723
f 6724 6723 7462
f 7461 7462 7467
f 6717 7467 6725
f 7475 6725 7483
f 7491 7483 6727
f 6726 6727 6728
f 7505 6728 6730
f 6729 6730 6738
f 6718 7710 6731
f 6731 7710 6741
f 6732 6741 6733
f 7396 6733 7413
f 7415 7413 7416
f 7426 7416 6734
f 7427 6734 7437
f 6722 7437 7450
f 6735 7450 7459
f 6723 7459 7460
f 7462 7460 7474
f 7467 7474 7473
f 6725 7473 6736
f 7483 6736 6745
f 6727 6745 6737
f 6728 6737 6747
f 6730 6747 6739
f 6738 6739 7523
f 7710 6740 6741
f 6741 6740 7407
f 6733 7407 7412
f 7413 7412 7414
f 7416 7414 7436
f 6734 7436 7435
f 7437 7435 6742
f 7450 6742 7458
f 7459 7458 7466
f 7460 7466 7472
f 7474 7472 6743
f 7473 6743 6744
f 6736 6744 6746
f 6745 6746 7498
f 6737 7498 7512
f 6747 7512 7513
f 6739 7513 6748
f 7523 6748 6757
f 6740 6749 7407
f 7407 6749 6750
f 7412 6750 7423
f 7414 7423 7425
f 7436 7425 7433
f 7435 7433 7444
f 6742 7444 6751
f 7458 6751 6752
f 7466 6752 6753
f 7472 6753 7471
f 6743 7471 6754
f 6744 6754 7490
f 6746 7490 7497
f 7498 7497 6755
f 7512 6755 6764
f 7513 6764 6756
f 6748 6756 6766
f 6757 6766 6758
f 6749 6759 6750
f 6750 6759 6768
f 7423 6768 7424
f 7425 7424 7434
f 7433 7434 7443
f 7444 7443 6760
f 6751 6760 6761
f 6752 6761 6772
f 6753 6772 7481
f 7471 7481 7482
f 6754 7482 6762
f 7490 6762 7496
f 7497 7496 6763
f 6755 6763 6765
f 6764 6765 6775
f 6756 6775 7527
f 6766 7527 6767
f 6758 6767 7078
f 6759 7709 6768
f 6768 7709 6781
f 7424 6781 6769
f 7434 6769 6770
f 7443 6770 7449
f 6760 7449 6771
f 6761 6771 6783
f 6772 6783 6773
f 7481 6773 7480
f 7482 7480 7495
f 6762 7495 6774
f 7496 6774 6787
f 6763 6787 6788
f 6765 6788 6776
f 6775 6776 6777
f 7527 6777 7538
f 6767 7538 6778
f 7078 6778 6779
f 7709 6780 6781
f 6781 6780 6782
f 6769 6782 6791
f 6770 6791 7457
f 7449 7457 7456
f 6771 7456 7465
f 6783 7465 6784
f 6773 6784 7478
f 7480 7478 6785
f 7495 6785 6786
f 6774 6786 6795
f 6787 6795 7522
f 6788 7522 6789
f 6776 6789 6796
f 6777 6796 7537
f 7538 7537 7545
f 6778 7545 6790
f 6779 6790 7562
f 6780 7708 6782
f 6782 7708 6792
f 6791 6792 7455
f 7457 7455 6793
f 7456 6793 7464
f 7465 7464 6794
f 6784 6794 7479
f 7478 7479 7489
f 6785 7489 7504
f 6786 7504 7511
f 6795 7511 7521
f 7522 7521 7526
f 6789 7526 7525
f 6796 7525 6797
f 7537 6797 7543
f 7545 7543 6798
f 6790 6798 7572
f 7562 7572 7077
f 7708 6799 6792
f 6792 6799 7448
f 7455 7448 7454
f 6793 7454 6800
f 7464 6800 7470
f 6794 7470 7487
f 7479 7487 7488
f 7489 7488 6801
f 7504 6801 6802
f 7511 6802 7509
f 7521 7509 6806
f 7526 6806 6803
f 7525 6803 6809
f 6797 6809 7544
f 7543 7544 7553
f 6798 7553 7561
f 7572 7561 7581
f 7077 7581 7580
f 6799 7707 7448
f 7448 7707 6813
f 7454 6813 6804
f 6800 6804 6815
f 7470 6815 7486
f 7487 7486 7494
f 7488 7494 6805
f 6801 6805 7503
f 6802 7503 7510
f 7509 7510 6807
f 6806 6807 6808
f 6803 6808 7536
f 6809 7536 7552
f 7544 7552 7559
f 7553 7559 6810
f 7561 6810 6811
f 7581 6811 6812
f 7580 6812 7076
f 7707 7731 6813
f 6813 7731 6814
f 6804 6814 6822
f 6815 6822 6816
f 7486 6816 6817
f 7494 6817 7502
f 6805 7502 7508
f 7503 7508 7520
f 7510 7520 6818
f 6807 6818 7534
f 6808 7534 7535
f 7536 7535 6819
f 7552 6819 7558
f 7559 7558 7560
f 6810 7560 7571
f 6811 7571 6830
f 6812 6830 6820
f 7076 6820 7595
f 7731 6821 6814
f 6814 6821 6832
f 6822 6832 6823
f 6816 6823 6824
f 6817 6824 6825
f 7502 6825 6834
f 7508 6834 6826
f 7520 6826 6827
f 6818 6827 7533
f 7534 7533 6828
f 7535 6828 7541
f 6819 7541 6829
f 7558 6829 7557
f 7560 7557 6838
f 7571 6838 6831
f 6830 6831 7587
f 6820 7587 7594
f 7595 7594 7075
f 6821 7730 6832
f 6832 7730 6833
f 6823 6833 7485
f 6824 7485 7501
f 6825 7501 6835
f 6834 6835 7507
f 6826 7507 7519
f 6827 7519 6841
f 7533 6841 6836
f 6828 6836 7542
f 7541 7542 6837
f 6829 6837 7569
f 7557 7569 7579
f 6838 7579 6842
f 6831 6842 6843
f 7587 6843 6844
f 7594 6844 6839
f 7075 6839 6840
f 7730 7706 6833
f 6833 7706 7493
f 7485 7493 6845
f 7501 6845 6846
f 6835 6846 7518
f 7507 7518 6849
f 7519 6849 6850
f 6841 6850 7540
f 6836 7540 6852
f 7542 6852 6853
f 6837 6853 6855
f 7569 6855 7570
f 7579 7570 7586
f 6842 7586 7593
f 6843 7593 7601
f 6844 7601 6858
f 6839 6858 7611
f 6840 7611 7074
f 7706 7705 7493
f 7493 7705 7499
f 6845 7499 7506
f 6846 7506 6847
f 7518 6847 6848
f 6849 6848 7524
f 6850 7524 7532
f 7540 7532 6851
f 6852 6851 7551
f 6853 7551 6854
f 6855 6854 6863
f 7570 6863 6856
f 7586 6856 7592
f 7593 7592 6865
f 7601 6865 6857
f 6858 6857 7610
f 7611 7610 7615
f 7074 7615 7073
f 7705 6859 7499
f 7499 6859 7500
f 7506 7500 7516
f 6847 7516 7517
f 6848 7517 6860
f 7524 6860 6861
f 7532 6861 7549
f 6851 7549 7556
f 7551 7556 6862
f 6854 6862 6868
f 6863 6868 7578
f 6856 7578 6864
f 7592 6864 6869
f 6865 6869 6870
f 6857 6870 6866
f 7610 6866 7614
f 7615 7614 7626
f 7073 7626 6871
f 6859 7704 7500
f 7500 7704 6867
f 7516 6867 7514
f 7517 7514 6872
f 6860 6872 7531
f 6861 7531 6873
f 7549 6873 7550
f 7556 7550 7567
f 6862 7567 6876
f 6868 6876 7577
f 7578 7577 6877
f 6864 6877 7591
f 6869 7591 6879
f 6870 6879 7609
f 6866 7609 7625
f 7614 7625 6882
f 7626 6882 6883
f 6871 6883 7072
f 7704 7703 6867
f 6867 7703 7515
f 7514 7515 7529
f 6872 7529 7528
f 7531 7528 6874
f 6873 6874 6875
f 7550 6875 7555
f 7567 7555 7568
f 6876 7568 7576
f 7577 7576 6878
f 6877 6878 7590
f 7591 7590 7608
f 6879 7608 6880
f 7609 6880 6881
f 7625 6881 7635
f 6882 7635 6884
f 6883 6884 6891
f 7072 6891 7071
f 7703 6885 7515
f 7515 6885 6886
f 7529 6886 7530
f 7528 7530 7539
f 6874 7539 6887
f 6875 6887 6888
f 7555 6888 7566
f 7568 7566 6889
f 7576 6889 7585
f 6878 7585 7600
f 7590 7600 7607
f 7608 7607 7606
f 6880 7606 7613
f 6881 7613 7624
f 7635 7624 7633
f 6884 7633 6890
f 6891 6890 7659
f 7071 7659 6892
f 6885 7702 6886
f 6886 7702 6896
f 7530 6896 7547
f 7539 7547 7548
f 6887 7548 6897
f 6888 6897 6893
f 7566 6893 7584
f 6889 7584 6894
f 7585 6894 7589
f 7600 7589 7599
f 7607 7599 7604
f 7606 7604 6895
f 7613 6895 7623
f 7624 7623 7634
f 7633 7634 7642
f 6890 7642 7646
f 7659 7646 7660
f 6892 7660 7070
f 7702 7701 6896
f 6896 7701 6903
f 7547 6903 7546
f 7548 7546 7554
f 6897 7554 7564
f 6893 7564 6898
f 7584 6898 7583
f 6894 7583 6899
f 7589 6899 6900
f 7599 6900 7605
f 7604 7605 7612
f 6895 7612 6909
f 7623 6909 6910
f 7634 6910 7641
f 7642 7641 6912
f 7646 6912 6901
f 7660 6901 6902
f 7070 6902 7069
f 7701 6904 6903
f 6903 6904 6913
f 7546 6913 6914
f 7554 6914 7565
f 7564 7565 6905
f 6898 6905 6906
f 7583 6906 6907
f 6899 6907 7603
f 6900 7603 6917
f 7605 6917 7622
f 7612 7622 6908
f 6909 6908 6911
f 6910 6911 6918
f 7641 6918 7657
f 6912 7657 7656
f 6901 7656 6921
f 6902 6921 6922
f 7069 6922 7125
f 6904 7726 6913
f 6913 7726 6924
f 6914 6924 7563
f 7565 7563 7574
f 6905 7574 7582
f 6906 7582 6915
f 6907 6915 7598
f 7603 7598 6916
f 6917 6916 6927
f 7622 6927 7632
f 6908 7632 7631
f 6911 7631 7640
f 6918 7640 6919
f 7657 6919 7658
f 7656 7658 6920
f 6921 6920 7678
f 6922 7678 6923
f 7125 6923 7110
f 7726 7700 6924
f 6924 7700 6925
f 7563 6925 7575
f 7574 7575 6934
f 7582 6934 6926
f 6915 6926 7602
f 7598 7602 6936
f 6916 6936 7621
f 6927 7621 7620
f 7632 7620 6939
f 7631 6939 6928
f 7640 6928 7654
f 6919 7654 6941
f 7658 6941 7668
f 6920 7668 6929
f 7678 6929 6930
f 6923 6930 6931
f 7110 6931 7132
f 7700 6932 6925
f 6925 6932 7573
f 7575 7573 6933
f 6934 6933 6935
f 6926 6935 7597
f 7602 7597 6937
f 6936 6937 6945
f 7621 6945 7629
f 7620 7629 6938
f 6939 6938 6940
f 6928 6940 7645
f 7654 7645 7655
f 6941 7655 6947
f 7668 6947 6942
f 6929 6942 7123
f 6930 7123 6948
f 6931 6948 7138
f 7132 7138 7137
f 6932 6950 7573
f 7573 6950 6951
f 6933 6951 6943
f 6935 6943 7596
f 7597 7596 6944
f 6937 6944 6946
f 6945 6946 7619
f 7629 7619 7630
f 6938 7630 7639
f 6940 7639 7644
f 7645 7644 7653
f 7655 7653 7676
f 6947 7676 6957
f 6942 6957 7122
f 7123 7122 7124
f 6948 7124 7136
f 7138 7136 6949
f 7137 6949 7109
f 6950 6960 6951
f 6951 6960 7588
f 6943 7588 6963
f 7596 6963 6952
f 6944 6952 6953
f 6946 6953 7618
f 7619 7618 6954
f 7630 6954 6955
f 7639 6955 6966
f 7644 6966 7652
f 7653 7652 6956
f 7676 6956 7677
f 6957 7677 6968
f 7122 6968 6958
f 7124 6958 7135
f 7136 7135 6970
f 6949 6970 6959
f 7109 6959 7107
f 6960 6961 7588
f 7588 6961 6962
f 6963 6962 6964
f 6952 6964 6972
f 6953 6972 6965
f 7618 6965 6973
f 6954 6973 6975
f 6955 6975 7651
f 6966 7651 7667
f 7652 7667 7666
f 6956 7666 6967
f 7677 6967 6969
f 6968 6969 7121
f 6958 7121 7131
f 7135 7131 6980
f 6970 6980 6981
f 6959 6981 7151
f 7107 7151 6971
f 6961 7699 6962
f 6962 7699 6983
f 6964 6983 7617
f 6972 7617 7628
f 6965 7628 6974
f 6973 6974 7638
f 6975 7638 6976
f 7651 6976 7664
f 7667 7664 6977
f 7666 6977 7119
f 6967 7119 7120
f 6969 7120 6988
f 7121 6988 6978
f 7131 6978 6979
f 6980 6979 7150
f 6981 7150 7149
f 7151 7149 7159
f 6971 7159 6982
f 7699 7698 6983
f 6983 7698 7616
f 7617 7616 6984
f 7628 6984 6993
f 6974 6993 6985
f 7638 6985 7650
f 6976 7650 6986
f 7664 6986 7665
f 6977 7665 6987
f 7119 6987 7118
f 7120 7118 6989
f 6988 6989 7130
f 6978 7130 7134
f 6979 7134 6996
f 7150 6996 6990
f 7149 6990 6991
f 7159 6991 6992
f 6982 6992 7106
f 7698 7697 7616
f 7616 7697 6998
f 6984 6998 7637
f 6993 7637 6994
f 6985 6994 7649
f 7650 7649 6995
f 6986 6995 7675
f 7665 7675 7002
f 6987 7002 7116
f 7118 7116 7117
f 6989 7117 7129
f 7130 7129 7144
f 7134 7144 7143
f 6996 7143 6997
f 6990 6997 7158
f 6991 7158 7166
f 6992 7166 7006
f 7106 7006 7105
f 7697 6999 6998
f 6998 6999 7627
f 7637 7627 7636
f 6994 7636 7000
f 7649 7000 7001
f 6995 7001 7663
f 7675 7663 7673
f 7002 7673 7008
f 7116 7008 7003
f 7117 7003 7128
f 7129 7128 7004
f 7144 7004 7142
f 7143 7142 7157
f 6997 7157 7156
f 7158 7156 7005
f 7166 7005 7180
f 7006 7180 7190
f 7105 7190 7189
f 6999 7695 7627
f 7627 7695 7643
f 7636 7643 7007
f 7000 7007 7018
f 7001 7018 7672
f 7663 7672 7674
f 7673 7674 7009
f 7008 7009 7010
f 7003 7010 7011
f 7128 7011 7012
f 7004 7012 7022
f 7142 7022 7013
f 7157 7013 7155
f 7156 7155 7014
f 7005 7014 7174
f 7180 7174 7015
f 7190 7015 7016
f 7189 7016 7104
f 7695 7017 7643
f 7643 7017 7648
f 7007 7648 7647
f 7018 7647 7662
f 7672 7662 7670
f 7674 7670 7019
f 7009 7019 7020
f 7010 7020 7025
f 7011 7025 7133
f 7012 7133 7021
f 7022 7021 7154
f 7013 7154 7028
f 7155 7028 7029
f 7014 7029 7030
f 7174 7030 7032
f 7015 7032 7023
f 7016 7023 7196
f 7104 7196 7034
f 7017 7024 7648
f 7648 7024 7035
f 7647 7035 7661
f 7662 7661 7671
f 7670 7671 7115
f 7019 7115 7037
f 7020 7037 7026
f 7025 7026 7027
f 7133 7027 7148
f 7021 7148 7153
f 7154 7153 7165
f 7028 7165 7040
f 7029 7040 7031
f 7030 7031 7188
f 7032 7188 7033
f 7023 7033 7203
f 7196 7203 7042
f 7034 7042 7103
f 7024 7043 7035
f 7035 7043 7044
f 7661 7044 7036
f 7671 7036 7113
f 7115 7113 7126
f 7037 7126 7038
f 7026 7038 7046
f 7027 7046 7039
f 7148 7039 7147
f 7153 7147 7164
f 7165 7164 7049
f 7040 7049 7050
f 7031 7050 7051
f 7188 7051 7187
f 7033 7187 7041
f 7203 7041 7204
f 7042 7204 7212
f 7103 7212 7102
f 7043 7693 7044
f 7044 7693 7669
f 7036 7669 7045
f 7113 7045 7114
f 7126 7114 7127
f 7038 7127 7141
f 7046 7141 7140
f 7039 7140 7047
f 7147 7047 7048
f 7164 7048 7163
f 7049 7163 7173
f 7050 7173 7179
f 7051 7179 7059
f 7187 7059 7052
f 7041 7052 7053
f 7204 7053 7210
f 7212 7210 7063
f 7102 7063 7054
f 7693 7748 7669
f 7669 7748 7111
f 7045 7111 7112
f 7114 7112 7055
f 7127 7055 7056
f 7141 7056 7066
f 7140 7066 7067
f 7047 7067 7162
f 7048 7162 7057
f 7163 7057 7058
f 7173 7058 7178
f 7179 7178 7060
f 7059 7060 7061
f 7052 7061 7062
f 7053 7062 7211
f 7210 7211 7232
f 7063 7232 7234
f 7054 7234 7242
f 7748 7749 7111
f 7111 7749 7064
f 7112 7064 7100
f 7055 7100 7065
f 7056 7065 7098
f 7066 7098 7152
f 7067 7152 7161
f 7162 7161 7171
f 7057 7171 7097
f 7058 7097 7184
f 7178 7184 7096
f 7060 7096 7201
f 7061 7201 7202
f 7062 7202 7095
f 7211 7095 7068
f 7232 7068 7233
f 7234 7233 7243
f 7242 7243 7093
f 7110 7108 7125
f 7125 7108 7069
f 7069 7108 7070
f 7070 7108 6892
f 6892 7108 7071
f 7071 7108 7072
f 7072 7108 6871
f 6871 7108 7073
f 7073 7108 7074
f 7074 7108 6840
f 6840 7108 7075
f 7075 7108 7595
f 7595 7108 7076
f 7076 7108 7580
f 7580 7108 7077
f 7077 7108 7562
f 7562 7108 6779
f 6779 7108 7078
f 7078 7108 6758
f 6758 7108 6757
f 6757 7108 7523
f 7523 7108 6738
f 6738 7108 6729
f 6729 7108 7079
f 7079 7108 6697
f 6697 7108 6696
f 6696 7108 6687
f 6687 7108 6676
f 6676 7108 6663
f 6663 7108 6644
f 6644 7108 7080
f 7080 7108 7081
f 7081 7108 6626
f 6626 7108 7082
f 7082 7108 6600
f 6600 7108 7083
f 7083 7108 7084
f 7084 7108 7085
f 7085 7108 6579
f 6579 7108 7086
f 7086 7108 7087
f 7087 7108 7088
f 7088 7108 7089
f 7089 7108 6529
f 6529 7108 7337
f 7337 7108 6522
f 6522 7108 7319
f 7319 7108 6496
f 6496 7108 6485
f 6485 7108 7291
f 7291 7108 6467
f 6467 7108 7090
f 7090 7108 7091
f 7091 7108 7092
f 7092 7108 7093
f 7253 7093 7243
f 7094 7243 7233
f 7231 7233 7068
f 7221 7068 7095
f 7209 7095 7202
f 7200 7202 7201
f 7195 7201 7096
f 7183 7096 7184
f 7185 7184 7097
f 6442 7097 7171
f 7172 7171 7161
f 6440 7161 7152
f 7146 7152 7098
f 7139 7098 7065
f 7099 7065 7100
f 7101 7100 7064
f 7101 7099 7100
f 7101 6438 7099
f 7093 7108 7242
f 7242 7108 7054
f 7054 7108 7102
f 7102 7108 7103
f 7103 7108 7034
f 7034 7108 7104
f 7104 7108 7189
f 7189 7108 7105
f 7105 7108 7106
f 7106 7108 6982
f 6982 7108 6971
f 6971 7108 7107
f 7107 7108 7109
f 7109 7108 7137
f 7137 7108 7132
f 7132 7108 7110
f 7111 7045 7669
f 7112 7111 7064
f 7045 7113 7036
f 7114 7045 7112
f 7113 7115 7671
f 7126 7113 7114
f 7115 7019 7670
f 7037 7115 7126
f 7019 7009 7674
f 7020 7019 7037
f 7009 7008 7673
f 7010 7009 7020
f 7008 7116 7002
f 7003 7008 7010
f 7116 7118 6987
f 7117 7116 7003
f 7118 7120 7119
f 6989 7118 7117
f 7120 6969 6967
f 6988 7120 6989
f 6969 6968 7677
f 7121 6969 6988
f 6968 7122 6957
f 6958 6968 7121
f 7122 7123 6942
f 7124 7122 6958
f 7123 6930 6929
f 6948 7123 7124
f 6930 6923 7678
f 6931 6930 6948
f 6923 7125 6922
f 7110 6923 6931
f 7055 7112 7100
f 7127 7114 7055
f 7038 7126 7127
f 7026 7037 7038
f 7025 7020 7026
f 7011 7010 7025
f 7128 7003 7011
f 7129 7117 7128
f 7130 6989 7129
f 6978 6988 7130
f 7131 7121 6978
f 7135 6958 7131
f 7136 7124 7135
f 7138 6948 7136
f 7132 6931 7138
f 7056 7055 7065
f 7141 7127 7056
f 7046 7038 7141
f 7027 7026 7046
f 7133 7025 7027
f 7012 7011 7133
f 7004 7128 7012
f 7144 7129 7004
f 7134 7130 7144
f 6979 6978 7134
f 6980 7131 6979
f 6970 7135 6980
f 6949 7136 6970
f 7137 7138 6949
f 7145 6438 6447
f 7139 7065 7099
f 7145 7139 7099
f 7066 7056 7098
f 7140 7141 7066
f 7039 7046 7140
f 7148 7027 7039
f 7021 7133 7148
f 7022 7012 7021
f 7142 7004 7022
f 7143 7144 7142
f 6996 7134 7143
f 7150 6979 6996
f 6981 6980 7150
f 6959 6970 6981
f 7109 6949 6959
f 6457 6447 6456
f 6448 7145 6457
f 7146 7098 7139
f 6448 7146 7139
f 7067 7066 7152
f 7047 7140 7067
f 7147 7039 7047
f 7153 7148 7147
f 7154 7021 7153
f 7013 7022 7154
f 7157 7142 7013
f 6997 7143 7157
f 6990 6996 6997
f 7149 7150 6990
f 7151 6981 7149
f 7107 6959 7151
f 6458 6456 6468
f 6449 6457 6458
f 6439 6448 6449
f 6440 7152 7146
f 6439 6440 7146
f 7162 7067 7161
f 7048 7047 7162
f 7164 7147 7048
f 7165 7153 7164
f 7028 7154 7165
f 7155 7013 7028
f 7156 7157 7155
f 7158 6997 7156
f 6991 6990 7158
f 7159 7149 6991
f 6971 7151 7159
f 6475 6468 6486
f 7160 6458 6475
f 6459 6449 7160
f 7169 6439 6459
f 7172 7161 6440
f 7169 7172 6440
f 7057 7162 7171
f 7163 7048 7057
f 7049 7164 7163
f 7040 7165 7049
f 7029 7028 7040
f 7014 7155 7029
f 7005 7156 7014
f 7166 7158 7005
f 6992 6991 7166
f 6982 7159 6992
f 6476 6486 7175
f 7167 6475 6476
f 7168 7160 7167
f 7170 6459 7168
f 6441 7169 7170
f 6442 7171 7172
f 6441 6442 7172
f 7058 7057 7097
f 7173 7163 7058
f 7050 7049 7173
f 7031 7040 7050
f 7030 7029 7031
f 7174 7014 7030
f 7180 7005 7174
f 7006 7166 7180
f 7106 6992 7006
f 6499 7175 7176
f 6477 6476 6499
f 6478 7167 6477
f 7177 7168 6478
f 6450 7170 7177
f 6451 6441 6450
f 7185 7097 6442
f 6451 7185 6442
f 7178 7058 7184
f 7179 7173 7178
f 7051 7050 7179
f 7188 7031 7051
f 7032 7030 7188
f 7015 7174 7032
f 7190 7180 7015
f 7105 7006 7190
f 7181 7176 6515
f 6487 6499 7181
f 7192 6477 6487
f 7193 6478 7192
f 7182 7177 7193
f 6452 6450 7182
f 7186 6451 6452
f 7183 7184 7185
f 7186 7183 7185
f 7060 7178 7096
f 7059 7179 7060
f 7187 7051 7059
f 7033 7188 7187
f 7023 7032 7033
f 7016 7015 7023
f 7189 7190 7016
f 7198 6515 7191
f 6512 7181 7198
f 6488 6487 6512
f 6479 7192 6488
f 7199 7193 6479
f 6469 7182 7199
f 6460 6452 6469
f 7194 7186 6460
f 7195 7096 7183
f 7194 7195 7183
f 7061 7060 7201
f 7052 7059 7061
f 7041 7187 7052
f 7203 7033 7041
f 7196 7023 7203
f 7104 7016 7196
f 6517 7191 7197
f 7206 7198 6517
f 6500 6512 7206
f 7207 6488 6500
f 6489 6479 7207
f 7208 7199 6489
f 6470 6469 7208
f 6453 6460 6470
f 6454 7194 6453
f 7200 7201 7195
f 6454 7200 7195
f 7062 7061 7202
f 7053 7052 7062
f 7204 7041 7053
f 7042 7203 7204
f 7034 7196 7042
f 7213 7197 6539
f 7205 6517 7213
f 7216 7206 7205
f 7217 6500 7216
f 6501 7207 7217
f 6490 6489 6501
f 7219 7208 6490
f 6461 6470 7219
f 6462 6453 6461
f 6443 6454 6462
f 7209 7202 7200
f 6443 7209 7200
f 7211 7062 7095
f 7210 7053 7211
f 7212 7204 7210
f 7103 7042 7212
f 7214 6539 7222
f 7223 7213 7214
f 7215 7205 7223
f 7224 7216 7215
f 7218 7217 7224
f 7225 6501 7218
f 7220 6490 7225
f 6471 7219 7220
f 6463 6461 6471
f 7229 6462 6463
f 6444 6443 7229
f 7221 7095 7209
f 6444 7221 7209
f 7232 7211 7068
f 7063 7210 7232
f 7102 7212 7063
f 6540 7222 6557
f 6541 7214 6540
f 7235 7223 6541
f 6518 7215 7235
f 7236 7224 6518
f 7226 7218 7236
f 6491 7225 7226
f 6480 7220 6491
f 7227 6471 6480
f 7228 6463 7227
f 7230 7229 7228
f 7240 6444 7230
f 7231 7068 7221
f 7240 7231 7221
f 7234 7232 7233
f 7054 7063 7234
f 6548 6557 6558
f 6542 6540 6548
f 7246 6541 6542
f 6523 7235 7246
f 7248 6518 6523
f 7237 7236 7248
f 7250 7226 7237
f 6502 6491 7250
f 6481 6480 6502
f 7239 7227 6481
f 7238 7228 7239
f 6464 7230 7238
f 7241 7240 6464
f 7094 7233 7231
f 7241 7094 7231
f 7242 7234 7243
f 7244 6558 6563
f 6549 6548 7244
f 7256 6542 6549
f 7245 7246 7256
f 7247 6523 7245
f 6524 7248 7247
f 7249 7237 6524
f 6513 7250 7249
f 7259 6502 6513
f 7251 6481 7259
f 6472 7239 7251
f 6465 7238 6472
f 7252 6464 6465
f 7261 7241 7252
f 7253 7243 7094
f 7261 7253 7094
f 7254 6563 7262
f 7264 7244 7254
f 7255 6549 7264
f 7257 7256 7255
f 7266 7245 7257
f 6530 7247 7266
f 7258 6524 6530
f 7269 7249 7258
f 6504 6513 7269
f 6503 7259 6504
f 6492 7251 6503
f 6482 6472 6492
f 6466 6465 6482
f 7260 7252 6466
f 6445 7261 7260
f 7092 7093 7253
f 6445 7092 7253
f 6581 7262 7263
f 6565 7254 6581
f 6564 7264 6565
f 7265 7255 6564
f 7267 7257 7265
f 6531 7266 7267
f 7268 6530 6531
f 7275 7258 7268
f 6519 7269 7275
f 6506 6504 6519
f 6505 6503 6506
f 7270 6492 6505
f 7278 6482 7270
f 6473 6466 7278
f 7271 7260 6473
f 7091 6445 7271
f 6582 7263 6593
f 6573 6581 6582
f 7273 6565 6573
f 7272 6564 7273
f 6551 7265 7272
f 6550 7267 6551
f 7274 6531 6550
f 7279 7268 7274
f 6525 7275 7279
f 7277 6519 6525
f 7276 6506 7277
f 6493 6505 7276
f 6483 7270 6493
f 6484 7278 6483
f 6474 6473 6484
f 7090 7271 6474
f 6589 6593 6601
f 7282 6582 6589
f 7284 6573 7282
f 6574 7273 7284
f 6559 7272 6574
f 7286 6551 6559
f 6543 6550 7286
f 6532 7274 6543
f 6526 7279 6532
f 7280 6525 6526
f 7288 7277 7280
f 6508 7276 7288
f 6507 6493 6508
f 7290 6483 6507
f 7292 6484 7290
f 6467 6474 7292
f 7294 6601 7281
f 7283 6589 7294
f 7295 7282 7283
f 7285 7284 7295
f 6575 6574 7285
f 6566 6559 6575
f 7297 7286 6566
f 6544 6543 7297
f 6534 6532 6544
f 6533 6526 6534
f 7287 7280 6533
f 7299 7288 7287
f 6509 6508 7299
f 6494 6507 6509
f 7289 7290 6494
f 7291 7292 7289
f 6609 7281 6608
f 7293 7294 6609
f 7304 7283 7293
f 6583 7295 7304
f 7296 7285 6583
f 6567 6575 7296
f 7298 6566 6567
f 6560 7297 7298
f 7306 6544 6560
f 6545 6534 7306
f 6527 6533 6545
f 7307 7287 6527
f 7301 7299 7307
f 7300 6509 7301
f 6495 6494 7300
f 6485 7289 6495
f 7302 6608 6627
f 7303 6609 7302
f 7310 7293 7303
f 6590 7304 7310
f 6584 6583 6590
f 6576 7296 6584
f 6568 6567 6576
f 7305 7298 6568
f 6561 6560 7305
f 6546 7306 6561
f 7317 6545 6546
f 6535 6527 7317
f 6520 7307 6535
f 6514 7301 6520
f 6510 7300 6514
f 6496 6495 6510
f 6628 6627 6636
f 7308 7302 6628
f 7311 7303 7308
f 7309 7310 7311
f 6594 6590 7309
f 7313 6584 6594
f 7312 6576 7313
f 7314 6568 7312
f 7324 7305 7314
f 7315 6561 7324
f 6547 6546 7315
f 7316 7317 6547
f 6528 6535 7316
f 6521 6520 6528
f 7318 6514 6521
f 7319 6510 7318
f 7320 6636 7321
f 7330 6628 7320
f 7322 7308 7330
f 7332 7311 7322
f 7323 7309 7332
f 7333 6594 7323
f 7334 7313 7333
f 6577 7312 7334
f 6569 7314 6577
f 7325 7324 6569
f 6552 7315 7325
f 7326 6547 6552
f 7327 7316 7326
f 6536 6528 7327
f 7328 6521 6536
f 6522 7318 7328
f 6646 7321 7329
f 7338 7320 6646
f 7331 7330 7338
f 6610 7322 7331
f 6602 7332 6610
f 6596 7323 6602
f 6595 7333 6596
f 7335 7334 6595
f 7342 6577 7335
f 7336 6569 7342
f 6562 7325 7336
f 7343 6552 6562
f 6553 7326 7343
f 6537 7327 6553
f 6538 6536 6537
f 7337 7328 6538
f 6647 7329 6664
f 6648 6646 6647
f 6637 7338 6648
f 7339 7331 6637
f 6611 6610 7339
f 7340 6602 6611
f 6597 6596 7340
f 6591 6595 6597
f 6585 7335 6591
f 7341 7342 6585
f 6570 7336 7341
f 7351 6562 6570
f 7344 7343 7351
f 6554 6553 7344
f 7345 6537 6554
f 6529 6538 7345
f 7346 6664 6678
f 7353 6647 7346
f 7347 6648 7353
f 6638 6637 7347
f 6629 7339 6638
f 6612 6611 6629
f 7348 7340 6612
f 7349 6597 7348
f 7350 6591 7349
f 6586 6585 7350
f 7355 7341 6586
f 6578 6570 7355
f 6571 7351 6578
f 7357 7344 6571
f 7358 6554 7357
f 7089 7345 7358
f 6665 6678 7352
f 6655 7346 6665
f 6654 7353 6655
f 6639 7347 6654
f 6630 6638 6639
f 7360 6629 6630
f 6613 6612 7360
f 6614 7348 6613
f 6598 7349 6614
f 7354 7350 6598
f 7363 6586 7354
f 7356 7355 7363
f 7365 6578 7356
f 6572 6571 7365
f 7367 7357 6572
f 7088 7358 7367
f 6679 7352 6689
f 6666 6665 6679
f 6656 6655 6666
f 6649 6654 6656
f 7370 6639 6649
f 7359 6630 7370
f 6619 7360 7359
f 6615 6613 6619
f 6603 6614 6615
f 7361 6598 6603
f 6592 7354 7361
f 7362 7363 6592
f 6587 7356 7362
f 7364 7365 6587
f 7366 6572 7364
f 7087 7367 7366
f 7375 6689 6712
f 7368 6679 7375
f 7369 6666 7368
f 6667 6656 7369
f 6657 6649 6667
f 7380 7370 6657
f 6640 7359 7380
f 6620 6619 6640
f 7371 6615 6620
f 7372 6603 7371
f 7382 7361 7372
f 6599 6592 7382
f 7383 7362 6599
f 7373 6587 7383
f 7374 7364 7373
f 7086 7366 7374
f 7376 6712 6719
f 7386 7375 7376
f 6690 7368 7386
f 7377 7369 6690
f 7378 6667 7377
f 7379 6657 7378
f 6650 7380 7379
f 6631 6640 6650
f 6621 6620 6631
f 6616 7371 6621
f 6604 7372 6616
f 7381 7382 6604
f 7384 6599 7381
f 7385 7383 7384
f 6580 7373 7385
f 6579 7374 6580
f 6720 6719 6731
f 6713 7376 6720
f 6691 7386 6713
f 6680 6690 6691
f 7391 7377 6680
f 7387 7378 7391
f 6658 7379 7387
f 7393 6650 6658
f 6633 6631 7393
f 6632 6621 6633
f 6622 6616 6632
f 7388 6604 6622
f 6605 7381 7388
f 7390 7384 6605
f 7389 7385 7390
f 7085 6580 7389
f 6732 6731 6741
f 6714 6720 6732
f 6700 6713 6714
f 6701 6691 6700
f 7392 6680 6701
f 6681 7391 7392
f 6668 7387 6681
f 7394 6658 6668
f 6641 7393 7394
f 7400 6633 6641
f 6623 6632 7400
f 6617 6622 6623
f 6606 7388 6617
f 7395 6605 6606
f 7405 7390 7395
f 7084 7389 7405
f 6733 6741 7407
f 7396 6732 6733
f 6721 6714 7396
f 6702 6700 6721
f 6703 6701 6702
f 7397 7392 6703
f 7398 6681 7397
f 6659 6668 7398
f 7410 7394 6659
f 7399 6641 7410
f 7401 7400 7399
f 7403 6623 7401
f 7402 6617 7403
f 7404 6606 7402
f 7406 7395 7404
f 7083 7405 7406
f 7412 7407 6750
f 7413 6733 7412
f 7415 7396 7413
f 7408 6721 7415
f 7417 6702 7408
f 7409 6703 7417
f 6682 7397 7409
f 6670 7398 6682
f 6669 6659 6670
f 6651 7410 6669
f 6642 7399 6651
f 7411 7401 6642
f 6624 7403 7411
f 7422 7402 6624
f 6607 7404 7422
f 6600 7406 6607
f 7423 6750 6768
f 7414 7412 7423
f 7416 7413 7414
f 7426 7415 7416
f 7418 7408 7426
f 7419 7417 7418
f 6704 7409 7419
f 6683 6682 6704
f 7420 6670 6683
f 6671 6669 7420
f 7421 6651 6671
f 7430 6642 7421
f 6634 7411 7430
f 7431 6624 6634
f 6625 7422 7431
f 7082 6607 6625
f 7424 6768 6781
f 7425 7423 7424
f 7436 7414 7425
f 6734 7416 7436
f 7427 7426 6734
f 6715 7418 7427
f 7439 7419 6715
f 6705 6704 7439
f 6684 6683 6705
f 6672 7420 6684
f 7429 6671 6672
f 7428 7421 7429
f 6652 7430 7428
f 7442 6634 6652
f 7432 7431 7442
f 6626 6625 7432
f 6769 6781 6782
f 7434 7424 6769
f 7433 7425 7434
f 7435 7436 7433
f 7437 6734 7435
f 6722 7427 7437
f 7438 6715 6722
f 6706 7439 7438
f 6692 6705 6706
f 6685 6684 6692
f 7440 6672 6685
f 6660 7429 7440
f 6653 7428 6660
f 6643 6652 6653
f 7441 7442 6643
f 7081 7432 7441
f 6791 6782 6792
f 6770 6769 6791
f 7443 7434 6770
f 7444 7433 7443
f 6742 7435 7444
f 7450 7437 6742
f 6735 6722 7450
f 6716 7438 6735
f 7445 6706 6716
f 6707 6692 7445
f 7446 6685 6707
f 6673 7440 7446
f 7451 6660 6673
f 7447 6653 7451
f 7452 6643 7447
f 7080 7441 7452
f 7455 6792 7448
f 7457 6791 7455
f 7449 6770 7457
f 6760 7443 7449
f 6751 7444 6760
f 7458 6742 6751
f 7459 7450 7458
f 6723 6735 7459
f 6724 6716 6723
f 6708 7445 6724
f 6693 6707 6708
f 6686 7446 6693
f 6674 6673 6686
f 6661 7451 6674
f 7453 7447 6661
f 6644 7452 7453
f 7454 7448 6813
f 6793 7455 7454
f 7456 7457 6793
f 6771 7449 7456
f 6761 6760 6771
f 6752 6751 6761
f 7466 7458 6752
f 7460 7459 7466
f 7462 6723 7460
f 7461 6724 7462
f 6709 6708 7461
f 6694 6693 6709
f 7463 6686 6694
f 6675 6674 7463
f 6662 6661 6675
f 6663 7453 6662
f 6804 6813 6814
f 6800 7454 6804
f 7464 6793 6800
f 7465 7456 7464
f 6783 6771 7465
f 6772 6761 6783
f 6753 6752 6772
f 7472 7466 6753
f 7474 7460 7472
f 7467 7462 7474
f 6717 7461 7467
f 7468 6709 6717
f 6695 6694 7468
f 7469 7463 6695
f 7477 6675 7469
f 6676 6662 7477
f 6822 6814 6832
f 6815 6804 6822
f 7470 6800 6815
f 6794 7464 7470
f 6784 7465 6794
f 6773 6783 6784
f 7481 6772 6773
f 7471 6753 7481
f 6743 7472 7471
f 7473 7474 6743
f 6725 7467 7473
f 7475 6717 6725
f 6710 7468 7475
f 7476 6695 6710
f 6688 7469 7476
f 6687 7477 6688
f 6823 6832 6833
f 6816 6822 6823
f 7486 6815 6816
f 7487 7470 7486
f 7479 6794 7487
f 7478 6784 7479
f 7480 6773 7478
f 7482 7481 7480
f 6754 7471 7482
f 6744 6743 6754
f 6736 7473 6744
f 7483 6725 6736
f 7491 7475 7483
f 7484 6710 7491
f 6711 7476 7484
f 6696 6688 6711
f 7485 6833 7493
f 6824 6823 7485
f 6817 6816 6824
f 7494 7486 6817
f 7488 7487 7494
f 7489 7479 7488
f 6785 7478 7489
f 7495 7480 6785
f 6762 7482 7495
f 7490 6754 6762
f 6746 6744 7490
f 6745 6736 6746
f 6727 7483 6745
f 6726 7491 6727
f 7492 7484 6726
f 6697 6711 7492
f 6845 7493 7499
f 7501 7485 6845
f 6825 6824 7501
f 7502 6817 6825
f 6805 7494 7502
f 6801 7488 6805
f 7504 7489 6801
f 6786 6785 7504
f 6774 7495 6786
f 7496 6762 6774
f 7497 7490 7496
f 7498 6746 7497
f 6737 6745 7498
f 6728 6727 6737
f 7505 6726 6728
f 7079 7492 7505
f 7506 7499 7500
f 6846 6845 7506
f 6835 7501 6846
f 6834 6825 6835
f 7508 7502 6834
f 7503 6805 7508
f 6802 6801 7503
f 7511 7504 6802
f 6795 6786 7511
f 6787 6774 6795
f 6763 7496 6787
f 6755 7497 6763
f 7512 7498 6755
f 6747 6737 7512
f 6730 6728 6747
f 6729 7505 6730
f 7516 7500 6867
f 6847 7506 7516
f 7518 6846 6847
f 7507 6835 7518
f 6826 6834 7507
f 7520 7508 6826
f 7510 7503 7520
f 7509 6802 7510
f 7521 7511 7509
f 7522 6795 7521
f 6788 6787 7522
f 6765 6763 6788
f 6764 6755 6765
f 7513 7512 6764
f 6739 6747 7513
f 6738 6730 6739
f 7514 6867 7515
f 7517 7516 7514
f 6848 6847 7517
f 6849 7518 6848
f 7519 7507 6849
f 6827 6826 7519
f 6818 7520 6827
f 6807 7510 6818
f 6806 7509 6807
f 7526 7521 6806
f 6789 7522 7526
f 6776 6788 6789
f 6775 6765 6776
f 6756 6764 6775
f 6748 7513 6756
f 7523 6739 6748
f 7529 7515 6886
f 6872 7514 7529
f 6860 7517 6872
f 7524 6848 6860
f 6850 6849 7524
f 6841 7519 6850
f 7533 6827 6841
f 7534 6818 7533
f 6808 6807 7534
f 6803 6806 6808
f 7525 7526 6803
f 6796 6789 7525
f 6777 6776 6796
f 7527 6775 6777
f 6766 6756 7527
f 6757 6748 6766
f 7530 6886 6896
f 7528 7529 7530
f 7531 6872 7528
f 6861 6860 7531
f 7532 7524 6861
f 7540 6850 7532
f 6836 6841 7540
f 6828 7533 6836
f 7535 7534 6828
f 7536 6808 7535
f 6809 6803 7536
f 6797 7525 6809
f 7537 6796 6797
f 7538 6777 7537
f 6767 7527 7538
f 6758 6766 6767
f 7547 6896 6903
f 7539 7530 7547
f 6874 7528 7539
f 6873 7531 6874
f 7549 6861 6873
f 6851 7532 7549
f 6852 7540 6851
f 7542 6836 6852
f 7541 6828 7542
f 6819 7535 7541
f 7552 7536 6819
f 7544 6809 7552
f 7543 6797 7544
f 7545 7537 7543
f 6778 7538 7545
f 7078 6767 6778
f 7546 6903 6913
f 7548 7547 7546
f 6887 7539 7548
f 6875 6874 6887
f 7550 6873 6875
f 7556 7549 7550
f 7551 6851 7556
f 6853 6852 7551
f 6837 7542 6853
f 6829 7541 6837
f 7558 6819 6829
f 7559 7552 7558
f 7553 7544 7559
f 6798 7543 7553
f 6790 7545 6798
f 6779 6778 6790
f 6914 6913 6924
f 7554 7546 6914
f 6897 7548 7554
f 6888 6887 6897
f 7555 6875 6888
f 7567 7550 7555
f 6862 7556 7567
f 6854 7551 6862
f 6855 6853 6854
f 7569 6837 6855
f 7557 6829 7569
f 7560 7558 7557
f 6810 7559 7560
f 7561 7553 6810
f 7572 6798 7561
f 7562 6790 7572
f 7563 6924 6925
f 7565 6914 7563
f 7564 7554 7565
f 6893 6897 7564
f 7566 6888 6893
f 7568 7555 7566
f 6876 7567 7568
f 6868 6862 6876
f 6863 6854 6868
f 7570 6855 6863
f 7579 7569 7570
f 6838 7557 7579
f 7571 7560 6838
f 6811 6810 7571
f 7581 7561 6811
f 7077 7572 7581
f 7575 6925 7573
f 7574 7563 7575
f 6905 7565 7574
f 6898 7564 6905
f 7584 6893 6898
f 6889 7566 7584
f 7576 7568 6889
f 7577 6876 7576
f 7578 6868 7577
f 6856 6863 7578
f 7586 7570 6856
f 6842 7579 7586
f 6831 6838 6842
f 6830 7571 6831
f 6812 6811 6830
f 7580 7581 6812
f 6933 7573 6951
f 6934 7575 6933
f 7582 7574 6934
f 6906 6905 7582
f 7583 6898 6906
f 6894 7584 7583
f 7585 6889 6894
f 6878 7576 7585
f 6877 7577 6878
f 6864 7578 6877
f 7592 6856 6864
f 7593 7586 7592
f 6843 6842 7593
f 7587 6831 6843
f 6820 6830 7587
f 7076 6812 6820
f 6943 6951 7588
f 6935 6933 6943
f 6926 6934 6935
f 6915 7582 6926
f 6907 6906 6915
f 6899 7583 6907
f 7589 6894 6899
f 7600 7585 7589
f 7590 6878 7600
f 7591 6877 7590
f 6869 6864 7591
f 6865 7592 6869
f 7601 7593 6865
f 6844 6843 7601
f 7594 7587 6844
f 7595 6820 7594
f 6963 7588 6962
f 7596 6943 6963
f 7597 6935 7596
f 7602 6926 7597
f 7598 6915 7602
f 7603 6907 7598
f 6900 6899 7603
f 7599 7589 6900
f 7607 7600 7599
f 7608 7590 7607
f 6879 7591 7608
f 6870 6869 6879
f 6857 6865 6870
f 6858 7601 6857
f 6839 6844 6858
f 7075 7594 6839
f 6964 6962 6983
f 6952 6963 6964
f 6944 7596 6952
f 6937 7597 6944
f 6936 7602 6937
f 6916 7598 6936
f 6917 7603 6916
f 7605 6900 6917
f 7604 7599 7605
f 7606 7607 7604
f 6880 7608 7606
f 7609 6879 6880
f 6866 6870 7609
f 7610 6857 6866
f 7611 6858 7610
f 6840 6839 7611
f 7617 6983 7616
f 6972 6964 7617
f 6953 6952 6972
f 6946 6944 6953
f 6945 6937 6946
f 7621 6936 6945
f 6927 6916 7621
f 7622 6917 6927
f 7612 7605 7622
f 6895 7604 7612
f 7613 7606 6895
f 6881 6880 7613
f 7625 7609 6881
f 7614 6866 7625
f 7615 7610 7614
f 7074 7611 7615
f 6984 7616 6998
f 7628 7617 6984
f 6965 6972 7628
f 7618 6953 6965
f 7619 6946 7618
f 7629 6945 7619
f 7620 7621 7629
f 7632 6927 7620
f 6908 7622 7632
f 6909 7612 6908
f 7623 6895 6909
f 7624 7613 7623
f 7635 6881 7624
f 6882 7625 7635
f 7626 7614 6882
f 7073 7615 7626
f 7637 6998 7627
f 6993 6984 7637
f 6974 7628 6993
f 6973 6965 6974
f 6954 7618 6973
f 7630 7619 6954
f 6938 7629 7630
f 6939 7620 6938
f 7631 7632 6939
f 6911 6908 7631
f 6910 6909 6911
f 7634 7623 6910
f 7633 7624 7634
f 6884 7635 7633
f 6883 6882 6884
f 6871 7626 6883
f 7636 7627 7643
f 6994 7637 7636
f 6985 6993 6994
f 7638 6974 6985
f 6975 6973 7638
f 6955 6954 6975
f 7639 7630 6955
f 6940 6938 7639
f 6928 6939 6940
f 7640 7631 6928
f 6918 6911 7640
f 7641 6910 6918
f 7642 7634 7641
f 6890 7633 7642
f 6891 6884 6890
f 7072 6883 6891
f 7007 7643 7648
f 7000 7636 7007
f 7649 6994 7000
f 7650 6985 7649
f 6976 7638 7650
f 7651 6975 6976
f 6966 6955 7651
f 7644 7639 6966
f 7645 6940 7644
f 7654 6928 7645
f 6919 7640 7654
f 7657 6918 6919
f 6912 7641 7657
f 7646 7642 6912
f 7659 6890 7646
f 7071 6891 7659
f 7647 7648 7035
f 7018 7007 7647
f 7001 7000 7018
f 6995 7649 7001
f 6986 7650 6995
f 7664 6976 6986
f 7667 7651 7664
f 7652 6966 7667
f 7653 7644 7652
f 7655 7645 7653
f 6941 7654 7655
f 7658 6919 6941
f 7656 7657 7658
f 6901 6912 7656
f 7660 7646 6901
f 6892 7659 7660
f 7661 7035 7044
f 7662 7647 7661
f 7672 7018 7662
f 7663 7001 7672
f 7675 6995 7663
f 7665 6986 7675
f 6977 7664 7665
f 7666 7667 6977
f 6956 7652 7666
f 7676 7653 6956
f 6947 7655 7676
f 7668 6941 6947
f 6920 7658 7668
f 6921 7656 6920
f 6902 6901 6921
f 7070 7660 6902
f 7036 7044 7669
f 7671 7661 7036
f 7670 7662 7671
f 7674 7672 7670
f 7673 7663 7674
f 7002 7675 7673
f 6987 7665 7002
f 7119 6977 6987
f 6967 7666 7119
f 7677 6956 6967
f 6957 7676 7677
f 6942 6947 6957
f 6929 7668 6942
f 7678 6920 6929
f 6922 6921 7678
f 7069 6902 6922
f 6437 7749 5912
f 7679 6437 5912
f 7679 7680 6437
f 7679 7681 7680
f 7680 7681 6446
f 6446 7681 7747
f 6455 7747 7746
f 7682 7746 7683
f 7745 7683 7684
f 6497 7684 5864
f 6498 5864 7685
f 6511 7685 7686
f 6516 7686 7744
f 7743 7744 5826
f 7687 5826 7689
f 7688 7689 5814
f 6555 5814 5797
f 6556 5797 5786
f 7690 5786 7742
f 7741 7742 7691
f 6588 7691 7692
f 6588 7741 7691
f 7693 7694 7748
f 7693 5331 7694
f 7693 7043 5331
f 5331 7043 5347
f 5347 7043 7024
f 5358 7024 7017
f 5359 7017 7695
f 7719 7695 6999
f 7720 6999 7697
f 7696 7697 7698
f 7721 7698 7699
f 7722 7699 6961
f 7723 6961 6960
f 7724 6960 6950
f 7725 6950 6932
f 5439 6932 7700
f 5454 7700 7726
f 5455 7726 6904
f 5467 6904 7701
f 7702 5467 7701
f 7702 5476 5467
f 7702 6885 5476
f 5476 6885 7727
f 7727 6885 7703
f 7728 7703 7704
f 7729 7704 6859
f 5521 6859 7705
f 5522 7705 7706
f 5531 7706 7730
f 5550 7730 6821
f 5551 6821 7731
f 5560 7731 7707
f 7732 7707 6799
f 5584 6799 7708
f 7733 7708 6780
f 5593 6780 7709
f 5607 7709 6759
f 7734 6759 6749
f 5626 6749 6740
f 7710 5626 6740
f 7710 7711 5626
f 7710 6718 7711
f 7711 6718 7735
f 7735 6718 7712
f 7736 7712 6699
f 5658 6699 6698
f 7713 6698 6677
f 7737 6677 7714
f 5695 7714 7715
f 5703 7715 6645
f 5713 6645 6635
f 5714 6635 7738
f 7739 7738 7716
f 5735 7716 6618
f 5746 6618 7717
f 7740 7717 7718
f 5758 7718 7692
f 7691 5758 7692
f 5347 7024 5358
f 5358 7017 5359
f 5359 7695 7719
f 7719 6999 7720
f 7720 7697 7696
f 7696 7698 7721
f 7721 7699 7722
f 7722 6961 7723
f 7723 6960 7724
f 7724 6950 7725
f 7725 6932 5439
f 5439 7700 5454
f 5454 7726 5455
f 5455 6904 5467
f 7727 7703 7728
f 7728 7704 7729
f 7729 6859 5521
f 5521 7705 5522
f 5522 7706 5531
f 5531 7730 5550
f 5550 6821 5551
f 5551 7731 5560
f 5560 7707 7732
f 7732 6799 5584
f 5584 7708 7733
f 7733 6780 5593
f 5593 7709 5607
f 5607 6759 7734
f 7734 6749 5626
f 7735 7712 7736
f 7736 6699 5658
f 5658 6698 7713
f 7713 6677 7737
f 7737 7714 5695
f 5695 7715 5703
f 5703 6645 5713
f 5713 6635 5714
f 5714 7738 7739
f 7739 7716 5735
f 5735 6618 5746
f 5746 7717 7740
f 7740 7718 5758
f 7741 7690 7742
f 7690 6556 5786
f 6556 6555 5797
f 6555 7688 5814
f 7688 7687 7689
f 7687 7743 5826
f 7743 6516 7744
f 6516 6511 7686
f 6511 6498 7685
f 6498 6497 5864
f 6497 7745 7684
f 7745 7682 7683
f 7682 6455 7746
f 6455 6446 7747
f 7694 5912 7748
f 7748 5912 7749
f 8857 8735 8294
f 8857 8423 8735
f 8857 8424 8423
f 8857 8426 8424
f 8857 7750 8426
f 8857 8858 7750
f 7750 8858 8300
f 8427 8300 7787
f 8429 7787 7786
f 8285 7786 7796
f 8275 7796 7751
f 8256 7751 7803
f 8419 7803 7808
f 8417 7808 8102
f 8223 8102 7752
f 8224 7752 7753
f 8197 7753 7754
f 8196 7754 7755
f 8174 7755 8173
f 8157 8173 7756
f 8141 7756 7847
f 8140 7847 8124
f 8125 8124 7757
f 8084 7757 8085
f 8405 8085 7877
f 8060 7877 7758
f 8049 7758 7893
f 8036 7893 8034
f 8035 8034 7759
f 8001 7759 7904
f 8349 7904 7861
f 8348 7861 7859
f 8338 7859 7914
f 8337 7914 7760
f 8395 7760 7761
f 7973 7761 7762
f 7964 7762 7929
f 7780 7929 7763
f 7779 7763 8486
f 8392 8486 7936
f 7764 7936 8714
f 8736 8714 7937
f 8753 7937 7938
f 8752 7938 7939
f 8767 7939 7765
f 8318 7765 8317
f 8320 8317 7940
f 8319 7940 7941
f 8793 7941 7766
f 8813 7766 7945
f 8828 7945 7944
f 8827 7944 7767
f 8580 7767 8579
f 7769 8579 7768
f 7770 7768 7943
f 7770 7769 7768
f 7770 7772 7769
f 7770 7771 7772
f 7770 7773 7771
f 7770 7774 7773
f 7770 8885 7774
f 7774 8885 8678
f 7773 8678 8640
f 7771 8640 8644
f 7772 8644 7775
f 7769 7775 8574
f 8580 8574 7776
f 8827 7776 8576
f 8828 8576 7777
f 8813 7777 8795
f 8793 8795 8794
f 8319 8794 8322
f 8320 8322 8321
f 8318 8321 8389
f 8767 8389 8325
f 8752 8325 8326
f 8753 8326 8754
f 8736 8754 7778
f 7764 7778 8328
f 8392 8328 8393
f 7779 8393 7780
f 7763 7779 7780
f 7781 7790 8858
f 7781 7789 7790
f 7781 7782 7789
f 7781 7791 7782
f 7782 7791 8467
f 7789 8467 8465
f 7788 8465 8464
f 7783 8464 7784
f 7785 7784 8462
f 7787 8462 7786
f 7787 7785 8462
f 7787 8300 7785
f 7785 8300 8301
f 7783 8301 8299
f 7788 8299 7790
f 7789 7788 7790
f 7789 8465 7788
f 8467 7791 8469
f 8468 8469 8515
f 7792 8468 8515
f 7792 8516 8468
f 7792 7793 8516
f 7792 8913 7793
f 7793 8913 8517
f 8516 8517 7794
f 7799 7794 8499
f 8470 8499 7800
f 8471 7800 8458
f 8459 8458 8460
f 7795 8460 7802
f 7751 7802 7803
f 7751 7795 7802
f 7751 7796 7795
f 7795 7796 8463
f 8459 8463 8461
f 8471 8461 7797
f 8470 7797 7798
f 7799 7798 8466
f 8516 8466 8468
f 8516 7799 8466
f 8516 7794 7799
f 8913 8861 8517
f 8517 8861 8518
f 7794 8518 8500
f 8499 8500 8498
f 7800 8498 7806
f 8458 7806 7801
f 8460 7801 8457
f 7802 8457 7809
f 7803 7809 7808
f 7803 7802 7809
f 8861 7804 8518
f 8518 7804 7812
f 8500 7812 7805
f 8498 7805 8502
f 7806 8502 7807
f 7801 7807 8474
f 8457 8474 7820
f 7809 7820 7819
f 7808 7819 8102
f 7808 7809 7819
f 7812 7804 7810
f 7811 7810 7804
f 7811 7812 7810
f 7811 7813 7812
f 7811 7814 7813
f 7813 7814 7815
f 8519 7815 8531
f 8501 8531 7816
f 8497 7816 7817
f 8473 7817 8475
f 8472 8475 8455
f 8456 8455 7823
f 7818 7823 7825
f 7752 7825 7753
f 7752 7818 7825
f 7752 8102 7818
f 7818 8102 7819
f 8456 7819 7820
f 8472 7820 8474
f 8473 8474 7807
f 8497 7807 8502
f 8501 8502 7805
f 8519 7805 7812
f 7813 8519 7812
f 7813 7815 8519
f 7814 7821 7815
f 7815 7821 8530
f 8531 8530 7822
f 7816 7822 7827
f 7817 7827 8495
f 8475 8495 8496
f 8455 8496 7824
f 7823 7824 8453
f 7825 8453 7826
f 7753 7826 7754
f 7753 7825 7826
f 7821 8910 8530
f 8530 8910 7830
f 7822 7830 8520
f 7827 8520 8521
f 8495 8521 8503
f 8496 8503 7832
f 7824 7832 7828
f 8453 7828 8452
f 7826 8452 8454
f 7754 8454 7755
f 7754 7826 8454
f 8910 7829 7830
f 7830 7829 8532
f 8520 8532 8523
f 8521 8523 8522
f 8503 8522 7831
f 7832 7831 7836
f 7828 7836 7833
f 8452 7833 8450
f 8454 8450 7837
f 7755 7837 8173
f 7755 8454 7837
f 7829 7834 8532
f 8532 7834 7838
f 8523 7838 7835
f 8522 7835 8505
f 7831 8505 8504
f 7836 8504 8476
f 7833 8476 8449
f 8450 8449 8451
f 7837 8451 7840
f 8173 7840 7756
f 8173 7837 7840
f 7834 8908 7838
f 7838 8908 7843
f 7835 7843 8524
f 8505 8524 8507
f 8504 8507 8506
f 8476 8506 7839
f 8449 7839 7845
f 8451 7845 7841
f 7840 7841 7842
f 7756 7842 7847
f 7756 7840 7842
f 8908 7849 7843
f 7843 7849 8533
f 8524 8533 7844
f 8507 7844 8525
f 8506 8525 8493
f 7839 8493 8494
f 7845 8494 7869
f 7841 7869 7846
f 7842 7846 7848
f 7847 7848 8124
f 7847 7842 7848
f 7849 8867 8533
f 8533 8867 7850
f 8534 7850 7851
f 7870 7851 7852
f 7874 7852 7853
f 7878 7853 7854
f 7885 7854 7886
f 7887 7886 8892
f 8535 8892 7855
f 7898 7855 7856
f 7867 7856 7906
f 8536 7906 7908
f 8513 7908 7857
f 7864 7857 8491
f 8481 8491 7858
f 7862 7858 8433
f 8436 8433 8434
f 7860 8434 7911
f 7861 7911 7859
f 7861 7860 7911
f 7861 7904 7860
f 7860 7904 7905
f 8436 7905 8437
f 7862 8437 7863
f 8481 7863 7901
f 7864 7901 7865
f 8513 7865 8512
f 8536 8512 7866
f 7867 7866 7898
f 7856 7867 7898
f 8533 7850 8534
f 7844 8534 8526
f 8525 8526 8509
f 8493 8509 8508
f 8494 8508 7868
f 7869 7868 7872
f 7846 7872 8446
f 7848 8446 8448
f 8124 8448 7757
f 8124 7848 8448
f 8534 7851 7870
f 8526 7870 7871
f 8509 7871 7875
f 8508 7875 8492
f 7868 8492 8477
f 7872 8477 8442
f 8446 8442 8443
f 8448 8443 7873
f 7757 7873 8085
f 7757 8448 7873
f 7870 7852 7874
f 7871 7874 8528
f 7875 8528 8527
f 8492 8527 8510
f 8477 8510 7876
f 8442 7876 8440
f 8443 8440 8447
f 7873 8447 8445
f 8085 8445 7877
f 8085 7873 8445
f 7874 7853 7878
f 8528 7878 7881
f 8527 7881 8511
f 8510 8511 7883
f 7876 7883 7879
f 8440 7879 7880
f 8447 7880 8444
f 8445 8444 8441
f 7877 8441 7758
f 7877 8445 8441
f 7878 7854 7885
f 7881 7885 7882
f 8511 7882 7889
f 7883 7889 7884
f 7879 7884 8478
f 7880 8478 8479
f 8444 8479 7892
f 8441 7892 8439
f 7758 8439 7893
f 7758 8441 8439
f 7885 7886 7887
f 7882 7887 7888
f 7889 7888 8529
f 7884 8529 7890
f 8478 7890 7891
f 8479 7891 8480
f 7892 8480 8438
f 8439 8438 7896
f 7893 7896 8034
f 7893 8439 7896
f 7887 8892 8535
f 7888 8535 7894
f 8529 7894 7899
f 7890 7899 7900
f 7891 7900 7895
f 8480 7895 7902
f 8438 7902 7903
f 7896 7903 7897
f 8034 7897 7759
f 8034 7896 7897
f 8535 7855 7898
f 7894 7898 7866
f 7899 7866 8512
f 7900 8512 7865
f 7895 7865 7901
f 7902 7901 7863
f 7903 7863 8437
f 7897 8437 7905
f 7759 7905 7904
f 7759 7897 7905
f 7906 7907 7908
f 7908 7907 7909
f 7857 7909 7913
f 8491 7913 8514
f 7858 8514 8483
f 8433 8483 7910
f 8434 7910 8435
f 7911 8435 7912
f 7859 7912 7914
f 7859 7911 7912
f 7907 8890 7909
f 7909 8890 7915
f 7913 7915 7916
f 8514 7916 8490
f 8483 8490 8482
f 7910 8482 8431
f 8435 8431 8432
f 7912 8432 7919
f 7914 7919 7760
f 7914 7912 7919
f 8890 8888 7915
f 7915 8888 7916
f 7916 8888 7921
f 8490 7921 7917
f 8482 7917 8489
f 8431 8489 8430
f 8432 8430 7918
f 7919 7918 7920
f 7760 7920 7761
f 7760 7919 7920
f 8888 7924 7921
f 7921 7924 7925
f 7917 7925 7922
f 8489 7922 8485
f 8430 8485 8484
f 7918 8484 7926
f 7920 7926 7923
f 7761 7923 7762
f 7761 7920 7923
f 7924 7930 7925
f 7925 7930 7922
f 7922 7930 8488
f 8485 8488 7932
f 8484 7932 7927
f 7926 7927 7928
f 7923 7928 8302
f 7762 8302 7929
f 7762 7923 8302
f 7930 7931 8488
f 8488 7931 7932
f 7932 7931 7933
f 7927 7933 7928
f 7927 7932 7933
f 7931 7935 7933
f 7933 7935 7934
f 7928 7934 8302
f 7928 7933 7934
f 8886 8486 7935
f 8886 7936 8486
f 8886 8714 7936
f 8886 7937 8714
f 8886 7942 7937
f 7937 7942 7938
f 7938 7942 7939
f 7939 7942 7765
f 7765 7942 8317
f 8317 7942 7940
f 7940 7942 7941
f 7941 7942 7766
f 7766 7942 7945
f 7945 7942 7943
f 7944 7943 7767
f 7944 7945 7943
f 7947 8679 8885
f 7947 7946 8679
f 7947 8682 7946
f 7947 8884 8682
f 8682 8884 7948
f 7946 7948 8677
f 8681 8677 8645
f 8642 8645 7949
f 8641 7949 7966
f 8643 7966 8845
f 7950 8845 8582
f 8575 8582 8572
f 7951 8572 8618
f 8829 8618 7952
f 8577 7952 8814
f 8578 8814 7968
f 8324 7968 7953
f 8323 7953 8330
f 8329 8330 7954
f 8388 7954 7955
f 8768 7955 7956
f 8327 7956 7970
f 8755 7970 7957
f 7958 7957 7960
f 7959 7960 7961
f 7962 7961 7963
f 7964 7963 7973
f 7762 7964 7973
f 8884 7974 7948
f 7948 7974 7965
f 8677 7965 8685
f 8645 8685 8589
f 7949 8589 8588
f 7966 8588 8587
f 8845 8587 8586
f 8582 8586 8581
f 8572 8581 8573
f 8618 8573 7967
f 7952 7967 8567
f 8814 8567 8798
f 7968 8798 8797
f 7953 8797 8571
f 8330 8571 7969
f 7954 7969 8331
f 7955 8331 8334
f 7956 8334 8769
f 7970 8769 7971
f 7957 7971 8737
f 7960 8737 7972
f 7961 7972 8396
f 7963 8396 8394
f 7973 8394 8395
f 7761 7973 8395
f 7965 7974 8590
f 8591 8590 7976
f 7975 8591 7976
f 7975 7977 8591
f 7975 8883 7977
f 7977 8883 7989
f 8592 7989 8600
f 8676 8600 8675
f 8646 8675 8599
f 8649 8599 8598
f 8639 8598 8597
f 7978 8597 8595
f 8584 8595 7980
f 7979 7980 7981
f 8569 7981 8563
f 8832 8563 8830
f 8831 8830 7982
f 8816 7982 7983
f 8780 7983 8799
f 8340 8799 8345
f 8341 8345 8343
f 7984 8343 7985
f 8770 7985 8385
f 8756 8385 8771
f 8336 8771 7986
f 8717 7986 7987
f 8716 7987 8718
f 8398 8718 8399
f 8338 8399 8348
f 7859 8338 8348
f 7989 8883 7988
f 8882 7988 8883
f 8882 7989 7988
f 8882 7990 7989
f 8882 7991 7990
f 7990 7991 8002
f 8601 8002 7992
f 8687 7992 8003
f 8686 8003 8005
f 8674 8005 7993
f 8596 7993 8635
f 8636 8635 7994
f 8637 7994 8008
f 8594 8008 7995
f 8564 7995 8010
f 8562 8010 7996
f 8565 7996 8834
f 8566 8834 8833
f 8801 8833 8817
f 8800 8817 8013
f 8344 8013 7997
f 8342 7997 8014
f 8384 8014 8386
f 7998 8386 8383
f 8346 8383 8017
f 8347 8017 8018
f 8739 8018 8741
f 8719 8741 8400
f 7999 8400 8000
f 8349 8000 8001
f 7904 8349 8001
f 7991 8881 8002
f 8002 8881 8022
f 7992 8022 8701
f 8003 8701 8004
f 8005 8004 8024
f 7993 8024 8006
f 8635 8006 8007
f 7994 8007 8634
f 8008 8634 8009
f 7995 8009 8602
f 8010 8602 8603
f 7996 8603 8011
f 8834 8011 8561
f 8833 8561 8818
f 8817 8818 8012
f 8013 8012 8781
f 7997 8781 8015
f 8014 8015 8350
f 8386 8350 8016
f 8383 8016 8772
f 8017 8772 8019
f 8018 8019 8740
f 8741 8740 8720
f 8400 8720 8020
f 8000 8020 8401
f 8001 8401 8035
f 7759 8001 8035
f 8881 8021 8022
f 8022 8021 8702
f 8701 8702 8023
f 8004 8023 8695
f 8024 8695 8688
f 8006 8688 8025
f 8007 8025 8633
f 8634 8633 8026
f 8009 8026 8027
f 8602 8027 8028
f 8603 8028 8558
f 8011 8558 8560
f 8561 8560 8029
f 8818 8029 8835
f 8012 8835 8802
f 8781 8802 8782
f 8015 8782 8030
f 8350 8030 8351
f 8016 8351 8382
f 8772 8382 8031
f 8019 8031 8774
f 8740 8774 8032
f 8720 8032 8033
f 8020 8033 8403
f 8401 8403 8402
f 8035 8402 8036
f 8034 8035 8036
f 8021 8050 8702
f 8702 8050 8037
f 8023 8037 8704
f 8695 8704 8051
f 8688 8051 8038
f 8025 8038 8651
f 8633 8651 8650
f 8026 8650 8632
f 8027 8632 8053
f 8028 8053 8604
f 8558 8604 8606
f 8560 8606 8039
f 8029 8039 8040
f 8835 8040 8041
f 8802 8041 8042
f 8782 8042 8043
f 8030 8043 8783
f 8351 8783 8352
f 8382 8352 8044
f 8031 8044 8773
f 8774 8773 8045
f 8032 8045 8046
f 8033 8046 8047
f 8403 8047 8048
f 8402 8048 8058
f 8036 8058 8049
f 7893 8036 8049
f 8050 8898 8037
f 8037 8898 8703
f 8704 8703 8052
f 8051 8052 8689
f 8038 8689 8690
f 8651 8690 8673
f 8650 8673 8630
f 8632 8630 8054
f 8053 8054 8631
f 8604 8631 8605
f 8606 8605 8055
f 8039 8055 8559
f 8040 8559 8557
f 8041 8557 8836
f 8042 8836 8805
f 8043 8805 8804
f 8783 8804 8069
f 8352 8069 8353
f 8044 8353 8056
f 8773 8056 8072
f 8045 8072 8757
f 8046 8757 8759
f 8047 8759 8057
f 8048 8057 8721
f 8058 8721 8059
f 8049 8059 8060
f 7758 8049 8060
f 8898 8061 8703
f 8703 8061 8062
f 8052 8062 8705
f 8689 8705 8063
f 8690 8063 8671
f 8673 8671 8064
f 8630 8064 8073
f 8054 8073 8065
f 8631 8065 8066
f 8605 8066 8067
f 8055 8067 8556
f 8559 8556 8068
f 8557 8068 8077
f 8836 8077 8078
f 8805 8078 8803
f 8804 8803 8784
f 8069 8784 8070
f 8353 8070 8079
f 8056 8079 8071
f 8072 8071 8381
f 8757 8381 8758
f 8759 8758 8742
f 8057 8742 8082
f 8721 8082 8083
f 8059 8083 8404
f 8060 8404 8405
f 7877 8060 8405
f 8061 8879 8062
f 8062 8879 8086
f 8705 8086 8104
f 8063 8104 8696
f 8671 8696 8672
f 8064 8672 8074
f 8073 8074 8629
f 8065 8629 8107
f 8066 8107 8075
f 8067 8075 8076
f 8556 8076 8607
f 8068 8607 8555
f 8077 8555 8837
f 8078 8837 8819
f 8803 8819 8807
f 8784 8807 8111
f 8070 8111 8355
f 8079 8355 8080
f 8071 8080 8380
f 8381 8380 8113
f 8758 8113 8081
f 8742 8081 8115
f 8082 8115 8743
f 8083 8743 8406
f 8404 8406 8408
f 8405 8408 8084
f 8085 8405 8084
f 8879 8878 8086
f 8086 8878 8103
f 8117 8103 8897
f 8118 8897 8876
f 8707 8876 8142
f 8709 8142 8158
f 8708 8158 8087
f 8088 8087 8089
f 8711 8089 8091
f 8090 8091 8874
f 8211 8874 8225
f 8713 8225 8092
f 8693 8092 8093
f 8212 8093 8227
f 8667 8227 8229
f 8213 8229 8621
f 8214 8621 8094
f 8851 8094 8231
f 8215 8231 8095
f 8612 8095 8232
f 8547 8232 8233
f 8217 8233 8096
f 8824 8096 8097
f 8219 8097 8098
f 8220 8098 8788
f 8789 8788 8790
f 8364 8790 8099
f 8373 8099 8100
f 8221 8100 8238
f 8763 8238 8101
f 8764 8101 8240
f 8726 8240 8748
f 8222 8748 8243
f 8416 8243 8418
f 8223 8418 8417
f 8102 8223 8417
f 8086 8103 8117
f 8104 8117 8105
f 8696 8105 8106
f 8672 8106 8670
f 8074 8670 8652
f 8629 8652 8654
f 8107 8654 8108
f 8075 8108 8628
f 8076 8628 8846
f 8607 8846 8119
f 8555 8119 8109
f 8837 8109 8110
f 8819 8110 8120
f 8807 8120 8806
f 8111 8806 8785
f 8355 8785 8354
f 8080 8354 8356
f 8380 8356 8112
f 8113 8112 8378
f 8081 8378 8114
f 8115 8114 8116
f 8743 8116 8723
f 8406 8723 8722
f 8408 8722 8407
f 8084 8407 8125
f 7757 8084 8125
f 8117 8897 8118
f 8105 8118 8706
f 8106 8706 8697
f 8670 8697 8126
f 8652 8126 8653
f 8654 8653 8655
f 8108 8655 8127
f 8628 8127 8847
f 8846 8847 8130
f 8119 8130 8553
f 8109 8553 8554
f 8110 8554 8133
f 8120 8133 8121
f 8806 8121 8820
f 8785 8820 8134
f 8354 8134 8357
f 8356 8357 8136
f 8112 8136 8379
f 8378 8379 8122
f 8114 8122 8138
f 8116 8138 8760
f 8723 8760 8123
f 8722 8123 8410
f 8407 8410 8409
f 8125 8409 8140
f 8124 8125 8140
f 8118 8876 8707
f 8706 8707 8698
f 8697 8698 8691
f 8126 8691 8669
f 8653 8669 8143
f 8655 8143 8626
f 8127 8626 8128
f 8847 8128 8129
f 8130 8129 8131
f 8553 8131 8552
f 8554 8552 8132
f 8133 8132 8839
f 8121 8839 8838
f 8820 8838 8821
f 8134 8821 8135
f 8357 8135 8151
f 8136 8151 8137
f 8379 8137 8377
f 8122 8377 8775
f 8138 8775 8761
f 8760 8761 8154
f 8123 8154 8139
f 8410 8139 8412
f 8409 8412 8411
f 8140 8411 8141
f 7847 8140 8141
f 8707 8142 8709
f 8698 8709 8159
f 8691 8159 8160
f 8669 8160 8162
f 8143 8162 8144
f 8626 8144 8145
f 8128 8145 8627
f 8129 8627 8849
f 8131 8849 8164
f 8552 8164 8146
f 8132 8146 8147
f 8839 8147 8148
f 8838 8148 8822
f 8821 8822 8149
f 8135 8149 8150
f 8151 8150 8168
f 8137 8168 8358
f 8377 8358 8152
f 8775 8152 8169
f 8761 8169 8153
f 8154 8153 8155
f 8139 8155 8744
f 8412 8744 8156
f 8411 8156 8413
f 8141 8413 8157
f 7756 8141 8157
f 8709 8158 8708
f 8159 8708 8699
f 8160 8699 8161
f 8162 8161 8668
f 8144 8668 8657
f 8145 8657 8163
f 8627 8163 8624
f 8849 8624 8848
f 8164 8848 8609
f 8146 8609 8608
f 8147 8608 8550
f 8148 8550 8177
f 8822 8177 8165
f 8149 8165 8166
f 8150 8166 8167
f 8168 8167 8359
f 8358 8359 8360
f 8152 8360 8376
f 8169 8376 8170
f 8153 8170 8171
f 8155 8171 8746
f 8744 8746 8745
f 8156 8745 8724
f 8413 8724 8172
f 8157 8172 8174
f 8173 8157 8174
f 8708 8087 8088
f 8699 8088 8184
f 8161 8184 8185
f 8668 8185 8186
f 8657 8186 8656
f 8163 8656 8658
f 8624 8658 8175
f 8848 8175 8176
f 8609 8176 8610
f 8608 8610 8188
f 8550 8188 8178
f 8177 8178 8840
f 8165 8840 8179
f 8166 8179 8808
f 8167 8808 8786
f 8359 8786 8180
f 8360 8180 8181
f 8376 8181 8182
f 8170 8182 8191
f 8171 8191 8193
f 8746 8193 8762
f 8745 8762 8194
f 8724 8194 8414
f 8172 8414 8183
f 8174 8183 8196
f 7755 8174 8196
f 8088 8089 8711
f 8184 8711 8710
f 8185 8710 8198
f 8186 8198 8692
f 8656 8692 8659
f 8658 8659 8187
f 8175 8187 8625
f 8176 8625 8850
f 8610 8850 8611
f 8188 8611 8548
f 8178 8548 8551
f 8840 8551 8549
f 8179 8549 8823
f 8808 8823 8189
f 8786 8189 8787
f 8180 8787 8190
f 8181 8190 8362
f 8182 8362 8374
f 8191 8374 8192
f 8193 8192 8205
f 8762 8205 8747
f 8194 8747 8725
f 8414 8725 8195
f 8183 8195 8415
f 8196 8415 8197
f 7754 8196 8197
f 8711 8091 8090
f 8710 8090 8712
f 8198 8712 8199
f 8692 8199 8200
f 8659 8200 8660
f 8187 8660 8622
f 8625 8622 8623
f 8850 8623 8201
f 8611 8201 8202
f 8548 8202 8203
f 8551 8203 8216
f 8549 8216 8841
f 8823 8841 8825
f 8189 8825 8204
f 8787 8204 8218
f 8190 8218 8361
f 8362 8361 8363
f 8374 8363 8375
f 8192 8375 8776
f 8205 8776 8206
f 8747 8206 8207
f 8725 8207 8208
f 8195 8208 8209
f 8415 8209 8210
f 8197 8210 8224
f 7753 8197 8224
f 8090 8874 8211
f 8712 8211 8713
f 8199 8713 8693
f 8200 8693 8212
f 8660 8212 8667
f 8622 8667 8213
f 8623 8213 8214
f 8201 8214 8851
f 8202 8851 8215
f 8203 8215 8612
f 8216 8612 8547
f 8841 8547 8217
f 8825 8217 8824
f 8204 8824 8219
f 8218 8219 8220
f 8361 8220 8789
f 8363 8789 8364
f 8375 8364 8373
f 8776 8373 8221
f 8206 8221 8763
f 8207 8763 8764
f 8208 8764 8726
f 8209 8726 8222
f 8210 8222 8416
f 8224 8416 8223
f 7752 8224 8223
f 8225 8873 8092
f 8092 8873 8700
f 8093 8700 8226
f 8227 8226 8228
f 8229 8228 8661
f 8621 8661 8620
f 8094 8620 8230
f 8231 8230 8852
f 8095 8852 8249
f 8232 8249 8545
f 8233 8545 8234
f 8096 8234 8235
f 8097 8235 8842
f 8098 8842 8236
f 8788 8236 8237
f 8790 8237 8365
f 8099 8365 8252
f 8100 8252 8239
f 8238 8239 8777
f 8101 8777 8241
f 8240 8241 8242
f 8748 8242 8727
f 8243 8727 8244
f 8418 8244 8245
f 8417 8245 8419
f 7808 8417 8419
f 8873 8246 8700
f 8700 8246 8257
f 8226 8257 8694
f 8228 8694 8666
f 8661 8666 8247
f 8620 8247 8662
f 8230 8662 8248
f 8852 8248 8250
f 8249 8250 8854
f 8545 8854 8543
f 8234 8543 8546
f 8235 8546 8544
f 8842 8544 8843
f 8236 8843 8809
f 8237 8809 8251
f 8365 8251 8253
f 8252 8253 8366
f 8239 8366 8367
f 8777 8367 8779
f 8241 8779 8778
f 8242 8778 8254
f 8727 8254 8729
f 8244 8729 8255
f 8245 8255 8264
f 8419 8264 8256
f 7803 8419 8256
f 8246 8871 8257
f 8257 8871 8694
f 8694 8871 8258
f 8666 8258 8665
f 8247 8665 8265
f 8662 8265 8259
f 8248 8259 8260
f 8250 8260 8853
f 8854 8853 8855
f 8543 8855 8541
f 8546 8541 8540
f 8544 8540 8542
f 8843 8542 8826
f 8809 8826 8810
f 8251 8810 8792
f 8253 8792 8791
f 8366 8791 8369
f 8367 8369 8261
f 8779 8261 8262
f 8778 8262 8765
f 8254 8765 8749
f 8729 8749 8728
f 8255 8728 8263
f 8264 8263 8420
f 8256 8420 8275
f 7751 8256 8275
f 8871 8870 8258
f 8258 8870 8277
f 8665 8277 8664
f 8265 8664 8663
f 8259 8663 8619
f 8260 8619 8266
f 8853 8266 8856
f 8855 8856 8267
f 8541 8267 8268
f 8540 8268 8269
f 8542 8269 8270
f 8826 8270 8271
f 8810 8271 8279
f 8792 8279 8812
f 8791 8812 8281
f 8369 8281 8368
f 8261 8368 8272
f 8262 8272 8273
f 8765 8273 8766
f 8749 8766 8750
f 8728 8750 8274
f 8263 8274 8283
f 8420 8283 8276
f 8275 8276 8285
f 7796 8275 8285
f 8870 8868 8277
f 8277 8868 8664
f 8664 8868 8286
f 8663 8286 8287
f 8619 8287 8278
f 8266 8278 8290
f 8856 8290 8313
f 8267 8313 8614
f 8268 8614 8539
f 8269 8539 8314
f 8270 8314 8844
f 8271 8844 8280
f 8279 8280 8811
f 8812 8811 8296
f 8281 8296 8370
f 8368 8370 8282
f 8272 8282 8305
f 8273 8305 8304
f 8766 8304 8303
f 8750 8303 8733
f 8274 8733 8730
f 8283 8730 8284
f 8276 8284 8421
f 8285 8421 8429
f 7786 8285 8429
f 8868 8288 8286
f 8286 8288 8287
f 8287 8288 8289
f 8278 8289 8290
f 8278 8287 8289
f 8288 8291 8289
f 8289 8291 8617
f 8290 8617 8313
f 8290 8289 8617
f 8914 8292 8291
f 8914 8293 8292
f 8914 8537 8293
f 8914 8297 8537
f 8914 8294 8297
f 8297 8294 8295
f 8298 8295 8371
f 8296 8371 8370
f 8296 8298 8371
f 8296 8811 8298
f 8298 8811 8538
f 8297 8538 8537
f 8297 8298 8538
f 8297 8295 8298
f 7790 8299 8858
f 8858 8299 8301
f 8300 8858 8301
f 8302 7934 8487
f 7929 8487 7763
f 7929 8302 8487
f 8294 8735 8734
f 8751 8734 8731
f 8310 8731 8303
f 8304 8310 8303
f 8304 8309 8310
f 8304 8305 8309
f 8309 8305 8306
f 8312 8306 8308
f 8294 8308 8307
f 8295 8307 8371
f 8295 8294 8307
f 8308 8294 8312
f 8312 8294 8311
f 8309 8311 8310
f 8309 8312 8311
f 8309 8306 8312
f 7768 8579 7943
f 7943 8579 7767
f 8313 8617 8616
f 8614 8616 8613
f 8539 8613 8615
f 8314 8615 8315
f 8844 8315 8316
f 8280 8316 8538
f 8811 8280 8538
f 8640 7771 7773
f 8318 8317 8320
f 8321 8318 8320
f 8322 8320 8319
f 8319 8320 7940
f 8321 8329 8389
f 8321 8323 8329
f 8321 8322 8323
f 8323 8322 8324
f 7953 8323 8324
f 8389 8329 8388
f 8325 8388 8768
f 8326 8768 8327
f 8754 8327 8755
f 7778 8755 7958
f 8328 7958 7959
f 8393 7959 7962
f 7780 7962 7964
f 7929 7780 7964
f 8330 8329 8323
f 7954 8331 7955
f 7969 7954 8330
f 8331 8339 8334
f 8331 8332 8339
f 8331 7969 8332
f 8332 7969 8333
f 8780 8333 8816
f 7983 8780 8816
f 8339 8341 8391
f 8334 8391 8769
f 8334 8339 8391
f 8391 8341 7984
f 8390 7984 8770
f 8387 8770 8756
f 8335 8756 8336
f 8738 8336 8717
f 8715 8717 8716
f 8397 8716 8398
f 8337 8398 8338
f 7914 8337 8338
f 8341 8339 8340
f 8345 8341 8340
f 8343 8342 7985
f 8343 8344 8342
f 8343 8345 8344
f 8344 8345 8800
f 8013 8344 8800
f 7984 8341 8343
f 7985 8342 8384
f 8385 8384 7998
f 8771 7998 8346
f 7986 8346 8347
f 7987 8347 8739
f 8718 8739 8719
f 8399 8719 7999
f 8348 7999 8349
f 7861 8348 8349
f 7997 8342 8344
f 8014 8350 8386
f 8015 8014 7997
f 8350 8351 8016
f 8030 8350 8015
f 8351 8352 8382
f 8783 8351 8030
f 8352 8353 8044
f 8069 8352 8783
f 8353 8079 8056
f 8070 8353 8069
f 8079 8080 8071
f 8355 8079 8070
f 8080 8356 8380
f 8354 8080 8355
f 8356 8136 8112
f 8357 8356 8354
f 8136 8137 8379
f 8151 8136 8357
f 8137 8358 8377
f 8168 8137 8151
f 8358 8360 8152
f 8359 8358 8168
f 8360 8181 8376
f 8180 8360 8359
f 8181 8362 8182
f 8190 8181 8180
f 8362 8363 8374
f 8361 8362 8190
f 8363 8364 8375
f 8789 8363 8361
f 8364 8099 8373
f 8790 8364 8789
f 8099 8252 8100
f 8365 8099 8790
f 8252 8366 8239
f 8253 8252 8365
f 8366 8369 8367
f 8791 8366 8253
f 8369 8368 8261
f 8281 8369 8791
f 8368 8282 8272
f 8370 8368 8281
f 8305 8282 8306
f 8306 8282 8372
f 8308 8372 8307
f 8308 8306 8372
f 8372 8282 8370
f 8371 8372 8370
f 8371 8307 8372
f 8273 8272 8305
f 8262 8261 8272
f 8779 8367 8261
f 8777 8239 8367
f 8238 8100 8239
f 8221 8373 8100
f 8776 8375 8373
f 8192 8374 8375
f 8191 8182 8374
f 8170 8376 8182
f 8169 8152 8376
f 8775 8377 8152
f 8122 8379 8377
f 8378 8112 8379
f 8113 8380 8112
f 8381 8071 8380
f 8072 8056 8071
f 8773 8044 8056
f 8031 8382 8044
f 8772 8016 8382
f 8383 8386 8016
f 8342 8014 8384
f 8385 7985 8384
f 8384 8386 7998
f 8770 7984 7985
f 8769 8391 8390
f 7971 8390 8387
f 8737 8387 8335
f 7972 8335 8738
f 8396 8738 8715
f 8394 8715 8397
f 8395 8397 8337
f 7760 8395 8337
f 7956 7955 8334
f 8329 7954 8388
f 8325 8389 8388
f 8388 7955 8768
f 7765 8318 8767
f 8767 8318 8389
f 8390 8391 7984
f 7779 8486 8392
f 8393 7779 8392
f 8328 8392 7764
f 7764 8392 7936
f 8393 7962 7780
f 7959 8393 8328
f 7962 7963 7964
f 7961 7962 7959
f 7963 8394 7973
f 8396 7963 7961
f 8394 8397 8395
f 8715 8394 8396
f 8397 8398 8337
f 8716 8397 8715
f 8398 8399 8338
f 8718 8398 8716
f 8399 7999 8348
f 8719 8399 8718
f 7999 8000 8349
f 8400 7999 8719
f 8000 8401 8001
f 8020 8000 8400
f 8401 8402 8035
f 8403 8401 8020
f 8402 8058 8036
f 8048 8402 8403
f 8058 8059 8049
f 8721 8058 8048
f 8059 8404 8060
f 8083 8059 8721
f 8404 8408 8405
f 8406 8404 8083
f 8408 8407 8084
f 8722 8408 8406
f 8407 8409 8125
f 8410 8407 8722
f 8409 8411 8140
f 8412 8409 8410
f 8411 8413 8141
f 8156 8411 8412
f 8413 8172 8157
f 8724 8413 8156
f 8172 8183 8174
f 8414 8172 8724
f 8183 8415 8196
f 8195 8183 8414
f 8415 8210 8197
f 8209 8415 8195
f 8210 8416 8224
f 8222 8210 8209
f 8416 8418 8223
f 8243 8416 8222
f 8418 8245 8417
f 8244 8418 8243
f 8245 8264 8419
f 8255 8245 8244
f 8264 8420 8256
f 8263 8264 8255
f 8420 8276 8275
f 8283 8420 8263
f 8276 8421 8285
f 8284 8276 8283
f 8421 8428 8429
f 8421 8425 8428
f 8421 8284 8425
f 8425 8284 8422
f 8423 8422 8735
f 8423 8425 8422
f 8423 8424 8425
f 8425 8424 8428
f 8428 8424 8426
f 8427 8426 7750
f 8300 8427 7750
f 8429 8428 8427
f 7787 8429 8427
f 8427 8428 8426
f 8484 7927 7926
f 8430 8484 7918
f 7926 7928 7923
f 8431 8430 8432
f 7918 7926 7920
f 7910 8431 8435
f 8432 7918 7919
f 8433 7910 8434
f 8435 8432 7912
f 7862 8433 8436
f 8437 7862 8436
f 8434 8435 7911
f 7905 8436 7860
f 7860 8436 8434
f 7902 7863 7903
f 8480 7902 8438
f 7903 8437 7897
f 8479 8480 7892
f 8438 7903 7896
f 7880 8479 8444
f 7892 8438 8439
f 8440 7880 8447
f 8444 7892 8441
f 8442 8440 8443
f 8447 8444 8445
f 7872 8442 8446
f 8443 8447 7873
f 7869 7872 7846
f 8446 8443 8448
f 7845 7869 7841
f 7846 8446 7848
f 8449 7845 8451
f 7841 7846 7842
f 7833 8449 8450
f 8451 7841 7840
f 7828 7833 8452
f 8450 8451 7837
f 7824 7828 8453
f 8452 8450 8454
f 8455 7824 7823
f 8453 8452 7826
f 8472 8455 8456
f 7820 8472 8456
f 7823 8453 7825
f 7819 8456 7818
f 7818 8456 7823
f 7801 8474 8457
f 8458 7801 8460
f 8457 7820 7809
f 8471 8458 8459
f 8461 8471 8459
f 8460 8457 7802
f 8463 8459 7795
f 7795 8459 8460
f 8461 7784 7797
f 8461 8462 7784
f 8461 8463 8462
f 8462 8463 7786
f 7786 8463 7796
f 7788 8464 7783
f 8299 7788 7783
f 8301 7783 7785
f 7785 7783 7784
f 7798 7797 8464
f 8465 7798 8464
f 8465 8466 7798
f 8465 8467 8466
f 8466 8467 8468
f 8468 8467 8469
f 7784 8464 7797
f 7800 8471 8470
f 8470 8471 7797
f 7806 8458 7800
f 7807 7801 7806
f 8475 8472 8473
f 8473 8472 8474
f 8496 8455 8475
f 7832 7824 8496
f 7836 7828 7832
f 8476 7833 7836
f 7839 8449 8476
f 8494 7845 7839
f 7868 7869 8494
f 8477 7872 7868
f 7876 8442 8477
f 7879 8440 7876
f 8478 7880 7879
f 7891 8479 8478
f 7895 8480 7891
f 7901 7902 7895
f 7858 7862 8481
f 8481 7862 7863
f 8483 8433 7858
f 8482 7910 8483
f 8489 8431 8482
f 8485 8430 8489
f 7932 8484 8485
f 8487 7934 7935
f 8486 8487 7935
f 8486 7763 8487
f 7922 8488 8485
f 7917 7922 8489
f 8490 7917 8482
f 8514 8490 8483
f 8491 8514 7858
f 7864 8491 8481
f 7901 7864 8481
f 7900 7865 7895
f 7890 7900 7891
f 7884 7890 8478
f 7883 7884 7879
f 8510 7883 7876
f 8492 8510 8477
f 8508 8492 7868
f 8493 8508 8494
f 8506 8493 7839
f 8504 8506 8476
f 7831 8504 7836
f 8503 7831 7832
f 8495 8503 8496
f 7817 8495 8475
f 8497 7817 8473
f 7807 8497 8473
f 8498 8502 7806
f 8499 8498 7800
f 7799 8499 8470
f 7798 7799 8470
f 7782 8467 7789
f 8500 8499 7794
f 7805 8498 8500
f 7816 8497 8501
f 8501 8497 8502
f 7827 7817 7816
f 8521 8495 7827
f 8522 8503 8521
f 8505 7831 8522
f 8507 8504 8505
f 8525 8506 8507
f 8509 8493 8525
f 7875 8508 8509
f 8527 8492 7875
f 8511 8510 8527
f 7889 7883 8511
f 8529 7884 7889
f 7899 7890 8529
f 8512 7900 7899
f 7857 7864 8513
f 8513 7864 7865
f 7913 8491 7857
f 7916 8514 7913
f 7921 8490 7916
f 7925 7917 7921
f 7791 8515 8469
f 7793 8517 8516
f 8517 8518 7794
f 8518 7812 8500
f 8531 8501 8519
f 8519 8501 7805
f 7822 7816 8531
f 8520 7827 7822
f 8523 8521 8520
f 7835 8522 8523
f 8524 8505 7835
f 7844 8507 8524
f 8526 8525 7844
f 7871 8509 8526
f 8528 7875 7871
f 7881 8527 8528
f 7882 8511 7881
f 7888 7889 7882
f 7894 8529 7888
f 7866 7899 7894
f 7908 8513 8536
f 8536 8513 8512
f 7909 7857 7908
f 7915 7913 7909
f 8530 8531 7815
f 7830 7822 8530
f 8532 8520 7830
f 7838 8523 8532
f 7843 7835 7838
f 8533 8524 7843
f 8534 7844 8533
f 7870 8526 8534
f 7874 7871 7870
f 7878 8528 7874
f 7885 7881 7878
f 7887 7882 7885
f 8535 7888 7887
f 7898 7894 8535
f 7906 8536 7867
f 7867 8536 7866
f 8293 8315 8292
f 8293 8316 8315
f 8293 8537 8316
f 8316 8537 8538
f 8539 8615 8314
f 8268 8539 8269
f 8314 8315 8844
f 8541 8268 8540
f 8269 8314 8270
f 8543 8541 8546
f 8540 8269 8542
f 8545 8543 8234
f 8546 8540 8544
f 8232 8545 8233
f 8234 8546 8235
f 8612 8232 8547
f 8233 8234 8096
f 8203 8612 8216
f 8547 8233 8217
f 8548 8203 8551
f 8216 8547 8841
f 8188 8548 8178
f 8551 8216 8549
f 8608 8188 8550
f 8178 8551 8840
f 8146 8608 8147
f 8550 8178 8177
f 8552 8146 8132
f 8147 8550 8148
f 8553 8552 8554
f 8132 8147 8839
f 8119 8553 8109
f 8554 8132 8133
f 8607 8119 8555
f 8109 8554 8110
f 8556 8607 8068
f 8555 8109 8837
f 8055 8556 8559
f 8068 8555 8077
f 8606 8055 8039
f 8559 8068 8557
f 8558 8606 8560
f 8039 8559 8040
f 8603 8558 8011
f 8560 8039 8029
f 8010 8603 7996
f 8011 8560 8561
f 8564 8010 8562
f 8563 8562 8830
f 8563 8564 8562
f 8563 7981 8564
f 8564 7981 8594
f 7995 8564 8594
f 7996 8011 8834
f 8830 8562 8565
f 7982 8565 8566
f 7983 8566 8801
f 8799 8801 8800
f 8345 8799 8800
f 7979 7981 8569
f 8568 8569 8570
f 8567 8570 8798
f 8567 8568 8570
f 8567 7967 8568
f 8568 7967 8593
f 7979 8593 8584
f 7980 7979 8584
f 8593 7979 8568
f 8568 7979 8569
f 8570 8569 8832
f 8815 8832 8831
f 8796 8831 8816
f 8333 8796 8816
f 8333 8571 8796
f 8333 7969 8571
f 8572 8573 8618
f 8575 8572 7951
f 7776 7951 8576
f 7776 8575 7951
f 7776 8574 8575
f 8575 8574 7950
f 8582 8575 7950
f 8618 7967 7952
f 8576 7951 8829
f 7777 8829 8577
f 8795 8577 8578
f 8794 8578 8324
f 8322 8794 8324
f 7769 8574 8580
f 8579 7769 8580
f 7767 8580 8827
f 8827 8580 7776
f 7772 7775 7769
f 8581 8572 8582
f 7967 8573 8593
f 8593 8573 8583
f 8584 8583 7978
f 8595 8584 7978
f 8583 8573 8581
f 8585 8581 8586
f 8638 8586 8587
f 8648 8587 8588
f 8647 8588 8589
f 8684 8589 8685
f 8683 8685 7965
f 8591 7965 8590
f 8591 8683 7965
f 8591 7977 8683
f 8683 7977 8592
f 8684 8592 8676
f 8647 8676 8646
f 8648 8646 8649
f 8638 8649 8639
f 8585 8639 7978
f 8583 8585 7978
f 8583 8581 8585
f 8584 8593 8583
f 8594 7981 7980
f 8637 7980 8595
f 8636 8595 8597
f 8596 8597 8598
f 8674 8598 8599
f 8686 8599 8675
f 8687 8675 8600
f 8601 8600 7989
f 7990 8601 7989
f 7990 8002 8601
f 8602 8010 7995
f 8028 8603 8602
f 8604 8558 8028
f 8605 8606 8604
f 8067 8055 8605
f 8076 8556 8067
f 8846 8607 8076
f 8130 8119 8846
f 8131 8553 8130
f 8164 8552 8131
f 8609 8146 8164
f 8610 8608 8609
f 8611 8188 8610
f 8202 8548 8611
f 8215 8203 8202
f 8095 8612 8215
f 8249 8232 8095
f 8854 8545 8249
f 8855 8543 8854
f 8267 8541 8855
f 8614 8268 8267
f 8613 8539 8614
f 8315 8615 8292
f 8292 8615 8613
f 8616 8292 8613
f 8616 8291 8292
f 8616 8617 8291
f 8565 8562 7996
f 8832 8569 8563
f 8829 7951 8618
f 8619 8278 8266
f 8259 8619 8260
f 8266 8290 8856
f 8662 8259 8248
f 8260 8266 8853
f 8620 8662 8230
f 8248 8260 8250
f 8621 8620 8094
f 8230 8248 8852
f 8213 8621 8214
f 8094 8230 8231
f 8622 8213 8623
f 8214 8094 8851
f 8187 8622 8625
f 8623 8214 8201
f 8658 8187 8175
f 8625 8623 8850
f 8163 8658 8624
f 8175 8625 8176
f 8145 8163 8627
f 8624 8175 8848
f 8626 8145 8128
f 8627 8624 8849
f 8655 8626 8127
f 8128 8627 8129
f 8654 8655 8108
f 8127 8128 8847
f 8629 8654 8107
f 8108 8127 8628
f 8073 8629 8065
f 8107 8108 8075
f 8630 8073 8054
f 8065 8107 8066
f 8650 8630 8632
f 8054 8065 8631
f 8633 8650 8026
f 8632 8054 8053
f 8007 8633 8634
f 8026 8632 8027
f 8635 8007 7994
f 8634 8026 8009
f 8596 8635 8636
f 8597 8596 8636
f 7994 8634 8008
f 8595 8636 8637
f 8637 8636 7994
f 8649 8598 8639
f 8648 8649 8638
f 8587 8648 8638
f 8639 8597 7978
f 8586 8638 8585
f 8585 8638 8639
f 7949 8588 7966
f 8642 7949 8641
f 8640 8641 8644
f 8640 8642 8641
f 8640 8678 8642
f 8642 8678 8681
f 8645 8642 8681
f 7966 8587 8845
f 8644 8641 8643
f 7775 8643 7950
f 8574 7775 7950
f 7774 8678 7773
f 8644 7772 7771
f 8589 7949 8645
f 8646 8648 8647
f 8647 8648 8588
f 8599 8649 8646
f 7993 8596 8674
f 8674 8596 8598
f 8006 8635 7993
f 8025 8007 8006
f 8651 8633 8025
f 8673 8650 8651
f 8064 8630 8673
f 8074 8073 8064
f 8652 8629 8074
f 8653 8654 8652
f 8143 8655 8653
f 8144 8626 8143
f 8657 8145 8144
f 8656 8163 8657
f 8659 8658 8656
f 8660 8187 8659
f 8667 8622 8660
f 8229 8213 8667
f 8661 8621 8229
f 8247 8620 8661
f 8265 8662 8247
f 8663 8259 8265
f 8287 8619 8663
f 8643 8641 7966
f 8664 8286 8663
f 8665 8664 8265
f 8666 8665 8247
f 8228 8666 8661
f 8227 8228 8229
f 8212 8227 8667
f 8200 8212 8660
f 8692 8200 8659
f 8186 8692 8656
f 8668 8186 8657
f 8162 8668 8144
f 8669 8162 8143
f 8126 8669 8653
f 8670 8126 8652
f 8672 8670 8074
f 8671 8672 8064
f 8690 8671 8673
f 8038 8690 8651
f 8688 8038 8025
f 8024 8688 8006
f 8005 8024 7993
f 8686 8005 8674
f 8599 8686 8674
f 8676 8675 8646
f 8684 8676 8647
f 8589 8684 8647
f 8677 8685 8645
f 7946 8677 8681
f 8680 8681 8678
f 8885 8680 8678
f 8885 8679 8680
f 8680 8679 7946
f 8681 8680 7946
f 8682 7948 7946
f 7948 7965 8677
f 8592 8684 8683
f 8683 8684 8685
f 8600 8676 8592
f 8003 8686 8687
f 8687 8686 8675
f 8004 8005 8003
f 8695 8024 8004
f 8051 8688 8695
f 8689 8038 8051
f 8063 8690 8689
f 8696 8671 8063
f 8106 8672 8696
f 8697 8670 8106
f 8691 8126 8697
f 8160 8669 8691
f 8161 8162 8160
f 8185 8668 8161
f 8198 8186 8185
f 8199 8692 8198
f 8693 8200 8199
f 8093 8212 8693
f 8226 8227 8093
f 8694 8228 8226
f 8258 8666 8694
f 8277 8665 8258
f 7989 8592 7977
f 7992 8687 8601
f 8601 8687 8600
f 8701 8003 7992
f 8023 8004 8701
f 8704 8695 8023
f 8052 8051 8704
f 8705 8689 8052
f 8104 8063 8705
f 8105 8696 8104
f 8706 8106 8105
f 8698 8697 8706
f 8159 8691 8698
f 8699 8160 8159
f 8184 8161 8699
f 8710 8185 8184
f 8712 8198 8710
f 8713 8199 8712
f 8092 8693 8713
f 8700 8093 8092
f 8257 8226 8700
f 7974 7976 8590
f 8022 7992 8002
f 8702 8701 8022
f 8037 8023 8702
f 8703 8704 8037
f 8062 8052 8703
f 8086 8705 8062
f 8117 8104 8086
f 8118 8105 8117
f 8707 8706 8118
f 8709 8698 8707
f 8708 8159 8709
f 8088 8699 8708
f 8711 8184 8088
f 8090 8710 8711
f 8211 8712 8090
f 8225 8713 8211
f 7778 7764 8736
f 8736 7764 8714
f 7958 8328 7778
f 7960 7959 7958
f 7972 7961 7960
f 8738 8396 7972
f 8717 8715 8738
f 7987 8716 8717
f 8739 8718 7987
f 8741 8719 8739
f 8720 8400 8741
f 8033 8020 8720
f 8047 8403 8033
f 8057 8048 8047
f 8082 8721 8057
f 8743 8083 8082
f 8723 8406 8743
f 8123 8722 8723
f 8139 8410 8123
f 8744 8412 8139
f 8745 8156 8744
f 8194 8724 8745
f 8725 8414 8194
f 8208 8195 8725
f 8726 8209 8208
f 8748 8222 8726
f 8727 8243 8748
f 8729 8244 8727
f 8728 8255 8729
f 8274 8263 8728
f 8730 8283 8274
f 8422 8284 8730
f 8732 8730 8733
f 8731 8733 8303
f 8731 8732 8733
f 8731 8734 8732
f 8732 8734 8735
f 8422 8732 8735
f 8422 8730 8732
f 8754 8736 8753
f 8753 8736 7937
f 8755 7778 8754
f 7957 7958 8755
f 8737 7960 7957
f 8335 7972 8737
f 8336 8738 8335
f 7986 8717 8336
f 8347 7987 7986
f 8018 8739 8347
f 8740 8741 8018
f 8032 8720 8740
f 8046 8033 8032
f 8759 8047 8046
f 8742 8057 8759
f 8115 8082 8742
f 8116 8743 8115
f 8760 8723 8116
f 8154 8123 8760
f 8155 8139 8154
f 8746 8744 8155
f 8762 8745 8746
f 8747 8194 8762
f 8207 8725 8747
f 8764 8208 8207
f 8240 8726 8764
f 8242 8748 8240
f 8254 8727 8242
f 8749 8729 8254
f 8750 8728 8749
f 8733 8274 8750
f 8311 8294 8751
f 8310 8751 8731
f 8310 8311 8751
f 8326 8753 8752
f 8752 8753 7938
f 8327 8754 8326
f 7970 8755 8327
f 7971 7957 7970
f 8387 8737 7971
f 8756 8335 8387
f 8771 8336 8756
f 8346 7986 8771
f 8017 8347 8346
f 8019 8018 8017
f 8774 8740 8019
f 8045 8032 8774
f 8757 8046 8045
f 8758 8759 8757
f 8081 8742 8758
f 8114 8115 8081
f 8138 8116 8114
f 8761 8760 8138
f 8153 8154 8761
f 8171 8155 8153
f 8193 8746 8171
f 8205 8762 8193
f 8206 8747 8205
f 8763 8207 8206
f 8101 8764 8763
f 8241 8240 8101
f 8778 8242 8241
f 8765 8254 8778
f 8766 8749 8765
f 8303 8750 8766
f 8325 8752 8767
f 8767 8752 7939
f 8768 8326 8325
f 7956 8327 8768
f 8769 7970 7956
f 8390 7971 8769
f 8770 8387 8390
f 8385 8756 8770
f 7998 8771 8385
f 8383 8346 7998
f 8772 8017 8383
f 8031 8019 8772
f 8773 8774 8031
f 8072 8045 8773
f 8381 8757 8072
f 8113 8758 8381
f 8378 8081 8113
f 8122 8114 8378
f 8775 8138 8122
f 8169 8761 8775
f 8170 8153 8169
f 8191 8171 8170
f 8192 8193 8191
f 8776 8205 8192
f 8221 8206 8776
f 8238 8763 8221
f 8777 8101 8238
f 8779 8241 8777
f 8262 8778 8779
f 8273 8765 8262
f 8304 8766 8273
f 8294 8734 8751
f 8794 8319 8793
f 8793 8319 7941
f 8571 8330 7953
f 8339 8332 8340
f 8340 8332 8780
f 8799 8340 8780
f 8780 8332 8333
f 8781 7997 8013
f 8782 8015 8781
f 8043 8030 8782
f 8804 8783 8043
f 8784 8069 8804
f 8111 8070 8784
f 8785 8355 8111
f 8134 8354 8785
f 8135 8357 8134
f 8150 8151 8135
f 8167 8168 8150
f 8786 8359 8167
f 8787 8180 8786
f 8218 8190 8787
f 8220 8361 8218
f 8788 8789 8220
f 8237 8790 8788
f 8251 8365 8237
f 8792 8253 8251
f 8812 8791 8792
f 8296 8281 8812
f 8795 8793 8813
f 8813 8793 7766
f 8578 8794 8795
f 7968 8324 8578
f 8797 7953 7968
f 8796 8571 8797
f 8815 8797 8798
f 8570 8815 8798
f 8570 8832 8815
f 8801 8799 7983
f 8817 8800 8801
f 8012 8013 8817
f 8802 8781 8012
f 8042 8782 8802
f 8805 8043 8042
f 8803 8804 8805
f 8807 8784 8803
f 8806 8111 8807
f 8820 8785 8806
f 8821 8134 8820
f 8149 8135 8821
f 8166 8150 8149
f 8808 8167 8166
f 8189 8786 8808
f 8204 8787 8189
f 8219 8218 8204
f 8098 8220 8219
f 8236 8788 8098
f 8809 8237 8236
f 8810 8251 8809
f 8279 8792 8810
f 8811 8812 8279
f 7777 8813 8828
f 8828 8813 7945
f 8577 8795 7777
f 8814 8578 8577
f 8798 7968 8814
f 8831 8796 8815
f 8815 8796 8797
f 7982 8816 8831
f 8566 7983 7982
f 8833 8801 8566
f 8818 8817 8833
f 8835 8012 8818
f 8041 8802 8835
f 8836 8042 8041
f 8078 8805 8836
f 8819 8803 8078
f 8120 8807 8819
f 8121 8806 8120
f 8838 8820 8121
f 8822 8821 8838
f 8165 8149 8822
f 8179 8166 8165
f 8823 8808 8179
f 8825 8189 8823
f 8824 8204 8825
f 8097 8219 8824
f 8842 8098 8097
f 8843 8236 8842
f 8826 8809 8843
f 8271 8810 8826
f 8280 8279 8271
f 8576 8828 8827
f 8827 8828 7944
f 8829 7777 8576
f 7952 8577 8829
f 8567 8814 7952
f 8830 8831 8832
f 8565 7982 8830
f 8834 8566 8565
f 8561 8833 8834
f 8029 8818 8561
f 8040 8835 8029
f 8557 8041 8040
f 8077 8836 8557
f 8837 8078 8077
f 8110 8819 8837
f 8133 8120 8110
f 8839 8121 8133
f 8148 8838 8839
f 8177 8822 8148
f 8840 8165 8177
f 8549 8179 8840
f 8841 8823 8549
f 8217 8825 8841
f 8096 8824 8217
f 8235 8097 8096
f 8544 8842 8235
f 8542 8843 8544
f 8270 8826 8542
f 8844 8271 8270
f 8316 8280 8844
f 8643 7775 8644
f 8845 7950 8643
f 8586 8582 8845
f 8008 8594 8637
f 8637 8594 7980
f 8009 7995 8008
f 8027 8602 8009
f 8053 8028 8027
f 8631 8604 8053
f 8066 8605 8631
f 8075 8067 8066
f 8628 8076 8075
f 8847 8846 8628
f 8129 8130 8847
f 8849 8131 8129
f 8848 8164 8849
f 8176 8609 8848
f 8850 8610 8176
f 8201 8611 8850
f 8851 8202 8201
f 8231 8215 8851
f 8852 8095 8231
f 8250 8249 8852
f 8853 8854 8250
f 8856 8855 8853
f 8313 8267 8856
f 8616 8614 8313
f 8857 8294 9428
f 9637 8857 9428
f 9637 8858 8857
f 9637 9424 8858
f 8858 9424 7781
f 7781 9424 9419
f 7791 9419 8859
f 8515 8859 9411
f 7792 9411 8860
f 8913 8860 9752
f 8861 9752 8912
f 7804 8912 8862
f 7811 8862 8911
f 7814 8911 8863
f 7821 8863 8864
f 8910 8864 9361
f 7829 9361 8909
f 7834 8909 8865
f 8908 8865 9360
f 7849 9360 9358
f 8867 9358 8866
f 7850 8866 7851
f 7850 8867 8866
f 8291 8915 8914
f 8291 9442 8915
f 8291 8288 9442
f 9442 8288 8943
f 8943 8288 8868
f 8894 8868 8870
f 8869 8870 8871
f 8965 8871 8246
f 8872 8246 8873
f 8996 8873 8225
f 9008 8225 8874
f 9024 8874 8091
f 9049 8091 8089
f 8875 8089 8087
f 8895 8087 8158
f 9076 8158 8142
f 8896 8142 8876
f 9105 8876 8897
f 8877 8897 8103
f 8878 8877 8103
f 8878 9121 8877
f 8878 8879 9121
f 9121 8879 8880
f 8880 8879 8061
f 9168 8061 8898
f 9122 8898 8050
f 8899 8050 8021
f 8900 8021 8881
f 9216 8881 7991
f 8901 7991 8882
f 8902 8882 8883
f 8903 8883 7975
f 9245 7975 7976
f 9259 7976 7974
f 9271 7974 8884
f 9295 8884 7947
f 9299 7947 8885
f 8904 8885 7770
f 9300 7770 7943
f 9439 7943 7942
f 8886 9439 7942
f 8886 8887 9439
f 8886 7935 8887
f 8887 7935 8934
f 8934 7935 7931
f 8935 7931 7930
f 8905 7930 7924
f 9323 7924 8888
f 8889 8888 8890
f 9314 8890 7907
f 8891 7907 7906
f 9316 7906 7856
f 9328 7856 7855
f 8906 7855 8892
f 9335 8892 7886
f 8907 7886 7854
f 8893 7854 7853
f 9348 7853 7852
f 9350 7852 7851
f 8866 9350 7851
f 8943 8868 8894
f 8894 8870 8869
f 8869 8871 8965
f 8965 8246 8872
f 8872 8873 8996
f 8996 8225 9008
f 9008 8874 9024
f 9024 8091 9049
f 9049 8089 8875
f 8875 8087 8895
f 8895 8158 9076
f 9076 8142 8896
f 8896 8876 9105
f 9105 8897 8877
f 8880 8061 9168
f 9168 8898 9122
f 9122 8050 8899
f 8899 8021 8900
f 8900 8881 9216
f 9216 7991 8901
f 8901 8882 8902
f 8902 8883 8903
f 8903 7975 9245
f 9245 7976 9259
f 9259 7974 9271
f 9271 8884 9295
f 9295 7947 9299
f 9299 8885 8904
f 8904 7770 9300
f 9300 7943 9439
f 8934 7931 8935
f 8935 7930 8905
f 8905 7924 9323
f 9323 8888 8889
f 8889 8890 9314
f 9314 7907 8891
f 8891 7906 9316
f 9316 7856 9328
f 9328 7855 8906
f 8906 8892 9335
f 9335 7886 8907
f 8907 7854 8893
f 8893 7853 9348
f 9348 7852 9350
f 8867 7849 9358
f 7849 8908 9360
f 8908 7834 8865
f 7834 7829 8909
f 7829 8910 9361
f 8910 7821 8864
f 7821 7814 8863
f 7814 7811 8911
f 7811 7804 8862
f 7804 8861 8912
f 8861 8913 9752
f 8913 7792 8860
f 7792 8515 9411
f 8515 7791 8859
f 7791 7781 9419
f 8915 9428 8914
f 8914 9428 8294
f 8915 9433 9428
f 8915 9532 9433
f 8915 8916 9532
f 8915 8917 8916
f 8915 9531 8917
f 8915 9442 9531
f 9531 9442 9534
f 8917 9534 8961
f 8916 8961 8918
f 9532 8918 8919
f 9433 8919 9797
f 9432 9797 8960
f 8920 8960 8959
f 9431 8959 9479
f 9430 9479 8921
f 9830 8921 8958
f 9829 8958 8957
f 9429 8957 9862
f 8922 9862 9636
f 9427 9636 8956
f 9425 8956 8923
f 9426 8923 9422
f 9417 9422 9476
f 9414 9476 8981
f 9891 8981 9409
f 9410 9409 8924
f 9405 8924 8925
f 9401 8925 8926
f 9402 8926 9039
f 8927 9039 9062
f 9392 9062 9061
f 9886 9061 9387
f 9382 9387 8928
f 9378 8928 9103
f 9374 9103 9120
f 9373 9120 9166
f 9370 9166 9177
f 9880 9177 9190
f 9346 9190 8929
f 9347 8929 9215
f 9344 9215 9234
f 9333 9234 9131
f 9334 9131 9322
f 9876 9322 9675
f 9676 9675 9256
f 9875 9256 9665
f 9661 9665 8930
f 8931 8930 9284
f 9874 9284 9294
f 9653 9294 8932
f 8940 8932 8933
f 8934 8933 8887
f 8934 8940 8933
f 8934 8937 8940
f 8934 9709 8937
f 8934 8936 9709
f 8934 8935 8936
f 8936 8935 9708
f 9709 9708 8938
f 8937 8938 8939
f 8940 8939 9653
f 8932 8940 9653
f 8943 8963 9442
f 8943 8941 8963
f 8943 8944 8941
f 8943 8942 8944
f 8943 8894 8942
f 8942 8894 9490
f 8944 9490 9489
f 8941 9489 8964
f 9576 8964 9488
f 9575 9488 9767
f 8945 9767 9487
f 9533 9487 8946
f 9530 8946 8947
f 9783 8947 9486
f 9784 9486 8948
f 8949 8948 9483
f 8950 9483 9480
f 9481 9480 9477
f 9478 9477 8951
f 9828 8951 8952
f 9827 8952 9475
f 9845 9475 8953
f 9863 8953 9873
f 9872 9873 9871
f 8955 9871 8954
f 9422 8954 9476
f 9422 8955 8954
f 9422 8923 8955
f 8955 8923 8956
f 9872 8956 9636
f 9863 9636 9862
f 9845 9862 8957
f 9827 8957 8958
f 9828 8958 8921
f 9478 8921 9479
f 9481 9479 8959
f 8950 8959 8960
f 8949 8960 9797
f 9784 9797 8919
f 9783 8919 8918
f 9530 8918 8961
f 9533 8961 9534
f 8945 9534 8962
f 9575 8962 9574
f 9576 9574 9443
f 8941 9443 8963
f 8941 9576 9443
f 8941 8964 9576
f 9490 8894 9613
f 8995 9613 8869
f 8965 8995 8869
f 8965 8967 8995
f 8965 8966 8967
f 8965 8872 8966
f 8966 8872 9614
f 8967 9614 8968
f 9598 8968 8997
f 9578 8997 8969
f 9577 8969 8970
f 9572 8970 8999
f 8971 8999 9001
f 9766 9001 8972
f 9535 8972 9528
f 8973 9528 8974
f 9529 8974 9782
f 9781 9782 9796
f 8975 9796 8976
f 8977 8976 8978
f 8988 8978 9003
f 9470 9003 9471
f 9472 9471 9826
f 8985 9826 9825
f 9844 9825 8979
f 8984 8979 9859
f 9638 9859 9870
f 9639 9870 8980
f 9409 8980 8924
f 9409 9639 8980
f 9409 8981 9639
f 9639 8981 8982
f 9638 8982 8983
f 8984 8983 9860
f 9844 9860 9861
f 8985 9861 8986
f 9472 8986 8987
f 9470 8987 9474
f 8988 9474 9473
f 8977 9473 9808
f 8975 9808 8989
f 9781 8989 9482
f 9529 9482 9484
f 8973 9484 9485
f 9535 9485 8990
f 9766 8990 8991
f 8971 8991 8992
f 9572 8992 8993
f 9577 8993 9573
f 9578 9573 9597
f 9598 9597 8994
f 8967 8994 8995
f 8967 9598 8994
f 8967 8968 9598
f 8872 8996 9614
f 9614 8996 9009
f 8968 9009 9599
f 8997 9599 9011
f 8969 9011 8998
f 8970 8998 9570
f 8999 9570 9000
f 9001 9000 9002
f 8972 9002 9536
f 9528 9536 9537
f 8974 9537 9013
f 9782 9013 9527
f 9796 9527 9014
f 8976 9014 9807
f 8978 9807 9015
f 9003 9015 9467
f 9471 9467 9004
f 9826 9004 9824
f 9825 9824 9005
f 8979 9005 9006
f 9859 9006 9857
f 9870 9857 9007
f 8980 9007 9021
f 8924 9021 8925
f 8924 8980 9021
f 8996 9008 9009
f 9009 9008 9025
f 9599 9025 9010
f 9011 9010 9596
f 8998 9596 9048
f 9570 9048 9047
f 9000 9047 9571
f 9002 9571 9765
f 9536 9765 9012
f 9537 9012 9045
f 9013 9045 9044
f 9527 9044 9043
f 9014 9043 9042
f 9807 9042 9016
f 9015 9016 9017
f 9467 9017 9468
f 9004 9468 9469
f 9824 9469 9018
f 9005 9018 9019
f 9006 9019 9858
f 9857 9858 9020
f 9007 9020 9640
f 9021 9640 9022
f 8925 9022 8926
f 8925 9021 9022
f 9025 9008 9023
f 9024 9023 9008
f 9024 9025 9023
f 9024 9629 9025
f 9024 9026 9629
f 9024 9049 9026
f 9026 9049 9050
f 9629 9050 9630
f 9600 9630 9615
f 9594 9615 9027
f 9595 9027 9051
f 9028 9051 9580
f 9046 9580 9052
f 9764 9052 9029
f 9538 9029 9539
f 9030 9539 9523
f 9524 9523 9526
f 9525 9526 9031
f 9041 9031 9795
f 9794 9795 9032
f 9806 9032 9057
f 9465 9057 9033
f 9466 9033 9034
f 9035 9034 9823
f 9036 9823 9843
f 9856 9843 9841
f 9869 9841 9037
f 9641 9037 9038
f 9040 9038 9060
f 9039 9060 9062
f 9039 9040 9060
f 9039 8926 9040
f 9040 8926 9022
f 9641 9022 9640
f 9869 9640 9020
f 9856 9020 9858
f 9036 9858 9019
f 9035 9019 9018
f 9466 9018 9469
f 9465 9469 9468
f 9806 9468 9017
f 9794 9017 9016
f 9041 9016 9042
f 9525 9042 9043
f 9524 9043 9044
f 9030 9044 9045
f 9538 9045 9012
f 9764 9012 9765
f 9046 9765 9571
f 9028 9571 9047
f 9595 9047 9048
f 9594 9048 9596
f 9600 9596 9010
f 9629 9010 9025
f 9629 9600 9010
f 9629 9630 9600
f 9049 8875 9050
f 9050 8875 9064
f 9630 9064 9066
f 9615 9066 9601
f 9027 9601 9593
f 9051 9593 9579
f 9580 9579 9569
f 9052 9569 9053
f 9029 9053 9054
f 9539 9054 9540
f 9523 9540 9068
f 9526 9068 9055
f 9031 9055 9056
f 9795 9056 9793
f 9032 9793 9805
f 9057 9805 9492
f 9033 9492 9463
f 9034 9463 9461
f 9823 9461 9058
f 9843 9058 9842
f 9841 9842 9840
f 9037 9840 9059
f 9038 9059 9642
f 9060 9642 9063
f 9062 9063 9061
f 9062 9060 9063
f 8875 8895 9064
f 9064 8895 9065
f 9066 9065 9616
f 9601 9616 9617
f 9593 9617 9078
f 9579 9078 9067
f 9569 9067 9080
f 9053 9080 9567
f 9054 9567 9081
f 9540 9081 9082
f 9068 9082 9521
f 9055 9521 9069
f 9056 9069 9070
f 9793 9070 9780
f 9805 9780 9071
f 9492 9071 9491
f 9463 9491 9072
f 9461 9072 9464
f 9058 9464 9822
f 9842 9822 9821
f 9840 9821 9073
f 9059 9073 9087
f 9642 9087 9074
f 9063 9074 9075
f 9061 9075 9387
f 9061 9063 9075
f 8895 9076 9065
f 9065 9076 9077
f 9616 9077 9631
f 9617 9631 9090
f 9078 9090 9602
f 9067 9602 9079
f 9080 9079 9566
f 9567 9566 9568
f 9081 9568 9083
f 9082 9083 9094
f 9521 9094 9095
f 9069 9095 9522
f 9070 9522 9084
f 9780 9084 9779
f 9071 9779 9804
f 9491 9804 9085
f 9072 9085 9493
f 9464 9493 9462
f 9822 9462 9820
f 9821 9820 9086
f 9073 9086 9088
f 9087 9088 9089
f 9074 9089 9643
f 9075 9643 9101
f 9387 9101 8928
f 9387 9075 9101
f 9076 8896 9077
f 9077 8896 9104
f 9631 9104 9091
f 9090 9091 9604
f 9602 9604 9603
f 9079 9603 9107
f 9566 9107 9092
f 9568 9092 9093
f 9083 9093 9763
f 9094 9763 9109
f 9095 9109 9110
f 9522 9110 9111
f 9084 9111 9520
f 9779 9520 9792
f 9804 9792 9113
f 9085 9113 9096
f 9493 9096 9460
f 9462 9460 9097
f 9820 9097 9818
f 9086 9818 9098
f 9088 9098 9099
f 9089 9099 9100
f 9643 9100 9644
f 9101 9644 9102
f 8928 9102 9103
f 8928 9101 9102
f 8896 9105 9104
f 9104 9105 9632
f 9091 9632 9106
f 9604 9106 9618
f 9603 9618 9592
f 9107 9592 9145
f 9092 9145 9146
f 9093 9146 9564
f 9763 9564 9108
f 9109 9108 9541
f 9110 9541 9519
f 9111 9519 9112
f 9520 9112 9778
f 9792 9778 9791
f 9113 9791 9114
f 9096 9114 9803
f 9460 9803 9115
f 9097 9115 9459
f 9818 9459 9819
f 9098 9819 9116
f 9099 9116 9855
f 9100 9855 9117
f 9644 9117 9118
f 9102 9118 9119
f 9103 9119 9120
f 9103 9102 9119
f 9105 8877 9632
f 9632 8877 9121
f 9633 9121 8880
f 9634 8880 9168
f 9169 9168 9122
f 9178 9122 8899
f 9123 8899 8900
f 9207 8900 9216
f 9218 9216 8901
f 9144 8901 8902
f 9626 8902 9625
f 9608 9625 9627
f 9609 9627 9610
f 9141 9610 9582
f 9140 9582 9237
f 9139 9237 9124
f 9758 9124 9239
f 9544 9239 9547
f 9545 9547 9514
f 9125 9514 9126
f 9136 9126 9772
f 9771 9772 9770
f 9787 9770 9786
f 9134 9786 9127
f 9133 9127 9128
f 9132 9128 9454
f 9129 9454 9810
f 9811 9810 9836
f 9849 9836 9130
f 9866 9130 9865
f 9648 9865 9651
f 9649 9651 9650
f 9322 9650 9675
f 9322 9649 9650
f 9322 9131 9649
f 9649 9131 9233
f 9648 9233 9647
f 9866 9647 9230
f 9849 9230 9229
f 9811 9229 9228
f 9129 9228 9813
f 9132 9813 9453
f 9133 9453 9497
f 9134 9497 9227
f 9787 9227 9135
f 9771 9135 9224
f 9136 9224 9223
f 9125 9223 9516
f 9545 9516 9137
f 9544 9137 9138
f 9758 9138 9222
f 9139 9222 9557
f 9140 9557 9559
f 9141 9559 9221
f 9609 9221 9588
f 9608 9588 9142
f 9626 9142 9143
f 9144 9143 9218
f 8901 9144 9218
f 9632 9121 9633
f 9106 9633 9621
f 9618 9621 9620
f 9592 9620 9605
f 9145 9605 9591
f 9146 9591 9147
f 9564 9147 9563
f 9108 9563 9565
f 9541 9565 9542
f 9519 9542 9155
f 9112 9155 9148
f 9778 9148 9777
f 9791 9777 9789
f 9114 9789 9802
f 9803 9802 9149
f 9115 9149 9150
f 9459 9150 9151
f 9819 9151 9161
f 9116 9161 9817
f 9855 9817 9839
f 9117 9839 9152
f 9118 9152 9153
f 9119 9153 9165
f 9120 9165 9166
f 9120 9119 9165
f 9633 8880 9634
f 9621 9634 9619
f 9620 9619 9606
f 9605 9606 9170
f 9591 9170 9154
f 9147 9154 9562
f 9563 9562 9561
f 9565 9561 9762
f 9542 9762 9156
f 9155 9156 9157
f 9148 9157 9158
f 9777 9158 9776
f 9789 9776 9790
f 9802 9790 9159
f 9149 9159 9160
f 9150 9160 9494
f 9151 9494 9457
f 9161 9457 9162
f 9817 9162 9838
f 9839 9838 9163
f 9152 9163 9868
f 9153 9868 9164
f 9165 9164 9167
f 9166 9167 9177
f 9166 9165 9167
f 9634 9168 9169
f 9619 9169 9622
f 9606 9622 9171
f 9170 9171 9590
f 9154 9590 9172
f 9562 9172 9173
f 9561 9173 9174
f 9762 9174 9175
f 9156 9175 9543
f 9157 9543 9518
f 9158 9518 9181
f 9776 9181 9774
f 9790 9774 9184
f 9159 9184 9801
f 9160 9801 9186
f 9494 9186 9495
f 9457 9495 9458
f 9162 9458 9816
f 9838 9816 9815
f 9163 9815 9854
f 9868 9854 9853
f 9164 9853 9176
f 9167 9176 9646
f 9177 9646 9190
f 9177 9167 9646
f 9169 9122 9178
f 9622 9178 9635
f 9171 9635 9623
f 9590 9623 9179
f 9172 9179 9581
f 9173 9581 9192
f 9174 9192 9180
f 9175 9180 9195
f 9543 9195 9761
f 9518 9761 9182
f 9181 9182 9183
f 9774 9183 9775
f 9184 9775 9185
f 9801 9185 9187
f 9186 9187 9800
f 9495 9800 9202
f 9458 9202 9188
f 9816 9188 9456
f 9815 9456 9203
f 9854 9203 9852
f 9853 9852 9867
f 9176 9867 9645
f 9646 9645 9189
f 9190 9189 8929
f 9190 9646 9189
f 9178 8899 9123
f 9635 9123 9624
f 9623 9624 9191
f 9179 9191 9589
f 9581 9589 9208
f 9192 9208 9193
f 9180 9193 9194
f 9195 9194 9196
f 9761 9196 9197
f 9182 9197 9198
f 9183 9198 9199
f 9775 9199 9210
f 9185 9210 9788
f 9187 9788 9200
f 9800 9200 9201
f 9202 9201 9455
f 9188 9455 9211
f 9456 9211 9814
f 9203 9814 9837
f 9852 9837 9214
f 9867 9214 9204
f 9645 9204 9205
f 9189 9205 9206
f 8929 9206 9215
f 8929 9189 9206
f 9123 8900 9207
f 9624 9207 9217
f 9191 9217 9607
f 9589 9607 9219
f 9208 9219 9220
f 9193 9220 9558
f 9194 9558 9560
f 9196 9560 9760
f 9197 9760 9759
f 9198 9759 9209
f 9199 9209 9515
f 9210 9515 9517
f 9788 9517 9773
f 9200 9773 9225
f 9201 9225 9226
f 9455 9226 9496
f 9211 9496 9212
f 9814 9212 9213
f 9837 9213 9812
f 9214 9812 9851
f 9204 9851 9850
f 9205 9850 9231
f 9206 9231 9232
f 9215 9232 9234
f 9215 9206 9232
f 9207 9216 9218
f 9217 9218 9143
f 9607 9143 9142
f 9219 9142 9588
f 9220 9588 9221
f 9558 9221 9559
f 9560 9559 9557
f 9760 9557 9222
f 9759 9222 9138
f 9209 9138 9137
f 9515 9137 9516
f 9517 9516 9223
f 9773 9223 9224
f 9225 9224 9135
f 9226 9135 9227
f 9496 9227 9497
f 9212 9497 9453
f 9213 9453 9813
f 9812 9813 9228
f 9851 9228 9229
f 9850 9229 9230
f 9231 9230 9647
f 9232 9647 9233
f 9234 9233 9131
f 9234 9232 9233
f 8902 8903 9625
f 9625 8903 9628
f 9627 9628 9235
f 9610 9235 9236
f 9582 9236 9587
f 9237 9587 9238
f 9124 9238 9554
f 9239 9554 9757
f 9547 9757 9546
f 9514 9546 9250
f 9126 9250 9240
f 9772 9240 9513
f 9770 9513 9251
f 9786 9251 9241
f 9127 9241 9498
f 9128 9498 9452
f 9454 9452 9450
f 9810 9450 9242
f 9836 9242 9243
f 9130 9243 9834
f 9865 9834 9244
f 9651 9244 9254
f 9650 9254 9258
f 9675 9258 9256
f 9675 9650 9258
f 8903 9245 9628
f 9628 9245 9246
f 9235 9246 9247
f 9236 9247 9248
f 9587 9248 9586
f 9238 9586 9260
f 9554 9260 9556
f 9757 9556 9262
f 9546 9262 9249
f 9250 9249 9263
f 9240 9263 9510
f 9513 9510 9264
f 9251 9264 9252
f 9241 9252 9253
f 9498 9253 9799
f 9452 9799 9499
f 9450 9499 9451
f 9242 9451 9809
f 9243 9809 9835
f 9834 9835 9848
f 9244 9848 9847
f 9254 9847 9255
f 9258 9255 9257
f 9256 9257 9665
f 9256 9258 9257
f 9245 9259 9246
f 9246 9259 9247
f 9247 9259 9612
f 9248 9612 9272
f 9586 9272 9585
f 9260 9585 9261
f 9556 9261 9555
f 9262 9555 9756
f 9249 9756 9548
f 9263 9548 9509
f 9510 9509 9512
f 9264 9512 9511
f 9252 9511 9265
f 9253 9265 9266
f 9799 9266 9267
f 9499 9267 9500
f 9451 9500 9448
f 9809 9448 9278
f 9835 9278 9268
f 9848 9268 9269
f 9847 9269 9281
f 9255 9281 9652
f 9257 9652 9270
f 9665 9270 8930
f 9665 9257 9270
f 9259 9271 9612
f 9612 9271 9611
f 9272 9611 9584
f 9585 9584 9583
f 9261 9583 9288
f 9555 9288 9553
f 9756 9553 9754
f 9548 9754 9273
f 9509 9273 9289
f 9512 9289 9274
f 9511 9274 9275
f 9265 9275 9769
f 9266 9769 9798
f 9267 9798 9276
f 9500 9276 9277
f 9448 9277 9449
f 9278 9449 9279
f 9268 9279 9280
f 9269 9280 9846
f 9281 9846 9282
f 9652 9282 9283
f 9270 9283 9285
f 8930 9285 9284
f 8930 9270 9285
f 9271 9295 9611
f 9611 9295 9584
f 9584 9295 9286
f 9583 9286 9287
f 9288 9287 9298
f 9553 9298 9297
f 9754 9297 9755
f 9273 9755 9549
f 9289 9549 9508
f 9274 9508 9441
f 9275 9441 9768
f 9769 9768 9785
f 9798 9785 9303
f 9276 9303 9290
f 9277 9290 9291
f 9449 9291 9501
f 9279 9501 9434
f 9280 9434 9436
f 9846 9436 9831
f 9282 9831 9292
f 9283 9292 9293
f 9285 9293 9310
f 9284 9310 9294
f 9284 9285 9310
f 9295 9299 9286
f 9286 9299 9287
f 9287 9299 9296
f 9298 9296 9297
f 9298 9287 9296
f 9299 8904 9296
f 9296 8904 9552
f 9297 9552 9755
f 9297 9296 9552
f 9300 9550 8904
f 9300 9504 9550
f 9300 9507 9504
f 9300 9305 9507
f 9300 9439 9305
f 9305 9439 9302
f 9301 9302 9503
f 9290 9503 9291
f 9290 9301 9503
f 9290 9303 9301
f 9301 9303 9304
f 9305 9304 9507
f 9305 9301 9304
f 9305 9302 9301
f 8887 9307 9439
f 8887 9306 9307
f 8887 9308 9306
f 8887 9309 9308
f 8887 8933 9309
f 9309 8933 8932
f 9312 8932 9294
f 9310 9312 9294
f 9310 9311 9312
f 9310 9293 9311
f 9311 9293 9864
f 9306 9864 9307
f 9306 9311 9864
f 9306 9308 9311
f 9311 9308 9312
f 9312 9308 9309
f 8932 9312 9309
f 9708 8935 9325
f 9654 9325 9324
f 9657 9324 9323
f 9313 9323 8889
f 9326 8889 9314
f 9327 9314 9315
f 9317 9315 8891
f 9316 9317 8891
f 9316 9318 9317
f 9316 9328 9318
f 9318 9328 9748
f 9319 9748 9329
f 9737 9329 9320
f 9678 9320 9710
f 9321 9710 9699
f 9702 9699 9332
f 9704 9332 9878
f 9876 9878 9334
f 9322 9876 9334
f 9323 9324 8905
f 8905 9324 9325
f 8935 8905 9325
f 9657 9323 9313
f 9326 9313 8889
f 9326 9657 9313
f 9326 9664 9657
f 9326 9327 9664
f 9326 9314 9327
f 9314 8891 9315
f 9328 8906 9748
f 9748 8906 9330
f 9329 9330 9739
f 9320 9739 9337
f 9710 9337 9331
f 9699 9331 9700
f 9332 9700 9338
f 9878 9338 9877
f 9334 9877 9333
f 9131 9334 9333
f 8906 9335 9330
f 9330 9335 9336
f 9739 9336 9749
f 9337 9749 9736
f 9331 9736 9711
f 9700 9711 9339
f 9338 9339 9701
f 9877 9701 9343
f 9333 9343 9344
f 9234 9333 9344
f 9335 8907 9336
f 9336 8907 9340
f 9749 9340 9341
f 9736 9341 9740
f 9711 9740 9342
f 9339 9342 9696
f 9701 9696 9698
f 9343 9698 9697
f 9344 9697 9347
f 9215 9344 9347
f 8907 8893 9340
f 9340 8893 9750
f 9341 9750 9741
f 9740 9741 9735
f 9342 9735 9345
f 9696 9345 9712
f 9698 9712 9695
f 9697 9695 9879
f 9347 9879 9346
f 8929 9347 9346
f 8893 9348 9750
f 9750 9348 9351
f 9741 9351 9353
f 9735 9353 9355
f 9345 9355 9356
f 9712 9356 9349
f 9695 9349 9694
f 9879 9694 9881
f 9346 9881 9880
f 9190 9346 9880
f 9348 9350 9351
f 9351 9350 9352
f 9353 9352 9354
f 9355 9354 9734
f 9356 9734 9713
f 9349 9713 9714
f 9694 9714 9357
f 9881 9357 9883
f 9880 9883 9370
f 9177 9880 9370
f 9350 8866 9352
f 9352 8866 9358
f 9367 9358 9360
f 9359 9360 8865
f 9379 8865 8909
f 9383 8909 9361
f 9384 9361 8864
f 9388 8864 8863
f 9751 8863 8911
f 9362 8911 8862
f 9363 8862 8912
f 9364 8912 9752
f 9746 9752 9747
f 9365 9747 9724
f 9725 9724 9366
f 9720 9366 9680
f 9683 9680 9682
f 9404 9682 9889
f 9405 9889 9410
f 8924 9405 9410
f 9352 9358 9367
f 9354 9367 9368
f 9734 9368 9743
f 9713 9743 9715
f 9714 9715 9369
f 9357 9369 9693
f 9883 9693 9882
f 9370 9882 9373
f 9166 9370 9373
f 9367 9360 9359
f 9368 9359 9742
f 9743 9742 9371
f 9715 9371 9376
f 9369 9376 9372
f 9693 9372 9691
f 9882 9691 9884
f 9373 9884 9374
f 9120 9373 9374
f 9359 8865 9379
f 9742 9379 9375
f 9371 9375 9732
f 9376 9732 9377
f 9372 9377 9690
f 9691 9690 9380
f 9884 9380 9692
f 9374 9692 9378
f 9103 9374 9378
f 9379 8909 9383
f 9375 9383 9385
f 9732 9385 9733
f 9377 9733 9731
f 9690 9731 9381
f 9380 9381 9687
f 9692 9687 9885
f 9378 9885 9382
f 8928 9378 9382
f 9383 9361 9384
f 9385 9384 9744
f 9733 9744 9730
f 9731 9730 9716
f 9381 9716 9386
f 9687 9386 9688
f 9885 9688 9689
f 9382 9689 9886
f 9387 9382 9886
f 9384 8864 9388
f 9744 9388 9389
f 9730 9389 9390
f 9716 9390 9729
f 9386 9729 9718
f 9688 9718 9685
f 9689 9685 9686
f 9886 9686 9392
f 9061 9886 9392
f 9388 8863 9751
f 9389 9751 9745
f 9390 9745 9728
f 9729 9728 9717
f 9718 9717 9684
f 9685 9684 9391
f 9686 9391 9397
f 9392 9397 8927
f 9062 9392 8927
f 9751 8911 9362
f 9745 9362 9393
f 9728 9393 9727
f 9717 9727 9394
f 9684 9394 9395
f 9391 9395 9396
f 9397 9396 9399
f 8927 9399 9402
f 9039 8927 9402
f 9362 8862 9363
f 9393 9363 9398
f 9727 9398 9403
f 9394 9403 9726
f 9395 9726 9719
f 9396 9719 9400
f 9399 9400 9887
f 9402 9887 9401
f 8926 9402 9401
f 9363 8912 9364
f 9398 9364 9746
f 9403 9746 9365
f 9726 9365 9725
f 9719 9725 9720
f 9400 9720 9683
f 9887 9683 9404
f 9401 9404 9405
f 8925 9401 9405
f 9752 8860 9747
f 9747 8860 9406
f 9724 9406 9407
f 9366 9407 9722
f 9680 9722 9681
f 9682 9681 9408
f 9889 9408 9888
f 9410 9888 9891
f 9409 9410 9891
f 8860 9411 9406
f 9406 9411 9407
f 9407 9411 9412
f 9722 9412 9721
f 9681 9721 9723
f 9408 9723 9413
f 9888 9413 9890
f 9891 9890 9414
f 8981 9891 9414
f 9411 8859 9412
f 9412 8859 9721
f 9721 8859 9418
f 9723 9418 9415
f 9413 9415 9416
f 9890 9416 9679
f 9414 9679 9417
f 9476 9414 9417
f 8859 9419 9418
f 9418 9419 9415
f 9415 9419 9420
f 9416 9420 9423
f 9679 9423 9421
f 9417 9421 9426
f 9422 9417 9426
f 9419 9424 9420
f 9420 9424 9423
f 9423 9424 9421
f 9421 9424 9425
f 9426 9425 8923
f 9426 9421 9425
f 9424 9637 9425
f 9425 9637 9427
f 8956 9425 9427
f 9428 9429 9637
f 9428 9829 9429
f 9428 9830 9829
f 9428 9430 9830
f 9428 9431 9430
f 9428 8920 9431
f 9428 9432 8920
f 9428 9433 9432
f 9432 9433 9797
f 8938 8937 9709
f 9439 9307 9832
f 9447 9832 9446
f 9435 9446 9436
f 9434 9435 9436
f 9434 9437 9435
f 9434 9501 9437
f 9437 9501 9444
f 9438 9444 9502
f 9439 9502 9302
f 9439 9438 9502
f 9439 9445 9438
f 9439 9447 9445
f 9439 9832 9447
f 8957 9429 9829
f 9479 9430 9431
f 8961 8916 8917
f 9755 9552 9753
f 9549 9753 9440
f 9508 9440 9551
f 9441 9551 9505
f 9768 9505 9506
f 9785 9506 9304
f 9303 9785 9304
f 8963 9443 9442
f 9442 9443 9574
f 8962 9442 9574
f 8962 9534 9442
f 9444 9438 9437
f 9437 9438 9445
f 9435 9445 9447
f 9446 9435 9447
f 9437 9445 9435
f 9277 9291 9449
f 9500 9277 9448
f 9449 9501 9279
f 9499 9500 9451
f 9448 9449 9278
f 9452 9499 9450
f 9451 9448 9809
f 9128 9452 9454
f 9450 9451 9242
f 9133 9128 9132
f 9453 9133 9132
f 9454 9450 9810
f 9813 9132 9129
f 9129 9132 9454
f 9496 9497 9212
f 9455 9496 9211
f 9212 9453 9213
f 9202 9455 9188
f 9211 9212 9814
f 9495 9202 9458
f 9188 9211 9456
f 9494 9495 9457
f 9458 9188 9816
f 9150 9494 9151
f 9457 9458 9162
f 9115 9150 9459
f 9151 9457 9161
f 9460 9115 9097
f 9459 9151 9819
f 9493 9460 9462
f 9097 9459 9818
f 9072 9493 9464
f 9462 9097 9820
f 9463 9072 9461
f 9464 9462 9822
f 9033 9463 9034
f 9461 9464 9058
f 9465 9033 9466
f 9469 9465 9466
f 9034 9461 9823
f 9018 9466 9035
f 9035 9466 9034
f 9467 9468 9004
f 9003 9467 9471
f 9004 9469 9824
f 8988 9003 9470
f 9474 8988 9470
f 9471 9004 9826
f 8987 9470 9472
f 9472 9470 9471
f 9474 8951 9473
f 9474 8952 8951
f 9474 8987 8952
f 8952 8987 9475
f 9475 8987 8986
f 8953 8986 9861
f 9873 9861 9860
f 9871 9860 8983
f 8954 8983 8982
f 9476 8982 8981
f 9476 8954 8982
f 9481 9477 9478
f 9479 9481 9478
f 8921 9478 9828
f 9828 9478 8951
f 8920 8959 9431
f 8921 9830 9430
f 9432 8960 8920
f 9480 9481 8950
f 8950 9481 8959
f 9808 9473 9477
f 9480 9808 9477
f 9480 8989 9808
f 9480 9483 8989
f 8989 9483 9482
f 9482 9483 8948
f 9484 8948 9486
f 9485 9486 8947
f 8990 8947 8946
f 8991 8946 9487
f 8992 9487 9767
f 8993 9767 9488
f 9573 9488 8964
f 9597 8964 9489
f 8994 9489 9490
f 8995 9490 9613
f 8995 8994 9490
f 8951 9477 9473
f 8978 8988 8977
f 8977 8988 9473
f 9015 9003 8978
f 9017 9467 9015
f 9057 9465 9806
f 9806 9465 9468
f 9492 9033 9057
f 9491 9463 9492
f 9085 9072 9491
f 9096 9493 9085
f 9803 9460 9096
f 9149 9115 9803
f 9160 9150 9149
f 9186 9494 9160
f 9800 9495 9186
f 9201 9202 9800
f 9226 9455 9201
f 9227 9496 9226
f 9127 9133 9134
f 9134 9133 9497
f 9498 9128 9127
f 9799 9452 9498
f 9267 9499 9799
f 9276 9500 9267
f 9290 9277 9276
f 9501 9291 9444
f 9444 9291 9503
f 9502 9503 9302
f 9502 9444 9503
f 9504 9505 9550
f 9504 9506 9505
f 9504 9507 9506
f 9506 9507 9304
f 9508 9551 9441
f 9289 9508 9274
f 9441 9505 9768
f 9509 9289 9512
f 9274 9441 9275
f 9263 9509 9510
f 9512 9274 9511
f 9250 9263 9240
f 9510 9512 9264
f 9514 9250 9126
f 9240 9510 9513
f 9545 9514 9125
f 9516 9545 9125
f 9126 9240 9772
f 9223 9125 9136
f 9136 9125 9126
f 9209 9137 9515
f 9198 9209 9199
f 9515 9516 9517
f 9182 9198 9183
f 9199 9515 9210
f 9518 9182 9181
f 9183 9199 9775
f 9157 9518 9158
f 9181 9183 9774
f 9155 9157 9148
f 9158 9181 9776
f 9519 9155 9112
f 9148 9158 9777
f 9110 9519 9111
f 9112 9148 9778
f 9095 9110 9522
f 9111 9112 9520
f 9521 9095 9069
f 9522 9111 9084
f 9068 9521 9055
f 9069 9522 9070
f 9523 9068 9526
f 9055 9069 9056
f 9030 9523 9524
f 9044 9030 9524
f 9526 9055 9031
f 9043 9524 9525
f 9525 9524 9526
f 9537 9045 9013
f 9528 9537 8974
f 9013 9044 9527
f 9535 9528 8973
f 9485 9535 8973
f 8974 9013 9782
f 9484 8973 9529
f 9529 8973 8974
f 9485 8947 8990
f 9486 9485 9484
f 9533 8946 9530
f 8961 9533 9530
f 8918 9530 9783
f 9783 9530 8947
f 9531 9534 8917
f 8918 9532 8916
f 9487 9533 8945
f 8945 9533 9534
f 8991 8990 8946
f 8972 9535 9766
f 9766 9535 8990
f 9536 9528 8972
f 9012 9537 9536
f 9539 9030 9538
f 9538 9030 9045
f 9540 9523 9539
f 9082 9068 9540
f 9094 9521 9082
f 9109 9095 9094
f 9541 9110 9109
f 9542 9519 9541
f 9156 9155 9542
f 9543 9157 9156
f 9761 9518 9543
f 9197 9182 9761
f 9759 9198 9197
f 9138 9209 9759
f 9547 9545 9544
f 9544 9545 9137
f 9546 9514 9547
f 9249 9250 9546
f 9548 9263 9249
f 9273 9509 9548
f 9549 9289 9273
f 9440 9508 9549
f 9505 9551 9550
f 9550 9551 9440
f 9753 9550 9440
f 9753 8904 9550
f 9753 9552 8904
f 9288 9298 9553
f 9261 9288 9555
f 9553 9297 9754
f 9260 9261 9556
f 9555 9553 9756
f 9238 9260 9554
f 9556 9555 9262
f 9237 9238 9124
f 9554 9556 9757
f 9140 9237 9139
f 9557 9140 9139
f 9124 9554 9239
f 9222 9139 9758
f 9758 9139 9124
f 9558 9559 9560
f 9193 9558 9194
f 9560 9557 9760
f 9192 9193 9180
f 9194 9560 9196
f 9173 9192 9174
f 9180 9194 9195
f 9562 9173 9561
f 9174 9180 9175
f 9147 9562 9563
f 9561 9174 9762
f 9146 9147 9564
f 9563 9561 9565
f 9092 9146 9093
f 9564 9563 9108
f 9566 9092 9568
f 9093 9564 9763
f 9080 9566 9567
f 9568 9093 9083
f 9569 9080 9053
f 9567 9568 9081
f 9580 9569 9052
f 9053 9567 9054
f 9028 9580 9046
f 9571 9028 9046
f 9052 9053 9029
f 9765 9046 9764
f 9764 9046 9052
f 9570 9047 9000
f 8970 9570 8999
f 9000 9571 9002
f 9577 8970 9572
f 8993 9577 9572
f 8999 9000 9001
f 8992 9572 8971
f 8971 9572 8999
f 8993 9488 9573
f 9767 8993 8992
f 9574 9576 9575
f 9575 9576 9488
f 9597 9573 8964
f 8944 9489 8941
f 8969 9577 9578
f 9578 9577 9573
f 8998 8970 8969
f 9048 9570 8998
f 9051 9028 9595
f 9595 9028 9047
f 9579 9580 9051
f 9067 9569 9579
f 9079 9080 9067
f 9107 9566 9079
f 9145 9092 9107
f 9591 9146 9145
f 9154 9147 9591
f 9172 9562 9154
f 9581 9173 9172
f 9208 9192 9581
f 9220 9193 9208
f 9221 9558 9220
f 9582 9140 9141
f 9141 9140 9559
f 9587 9237 9582
f 9586 9238 9587
f 9585 9260 9586
f 9583 9261 9585
f 9287 9288 9583
f 9584 9286 9583
f 9272 9584 9585
f 9248 9272 9586
f 9236 9248 9587
f 9610 9236 9582
f 9609 9610 9141
f 9221 9609 9141
f 9219 9588 9220
f 9589 9219 9208
f 9179 9589 9581
f 9590 9179 9172
f 9170 9590 9154
f 9605 9170 9591
f 9592 9605 9145
f 9603 9592 9107
f 9602 9603 9079
f 9078 9602 9067
f 9593 9078 9579
f 9027 9593 9051
f 9594 9027 9595
f 9048 9594 9595
f 9011 9596 8998
f 8997 9011 8969
f 9598 8997 9578
f 9597 9598 9578
f 9597 9489 8994
f 8942 9490 8944
f 9599 8997 8968
f 9010 9011 9599
f 9615 9594 9600
f 9600 9594 9596
f 9601 9027 9615
f 9617 9593 9601
f 9090 9078 9617
f 9604 9602 9090
f 9618 9603 9604
f 9620 9592 9618
f 9606 9605 9620
f 9171 9170 9606
f 9623 9590 9171
f 9191 9179 9623
f 9607 9589 9191
f 9142 9219 9607
f 9627 9609 9608
f 9608 9609 9588
f 9235 9610 9627
f 9247 9236 9235
f 9612 9248 9247
f 9611 9272 9612
f 8894 8869 9613
f 8966 9614 8967
f 9614 9009 8968
f 9009 9025 9599
f 9066 9615 9630
f 9616 9601 9066
f 9631 9617 9616
f 9091 9090 9631
f 9106 9604 9091
f 9621 9618 9106
f 9619 9620 9621
f 9622 9606 9619
f 9635 9171 9622
f 9624 9623 9635
f 9217 9191 9624
f 9143 9607 9217
f 9625 9608 9626
f 9626 9608 9142
f 9628 9627 9625
f 9246 9235 9628
f 9026 9050 9629
f 9050 9064 9630
f 9064 9065 9066
f 9065 9077 9616
f 9077 9104 9631
f 9104 9632 9091
f 9632 9633 9106
f 9633 9634 9621
f 9634 9169 9619
f 9169 9178 9622
f 9178 9123 9635
f 9123 9207 9624
f 9207 9218 9217
f 8902 9626 9144
f 9144 9626 9143
f 8922 9636 9427
f 9637 8922 9427
f 9637 9429 8922
f 8922 9429 9862
f 9871 8955 9872
f 9872 8955 8956
f 8983 8954 9871
f 9870 9639 9638
f 9638 9639 8982
f 9007 8980 9870
f 9640 9021 9007
f 9038 9040 9641
f 9641 9040 9022
f 9642 9060 9038
f 9074 9063 9642
f 9643 9075 9074
f 9644 9101 9643
f 9118 9102 9644
f 9153 9119 9118
f 9164 9165 9153
f 9176 9167 9164
f 9645 9646 9176
f 9205 9189 9645
f 9231 9206 9205
f 9647 9232 9231
f 9651 9649 9648
f 9648 9649 9233
f 9254 9650 9651
f 9255 9258 9254
f 9652 9257 9255
f 9283 9270 9652
f 9293 9285 9283
f 9874 9294 9653
f 9658 9653 8939
f 9659 8939 8938
f 9656 8938 9708
f 9654 9708 9325
f 9654 9656 9708
f 9654 9655 9656
f 9654 9657 9655
f 9654 9324 9657
f 8931 9284 9874
f 9707 9874 9658
f 9706 9658 9659
f 9660 9659 9656
f 9655 9660 9656
f 9655 9662 9660
f 9655 9664 9662
f 9655 9657 9664
f 9661 8930 8931
f 9666 8931 9707
f 9667 9707 9706
f 9669 9706 9660
f 9662 9669 9660
f 9662 9663 9669
f 9662 9670 9663
f 9662 9664 9670
f 9670 9664 9327
f 9738 9327 9317
f 9318 9738 9317
f 9318 9319 9738
f 9318 9748 9319
f 9875 9665 9661
f 9705 9661 9666
f 9673 9666 9667
f 9668 9667 9669
f 9663 9668 9669
f 9663 9674 9668
f 9663 9671 9674
f 9663 9670 9671
f 9671 9670 9738
f 9319 9671 9738
f 9319 9737 9671
f 9319 9329 9737
f 9676 9256 9875
f 9703 9875 9705
f 9672 9705 9673
f 9677 9673 9668
f 9674 9677 9668
f 9674 9678 9677
f 9674 9737 9678
f 9674 9671 9737
f 9876 9675 9676
f 9704 9676 9703
f 9702 9703 9672
f 9321 9672 9677
f 9678 9321 9677
f 9678 9710 9321
f 9415 9420 9416
f 9723 9415 9413
f 9416 9423 9679
f 9681 9723 9408
f 9413 9416 9890
f 9680 9681 9682
f 9408 9413 9888
f 9720 9680 9683
f 9682 9408 9889
f 9719 9720 9400
f 9683 9682 9404
f 9395 9719 9396
f 9400 9683 9887
f 9684 9395 9391
f 9396 9400 9399
f 9718 9684 9685
f 9391 9396 9397
f 9386 9718 9688
f 9685 9391 9686
f 9381 9386 9687
f 9688 9685 9689
f 9690 9381 9380
f 9687 9688 9885
f 9372 9690 9691
f 9380 9687 9692
f 9369 9372 9693
f 9691 9380 9884
f 9714 9369 9357
f 9693 9691 9882
f 9349 9714 9694
f 9357 9693 9883
f 9712 9349 9695
f 9694 9357 9881
f 9696 9712 9698
f 9695 9694 9879
f 9339 9696 9701
f 9698 9695 9697
f 9700 9339 9338
f 9701 9698 9343
f 9699 9700 9332
f 9338 9701 9877
f 9321 9699 9702
f 9672 9321 9702
f 9332 9338 9878
f 9703 9702 9704
f 9704 9702 9332
f 9672 9673 9677
f 9705 9672 9703
f 9673 9667 9668
f 9666 9673 9705
f 9667 9706 9669
f 9707 9667 9666
f 9706 9659 9660
f 9658 9706 9707
f 9659 8938 9656
f 8939 9659 9658
f 8936 9708 9709
f 8939 8940 8937
f 9331 9699 9710
f 9711 9700 9331
f 9342 9339 9711
f 9345 9696 9342
f 9356 9712 9345
f 9713 9349 9356
f 9715 9714 9713
f 9376 9369 9715
f 9377 9372 9376
f 9731 9690 9377
f 9716 9381 9731
f 9729 9386 9716
f 9717 9718 9729
f 9394 9684 9717
f 9726 9395 9394
f 9725 9719 9726
f 9366 9720 9725
f 9722 9680 9366
f 9721 9681 9722
f 9418 9723 9721
f 9407 9412 9722
f 9724 9407 9366
f 9365 9724 9725
f 9403 9365 9726
f 9727 9403 9394
f 9728 9727 9717
f 9390 9728 9729
f 9730 9390 9716
f 9733 9730 9731
f 9732 9733 9377
f 9371 9732 9376
f 9743 9371 9715
f 9734 9743 9713
f 9355 9734 9356
f 9735 9355 9345
f 9740 9735 9342
f 9736 9740 9711
f 9337 9736 9331
f 9320 9337 9710
f 9737 9320 9678
f 9738 9670 9327
f 9739 9320 9329
f 9749 9337 9739
f 9341 9736 9749
f 9741 9740 9341
f 9353 9735 9741
f 9354 9355 9353
f 9368 9734 9354
f 9742 9743 9368
f 9375 9371 9742
f 9385 9732 9375
f 9744 9733 9385
f 9389 9730 9744
f 9745 9390 9389
f 9393 9728 9745
f 9398 9727 9393
f 9746 9403 9398
f 9747 9365 9746
f 9406 9724 9747
f 9315 9317 9327
f 9330 9329 9748
f 9336 9739 9330
f 9340 9749 9336
f 9750 9341 9340
f 9351 9741 9750
f 9352 9353 9351
f 9367 9354 9352
f 9359 9368 9367
f 9379 9742 9359
f 9383 9375 9379
f 9384 9385 9383
f 9388 9744 9384
f 9751 9389 9388
f 9362 9745 9751
f 9363 9393 9362
f 9364 9398 9363
f 9752 9746 9364
f 9549 9755 9753
f 9273 9754 9755
f 9548 9756 9754
f 9249 9262 9756
f 9546 9757 9262
f 9547 9239 9757
f 9138 9758 9544
f 9544 9758 9239
f 9759 9760 9222
f 9197 9196 9760
f 9761 9195 9196
f 9543 9175 9195
f 9156 9762 9175
f 9542 9565 9762
f 9541 9108 9565
f 9109 9763 9108
f 9094 9083 9763
f 9082 9081 9083
f 9540 9054 9081
f 9539 9029 9054
f 9012 9764 9538
f 9538 9764 9029
f 9536 9002 9765
f 8972 9001 9002
f 8991 8971 9766
f 9766 8971 9001
f 9487 8992 8991
f 8962 9575 8945
f 8945 9575 9767
f 9785 9768 9506
f 9769 9275 9768
f 9265 9511 9275
f 9252 9264 9511
f 9251 9513 9264
f 9770 9772 9513
f 9224 9136 9771
f 9771 9136 9772
f 9773 9517 9223
f 9788 9210 9517
f 9185 9775 9210
f 9184 9774 9775
f 9790 9776 9774
f 9789 9777 9776
f 9791 9778 9777
f 9792 9520 9778
f 9779 9084 9520
f 9780 9070 9084
f 9793 9056 9070
f 9795 9031 9056
f 9042 9525 9041
f 9041 9525 9031
f 9014 9527 9043
f 9796 9782 9527
f 9482 9529 9781
f 9781 9529 9782
f 8948 9484 9482
f 8919 9783 9784
f 9784 9783 9486
f 8919 9433 9532
f 9798 9769 9785
f 9266 9265 9769
f 9253 9252 9265
f 9241 9251 9252
f 9786 9770 9251
f 9135 9771 9787
f 9787 9771 9770
f 9225 9773 9224
f 9200 9788 9773
f 9187 9185 9788
f 9801 9184 9185
f 9159 9790 9184
f 9802 9789 9790
f 9114 9791 9789
f 9113 9792 9791
f 9804 9779 9792
f 9071 9780 9779
f 9805 9793 9780
f 9032 9795 9793
f 9016 9041 9794
f 9794 9041 9795
f 9807 9014 9042
f 8976 9796 9014
f 8989 9781 8975
f 8975 9781 9796
f 9797 9784 8949
f 8949 9784 8948
f 9276 9798 9303
f 9267 9266 9798
f 9799 9253 9266
f 9498 9241 9253
f 9127 9786 9241
f 9227 9787 9134
f 9134 9787 9786
f 9226 9225 9135
f 9201 9200 9225
f 9800 9187 9200
f 9186 9801 9187
f 9160 9159 9801
f 9149 9802 9159
f 9803 9114 9802
f 9096 9113 9114
f 9085 9804 9113
f 9491 9071 9804
f 9492 9805 9071
f 9057 9032 9805
f 9017 9794 9806
f 9806 9794 9032
f 9015 9807 9016
f 8978 8976 9807
f 9808 8975 8977
f 8977 8975 8976
f 8960 8949 8950
f 8950 8949 9483
f 9280 9279 9434
f 9268 9278 9279
f 9835 9809 9278
f 9243 9242 9809
f 9836 9810 9242
f 9228 9129 9811
f 9811 9129 9810
f 9812 9213 9813
f 9837 9814 9213
f 9203 9456 9814
f 9815 9816 9456
f 9838 9162 9816
f 9817 9161 9162
f 9116 9819 9161
f 9098 9818 9819
f 9086 9820 9818
f 9821 9822 9820
f 9842 9058 9822
f 9843 9823 9058
f 9019 9035 9036
f 9036 9035 9823
f 9005 9824 9018
f 9825 9826 9824
f 8986 9472 8985
f 8985 9472 9826
f 8958 9828 9827
f 9827 9828 8952
f 8958 9829 9830
f 9831 9436 9446
f 9833 9446 9832
f 9307 9833 9832
f 9307 9864 9833
f 9833 9864 9292
f 9831 9833 9292
f 9831 9446 9833
f 9846 9280 9436
f 9269 9268 9280
f 9848 9835 9268
f 9834 9243 9835
f 9130 9836 9243
f 9229 9811 9849
f 9849 9811 9836
f 9851 9812 9228
f 9214 9837 9812
f 9852 9203 9837
f 9854 9815 9203
f 9163 9838 9815
f 9839 9817 9838
f 9855 9116 9817
f 9099 9098 9116
f 9088 9086 9098
f 9073 9821 9086
f 9840 9842 9821
f 9841 9843 9842
f 9858 9036 9856
f 9856 9036 9843
f 9006 9005 9019
f 8979 9825 9005
f 9861 8985 9844
f 9844 8985 9825
f 8953 9475 8986
f 8957 9827 9845
f 9845 9827 9475
f 9282 9846 9831
f 9281 9269 9846
f 9847 9848 9269
f 9244 9834 9848
f 9865 9130 9834
f 9230 9849 9866
f 9866 9849 9130
f 9850 9851 9229
f 9204 9214 9851
f 9867 9852 9214
f 9853 9854 9852
f 9868 9163 9854
f 9152 9839 9163
f 9117 9855 9839
f 9100 9099 9855
f 9089 9088 9099
f 9087 9073 9088
f 9059 9840 9073
f 9037 9841 9840
f 9020 9856 9869
f 9869 9856 9841
f 9857 9006 9858
f 9859 8979 9006
f 9860 9844 8984
f 8984 9844 8979
f 9873 8953 9861
f 9862 9845 9863
f 9863 9845 8953
f 9293 9292 9864
f 9283 9282 9292
f 9652 9281 9282
f 9255 9847 9281
f 9254 9244 9847
f 9651 9865 9244
f 9647 9866 9648
f 9648 9866 9865
f 9231 9850 9230
f 9205 9204 9850
f 9645 9867 9204
f 9176 9853 9867
f 9164 9868 9853
f 9153 9152 9868
f 9118 9117 9152
f 9644 9100 9117
f 9643 9089 9100
f 9074 9087 9089
f 9642 9059 9087
f 9038 9037 9059
f 9640 9869 9641
f 9641 9869 9037
f 9007 9857 9020
f 9870 9859 9857
f 8983 8984 9638
f 9638 8984 9859
f 9871 9873 9860
f 9636 9863 9872
f 9872 9863 9873
f 9658 9874 9653
f 9707 8931 9874
f 9666 9661 8931
f 9705 9875 9661
f 9703 9676 9875
f 9878 9876 9704
f 9704 9876 9676
f 9877 9334 9878
f 9343 9333 9877
f 9697 9344 9343
f 9879 9347 9697
f 9881 9346 9879
f 9883 9880 9881
f 9882 9370 9883
f 9884 9373 9882
f 9692 9374 9884
f 9885 9378 9692
f 9689 9382 9885
f 9686 9886 9689
f 9397 9392 9686
f 9399 8927 9397
f 9887 9402 9399
f 9404 9401 9887
f 9889 9405 9404
f 9888 9410 9889
f 9890 9891 9888
f 9679 9414 9890
f 9421 9417 9679

