# 3ds Max Wavefront OBJ Exporter v0.97b - (c)2007 guruware
# File Created: 07.08.2018 11:05:55

mtllib ionisationchamber.mtl

#
# object Cylinder001
#

v  -0.6454 37.8494 2.5425
v  -0.8050 36.7322 1.9501
v  -3.4002 35.5379 0.8609
v  -1.7734 37.8863 1.9501
v  -0.7447 35.3435 1.6577
v  -3.9552 33.4900 0.4939
v  -5.5134 35.3470 0.4939
v  -3.1305 38.1868 1.6577
v  -10.0000 30.0000 -0.5202
v  0.4277 34.5970 1.9501
v  1.4751 34.1766 2.5425
v  0.9430 33.1813 1.9501
v  -1.9041 32.9467 0.8609
v  0.5247 31.8558 1.6577
v  -3.1261 31.2121 0.4939
v  2.2115 30.0000 2.5425
v  1.3711 29.2467 1.9501
v  -1.3846 30.0000 0.8609
v  1.3711 30.7533 1.9501
v  0.5247 28.1442 1.6577
v  -3.1261 28.7879 0.4939
v  0.9430 26.8187 1.9501
v  1.4751 25.8234 2.5425
v  0.4277 25.4030 1.9501
v  -1.9041 27.0533 0.8609
v  -0.7447 24.6565 1.6577
v  -3.9552 26.5100 0.4939
v  -0.6454 22.1506 2.5425
v  -1.7734 22.1137 1.9501
v  -3.4002 24.4621 0.8609
v  -0.8050 23.2678 1.9501
v  -3.1305 21.8132 1.6577
v  -5.5134 24.6530 0.4939
v  -3.6621 20.5289 1.9501
v  -3.8943 19.4245 2.5425
v  -4.9668 19.7757 1.9501
v  -5.6923 22.5388 0.8608
v  -6.3448 19.9574 1.6577
v  -7.6127 23.4410 0.4939
v  -7.8795 17.9740 2.5425
v  -8.7673 18.6708 1.9501
v  -8.5039 21.5154 0.8608
v  -7.2836 18.9324 1.9501
v  -10.0000 19.3129 1.6577
v  -10.0000 23.0200 0.4939
v  -11.2327 18.6708 1.9501
v  -12.1205 17.9740 2.5425
v  -12.7164 18.9324 1.9501
v  -11.4961 21.5154 0.8608
v  -13.6552 19.9574 1.6577
v  -12.3873 23.4410 0.4939
v  -16.1058 19.4245 2.5425
v  -16.3379 20.5290 1.9501
v  -14.3077 22.5388 0.8608
v  -15.0332 19.7757 1.9501
v  -16.8695 21.8132 1.6577
v  -14.4866 24.6530 0.4939
v  -18.2266 22.1137 1.9501
v  -19.3546 22.1506 2.5425
v  -19.1950 23.2678 1.9501
v  -16.5998 24.4621 0.8609
v  -19.2553 24.6565 1.6577
v  -16.0448 26.5100 0.4939
v  -21.4751 25.8234 2.5425
v  -20.9430 26.8187 1.9501
v  -18.0959 27.0533 0.8609
v  -20.4277 25.4030 1.9501
v  -20.5247 28.1442 1.6577
v  -16.8739 28.7879 0.4939
v  -21.3711 29.2467 1.9501
v  -22.2115 30.0000 2.5425
v  -21.3711 30.7533 1.9501
v  -18.6154 30.0000 0.8609
v  -20.5247 31.8558 1.6577
v  -16.8739 31.2121 0.4939
v  -21.4751 34.1766 2.5425
v  -20.4277 34.5970 1.9501
v  -18.0959 32.9467 0.8609
v  -20.9430 33.1813 1.9501
v  -19.2553 35.3435 1.6577
v  -16.0448 33.4900 0.4939
v  -19.1950 36.7322 1.9501
v  -19.3546 37.8494 2.5425
v  -18.2266 37.8863 1.9501
v  -16.5998 35.5379 0.8609
v  -16.8695 38.1868 1.6577
v  -14.4866 35.3470 0.4939
v  -16.1058 40.5755 2.5425
v  -15.0332 40.2243 1.9501
v  -14.3077 37.4612 0.8609
v  -16.3379 39.4710 1.9501
v  -13.6552 40.0426 1.6577
v  -12.3873 36.5590 0.4939
v  -12.7164 41.0676 1.9501
v  -12.1205 42.0260 2.5425
v  -11.2327 41.3292 1.9501
v  -11.4961 38.4846 0.8609
v  -10.0000 40.6871 1.6577
v  -10.0000 36.9800 0.4939
v  -7.8795 42.0260 2.5425
v  -7.2836 41.0676 1.9501
v  -8.5039 38.4846 0.8609
v  -8.7673 41.3292 1.9501
v  -6.3448 40.0426 1.6577
v  -7.6127 36.5590 0.4939
v  -4.9668 40.2243 1.9501
v  -3.8942 40.5755 2.5425
v  -3.6621 39.4711 1.9501
v  -5.6923 37.4612 0.8609
v  3.1917 31.1116 3.7503
v  3.4833 30.0000 3.9108
v  2.7962 32.2563 3.5898
v  4.2140 31.2329 6.1816
v  4.3290 30.0000 6.2217
v  3.9901 32.4668 6.1415
v  2.6702 34.6116 3.9108
v  2.7763 33.4673 3.7503
v  3.4649 34.9008 6.2217
v  3.7785 33.7029 6.1816
v  3.7726 35.0128 12.4011
v  4.1565 33.7933 12.4011
v  4.1321 33.7868 9.1644
v  3.7488 35.0041 9.1644
v  4.4329 32.5449 12.4011
v  4.4080 32.5405 9.1644
v  4.6001 31.2773 12.4011
v  4.6565 30.0000 12.4011
v  4.6311 30.0000 9.1644
v  4.5749 31.2751 9.1644
v  2.0160 35.5564 3.7503
v  1.2528 36.4968 3.5898
v  2.9351 36.0200 6.1816
v  2.3027 37.1030 6.1415
v  0.3288 38.6669 3.9108
v  0.8200 37.6279 3.7503
v  0.9767 39.2105 6.2217
v  1.6810 38.1921 6.1816
v  1.2275 39.4210 12.4011
v  2.0054 38.4063 12.4011
v  1.9846 38.3918 9.1644
v  1.2081 39.4047 9.1644
v  2.6921 37.3278 12.4011
v  2.6702 37.3151 9.1644
v  3.2828 36.1938 12.4011
v  3.2599 36.1831 9.1644
v  -0.6091 39.3310 3.7503
v  -1.6479 39.9537 3.5898
v  0.0961 40.0810 6.1816
v  -0.8686 40.8824 6.1415
v  -3.2583 41.6769 3.9108
v  -2.4415 40.8685 3.7503
v  -2.8355 42.4093 6.2217
v  -1.8253 41.6933 6.1816
v  -2.6718 42.6929 12.4011
v  -1.5938 42.0055 12.4011
v  -1.6083 41.9847 9.1644
v  -2.6844 42.6709 9.1644
v  -0.5796 41.2268 12.4011
v  -0.5958 41.2074 9.1644
v  0.3633 40.3632 12.4011
v  0.3455 40.3453 9.1644
v  -4.3668 41.9801 3.7503
v  -5.5559 42.2100 3.5898
v  -3.9607 42.9261 6.1816
v  -5.1413 43.3492 6.1415
v  -7.6586 43.2785 3.9108
v  -6.6146 42.7983 3.7503
v  -7.5118 44.1113 6.2217
v  -6.3176 43.7840 6.1816
v  -7.4549 44.4338 12.4011
v  -6.2068 44.1565 12.4011
v  -6.2134 44.1321 9.1644
v  -7.4593 44.4089 9.1644
v  -4.9875 43.7717 12.4011
v  -4.9962 43.7480 9.1644
v  -3.8061 43.2827 12.4011
v  -3.8168 43.2598 9.1644
v  -8.8040 43.1843 3.7503
v  -10.0000 42.9936 3.5898
v  -8.7459 44.2122 6.1816
v  -10.0000 44.2059 6.1415
v  -12.3414 43.2785 3.9108
v  -11.1960 43.1843 3.7503
v  -12.4882 44.1113 6.2217
v  -11.2541 44.2122 6.1816
v  -12.5451 44.4338 12.4011
v  -11.2774 44.6001 12.4011
v  -11.2752 44.5749 9.1644
v  -12.5407 44.4089 9.1644
v  -10.0000 44.6556 12.4011
v  -10.0000 44.6303 9.1644
v  -8.7226 44.6001 12.4011
v  -8.7248 44.5749 9.1644
v  -13.3854 42.7983 3.7503
v  -14.4441 42.2100 3.5898
v  -13.6824 43.7840 6.1816
v  -14.8587 43.3492 6.1415
v  -16.7417 41.6769 3.9108
v  -15.6332 41.9801 3.7503
v  -17.1645 42.4093 6.2217
v  -16.0393 42.9261 6.1816
v  -17.3282 42.6929 12.4011
v  -16.1939 43.2827 12.4011
v  -16.1832 43.2598 9.1644
v  -17.3156 42.6709 9.1644
v  -15.0125 43.7717 12.4011
v  -15.0039 43.7480 9.1644
v  -13.7932 44.1565 12.4011
v  -13.7866 44.1321 9.1644
v  -17.5585 40.8685 3.7503
v  -18.3521 39.9537 3.5898
v  -18.1747 41.6933 6.1816
v  -19.1314 40.8824 6.1415
v  -20.3288 38.6669 3.9108
v  -19.3909 39.3310 3.7503
v  -20.9767 39.2105 6.2217
v  -20.0961 40.0810 6.1816
v  -21.2275 39.4210 12.4011
v  -20.3633 40.3632 12.4011
v  -20.3455 40.3453 9.1644
v  -21.2081 39.4047 9.1644
v  -19.4204 41.2268 12.4011
v  -19.4042 41.2074 9.1644
v  -18.4062 42.0055 12.4011
v  -18.3917 41.9847 9.1644
v  -20.8200 37.6279 3.7503
v  -21.2528 36.4968 3.5898
v  -21.6810 38.1922 6.1816
v  -22.3027 37.1030 6.1415
v  -22.6702 34.6116 3.9108
v  -22.0160 35.5564 3.7503
v  -23.4649 34.9008 6.2217
v  -22.9351 36.0200 6.1816
v  -23.7726 35.0128 12.4011
v  -23.2828 36.1938 12.4011
v  -23.2599 36.1831 9.1644
v  -23.7488 35.0041 9.1644
v  -22.6921 37.3278 12.4011
v  -22.6702 37.3151 9.1644
v  -22.0054 38.4063 12.4011
v  -21.9846 38.3918 9.1644
v  -22.7763 33.4673 3.7503
v  -22.7962 32.2563 3.5898
v  -23.7785 33.7029 6.1816
v  -23.9901 32.4668 6.1415
v  -23.4833 30.0000 3.9108
v  -23.1917 31.1116 3.7503
v  -24.3290 30.0000 6.2217
v  -24.2140 31.2329 6.1816
v  -24.6565 30.0000 12.4011
v  -24.6001 31.2773 12.4011
v  -24.5749 31.2751 9.1644
v  -24.6311 30.0000 9.1644
v  -24.4329 32.5449 12.4011
v  -24.4080 32.5405 9.1644
v  -24.1565 33.7933 12.4011
v  -24.1321 33.7868 9.1644
v  -23.1917 28.8884 3.7503
v  -22.7962 27.7437 3.5898
v  -24.2140 28.7671 6.1816
v  -23.9901 27.5332 6.1415
v  -22.6702 25.3884 3.9108
v  -22.7763 26.5327 3.7503
v  -23.4649 25.0992 6.2217
v  -23.7785 26.2971 6.1816
v  -23.7726 24.9872 12.4011
v  -24.1565 26.2067 12.4011
v  -24.1321 26.2132 9.1644
v  -23.7488 24.9959 9.1644
v  -24.4329 27.4551 12.4011
v  -24.4080 27.4595 9.1644
v  -24.6001 28.7227 12.4011
v  -24.5749 28.7249 9.1644
v  -22.0160 24.4436 3.7503
v  -21.2528 23.5032 3.5898
v  -22.9351 23.9800 6.1816
v  -22.3027 22.8970 6.1415
v  -20.3288 21.3331 3.9108
v  -20.8200 22.3721 3.7503
v  -20.9767 20.7895 6.2217
v  -21.6810 21.8079 6.1816
v  -21.2275 20.5790 12.4011
v  -22.0054 21.5937 12.4011
v  -21.9847 21.6082 9.1644
v  -21.2081 20.5953 9.1644
v  -22.6921 22.6722 12.4011
v  -22.6702 22.6849 9.1644
v  -23.2828 23.8062 12.4011
v  -23.2599 23.8169 9.1644
v  -19.3909 20.6690 3.7503
v  -18.3521 20.0463 3.5898
v  -20.0961 19.9190 6.1816
v  -19.1314 19.1176 6.1415
v  -16.7417 18.3231 3.9108
v  -17.5585 19.1315 3.7503
v  -17.1645 17.5907 6.2217
v  -18.1747 18.3067 6.1816
v  -17.3282 17.3071 12.4011
v  -18.4062 17.9945 12.4011
v  -18.3917 18.0153 9.1644
v  -17.3156 17.3291 9.1644
v  -19.4204 18.7732 12.4011
v  -19.4042 18.7926 9.1644
v  -20.3633 19.6368 12.4011
v  -20.3455 19.6547 9.1644
v  -15.6332 18.0198 3.7503
v  -14.4441 17.7900 3.5898
v  -16.0393 17.0739 6.1816
v  -14.8587 16.6508 6.1415
v  -12.3414 16.7215 3.9108
v  -13.3854 17.2017 3.7503
v  -12.4882 15.8887 6.2217
v  -13.6824 16.2160 6.1816
v  -12.5451 15.5662 12.4011
v  -13.7932 15.8435 12.4011
v  -13.7866 15.8679 9.1644
v  -12.5407 15.5911 9.1644
v  -15.0125 16.2283 12.4011
v  -15.0039 16.2520 9.1644
v  -16.1939 16.7173 12.4011
v  -16.1832 16.7402 9.1644
v  -11.1960 16.8157 3.7503
v  -10.0000 17.0064 3.5898
v  -11.2541 15.7878 6.1816
v  -10.0000 15.7941 6.1415
v  -7.6587 16.7215 3.9108
v  -8.8040 16.8157 3.7503
v  -7.5118 15.8887 6.2217
v  -8.7459 15.7878 6.1816
v  -7.4549 15.5662 12.4011
v  -8.7226 15.3999 12.4011
v  -8.7248 15.4251 9.1644
v  -7.4593 15.5911 9.1644
v  -10.0000 15.3444 12.4011
v  -10.0000 15.3697 9.1644
v  -11.2774 15.3999 12.4011
v  -11.2752 15.4251 9.1644
v  -6.6146 17.2017 3.7503
v  -5.5559 17.7900 3.5898
v  -6.3176 16.2160 6.1816
v  -5.1413 16.6508 6.1415
v  -3.2583 18.3231 3.9108
v  -4.3668 18.0198 3.7503
v  -2.8355 17.5907 6.2217
v  -3.9607 17.0739 6.1816
v  -2.6718 17.3071 12.4011
v  -3.8061 16.7173 12.4011
v  -3.8168 16.7402 9.1644
v  -2.6844 17.3290 9.1644
v  -4.9875 16.2282 12.4011
v  -4.9962 16.2520 9.1644
v  -6.2069 15.8435 12.4011
v  -6.2134 15.8679 9.1644
v  -2.4415 19.1314 3.7503
v  -1.6479 20.0463 3.5898
v  -1.8253 18.3067 6.1816
v  -0.8686 19.1176 6.1415
v  0.3288 21.3331 3.9108
v  -0.6091 20.6690 3.7503
v  0.9767 20.7895 6.2217
v  0.0961 19.9190 6.1816
v  1.2275 20.5790 12.4011
v  0.3633 19.6367 12.4011
v  0.3454 19.6546 9.1644
v  1.2081 20.5953 9.1644
v  -0.5796 18.7732 12.4011
v  -0.5958 18.7925 9.1644
v  -1.5938 17.9945 12.4011
v  -1.6083 18.0153 9.1644
v  0.8199 22.3721 3.7503
v  1.2528 23.5032 3.5898
v  1.6810 21.8078 6.1816
v  2.3027 22.8970 6.1415
v  2.6702 25.3884 3.9108
v  2.0159 24.4436 3.7503
v  3.4649 25.0992 6.2217
v  2.9351 23.9800 6.1816
v  3.7726 24.9872 12.4011
v  3.2828 23.8062 12.4011
v  3.2599 23.8169 9.1644
v  3.7488 24.9958 9.1644
v  2.6921 22.6722 12.4011
v  2.6702 22.6848 9.1644
v  2.0054 21.5936 12.4011
v  1.9846 21.6082 9.1644
v  2.7763 26.5327 3.7503
v  2.7962 27.7437 3.5898
v  3.7785 26.2970 6.1816
v  3.9901 27.5332 6.1415
v  3.1917 28.8884 3.7503
v  4.2140 28.7671 6.1816
v  4.6001 28.7227 12.4011
v  4.5749 28.7249 9.1644
v  4.4329 27.4551 12.4011
v  4.4080 27.4595 9.1644
v  4.1565 26.2067 12.4011
v  4.1321 26.2132 9.1644
v  4.6153 31.2786 15.5942
v  4.6716 30.0000 15.5942
v  4.4479 32.5476 15.5942
v  4.6228 31.2793 18.7545
v  4.6792 30.0000 18.7545
v  4.4554 32.5489 18.7545
v  3.7868 35.0180 15.5942
v  4.1712 33.7972 15.5942
v  3.7940 35.0206 18.7545
v  4.1785 33.7992 18.7545
v  3.7963 35.0215 25.0206
v  4.1809 33.7998 25.0206
v  4.1809 33.7998 21.8930
v  3.7963 35.0215 21.8930
v  4.4578 32.5493 25.0206
v  4.4578 32.5493 21.8930
v  4.6254 31.2795 25.0206
v  4.6818 30.0000 25.0206
v  4.6818 30.0000 21.8930
v  4.6254 31.2795 21.8930
v  3.2966 36.2002 15.5942
v  2.7053 37.3354 15.5942
v  3.3034 36.2034 18.7545
v  2.7118 37.3392 18.7545
v  1.2391 39.4307 15.5942
v  2.0178 38.4151 15.5942
v  1.2449 39.4356 18.7545
v  2.0240 38.4194 18.7545
v  1.2469 39.4372 25.0206
v  2.0261 38.4209 25.0206
v  2.0261 38.4209 21.8930
v  1.2469 39.4372 21.8930
v  2.7140 37.3404 25.0206
v  2.7140 37.3404 21.8930
v  3.3057 36.2045 25.0206
v  3.3057 36.2045 21.8930
v  0.3741 40.3740 15.5942
v  -0.5698 41.2385 15.5942
v  0.3794 40.3793 18.7545
v  -0.5649 41.2443 18.7545
v  -2.6642 42.7060 15.5942
v  -1.5851 42.0179 15.5942
v  -2.6604 42.7126 18.7545
v  -1.5807 42.0241 18.7545
v  -2.6591 42.7148 25.0206
v  -1.5793 42.0262 25.0206
v  -1.5793 42.0262 21.8930
v  -2.6591 42.7148 21.8930
v  -0.5633 41.2462 25.0206
v  -0.5633 41.2462 21.8930
v  0.3812 40.3811 25.0206
v  0.3812 40.3811 21.8930
v  -3.7997 43.2965 15.5942
v  -4.9823 43.7860 15.5942
v  -3.7965 43.3034 18.7545
v  -4.9797 43.7931 18.7545
v  -7.4523 44.4487 15.5942
v  -6.2029 44.1712 15.5942
v  -7.4510 44.4562 18.7545
v  -6.2010 44.1785 18.7545
v  -7.4505 44.4587 25.0206
v  -6.2003 44.1810 25.0206
v  -6.2003 44.1810 21.8930
v  -7.4505 44.4587 21.8930
v  -4.9788 43.7955 25.0206
v  -4.9788 43.7955 21.8930
v  -3.7954 43.3057 25.0206
v  -3.7954 43.3057 21.8930
v  -8.7213 44.6153 15.5942
v  -10.0000 44.6708 15.5942
v  -8.7206 44.6228 18.7545
v  -10.0000 44.6784 18.7545
v  -12.5477 44.4487 15.5942
v  -11.2787 44.6153 15.5942
v  -12.5490 44.4562 18.7545
v  -11.2794 44.6228 18.7545
v  -12.5495 44.4587 25.0206
v  -11.2796 44.6253 25.0206
v  -11.2796 44.6253 21.8930
v  -12.5495 44.4587 21.8930
v  -10.0000 44.6809 25.0206
v  -10.0000 44.6809 21.8930
v  -8.7204 44.6253 25.0206
v  -8.7204 44.6253 21.8930
v  -13.7971 44.1712 15.5942
v  -15.0177 43.7860 15.5942
v  -13.7991 44.1785 18.7545
v  -15.0203 43.7931 18.7545
v  -17.3358 42.7060 15.5942
v  -16.2003 43.2965 15.5942
v  -17.3396 42.7126 18.7545
v  -16.2035 43.3034 18.7545
v  -17.3409 42.7148 25.0206
v  -16.2046 43.3057 25.0206
v  -16.2046 43.3057 21.8930
v  -17.3409 42.7148 21.8930
v  -15.0212 43.7955 25.0206
v  -15.0212 43.7955 21.8930
v  -13.7997 44.1810 25.0206
v  -13.7997 44.1810 21.8930
v  -18.4149 42.0179 15.5942
v  -19.4302 41.2385 15.5942
v  -18.4193 42.0241 18.7545
v  -19.4351 41.2443 18.7545
v  -21.2391 39.4307 15.5942
v  -20.3741 40.3740 15.5942
v  -21.2449 39.4356 18.7545
v  -20.3795 40.3793 18.7545
v  -21.2469 39.4372 25.0206
v  -20.3812 40.3811 25.0206
v  -20.3812 40.3811 21.8930
v  -21.2469 39.4372 21.8930
v  -19.4367 41.2462 25.0206
v  -19.4367 41.2462 21.8930
v  -18.4207 42.0262 25.0206
v  -18.4207 42.0262 21.8930
v  -22.0178 38.4151 15.5942
v  -22.7053 37.3354 15.5942
v  -22.0240 38.4194 18.7545
v  -22.7118 37.3392 18.7545
v  -23.7868 35.0180 15.5942
v  -23.2966 36.2002 15.5942
v  -23.7940 35.0206 18.7545
v  -23.3034 36.2034 18.7545
v  -23.7963 35.0215 25.0206
v  -23.3057 36.2045 25.0206
v  -23.3057 36.2045 21.8930
v  -23.7963 35.0215 21.8930
v  -22.7140 37.3404 25.0206
v  -22.7140 37.3404 21.8930
v  -22.0261 38.4209 25.0206
v  -22.0261 38.4209 21.8930
v  -24.1712 33.7972 15.5942
v  -24.4479 32.5476 15.5942
v  -24.1785 33.7992 18.7545
v  -24.4554 32.5489 18.7545
v  -24.6716 30.0000 15.5942
v  -24.6153 31.2786 15.5942
v  -24.6792 30.0000 18.7545
v  -24.6228 31.2793 18.7545
v  -24.6818 30.0000 25.0206
v  -24.6254 31.2795 25.0206
v  -24.6254 31.2795 21.8930
v  -24.6818 30.0000 21.8930
v  -24.4578 32.5493 25.0206
v  -24.4578 32.5493 21.8930
v  -24.1809 33.7998 25.0206
v  -24.1809 33.7998 21.8930
v  -24.6153 28.7214 15.5942
v  -24.4479 27.4524 15.5942
v  -24.6228 28.7207 18.7545
v  -24.4554 27.4511 18.7545
v  -23.7868 24.9820 15.5942
v  -24.1712 26.2028 15.5942
v  -23.7940 24.9794 18.7545
v  -24.1785 26.2008 18.7545
v  -23.7963 24.9785 25.0206
v  -24.1809 26.2001 25.0206
v  -24.1809 26.2001 21.8930
v  -23.7963 24.9785 21.8930
v  -24.4578 27.4507 25.0206
v  -24.4578 27.4507 21.8930
v  -24.6254 28.7205 25.0206
v  -24.6254 28.7205 21.8930
v  -23.2966 23.7998 15.5942
v  -22.7053 22.6646 15.5942
v  -23.3034 23.7966 18.7545
v  -22.7118 22.6608 18.7545
v  -21.2391 20.5693 15.5942
v  -22.0178 21.5849 15.5942
v  -21.2449 20.5644 18.7545
v  -22.0240 21.5806 18.7545
v  -21.2469 20.5627 25.0206
v  -22.0261 21.5791 25.0206
v  -22.0261 21.5791 21.8930
v  -21.2469 20.5627 21.8930
v  -22.7140 22.6596 25.0206
v  -22.7140 22.6596 21.8930
v  -23.3057 23.7955 25.0206
v  -23.3057 23.7955 21.8930
v  -20.3741 19.6260 15.5942
v  -19.4302 18.7615 15.5942
v  -20.3795 19.6207 18.7545
v  -19.4351 18.7557 18.7545
v  -17.3358 17.2940 15.5942
v  -18.4149 17.9821 15.5942
v  -17.3396 17.2874 18.7545
v  -18.4193 17.9759 18.7545
v  -17.3409 17.2852 25.0206
v  -18.4207 17.9738 25.0206
v  -18.4207 17.9738 21.8930
v  -17.3409 17.2852 21.8930
v  -19.4367 18.7538 25.0206
v  -19.4367 18.7538 21.8930
v  -20.3812 19.6189 25.0206
v  -20.3812 19.6189 21.8930
v  -16.2003 16.7035 15.5942
v  -15.0177 16.2140 15.5942
v  -16.2036 16.6966 18.7545
v  -15.0203 16.2069 18.7545
v  -12.5477 15.5513 15.5942
v  -13.7971 15.8288 15.5942
v  -12.5490 15.5438 18.7545
v  -13.7991 15.8215 18.7545
v  -12.5495 15.5413 25.0206
v  -13.7997 15.8190 25.0206
v  -13.7997 15.8190 21.8930
v  -12.5495 15.5413 21.8930
v  -15.0212 16.2045 25.0206
v  -15.0212 16.2045 21.8930
v  -16.2046 16.6943 25.0206
v  -16.2046 16.6943 21.8930
v  -11.2788 15.3847 15.5942
v  -10.0000 15.3292 15.5942
v  -11.2794 15.3772 18.7545
v  -10.0000 15.3216 18.7545
v  -7.4523 15.5513 15.5942
v  -8.7213 15.3847 15.5942
v  -7.4510 15.5438 18.7545
v  -8.7206 15.3772 18.7545
v  -7.4505 15.5413 25.0206
v  -8.7204 15.3747 25.0206
v  -8.7204 15.3747 21.8930
v  -7.4505 15.5413 21.8930
v  -10.0000 15.3191 25.0206
v  -10.0000 15.3191 21.8930
v  -11.2796 15.3747 25.0206
v  -11.2796 15.3747 21.8930
v  -6.2029 15.8288 15.5942
v  -4.9823 16.2140 15.5942
v  -6.2010 15.8215 18.7545
v  -4.9797 16.2069 18.7545
v  -2.6642 17.2940 15.5942
v  -3.7997 16.7035 15.5942
v  -2.6604 17.2874 18.7545
v  -3.7965 16.6966 18.7545
v  -2.6591 17.2852 25.0206
v  -3.7954 16.6943 25.0206
v  -3.7954 16.6943 21.8930
v  -2.6591 17.2852 21.8930
v  -4.9788 16.2045 25.0206
v  -4.9788 16.2045 21.8930
v  -6.2003 15.8190 25.0206
v  -6.2003 15.8190 21.8930
v  -1.5851 17.9821 15.5942
v  -0.5698 18.7615 15.5942
v  -1.5807 17.9759 18.7545
v  -0.5649 18.7557 18.7545
v  1.2391 20.5692 15.5942
v  0.3741 19.6260 15.5942
v  1.2449 20.5644 18.7545
v  0.3794 19.6206 18.7545
v  1.2469 20.5627 25.0206
v  0.3812 19.6189 25.0206
v  0.3812 19.6189 21.8930
v  1.2469 20.5627 21.8930
v  -0.5633 18.7538 25.0206
v  -0.5633 18.7538 21.8930
v  -1.5793 17.9738 25.0206
v  -1.5793 17.9738 21.8930
v  2.0178 21.5849 15.5942
v  2.7052 22.6646 15.5942
v  2.0240 21.5806 18.7545
v  2.7118 22.6608 18.7545
v  3.7868 24.9820 15.5942
v  3.2966 23.7998 15.5942
v  3.7940 24.9794 18.7545
v  3.3034 23.7966 18.7545
v  3.7963 24.9785 25.0206
v  3.3057 23.7955 25.0206
v  3.3057 23.7955 21.8930
v  3.7963 24.9785 21.8930
v  2.7140 22.6595 25.0206
v  2.7140 22.6595 21.8930
v  2.0261 21.5791 25.0206
v  2.0261 21.5791 21.8930
v  4.1712 26.2028 15.5942
v  4.4479 27.4524 15.5942
v  4.1785 26.2008 18.7545
v  4.4554 27.4511 18.7545
v  4.6153 28.7214 15.5942
v  4.6228 28.7207 18.7545
v  4.6254 28.7205 25.0206
v  4.6254 28.7205 21.8930
v  4.4578 27.4507 25.0206
v  4.4578 27.4507 21.8930
v  4.1809 26.2001 25.0206
v  4.1809 26.2001 21.8930
v  4.6254 31.2795 28.1481
v  4.6818 30.0000 28.1481
v  4.4578 32.5493 28.1481
v  4.6254 31.2795 31.2757
v  4.6818 30.0000 31.2757
v  4.4578 32.5493 31.2757
v  3.7963 35.0215 28.1481
v  4.1809 33.7998 28.1481
v  3.7963 35.0215 31.2757
v  4.1809 33.7998 31.2757
v  3.7963 35.0215 37.5308
v  4.1809 33.7998 37.5308
v  4.1809 33.7998 34.4033
v  3.7963 35.0215 34.4033
v  4.4578 32.5493 37.5308
v  4.4578 32.5493 34.4033
v  4.6254 31.2795 37.5308
v  4.6818 30.0000 37.5308
v  4.6818 30.0000 34.4033
v  4.6254 31.2795 34.4033
v  3.3057 36.2045 28.1481
v  2.7140 37.3404 28.1481
v  3.3057 36.2045 31.2757
v  2.7140 37.3404 31.2757
v  1.2469 39.4372 28.1481
v  2.0261 38.4209 28.1481
v  1.2469 39.4372 31.2757
v  2.0261 38.4209 31.2757
v  1.2469 39.4372 37.5308
v  2.0261 38.4209 37.5308
v  2.0261 38.4209 34.4033
v  1.2469 39.4372 34.4033
v  2.7140 37.3404 37.5308
v  2.7140 37.3404 34.4033
v  3.3057 36.2045 37.5308
v  3.3057 36.2045 34.4033
v  0.3812 40.3811 28.1481
v  -0.5633 41.2462 28.1481
v  0.3812 40.3811 31.2757
v  -0.5633 41.2462 31.2757
v  -2.6591 42.7148 28.1481
v  -1.5793 42.0262 28.1481
v  -2.6591 42.7148 31.2757
v  -1.5793 42.0262 31.2757
v  -2.6591 42.7148 37.5308
v  -1.5793 42.0262 37.5308
v  -1.5793 42.0262 34.4033
v  -2.6591 42.7148 34.4033
v  -0.5633 41.2462 37.5308
v  -0.5633 41.2462 34.4033
v  0.3812 40.3811 37.5308
v  0.3812 40.3811 34.4033
v  -3.7954 43.3057 28.1481
v  -4.9788 43.7955 28.1481
v  -3.7954 43.3057 31.2757
v  -4.9788 43.7955 31.2757
v  -7.4505 44.4587 28.1481
v  -6.2003 44.1810 28.1481
v  -7.4505 44.4587 31.2757
v  -6.2003 44.1810 31.2757
v  -7.4505 44.4587 37.5308
v  -6.2003 44.1810 37.5308
v  -6.2003 44.1810 34.4033
v  -7.4505 44.4587 34.4033
v  -4.9788 43.7955 37.5308
v  -4.9788 43.7955 34.4033
v  -3.7954 43.3057 37.5308
v  -3.7954 43.3057 34.4033
v  -8.7204 44.6253 28.1481
v  -10.0000 44.6809 28.1481
v  -8.7204 44.6253 31.2757
v  -10.0000 44.6809 31.2757
v  -12.5495 44.4587 28.1481
v  -11.2796 44.6253 28.1481
v  -12.5495 44.4587 31.2757
v  -11.2796 44.6253 31.2757
v  -12.5495 44.4587 37.5308
v  -11.2796 44.6253 37.5308
v  -11.2796 44.6253 34.4033
v  -12.5495 44.4587 34.4033
v  -10.0000 44.6809 37.5308
v  -10.0000 44.6809 34.4033
v  -8.7204 44.6253 37.5308
v  -8.7204 44.6253 34.4033
v  -13.7997 44.1810 28.1481
v  -15.0212 43.7955 28.1481
v  -13.7997 44.1810 31.2757
v  -15.0212 43.7955 31.2757
v  -17.3409 42.7148 28.1481
v  -16.2046 43.3057 28.1481
v  -17.3409 42.7148 31.2757
v  -16.2046 43.3057 31.2757
v  -17.3409 42.7148 37.5308
v  -16.2046 43.3057 37.5308
v  -16.2046 43.3057 34.4033
v  -17.3409 42.7148 34.4033
v  -15.0212 43.7955 37.5308
v  -15.0212 43.7955 34.4033
v  -13.7997 44.1810 37.5308
v  -13.7997 44.1810 34.4033
v  -18.4207 42.0262 28.1481
v  -19.4367 41.2462 28.1481
v  -18.4207 42.0262 31.2757
v  -19.4367 41.2462 31.2757
v  -21.2469 39.4372 28.1481
v  -20.3812 40.3811 28.1481
v  -21.2469 39.4372 31.2757
v  -20.3812 40.3811 31.2757
v  -21.2469 39.4372 37.5308
v  -20.3812 40.3811 37.5308
v  -20.3812 40.3811 34.4033
v  -21.2469 39.4372 34.4033
v  -19.4367 41.2462 37.5308
v  -19.4367 41.2462 34.4033
v  -18.4207 42.0262 37.5308
v  -18.4207 42.0262 34.4033
v  -22.0261 38.4209 28.1481
v  -22.7140 37.3404 28.1481
v  -22.0261 38.4209 31.2757
v  -22.7140 37.3404 31.2757
v  -23.7963 35.0215 28.1481
v  -23.3057 36.2045 28.1481
v  -23.7963 35.0215 31.2757
v  -23.3057 36.2045 31.2757
v  -23.7963 35.0215 37.5308
v  -23.3057 36.2045 37.5308
v  -23.3057 36.2045 34.4033
v  -23.7963 35.0215 34.4033
v  -22.7140 37.3404 37.5308
v  -22.7140 37.3404 34.4033
v  -22.0261 38.4209 37.5308
v  -22.0261 38.4209 34.4033
v  -24.1809 33.7998 28.1481
v  -24.4578 32.5493 28.1481
v  -24.1809 33.7998 31.2757
v  -24.4578 32.5493 31.2757
v  -24.6818 30.0000 28.1481
v  -24.6254 31.2795 28.1481
v  -24.6818 30.0000 31.2757
v  -24.6254 31.2795 31.2757
v  -24.6818 30.0000 37.5308
v  -24.6254 31.2795 37.5308
v  -24.6254 31.2795 34.4033
v  -24.6818 30.0000 34.4033
v  -24.4578 32.5493 37.5308
v  -24.4578 32.5493 34.4033
v  -24.1809 33.7998 37.5308
v  -24.1809 33.7998 34.4033
v  -24.6254 28.7205 28.1481
v  -24.4578 27.4507 28.1481
v  -24.6254 28.7205 31.2757
v  -24.4578 27.4507 31.2757
v  -23.7963 24.9785 28.1481
v  -24.1809 26.2001 28.1481
v  -23.7963 24.9785 31.2757
v  -24.1809 26.2001 31.2757
v  -23.7963 24.9785 37.5308
v  -24.1809 26.2001 37.5308
v  -24.1809 26.2001 34.4033
v  -23.7963 24.9785 34.4033
v  -24.4578 27.4507 37.5308
v  -24.4578 27.4507 34.4033
v  -24.6254 28.7205 37.5308
v  -24.6254 28.7205 34.4033
v  -23.3057 23.7955 28.1481
v  -22.7140 22.6596 28.1481
v  -23.3057 23.7955 31.2757
v  -22.7140 22.6596 31.2757
v  -21.2469 20.5627 28.1481
v  -22.0261 21.5791 28.1481
v  -21.2469 20.5627 31.2757
v  -22.0261 21.5791 31.2757
v  -21.2469 20.5627 37.5308
v  -22.0261 21.5791 37.5308
v  -22.0261 21.5791 34.4033
v  -21.2469 20.5627 34.4033
v  -22.7140 22.6596 37.5308
v  -22.7140 22.6596 34.4033
v  -23.3057 23.7955 37.5308
v  -23.3057 23.7955 34.4033
v  -20.3812 19.6189 28.1481
v  -19.4367 18.7538 28.1481
v  -20.3812 19.6189 31.2757
v  -19.4367 18.7538 31.2757
v  -17.3409 17.2852 28.1481
v  -18.4207 17.9738 28.1481
v  -17.3409 17.2852 31.2757
v  -18.4207 17.9738 31.2757
v  -17.3409 17.2852 37.5308
v  -18.4207 17.9738 37.5308
v  -18.4207 17.9738 34.4033
v  -17.3409 17.2852 34.4033
v  -19.4367 18.7538 37.5308
v  -19.4367 18.7538 34.4033
v  -20.3812 19.6189 37.5308
v  -20.3812 19.6189 34.4033
v  -16.2046 16.6943 28.1481
v  -15.0212 16.2045 28.1481
v  -16.2046 16.6943 31.2757
v  -15.0212 16.2045 31.2757
v  -12.5495 15.5413 28.1481
v  -13.7997 15.8190 28.1481
v  -12.5495 15.5413 31.2757
v  -13.7997 15.8190 31.2757
v  -12.5495 15.5413 37.5308
v  -13.7997 15.8190 37.5308
v  -13.7997 15.8190 34.4033
v  -12.5495 15.5413 34.4033
v  -15.0212 16.2045 37.5308
v  -15.0212 16.2045 34.4033
v  -16.2046 16.6943 37.5308
v  -16.2046 16.6943 34.4033
v  -11.2796 15.3747 28.1481
v  -10.0000 15.3191 28.1481
v  -11.2796 15.3747 31.2757
v  -10.0000 15.3191 31.2757
v  -7.4505 15.5413 28.1481
v  -8.7204 15.3747 28.1481
v  -7.4505 15.5413 31.2757
v  -8.7204 15.3747 31.2757
v  -7.4505 15.5413 37.5308
v  -8.7204 15.3747 37.5308
v  -8.7204 15.3747 34.4033
v  -7.4505 15.5413 34.4033
v  -10.0000 15.3191 37.5308
v  -10.0000 15.3191 34.4033
v  -11.2796 15.3747 37.5308
v  -11.2796 15.3747 34.4033
v  -6.2003 15.8190 28.1481
v  -4.9788 16.2045 28.1481
v  -6.2003 15.8190 31.2757
v  -4.9788 16.2045 31.2757
v  -2.6591 17.2852 28.1481
v  -3.7954 16.6943 28.1481
v  -2.6591 17.2852 31.2757
v  -3.7954 16.6943 31.2757
v  -2.6591 17.2852 37.5308
v  -3.7954 16.6943 37.5308
v  -3.7954 16.6943 34.4033
v  -2.6591 17.2852 34.4033
v  -4.9788 16.2045 37.5308
v  -4.9788 16.2045 34.4033
v  -6.2003 15.8190 37.5308
v  -6.2003 15.8190 34.4033
v  -1.5793 17.9738 28.1481
v  -0.5633 18.7538 28.1481
v  -1.5793 17.9738 31.2757
v  -0.5633 18.7538 31.2757
v  1.2469 20.5627 28.1481
v  0.3812 19.6189 28.1481
v  1.2469 20.5627 31.2757
v  0.3812 19.6189 31.2757
v  1.2469 20.5627 37.5308
v  0.3812 19.6189 37.5308
v  0.3812 19.6189 34.4033
v  1.2469 20.5627 34.4033
v  -0.5633 18.7538 37.5308
v  -0.5633 18.7538 34.4033
v  -1.5793 17.9738 37.5308
v  -1.5793 17.9738 34.4033
v  2.0261 21.5791 28.1481
v  2.7140 22.6595 28.1481
v  2.0261 21.5791 31.2757
v  2.7140 22.6595 31.2757
v  3.7963 24.9785 28.1481
v  3.3057 23.7955 28.1481
v  3.7963 24.9785 31.2757
v  3.3057 23.7955 31.2757
v  3.7963 24.9785 37.5308
v  3.3057 23.7955 37.5308
v  3.3057 23.7955 34.4033
v  3.7963 24.9785 34.4033
v  2.7140 22.6595 37.5308
v  2.7140 22.6595 34.4033
v  2.0261 21.5791 37.5308
v  2.0261 21.5791 34.4033
v  4.1809 26.2001 28.1481
v  4.4578 27.4507 28.1481
v  4.1809 26.2001 31.2757
v  4.4578 27.4507 31.2757
v  4.6254 28.7205 28.1481
v  4.6254 28.7205 31.2757
v  4.6254 28.7205 37.5308
v  4.6254 28.7205 34.4033
v  4.4578 27.4507 37.5308
v  4.4578 27.4507 34.4033
v  4.1809 26.2001 37.5308
v  4.1809 26.2001 34.4033
v  4.6254 31.2795 40.6584
v  4.6818 30.0000 40.6584
v  4.4578 32.5493 40.6584
v  4.6228 31.2792 43.7969
v  4.6792 30.0000 43.7969
v  4.4554 32.5489 43.7969
v  3.7963 35.0215 40.6584
v  4.1809 33.7998 40.6584
v  3.7940 35.0206 43.7969
v  4.1785 33.7992 43.7969
v  3.7726 35.0128 50.1503
v  4.1565 33.7933 50.1503
v  4.1712 33.7972 46.9572
v  3.7868 35.0180 46.9572
v  4.4329 32.5449 50.1503
v  4.4479 32.5475 46.9572
v  4.6001 31.2773 50.1503
v  4.6565 30.0000 50.1503
v  4.6716 30.0000 46.9572
v  4.6153 31.2786 46.9572
v  3.3057 36.2045 40.6584
v  2.7140 37.3404 40.6584
v  3.3034 36.2034 43.7969
v  2.7118 37.3392 43.7969
v  1.2469 39.4372 40.6584
v  2.0261 38.4209 40.6584
v  1.2449 39.4356 43.7969
v  2.0240 38.4194 43.7969
v  1.2275 39.4210 50.1503
v  2.0054 38.4063 50.1503
v  2.0178 38.4150 46.9572
v  1.2391 39.4307 46.9572
v  2.6921 37.3278 50.1503
v  2.7053 37.3354 46.9572
v  3.2828 36.1938 50.1503
v  3.2966 36.2002 46.9572
v  0.3812 40.3811 40.6584
v  -0.5633 41.2462 40.6584
v  0.3794 40.3793 43.7969
v  -0.5649 41.2443 43.7969
v  -2.6591 42.7148 40.6584
v  -1.5793 42.0262 40.6584
v  -2.6604 42.7126 43.7969
v  -1.5807 42.0241 43.7969
v  -2.6718 42.6929 50.1503
v  -1.5938 42.0055 50.1503
v  -1.5851 42.0179 46.9572
v  -2.6642 42.7060 46.9572
v  -0.5796 41.2268 50.1503
v  -0.5698 41.2384 46.9572
v  0.3633 40.3632 50.1503
v  0.3741 40.3740 46.9572
v  -3.7954 43.3057 40.6584
v  -4.9788 43.7955 40.6584
v  -3.7965 43.3034 43.7969
v  -4.9797 43.7931 43.7969
v  -7.4505 44.4587 40.6584
v  -6.2003 44.1810 40.6584
v  -7.4510 44.4562 43.7969
v  -6.2010 44.1785 43.7969
v  -7.4549 44.4338 50.1503
v  -6.2068 44.1565 50.1503
v  -6.2029 44.1712 46.9572
v  -7.4523 44.4487 46.9572
v  -4.9875 43.7717 50.1503
v  -4.9823 43.7860 46.9572
v  -3.8061 43.2827 50.1503
v  -3.7997 43.2965 46.9572
v  -8.7204 44.6253 40.6584
v  -10.0000 44.6809 40.6584
v  -8.7206 44.6228 43.7969
v  -10.0000 44.6783 43.7969
v  -12.5495 44.4587 40.6584
v  -11.2796 44.6253 40.6584
v  -12.5490 44.4562 43.7969
v  -11.2794 44.6228 43.7969
v  -12.5451 44.4338 50.1503
v  -11.2774 44.6001 50.1503
v  -11.2787 44.6152 46.9572
v  -12.5477 44.4487 46.9572
v  -10.0000 44.6556 50.1503
v  -10.0000 44.6708 46.9572
v  -8.7226 44.6001 50.1503
v  -8.7213 44.6152 46.9572
v  -13.7997 44.1810 40.6584
v  -15.0212 43.7955 40.6584
v  -13.7991 44.1785 43.7969
v  -15.0203 43.7931 43.7969
v  -17.3409 42.7148 40.6584
v  -16.2046 43.3057 40.6584
v  -17.3396 42.7126 43.7969
v  -16.2035 43.3034 43.7969
v  -17.3282 42.6929 50.1503
v  -16.1939 43.2827 50.1503
v  -16.2003 43.2965 46.9572
v  -17.3358 42.7060 46.9572
v  -15.0125 43.7717 50.1503
v  -15.0177 43.7860 46.9572
v  -13.7932 44.1565 50.1503
v  -13.7971 44.1712 46.9572
v  -18.4207 42.0262 40.6584
v  -19.4367 41.2462 40.6584
v  -18.4193 42.0241 43.7969
v  -19.4351 41.2443 43.7969
v  -21.2469 39.4372 40.6584
v  -20.3812 40.3811 40.6584
v  -21.2449 39.4356 43.7969
v  -20.3795 40.3793 43.7969
v  -21.2275 39.4210 50.1503
v  -20.3633 40.3632 50.1503
v  -20.3741 40.3740 46.9572
v  -21.2391 39.4307 46.9572
v  -19.4204 41.2268 50.1503
v  -19.4302 41.2384 46.9572
v  -18.4062 42.0055 50.1503
v  -18.4149 42.0179 46.9572
v  -22.0261 38.4209 40.6584
v  -22.7140 37.3404 40.6584
v  -22.0240 38.4194 43.7969
v  -22.7118 37.3392 43.7969
v  -23.7963 35.0215 40.6584
v  -23.3057 36.2045 40.6584
v  -23.7940 35.0206 43.7969
v  -23.3034 36.2034 43.7969
v  -23.7726 35.0128 50.1503
v  -23.2828 36.1938 50.1503
v  -23.2966 36.2002 46.9572
v  -23.7868 35.0180 46.9572
v  -22.6921 37.3278 50.1503
v  -22.7053 37.3354 46.9572
v  -22.0054 38.4063 50.1503
v  -22.0178 38.4150 46.9572
v  -24.1809 33.7998 40.6584
v  -24.4578 32.5493 40.6584
v  -24.1785 33.7992 43.7969
v  -24.4554 32.5489 43.7969
v  -24.6818 30.0000 40.6584
v  -24.6254 31.2795 40.6584
v  -24.6792 30.0000 43.7969
v  -24.6228 31.2793 43.7969
v  -24.6565 30.0000 50.1503
v  -24.6001 31.2773 50.1503
v  -24.6153 31.2786 46.9572
v  -24.6716 30.0000 46.9572
v  -24.4329 32.5449 50.1503
v  -24.4479 32.5475 46.9572
v  -24.1565 33.7933 50.1503
v  -24.1712 33.7972 46.9572
v  -24.6254 28.7205 40.6584
v  -24.4578 27.4507 40.6584
v  -24.6228 28.7207 43.7969
v  -24.4554 27.4511 43.7969
v  -23.7963 24.9785 40.6584
v  -24.1809 26.2001 40.6584
v  -23.7940 24.9794 43.7969
v  -24.1785 26.2008 43.7969
v  -23.7726 24.9872 50.1503
v  -24.1565 26.2067 50.1503
v  -24.1712 26.2028 46.9572
v  -23.7868 24.9820 46.9572
v  -24.4329 27.4551 50.1503
v  -24.4479 27.4524 46.9572
v  -24.6001 28.7227 50.1503
v  -24.6153 28.7214 46.9572
v  -23.3057 23.7955 40.6584
v  -22.7140 22.6596 40.6584
v  -23.3034 23.7966 43.7969
v  -22.7118 22.6608 43.7969
v  -21.2469 20.5627 40.6584
v  -22.0261 21.5791 40.6584
v  -21.2449 20.5644 43.7969
v  -22.0240 21.5806 43.7969
v  -21.2275 20.5790 50.1503
v  -22.0054 21.5936 50.1503
v  -22.0178 21.5849 46.9572
v  -21.2391 20.5693 46.9572
v  -22.6921 22.6722 50.1503
v  -22.7053 22.6646 46.9572
v  -23.2828 23.8062 50.1503
v  -23.2966 23.7998 46.9572
v  -20.3812 19.6189 40.6584
v  -19.4367 18.7538 40.6584
v  -20.3795 19.6207 43.7969
v  -19.4351 18.7557 43.7969
v  -17.3409 17.2852 40.6584
v  -18.4207 17.9738 40.6584
v  -17.3396 17.2874 43.7969
v  -18.4193 17.9759 43.7969
v  -17.3282 17.3071 50.1503
v  -18.4062 17.9945 50.1503
v  -18.4149 17.9821 46.9572
v  -17.3358 17.2940 46.9572
v  -19.4204 18.7732 50.1503
v  -19.4302 18.7615 46.9572
v  -20.3633 19.6368 50.1503
v  -20.3741 19.6260 46.9572
v  -16.2046 16.6943 40.6584
v  -15.0212 16.2045 40.6584
v  -16.2036 16.6966 43.7969
v  -15.0203 16.2069 43.7969
v  -12.5495 15.5413 40.6584
v  -13.7997 15.8190 40.6584
v  -12.5490 15.5438 43.7969
v  -13.7991 15.8215 43.7969
v  -12.5451 15.5662 50.1503
v  -13.7932 15.8434 50.1503
v  -13.7971 15.8288 46.9572
v  -12.5477 15.5513 46.9572
v  -15.0125 16.2282 50.1503
v  -15.0177 16.2140 46.9572
v  -16.1939 16.7173 50.1503
v  -16.2003 16.7035 46.9572
v  -11.2796 15.3747 40.6584
v  -10.0000 15.3191 40.6584
v  -11.2794 15.3772 43.7969
v  -10.0000 15.3216 43.7969
v  -7.4505 15.5413 40.6584
v  -8.7204 15.3747 40.6584
v  -7.4510 15.5438 43.7969
v  -8.7206 15.3772 43.7969
v  -7.4549 15.5662 50.1503
v  -8.7226 15.3999 50.1503
v  -8.7213 15.3847 46.9572
v  -7.4523 15.5513 46.9572
v  -10.0000 15.3444 50.1503
v  -10.0000 15.3292 46.9572
v  -11.2774 15.3999 50.1503
v  -11.2788 15.3847 46.9572
v  -6.2003 15.8190 40.6584
v  -4.9788 16.2045 40.6584
v  -6.2010 15.8215 43.7969
v  -4.9797 16.2068 43.7969
v  -2.6591 17.2852 40.6584
v  -3.7954 16.6943 40.6584
v  -2.6604 17.2874 43.7969
v  -3.7965 16.6966 43.7969
v  -2.6718 17.3071 50.1503
v  -3.8061 16.7173 50.1503
v  -3.7997 16.7035 46.9572
v  -2.6642 17.2940 46.9572
v  -4.9875 16.2282 50.1503
v  -4.9823 16.2140 46.9572
v  -6.2069 15.8434 50.1503
v  -6.2029 15.8288 46.9572
v  -1.5793 17.9738 40.6584
v  -0.5633 18.7538 40.6584
v  -1.5807 17.9759 43.7969
v  -0.5649 18.7557 43.7969
v  1.2469 20.5627 40.6584
v  0.3812 19.6189 40.6584
v  1.2449 20.5644 43.7969
v  0.3794 19.6206 43.7969
v  1.2275 20.5790 50.1503
v  0.3633 19.6367 50.1503
v  0.3741 19.6260 46.9572
v  1.2391 20.5692 46.9572
v  -0.5796 18.7732 50.1503
v  -0.5698 18.7615 46.9572
v  -1.5938 17.9945 50.1503
v  -1.5851 17.9821 46.9572
v  2.0261 21.5791 40.6584
v  2.7140 22.6595 40.6584
v  2.0240 21.5806 43.7969
v  2.7118 22.6608 43.7969
v  3.7963 24.9785 40.6584
v  3.3057 23.7955 40.6584
v  3.7940 24.9794 43.7969
v  3.3034 23.7966 43.7969
v  3.7726 24.9872 50.1503
v  3.2828 23.8062 50.1503
v  3.2966 23.7998 46.9572
v  3.7868 24.9820 46.9572
v  2.6921 22.6722 50.1503
v  2.7052 22.6646 46.9572
v  2.0054 21.5936 50.1503
v  2.0178 21.5849 46.9572
v  4.1809 26.2001 40.6584
v  4.4578 27.4507 40.6584
v  4.1785 26.2008 43.7969
v  4.4554 27.4511 43.7969
v  4.6254 28.7205 40.6584
v  4.6228 28.7207 43.7969
v  4.6001 28.7227 50.1503
v  4.6153 28.7214 46.9572
v  4.4329 27.4551 50.1503
v  4.4479 27.4524 46.9572
v  4.1565 26.2067 50.1503
v  4.1712 26.2028 46.9572
v  4.5749 31.2751 53.3870
v  4.6311 30.0000 53.3870
v  4.4080 32.5405 53.3870
v  4.2140 31.2329 56.3698
v  4.3290 30.0000 56.3297
v  3.9901 32.4668 56.4099
v  3.7488 35.0041 53.3870
v  4.1321 33.7867 53.3870
v  3.4649 34.9008 56.3297
v  3.7785 33.7029 56.3698
v  1.4751 34.1766 60.0089
v  0.9430 33.1813 60.6013
v  2.7763 33.4673 58.8011
v  2.6702 34.6116 58.6406
v  0.5247 31.8558 60.8937
v  2.7962 32.2563 58.9616
v  1.3711 30.7533 60.6013
v  2.2115 30.0000 60.0089
v  3.4833 30.0000 58.6406
v  3.1917 31.1116 58.8011
v  3.2599 36.1831 53.3870
v  2.6702 37.3151 53.3870
v  2.9351 36.0200 56.3698
v  2.3027 37.1030 56.4099
v  1.2081 39.4047 53.3870
v  1.9846 38.3918 53.3870
v  0.9767 39.2105 56.3297
v  1.6810 38.1921 56.3698
v  -0.6454 37.8494 60.0089
v  -0.8050 36.7322 60.6013
v  0.8200 37.6279 58.8011
v  0.3288 38.6669 58.6406
v  -0.7447 35.3435 60.8937
v  1.2528 36.4968 58.9616
v  0.4277 34.5970 60.6013
v  2.0160 35.5564 58.8011
v  0.3455 40.3453 53.3870
v  -0.5958 41.2074 53.3870
v  0.0961 40.0810 56.3698
v  -0.8686 40.8824 56.4099
v  -2.6844 42.6709 53.3870
v  -1.6083 41.9847 53.3870
v  -2.8355 42.4093 56.3297
v  -1.8253 41.6932 56.3698
v  -3.8942 40.5755 60.0089
v  -3.6621 39.4710 60.6013
v  -2.4415 40.8685 58.8011
v  -3.2583 41.6769 58.6406
v  -3.1305 38.1868 60.8937
v  -1.6479 39.9537 58.9616
v  -1.7734 37.8863 60.6013
v  -0.6091 39.3310 58.8011
v  -3.8168 43.2598 53.3870
v  -4.9962 43.7480 53.3870
v  -3.9607 42.9261 56.3698
v  -5.1413 43.3492 56.4099
v  -7.4593 44.4089 53.3870
v  -6.2134 44.1321 53.3870
v  -7.5118 44.1113 56.3297
v  -6.3176 43.7840 56.3698
v  -7.8795 42.0260 60.0089
v  -7.2836 41.0676 60.6013
v  -6.6146 42.7983 58.8011
v  -7.6586 43.2785 58.6406
v  -6.3448 40.0426 60.8937
v  -5.5559 42.2100 58.9617
v  -4.9668 40.2243 60.6013
v  -4.3668 41.9801 58.8011
v  -8.7248 44.5749 53.3870
v  -10.0000 44.6303 53.3870
v  -8.7459 44.2121 56.3698
v  -10.0000 44.2059 56.4099
v  -12.5407 44.4089 53.3870
v  -11.2752 44.5749 53.3870
v  -12.4882 44.1113 56.3297
v  -11.2541 44.2121 56.3698
v  -12.1205 42.0260 60.0089
v  -11.2327 41.3292 60.6013
v  -11.1960 43.1843 58.8011
v  -12.3414 43.2785 58.6406
v  -10.0000 40.6871 60.8937
v  -10.0000 42.9936 58.9617
v  -8.7673 41.3292 60.6013
v  -8.8040 43.1843 58.8011
v  -13.7866 44.1321 53.3870
v  -15.0039 43.7480 53.3870
v  -13.6824 43.7840 56.3698
v  -14.8587 43.3492 56.4099
v  -17.3156 42.6709 53.3870
v  -16.1832 43.2598 53.3870
v  -17.1645 42.4093 56.3297
v  -16.0393 42.9261 56.3698
v  -16.1058 40.5755 60.0089
v  -15.0332 40.2243 60.6013
v  -15.6332 41.9801 58.8011
v  -16.7417 41.6769 58.6406
v  -13.6552 40.0425 60.8937
v  -14.4441 42.2100 58.9617
v  -12.7164 41.0676 60.6013
v  -13.3854 42.7982 58.8011
v  -18.3917 41.9847 53.3870
v  -19.4042 41.2074 53.3870
v  -18.1747 41.6932 56.3698
v  -19.1314 40.8824 56.4099
v  -21.2081 39.4047 53.3870
v  -20.3455 40.3453 53.3870
v  -20.9767 39.2105 56.3297
v  -20.0961 40.0810 56.3698
v  -19.3546 37.8494 60.0089
v  -18.2266 37.8863 60.6013
v  -19.3909 39.3310 58.8011
v  -20.3288 38.6669 58.6406
v  -16.8695 38.1868 60.8937
v  -18.3521 39.9537 58.9616
v  -16.3379 39.4710 60.6013
v  -17.5585 40.8685 58.8011
v  -21.9847 38.3918 53.3870
v  -22.6702 37.3151 53.3870
v  -21.6810 38.1921 56.3698
v  -22.3027 37.1030 56.4099
v  -23.7488 35.0041 53.3870
v  -23.2599 36.1831 53.3870
v  -23.4649 34.9008 56.3297
v  -22.9351 36.0200 56.3698
v  -21.4751 34.1766 60.0089
v  -20.4277 34.5970 60.6013
v  -22.0160 35.5564 58.8011
v  -22.6702 34.6116 58.6406
v  -19.2553 35.3435 60.8937
v  -21.2528 36.4968 58.9616
v  -19.1950 36.7322 60.6013
v  -20.8200 37.6279 58.8011
v  -24.1321 33.7867 53.3870
v  -24.4080 32.5405 53.3870
v  -23.7785 33.7029 56.3698
v  -23.9901 32.4668 56.4099
v  -24.6311 30.0000 53.3870
v  -24.5749 31.2751 53.3870
v  -24.3290 30.0000 56.3297
v  -24.2140 31.2329 56.3698
v  -22.2115 30.0000 60.0089
v  -21.3711 30.7533 60.6013
v  -23.1917 31.1116 58.8011
v  -23.4833 30.0000 58.6406
v  -20.5247 31.8558 60.8937
v  -22.7962 32.2563 58.9616
v  -20.9430 33.1813 60.6013
v  -22.7763 33.4673 58.8011
v  -24.5749 28.7249 53.3870
v  -24.4080 27.4595 53.3870
v  -24.2140 28.7671 56.3698
v  -23.9901 27.5332 56.4099
v  -23.7488 24.9958 53.3870
v  -24.1321 26.2132 53.3870
v  -23.4649 25.0992 56.3297
v  -23.7785 26.2970 56.3698
v  -21.4751 25.8234 60.0089
v  -20.9430 26.8187 60.6013
v  -22.7763 26.5327 58.8011
v  -22.6702 25.3884 58.6406
v  -20.5247 28.1442 60.8937
v  -22.7962 27.7437 58.9616
v  -21.3711 29.2467 60.6013
v  -23.1917 28.8884 58.8011
v  -23.2599 23.8169 53.3870
v  -22.6702 22.6849 53.3870
v  -22.9351 23.9800 56.3698
v  -22.3027 22.8970 56.4099
v  -21.2081 20.5953 53.3870
v  -21.9847 21.6082 53.3870
v  -20.9767 20.7895 56.3297
v  -21.6810 21.8078 56.3698
v  -19.3546 22.1506 60.0089
v  -19.1950 23.2678 60.6013
v  -20.8200 22.3721 58.8011
v  -20.3288 21.3331 58.6406
v  -19.2553 24.6565 60.8937
v  -21.2528 23.5032 58.9616
v  -20.4277 25.4030 60.6013
v  -22.0160 24.4436 58.8011
v  -20.3455 19.6546 53.3870
v  -19.4042 18.7925 53.3870
v  -20.0961 19.9190 56.3698
v  -19.1314 19.1176 56.4099
v  -17.3156 17.3290 53.3870
v  -18.3917 18.0153 53.3870
v  -17.1645 17.5907 56.3297
v  -18.1747 18.3067 56.3698
v  -16.1058 19.4245 60.0089
v  -16.3379 20.5289 60.6013
v  -17.5585 19.1314 58.8011
v  -16.7417 18.3231 58.6406
v  -16.8695 21.8132 60.8937
v  -18.3521 20.0463 58.9616
v  -18.2266 22.1137 60.6013
v  -19.3909 20.6690 58.8011
v  -16.1832 16.7402 53.3870
v  -15.0039 16.2520 53.3870
v  -16.0393 17.0739 56.3698
v  -14.8587 16.6508 56.4099
v  -12.5407 15.5911 53.3870
v  -13.7866 15.8679 53.3870
v  -12.4882 15.8887 56.3297
v  -13.6824 16.2160 56.3698
v  -12.1205 17.9740 60.0089
v  -12.7164 18.9324 60.6013
v  -13.3854 17.2017 58.8011
v  -12.3414 16.7215 58.6406
v  -13.6552 19.9574 60.8937
v  -14.4441 17.7900 58.9616
v  -15.0332 19.7756 60.6013
v  -15.6332 18.0198 58.8011
v  -11.2752 15.4251 53.3870
v  -10.0000 15.3697 53.3870
v  -11.2541 15.7878 56.3698
v  -10.0000 15.7941 56.4099
v  -7.4593 15.5911 53.3870
v  -8.7248 15.4251 53.3870
v  -7.5118 15.8887 56.3297
v  -8.7459 15.7878 56.3698
v  -7.8795 17.9740 60.0089
v  -8.7673 18.6708 60.6013
v  -8.8040 16.8157 58.8011
v  -7.6587 16.7215 58.6406
v  -10.0000 19.3129 60.8937
v  -10.0000 17.0064 58.9616
v  -11.2327 18.6708 60.6013
v  -11.1960 16.8157 58.8011
v  -6.2134 15.8679 53.3870
v  -4.9962 16.2520 53.3870
v  -6.3176 16.2160 56.3698
v  -5.1413 16.6508 56.4099
v  -2.6844 17.3290 53.3870
v  -3.8168 16.7402 53.3870
v  -2.8355 17.5907 56.3297
v  -3.9607 17.0739 56.3698
v  -3.8942 19.4245 60.0089
v  -4.9668 19.7756 60.6013
v  -4.3668 18.0198 58.8011
v  -3.2583 18.3231 58.6406
v  -6.3448 19.9574 60.8937
v  -5.5559 17.7900 58.9616
v  -7.2836 18.9324 60.6013
v  -6.6146 17.2017 58.8011
v  -1.6083 18.0152 53.3870
v  -0.5958 18.7925 53.3870
v  -1.8253 18.3067 56.3698
v  -0.8686 19.1176 56.4099
v  1.2081 20.5953 53.3870
v  0.3454 19.6546 53.3870
v  0.9767 20.7895 56.3297
v  0.0961 19.9190 56.3698
v  -0.6454 22.1506 60.0089
v  -1.7734 22.1137 60.6013
v  -0.6091 20.6690 58.8011
v  0.3288 21.3331 58.6406
v  -3.1305 21.8132 60.8937
v  -1.6479 20.0463 58.9616
v  -3.6621 20.5289 60.6013
v  -2.4415 19.1314 58.8011
v  1.9846 21.6082 53.3870
v  2.6702 22.6848 53.3870
v  1.6810 21.8078 56.3698
v  2.3027 22.8970 56.4099
v  3.7488 24.9958 53.3870
v  3.2599 23.8169 53.3870
v  3.4649 25.0992 56.3297
v  2.9351 23.9800 56.3698
v  1.4751 25.8234 60.0089
v  0.4277 25.4030 60.6013
v  2.0159 24.4436 58.8011
v  2.6702 25.3884 58.6406
v  -0.7447 24.6564 60.8937
v  1.2528 23.5032 58.9616
v  -0.8050 23.2678 60.6013
v  0.8199 22.3721 58.8011
v  4.1321 26.2132 53.3870
v  4.4080 27.4595 53.3870
v  3.7785 26.2970 56.3698
v  3.9901 27.5331 56.4099
v  4.5749 28.7249 53.3870
v  4.2140 28.7671 56.3698
v  1.3711 29.2467 60.6013
v  3.1917 28.8884 58.8011
v  0.5247 28.1442 60.8937
v  2.7962 27.7437 58.9616
v  0.9430 26.8187 60.6013
v  2.7763 26.5327 58.8011
v  -8.5039 21.5154 61.6906
v  -7.6127 23.4410 62.0575
v  -10.0000 23.0200 62.0575
v  -10.0000 30.0000 63.0715
v  -5.6923 22.5388 61.6906
v  -5.5134 24.6530 62.0575
v  -3.4002 24.4621 61.6906
v  -3.9552 26.5100 62.0575
v  -1.9041 27.0533 61.6906
v  -3.1261 28.7879 62.0575
v  -1.3846 30.0000 61.6906
v  -3.1261 31.2120 62.0575
v  -1.9041 32.9466 61.6906
v  -3.9552 33.4900 62.0575
v  -3.4002 35.5379 61.6906
v  -5.5134 35.3470 62.0575
v  -5.6923 37.4612 61.6906
v  -7.6127 36.5590 62.0575
v  -8.5039 38.4845 61.6906
v  -10.0000 36.9799 62.0575
v  -11.4961 38.4845 61.6906
v  -12.3873 36.5590 62.0575
v  -14.3077 37.4612 61.6906
v  -14.4866 35.3470 62.0575
v  -16.5998 35.5379 61.6906
v  -16.0448 33.4900 62.0575
v  -18.0959 32.9466 61.6906
v  -16.8739 31.2120 62.0575
v  -18.6154 30.0000 61.6906
v  -16.8739 28.7879 62.0575
v  -18.0959 27.0533 61.6906
v  -16.0448 26.5100 62.0575
v  -16.5998 24.4621 61.6906
v  -14.4866 24.6530 62.0575
v  -14.3077 22.5388 61.6906
v  -12.3873 23.4410 62.0575
v  -11.4961 21.5154 61.6906
v  1.7807 30.0000 3.0697
v  0.9744 30.7272 2.5086
v  -1.6798 30.0000 1.4769
v  0.9744 29.2728 2.5086
v  0.1591 31.7913 2.2317
v  -3.3607 31.1707 1.1294
v  -3.3607 28.8293 1.1294
v  0.1591 28.2087 2.2317
v  -10.0000 30.0000 0.1689
v  0.5613 33.0702 2.5086
v  1.0702 34.0292 3.0697
v  0.0639 34.4368 2.5086
v  -2.1816 32.8457 1.4769
v  -1.0663 35.1579 2.2317
v  -4.1615 33.3708 1.1294
v  -0.9755 37.5725 3.0697
v  -2.0605 37.6113 2.5086
v  -3.6264 35.3481 1.4769
v  -1.1257 36.4972 2.5086
v  -3.3691 37.9024 2.2317
v  -5.6665 35.1644 1.1294
v  -3.8830 39.1405 2.5086
v  -4.1097 40.2024 3.0697
v  -5.1425 39.8677 2.5086
v  -5.8399 37.2055 1.4769
v  -6.4718 39.6937 2.2317
v  -7.6942 36.3351 1.1294
v  -7.9543 41.6017 3.0697
v  -8.8104 40.9340 2.5086
v  -8.5552 38.1938 1.4769
v  -7.3782 40.6814 2.5086
v  -10.0000 40.3158 2.2317
v  -10.0000 36.7417 1.1294
v  -11.1896 40.9340 2.5086
v  -12.0457 41.6017 3.0697
v  -12.6218 40.6814 2.5086
v  -11.4448 38.1938 1.4769
v  -13.5282 39.6937 2.2317
v  -12.3058 36.3351 1.1294
v  -15.8904 40.2024 3.0697
v  -16.1170 39.1405 2.5086
v  -14.1601 37.2055 1.4769
v  -14.8575 39.8677 2.5086
v  -16.6309 37.9024 2.2317
v  -14.3335 35.1644 1.1294
v  -17.9395 37.6113 2.5086
v  -19.0245 37.5725 3.0697
v  -18.8743 36.4972 2.5086
v  -16.3736 35.3481 1.4769
v  -18.9337 35.1579 2.2317
v  -15.8385 33.3708 1.1294
v  -21.0702 34.0292 3.0697
v  -20.5613 33.0702 2.5086
v  -17.8184 32.8457 1.4769
v  -20.0639 34.4368 2.5086
v  -20.1591 31.7913 2.2317
v  -16.6393 31.1707 1.1294
v  -20.9744 30.7272 2.5086
v  -21.7807 30.0000 3.0697
v  -20.9744 29.2728 2.5086
v  -18.3202 30.0000 1.4769
v  -20.1591 28.2087 2.2317
v  -16.6393 28.8293 1.1294
v  -21.0702 25.9708 3.0697
v  -20.0639 25.5632 2.5086
v  -17.8184 27.1543 1.4769
v  -20.5613 26.9298 2.5086
v  -18.9337 24.8421 2.2317
v  -15.8385 26.6292 1.1294
v  -18.8743 23.5028 2.5086
v  -19.0245 22.4275 3.0697
v  -17.9395 22.3887 2.5086
v  -16.3736 24.6519 1.4769
v  -16.6309 22.0976 2.2317
v  -14.3335 24.8356 1.1294
v  -15.8904 19.7976 3.0697
v  -14.8575 20.1323 2.5086
v  -14.1601 22.7945 1.4769
v  -16.1170 20.8595 2.5086
v  -13.5282 20.3063 2.2317
v  -12.3058 23.6649 1.1294
v  -12.6218 19.3186 2.5086
v  -12.0457 18.3983 3.0697
v  -11.1896 19.0660 2.5086
v  -11.4448 21.8062 1.4769
v  -10.0000 19.6842 2.2317
v  -10.0000 23.2583 1.1294
v  -7.9543 18.3983 3.0697
v  -7.3782 19.3186 2.5086
v  -8.5552 21.8062 1.4769
v  -8.8104 19.0660 2.5086
v  -6.4718 20.3063 2.2317
v  -7.6942 23.6649 1.1294
v  -5.1425 20.1323 2.5086
v  -4.1097 19.7976 3.0697
v  -3.8830 20.8594 2.5086
v  -5.8399 22.7945 1.4769
v  -3.3691 22.0976 2.2317
v  -5.6665 24.8356 1.1294
v  -0.9755 22.4275 3.0697
v  -1.1257 23.5028 2.5086
v  -3.6264 24.6519 1.4769
v  -2.0605 22.3887 2.5086
v  -1.0663 24.8421 2.2317
v  -4.1615 26.6291 1.1294
v  0.0639 25.5632 2.5086
v  1.0702 25.9708 3.0697
v  0.5613 26.9298 2.5086
v  -2.1816 27.1543 1.4769
v  3.2058 34.8065 12.5103
v  3.2058 34.8065 9.3827
v  3.5739 33.6372 9.3827
v  3.5739 33.6372 12.5103
v  2.9572 34.7160 6.5646
v  3.2592 33.5634 6.5266
v  3.8390 32.4402 9.3827
v  3.8390 32.4402 12.5103
v  3.4630 32.3739 6.4886
v  2.2117 34.4447 4.3656
v  2.3149 33.3419 4.2135
v  2.3350 32.1750 4.0615
v  2.9954 30.0000 4.3656
v  2.7152 31.0716 4.2135
v  3.7888 30.0000 6.5646
v  3.6783 31.1864 6.5266
v  4.0533 30.0000 9.3827
v  4.0533 30.0000 12.5103
v  3.9993 31.2247 12.5103
v  3.9993 31.2247 9.3827
v  0.7654 39.0333 12.5103
v  0.7654 39.0333 9.3827
v  1.5113 38.0604 9.3827
v  1.5113 38.0604 12.5103
v  0.5628 38.8633 6.5646
v  1.2408 37.8834 6.5266
v  2.1698 37.0262 9.3827
v  2.1698 37.0262 12.5103
v  1.8391 36.8353 6.4886
v  -0.0450 38.3533 4.3656
v  0.4292 37.3523 4.2135
v  0.8472 36.2626 4.0615
v  1.5819 35.3559 4.2135
v  2.4476 35.7931 6.5266
v  2.7362 35.9389 12.5103
v  2.7362 35.9389 9.3827
v  -2.9734 42.1705 12.5103
v  -2.9734 42.1705 9.3827
v  -1.9397 41.5114 9.3827
v  -1.9397 41.5114 12.5103
v  -3.1056 41.9415 6.5646
v  -2.1334 41.2525 6.5266
v  -0.9673 40.7648 9.3827
v  -0.9673 40.7648 12.5103
v  -1.2127 40.4723 6.4886
v  -3.5023 41.2543 4.3656
v  -2.7143 40.4759 4.2135
v  -1.9489 39.5949 4.0615
v  -0.9484 38.9941 4.2135
v  -0.2845 39.7011 6.5266
v  -0.0632 39.9367 12.5103
v  -0.0632 39.9367 9.3827
v  -7.5597 43.8398 12.5103
v  -7.5597 43.8398 9.3827
v  -6.3629 43.5739 9.3827
v  -6.3629 43.5739 12.5103
v  -7.6056 43.5793 6.5646
v  -6.4564 43.2644 6.5266
v  -5.1938 43.2050 9.3827
v  -5.1938 43.2050 12.5103
v  -5.3244 42.8462 6.4886
v  -7.7434 42.7979 4.3656
v  -6.7367 42.3360 4.2135
v  -5.7161 41.7699 4.0615
v  -4.5704 41.5475 4.2135
v  -4.1883 42.4389 6.5266
v  -4.0610 42.7361 12.5103
v  -4.0610 42.7361 9.3827
v  -12.4403 43.8398 12.5103
v  -12.4403 43.8398 9.3827
v  -11.2249 43.9993 9.3827
v  -11.2249 43.9993 12.5103
v  -12.3944 43.5793 6.5646
v  -11.2068 43.6765 6.5266
v  -10.0000 44.0524 9.3827
v  -10.0000 44.0524 12.5103
v  -10.0000 43.6706 6.4886
v  -12.2566 42.7979 4.3656
v  -11.1526 42.7081 4.2135
v  -10.0000 42.5253 4.0615
v  -8.8474 42.7081 4.2135
v  -8.7932 43.6765 6.5266
v  -8.7752 43.9993 12.5103
v  -8.7752 43.9993 9.3827
v  -17.0266 42.1705 12.5103
v  -17.0266 42.1705 9.3827
v  -15.9390 42.7361 9.3827
v  -15.9390 42.7361 12.5103
v  -16.8944 41.9414 6.5646
v  -15.8117 42.4389 6.5266
v  -14.8062 43.2050 9.3827
v  -14.8062 43.2050 12.5103
v  -14.6756 42.8462 6.4886
v  -16.4977 41.2543 4.3656
v  -15.4296 41.5475 4.2135
v  -14.2839 41.7699 4.0615
v  -13.2633 42.3360 4.2135
v  -13.5436 43.2644 6.5266
v  -13.6371 43.5739 12.5103
v  -13.6371 43.5739 9.3827
v  -20.7654 39.0333 12.5103
v  -20.7654 39.0333 9.3827
v  -19.9368 39.9367 9.3827
v  -19.9368 39.9367 12.5103
v  -20.5628 38.8633 6.5646
v  -19.7155 39.7011 6.5266
v  -19.0327 40.7648 9.3827
v  -19.0327 40.7648 12.5103
v  -18.7873 40.4723 6.4886
v  -19.9550 38.3533 4.3656
v  -19.0516 38.9941 4.2135
v  -18.0511 39.5949 4.0615
v  -17.2857 40.4759 4.2135
v  -17.8666 41.2525 6.5266
v  -18.0603 41.5114 12.5103
v  -18.0603 41.5114 9.3827
v  -23.2058 34.8065 12.5103
v  -23.2058 34.8065 9.3827
v  -22.7362 35.9389 9.3827
v  -22.7362 35.9389 12.5103
v  -22.9572 34.7160 6.5646
v  -22.4476 35.7931 6.5266
v  -22.1698 37.0262 9.3827
v  -22.1698 37.0262 12.5103
v  -21.8391 36.8353 6.4886
v  -22.2117 34.4447 4.3656
v  -21.5819 35.3559 4.2135
v  -20.8472 36.2626 4.0615
v  -20.4292 37.3523 4.2135
v  -21.2408 37.8834 6.5266
v  -21.5113 38.0604 12.5103
v  -21.5113 38.0604 9.3827
v  -24.0533 30.0000 12.5103
v  -24.0533 30.0000 9.3827
v  -23.9993 31.2247 9.3827
v  -23.9993 31.2247 12.5103
v  -23.7888 30.0000 6.5646
v  -23.6783 31.1864 6.5266
v  -23.8390 32.4402 9.3827
v  -23.8390 32.4402 12.5103
v  -23.4630 32.3739 6.4886
v  -22.9954 30.0000 4.3656
v  -22.7152 31.0716 4.2135
v  -22.3350 32.1750 4.0615
v  -22.3149 33.3419 4.2135
v  -23.2592 33.5634 6.5266
v  -23.5739 33.6372 12.5103
v  -23.5739 33.6372 9.3827
v  -23.2058 25.1935 12.5103
v  -23.2058 25.1935 9.3827
v  -23.5739 26.3628 9.3827
v  -23.5739 26.3628 12.5103
v  -22.9572 25.2840 6.5646
v  -23.2592 26.4366 6.5266
v  -23.8390 27.5598 9.3827
v  -23.8390 27.5598 12.5103
v  -23.4630 27.6261 6.4886
v  -22.2117 25.5553 4.3656
v  -22.3149 26.6581 4.2135
v  -22.3350 27.8250 4.0615
v  -22.7152 28.9284 4.2135
v  -23.6783 28.8136 6.5266
v  -23.9993 28.7753 12.5103
v  -23.9993 28.7753 9.3827
v  -20.7654 20.9667 12.5103
v  -20.7654 20.9667 9.3827
v  -21.5113 21.9396 9.3827
v  -21.5113 21.9396 12.5103
v  -20.5628 21.1367 6.5646
v  -21.2408 22.1166 6.5266
v  -22.1698 22.9738 9.3827
v  -22.1698 22.9738 12.5103
v  -21.8391 23.1647 6.4886
v  -19.9550 21.6467 4.3656
v  -20.4292 22.6477 4.2135
v  -20.8472 23.7374 4.0615
v  -21.5819 24.6441 4.2135
v  -22.4476 24.2069 6.5266
v  -22.7362 24.0611 12.5103
v  -22.7362 24.0611 9.3827
v  -17.0266 17.8295 12.5103
v  -17.0266 17.8295 9.3827
v  -18.0603 18.4886 9.3827
v  -18.0603 18.4886 12.5103
v  -16.8944 18.0586 6.5646
v  -17.8666 18.7475 6.5266
v  -19.0327 19.2352 9.3827
v  -19.0327 19.2352 12.5103
v  -18.7873 19.5277 6.4886
v  -16.4977 18.7457 4.3656
v  -17.2857 19.5241 4.2135
v  -18.0511 20.4051 4.0615
v  -19.0516 21.0059 4.2135
v  -19.7155 20.2989 6.5266
v  -19.9369 20.0633 12.5103
v  -19.9369 20.0633 9.3827
v  -12.4403 16.1602 12.5103
v  -12.4403 16.1602 9.3827
v  -13.6371 16.4261 9.3827
v  -13.6371 16.4261 12.5103
v  -12.3944 16.4207 6.5646
v  -13.5436 16.7356 6.5266
v  -14.8062 16.7950 9.3827
v  -14.8062 16.7950 12.5103
v  -14.6756 17.1538 6.4886
v  -12.2566 17.2021 4.3656
v  -13.2633 17.6640 4.2135
v  -14.2839 18.2301 4.0615
v  -15.4296 18.4525 4.2135
v  -15.8117 17.5611 6.5266
v  -15.9390 17.2639 12.5103
v  -15.9390 17.2639 9.3827
v  -7.5597 16.1602 12.5103
v  -7.5597 16.1602 9.3827
v  -8.7752 16.0007 9.3827
v  -8.7752 16.0007 12.5103
v  -7.6056 16.4207 6.5646
v  -8.7932 16.3235 6.5266
v  -10.0000 15.9476 9.3827
v  -10.0000 15.9476 12.5103
v  -10.0000 16.3294 6.4886
v  -7.7434 17.2021 4.3656
v  -8.8474 17.2919 4.2135
v  -10.0000 17.4747 4.0615
v  -11.1526 17.2919 4.2135
v  -11.2068 16.3235 6.5266
v  -11.2249 16.0007 12.5103
v  -11.2249 16.0007 9.3827
v  -2.9734 17.8295 12.5103
v  -2.9734 17.8295 9.3827
v  -4.0610 17.2639 9.3827
v  -4.0610 17.2639 12.5103
v  -3.1056 18.0585 6.5646
v  -4.1884 17.5611 6.5266
v  -5.1938 16.7950 9.3827
v  -5.1938 16.7950 12.5103
v  -5.3244 17.1538 6.4886
v  -3.5023 18.7457 4.3656
v  -4.5704 18.4525 4.2135
v  -5.7161 18.2301 4.0615
v  -6.7367 17.6640 4.2135
v  -6.4564 16.7356 6.5266
v  -6.3630 16.4261 12.5103
v  -6.3630 16.4261 9.3827
v  0.7654 20.9667 12.5103
v  0.7654 20.9667 9.3827
v  -0.0632 20.0632 9.3827
v  -0.0632 20.0632 12.5103
v  0.5628 21.1367 6.5646
v  -0.2845 20.2989 6.5266
v  -0.9673 19.2352 9.3827
v  -0.9673 19.2352 12.5103
v  -1.2127 19.5277 6.4886
v  -0.0450 21.6467 4.3656
v  -0.9484 21.0059 4.2135
v  -1.9489 20.4051 4.0615
v  -2.7143 19.5241 4.2135
v  -2.1334 18.7475 6.5266
v  -1.9397 18.4886 12.5103
v  -1.9397 18.4886 9.3827
v  3.2058 25.1935 12.5103
v  3.2058 25.1935 9.3827
v  2.7361 24.0611 9.3827
v  2.7361 24.0611 12.5103
v  2.9572 25.2839 6.5646
v  2.4476 24.2069 6.5266
v  2.1698 22.9738 9.3827
v  2.1698 22.9738 12.5103
v  1.8391 23.1647 6.4886
v  2.2117 25.5553 4.3656
v  1.5819 24.6441 4.2135
v  0.8472 23.7374 4.0615
v  0.4292 22.6477 4.2135
v  1.2408 22.1166 6.5266
v  1.5113 21.9396 12.5103
v  1.5113 21.9396 9.3827
v  3.9993 28.7753 9.3827
v  3.9993 28.7753 12.5103
v  3.6783 28.8136 6.5266
v  3.8390 27.5598 9.3827
v  3.8390 27.5598 12.5103
v  3.4630 27.6261 6.4886
v  2.7152 28.9284 4.2135
v  2.3350 27.8250 4.0615
v  2.3149 26.6581 4.2135
v  3.2592 26.4366 6.5266
v  3.5739 26.3628 12.5103
v  3.5739 26.3628 9.3827
v  3.2058 34.8065 25.0206
v  3.2058 34.8065 21.8930
v  3.5739 33.6372 21.8930
v  3.5739 33.6372 25.0206
v  3.2058 34.8065 18.7654
v  3.5739 33.6372 18.7654
v  3.8390 32.4402 21.8930
v  3.8390 32.4402 25.0206
v  3.8390 32.4402 18.7654
v  3.2058 34.8065 15.6379
v  3.5739 33.6372 15.6379
v  3.8390 32.4402 15.6378
v  4.0533 30.0000 15.6378
v  3.9993 31.2247 15.6378
v  4.0533 30.0000 18.7654
v  3.9993 31.2247 18.7654
v  4.0533 30.0000 21.8930
v  4.0533 30.0000 25.0206
v  3.9993 31.2247 25.0206
v  3.9993 31.2247 21.8930
v  0.7654 39.0333 25.0206
v  0.7654 39.0333 21.8930
v  1.5113 38.0604 21.8930
v  1.5113 38.0604 25.0206
v  0.7654 39.0333 18.7654
v  1.5113 38.0604 18.7654
v  2.1698 37.0262 21.8930
v  2.1698 37.0262 25.0206
v  2.1698 37.0262 18.7654
v  0.7654 39.0333 15.6379
v  1.5113 38.0604 15.6379
v  2.1698 37.0262 15.6379
v  2.7362 35.9389 15.6379
v  2.7362 35.9389 18.7654
v  2.7362 35.9389 25.0206
v  2.7362 35.9389 21.8930
v  -2.9734 42.1705 25.0206
v  -2.9734 42.1705 21.8930
v  -1.9397 41.5114 21.8930
v  -1.9397 41.5114 25.0206
v  -2.9734 42.1705 18.7654
v  -1.9397 41.5114 18.7654
v  -0.9673 40.7648 21.8930
v  -0.9673 40.7648 25.0206
v  -0.9673 40.7648 18.7654
v  -2.9734 42.1705 15.6379
v  -1.9397 41.5114 15.6379
v  -0.9673 40.7648 15.6379
v  -0.0632 39.9367 15.6379
v  -0.0632 39.9367 18.7654
v  -0.0632 39.9367 25.0206
v  -0.0632 39.9367 21.8930
v  -7.5597 43.8398 25.0206
v  -7.5597 43.8398 21.8930
v  -6.3629 43.5739 21.8930
v  -6.3629 43.5739 25.0206
v  -7.5597 43.8398 18.7654
v  -6.3629 43.5739 18.7654
v  -5.1938 43.2050 21.8930
v  -5.1938 43.2050 25.0206
v  -5.1938 43.2050 18.7654
v  -7.5597 43.8398 15.6379
v  -6.3629 43.5739 15.6379
v  -5.1938 43.2050 15.6379
v  -4.0610 42.7361 15.6379
v  -4.0610 42.7361 18.7654
v  -4.0610 42.7361 25.0206
v  -4.0610 42.7361 21.8930
v  -12.4403 43.8398 25.0206
v  -12.4403 43.8398 21.8930
v  -11.2249 43.9993 21.8930
v  -11.2249 43.9993 25.0206
v  -12.4403 43.8398 18.7654
v  -11.2249 43.9993 18.7654
v  -10.0000 44.0524 21.8930
v  -10.0000 44.0524 25.0206
v  -10.0000 44.0524 18.7654
v  -12.4403 43.8398 15.6379
v  -11.2249 43.9993 15.6379
v  -10.0000 44.0524 15.6379
v  -8.7752 43.9993 15.6379
v  -8.7752 43.9993 18.7654
v  -8.7752 43.9993 25.0206
v  -8.7752 43.9993 21.8930
v  -17.0266 42.1705 25.0206
v  -17.0266 42.1705 21.8930
v  -15.9390 42.7361 21.8930
v  -15.9390 42.7361 25.0206
v  -17.0266 42.1705 18.7654
v  -15.9390 42.7361 18.7654
v  -14.8062 43.2050 21.8930
v  -14.8062 43.2050 25.0206
v  -14.8062 43.2050 18.7654
v  -17.0266 42.1705 15.6379
v  -15.9390 42.7361 15.6379
v  -14.8062 43.2050 15.6379
v  -13.6371 43.5739 15.6379
v  -13.6371 43.5739 18.7654
v  -13.6371 43.5739 25.0206
v  -13.6371 43.5739 21.8930
v  -20.7654 39.0333 25.0206
v  -20.7654 39.0333 21.8930
v  -19.9368 39.9367 21.8930
v  -19.9368 39.9367 25.0206
v  -20.7654 39.0333 18.7654
v  -19.9368 39.9367 18.7654
v  -19.0327 40.7648 21.8930
v  -19.0327 40.7648 25.0206
v  -19.0327 40.7648 18.7654
v  -20.7654 39.0333 15.6379
v  -19.9368 39.9367 15.6379
v  -19.0327 40.7648 15.6379
v  -18.0603 41.5114 15.6379
v  -18.0603 41.5114 18.7654
v  -18.0603 41.5114 25.0206
v  -18.0603 41.5114 21.8930
v  -23.2058 34.8065 25.0206
v  -23.2058 34.8065 21.8930
v  -22.7362 35.9389 21.8930
v  -22.7362 35.9389 25.0206
v  -23.2058 34.8065 18.7654
v  -22.7362 35.9389 18.7654
v  -22.1698 37.0262 21.8930
v  -22.1698 37.0262 25.0206
v  -22.1698 37.0262 18.7654
v  -23.2058 34.8065 15.6379
v  -22.7362 35.9389 15.6379
v  -22.1698 37.0262 15.6379
v  -21.5113 38.0604 15.6379
v  -21.5113 38.0604 18.7654
v  -21.5113 38.0604 25.0206
v  -21.5113 38.0604 21.8930
v  -24.0533 30.0000 25.0206
v  -24.0533 30.0000 21.8930
v  -23.9993 31.2247 21.8930
v  -23.9993 31.2247 25.0206
v  -24.0533 30.0000 18.7654
v  -23.9993 31.2247 18.7654
v  -23.8390 32.4402 21.8930
v  -23.8390 32.4402 25.0206
v  -23.8390 32.4402 18.7654
v  -24.0533 30.0000 15.6378
v  -23.9993 31.2247 15.6378
v  -23.8390 32.4402 15.6378
v  -23.5739 33.6372 15.6379
v  -23.5739 33.6372 18.7654
v  -23.5739 33.6372 25.0206
v  -23.5739 33.6372 21.8930
v  -23.2058 25.1935 25.0206
v  -23.2058 25.1935 21.8930
v  -23.5739 26.3628 21.8930
v  -23.5739 26.3628 25.0206
v  -23.2058 25.1935 18.7654
v  -23.5739 26.3628 18.7654
v  -23.8390 27.5598 21.8930
v  -23.8390 27.5598 25.0206
v  -23.8390 27.5598 18.7654
v  -23.2058 25.1935 15.6378
v  -23.5739 26.3628 15.6378
v  -23.8390 27.5598 15.6378
v  -23.9993 28.7753 15.6378
v  -23.9993 28.7753 18.7654
v  -23.9993 28.7753 25.0206
v  -23.9993 28.7753 21.8930
v  -20.7654 20.9667 25.0206
v  -20.7654 20.9667 21.8930
v  -21.5113 21.9396 21.8930
v  -21.5113 21.9396 25.0206
v  -20.7654 20.9667 18.7654
v  -21.5113 21.9396 18.7654
v  -22.1698 22.9738 21.8930
v  -22.1698 22.9738 25.0206
v  -22.1698 22.9738 18.7654
v  -20.7654 20.9667 15.6378
v  -21.5113 21.9396 15.6378
v  -22.1698 22.9738 15.6378
v  -22.7362 24.0611 15.6378
v  -22.7362 24.0611 18.7654
v  -22.7362 24.0611 25.0206
v  -22.7362 24.0611 21.8930
v  -17.0266 17.8295 25.0206
v  -17.0266 17.8295 21.8930
v  -18.0603 18.4886 21.8930
v  -18.0603 18.4886 25.0206
v  -17.0266 17.8295 18.7654
v  -18.0603 18.4886 18.7654
v  -19.0327 19.2352 21.8930
v  -19.0327 19.2352 25.0206
v  -19.0327 19.2352 18.7654
v  -17.0266 17.8295 15.6378
v  -18.0603 18.4886 15.6378
v  -19.0327 19.2352 15.6378
v  -19.9369 20.0633 15.6378
v  -19.9369 20.0633 18.7654
v  -19.9369 20.0633 25.0206
v  -19.9369 20.0633 21.8930
v  -12.4403 16.1602 25.0206
v  -12.4403 16.1602 21.8930
v  -13.6371 16.4261 21.8930
v  -13.6371 16.4261 25.0206
v  -12.4403 16.1602 18.7654
v  -13.6371 16.4261 18.7654
v  -14.8062 16.7950 21.8930
v  -14.8062 16.7950 25.0206
v  -14.8062 16.7950 18.7654
v  -12.4403 16.1602 15.6378
v  -13.6371 16.4261 15.6378
v  -14.8062 16.7950 15.6378
v  -15.9390 17.2639 15.6378
v  -15.9390 17.2639 18.7654
v  -15.9390 17.2639 25.0206
v  -15.9390 17.2639 21.8930
v  -7.5597 16.1602 25.0206
v  -7.5597 16.1602 21.8930
v  -8.7752 16.0007 21.8930
v  -8.7752 16.0007 25.0206
v  -7.5597 16.1602 18.7654
v  -8.7752 16.0007 18.7654
v  -10.0000 15.9476 21.8930
v  -10.0000 15.9476 25.0206
v  -10.0000 15.9476 18.7654
v  -7.5597 16.1602 15.6378
v  -8.7752 16.0007 15.6378
v  -10.0000 15.9476 15.6378
v  -11.2249 16.0007 15.6378
v  -11.2249 16.0007 18.7654
v  -11.2249 16.0007 25.0206
v  -11.2249 16.0007 21.8930
v  -2.9734 17.8295 25.0206
v  -2.9734 17.8295 21.8930
v  -4.0610 17.2639 21.8930
v  -4.0610 17.2639 25.0206
v  -2.9734 17.8295 18.7654
v  -4.0610 17.2639 18.7654
v  -5.1938 16.7950 21.8930
v  -5.1938 16.7950 25.0206
v  -5.1938 16.7950 18.7654
v  -2.9734 17.8295 15.6378
v  -4.0610 17.2639 15.6378
v  -5.1938 16.7950 15.6378
v  -6.3630 16.4261 15.6378
v  -6.3630 16.4261 18.7654
v  -6.3630 16.4261 25.0206
v  -6.3630 16.4261 21.8930
v  0.7654 20.9667 25.0206
v  0.7654 20.9667 21.8930
v  -0.0632 20.0632 21.8930
v  -0.0632 20.0632 25.0206
v  0.7654 20.9667 18.7654
v  -0.0632 20.0632 18.7654
v  -0.9673 19.2352 21.8930
v  -0.9673 19.2352 25.0206
v  -0.9673 19.2352 18.7654
v  0.7654 20.9667 15.6378
v  -0.0632 20.0632 15.6378
v  -0.9673 19.2352 15.6378
v  -1.9397 18.4886 15.6378
v  -1.9397 18.4886 18.7654
v  -1.9397 18.4886 25.0206
v  -1.9397 18.4886 21.8930
v  3.2058 25.1935 25.0206
v  3.2058 25.1935 21.8930
v  2.7361 24.0611 21.8930
v  2.7361 24.0611 25.0206
v  3.2058 25.1935 18.7654
v  2.7361 24.0611 18.7654
v  2.1698 22.9738 21.8930
v  2.1698 22.9738 25.0206
v  2.1698 22.9738 18.7654
v  3.2058 25.1935 15.6378
v  2.7361 24.0611 15.6378
v  2.1698 22.9738 15.6378
v  1.5113 21.9396 15.6378
v  1.5113 21.9396 18.7654
v  1.5113 21.9396 25.0206
v  1.5113 21.9396 21.8930
v  3.9993 28.7753 21.8930
v  3.9993 28.7753 25.0206
v  3.9993 28.7753 18.7654
v  3.8390 27.5598 21.8930
v  3.8390 27.5598 25.0206
v  3.8390 27.5598 18.7654
v  3.9993 28.7753 15.6378
v  3.8390 27.5598 15.6378
v  3.5739 26.3628 15.6378
v  3.5739 26.3628 18.7654
v  3.5739 26.3628 25.0206
v  3.5739 26.3628 21.8930
v  3.2058 34.8065 37.5308
v  3.2058 34.8065 34.4033
v  3.5739 33.6372 34.4033
v  3.5739 33.6372 37.5308
v  3.2058 34.8065 31.2757
v  3.5739 33.6372 31.2757
v  3.8390 32.4402 34.4033
v  3.8390 32.4402 37.5308
v  3.8390 32.4402 31.2757
v  3.2058 34.8065 28.1481
v  3.5739 33.6372 28.1481
v  3.8390 32.4402 28.1481
v  4.0533 30.0000 28.1481
v  3.9993 31.2247 28.1481
v  4.0533 30.0000 31.2757
v  3.9993 31.2247 31.2757
v  4.0533 30.0000 34.4033
v  4.0533 30.0000 37.5308
v  3.9993 31.2247 37.5308
v  3.9993 31.2247 34.4033
v  0.7654 39.0333 37.5308
v  0.7654 39.0333 34.4033
v  1.5113 38.0604 34.4033
v  1.5113 38.0604 37.5308
v  0.7654 39.0333 31.2757
v  1.5113 38.0604 31.2757
v  2.1698 37.0262 34.4033
v  2.1698 37.0262 37.5308
v  2.1698 37.0262 31.2757
v  0.7654 39.0333 28.1481
v  1.5113 38.0604 28.1481
v  2.1698 37.0262 28.1481
v  2.7362 35.9389 28.1481
v  2.7362 35.9389 31.2757
v  2.7362 35.9389 37.5308
v  2.7362 35.9389 34.4033
v  -2.9734 42.1705 37.5308
v  -2.9734 42.1705 34.4033
v  -1.9397 41.5114 34.4033
v  -1.9397 41.5114 37.5308
v  -2.9734 42.1705 31.2757
v  -1.9397 41.5114 31.2757
v  -0.9673 40.7648 34.4033
v  -0.9673 40.7648 37.5308
v  -0.9673 40.7648 31.2757
v  -2.9734 42.1705 28.1481
v  -1.9397 41.5114 28.1481
v  -0.9673 40.7648 28.1481
v  -0.0632 39.9367 28.1481
v  -0.0632 39.9367 31.2757
v  -0.0632 39.9367 37.5308
v  -0.0632 39.9367 34.4033
v  -7.5597 43.8398 37.5308
v  -7.5597 43.8398 34.4033
v  -6.3629 43.5739 34.4033
v  -6.3629 43.5739 37.5308
v  -7.5597 43.8398 31.2757
v  -6.3629 43.5739 31.2757
v  -5.1938 43.2050 34.4033
v  -5.1938 43.2050 37.5308
v  -5.1938 43.2050 31.2757
v  -7.5597 43.8398 28.1481
v  -6.3629 43.5739 28.1481
v  -5.1938 43.2050 28.1481
v  -4.0610 42.7361 28.1481
v  -4.0610 42.7361 31.2757
v  -4.0610 42.7361 37.5308
v  -4.0610 42.7361 34.4033
v  -12.4403 43.8398 37.5308
v  -12.4403 43.8398 34.4033
v  -11.2249 43.9993 34.4033
v  -11.2249 43.9993 37.5308
v  -12.4403 43.8398 31.2757
v  -11.2249 43.9993 31.2757
v  -10.0000 44.0524 34.4033
v  -10.0000 44.0524 37.5308
v  -10.0000 44.0524 31.2757
v  -12.4403 43.8398 28.1481
v  -11.2249 43.9993 28.1481
v  -10.0000 44.0524 28.1481
v  -8.7752 43.9993 28.1481
v  -8.7752 43.9993 31.2757
v  -8.7752 43.9993 37.5308
v  -8.7752 43.9993 34.4033
v  -17.0266 42.1705 37.5308
v  -17.0266 42.1705 34.4033
v  -15.9390 42.7361 34.4033
v  -15.9390 42.7361 37.5308
v  -17.0266 42.1705 31.2757
v  -15.9390 42.7361 31.2757
v  -14.8062 43.2050 34.4033
v  -14.8062 43.2050 37.5308
v  -14.8062 43.2050 31.2757
v  -17.0266 42.1705 28.1481
v  -15.9390 42.7361 28.1481
v  -14.8062 43.2050 28.1481
v  -13.6371 43.5739 28.1481
v  -13.6371 43.5739 31.2757
v  -13.6371 43.5739 37.5308
v  -13.6371 43.5739 34.4033
v  -20.7654 39.0333 37.5308
v  -20.7654 39.0333 34.4033
v  -19.9368 39.9367 34.4033
v  -19.9368 39.9367 37.5308
v  -20.7654 39.0333 31.2757
v  -19.9368 39.9367 31.2757
v  -19.0327 40.7648 34.4033
v  -19.0327 40.7648 37.5308
v  -19.0327 40.7648 31.2757
v  -20.7654 39.0333 28.1481
v  -19.9368 39.9367 28.1481
v  -19.0327 40.7648 28.1481
v  -18.0603 41.5114 28.1481
v  -18.0603 41.5114 31.2757
v  -18.0603 41.5114 37.5308
v  -18.0603 41.5114 34.4033
v  -23.2058 34.8065 37.5308
v  -23.2058 34.8065 34.4033
v  -22.7362 35.9389 34.4033
v  -22.7362 35.9389 37.5308
v  -23.2058 34.8065 31.2757
v  -22.7362 35.9389 31.2757
v  -22.1698 37.0262 34.4033
v  -22.1698 37.0262 37.5308
v  -22.1698 37.0262 31.2757
v  -23.2058 34.8065 28.1481
v  -22.7362 35.9389 28.1481
v  -22.1698 37.0262 28.1481
v  -21.5113 38.0604 28.1481
v  -21.5113 38.0604 31.2757
v  -21.5113 38.0604 37.5308
v  -21.5113 38.0604 34.4033
v  -24.0533 30.0000 37.5308
v  -24.0533 30.0000 34.4033
v  -23.9993 31.2247 34.4033
v  -23.9993 31.2247 37.5308
v  -24.0533 30.0000 31.2757
v  -23.9993 31.2247 31.2757
v  -23.8390 32.4402 34.4033
v  -23.8390 32.4402 37.5308
v  -23.8390 32.4402 31.2757
v  -24.0533 30.0000 28.1481
v  -23.9993 31.2247 28.1481
v  -23.8390 32.4402 28.1481
v  -23.5739 33.6372 28.1481
v  -23.5739 33.6372 31.2757
v  -23.5739 33.6372 37.5308
v  -23.5739 33.6372 34.4033
v  -23.2058 25.1935 37.5308
v  -23.2058 25.1935 34.4033
v  -23.5739 26.3628 34.4033
v  -23.5739 26.3628 37.5308
v  -23.2058 25.1935 31.2757
v  -23.5739 26.3628 31.2757
v  -23.8390 27.5598 34.4033
v  -23.8390 27.5598 37.5308
v  -23.8390 27.5598 31.2757
v  -23.2058 25.1935 28.1481
v  -23.5739 26.3628 28.1481
v  -23.8390 27.5598 28.1481
v  -23.9993 28.7753 28.1481
v  -23.9993 28.7753 31.2757
v  -23.9993 28.7753 37.5308
v  -23.9993 28.7753 34.4033
v  -20.7654 20.9667 37.5308
v  -20.7654 20.9667 34.4033
v  -21.5113 21.9396 34.4033
v  -21.5113 21.9396 37.5308
v  -20.7654 20.9667 31.2757
v  -21.5113 21.9396 31.2757
v  -22.1698 22.9738 34.4033
v  -22.1698 22.9738 37.5308
v  -22.1698 22.9738 31.2757
v  -20.7654 20.9667 28.1481
v  -21.5113 21.9396 28.1481
v  -22.1698 22.9738 28.1481
v  -22.7362 24.0611 28.1481
v  -22.7362 24.0611 31.2757
v  -22.7362 24.0611 37.5308
v  -22.7362 24.0611 34.4033
v  -17.0266 17.8295 37.5308
v  -17.0266 17.8295 34.4033
v  -18.0603 18.4886 34.4033
v  -18.0603 18.4886 37.5308
v  -17.0266 17.8295 31.2757
v  -18.0603 18.4886 31.2757
v  -19.0327 19.2352 34.4033
v  -19.0327 19.2352 37.5308
v  -19.0327 19.2352 31.2757
v  -17.0266 17.8295 28.1481
v  -18.0603 18.4886 28.1481
v  -19.0327 19.2352 28.1481
v  -19.9369 20.0633 28.1481
v  -19.9369 20.0633 31.2757
v  -19.9369 20.0633 37.5308
v  -19.9369 20.0632 34.4033
v  -12.4403 16.1602 37.5308
v  -12.4403 16.1602 34.4033
v  -13.6371 16.4261 34.4033
v  -13.6371 16.4261 37.5308
v  -12.4403 16.1602 31.2757
v  -13.6371 16.4261 31.2757
v  -14.8062 16.7950 34.4033
v  -14.8062 16.7950 37.5308
v  -14.8062 16.7950 31.2757
v  -12.4403 16.1602 28.1481
v  -13.6371 16.4261 28.1481
v  -14.8062 16.7950 28.1481
v  -15.9390 17.2639 28.1481
v  -15.9390 17.2639 31.2757
v  -15.9390 17.2639 37.5308
v  -15.9390 17.2639 34.4033
v  -7.5597 16.1602 37.5308
v  -7.5597 16.1602 34.4033
v  -8.7752 16.0007 34.4033
v  -8.7752 16.0007 37.5308
v  -7.5597 16.1602 31.2757
v  -8.7752 16.0007 31.2757
v  -10.0000 15.9476 34.4033
v  -10.0000 15.9476 37.5308
v  -10.0000 15.9476 31.2757
v  -7.5597 16.1602 28.1481
v  -8.7752 16.0007 28.1481
v  -10.0000 15.9476 28.1481
v  -11.2249 16.0007 28.1481
v  -11.2249 16.0007 31.2757
v  -11.2249 16.0007 37.5308
v  -11.2249 16.0007 34.4033
v  -2.9734 17.8295 37.5308
v  -2.9734 17.8295 34.4033
v  -4.0610 17.2639 34.4033
v  -4.0610 17.2639 37.5308
v  -2.9734 17.8295 31.2757
v  -4.0610 17.2639 31.2757
v  -5.1938 16.7950 34.4033
v  -5.1938 16.7950 37.5308
v  -5.1938 16.7950 31.2757
v  -2.9734 17.8295 28.1481
v  -4.0610 17.2639 28.1481
v  -5.1938 16.7950 28.1481
v  -6.3630 16.4261 28.1481
v  -6.3630 16.4261 31.2757
v  -6.3630 16.4261 37.5308
v  -6.3630 16.4261 34.4033
v  0.7654 20.9667 37.5308
v  0.7654 20.9667 34.4033
v  -0.0632 20.0632 34.4033
v  -0.0632 20.0632 37.5308
v  0.7654 20.9667 31.2757
v  -0.0632 20.0632 31.2757
v  -0.9673 19.2352 34.4033
v  -0.9673 19.2352 37.5308
v  -0.9673 19.2352 31.2757
v  0.7654 20.9667 28.1481
v  -0.0632 20.0632 28.1481
v  -0.9673 19.2352 28.1481
v  -1.9397 18.4886 28.1481
v  -1.9397 18.4886 31.2757
v  -1.9397 18.4886 37.5308
v  -1.9397 18.4886 34.4033
v  3.2058 25.1935 37.5308
v  3.2058 25.1935 34.4033
v  2.7361 24.0611 34.4033
v  2.7361 24.0611 37.5308
v  3.2058 25.1935 31.2757
v  2.7361 24.0611 31.2757
v  2.1698 22.9738 34.4033
v  2.1698 22.9738 37.5308
v  2.1698 22.9738 31.2757
v  3.2058 25.1935 28.1481
v  2.7361 24.0611 28.1481
v  2.1698 22.9738 28.1481
v  1.5113 21.9396 28.1481
v  1.5113 21.9396 31.2757
v  1.5113 21.9396 37.5308
v  1.5113 21.9396 34.4033
v  3.9993 28.7753 34.4033
v  3.9993 28.7753 37.5308
v  3.9993 28.7753 31.2757
v  3.8390 27.5598 34.4033
v  3.8390 27.5598 37.5308
v  3.8390 27.5598 31.2757
v  3.9993 28.7753 28.1481
v  3.8390 27.5598 28.1481
v  3.5739 26.3628 28.1481
v  3.5739 26.3628 31.2757
v  3.5739 26.3628 37.5308
v  3.5739 26.3628 34.4033
v  3.2058 34.8065 50.0411
v  3.2058 34.8065 46.9135
v  3.5739 33.6372 46.9135
v  3.5739 33.6372 50.0411
v  3.2058 34.8065 43.7860
v  3.5739 33.6372 43.7860
v  3.8390 32.4402 46.9135
v  3.8390 32.4402 50.0411
v  3.8390 32.4402 43.7860
v  3.2058 34.8065 40.6584
v  3.5739 33.6372 40.6584
v  3.8390 32.4402 40.6584
v  4.0533 30.0000 40.6584
v  3.9993 31.2247 40.6584
v  4.0533 30.0000 43.7860
v  3.9993 31.2247 43.7860
v  4.0533 30.0000 46.9135
v  4.0533 30.0000 50.0411
v  3.9993 31.2247 50.0411
v  3.9993 31.2247 46.9135
v  0.7654 39.0333 50.0411
v  0.7654 39.0333 46.9135
v  1.5113 38.0604 46.9135
v  1.5113 38.0604 50.0411
v  0.7654 39.0333 43.7860
v  1.5113 38.0604 43.7860
v  2.1698 37.0262 46.9135
v  2.1698 37.0262 50.0411
v  2.1698 37.0262 43.7860
v  0.7654 39.0333 40.6584
v  1.5113 38.0604 40.6584
v  2.1698 37.0262 40.6584
v  2.7362 35.9389 40.6584
v  2.7362 35.9389 43.7860
v  2.7362 35.9389 50.0411
v  2.7362 35.9389 46.9135
v  -2.9734 42.1705 50.0411
v  -2.9734 42.1705 46.9136
v  -1.9397 41.5114 46.9135
v  -1.9397 41.5114 50.0411
v  -2.9734 42.1705 43.7860
v  -1.9397 41.5114 43.7860
v  -0.9673 40.7648 46.9135
v  -0.9673 40.7648 50.0411
v  -0.9673 40.7648 43.7860
v  -2.9734 42.1705 40.6584
v  -1.9397 41.5114 40.6584
v  -0.9673 40.7648 40.6584
v  -0.0632 39.9367 40.6584
v  -0.0632 39.9367 43.7860
v  -0.0632 39.9367 50.0411
v  -0.0632 39.9367 46.9135
v  -7.5597 43.8398 50.0411
v  -7.5597 43.8398 46.9136
v  -6.3629 43.5739 46.9136
v  -6.3629 43.5739 50.0411
v  -7.5597 43.8398 43.7860
v  -6.3629 43.5739 43.7860
v  -5.1938 43.2050 46.9136
v  -5.1938 43.2050 50.0411
v  -5.1938 43.2050 43.7860
v  -7.5597 43.8398 40.6584
v  -6.3629 43.5739 40.6584
v  -5.1938 43.2050 40.6584
v  -4.0610 42.7361 40.6584
v  -4.0610 42.7361 43.7860
v  -4.0610 42.7361 50.0411
v  -4.0610 42.7361 46.9136
v  -12.4403 43.8398 50.0411
v  -12.4403 43.8398 46.9136
v  -11.2249 43.9993 46.9136
v  -11.2249 43.9993 50.0411
v  -12.4403 43.8398 43.7860
v  -11.2249 43.9993 43.7860
v  -10.0000 44.0524 46.9136
v  -10.0000 44.0524 50.0411
v  -10.0000 44.0524 43.7860
v  -12.4403 43.8398 40.6584
v  -11.2249 43.9993 40.6584
v  -10.0000 44.0524 40.6584
v  -8.7752 43.9993 40.6584
v  -8.7752 43.9993 43.7860
v  -8.7752 43.9993 50.0411
v  -8.7752 43.9993 46.9136
v  -17.0266 42.1705 50.0411
v  -17.0266 42.1705 46.9136
v  -15.9390 42.7361 46.9136
v  -15.9390 42.7361 50.0411
v  -17.0266 42.1705 43.7860
v  -15.9390 42.7361 43.7860
v  -14.8062 43.2050 46.9136
v  -14.8062 43.2050 50.0411
v  -14.8062 43.2050 43.7860
v  -17.0266 42.1705 40.6584
v  -15.9390 42.7361 40.6584
v  -14.8062 43.2050 40.6584
v  -13.6371 43.5739 40.6584
v  -13.6371 43.5739 43.7860
v  -13.6371 43.5739 50.0411
v  -13.6371 43.5739 46.9136
v  -20.7654 39.0333 50.0411
v  -20.7654 39.0333 46.9135
v  -19.9368 39.9367 46.9135
v  -19.9368 39.9367 50.0411
v  -20.7654 39.0333 43.7860
v  -19.9368 39.9367 43.7860
v  -19.0327 40.7648 46.9135
v  -19.0327 40.7648 50.0411
v  -19.0327 40.7648 43.7860
v  -20.7654 39.0333 40.6584
v  -19.9368 39.9367 40.6584
v  -19.0327 40.7648 40.6584
v  -18.0603 41.5114 40.6584
v  -18.0603 41.5114 43.7860
v  -18.0603 41.5114 50.0411
v  -18.0603 41.5114 46.9135
v  -23.2058 34.8065 50.0411
v  -23.2058 34.8065 46.9135
v  -22.7362 35.9389 46.9135
v  -22.7362 35.9389 50.0411
v  -23.2058 34.8065 43.7860
v  -22.7362 35.9389 43.7860
v  -22.1698 37.0262 46.9135
v  -22.1698 37.0262 50.0411
v  -22.1698 37.0262 43.7860
v  -23.2058 34.8065 40.6584
v  -22.7362 35.9389 40.6584
v  -22.1698 37.0262 40.6584
v  -21.5113 38.0604 40.6584
v  -21.5113 38.0604 43.7860
v  -21.5113 38.0604 50.0411
v  -21.5113 38.0604 46.9135
v  -24.0533 30.0000 50.0411
v  -24.0533 30.0000 46.9135
v  -23.9993 31.2247 46.9135
v  -23.9993 31.2247 50.0411
v  -24.0533 30.0000 43.7860
v  -23.9993 31.2247 43.7860
v  -23.8390 32.4402 46.9135
v  -23.8390 32.4402 50.0411
v  -23.8390 32.4402 43.7860
v  -24.0533 30.0000 40.6584
v  -23.9993 31.2247 40.6584
v  -23.8390 32.4402 40.6584
v  -23.5739 33.6372 40.6584
v  -23.5739 33.6372 43.7860
v  -23.5739 33.6372 50.0411
v  -23.5739 33.6372 46.9135
v  -23.2058 25.1935 50.0411
v  -23.2058 25.1935 46.9135
v  -23.5739 26.3628 46.9135
v  -23.5739 26.3628 50.0411
v  -23.2058 25.1935 43.7860
v  -23.5739 26.3628 43.7860
v  -23.8390 27.5598 46.9135
v  -23.8390 27.5598 50.0411
v  -23.8390 27.5598 43.7860
v  -23.2058 25.1935 40.6584
v  -23.5739 26.3628 40.6584
v  -23.8390 27.5598 40.6584
v  -23.9993 28.7753 40.6584
v  -23.9993 28.7753 43.7860
v  -23.9993 28.7753 50.0411
v  -23.9993 28.7753 46.9135
v  -20.7654 20.9667 50.0411
v  -20.7654 20.9667 46.9135
v  -21.5113 21.9396 46.9135
v  -21.5113 21.9396 50.0411
v  -20.7654 20.9667 43.7860
v  -21.5113 21.9396 43.7860
v  -22.1698 22.9738 46.9135
v  -22.1698 22.9738 50.0411
v  -22.1698 22.9738 43.7860
v  -20.7654 20.9667 40.6584
v  -21.5113 21.9396 40.6584
v  -22.1698 22.9738 40.6584
v  -22.7362 24.0611 40.6584
v  -22.7362 24.0611 43.7860
v  -22.7362 24.0611 50.0411
v  -22.7362 24.0611 46.9135
v  -17.0266 17.8295 50.0411
v  -17.0266 17.8295 46.9135
v  -18.0603 18.4886 46.9135
v  -18.0603 18.4886 50.0411
v  -17.0266 17.8295 43.7860
v  -18.0603 18.4886 43.7860
v  -19.0327 19.2352 46.9135
v  -19.0327 19.2352 50.0411
v  -19.0327 19.2352 43.7860
v  -17.0266 17.8295 40.6584
v  -18.0603 18.4886 40.6584
v  -19.0327 19.2352 40.6584
v  -19.9369 20.0632 40.6584
v  -19.9369 20.0632 43.7860
v  -19.9369 20.0632 50.0411
v  -19.9369 20.0632 46.9135
v  -12.4403 16.1602 50.0411
v  -12.4403 16.1602 46.9135
v  -13.6371 16.4261 46.9135
v  -13.6371 16.4261 50.0411
v  -12.4403 16.1602 43.7860
v  -13.6371 16.4261 43.7860
v  -14.8062 16.7950 46.9135
v  -14.8062 16.7950 50.0411
v  -14.8062 16.7950 43.7860
v  -12.4403 16.1602 40.6584
v  -13.6371 16.4261 40.6584
v  -14.8062 16.7950 40.6584
v  -15.9390 17.2639 40.6584
v  -15.9390 17.2639 43.7860
v  -15.9390 17.2639 50.0411
v  -15.9390 17.2639 46.9135
v  -7.5597 16.1602 50.0411
v  -7.5597 16.1602 46.9135
v  -8.7752 16.0007 46.9135
v  -8.7752 16.0007 50.0411
v  -7.5597 16.1602 43.7860
v  -8.7752 16.0007 43.7860
v  -10.0000 15.9476 46.9135
v  -10.0000 15.9475 50.0411
v  -10.0000 15.9476 43.7860
v  -7.5597 16.1602 40.6584
v  -8.7752 16.0007 40.6584
v  -10.0000 15.9476 40.6584
v  -11.2249 16.0007 40.6584
v  -11.2249 16.0007 43.7860
v  -11.2249 16.0007 50.0411
v  -11.2249 16.0007 46.9135
v  -2.9734 17.8295 50.0411
v  -2.9734 17.8295 46.9135
v  -4.0610 17.2639 46.9135
v  -4.0610 17.2639 50.0411
v  -2.9734 17.8295 43.7860
v  -4.0610 17.2639 43.7860
v  -5.1938 16.7950 46.9135
v  -5.1938 16.7950 50.0411
v  -5.1938 16.7950 43.7860
v  -2.9734 17.8295 40.6584
v  -4.0610 17.2639 40.6584
v  -5.1938 16.7950 40.6584
v  -6.3630 16.4261 40.6584
v  -6.3630 16.4261 43.7860
v  -6.3630 16.4261 50.0411
v  -6.3630 16.4261 46.9135
v  0.7654 20.9667 50.0411
v  0.7654 20.9667 46.9135
v  -0.0632 20.0632 46.9135
v  -0.0632 20.0632 50.0411
v  0.7654 20.9667 43.7860
v  -0.0632 20.0632 43.7860
v  -0.9673 19.2352 46.9135
v  -0.9673 19.2352 50.0411
v  -0.9673 19.2352 43.7860
v  0.7654 20.9667 40.6584
v  -0.0632 20.0632 40.6584
v  -0.9673 19.2352 40.6584
v  -1.9397 18.4886 40.6584
v  -1.9397 18.4886 43.7860
v  -1.9397 18.4886 50.0411
v  -1.9397 18.4886 46.9135
v  3.2058 25.1935 50.0411
v  3.2058 25.1935 46.9135
v  2.7361 24.0611 46.9135
v  2.7361 24.0611 50.0411
v  3.2058 25.1935 43.7860
v  2.7361 24.0611 43.7860
v  2.1698 22.9738 46.9135
v  2.1698 22.9738 50.0411
v  2.1698 22.9738 43.7860
v  3.2058 25.1935 40.6584
v  2.7361 24.0611 40.6584
v  2.1698 22.9738 40.6584
v  1.5113 21.9396 40.6584
v  1.5113 21.9396 43.7860
v  1.5113 21.9396 50.0411
v  1.5113 21.9396 46.9135
v  3.9993 28.7753 46.9135
v  3.9993 28.7753 50.0411
v  3.9993 28.7753 43.7860
v  3.8390 27.5598 46.9135
v  3.8390 27.5598 50.0411
v  3.8390 27.5598 43.7860
v  3.9993 28.7753 40.6584
v  3.8390 27.5598 40.6584
v  3.5739 26.3628 40.6584
v  3.5739 26.3628 43.7860
v  3.5739 26.3628 50.0411
v  3.5739 26.3628 46.9135
v  1.0702 34.0292 59.4817
v  2.2117 34.4447 58.1858
v  2.3149 33.3419 58.3379
v  0.5613 33.0701 60.0428
v  2.9572 34.7160 55.9868
v  3.2592 33.5634 56.0248
v  2.3350 32.1750 58.4899
v  0.1591 31.7913 60.3197
v  3.4630 32.3739 56.0628
v  3.2058 34.8065 53.1687
v  3.5739 33.6372 53.1687
v  3.8390 32.4402 53.1687
v  4.0533 30.0000 53.1687
v  3.9993 31.2247 53.1687
v  3.7888 30.0000 55.9868
v  3.6783 31.1864 56.0248
v  2.9954 30.0000 58.1858
v  1.7807 30.0000 59.4817
v  0.9744 30.7272 60.0428
v  2.7152 31.0716 58.3379
v  -0.9755 37.5725 59.4817
v  -0.0450 38.3533 58.1858
v  0.4292 37.3523 58.3379
v  -1.1257 36.4972 60.0428
v  0.5628 38.8633 55.9868
v  1.2408 37.8834 56.0248
v  0.8472 36.2626 58.4899
v  -1.0663 35.1579 60.3197
v  1.8391 36.8353 56.0628
v  0.7654 39.0333 53.1687
v  1.5113 38.0604 53.1687
v  2.1698 37.0262 53.1687
v  2.7362 35.9389 53.1687
v  2.4476 35.7931 56.0248
v  0.0639 34.4368 60.0428
v  1.5819 35.3558 58.3379
v  -4.1097 40.2024 59.4817
v  -3.5023 41.2543 58.1858
v  -2.7143 40.4759 58.3379
v  -3.8830 39.1405 60.0428
v  -3.1056 41.9414 55.9868
v  -2.1334 41.2525 56.0248
v  -1.9489 39.5949 58.4899
v  -3.3691 37.9023 60.3197
v  -1.2127 40.4723 56.0628
v  -2.9734 42.1705 53.1687
v  -1.9397 41.5114 53.1687
v  -0.9673 40.7648 53.1687
v  -0.0632 39.9367 53.1687
v  -0.2845 39.7011 56.0248
v  -2.0605 37.6113 60.0428
v  -0.9484 38.9941 58.3379
v  -7.9543 41.6017 59.4817
v  -7.7434 42.7979 58.1858
v  -6.7367 42.3360 58.3379
v  -7.3782 40.6814 60.0428
v  -7.6056 43.5793 55.9868
v  -6.4564 43.2644 56.0248
v  -5.7161 41.7699 58.4899
v  -6.4718 39.6937 60.3197
v  -5.3244 42.8462 56.0628
v  -7.5597 43.8398 53.1687
v  -6.3629 43.5739 53.1687
v  -5.1938 43.2050 53.1687
v  -4.0610 42.7361 53.1687
v  -4.1883 42.4389 56.0248
v  -5.1425 39.8677 60.0428
v  -4.5704 41.5475 58.3379
v  -12.0457 41.6017 59.4817
v  -12.2566 42.7979 58.1858
v  -11.1526 42.7081 58.3379
v  -11.1896 40.9340 60.0428
v  -12.3944 43.5793 55.9868
v  -11.2068 43.6765 56.0248
v  -10.0000 42.5253 58.4899
v  -10.0000 40.3158 60.3197
v  -10.0000 43.6706 56.0628
v  -12.4403 43.8398 53.1687
v  -11.2249 43.9993 53.1687
v  -10.0000 44.0524 53.1687
v  -8.7752 43.9993 53.1687
v  -8.7932 43.6765 56.0248
v  -8.8104 40.9340 60.0428
v  -8.8474 42.7081 58.3379
v  -15.8904 40.2024 59.4817
v  -16.4977 41.2543 58.1858
v  -15.4296 41.5475 58.3379
v  -14.8575 39.8677 60.0428
v  -16.8944 41.9414 55.9868
v  -15.8117 42.4389 56.0248
v  -14.2839 41.7699 58.4899
v  -13.5282 39.6937 60.3197
v  -14.6756 42.8462 56.0628
v  -17.0266 42.1705 53.1687
v  -15.9390 42.7361 53.1687
v  -14.8062 43.2050 53.1687
v  -13.6371 43.5739 53.1687
v  -13.5436 43.2644 56.0248
v  -12.6218 40.6814 60.0428
v  -13.2633 42.3359 58.3379
v  -19.0245 37.5725 59.4817
v  -19.9550 38.3533 58.1858
v  -19.0516 38.9941 58.3379
v  -17.9395 37.6113 60.0428
v  -20.5628 38.8633 55.9868
v  -19.7155 39.7011 56.0248
v  -18.0511 39.5949 58.4899
v  -16.6309 37.9023 60.3197
v  -18.7873 40.4723 56.0628
v  -20.7654 39.0333 53.1687
v  -19.9368 39.9367 53.1687
v  -19.0327 40.7648 53.1687
v  -18.0603 41.5114 53.1687
v  -17.8666 41.2525 56.0248
v  -16.1170 39.1405 60.0428
v  -17.2857 40.4759 58.3379
v  -21.0702 34.0292 59.4817
v  -22.2117 34.4447 58.1858
v  -21.5819 35.3558 58.3379
v  -20.0639 34.4368 60.0428
v  -22.9572 34.7160 55.9868
v  -22.4476 35.7931 56.0248
v  -20.8472 36.2626 58.4899
v  -18.9337 35.1579 60.3197
v  -21.8391 36.8353 56.0628
v  -23.2058 34.8065 53.1687
v  -22.7362 35.9389 53.1687
v  -22.1698 37.0262 53.1687
v  -21.5113 38.0604 53.1687
v  -21.2408 37.8834 56.0248
v  -18.8743 36.4972 60.0428
v  -20.4292 37.3523 58.3379
v  -21.7807 30.0000 59.4817
v  -22.9954 30.0000 58.1858
v  -22.7152 31.0716 58.3379
v  -20.9744 30.7272 60.0428
v  -23.7888 30.0000 55.9868
v  -23.6783 31.1864 56.0248
v  -22.3350 32.1750 58.4899
v  -20.1591 31.7913 60.3197
v  -23.4630 32.3739 56.0628
v  -24.0533 30.0000 53.1687
v  -23.9993 31.2247 53.1687
v  -23.8390 32.4402 53.1687
v  -23.5739 33.6372 53.1687
v  -23.2592 33.5634 56.0248
v  -20.5613 33.0701 60.0428
v  -22.3149 33.3419 58.3379
v  -21.0702 25.9708 59.4817
v  -22.2117 25.5553 58.1858
v  -22.3149 26.6581 58.3379
v  -20.5613 26.9298 60.0428
v  -22.9572 25.2839 55.9868
v  -23.2592 26.4366 56.0248
v  -22.3350 27.8250 58.4899
v  -20.1591 28.2087 60.3197
v  -23.4630 27.6261 56.0628
v  -23.2058 25.1935 53.1687
v  -23.5739 26.3628 53.1687
v  -23.8390 27.5598 53.1687
v  -23.9993 28.7753 53.1687
v  -23.6783 28.8136 56.0248
v  -20.9744 29.2728 60.0428
v  -22.7152 28.9284 58.3379
v  -19.0245 22.4275 59.4817
v  -19.9550 21.6467 58.1858
v  -20.4292 22.6477 58.3379
v  -18.8743 23.5028 60.0428
v  -20.5628 21.1367 55.9868
v  -21.2408 22.1166 56.0248
v  -20.8472 23.7374 58.4899
v  -18.9337 24.8421 60.3197
v  -21.8391 23.1647 56.0628
v  -20.7654 20.9667 53.1687
v  -21.5113 21.9396 53.1687
v  -22.1698 22.9738 53.1687
v  -22.7362 24.0611 53.1687
v  -22.4476 24.2069 56.0248
v  -20.0639 25.5632 60.0428
v  -21.5819 24.6441 58.3379
v  -15.8904 19.7976 59.4817
v  -16.4977 18.7457 58.1858
v  -17.2857 19.5241 58.3379
v  -16.1170 20.8594 60.0428
v  -16.8944 18.0585 55.9867
v  -17.8666 18.7475 56.0248
v  -18.0511 20.4051 58.4899
v  -16.6309 22.0976 60.3197
v  -18.7873 19.5277 56.0628
v  -17.0266 17.8295 53.1687
v  -18.0603 18.4886 53.1687
v  -19.0327 19.2352 53.1687
v  -19.9369 20.0632 53.1687
v  -19.7155 20.2989 56.0248
v  -17.9395 22.3887 60.0428
v  -19.0516 21.0059 58.3379
v  -12.0457 18.3983 59.4817
v  -12.2566 17.2020 58.1858
v  -13.2633 17.6640 58.3379
v  -12.6218 19.3186 60.0428
v  -12.3944 16.4207 55.9867
v  -13.5436 16.7355 56.0248
v  -14.2839 18.2301 58.4899
v  -13.5282 20.3063 60.3197
v  -14.6756 17.1538 56.0628
v  -12.4403 16.1602 53.1687
v  -13.6371 16.4261 53.1687
v  -14.8062 16.7950 53.1687
v  -15.9390 17.2639 53.1687
v  -15.8117 17.5610 56.0248
v  -14.8575 20.1323 60.0428
v  -15.4296 18.4525 58.3379
v  -7.9543 18.3983 59.4817
v  -7.7434 17.2020 58.1858
v  -8.8474 17.2919 58.3379
v  -8.8104 19.0660 60.0428
v  -7.6056 16.4207 55.9867
v  -8.7932 16.3235 56.0248
v  -10.0000 17.4747 58.4899
v  -10.0000 19.6842 60.3197
v  -10.0000 16.3293 56.0628
v  -7.5597 16.1602 53.1687
v  -8.7752 16.0007 53.1687
v  -10.0000 15.9476 53.1687
v  -11.2249 16.0007 53.1687
v  -11.2068 16.3235 56.0248
v  -11.1896 19.0660 60.0428
v  -11.1526 17.2919 58.3379
v  -4.1097 19.7976 59.4817
v  -3.5023 18.7457 58.1858
v  -4.5704 18.4525 58.3379
v  -5.1425 20.1323 60.0428
v  -3.1056 18.0585 55.9867
v  -4.1884 17.5610 56.0248
v  -5.7161 18.2301 58.4899
v  -6.4718 20.3063 60.3197
v  -5.3244 17.1538 56.0628
v  -2.9734 17.8295 53.1687
v  -4.0610 17.2639 53.1687
v  -5.1938 16.7950 53.1687
v  -6.3630 16.4261 53.1687
v  -6.4564 16.7355 56.0248
v  -7.3782 19.3186 60.0428
v  -6.7367 17.6640 58.3379
v  -0.9755 22.4275 59.4817
v  -0.0450 21.6467 58.1858
v  -0.9484 21.0059 58.3379
v  -2.0605 22.3887 60.0428
v  0.5628 21.1367 55.9868
v  -0.2845 20.2989 56.0248
v  -1.9489 20.4051 58.4899
v  -3.3691 22.0976 60.3197
v  -1.2127 19.5277 56.0628
v  0.7654 20.9667 53.1687
v  -0.0632 20.0632 53.1687
v  -0.9673 19.2352 53.1687
v  -1.9397 18.4886 53.1687
v  -2.1334 18.7475 56.0248
v  -3.8830 20.8594 60.0428
v  -2.7143 19.5241 58.3379
v  1.0702 25.9707 59.4817
v  2.2117 25.5553 58.1858
v  1.5819 24.6441 58.3379
v  0.0639 25.5632 60.0428
v  2.9572 25.2839 55.9868
v  2.4476 24.2069 56.0248
v  0.8472 23.7374 58.4899
v  -1.0663 24.8421 60.3197
v  1.8391 23.1647 56.0628
v  3.2058 25.1935 53.1687
v  2.7361 24.0611 53.1687
v  2.1698 22.9738 53.1687
v  1.5113 21.9396 53.1687
v  1.2408 22.1166 56.0248
v  -1.1257 23.5028 60.0428
v  0.4292 22.6477 58.3379
v  2.7152 28.9284 58.3379
v  0.9744 29.2728 60.0428
v  3.6783 28.8136 56.0248
v  2.3350 27.8250 58.4899
v  0.1591 28.2087 60.3197
v  3.4630 27.6261 56.0628
v  3.9993 28.7753 53.1687
v  3.8390 27.5598 53.1687
v  3.5739 26.3628 53.1687
v  3.2592 26.4366 56.0248
v  0.5613 26.9298 60.0428
v  2.3149 26.6581 58.3379
v  -3.6264 24.6519 61.0745
v  -5.6665 24.8355 61.4220
v  -4.1615 26.6291 61.4220
v  -10.0000 30.0000 62.3825
v  -5.8399 22.7945 61.0745
v  -7.6942 23.6649 61.4220
v  -8.5552 21.8062 61.0745
v  -10.0000 23.2583 61.4220
v  -11.4448 21.8062 61.0745
v  -12.3058 23.6649 61.4220
v  -14.1601 22.7945 61.0745
v  -14.3335 24.8356 61.4220
v  -16.3736 24.6519 61.0745
v  -15.8385 26.6291 61.4220
v  -17.8184 27.1543 61.0745
v  -16.6393 28.8293 61.4220
v  -18.3202 30.0000 61.0745
v  -16.6393 31.1707 61.4220
v  -17.8184 32.8457 61.0745
v  -15.8385 33.3708 61.4220
v  -16.3736 35.3481 61.0745
v  -14.3335 35.1644 61.4220
v  -14.1601 37.2055 61.0745
v  -12.3058 36.3351 61.4220
v  -11.4448 38.1938 61.0745
v  -10.0000 36.7417 61.4220
v  -8.5552 38.1938 61.0745
v  -7.6942 36.3351 61.4220
v  -5.8399 37.2055 61.0745
v  -5.6665 35.1644 61.4220
v  -3.6264 35.3481 61.0745
v  -4.1615 33.3708 61.4220
v  -2.1816 32.8457 61.0745
v  -3.3607 31.1707 61.4220
v  -1.6798 30.0000 61.0745
v  -3.3607 28.8293 61.4220
v  -2.1816 27.1543 61.0745
# 3172 vertices

vn 0.3970 0.3332 -0.8552
vn 0.3097 0.2044 -0.9286
vn 0.1485 0.1246 -0.9810
vn 0.2550 0.2695 -0.9286
vn 0.2461 0.1421 -0.9588
vn 0.0987 0.0570 -0.9935
vn 0.0732 0.0873 -0.9935
vn 0.1826 0.2177 -0.9588
vn -0.0000 0.0000 -1.0000
vn 0.3318 0.1660 -0.9286
vn 0.4870 0.1773 -0.8552
vn 0.3609 0.0861 -0.9286
vn 0.1821 0.0663 -0.9810
vn 0.2798 0.0493 -0.9588
vn 0.1122 0.0198 -0.9935
vn 0.5183 -0.0000 -0.8552
vn 0.3686 -0.0425 -0.9286
vn 0.1938 -0.0000 -0.9810
vn 0.3686 0.0425 -0.9286
vn 0.2798 -0.0493 -0.9588
vn 0.1122 -0.0198 -0.9935
vn 0.3609 -0.0861 -0.9286
vn 0.4870 -0.1773 -0.8552
vn 0.3318 -0.1660 -0.9286
vn 0.1821 -0.0663 -0.9810
vn 0.2461 -0.1421 -0.9588
vn 0.0987 -0.0570 -0.9935
vn 0.3970 -0.3332 -0.8552
vn 0.2550 -0.2695 -0.9286
vn 0.1485 -0.1246 -0.9810
vn 0.3097 -0.2044 -0.9286
vn 0.1826 -0.2177 -0.9588
vn 0.0732 -0.0873 -0.9935
vn 0.2211 -0.2980 -0.9286
vn 0.2591 -0.4489 -0.8552
vn 0.1475 -0.3405 -0.9286
vn 0.0969 -0.1679 -0.9810
vn 0.0972 -0.2670 -0.9588
vn 0.0390 -0.1071 -0.9935
vn 0.0900 -0.5104 -0.8552
vn 0.0222 -0.3704 -0.9286
vn 0.0337 -0.1909 -0.9810
vn 0.1059 -0.3556 -0.9286
vn -0.0000 -0.2841 -0.9588
vn -0.0000 -0.1139 -0.9935
vn -0.0222 -0.3704 -0.9286
vn -0.0900 -0.5104 -0.8552
vn -0.1059 -0.3556 -0.9286
vn -0.0337 -0.1909 -0.9810
vn -0.0972 -0.2670 -0.9588
vn -0.0390 -0.1071 -0.9935
vn -0.2591 -0.4489 -0.8552
vn -0.2211 -0.2980 -0.9286
vn -0.0969 -0.1679 -0.9810
vn -0.1475 -0.3405 -0.9286
vn -0.1826 -0.2177 -0.9588
vn -0.0732 -0.0873 -0.9935
vn -0.2550 -0.2695 -0.9286
vn -0.3970 -0.3332 -0.8552
vn -0.3097 -0.2044 -0.9286
vn -0.1485 -0.1246 -0.9810
vn -0.2461 -0.1421 -0.9588
vn -0.0987 -0.0570 -0.9935
vn -0.4870 -0.1773 -0.8552
vn -0.3609 -0.0861 -0.9286
vn -0.1821 -0.0663 -0.9810
vn -0.3318 -0.1660 -0.9286
vn -0.2798 -0.0493 -0.9588
vn -0.1122 -0.0198 -0.9935
vn -0.3686 -0.0425 -0.9286
vn -0.5183 0.0000 -0.8552
vn -0.3686 0.0425 -0.9286
vn -0.1938 0.0000 -0.9810
vn -0.2798 0.0493 -0.9588
vn -0.1122 0.0198 -0.9935
vn -0.4870 0.1773 -0.8552
vn -0.3318 0.1660 -0.9286
vn -0.1821 0.0663 -0.9810
vn -0.3609 0.0861 -0.9286
vn -0.2461 0.1421 -0.9588
vn -0.0987 0.0570 -0.9935
vn -0.3097 0.2044 -0.9286
vn -0.3970 0.3332 -0.8552
vn -0.2550 0.2695 -0.9286
vn -0.1485 0.1246 -0.9810
vn -0.1826 0.2177 -0.9588
vn -0.0732 0.0873 -0.9935
vn -0.2591 0.4489 -0.8552
vn -0.1475 0.3405 -0.9286
vn -0.0969 0.1679 -0.9810
vn -0.2211 0.2980 -0.9286
vn -0.0972 0.2670 -0.9588
vn -0.0390 0.1071 -0.9935
vn -0.1059 0.3556 -0.9286
vn -0.0900 0.5104 -0.8552
vn -0.0222 0.3704 -0.9286
vn -0.0337 0.1909 -0.9810
vn -0.0000 0.2841 -0.9588
vn -0.0000 0.1139 -0.9935
vn 0.0900 0.5104 -0.8552
vn 0.1059 0.3556 -0.9286
vn 0.0337 0.1909 -0.9810
vn 0.0222 0.3704 -0.9286
vn 0.0972 0.2670 -0.9588
vn 0.0390 0.1071 -0.9935
vn 0.1475 0.3405 -0.9286
vn 0.2591 0.4489 -0.8552
vn 0.2211 0.2980 -0.9286
vn 0.0969 0.1679 -0.9810
vn 0.6724 0.1415 -0.7265
vn 0.7459 0.0000 -0.6661
vn 0.6114 0.1078 -0.7839
vn 0.9145 0.1177 -0.3870
vn 0.9409 -0.0000 -0.3387
vn 0.8893 0.1568 -0.4297
vn 0.7009 0.2551 -0.6661
vn 0.6803 0.0970 -0.7265
vn 0.8842 0.3218 -0.3387
vn 0.8996 0.2022 -0.3870
vn 0.9396 0.3420 -0.0102
vn 0.9660 0.2585 -0.0102
vn 0.9608 0.2570 -0.1037
vn 0.9360 0.3407 -0.0888
vn 0.9848 0.1736 -0.0102
vn 0.9779 0.1724 -0.1180
vn 0.9961 0.0875 -0.0102
vn 0.9999 -0.0000 -0.0102
vn 0.9960 -0.0000 -0.0888
vn 0.9908 0.0871 -0.1037
vn 0.5834 0.3630 -0.7265
vn 0.5377 0.3104 -0.7839
vn 0.8191 0.4234 -0.3870
vn 0.7820 0.4515 -0.4297
vn 0.5714 0.4794 -0.6661
vn 0.6061 0.3238 -0.7265
vn 0.7208 0.6048 -0.3387
vn 0.7762 0.4977 -0.3870
vn 0.7660 0.6428 -0.0102
vn 0.8193 0.5733 -0.0102
vn 0.8150 0.5701 -0.1037
vn 0.7630 0.6402 -0.0888
vn 0.8660 0.5000 -0.0102
vn 0.8600 0.4965 -0.1180
vn 0.9061 0.4229 -0.0102
vn 0.9012 0.4207 -0.1037
vn 0.4241 0.5406 -0.7265
vn 0.3991 0.4756 -0.7839
vn 0.6249 0.6780 -0.3870
vn 0.5804 0.6917 -0.4297
vn 0.3729 0.6459 -0.6661
vn 0.4588 0.5115 -0.7265
vn 0.4705 0.8149 -0.3387
vn 0.5592 0.7332 -0.3870
vn 0.5000 0.8660 -0.0102
vn 0.5738 0.8189 -0.0102
vn 0.5708 0.8145 -0.1037
vn 0.4980 0.8626 -0.0888
vn 0.6428 0.7660 -0.0102
vn 0.6383 0.7607 -0.1180
vn 0.7068 0.7073 -0.0102
vn 0.7030 0.7036 -0.1037
vn 0.2136 0.6531 -0.7265
vn 0.2123 0.5834 -0.7839
vn 0.3554 0.8508 -0.3870
vn 0.3088 0.8485 -0.4297
vn 0.1295 0.7345 -0.6661
vn 0.2562 0.6376 -0.7265
vn 0.1634 0.9266 -0.3387
vn 0.2747 0.8802 -0.3870
vn 0.1736 0.9848 -0.0102
vn 0.2591 0.9658 -0.0102
vn 0.2578 0.9606 -0.1037
vn 0.1730 0.9809 -0.0888
vn 0.3420 0.9396 -0.0102
vn 0.3396 0.9331 -0.1180
vn 0.4223 0.9064 -0.0102
vn 0.4200 0.9016 -0.1037
vn -0.0226 0.6868 -0.7265
vn 0.0000 0.6208 -0.7839
vn 0.0429 0.9211 -0.3870
vn -0.0000 0.9030 -0.4297
vn -0.1295 0.7345 -0.6661
vn 0.0226 0.6868 -0.7265
vn -0.1634 0.9266 -0.3387
vn -0.0429 0.9211 -0.3870
vn -0.1736 0.9848 -0.0102
vn -0.0868 0.9962 -0.0102
vn -0.0863 0.9909 -0.1037
vn -0.1730 0.9809 -0.0888
vn -0.0000 0.9999 -0.0102
vn -0.0000 0.9930 -0.1180
vn 0.0868 0.9962 -0.0102
vn 0.0863 0.9909 -0.1037
vn -0.2562 0.6376 -0.7265
vn -0.2123 0.5834 -0.7839
vn -0.2747 0.8802 -0.3870
vn -0.3088 0.8485 -0.4297
vn -0.3729 0.6459 -0.6661
vn -0.2136 0.6531 -0.7265
vn -0.4705 0.8149 -0.3387
vn -0.3554 0.8508 -0.3870
vn -0.5000 0.8660 -0.0102
vn -0.4223 0.9064 -0.0102
vn -0.4200 0.9016 -0.1037
vn -0.4980 0.8626 -0.0888
vn -0.3420 0.9396 -0.0102
vn -0.3396 0.9331 -0.1180
vn -0.2591 0.9658 -0.0102
vn -0.2578 0.9606 -0.1037
vn -0.4588 0.5115 -0.7265
vn -0.3991 0.4756 -0.7839
vn -0.5592 0.7332 -0.3870
vn -0.5804 0.6917 -0.4297
vn -0.5714 0.4794 -0.6661
vn -0.4241 0.5406 -0.7265
vn -0.7208 0.6048 -0.3387
vn -0.6249 0.6780 -0.3870
vn -0.7660 0.6428 -0.0102
vn -0.7068 0.7073 -0.0102
vn -0.7030 0.7036 -0.1037
vn -0.7630 0.6402 -0.0888
vn -0.6428 0.7660 -0.0102
vn -0.6383 0.7607 -0.1180
vn -0.5738 0.8189 -0.0102
vn -0.5708 0.8145 -0.1037
vn -0.6061 0.3238 -0.7265
vn -0.5377 0.3104 -0.7839
vn -0.7762 0.4977 -0.3870
vn -0.7820 0.4515 -0.4297
vn -0.7009 0.2551 -0.6661
vn -0.5834 0.3630 -0.7265
vn -0.8842 0.3218 -0.3387
vn -0.8191 0.4234 -0.3870
vn -0.9396 0.3420 -0.0102
vn -0.9061 0.4229 -0.0102
vn -0.9012 0.4207 -0.1037
vn -0.9360 0.3407 -0.0888
vn -0.8660 0.5000 -0.0102
vn -0.8600 0.4965 -0.1180
vn -0.8193 0.5733 -0.0102
vn -0.8150 0.5701 -0.1037
vn -0.6803 0.0970 -0.7265
vn -0.6114 0.1078 -0.7839
vn -0.8996 0.2022 -0.3870
vn -0.8893 0.1568 -0.4297
vn -0.7459 0.0000 -0.6661
vn -0.6724 0.1415 -0.7265
vn -0.9409 0.0000 -0.3387
vn -0.9145 0.1177 -0.3870
vn -0.9999 0.0000 -0.0102
vn -0.9961 0.0875 -0.0102
vn -0.9908 0.0871 -0.1037
vn -0.9960 -0.0000 -0.0888
vn -0.9848 0.1736 -0.0102
vn -0.9779 0.1724 -0.1180
vn -0.9660 0.2585 -0.0102
vn -0.9608 0.2570 -0.1037
vn -0.6724 -0.1415 -0.7265
vn -0.6114 -0.1078 -0.7839
vn -0.9145 -0.1177 -0.3870
vn -0.8893 -0.1568 -0.4297
vn -0.7009 -0.2551 -0.6661
vn -0.6803 -0.0970 -0.7265
vn -0.8842 -0.3218 -0.3387
vn -0.8996 -0.2022 -0.3870
vn -0.9396 -0.3420 -0.0102
vn -0.9660 -0.2585 -0.0102
vn -0.9608 -0.2570 -0.1037
vn -0.9360 -0.3407 -0.0888
vn -0.9848 -0.1736 -0.0102
vn -0.9779 -0.1724 -0.1180
vn -0.9961 -0.0875 -0.0102
vn -0.9908 -0.0871 -0.1037
vn -0.5834 -0.3630 -0.7265
vn -0.5377 -0.3104 -0.7839
vn -0.8191 -0.4234 -0.3870
vn -0.7820 -0.4515 -0.4297
vn -0.5714 -0.4794 -0.6661
vn -0.6061 -0.3238 -0.7265
vn -0.7208 -0.6048 -0.3387
vn -0.7762 -0.4977 -0.3870
vn -0.7660 -0.6428 -0.0102
vn -0.8193 -0.5733 -0.0102
vn -0.8150 -0.5701 -0.1037
vn -0.7630 -0.6402 -0.0888
vn -0.8660 -0.5000 -0.0102
vn -0.8600 -0.4965 -0.1180
vn -0.9061 -0.4229 -0.0102
vn -0.9012 -0.4207 -0.1037
vn -0.4241 -0.5406 -0.7265
vn -0.3991 -0.4756 -0.7839
vn -0.6249 -0.6780 -0.3870
vn -0.5804 -0.6917 -0.4297
vn -0.3729 -0.6459 -0.6661
vn -0.4588 -0.5115 -0.7265
vn -0.4705 -0.8148 -0.3387
vn -0.5592 -0.7332 -0.3870
vn -0.5000 -0.8660 -0.0102
vn -0.5738 -0.8189 -0.0102
vn -0.5708 -0.8145 -0.1037
vn -0.4980 -0.8626 -0.0888
vn -0.6428 -0.7660 -0.0102
vn -0.6383 -0.7607 -0.1180
vn -0.7068 -0.7073 -0.0102
vn -0.7030 -0.7036 -0.1037
vn -0.2136 -0.6531 -0.7265
vn -0.2123 -0.5834 -0.7839
vn -0.3554 -0.8508 -0.3870
vn -0.3088 -0.8485 -0.4297
vn -0.1295 -0.7345 -0.6661
vn -0.2562 -0.6376 -0.7265
vn -0.1634 -0.9266 -0.3387
vn -0.2747 -0.8802 -0.3870
vn -0.1736 -0.9848 -0.0102
vn -0.2591 -0.9658 -0.0102
vn -0.2578 -0.9606 -0.1037
vn -0.1730 -0.9809 -0.0888
vn -0.3420 -0.9396 -0.0102
vn -0.3396 -0.9331 -0.1180
vn -0.4223 -0.9064 -0.0102
vn -0.4200 -0.9016 -0.1037
vn 0.0226 -0.6868 -0.7265
vn 0.0000 -0.6208 -0.7839
vn -0.0429 -0.9211 -0.3870
vn -0.0000 -0.9030 -0.4297
vn 0.1295 -0.7345 -0.6661
vn -0.0226 -0.6868 -0.7265
vn 0.1634 -0.9266 -0.3387
vn 0.0429 -0.9211 -0.3870
vn 0.1736 -0.9848 -0.0102
vn 0.0868 -0.9962 -0.0102
vn 0.0863 -0.9909 -0.1037
vn 0.1730 -0.9809 -0.0888
vn 0.0000 -0.9999 -0.0102
vn -0.0000 -0.9930 -0.1180
vn -0.0868 -0.9962 -0.0102
vn -0.0863 -0.9909 -0.1037
vn 0.2562 -0.6376 -0.7265
vn 0.2123 -0.5834 -0.7839
vn 0.2747 -0.8802 -0.3870
vn 0.3088 -0.8485 -0.4297
vn 0.3729 -0.6459 -0.6661
vn 0.2136 -0.6531 -0.7265
vn 0.4705 -0.8149 -0.3387
vn 0.3554 -0.8508 -0.3870
vn 0.5000 -0.8660 -0.0102
vn 0.4223 -0.9064 -0.0102
vn 0.4200 -0.9016 -0.1037
vn 0.4980 -0.8626 -0.0888
vn 0.3420 -0.9396 -0.0102
vn 0.3396 -0.9331 -0.1180
vn 0.2591 -0.9658 -0.0102
vn 0.2578 -0.9606 -0.1037
vn 0.4588 -0.5115 -0.7265
vn 0.3991 -0.4756 -0.7839
vn 0.5592 -0.7332 -0.3870
vn 0.5804 -0.6917 -0.4297
vn 0.5714 -0.4794 -0.6661
vn 0.4241 -0.5406 -0.7265
vn 0.7208 -0.6048 -0.3387
vn 0.6249 -0.6780 -0.3870
vn 0.7660 -0.6428 -0.0102
vn 0.7068 -0.7073 -0.0102
vn 0.7030 -0.7036 -0.1037
vn 0.7630 -0.6402 -0.0888
vn 0.6428 -0.7660 -0.0102
vn 0.6383 -0.7607 -0.1180
vn 0.5738 -0.8189 -0.0102
vn 0.5708 -0.8145 -0.1037
vn 0.6061 -0.3238 -0.7265
vn 0.5377 -0.3104 -0.7839
vn 0.7762 -0.4977 -0.3870
vn 0.7820 -0.4515 -0.4297
vn 0.7009 -0.2551 -0.6661
vn 0.5834 -0.3630 -0.7265
vn 0.8842 -0.3218 -0.3387
vn 0.8191 -0.4234 -0.3870
vn 0.9396 -0.3420 -0.0102
vn 0.9061 -0.4229 -0.0102
vn 0.9012 -0.4207 -0.1037
vn 0.9360 -0.3407 -0.0888
vn 0.8660 -0.5000 -0.0102
vn 0.8600 -0.4965 -0.1180
vn 0.8193 -0.5733 -0.0102
vn 0.8150 -0.5701 -0.1037
vn 0.6803 -0.0970 -0.7265
vn 0.6114 -0.1078 -0.7839
vn 0.8996 -0.2022 -0.3870
vn 0.8893 -0.1568 -0.4297
vn 0.6724 -0.1415 -0.7265
vn 0.9145 -0.1177 -0.3870
vn 0.9961 -0.0875 -0.0102
vn 0.9908 -0.0871 -0.1037
vn 0.9848 -0.1736 -0.0102
vn 0.9779 -0.1724 -0.1180
vn 0.9660 -0.2585 -0.0102
vn 0.9608 -0.2570 -0.1037
vn 0.9961 0.0875 -0.0058
vn 1.0000 0.0000 -0.0058
vn 0.9848 0.1736 -0.0058
vn 0.9962 0.0875 -0.0026
vn 1.0000 0.0000 -0.0026
vn 0.9848 0.1736 -0.0026
vn 0.9397 0.3420 -0.0058
vn 0.9660 0.2585 -0.0058
vn 0.9397 0.3420 -0.0026
vn 0.9660 0.2585 -0.0026
vn 0.9397 0.3420 0.0000
vn 0.9660 0.2585 0.0000
vn 0.9660 0.2585 -0.0007
vn 0.9397 0.3420 -0.0007
vn 0.9848 0.1736 0.0000
vn 0.9848 0.1736 -0.0007
vn 0.9962 0.0875 0.0000
vn 1.0000 0.0000 0.0000
vn 1.0000 0.0000 -0.0007
vn 0.9962 0.0875 -0.0007
vn 0.9061 0.4229 -0.0058
vn 0.8660 0.5000 -0.0058
vn 0.9062 0.4229 -0.0026
vn 0.8660 0.5000 -0.0026
vn 0.7660 0.6428 -0.0058
vn 0.8193 0.5733 -0.0058
vn 0.7660 0.6428 -0.0026
vn 0.8193 0.5733 -0.0026
vn 0.7660 0.6428 0.0000
vn 0.8193 0.5733 0.0000
vn 0.8193 0.5733 -0.0007
vn 0.7660 0.6428 -0.0007
vn 0.8660 0.5000 0.0000
vn 0.8660 0.5000 -0.0007
vn 0.9062 0.4229 0.0000
vn 0.9062 0.4229 -0.0007
vn 0.7069 0.7073 -0.0058
vn 0.6428 0.7660 -0.0058
vn 0.7069 0.7073 -0.0026
vn 0.6428 0.7660 -0.0026
vn 0.5000 0.8660 -0.0058
vn 0.5738 0.8189 -0.0058
vn 0.5000 0.8660 -0.0026
vn 0.5739 0.8190 -0.0026
vn 0.5000 0.8660 0.0000
vn 0.5739 0.8190 0.0000
vn 0.5739 0.8190 -0.0007
vn 0.5000 0.8660 -0.0007
vn 0.6428 0.7660 0.0000
vn 0.6428 0.7660 -0.0007
vn 0.7069 0.7073 -0.0000
vn 0.7069 0.7073 -0.0007
vn 0.4223 0.9064 -0.0058
vn 0.3420 0.9397 -0.0058
vn 0.4223 0.9064 -0.0026
vn 0.3420 0.9397 -0.0026
vn 0.1736 0.9848 -0.0058
vn 0.2591 0.9658 -0.0058
vn 0.1737 0.9848 -0.0026
vn 0.2591 0.9658 -0.0026
vn 0.1736 0.9848 -0.0000
vn 0.2591 0.9658 -0.0000
vn 0.2591 0.9658 -0.0007
vn 0.1737 0.9848 -0.0007
vn 0.3420 0.9397 0.0000
vn 0.3420 0.9397 -0.0007
vn 0.4223 0.9064 0.0000
vn 0.4223 0.9064 -0.0007
vn 0.0868 0.9962 -0.0058
vn 0.0000 1.0000 -0.0058
vn 0.0868 0.9962 -0.0026
vn 0.0000 1.0000 -0.0026
vn -0.1736 0.9848 -0.0058
vn -0.0868 0.9962 -0.0058
vn -0.1737 0.9848 -0.0026
vn -0.0868 0.9962 -0.0026
vn -0.1736 0.9848 0.0000
vn -0.0868 0.9962 0.0000
vn -0.0868 0.9962 -0.0007
vn -0.1737 0.9848 -0.0007
vn -0.0000 1.0000 0.0000
vn -0.0000 1.0000 -0.0007
vn 0.0868 0.9962 0.0000
vn 0.0868 0.9962 -0.0007
vn -0.2591 0.9658 -0.0058
vn -0.3420 0.9397 -0.0058
vn -0.2591 0.9658 -0.0026
vn -0.3420 0.9397 -0.0026
vn -0.5000 0.8660 -0.0058
vn -0.4223 0.9064 -0.0058
vn -0.5000 0.8660 -0.0026
vn -0.4223 0.9064 -0.0026
vn -0.5000 0.8660 -0.0000
vn -0.4223 0.9065 0.0000
vn -0.4223 0.9064 -0.0007
vn -0.5000 0.8660 -0.0007
vn -0.3420 0.9397 0.0000
vn -0.3420 0.9397 -0.0007
vn -0.2591 0.9658 0.0000
vn -0.2591 0.9658 -0.0007
vn -0.5738 0.8189 -0.0058
vn -0.6428 0.7660 -0.0058
vn -0.5738 0.8190 -0.0026
vn -0.6428 0.7660 -0.0026
vn -0.7660 0.6428 -0.0058
vn -0.7069 0.7073 -0.0058
vn -0.7660 0.6428 -0.0026
vn -0.7069 0.7073 -0.0026
vn -0.7660 0.6428 0.0000
vn -0.7069 0.7073 0.0000
vn -0.7069 0.7073 -0.0007
vn -0.7660 0.6428 -0.0007
vn -0.6428 0.7660 0.0000
vn -0.6428 0.7660 -0.0007
vn -0.5739 0.8190 -0.0000
vn -0.5739 0.8190 -0.0007
vn -0.8193 0.5733 -0.0058
vn -0.8660 0.5000 -0.0058
vn -0.8193 0.5733 -0.0026
vn -0.8660 0.5000 -0.0026
vn -0.9397 0.3420 -0.0058
vn -0.9061 0.4229 -0.0058
vn -0.9397 0.3420 -0.0026
vn -0.9062 0.4229 -0.0026
vn -0.9397 0.3420 0.0000
vn -0.9062 0.4229 0.0000
vn -0.9062 0.4229 -0.0007
vn -0.9397 0.3420 -0.0007
vn -0.8660 0.5000 0.0000
vn -0.8660 0.5000 -0.0007
vn -0.8193 0.5733 -0.0000
vn -0.8193 0.5733 -0.0007
vn -0.9660 0.2585 -0.0058
vn -0.9848 0.1736 -0.0058
vn -0.9660 0.2585 -0.0026
vn -0.9848 0.1736 -0.0026
vn -1.0000 0.0000 -0.0058
vn -0.9961 0.0875 -0.0058
vn -1.0000 -0.0000 -0.0026
vn -0.9962 0.0875 -0.0026
vn -1.0000 -0.0000 -0.0000
vn -0.9962 0.0875 0.0000
vn -0.9962 0.0875 -0.0007
vn -1.0000 0.0000 -0.0007
vn -0.9848 0.1736 0.0000
vn -0.9848 0.1737 -0.0007
vn -0.9660 0.2585 0.0000
vn -0.9660 0.2585 -0.0007
vn -0.9961 -0.0875 -0.0058
vn -0.9848 -0.1736 -0.0058
vn -0.9962 -0.0875 -0.0026
vn -0.9848 -0.1736 -0.0026
vn -0.9397 -0.3420 -0.0058
vn -0.9660 -0.2585 -0.0058
vn -0.9397 -0.3420 -0.0026
vn -0.9660 -0.2585 -0.0026
vn -0.9397 -0.3420 -0.0000
vn -0.9660 -0.2585 -0.0000
vn -0.9660 -0.2585 -0.0007
vn -0.9397 -0.3420 -0.0007
vn -0.9848 -0.1737 -0.0000
vn -0.9848 -0.1736 -0.0007
vn -0.9962 -0.0875 -0.0000
vn -0.9962 -0.0875 -0.0007
vn -0.9061 -0.4229 -0.0058
vn -0.8660 -0.5000 -0.0058
vn -0.9062 -0.4229 -0.0026
vn -0.8660 -0.5000 -0.0026
vn -0.7660 -0.6428 -0.0058
vn -0.8193 -0.5733 -0.0058
vn -0.7660 -0.6428 -0.0026
vn -0.8193 -0.5733 -0.0026
vn -0.7660 -0.6428 -0.0000
vn -0.8193 -0.5733 -0.0000
vn -0.8193 -0.5733 -0.0007
vn -0.7660 -0.6428 -0.0007
vn -0.8660 -0.5000 -0.0000
vn -0.8660 -0.5000 -0.0007
vn -0.9062 -0.4229 -0.0000
vn -0.9062 -0.4229 -0.0007
vn -0.7069 -0.7073 -0.0058
vn -0.6428 -0.7660 -0.0058
vn -0.7069 -0.7073 -0.0026
vn -0.6428 -0.7660 -0.0026
vn -0.5000 -0.8660 -0.0058
vn -0.5738 -0.8189 -0.0058
vn -0.5000 -0.8660 -0.0026
vn -0.5739 -0.8190 -0.0026
vn -0.5000 -0.8660 -0.0000
vn -0.5739 -0.8190 -0.0000
vn -0.5739 -0.8190 -0.0007
vn -0.5000 -0.8660 -0.0007
vn -0.6428 -0.7660 -0.0000
vn -0.6428 -0.7660 -0.0007
vn -0.7069 -0.7073 -0.0000
vn -0.7069 -0.7073 -0.0007
vn -0.4223 -0.9064 -0.0058
vn -0.3420 -0.9397 -0.0058
vn -0.4223 -0.9064 -0.0026
vn -0.3420 -0.9397 -0.0026
vn -0.1736 -0.9848 -0.0058
vn -0.2591 -0.9658 -0.0058
vn -0.1737 -0.9848 -0.0026
vn -0.2591 -0.9658 -0.0026
vn -0.1736 -0.9848 -0.0000
vn -0.2591 -0.9658 -0.0000
vn -0.2591 -0.9658 -0.0007
vn -0.1737 -0.9848 -0.0007
vn -0.3420 -0.9397 -0.0000
vn -0.3420 -0.9397 -0.0007
vn -0.4223 -0.9064 -0.0000
vn -0.4223 -0.9064 -0.0007
vn -0.0868 -0.9962 -0.0058
vn -0.0000 -1.0000 -0.0058
vn -0.0868 -0.9962 -0.0026
vn -0.0000 -1.0000 -0.0026
vn 0.1736 -0.9848 -0.0058
vn 0.0868 -0.9962 -0.0058
vn 0.1736 -0.9848 -0.0026
vn 0.0868 -0.9962 -0.0026
vn 0.1737 -0.9848 0.0000
vn 0.0868 -0.9962 0.0000
vn 0.0868 -0.9962 -0.0007
vn 0.1736 -0.9848 -0.0007
vn 0.0000 -1.0000 0.0000
vn -0.0000 -1.0000 -0.0007
vn -0.0868 -0.9962 -0.0000
vn -0.0868 -0.9962 -0.0007
vn 0.2591 -0.9658 -0.0058
vn 0.3420 -0.9397 -0.0058
vn 0.2591 -0.9658 -0.0026
vn 0.3420 -0.9397 -0.0026
vn 0.5000 -0.8660 -0.0058
vn 0.4223 -0.9064 -0.0058
vn 0.5000 -0.8660 -0.0026
vn 0.4223 -0.9064 -0.0026
vn 0.5000 -0.8660 -0.0000
vn 0.4223 -0.9065 -0.0000
vn 0.4223 -0.9065 -0.0007
vn 0.5000 -0.8660 -0.0007
vn 0.3420 -0.9397 -0.0000
vn 0.3420 -0.9397 -0.0007
vn 0.2591 -0.9658 -0.0000
vn 0.2591 -0.9658 -0.0007
vn 0.5738 -0.8189 -0.0058
vn 0.6428 -0.7660 -0.0058
vn 0.5738 -0.8190 -0.0026
vn 0.6428 -0.7660 -0.0026
vn 0.7660 -0.6428 -0.0058
vn 0.7069 -0.7073 -0.0058
vn 0.7660 -0.6428 -0.0026
vn 0.7069 -0.7073 -0.0026
vn 0.7660 -0.6428 -0.0000
vn 0.7069 -0.7073 -0.0000
vn 0.7069 -0.7073 -0.0007
vn 0.7660 -0.6428 -0.0007
vn 0.6428 -0.7660 -0.0000
vn 0.6428 -0.7660 -0.0007
vn 0.5739 -0.8190 -0.0000
vn 0.5739 -0.8190 -0.0007
vn 0.8193 -0.5733 -0.0058
vn 0.8660 -0.5000 -0.0058
vn 0.8193 -0.5733 -0.0026
vn 0.8660 -0.5000 -0.0026
vn 0.9397 -0.3420 -0.0058
vn 0.9061 -0.4229 -0.0058
vn 0.9397 -0.3420 -0.0026
vn 0.9062 -0.4229 -0.0026
vn 0.9397 -0.3420 -0.0000
vn 0.9062 -0.4229 -0.0000
vn 0.9062 -0.4229 -0.0007
vn 0.9397 -0.3420 -0.0007
vn 0.8660 -0.5000 -0.0000
vn 0.8660 -0.5000 -0.0007
vn 0.8193 -0.5733 -0.0000
vn 0.8193 -0.5733 -0.0007
vn 0.9660 -0.2585 -0.0058
vn 0.9848 -0.1736 -0.0058
vn 0.9660 -0.2585 -0.0026
vn 0.9848 -0.1736 -0.0026
vn 0.9961 -0.0875 -0.0058
vn 0.9962 -0.0875 -0.0026
vn 0.9962 -0.0875 -0.0000
vn 0.9962 -0.0875 -0.0007
vn 0.9848 -0.1736 -0.0000
vn 0.9848 -0.1736 -0.0007
vn 0.9660 -0.2585 -0.0000
vn 0.9660 -0.2585 -0.0007
vn 0.7660 0.6428 -0.0000
vn 0.8193 0.5733 -0.0000
vn 0.6428 0.7660 -0.0000
vn 0.7069 0.7073 0.0000
vn 0.4223 0.9065 0.0000
vn 0.1736 0.9848 0.0000
vn 0.2591 0.9658 0.0000
vn 0.1737 0.9848 0.0000
vn 0.3420 0.9397 -0.0000
vn -0.0000 1.0000 -0.0000
vn -0.1737 0.9848 0.0000
vn -0.1736 0.9848 -0.0000
vn -0.5000 0.8660 0.0000
vn -0.4223 0.9064 0.0000
vn -0.3420 0.9397 -0.0000
vn -0.5739 0.8190 0.0000
vn -0.7069 0.7073 -0.0000
vn -0.8193 0.5733 0.0000
vn -0.8660 0.5000 -0.0000
vn -0.9848 0.1737 0.0000
vn -1.0000 0.0000 0.0000
vn -1.0000 0.0000 -0.0000
vn -0.9848 -0.1736 -0.0000
vn -0.9660 -0.2585 0.0000
vn -0.8660 -0.5000 0.0000
vn -0.7660 -0.6428 0.0000
vn -0.4223 -0.9065 -0.0000
vn -0.1736 -0.9848 0.0000
vn -0.1737 -0.9848 -0.0000
vn -0.3420 -0.9397 0.0000
vn -0.0000 -1.0000 -0.0000
vn 0.1736 -0.9848 -0.0000
vn 0.0868 -0.9962 -0.0000
vn 0.1737 -0.9848 -0.0000
vn 0.1736 -0.9848 0.0000
vn -0.0000 -1.0000 0.0000
vn 0.9397 -0.3420 0.0000
vn 0.9962 0.0875 0.0007
vn 1.0000 0.0000 0.0007
vn 0.9848 0.1736 0.0007
vn 0.9962 0.0875 0.0026
vn 1.0000 0.0000 0.0026
vn 0.9848 0.1736 0.0026
vn 0.9397 0.3420 0.0007
vn 0.9660 0.2585 0.0007
vn 0.9397 0.3420 0.0026
vn 0.9660 0.2585 0.0026
vn 0.9396 0.3420 0.0102
vn 0.9660 0.2585 0.0102
vn 0.9660 0.2585 0.0058
vn 0.9397 0.3420 0.0058
vn 0.9848 0.1736 0.0102
vn 0.9848 0.1736 0.0058
vn 0.9961 0.0875 0.0102
vn 0.9999 -0.0000 0.0102
vn 1.0000 0.0000 0.0058
vn 0.9961 0.0875 0.0058
vn 0.9062 0.4229 0.0007
vn 0.8660 0.5000 0.0007
vn 0.9062 0.4229 0.0026
vn 0.8660 0.5000 0.0026
vn 0.7660 0.6428 0.0007
vn 0.8193 0.5733 0.0007
vn 0.7660 0.6428 0.0026
vn 0.8193 0.5733 0.0026
vn 0.7660 0.6428 0.0102
vn 0.8193 0.5733 0.0102
vn 0.8193 0.5733 0.0058
vn 0.7660 0.6428 0.0058
vn 0.8660 0.5000 0.0102
vn 0.8660 0.5000 0.0058
vn 0.9061 0.4229 0.0102
vn 0.9061 0.4229 0.0058
vn 0.7069 0.7073 0.0007
vn 0.6428 0.7660 0.0007
vn 0.7069 0.7073 0.0026
vn 0.6428 0.7660 0.0026
vn 0.5000 0.8660 0.0007
vn 0.5739 0.8190 0.0007
vn 0.5000 0.8660 0.0026
vn 0.5739 0.8190 0.0026
vn 0.5000 0.8660 0.0102
vn 0.5738 0.8189 0.0102
vn 0.5738 0.8189 0.0058
vn 0.5000 0.8660 0.0058
vn 0.6428 0.7660 0.0102
vn 0.6428 0.7660 0.0058
vn 0.7068 0.7073 0.0102
vn 0.7069 0.7073 0.0058
vn 0.4223 0.9064 0.0007
vn 0.3420 0.9397 0.0007
vn 0.4223 0.9064 0.0026
vn 0.3420 0.9397 0.0026
vn 0.1737 0.9848 0.0007
vn 0.2591 0.9658 0.0007
vn 0.1737 0.9848 0.0026
vn 0.2591 0.9658 0.0026
vn 0.1736 0.9848 0.0102
vn 0.2591 0.9658 0.0102
vn 0.2591 0.9658 0.0058
vn 0.1736 0.9848 0.0058
vn 0.3420 0.9396 0.0102
vn 0.3420 0.9397 0.0058
vn 0.4223 0.9064 0.0102
vn 0.4223 0.9064 0.0058
vn 0.0868 0.9962 0.0007
vn -0.0000 1.0000 0.0007
vn 0.0868 0.9962 0.0026
vn -0.0000 1.0000 0.0026
vn -0.1737 0.9848 0.0007
vn -0.0868 0.9962 0.0007
vn -0.1737 0.9848 0.0026
vn -0.0868 0.9962 0.0026
vn -0.1736 0.9848 0.0102
vn -0.0868 0.9962 0.0102
vn -0.0868 0.9962 0.0058
vn -0.1736 0.9848 0.0058
vn -0.0000 0.9999 0.0102
vn -0.0000 1.0000 0.0058
vn 0.0868 0.9962 0.0102
vn 0.0868 0.9962 0.0058
vn -0.2591 0.9658 0.0007
vn -0.3420 0.9397 0.0007
vn -0.2591 0.9658 0.0026
vn -0.3420 0.9397 0.0026
vn -0.5000 0.8660 0.0007
vn -0.4223 0.9065 0.0007
vn -0.5000 0.8660 0.0026
vn -0.4223 0.9064 0.0026
vn -0.5000 0.8660 0.0102
vn -0.4223 0.9064 0.0102
vn -0.4223 0.9064 0.0058
vn -0.5000 0.8660 0.0058
vn -0.3420 0.9396 0.0102
vn -0.3420 0.9397 0.0058
vn -0.2591 0.9658 0.0102
vn -0.2591 0.9658 0.0058
vn -0.5739 0.8190 0.0007
vn -0.6428 0.7660 0.0007
vn -0.5738 0.8190 0.0026
vn -0.6428 0.7660 0.0026
vn -0.7660 0.6428 0.0007
vn -0.7069 0.7073 0.0007
vn -0.7660 0.6428 0.0026
vn -0.7069 0.7073 0.0026
vn -0.7660 0.6428 0.0102
vn -0.7068 0.7073 0.0102
vn -0.7069 0.7073 0.0058
vn -0.7660 0.6428 0.0058
vn -0.6428 0.7660 0.0102
vn -0.6428 0.7660 0.0058
vn -0.5738 0.8189 0.0102
vn -0.5738 0.8189 0.0058
vn -0.8193 0.5733 0.0007
vn -0.8660 0.5000 0.0007
vn -0.8193 0.5733 0.0026
vn -0.8660 0.5000 0.0026
vn -0.9397 0.3420 0.0007
vn -0.9062 0.4229 0.0007
vn -0.9397 0.3420 0.0026
vn -0.9062 0.4229 0.0026
vn -0.9396 0.3420 0.0102
vn -0.9061 0.4229 0.0102
vn -0.9061 0.4229 0.0058
vn -0.9397 0.3420 0.0058
vn -0.8660 0.5000 0.0102
vn -0.8660 0.5000 0.0058
vn -0.8193 0.5733 0.0102
vn -0.8193 0.5733 0.0058
vn -0.9660 0.2585 0.0007
vn -0.9848 0.1737 0.0007
vn -0.9660 0.2585 0.0026
vn -0.9848 0.1736 0.0026
vn -1.0000 0.0000 0.0007
vn -0.9962 0.0875 0.0007
vn -1.0000 -0.0000 0.0026
vn -0.9962 0.0875 0.0026
vn -0.9999 -0.0000 0.0102
vn -0.9961 0.0875 0.0102
vn -0.9961 0.0875 0.0058
vn -1.0000 0.0000 0.0058
vn -0.9848 0.1736 0.0102
vn -0.9848 0.1736 0.0058
vn -0.9660 0.2585 0.0102
vn -0.9660 0.2585 0.0058
vn -0.9962 -0.0875 0.0007
vn -0.9848 -0.1736 0.0007
vn -0.9962 -0.0875 0.0026
vn -0.9848 -0.1736 0.0026
vn -0.9397 -0.3420 0.0007
vn -0.9660 -0.2585 0.0007
vn -0.9397 -0.3420 0.0026
vn -0.9660 -0.2585 0.0026
vn -0.9396 -0.3420 0.0102
vn -0.9660 -0.2585 0.0102
vn -0.9660 -0.2585 0.0058
vn -0.9397 -0.3420 0.0058
vn -0.9848 -0.1736 0.0102
vn -0.9848 -0.1736 0.0058
vn -0.9961 -0.0875 0.0102
vn -0.9961 -0.0875 0.0058
vn -0.9062 -0.4229 0.0007
vn -0.8660 -0.5000 0.0007
vn -0.9062 -0.4229 0.0026
vn -0.8660 -0.5000 0.0026
vn -0.7660 -0.6428 0.0007
vn -0.8193 -0.5733 0.0007
vn -0.7660 -0.6428 0.0026
vn -0.8193 -0.5733 0.0026
vn -0.7660 -0.6428 0.0102
vn -0.8193 -0.5733 0.0102
vn -0.8193 -0.5733 0.0058
vn -0.7660 -0.6428 0.0058
vn -0.8660 -0.5000 0.0102
vn -0.8660 -0.5000 0.0058
vn -0.9061 -0.4229 0.0102
vn -0.9061 -0.4229 0.0058
vn -0.7069 -0.7073 0.0007
vn -0.6428 -0.7660 0.0007
vn -0.7069 -0.7073 0.0026
vn -0.6428 -0.7660 0.0026
vn -0.5000 -0.8660 0.0007
vn -0.5739 -0.8190 0.0007
vn -0.5000 -0.8660 0.0026
vn -0.5739 -0.8190 0.0026
vn -0.5000 -0.8660 0.0102
vn -0.5738 -0.8189 0.0102
vn -0.5738 -0.8189 0.0058
vn -0.5000 -0.8660 0.0058
vn -0.6428 -0.7660 0.0102
vn -0.6428 -0.7660 0.0058
vn -0.7068 -0.7073 0.0102
vn -0.7069 -0.7073 0.0058
vn -0.4223 -0.9064 0.0007
vn -0.3420 -0.9397 0.0007
vn -0.4223 -0.9064 0.0026
vn -0.3420 -0.9397 0.0026
vn -0.1737 -0.9848 0.0007
vn -0.2591 -0.9658 0.0007
vn -0.1736 -0.9848 0.0026
vn -0.2591 -0.9658 0.0026
vn -0.1736 -0.9848 0.0102
vn -0.2591 -0.9658 0.0102
vn -0.2591 -0.9658 0.0058
vn -0.1736 -0.9848 0.0058
vn -0.3420 -0.9396 0.0102
vn -0.3420 -0.9397 0.0058
vn -0.4223 -0.9064 0.0102
vn -0.4223 -0.9064 0.0058
vn -0.0868 -0.9962 0.0007
vn -0.0000 -1.0000 0.0007
vn -0.0868 -0.9962 0.0026
vn -0.0000 -1.0000 0.0026
vn 0.1736 -0.9848 0.0007
vn 0.0868 -0.9962 0.0007
vn 0.1736 -0.9848 0.0026
vn 0.0868 -0.9962 0.0026
vn 0.1736 -0.9848 0.0102
vn 0.0868 -0.9962 0.0102
vn 0.0868 -0.9962 0.0058
vn 0.1736 -0.9848 0.0058
vn 0.0000 -0.9999 0.0102
vn 0.0000 -1.0000 0.0058
vn -0.0868 -0.9962 0.0102
vn -0.0868 -0.9962 0.0058
vn 0.2591 -0.9658 0.0007
vn 0.3420 -0.9397 0.0007
vn 0.2591 -0.9658 0.0026
vn 0.3420 -0.9397 0.0026
vn 0.5000 -0.8660 0.0007
vn 0.4223 -0.9065 0.0007
vn 0.5000 -0.8660 0.0026
vn 0.4223 -0.9064 0.0026
vn 0.5000 -0.8660 0.0102
vn 0.4223 -0.9064 0.0102
vn 0.4223 -0.9064 0.0058
vn 0.5000 -0.8660 0.0058
vn 0.3420 -0.9396 0.0102
vn 0.3420 -0.9397 0.0058
vn 0.2591 -0.9658 0.0102
vn 0.2591 -0.9658 0.0058
vn 0.5739 -0.8190 0.0007
vn 0.6428 -0.7660 0.0007
vn 0.5739 -0.8190 0.0026
vn 0.6428 -0.7660 0.0026
vn 0.7660 -0.6428 0.0007
vn 0.7069 -0.7073 0.0007
vn 0.7660 -0.6428 0.0026
vn 0.7069 -0.7073 0.0026
vn 0.7660 -0.6428 0.0102
vn 0.7068 -0.7073 0.0102
vn 0.7069 -0.7073 0.0058
vn 0.7660 -0.6428 0.0058
vn 0.6428 -0.7660 0.0102
vn 0.6428 -0.7660 0.0058
vn 0.5738 -0.8189 0.0102
vn 0.5738 -0.8189 0.0058
vn 0.8193 -0.5733 0.0007
vn 0.8660 -0.5000 0.0007
vn 0.8193 -0.5733 0.0026
vn 0.8660 -0.5000 0.0026
vn 0.9397 -0.3420 0.0007
vn 0.9062 -0.4229 0.0007
vn 0.9397 -0.3420 0.0026
vn 0.9062 -0.4229 0.0026
vn 0.9396 -0.3420 0.0102
vn 0.9061 -0.4229 0.0102
vn 0.9061 -0.4229 0.0058
vn 0.9397 -0.3420 0.0058
vn 0.8660 -0.5000 0.0102
vn 0.8660 -0.5000 0.0058
vn 0.8193 -0.5733 0.0102
vn 0.8193 -0.5733 0.0058
vn 0.9660 -0.2585 0.0007
vn 0.9848 -0.1736 0.0007
vn 0.9660 -0.2585 0.0026
vn 0.9848 -0.1736 0.0026
vn 0.9962 -0.0875 0.0007
vn 0.9962 -0.0875 0.0026
vn 0.9961 -0.0875 0.0102
vn 0.9961 -0.0875 0.0058
vn 0.9848 -0.1736 0.0102
vn 0.9848 -0.1736 0.0058
vn 0.9660 -0.2585 0.0102
vn 0.9660 -0.2585 0.0058
vn 0.9908 0.0871 0.1037
vn 0.9960 -0.0000 0.0888
vn 0.9779 0.1724 0.1180
vn 0.9145 0.1177 0.3870
vn 0.9409 -0.0000 0.3387
vn 0.8893 0.1568 0.4297
vn 0.9360 0.3407 0.0888
vn 0.9608 0.2570 0.1037
vn 0.8842 0.3218 0.3387
vn 0.8996 0.2022 0.3870
vn 0.4870 0.1773 0.8552
vn 0.3609 0.0861 0.9286
vn 0.6803 0.0970 0.7265
vn 0.7009 0.2551 0.6661
vn 0.2798 0.0493 0.9588
vn 0.6114 0.1078 0.7839
vn 0.3686 0.0425 0.9286
vn 0.5183 -0.0000 0.8552
vn 0.7459 -0.0000 0.6661
vn 0.6724 0.1415 0.7265
vn 0.9012 0.4207 0.1037
vn 0.8600 0.4965 0.1180
vn 0.8191 0.4234 0.3870
vn 0.7820 0.4515 0.4297
vn 0.7630 0.6402 0.0888
vn 0.8150 0.5701 0.1037
vn 0.7208 0.6048 0.3387
vn 0.7762 0.4977 0.3870
vn 0.3970 0.3332 0.8552
vn 0.3097 0.2044 0.9286
vn 0.6061 0.3238 0.7265
vn 0.5714 0.4794 0.6661
vn 0.2461 0.1421 0.9588
vn 0.5377 0.3104 0.7839
vn 0.3318 0.1660 0.9286
vn 0.5834 0.3630 0.7265
vn 0.7030 0.7036 0.1037
vn 0.6383 0.7607 0.1180
vn 0.6249 0.6780 0.3870
vn 0.5804 0.6917 0.4297
vn 0.4980 0.8626 0.0888
vn 0.5708 0.8145 0.1037
vn 0.4705 0.8148 0.3387
vn 0.5592 0.7332 0.3870
vn 0.2591 0.4489 0.8552
vn 0.2211 0.2980 0.9286
vn 0.4588 0.5115 0.7265
vn 0.3729 0.6459 0.6661
vn 0.1826 0.2177 0.9588
vn 0.3991 0.4756 0.7839
vn 0.2550 0.2695 0.9286
vn 0.4241 0.5406 0.7265
vn 0.4200 0.9016 0.1037
vn 0.3396 0.9331 0.1180
vn 0.3554 0.8508 0.3870
vn 0.3088 0.8485 0.4297
vn 0.1730 0.9809 0.0888
vn 0.2578 0.9606 0.1037
vn 0.1634 0.9266 0.3387
vn 0.2747 0.8802 0.3870
vn 0.0900 0.5104 0.8552
vn 0.1059 0.3556 0.9286
vn 0.2562 0.6376 0.7265
vn 0.1295 0.7345 0.6661
vn 0.0972 0.2670 0.9588
vn 0.2123 0.5834 0.7839
vn 0.1475 0.3405 0.9286
vn 0.2136 0.6531 0.7265
vn 0.0863 0.9909 0.1037
vn 0.0000 0.9930 0.1180
vn 0.0429 0.9211 0.3870
vn -0.0000 0.9030 0.4297
vn -0.1730 0.9809 0.0888
vn -0.0863 0.9909 0.1037
vn -0.1634 0.9266 0.3387
vn -0.0429 0.9211 0.3870
vn -0.0900 0.5104 0.8552
vn -0.0222 0.3704 0.9286
vn 0.0226 0.6868 0.7265
vn -0.1295 0.7345 0.6661
vn 0.0000 0.2841 0.9588
vn -0.0000 0.6208 0.7839
vn 0.0222 0.3704 0.9286
vn -0.0226 0.6868 0.7265
vn -0.2578 0.9606 0.1037
vn -0.3396 0.9331 0.1180
vn -0.2747 0.8802 0.3870
vn -0.3088 0.8485 0.4297
vn -0.4980 0.8626 0.0888
vn -0.4200 0.9016 0.1037
vn -0.4705 0.8148 0.3387
vn -0.3554 0.8508 0.3870
vn -0.2591 0.4489 0.8552
vn -0.1475 0.3405 0.9286
vn -0.2136 0.6531 0.7265
vn -0.3729 0.6459 0.6661
vn -0.0972 0.2670 0.9588
vn -0.2123 0.5834 0.7839
vn -0.1059 0.3556 0.9286
vn -0.2562 0.6376 0.7265
vn -0.5708 0.8145 0.1037
vn -0.6383 0.7607 0.1180
vn -0.5592 0.7332 0.3870
vn -0.5804 0.6917 0.4297
vn -0.7630 0.6402 0.0888
vn -0.7030 0.7036 0.1037
vn -0.7208 0.6048 0.3387
vn -0.6249 0.6780 0.3870
vn -0.3970 0.3332 0.8552
vn -0.2550 0.2695 0.9286
vn -0.4241 0.5406 0.7265
vn -0.5714 0.4794 0.6661
vn -0.1826 0.2177 0.9588
vn -0.3991 0.4756 0.7839
vn -0.2211 0.2980 0.9286
vn -0.4588 0.5115 0.7265
vn -0.8150 0.5701 0.1037
vn -0.8600 0.4965 0.1180
vn -0.7762 0.4977 0.3870
vn -0.7820 0.4515 0.4297
vn -0.9360 0.3407 0.0888
vn -0.9012 0.4207 0.1037
vn -0.8842 0.3218 0.3387
vn -0.8191 0.4234 0.3870
vn -0.4870 0.1773 0.8552
vn -0.3318 0.1660 0.9286
vn -0.5834 0.3630 0.7265
vn -0.7009 0.2551 0.6661
vn -0.2461 0.1421 0.9588
vn -0.5377 0.3104 0.7839
vn -0.3097 0.2044 0.9286
vn -0.6061 0.3238 0.7265
vn -0.9608 0.2570 0.1037
vn -0.9779 0.1724 0.1180
vn -0.8996 0.2022 0.3870
vn -0.8893 0.1568 0.4297
vn -0.9960 -0.0000 0.0888
vn -0.9908 0.0871 0.1037
vn -0.9409 -0.0000 0.3387
vn -0.9145 0.1177 0.3870
vn -0.5183 -0.0000 0.8552
vn -0.3686 0.0425 0.9286
vn -0.6724 0.1415 0.7265
vn -0.7459 -0.0000 0.6661
vn -0.2798 0.0493 0.9588
vn -0.6114 0.1078 0.7839
vn -0.3609 0.0861 0.9286
vn -0.6803 0.0970 0.7265
vn -0.9908 -0.0871 0.1037
vn -0.9779 -0.1724 0.1180
vn -0.9145 -0.1177 0.3870
vn -0.8893 -0.1568 0.4297
vn -0.9360 -0.3407 0.0888
vn -0.9608 -0.2570 0.1037
vn -0.8842 -0.3218 0.3387
vn -0.8996 -0.2022 0.3870
vn -0.4870 -0.1773 0.8552
vn -0.3609 -0.0861 0.9286
vn -0.6803 -0.0970 0.7265
vn -0.7009 -0.2551 0.6661
vn -0.2798 -0.0493 0.9588
vn -0.6114 -0.1078 0.7839
vn -0.3686 -0.0425 0.9286
vn -0.6724 -0.1415 0.7265
vn -0.9012 -0.4207 0.1037
vn -0.8600 -0.4965 0.1180
vn -0.8191 -0.4234 0.3870
vn -0.7820 -0.4515 0.4297
vn -0.7630 -0.6402 0.0888
vn -0.8150 -0.5701 0.1037
vn -0.7208 -0.6048 0.3387
vn -0.7762 -0.4977 0.3870
vn -0.3970 -0.3332 0.8552
vn -0.3097 -0.2044 0.9286
vn -0.6061 -0.3238 0.7265
vn -0.5714 -0.4794 0.6661
vn -0.2461 -0.1421 0.9588
vn -0.5377 -0.3104 0.7839
vn -0.3318 -0.1660 0.9286
vn -0.5834 -0.3630 0.7265
vn -0.7030 -0.7036 0.1037
vn -0.6383 -0.7607 0.1180
vn -0.6249 -0.6780 0.3870
vn -0.5804 -0.6917 0.4297
vn -0.4980 -0.8626 0.0888
vn -0.5708 -0.8145 0.1037
vn -0.4705 -0.8148 0.3387
vn -0.5592 -0.7332 0.3870
vn -0.2591 -0.4489 0.8552
vn -0.2211 -0.2980 0.9286
vn -0.4588 -0.5116 0.7265
vn -0.3729 -0.6459 0.6661
vn -0.1826 -0.2177 0.9588
vn -0.3991 -0.4756 0.7839
vn -0.2550 -0.2695 0.9286
vn -0.4241 -0.5406 0.7265
vn -0.4200 -0.9016 0.1037
vn -0.3396 -0.9331 0.1180
vn -0.3554 -0.8508 0.3870
vn -0.3088 -0.8485 0.4297
vn -0.1730 -0.9809 0.0888
vn -0.2578 -0.9606 0.1037
vn -0.1634 -0.9266 0.3387
vn -0.2747 -0.8802 0.3870
vn -0.0900 -0.5104 0.8552
vn -0.1059 -0.3556 0.9286
vn -0.2562 -0.6376 0.7265
vn -0.1295 -0.7345 0.6661
vn -0.0972 -0.2670 0.9588
vn -0.2123 -0.5834 0.7839
vn -0.1475 -0.3405 0.9286
vn -0.2136 -0.6531 0.7265
vn -0.0863 -0.9909 0.1037
vn -0.0000 -0.9930 0.1180
vn -0.0429 -0.9211 0.3870
vn -0.0000 -0.9030 0.4297
vn 0.1730 -0.9809 0.0888
vn 0.0863 -0.9909 0.1037
vn 0.1634 -0.9266 0.3387
vn 0.0429 -0.9211 0.3870
vn 0.0900 -0.5104 0.8552
vn 0.0222 -0.3704 0.9286
vn -0.0226 -0.6868 0.7265
vn 0.1295 -0.7345 0.6661
vn -0.0000 -0.2841 0.9588
vn -0.0000 -0.6208 0.7839
vn -0.0222 -0.3704 0.9286
vn 0.0226 -0.6868 0.7265
vn 0.2578 -0.9606 0.1037
vn 0.3396 -0.9331 0.1180
vn 0.2747 -0.8802 0.3870
vn 0.3088 -0.8485 0.4297
vn 0.4980 -0.8626 0.0888
vn 0.4200 -0.9016 0.1037
vn 0.4705 -0.8149 0.3387
vn 0.3554 -0.8508 0.3870
vn 0.2591 -0.4489 0.8552
vn 0.1475 -0.3405 0.9286
vn 0.2136 -0.6531 0.7265
vn 0.3729 -0.6459 0.6661
vn 0.0972 -0.2670 0.9588
vn 0.2123 -0.5834 0.7839
vn 0.1059 -0.3556 0.9286
vn 0.2562 -0.6376 0.7265
vn 0.5708 -0.8145 0.1037
vn 0.6383 -0.7607 0.1180
vn 0.5592 -0.7332 0.3870
vn 0.5804 -0.6917 0.4297
vn 0.7630 -0.6402 0.0888
vn 0.7030 -0.7036 0.1037
vn 0.7208 -0.6048 0.3387
vn 0.6249 -0.6780 0.3870
vn 0.3970 -0.3332 0.8552
vn 0.2550 -0.2695 0.9286
vn 0.4241 -0.5406 0.7265
vn 0.5714 -0.4794 0.6661
vn 0.1826 -0.2177 0.9588
vn 0.3991 -0.4756 0.7839
vn 0.2211 -0.2980 0.9286
vn 0.4588 -0.5116 0.7265
vn 0.8150 -0.5701 0.1037
vn 0.8600 -0.4965 0.1180
vn 0.7762 -0.4977 0.3870
vn 0.7820 -0.4515 0.4297
vn 0.9360 -0.3407 0.0888
vn 0.9012 -0.4207 0.1037
vn 0.8842 -0.3218 0.3387
vn 0.8191 -0.4234 0.3870
vn 0.4870 -0.1773 0.8552
vn 0.3318 -0.1660 0.9286
vn 0.5834 -0.3630 0.7265
vn 0.7009 -0.2551 0.6661
vn 0.2461 -0.1421 0.9588
vn 0.5377 -0.3104 0.7839
vn 0.3097 -0.2044 0.9286
vn 0.6061 -0.3238 0.7265
vn 0.9608 -0.2570 0.1037
vn 0.9779 -0.1724 0.1181
vn 0.8996 -0.2022 0.3870
vn 0.8893 -0.1568 0.4297
vn 0.9908 -0.0871 0.1037
vn 0.9145 -0.1177 0.3870
vn 0.3686 -0.0425 0.9286
vn 0.6724 -0.1415 0.7265
vn 0.2798 -0.0493 0.9588
vn 0.6114 -0.1078 0.7839
vn 0.3609 -0.0861 0.9286
vn 0.6803 -0.0970 0.7265
vn 0.0337 -0.1909 0.9810
vn 0.0390 -0.1071 0.9935
vn -0.0000 -0.1139 0.9935
vn -0.0000 -0.0000 1.0000
vn 0.0969 -0.1679 0.9810
vn 0.0732 -0.0873 0.9935
vn 0.1485 -0.1246 0.9810
vn 0.0987 -0.0570 0.9935
vn 0.1821 -0.0663 0.9810
vn 0.1122 -0.0198 0.9935
vn 0.1938 -0.0000 0.9810
vn 0.1122 0.0198 0.9935
vn 0.1821 0.0663 0.9810
vn 0.0987 0.0570 0.9935
vn 0.1485 0.1246 0.9810
vn 0.0732 0.0873 0.9935
vn 0.0969 0.1679 0.9810
vn 0.0390 0.1071 0.9935
vn 0.0337 0.1909 0.9810
vn -0.0000 0.1139 0.9935
vn -0.0337 0.1909 0.9810
vn -0.0390 0.1071 0.9935
vn -0.0969 0.1679 0.9810
vn -0.0732 0.0873 0.9935
vn -0.1485 0.1246 0.9810
vn -0.0987 0.0570 0.9935
vn -0.1821 0.0663 0.9810
vn -0.1122 0.0198 0.9935
vn -0.1938 -0.0000 0.9810
vn -0.1122 -0.0198 0.9935
vn -0.1821 -0.0663 0.9810
vn -0.0987 -0.0570 0.9935
vn -0.1485 -0.1246 0.9810
vn -0.0732 -0.0873 0.9935
vn -0.0969 -0.1679 0.9810
vn -0.0390 -0.1071 0.9935
vn -0.0337 -0.1909 0.9810
vn -0.5147 -0.0000 0.8574
vn -0.3648 -0.0427 0.9301
vn -0.1906 -0.0000 0.9817
vn -0.3648 0.0427 0.9301
vn -0.2764 -0.0487 0.9598
vn -0.1102 -0.0194 0.9937
vn -0.1102 0.0194 0.9937
vn -0.2764 0.0487 0.9598
vn 0.0000 -0.0000 1.0000
vn -0.3574 -0.0846 0.9301
vn -0.4836 -0.1760 0.8574
vn -0.3282 -0.1649 0.9301
vn -0.1791 -0.0652 0.9817
vn -0.2431 -0.1403 0.9598
vn -0.0969 -0.0559 0.9937
vn -0.3942 -0.3308 0.8574
vn -0.2520 -0.2672 0.9301
vn -0.1460 -0.1225 0.9817
vn -0.3069 -0.2018 0.9301
vn -0.1804 -0.2150 0.9598
vn -0.0719 -0.0857 0.9937
vn -0.2194 -0.2946 0.9301
vn -0.2573 -0.4457 0.8574
vn -0.1454 -0.3373 0.9301
vn -0.0953 -0.1651 0.9817
vn -0.0960 -0.2638 0.9598
vn -0.0383 -0.1051 0.9937
vn -0.0894 -0.5068 0.8574
vn -0.0213 -0.3667 0.9301
vn -0.0331 -0.1877 0.9817
vn -0.1054 -0.3519 0.9301
vn 0.0000 -0.2807 0.9598
vn 0.0000 -0.1119 0.9937
vn 0.0213 -0.3667 0.9301
vn 0.0894 -0.5068 0.8574
vn 0.1054 -0.3519 0.9301
vn 0.0331 -0.1877 0.9817
vn 0.0960 -0.2638 0.9598
vn 0.0383 -0.1051 0.9937
vn 0.2573 -0.4457 0.8574
vn 0.2194 -0.2946 0.9301
vn 0.0953 -0.1651 0.9817
vn 0.1454 -0.3373 0.9301
vn 0.1804 -0.2150 0.9598
vn 0.0719 -0.0857 0.9937
vn 0.2520 -0.2672 0.9301
vn 0.3942 -0.3308 0.8574
vn 0.3069 -0.2018 0.9301
vn 0.1460 -0.1225 0.9817
vn 0.2431 -0.1403 0.9598
vn 0.0969 -0.0559 0.9937
vn 0.4836 -0.1760 0.8574
vn 0.3574 -0.0846 0.9301
vn 0.1791 -0.0652 0.9817
vn 0.3282 -0.1649 0.9301
vn 0.2764 -0.0487 0.9598
vn 0.1102 -0.0194 0.9937
vn 0.3648 -0.0427 0.9301
vn 0.5147 -0.0000 0.8574
vn 0.3648 0.0427 0.9301
vn 0.1906 -0.0000 0.9817
vn 0.2764 0.0487 0.9598
vn 0.1102 0.0194 0.9937
vn 0.4836 0.1760 0.8574
vn 0.3282 0.1649 0.9301
vn 0.1791 0.0652 0.9817
vn 0.3574 0.0846 0.9301
vn 0.2431 0.1403 0.9598
vn 0.0969 0.0559 0.9937
vn 0.3069 0.2018 0.9301
vn 0.3942 0.3308 0.8574
vn 0.2520 0.2672 0.9301
vn 0.1460 0.1225 0.9817
vn 0.1804 0.2150 0.9598
vn 0.0719 0.0857 0.9937
vn 0.2573 0.4457 0.8574
vn 0.1454 0.3373 0.9301
vn 0.0953 0.1651 0.9817
vn 0.2194 0.2946 0.9301
vn 0.0960 0.2638 0.9598
vn 0.0383 0.1051 0.9937
vn 0.1054 0.3519 0.9301
vn 0.0894 0.5068 0.8574
vn 0.0213 0.3667 0.9301
vn 0.0331 0.1877 0.9817
vn 0.0000 0.2807 0.9598
vn 0.0000 0.1119 0.9937
vn -0.0894 0.5068 0.8574
vn -0.1054 0.3519 0.9301
vn -0.0331 0.1877 0.9817
vn -0.0213 0.3667 0.9301
vn -0.0960 0.2638 0.9598
vn -0.0383 0.1051 0.9937
vn -0.1454 0.3373 0.9301
vn -0.2573 0.4457 0.8574
vn -0.2194 0.2946 0.9301
vn -0.0953 0.1651 0.9817
vn -0.1804 0.2150 0.9598
vn -0.0719 0.0857 0.9937
vn -0.3942 0.3308 0.8574
vn -0.3069 0.2018 0.9301
vn -0.1460 0.1225 0.9817
vn -0.2520 0.2672 0.9301
vn -0.2431 0.1403 0.9598
vn -0.0969 0.0559 0.9937
vn -0.3282 0.1649 0.9301
vn -0.4836 0.1760 0.8574
vn -0.3574 0.0846 0.9301
vn -0.1791 0.0652 0.9817
vn -0.9370 -0.3410 0.0755
vn -0.9621 -0.2574 0.0907
vn -0.8873 -0.3230 0.3292
vn -0.9030 -0.2028 0.3787
vn -0.9793 -0.1727 0.1053
vn -0.8927 -0.1574 0.4223
vn -0.7019 -0.2555 0.6649
vn -0.6805 -0.0965 0.7264
vn -0.6107 -0.1077 0.7845
vn -0.7469 -0.0000 0.6649
vn -0.6725 -0.1421 0.7264
vn -0.9443 0.0000 0.3292
vn -0.9179 -0.1183 0.3787
vn -0.9971 0.0000 0.0756
vn -0.9921 -0.0872 0.0907
vn -0.7639 -0.6410 0.0756
vn -0.8160 -0.5709 0.0907
vn -0.7234 -0.6070 0.3292
vn -0.7792 -0.4994 0.3787
vn -0.8612 -0.4972 0.1052
vn -0.7850 -0.4532 0.4223
vn -0.5722 -0.4801 0.6649
vn -0.6065 -0.3234 0.7264
vn -0.5371 -0.3101 0.7845
vn -0.5833 -0.3635 0.7264
vn -0.8221 -0.4251 0.3787
vn -0.9024 -0.4213 0.0907
vn -0.4986 -0.8635 0.0756
vn -0.5715 -0.8155 0.0907
vn -0.4721 -0.8178 0.3292
vn -0.5614 -0.7358 0.3787
vn -0.6392 -0.7618 0.1052
vn -0.5827 -0.6944 0.4223
vn -0.3735 -0.6469 0.6649
vn -0.4593 -0.5113 0.7264
vn -0.3986 -0.4751 0.7845
vn -0.4238 -0.5411 0.7264
vn -0.6271 -0.6807 0.3787
vn -0.7039 -0.7045 0.0907
vn -0.1732 -0.9820 0.0755
vn -0.2581 -0.9618 0.0907
vn -0.1640 -0.9299 0.3292
vn -0.2759 -0.8834 0.3787
vn -0.3401 -0.9345 0.1052
vn -0.3100 -0.8518 0.4223
vn -0.1297 -0.7356 0.6649
vn -0.2567 -0.6376 0.7264
vn -0.2121 -0.5827 0.7845
vn -0.2132 -0.6534 0.7264
vn -0.3565 -0.8541 0.3787
vn -0.4205 -0.9027 0.0907
vn 0.1731 -0.9820 0.0756
vn 0.0864 -0.9921 0.0907
vn 0.1640 -0.9299 0.3292
vn 0.0429 -0.9245 0.3787
vn -0.0000 -0.9944 0.1052
vn 0.0000 -1.0000 -0.0000
vn 0.0000 -0.9065 0.4223
vn 0.1297 -0.7356 0.6649
vn -0.0232 -0.6869 0.7264
vn 0.0000 -0.6201 0.7845
vn 0.0232 -0.6869 0.7264
vn -0.0429 -0.9245 0.3787
vn -0.0864 -0.9921 0.0907
vn 0.4986 -0.8635 0.0756
vn 0.4205 -0.9027 0.0907
vn 0.4721 -0.8178 0.3292
vn 0.3565 -0.8541 0.3787
vn 0.3401 -0.9345 0.1052
vn 0.3100 -0.8518 0.4223
vn 0.3735 -0.6469 0.6649
vn 0.2132 -0.6534 0.7264
vn 0.2121 -0.5827 0.7845
vn 0.2567 -0.6376 0.7264
vn 0.2759 -0.8834 0.3787
vn 0.2582 -0.9618 0.0907
vn 0.7639 -0.6410 0.0756
vn 0.7039 -0.7045 0.0907
vn 0.7234 -0.6070 0.3292
vn 0.6271 -0.6807 0.3787
vn 0.6392 -0.7618 0.1052
vn 0.5827 -0.6944 0.4223
vn 0.5722 -0.4801 0.6649
vn 0.4238 -0.5411 0.7264
vn 0.3986 -0.4751 0.7845
vn 0.4593 -0.5113 0.7264
vn 0.5614 -0.7358 0.3787
vn 0.5715 -0.8155 0.0907
vn 0.9370 -0.3410 0.0756
vn 0.9024 -0.4212 0.0907
vn 0.8873 -0.3230 0.3292
vn 0.8221 -0.4251 0.3787
vn 0.8612 -0.4972 0.1052
vn 0.7850 -0.4532 0.4223
vn 0.7019 -0.2555 0.6649
vn 0.5833 -0.3635 0.7264
vn 0.5371 -0.3101 0.7845
vn 0.6065 -0.3234 0.7264
vn 0.7792 -0.4994 0.3787
vn 0.8160 -0.5709 0.0907
vn 1.0000 0.0000 -0.0000
vn 0.9971 -0.0000 0.0756
vn 0.9921 -0.0872 0.0907
vn 0.9443 -0.0000 0.3292
vn 0.9179 -0.1183 0.3787
vn 0.9793 -0.1727 0.1052
vn 0.8927 -0.1574 0.4223
vn 0.7469 -0.0000 0.6649
vn 0.6725 -0.1421 0.7264
vn 0.6107 -0.1077 0.7845
vn 0.6805 -0.0965 0.7264
vn 0.9030 -0.2028 0.3787
vn 0.9621 -0.2574 0.0907
vn 0.9370 0.3410 0.0756
vn 0.9621 0.2574 0.0907
vn 0.8873 0.3230 0.3292
vn 0.9030 0.2028 0.3787
vn 0.9793 0.1727 0.1052
vn 0.9848 0.1737 0.0000
vn 0.8927 0.1574 0.4223
vn 0.7019 0.2555 0.6649
vn 0.6805 0.0965 0.7264
vn 0.6107 0.1077 0.7845
vn 0.6725 0.1421 0.7264
vn 0.9179 0.1183 0.3787
vn 0.9921 0.0872 0.0907
vn 0.7639 0.6410 0.0756
vn 0.8160 0.5709 0.0907
vn 0.7234 0.6070 0.3292
vn 0.7792 0.4994 0.3787
vn 0.8612 0.4972 0.1053
vn 0.7850 0.4532 0.4223
vn 0.5722 0.4801 0.6649
vn 0.6065 0.3234 0.7264
vn 0.5371 0.3101 0.7845
vn 0.5833 0.3635 0.7264
vn 0.8221 0.4251 0.3787
vn 0.9062 0.4229 -0.0000
vn 0.9024 0.4212 0.0907
vn 0.4986 0.8635 0.0756
vn 0.5716 0.8155 0.0907
vn 0.4721 0.8178 0.3292
vn 0.5614 0.7358 0.3787
vn 0.6392 0.7618 0.1052
vn 0.5827 0.6944 0.4223
vn 0.3735 0.6469 0.6649
vn 0.4593 0.5113 0.7264
vn 0.3986 0.4751 0.7845
vn 0.4238 0.5411 0.7264
vn 0.6271 0.6807 0.3787
vn 0.7039 0.7045 0.0907
vn 0.1731 0.9820 0.0755
vn 0.2582 0.9618 0.0907
vn 0.1640 0.9299 0.3292
vn 0.2759 0.8834 0.3787
vn 0.3401 0.9345 0.1052
vn 0.3100 0.8518 0.4223
vn 0.1297 0.7356 0.6649
vn 0.2567 0.6376 0.7264
vn 0.2121 0.5827 0.7845
vn 0.2132 0.6534 0.7264
vn 0.3565 0.8541 0.3787
vn 0.4205 0.9027 0.0907
vn -0.1732 0.9820 0.0755
vn -0.0864 0.9921 0.0907
vn -0.1640 0.9299 0.3292
vn -0.0429 0.9245 0.3787
vn -0.0000 0.9944 0.1052
vn 0.0000 0.9065 0.4223
vn -0.1297 0.7356 0.6649
vn 0.0232 0.6869 0.7264
vn 0.0000 0.6201 0.7845
vn -0.0232 0.6869 0.7264
vn 0.0429 0.9245 0.3787
vn 0.0864 0.9921 0.0907
vn -0.4986 0.8635 0.0756
vn -0.4205 0.9027 0.0907
vn -0.4721 0.8178 0.3292
vn -0.3565 0.8541 0.3787
vn -0.3401 0.9345 0.1053
vn -0.3100 0.8518 0.4223
vn -0.3735 0.6469 0.6649
vn -0.2132 0.6534 0.7264
vn -0.2121 0.5827 0.7845
vn -0.2567 0.6376 0.7264
vn -0.2759 0.8834 0.3787
vn -0.2581 0.9618 0.0907
vn -0.7639 0.6410 0.0756
vn -0.7039 0.7045 0.0907
vn -0.7234 0.6070 0.3292
vn -0.6271 0.6807 0.3787
vn -0.6392 0.7618 0.1052
vn -0.5827 0.6944 0.4223
vn -0.5722 0.4801 0.6649
vn -0.4238 0.5411 0.7264
vn -0.3986 0.4751 0.7845
vn -0.4593 0.5113 0.7264
vn -0.5614 0.7358 0.3787
vn -0.5715 0.8155 0.0907
vn -0.9370 0.3410 0.0755
vn -0.9024 0.4213 0.0907
vn -0.8873 0.3230 0.3292
vn -0.8221 0.4251 0.3787
vn -0.8612 0.4972 0.1053
vn -0.7850 0.4532 0.4223
vn -0.7019 0.2555 0.6649
vn -0.5833 0.3635 0.7264
vn -0.5371 0.3101 0.7845
vn -0.6065 0.3234 0.7264
vn -0.7792 0.4994 0.3787
vn -0.8160 0.5709 0.0907
vn -0.9921 0.0872 0.0907
vn -0.9179 0.1183 0.3787
vn -0.9793 0.1727 0.1053
vn -0.8927 0.1574 0.4223
vn -0.6725 0.1421 0.7264
vn -0.6107 0.1077 0.7845
vn -0.6805 0.0965 0.7264
vn -0.9030 0.2028 0.3787
vn -0.9621 0.2574 0.0907
vn -0.9397 -0.3420 0.0000
vn -0.9848 -0.1736 0.0000
vn -0.8193 -0.5733 0.0000
vn -0.5739 -0.8190 0.0000
vn -0.6428 -0.7660 0.0000
vn -0.1737 -0.9848 0.0000
vn -0.0868 -0.9962 0.0000
vn 0.4223 -0.9064 -0.0000
vn 0.9062 -0.4229 0.0000
vn 0.8660 -0.5000 0.0000
vn 0.8193 -0.5733 0.0000
vn 0.9962 -0.0875 0.0000
vn 1.0000 -0.0000 -0.0000
vn 0.9848 -0.1736 0.0000
vn 0.9848 0.1736 -0.0000
vn 0.9660 0.2585 -0.0000
vn 0.8660 0.5000 -0.0000
vn 0.5739 0.8190 -0.0000
vn 0.5000 0.8660 -0.0000
vn 0.0000 1.0000 0.0000
vn -0.1737 0.9848 -0.0000
vn 0.0000 1.0000 -0.0000
vn -0.6428 0.7660 -0.0000
vn -0.9062 0.4229 -0.0000
vn -0.4836 -0.1760 -0.8574
vn -0.7019 -0.2555 -0.6649
vn -0.6805 -0.0965 -0.7264
vn -0.3574 -0.0846 -0.9301
vn -0.8873 -0.3230 -0.3292
vn -0.9030 -0.2028 -0.3787
vn -0.6107 -0.1077 -0.7845
vn -0.2764 -0.0487 -0.9598
vn -0.8927 -0.1574 -0.4223
vn -0.9370 -0.3410 -0.0755
vn -0.9621 -0.2574 -0.0907
vn -0.9793 -0.1727 -0.1053
vn -0.9971 0.0000 -0.0756
vn -0.9921 -0.0872 -0.0907
vn -0.9443 0.0000 -0.3292
vn -0.9179 -0.1183 -0.3787
vn -0.7469 0.0000 -0.6649
vn -0.5147 0.0000 -0.8574
vn -0.3648 -0.0427 -0.9301
vn -0.6725 -0.1421 -0.7264
vn -0.3942 -0.3308 -0.8574
vn -0.5722 -0.4801 -0.6649
vn -0.6065 -0.3234 -0.7264
vn -0.3069 -0.2018 -0.9301
vn -0.7234 -0.6070 -0.3292
vn -0.7792 -0.4994 -0.3787
vn -0.5371 -0.3101 -0.7845
vn -0.2431 -0.1403 -0.9598
vn -0.7850 -0.4532 -0.4223
vn -0.7639 -0.6409 -0.0755
vn -0.8160 -0.5709 -0.0907
vn -0.8612 -0.4972 -0.1053
vn -0.9024 -0.4212 -0.0907
vn -0.8221 -0.4251 -0.3787
vn -0.3282 -0.1649 -0.9301
vn -0.5833 -0.3635 -0.7264
vn -0.2573 -0.4457 -0.8574
vn -0.3735 -0.6469 -0.6649
vn -0.4593 -0.5113 -0.7264
vn -0.2194 -0.2946 -0.9301
vn -0.4721 -0.8178 -0.3292
vn -0.5614 -0.7358 -0.3787
vn -0.3986 -0.4751 -0.7845
vn -0.1804 -0.2150 -0.9598
vn -0.5827 -0.6944 -0.4223
vn -0.4986 -0.8635 -0.0756
vn -0.5715 -0.8155 -0.0907
vn -0.6392 -0.7618 -0.1052
vn -0.7039 -0.7045 -0.0907
vn -0.6271 -0.6807 -0.3787
vn -0.2520 -0.2672 -0.9301
vn -0.4238 -0.5411 -0.7264
vn -0.0894 -0.5068 -0.8574
vn -0.1297 -0.7356 -0.6649
vn -0.2567 -0.6376 -0.7264
vn -0.1054 -0.3519 -0.9301
vn -0.1640 -0.9299 -0.3292
vn -0.2759 -0.8834 -0.3787
vn -0.2121 -0.5827 -0.7845
vn -0.0960 -0.2638 -0.9598
vn -0.3100 -0.8518 -0.4223
vn -0.1732 -0.9820 -0.0755
vn -0.2581 -0.9618 -0.0907
vn -0.3401 -0.9345 -0.1052
vn -0.4205 -0.9027 -0.0907
vn -0.3565 -0.8541 -0.3787
vn -0.1454 -0.3373 -0.9301
vn -0.2132 -0.6534 -0.7264
vn 0.0894 -0.5068 -0.8574
vn 0.1297 -0.7356 -0.6649
vn -0.0232 -0.6869 -0.7264
vn 0.0213 -0.3667 -0.9301
vn 0.1640 -0.9299 -0.3292
vn 0.0429 -0.9245 -0.3787
vn 0.0000 -0.6201 -0.7845
vn -0.0000 -0.2807 -0.9598
vn 0.0000 -0.9065 -0.4223
vn 0.1731 -0.9820 -0.0756
vn 0.0864 -0.9921 -0.0907
vn -0.0000 -0.9944 -0.1052
vn -0.0864 -0.9921 -0.0907
vn -0.0429 -0.9245 -0.3787
vn -0.0213 -0.3667 -0.9301
vn 0.0232 -0.6869 -0.7264
vn 0.2573 -0.4457 -0.8574
vn 0.3735 -0.6469 -0.6649
vn 0.2132 -0.6534 -0.7264
vn 0.1454 -0.3373 -0.9301
vn 0.4721 -0.8178 -0.3292
vn 0.3565 -0.8541 -0.3787
vn 0.2121 -0.5827 -0.7845
vn 0.0960 -0.2638 -0.9598
vn 0.3100 -0.8518 -0.4223
vn 0.4986 -0.8635 -0.0756
vn 0.4205 -0.9027 -0.0907
vn 0.3401 -0.9345 -0.1052
vn 0.2582 -0.9618 -0.0907
vn 0.2759 -0.8834 -0.3787
vn 0.1054 -0.3519 -0.9301
vn 0.2567 -0.6376 -0.7264
vn 0.3942 -0.3308 -0.8574
vn 0.5722 -0.4801 -0.6649
vn 0.4238 -0.5411 -0.7264
vn 0.2520 -0.2672 -0.9301
vn 0.7234 -0.6070 -0.3292
vn 0.6271 -0.6807 -0.3787
vn 0.3986 -0.4751 -0.7845
vn 0.1804 -0.2150 -0.9598
vn 0.5827 -0.6944 -0.4223
vn 0.7639 -0.6410 -0.0756
vn 0.7039 -0.7045 -0.0907
vn 0.6392 -0.7618 -0.1052
vn 0.5715 -0.8155 -0.0907
vn 0.5614 -0.7358 -0.3787
vn 0.2194 -0.2946 -0.9301
vn 0.4593 -0.5113 -0.7264
vn 0.4836 -0.1760 -0.8574
vn 0.7019 -0.2555 -0.6649
vn 0.5833 -0.3635 -0.7264
vn 0.3282 -0.1649 -0.9301
vn 0.8873 -0.3230 -0.3292
vn 0.8221 -0.4251 -0.3787
vn 0.5371 -0.3101 -0.7845
vn 0.2431 -0.1403 -0.9598
vn 0.7850 -0.4532 -0.4223
vn 0.9370 -0.3410 -0.0756
vn 0.9024 -0.4212 -0.0907
vn 0.8612 -0.4972 -0.1052
vn 0.8160 -0.5709 -0.0907
vn 0.7792 -0.4994 -0.3787
vn 0.3069 -0.2018 -0.9301
vn 0.6065 -0.3234 -0.7264
vn 0.5147 -0.0000 -0.8574
vn 0.7469 0.0000 -0.6649
vn 0.6725 -0.1421 -0.7264
vn 0.3648 -0.0427 -0.9301
vn 0.9443 -0.0000 -0.3292
vn 0.9179 -0.1183 -0.3787
vn 0.6107 -0.1077 -0.7845
vn 0.2764 -0.0487 -0.9598
vn 0.8927 -0.1574 -0.4223
vn 0.9971 -0.0000 -0.0756
vn 0.9921 -0.0872 -0.0907
vn 0.9793 -0.1727 -0.1052
vn 0.9621 -0.2574 -0.0907
vn 0.9030 -0.2028 -0.3787
vn 0.3574 -0.0846 -0.9301
vn 0.6805 -0.0965 -0.7264
vn 0.4836 0.1760 -0.8574
vn 0.7019 0.2555 -0.6649
vn 0.6805 0.0965 -0.7264
vn 0.3574 0.0846 -0.9301
vn 0.8873 0.3230 -0.3292
vn 0.9030 0.2028 -0.3787
vn 0.6107 0.1077 -0.7845
vn 0.2764 0.0487 -0.9598
vn 0.8927 0.1574 -0.4223
vn 0.9370 0.3410 -0.0756
vn 0.9621 0.2574 -0.0907
vn 0.9793 0.1727 -0.1052
vn 0.9921 0.0872 -0.0907
vn 0.9179 0.1183 -0.3787
vn 0.3648 0.0427 -0.9301
vn 0.6725 0.1421 -0.7264
vn 0.3942 0.3308 -0.8574
vn 0.5722 0.4801 -0.6649
vn 0.6065 0.3234 -0.7264
vn 0.3069 0.2018 -0.9301
vn 0.7234 0.6070 -0.3292
vn 0.7792 0.4994 -0.3787
vn 0.5371 0.3101 -0.7845
vn 0.2431 0.1403 -0.9598
vn 0.7850 0.4532 -0.4223
vn 0.7639 0.6410 -0.0756
vn 0.8160 0.5709 -0.0907
vn 0.8612 0.4972 -0.1052
vn 0.9024 0.4212 -0.0907
vn 0.8221 0.4251 -0.3787
vn 0.3282 0.1649 -0.9301
vn 0.5833 0.3635 -0.7264
vn 0.2573 0.4457 -0.8574
vn 0.3735 0.6469 -0.6649
vn 0.4593 0.5113 -0.7264
vn 0.2194 0.2946 -0.9301
vn 0.4721 0.8178 -0.3292
vn 0.5614 0.7358 -0.3787
vn 0.3986 0.4751 -0.7845
vn 0.1804 0.2150 -0.9598
vn 0.5827 0.6944 -0.4223
vn 0.4986 0.8635 -0.0756
vn 0.5716 0.8155 -0.0907
vn 0.6392 0.7618 -0.1052
vn 0.7039 0.7045 -0.0907
vn 0.6271 0.6807 -0.3787
vn 0.2520 0.2672 -0.9301
vn 0.4238 0.5411 -0.7264
vn 0.0894 0.5068 -0.8574
vn 0.1297 0.7356 -0.6649
vn 0.2567 0.6376 -0.7264
vn 0.1054 0.3519 -0.9301
vn 0.1640 0.9299 -0.3292
vn 0.2759 0.8834 -0.3787
vn 0.2121 0.5827 -0.7845
vn 0.0960 0.2638 -0.9598
vn 0.3100 0.8518 -0.4223
vn 0.1731 0.9820 -0.0755
vn 0.2581 0.9618 -0.0907
vn 0.3401 0.9345 -0.1052
vn 0.4205 0.9027 -0.0907
vn 0.3565 0.8541 -0.3787
vn 0.1454 0.3373 -0.9301
vn 0.2132 0.6534 -0.7264
vn -0.0894 0.5068 -0.8574
vn -0.1297 0.7356 -0.6649
vn 0.0232 0.6869 -0.7264
vn -0.0213 0.3667 -0.9301
vn -0.1640 0.9299 -0.3292
vn -0.0429 0.9245 -0.3787
vn 0.0000 0.6201 -0.7845
vn 0.0000 0.2807 -0.9598
vn 0.0000 0.9065 -0.4223
vn -0.1732 0.9820 -0.0755
vn -0.0864 0.9921 -0.0907
vn -0.0000 0.9944 -0.1052
vn 0.0864 0.9921 -0.0907
vn 0.0429 0.9245 -0.3787
vn 0.0213 0.3667 -0.9301
vn -0.0232 0.6869 -0.7264
vn -0.2573 0.4457 -0.8574
vn -0.3735 0.6469 -0.6649
vn -0.2132 0.6534 -0.7264
vn -0.1454 0.3373 -0.9301
vn -0.4721 0.8178 -0.3292
vn -0.3565 0.8541 -0.3787
vn -0.2121 0.5827 -0.7845
vn -0.0960 0.2638 -0.9598
vn -0.3100 0.8518 -0.4223
vn -0.4986 0.8635 -0.0756
vn -0.4205 0.9027 -0.0907
vn -0.3401 0.9345 -0.1053
vn -0.2581 0.9618 -0.0907
vn -0.2759 0.8834 -0.3787
vn -0.1054 0.3519 -0.9301
vn -0.2567 0.6376 -0.7264
vn -0.3942 0.3308 -0.8574
vn -0.5722 0.4801 -0.6649
vn -0.4238 0.5411 -0.7264
vn -0.2520 0.2672 -0.9301
vn -0.7234 0.6070 -0.3292
vn -0.6271 0.6807 -0.3787
vn -0.3986 0.4751 -0.7845
vn -0.1804 0.2150 -0.9598
vn -0.5827 0.6944 -0.4223
vn -0.7639 0.6409 -0.0755
vn -0.7039 0.7045 -0.0907
vn -0.6392 0.7618 -0.1052
vn -0.5715 0.8155 -0.0907
vn -0.5614 0.7358 -0.3787
vn -0.2194 0.2946 -0.9301
vn -0.4593 0.5113 -0.7264
vn -0.4836 0.1760 -0.8574
vn -0.7019 0.2555 -0.6649
vn -0.5833 0.3635 -0.7264
vn -0.3282 0.1649 -0.9301
vn -0.8873 0.3230 -0.3292
vn -0.8221 0.4251 -0.3787
vn -0.5371 0.3101 -0.7845
vn -0.2431 0.1403 -0.9598
vn -0.7850 0.4532 -0.4223
vn -0.9370 0.3410 -0.0755
vn -0.9024 0.4213 -0.0907
vn -0.8612 0.4972 -0.1053
vn -0.8160 0.5709 -0.0907
vn -0.7792 0.4994 -0.3787
vn -0.3069 0.2018 -0.9301
vn -0.6065 0.3234 -0.7264
vn -0.6725 0.1421 -0.7264
vn -0.3648 0.0427 -0.9301
vn -0.9179 0.1183 -0.3787
vn -0.6107 0.1077 -0.7845
vn -0.2764 0.0487 -0.9598
vn -0.8927 0.1574 -0.4223
vn -0.9921 0.0872 -0.0907
vn -0.9793 0.1727 -0.1053
vn -0.9621 0.2574 -0.0907
vn -0.9030 0.2028 -0.3787
vn -0.3574 0.0846 -0.9301
vn -0.6805 0.0965 -0.7264
vn -0.1460 0.1225 -0.9817
vn -0.0719 0.0857 -0.9937
vn -0.0969 0.0559 -0.9937
vn 0.0000 0.0000 -1.0000
vn -0.0953 0.1651 -0.9817
vn -0.0383 0.1051 -0.9937
vn -0.0331 0.1877 -0.9817
vn 0.0000 0.1119 -0.9937
vn 0.0331 0.1877 -0.9817
vn 0.0383 0.1051 -0.9937
vn 0.0953 0.1651 -0.9817
vn 0.0719 0.0857 -0.9937
vn 0.1460 0.1225 -0.9817
vn 0.0969 0.0559 -0.9937
vn 0.1791 0.0652 -0.9817
vn 0.1102 0.0194 -0.9937
vn 0.1906 0.0000 -0.9817
vn 0.1102 -0.0194 -0.9937
vn 0.1791 -0.0652 -0.9817
vn 0.0969 -0.0559 -0.9937
vn 0.1460 -0.1225 -0.9817
vn 0.0719 -0.0857 -0.9937
vn 0.0953 -0.1651 -0.9817
vn 0.0383 -0.1051 -0.9937
vn 0.0331 -0.1877 -0.9817
vn -0.0000 -0.1119 -0.9937
vn -0.0331 -0.1877 -0.9817
vn -0.0383 -0.1051 -0.9937
vn -0.0953 -0.1651 -0.9817
vn -0.0719 -0.0857 -0.9937
vn -0.1460 -0.1225 -0.9817
vn -0.0969 -0.0559 -0.9937
vn -0.1791 -0.0652 -0.9817
vn -0.1102 -0.0194 -0.9937
vn -0.1906 0.0000 -0.9817
vn -0.1102 0.0194 -0.9937
vn -0.1791 0.0652 -0.9817
# 2013 vertex normals

vt 0.8081 0.0491 0.8524
vt 0.7809 0.0401 0.7998
vt 0.7254 0.0236 0.6223
vt 0.7974 0.0401 0.7998
vt 0.7520 0.0357 0.7534
vt 0.6744 0.0181 0.5181
vt 0.7014 0.0181 0.5181
vt 0.7929 0.0357 0.7534
vt 0.5224 0.0006 0.0575
vt 0.7537 0.0401 0.7998
vt 0.7613 0.0491 0.8524
vt 0.7372 0.0401 0.7998
vt 0.6922 0.0236 0.6223
vt 0.7072 0.0353 0.7440
vt 0.6382 0.0165 0.4980
vt 0.6997 0.0449 0.8266
vt 0.6251 0.0222 0.6701
vt 0.6222 0.0174 0.5420
vt 0.6946 0.0385 0.7623
vt 0.5450 0.0000 0.5000
vt 0.5276 0.0043 0.3004
vt 0.4425 0.0000 0.2500
vt 0.3400 0.0000 -0.0000
vt 0.3039 0.0000 -0.0868
vt 0.4192 0.0000 0.0972
vt 0.2677 0.0000 -0.1737
vt 0.3733 0.0000 -0.0635
vt 0.1953 0.0000 -0.3473
vt 0.1683 0.0000 -0.4237
vt 0.2821 0.0000 -0.2397
vt 0.2315 0.0000 -0.2605
vt 0.1413 0.0000 -0.5000
vt 0.2876 0.0000 -0.2854
vt 0.1144 0.0000 -0.5764
vt 0.0874 0.0000 -0.6527
vt 0.0728 0.0000 -0.7094
vt 0.2028 0.0000 -0.4641
vt 0.0583 0.0000 -0.7660
vt 0.2363 0.0000 -0.4497
vt 0.0292 0.0000 -0.8794
vt 0.0288 0.0000 -0.9095
vt 0.1600 0.0000 -0.6307
vt 0.0437 0.0000 -0.8227
vt 0.0285 0.0000 -0.9397
vt 0.2179 0.0000 -0.5569
vt 0.0281 0.0000 -0.9698
vt 0.0278 0.0000 -1.0000
vt 0.0417 0.0000 -1.0000
vt 0.1590 0.0000 -0.7194
vt 0.0556 0.0000 -1.0000
vt 0.2346 0.0000 -0.5941
vt 0.0833 0.0000 -1.0000
vt 0.1098 0.0000 -0.9698
vt 0.1998 0.0000 -0.7194
vt 0.0694 0.0000 -1.0000
vt 0.1362 0.0000 -0.9397
vt 0.2844 0.0000 -0.5569
vt 0.1627 0.0000 -0.9095
vt 0.1891 0.0000 -0.8794
vt 0.2250 0.0000 -0.8227
vt 0.2776 0.0000 -0.6307
vt 0.2608 0.0000 -0.7660
vt 0.3613 0.0000 -0.4497
vt 0.3325 0.0000 -0.6527
vt 0.3733 0.0000 -0.5764
vt 0.3829 0.0000 -0.4641
vt 0.2966 0.0000 -0.7094
vt 0.4142 0.0000 -0.5000
vt 0.4561 0.0000 -0.2854
vt 0.4551 0.0000 -0.4236
vt 0.4960 0.0000 -0.3473
vt 0.5370 0.0000 -0.2605
vt 0.5031 0.0000 -0.2397
vt 0.5780 0.0000 -0.1736
vt 0.5572 0.0000 -0.0839
vt 0.6600 0.0000 0.0000
vt 0.6961 0.0000 0.0868
vt 0.6236 0.0000 0.0156
vt 0.6190 0.0000 -0.0868
vt 0.7323 0.0000 0.1736
vt 0.6525 0.0000 0.1306
vt 0.7685 0.0000 0.2605
vt 0.8047 0.0000 0.3473
vt 0.8317 0.0000 0.4236
vt 0.7299 0.0000 0.2708
vt 0.8587 0.0000 0.5000
vt 0.7305 0.0000 0.3321
vt 0.9126 0.0000 0.6527
vt 0.9272 0.0000 0.7094
vt 0.8093 0.0000 0.4953
vt 0.8856 0.0000 0.5764
vt 0.9417 0.0000 0.7660
vt 0.7818 0.0000 0.4963
vt 0.9563 0.0000 0.8227
vt 0.9708 0.0000 0.8794
vt 0.9712 0.0000 0.9095
vt 0.8520 0.0000 0.6618
vt 0.9715 0.0000 0.9397
vt 0.7936 0.0016 0.5889
vt 0.9722 0.0000 1.0000
vt 0.8926 0.0219 0.8497
vt 0.8268 0.0063 0.6919
vt 0.9719 0.0000 0.9698
vt 0.8400 0.0311 0.7658
vt 0.7372 0.0137 0.5355
vt 0.8411 0.0401 0.7998
vt 0.8549 0.0491 0.8524
vt 0.8246 0.0401 0.7998
vt 0.7586 0.0236 0.6223
vt 0.7368 0.0674 0.9015
vt 0.7292 0.0682 0.9254
vt 0.7492 0.0649 0.8956
vt 0.7571 0.1043 0.9754
vt 0.7448 0.1046 0.9814
vt 0.7706 0.1037 0.9739
vt 0.7850 0.0698 0.9316
vt 0.7680 0.0674 0.9153
vt 0.8004 0.1049 0.9829
vt 0.7857 0.1043 0.9788
vt 0.8056 0.2000 1.0000
vt 0.7917 0.2000 1.0000
vt 0.7917 0.1500 1.0000
vt 0.8056 0.1500 1.0000
vt 0.7778 0.2000 1.0000
vt 0.7778 0.1500 1.0000
vt 0.7639 0.2000 1.0000
vt 0.7500 0.2000 1.0000
vt 0.7500 0.1500 1.0000
vt 0.7639 0.1500 1.0000
vt 0.7923 0.0674 0.9153
vt 0.8001 0.0649 0.8991
vt 0.8127 0.1043 0.9788
vt 0.8250 0.1037 0.9748
vt 0.8365 0.0698 0.9316
vt 0.8185 0.0674 0.9153
vt 0.8550 0.1049 0.9829
vt 0.8401 0.1043 0.9788
vt 0.8611 0.2000 1.0000
vt 0.8472 0.2000 1.0000
vt 0.8472 0.1500 1.0000
vt 0.8611 0.1500 1.0000
vt 0.8333 0.2000 1.0000
vt 0.8333 0.1500 1.0000
vt 0.8194 0.2000 1.0000
vt 0.8194 0.1500 1.0000
vt 0.8428 0.0674 0.9153
vt 0.8496 0.0649 0.8991
vt 0.8670 0.1043 0.9788
vt 0.8791 0.1037 0.9748
vt 0.8880 0.0698 0.9316
vt 0.8691 0.0674 0.9153
vt 0.9095 0.1049 0.9829
vt 0.8944 0.1043 0.9788
vt 0.9167 0.2000 1.0000
vt 0.9028 0.2000 1.0000
vt 0.9028 0.1500 1.0000
vt 0.9167 0.1500 1.0000
vt 0.8889 0.2000 1.0000
vt 0.8889 0.1500 1.0000
vt 0.8750 0.2000 1.0000
vt 0.8750 0.1500 1.0000
vt 0.8934 0.0674 0.9153
vt 0.9023 0.0622 0.9056
vt 0.9213 0.1043 0.9788
vt 0.9339 0.1030 0.9764
vt 0.9722 0.0500 1.0000
vt 0.9321 0.0563 0.9414
vt 0.9722 0.1000 1.0000
vt 0.9518 0.1016 0.9853
vt 0.9722 0.2000 1.0000
vt 0.9583 0.2000 1.0000
vt 0.9583 0.1500 1.0000
vt 0.9722 0.1500 1.0000
vt 0.9444 0.2000 1.0000
vt 0.9444 0.1500 1.0000
vt 0.9306 0.2000 1.0000
vt 0.9306 0.1500 1.0000
vt -0.0278 0.0000 1.0000
vt -0.0139 0.0000 1.0000
vt -0.0139 0.0500 1.0000
vt -0.0278 0.0500 1.0000
vt 0.0000 0.0000 1.0000
vt 0.0000 0.0500 1.0000
vt -0.0139 0.1000 1.0000
vt -0.0278 0.1000 1.0000
vt 0.0000 0.1000 1.0000
vt 0.0139 0.0000 1.0000
vt 0.0278 0.0000 1.0000
vt 0.0278 0.0500 1.0000
vt 0.0139 0.0500 1.0000
vt 0.0278 0.1000 1.0000
vt 0.0139 0.1000 1.0000
vt 0.0278 0.2000 1.0000
vt 0.0139 0.2000 1.0000
vt 0.0139 0.1500 1.0000
vt 0.0278 0.1500 1.0000
vt 0.0000 0.2000 1.0000
vt 0.0000 0.1500 1.0000
vt -0.0139 0.2000 1.0000
vt -0.0278 0.2000 1.0000
vt -0.0278 0.1500 1.0000
vt -0.0139 0.1500 1.0000
vt 0.0417 0.0000 1.0000
vt 0.0417 0.0500 1.0000
vt 0.0556 0.0000 1.0000
vt 0.0556 0.0500 1.0000
vt 0.0417 0.1000 1.0000
vt 0.0556 0.1000 1.0000
vt 0.0694 0.0000 1.0000
vt 0.0833 0.0000 1.0000
vt 0.0833 0.0500 1.0000
vt 0.0694 0.0500 1.0000
vt 0.0833 0.1000 1.0000
vt 0.0694 0.1000 1.0000
vt 0.0833 0.2000 1.0000
vt 0.0694 0.2000 1.0000
vt 0.0694 0.1500 1.0000
vt 0.0833 0.1500 1.0000
vt 0.0556 0.2000 1.0000
vt 0.0556 0.1500 1.0000
vt 0.0417 0.2000 1.0000
vt 0.0417 0.1500 1.0000
vt 0.0972 0.0000 1.0000
vt 0.0972 0.0500 1.0000
vt 0.1111 0.0000 1.0000
vt 0.1111 0.0500 1.0000
vt 0.0972 0.1000 1.0000
vt 0.1111 0.1000 1.0000
vt 0.1250 0.0000 1.0000
vt 0.1389 0.0000 1.0000
vt 0.1389 0.0500 1.0000
vt 0.1250 0.0500 1.0000
vt 0.1389 0.1000 1.0000
vt 0.1250 0.1000 1.0000
vt 0.1389 0.2000 1.0000
vt 0.1250 0.2000 1.0000
vt 0.1250 0.1500 1.0000
vt 0.1389 0.1500 1.0000
vt 0.1111 0.2000 1.0000
vt 0.1111 0.1500 1.0000
vt 0.0972 0.2000 1.0000
vt 0.0972 0.1500 1.0000
vt 0.1528 0.0000 1.0000
vt 0.1528 0.0500 1.0000
vt 0.1667 0.0000 1.0000
vt 0.1667 0.0500 1.0000
vt 0.1528 0.1000 1.0000
vt 0.1667 0.1000 1.0000
vt 0.1806 0.0000 1.0000
vt 0.1944 0.0000 1.0000
vt 0.1944 0.0500 1.0000
vt 0.1806 0.0500 1.0000
vt 0.1944 0.1000 1.0000
vt 0.1806 0.1000 1.0000
vt 0.1944 0.2000 1.0000
vt 0.1806 0.2000 1.0000
vt 0.1806 0.1500 1.0000
vt 0.1944 0.1500 1.0000
vt 0.1667 0.2000 1.0000
vt 0.1667 0.1500 1.0000
vt 0.1528 0.2000 1.0000
vt 0.1528 0.1500 1.0000
vt 0.2083 0.0000 1.0000
vt 0.2083 0.0500 1.0000
vt 0.2222 0.0000 1.0000
vt 0.2222 0.0500 1.0000
vt 0.2083 0.1000 1.0000
vt 0.2222 0.1000 1.0000
vt 0.2361 0.0000 1.0000
vt 0.2500 0.0000 1.0000
vt 0.2500 0.0500 1.0000
vt 0.2361 0.0500 1.0000
vt 0.2500 0.1000 1.0000
vt 0.2361 0.1000 1.0000
vt 0.2500 0.2000 1.0000
vt 0.2361 0.2000 1.0000
vt 0.2361 0.1500 1.0000
vt 0.2500 0.1500 1.0000
vt 0.2222 0.2000 1.0000
vt 0.2222 0.1500 1.0000
vt 0.2083 0.2000 1.0000
vt 0.2083 0.1500 1.0000
vt 0.2639 0.0000 1.0000
vt 0.2639 0.0500 1.0000
vt 0.2778 0.0000 1.0000
vt 0.2778 0.0500 1.0000
vt 0.2639 0.1000 1.0000
vt 0.2778 0.1000 1.0000
vt 0.2917 0.0000 1.0000
vt 0.3056 0.0000 1.0000
vt 0.3056 0.0500 1.0000
vt 0.2917 0.0500 1.0000
vt 0.3056 0.1000 1.0000
vt 0.2917 0.1000 1.0000
vt 0.3056 0.2000 1.0000
vt 0.2917 0.2000 1.0000
vt 0.2917 0.1500 1.0000
vt 0.3056 0.1500 1.0000
vt 0.2778 0.2000 1.0000
vt 0.2778 0.1500 1.0000
vt 0.2639 0.2000 1.0000
vt 0.2639 0.1500 1.0000
vt 0.3194 0.0000 1.0000
vt 0.3194 0.0500 1.0000
vt 0.3333 0.0000 1.0000
vt 0.3333 0.0500 1.0000
vt 0.3194 0.1000 1.0000
vt 0.3333 0.1000 1.0000
vt 0.3472 0.0000 1.0000
vt 0.3611 0.0000 1.0000
vt 0.3611 0.0500 1.0000
vt 0.3472 0.0500 1.0000
vt 0.3611 0.1000 1.0000
vt 0.3472 0.1000 1.0000
vt 0.3611 0.2000 1.0000
vt 0.3472 0.2000 1.0000
vt 0.3472 0.1500 1.0000
vt 0.3611 0.1500 1.0000
vt 0.3333 0.2000 1.0000
vt 0.3333 0.1500 1.0000
vt 0.3194 0.2000 1.0000
vt 0.3194 0.1500 1.0000
vt 0.3750 0.0000 1.0000
vt 0.3750 0.0500 1.0000
vt 0.3889 0.0000 1.0000
vt 0.3889 0.0500 1.0000
vt 0.3750 0.1000 1.0000
vt 0.3889 0.1000 1.0000
vt 0.4028 0.0000 1.0000
vt 0.4167 0.0000 1.0000
vt 0.4167 0.0500 1.0000
vt 0.4028 0.0500 1.0000
vt 0.4167 0.1000 1.0000
vt 0.4028 0.1000 1.0000
vt 0.4167 0.2000 1.0000
vt 0.4028 0.2000 1.0000
vt 0.4028 0.1500 1.0000
vt 0.4167 0.1500 1.0000
vt 0.3889 0.2000 1.0000
vt 0.3889 0.1500 1.0000
vt 0.3750 0.2000 1.0000
vt 0.3750 0.1500 1.0000
vt 0.4306 0.0000 1.0000
vt 0.4306 0.0500 1.0000
vt 0.4444 0.0000 1.0000
vt 0.4444 0.0500 1.0000
vt 0.4306 0.1000 1.0000
vt 0.4444 0.1000 1.0000
vt 0.4583 0.0000 1.0000
vt 0.4722 0.0000 1.0000
vt 0.4722 0.0500 1.0000
vt 0.4583 0.0500 1.0000
vt 0.4722 0.1000 1.0000
vt 0.4583 0.1000 1.0000
vt 0.4722 0.2000 1.0000
vt 0.4583 0.2000 1.0000
vt 0.4583 0.1500 1.0000
vt 0.4722 0.1500 1.0000
vt 0.4444 0.2000 1.0000
vt 0.4444 0.1500 1.0000
vt 0.4306 0.2000 1.0000
vt 0.4306 0.1500 1.0000
vt 0.4861 0.0000 1.0000
vt 0.4861 0.0500 1.0000
vt 0.5000 0.0000 1.0000
vt 0.5000 0.0500 1.0000
vt 0.4861 0.1000 1.0000
vt 0.5000 0.1000 1.0000
vt 0.5139 0.0000 1.0000
vt 0.5278 0.0000 1.0000
vt 0.5278 0.0500 1.0000
vt 0.5139 0.0500 1.0000
vt 0.5278 0.1000 1.0000
vt 0.5139 0.1000 1.0000
vt 0.5278 0.2000 1.0000
vt 0.5139 0.2000 1.0000
vt 0.5139 0.1500 1.0000
vt 0.5278 0.1500 1.0000
vt 0.5000 0.2000 1.0000
vt 0.5000 0.1500 1.0000
vt 0.4861 0.2000 1.0000
vt 0.4861 0.1500 1.0000
vt 0.5417 0.0000 1.0000
vt 0.5417 0.0500 1.0000
vt 0.5556 0.0000 1.0000
vt 0.5556 0.0500 1.0000
vt 0.5417 0.1000 1.0000
vt 0.5556 0.1000 1.0000
vt 0.5694 0.0000 1.0000
vt 0.5833 0.0000 1.0000
vt 0.5833 0.0500 1.0000
vt 0.5694 0.0500 1.0000
vt 0.5833 0.1000 1.0000
vt 0.5694 0.1000 1.0000
vt 0.5833 0.2000 1.0000
vt 0.5694 0.2000 1.0000
vt 0.5694 0.1500 1.0000
vt 0.5833 0.1500 1.0000
vt 0.5556 0.2000 1.0000
vt 0.5556 0.1500 1.0000
vt 0.5417 0.2000 1.0000
vt 0.5417 0.1500 1.0000
vt 0.5972 0.0000 1.0000
vt 0.5972 0.0500 1.0000
vt 0.6111 0.0000 1.0000
vt 0.6111 0.0500 1.0000
vt 0.5972 0.1000 1.0000
vt 0.6111 0.1000 1.0000
vt 0.6250 0.0000 1.0000
vt 0.6389 0.0000 1.0000
vt 0.6389 0.0500 1.0000
vt 0.6250 0.0500 1.0000
vt 0.6389 0.1000 1.0000
vt 0.6250 0.1000 1.0000
vt 0.6389 0.2000 1.0000
vt 0.6250 0.2000 1.0000
vt 0.6250 0.1500 1.0000
vt 0.6389 0.1500 1.0000
vt 0.6111 0.2000 1.0000
vt 0.6111 0.1500 1.0000
vt 0.5972 0.2000 1.0000
vt 0.5972 0.1500 1.0000
vt 0.6528 0.0000 1.0000
vt 0.6528 0.0500 1.0000
vt 0.6667 0.0000 1.0000
vt 0.6667 0.0500 1.0000
vt 0.6528 0.1000 1.0000
vt 0.6667 0.1000 1.0000
vt 0.6806 0.0000 1.0000
vt 0.6944 0.0000 1.0000
vt 0.6944 0.0500 1.0000
vt 0.6806 0.0500 1.0000
vt 0.6944 0.1000 1.0000
vt 0.6806 0.1000 1.0000
vt 0.6944 0.2000 1.0000
vt 0.6806 0.2000 1.0000
vt 0.6806 0.1500 1.0000
vt 0.6944 0.1500 1.0000
vt 0.6667 0.2000 1.0000
vt 0.6667 0.1500 1.0000
vt 0.6528 0.2000 1.0000
vt 0.6528 0.1500 1.0000
vt 0.7083 0.0000 1.0000
vt 0.7083 0.0500 1.0000
vt 0.7222 0.0000 1.0000
vt 0.7194 0.0528 0.9900
vt 0.7083 0.1000 1.0000
vt 0.7215 0.1007 0.9975
vt 0.7137 0.0222 0.9201
vt 0.7249 0.0611 0.9601
vt 0.7333 0.1028 0.9900
vt 0.7361 0.2000 1.0000
vt 0.7361 0.1500 1.0000
vt 0.7222 0.2000 1.0000
vt 0.7222 0.1500 1.0000
vt 0.7083 0.2000 1.0000
vt 0.7083 0.1500 1.0000
vt 0.7639 0.2500 1.0000
vt 0.7500 0.2500 1.0000
vt 0.7778 0.2500 1.0000
vt 0.7639 0.3000 1.0000
vt 0.7500 0.3000 1.0000
vt 0.7778 0.3000 1.0000
vt 0.8056 0.2500 1.0000
vt 0.7917 0.2500 1.0000
vt 0.8056 0.3000 1.0000
vt 0.7917 0.3000 1.0000
vt 0.8056 0.4000 1.0000
vt 0.7917 0.4000 1.0000
vt 0.7917 0.3500 1.0000
vt 0.8056 0.3500 1.0000
vt 0.7778 0.4000 1.0000
vt 0.7778 0.3500 1.0000
vt 0.7639 0.4000 1.0000
vt 0.7500 0.4000 1.0000
vt 0.7500 0.3500 1.0000
vt 0.7639 0.3500 1.0000
vt 0.8194 0.2500 1.0000
vt 0.8333 0.2500 1.0000
vt 0.8194 0.3000 1.0000
vt 0.8333 0.3000 1.0000
vt 0.8611 0.2500 1.0000
vt 0.8472 0.2500 1.0000
vt 0.8611 0.3000 1.0000
vt 0.8472 0.3000 1.0000
vt 0.8611 0.4000 1.0000
vt 0.8472 0.4000 1.0000
vt 0.8472 0.3500 1.0000
vt 0.8611 0.3500 1.0000
vt 0.8333 0.4000 1.0000
vt 0.8333 0.3500 1.0000
vt 0.8194 0.4000 1.0000
vt 0.8194 0.3500 1.0000
vt 0.8750 0.2500 1.0000
vt 0.8889 0.2500 1.0000
vt 0.8750 0.3000 1.0000
vt 0.8889 0.3000 1.0000
vt 0.9167 0.2500 1.0000
vt 0.9028 0.2500 1.0000
vt 0.9167 0.3000 1.0000
vt 0.9028 0.3000 1.0000
vt 0.9167 0.4000 1.0000
vt 0.9028 0.4000 1.0000
vt 0.9028 0.3500 1.0000
vt 0.9167 0.3500 1.0000
vt 0.8889 0.4000 1.0000
vt 0.8889 0.3500 1.0000
vt 0.8750 0.4000 1.0000
vt 0.8750 0.3500 1.0000
vt 0.9306 0.2500 1.0000
vt 0.9444 0.2500 1.0000
vt 0.9306 0.3000 1.0000
vt 0.9444 0.3000 1.0000
vt 0.9722 0.2500 1.0000
vt 0.9583 0.2500 1.0000
vt 0.9722 0.3000 1.0000
vt 0.9583 0.3000 1.0000
vt 0.9722 0.4000 1.0000
vt 0.9583 0.4000 1.0000
vt 0.9583 0.3500 1.0000
vt 0.9722 0.3500 1.0000
vt 0.9444 0.4000 1.0000
vt 0.9444 0.3500 1.0000
vt 0.9306 0.4000 1.0000
vt 0.9306 0.3500 1.0000
vt -0.0139 0.2500 1.0000
vt -0.0278 0.2500 1.0000
vt 0.0000 0.2500 1.0000
vt -0.0139 0.3000 1.0000
vt -0.0278 0.3000 1.0000
vt 0.0000 0.3000 1.0000
vt 0.0278 0.2500 1.0000
vt 0.0139 0.2500 1.0000
vt 0.0278 0.3000 1.0000
vt 0.0139 0.3000 1.0000
vt 0.0278 0.4000 1.0000
vt 0.0139 0.4000 1.0000
vt 0.0139 0.3500 1.0000
vt 0.0278 0.3500 1.0000
vt 0.0000 0.4000 1.0000
vt 0.0000 0.3500 1.0000
vt -0.0139 0.4000 1.0000
vt -0.0278 0.4000 1.0000
vt -0.0278 0.3500 1.0000
vt -0.0139 0.3500 1.0000
vt 0.0417 0.2500 1.0000
vt 0.0556 0.2500 1.0000
vt 0.0417 0.3000 1.0000
vt 0.0556 0.3000 1.0000
vt 0.0833 0.2500 1.0000
vt 0.0694 0.2500 1.0000
vt 0.0833 0.3000 1.0000
vt 0.0694 0.3000 1.0000
vt 0.0833 0.4000 1.0000
vt 0.0694 0.4000 1.0000
vt 0.0694 0.3500 1.0000
vt 0.0833 0.3500 1.0000
vt 0.0556 0.4000 1.0000
vt 0.0556 0.3500 1.0000
vt 0.0417 0.4000 1.0000
vt 0.0417 0.3500 1.0000
vt 0.0972 0.2500 1.0000
vt 0.1111 0.2500 1.0000
vt 0.0972 0.3000 1.0000
vt 0.1111 0.3000 1.0000
vt 0.1389 0.2500 1.0000
vt 0.1250 0.2500 1.0000
vt 0.1389 0.3000 1.0000
vt 0.1250 0.3000 1.0000
vt 0.1389 0.4000 1.0000
vt 0.1250 0.4000 1.0000
vt 0.1250 0.3500 1.0000
vt 0.1389 0.3500 1.0000
vt 0.1111 0.4000 1.0000
vt 0.1111 0.3500 1.0000
vt 0.0972 0.4000 1.0000
vt 0.0972 0.3500 1.0000
vt 0.1528 0.2500 1.0000
vt 0.1667 0.2500 1.0000
vt 0.1528 0.3000 1.0000
vt 0.1667 0.3000 1.0000
vt 0.1944 0.2500 1.0000
vt 0.1806 0.2500 1.0000
vt 0.1944 0.3000 1.0000
vt 0.1806 0.3000 1.0000
vt 0.1944 0.4000 1.0000
vt 0.1806 0.4000 1.0000
vt 0.1806 0.3500 1.0000
vt 0.1944 0.3500 1.0000
vt 0.1667 0.4000 1.0000
vt 0.1667 0.3500 1.0000
vt 0.1528 0.4000 1.0000
vt 0.1528 0.3500 1.0000
vt 0.2083 0.2500 1.0000
vt 0.2222 0.2500 1.0000
vt 0.2083 0.3000 1.0000
vt 0.2222 0.3000 1.0000
vt 0.2500 0.2500 1.0000
vt 0.2361 0.2500 1.0000
vt 0.2500 0.3000 1.0000
vt 0.2361 0.3000 1.0000
vt 0.2500 0.4000 1.0000
vt 0.2361 0.4000 1.0000
vt 0.2361 0.3500 1.0000
vt 0.2500 0.3500 1.0000
vt 0.2222 0.4000 1.0000
vt 0.2222 0.3500 1.0000
vt 0.2083 0.4000 1.0000
vt 0.2083 0.3500 1.0000
vt 0.2639 0.2500 1.0000
vt 0.2778 0.2500 1.0000
vt 0.2639 0.3000 1.0000
vt 0.2778 0.3000 1.0000
vt 0.3056 0.2500 1.0000
vt 0.2917 0.2500 1.0000
vt 0.3056 0.3000 1.0000
vt 0.2917 0.3000 1.0000
vt 0.3056 0.4000 1.0000
vt 0.2917 0.4000 1.0000
vt 0.2917 0.3500 1.0000
vt 0.3056 0.3500 1.0000
vt 0.2778 0.4000 1.0000
vt 0.2778 0.3500 1.0000
vt 0.2639 0.4000 1.0000
vt 0.2639 0.3500 1.0000
vt 0.3194 0.2500 1.0000
vt 0.3333 0.2500 1.0000
vt 0.3194 0.3000 1.0000
vt 0.3333 0.3000 1.0000
vt 0.3611 0.2500 1.0000
vt 0.3472 0.2500 1.0000
vt 0.3611 0.3000 1.0000
vt 0.3472 0.3000 1.0000
vt 0.3611 0.4000 1.0000
vt 0.3472 0.4000 1.0000
vt 0.3472 0.3500 1.0000
vt 0.3611 0.3500 1.0000
vt 0.3333 0.4000 1.0000
vt 0.3333 0.3500 1.0000
vt 0.3194 0.4000 1.0000
vt 0.3194 0.3500 1.0000
vt 0.3750 0.2500 1.0000
vt 0.3889 0.2500 1.0000
vt 0.3750 0.3000 1.0000
vt 0.3889 0.3000 1.0000
vt 0.4167 0.2500 1.0000
vt 0.4028 0.2500 1.0000
vt 0.4167 0.3000 1.0000
vt 0.4028 0.3000 1.0000
vt 0.4167 0.4000 1.0000
vt 0.4028 0.4000 1.0000
vt 0.4028 0.3500 1.0000
vt 0.4167 0.3500 1.0000
vt 0.3889 0.4000 1.0000
vt 0.3889 0.3500 1.0000
vt 0.3750 0.4000 1.0000
vt 0.3750 0.3500 1.0000
vt 0.4306 0.2500 1.0000
vt 0.4444 0.2500 1.0000
vt 0.4306 0.3000 1.0000
vt 0.4444 0.3000 1.0000
vt 0.4722 0.2500 1.0000
vt 0.4583 0.2500 1.0000
vt 0.4722 0.3000 1.0000
vt 0.4583 0.3000 1.0000
vt 0.4722 0.4000 1.0000
vt 0.4583 0.4000 1.0000
vt 0.4583 0.3500 1.0000
vt 0.4722 0.3500 1.0000
vt 0.4444 0.4000 1.0000
vt 0.4444 0.3500 1.0000
vt 0.4306 0.4000 1.0000
vt 0.4306 0.3500 1.0000
vt 0.4861 0.2500 1.0000
vt 0.5000 0.2500 1.0000
vt 0.4861 0.3000 1.0000
vt 0.5000 0.3000 1.0000
vt 0.5278 0.2500 1.0000
vt 0.5139 0.2500 1.0000
vt 0.5278 0.3000 1.0000
vt 0.5139 0.3000 1.0000
vt 0.5278 0.4000 1.0000
vt 0.5139 0.4000 1.0000
vt 0.5139 0.3500 1.0000
vt 0.5278 0.3500 1.0000
vt 0.5000 0.4000 1.0000
vt 0.5000 0.3500 1.0000
vt 0.4861 0.4000 1.0000
vt 0.4861 0.3500 1.0000
vt 0.5417 0.2500 1.0000
vt 0.5556 0.2500 1.0000
vt 0.5417 0.3000 1.0000
vt 0.5556 0.3000 1.0000
vt 0.5833 0.2500 1.0000
vt 0.5694 0.2500 1.0000
vt 0.5833 0.3000 1.0000
vt 0.5694 0.3000 1.0000
vt 0.5833 0.4000 1.0000
vt 0.5694 0.4000 1.0000
vt 0.5694 0.3500 1.0000
vt 0.5833 0.3500 1.0000
vt 0.5556 0.4000 1.0000
vt 0.5556 0.3500 1.0000
vt 0.5417 0.4000 1.0000
vt 0.5417 0.3500 1.0000
vt 0.5972 0.2500 1.0000
vt 0.6111 0.2500 1.0000
vt 0.5972 0.3000 1.0000
vt 0.6111 0.3000 1.0000
vt 0.6389 0.2500 1.0000
vt 0.6250 0.2500 1.0000
vt 0.6389 0.3000 1.0000
vt 0.6250 0.3000 1.0000
vt 0.6389 0.4000 1.0000
vt 0.6250 0.4000 1.0000
vt 0.6250 0.3500 1.0000
vt 0.6389 0.3500 1.0000
vt 0.6111 0.4000 1.0000
vt 0.6111 0.3500 1.0000
vt 0.5972 0.4000 1.0000
vt 0.5972 0.3500 1.0000
vt 0.6528 0.2500 1.0000
vt 0.6667 0.2500 1.0000
vt 0.6528 0.3000 1.0000
vt 0.6667 0.3000 1.0000
vt 0.6944 0.2500 1.0000
vt 0.6806 0.2500 1.0000
vt 0.6944 0.3000 1.0000
vt 0.6806 0.3000 1.0000
vt 0.6944 0.4000 1.0000
vt 0.6806 0.4000 1.0000
vt 0.6806 0.3500 1.0000
vt 0.6944 0.3500 1.0000
vt 0.6667 0.4000 1.0000
vt 0.6667 0.3500 1.0000
vt 0.6528 0.4000 1.0000
vt 0.6528 0.3500 1.0000
vt 0.7083 0.2500 1.0000
vt 0.7222 0.2500 1.0000
vt 0.7083 0.3000 1.0000
vt 0.7222 0.3000 1.0000
vt 0.7361 0.2500 1.0000
vt 0.7361 0.3000 1.0000
vt 0.7361 0.4000 1.0000
vt 0.7361 0.3500 1.0000
vt 0.7222 0.4000 1.0000
vt 0.7222 0.3500 1.0000
vt 0.7083 0.4000 1.0000
vt 0.7083 0.3500 1.0000
vt 0.7639 0.4500 1.0000
vt 0.7500 0.4500 1.0000
vt 0.7778 0.4500 1.0000
vt 0.7639 0.5000 1.0000
vt 0.7500 0.5000 1.0000
vt 0.7778 0.5000 1.0000
vt 0.8056 0.4500 1.0000
vt 0.7917 0.4500 1.0000
vt 0.8056 0.5000 1.0000
vt 0.7917 0.5000 1.0000
vt 0.8056 0.6000 1.0000
vt 0.7917 0.6000 1.0000
vt 0.7917 0.5500 1.0000
vt 0.8056 0.5500 1.0000
vt 0.7778 0.6000 1.0000
vt 0.7778 0.5500 1.0000
vt 0.7639 0.6000 1.0000
vt 0.7500 0.6000 1.0000
vt 0.7500 0.5500 1.0000
vt 0.7639 0.5500 1.0000
vt 0.8194 0.4500 1.0000
vt 0.8333 0.4500 1.0000
vt 0.8194 0.5000 1.0000
vt 0.8333 0.5000 1.0000
vt 0.8611 0.4500 1.0000
vt 0.8472 0.4500 1.0000
vt 0.8611 0.5000 1.0000
vt 0.8472 0.5000 1.0000
vt 0.8611 0.6000 1.0000
vt 0.8472 0.6000 1.0000
vt 0.8472 0.5500 1.0000
vt 0.8611 0.5500 1.0000
vt 0.8333 0.6000 1.0000
vt 0.8333 0.5500 1.0000
vt 0.8194 0.6000 1.0000
vt 0.8194 0.5500 1.0000
vt 0.8750 0.4500 1.0000
vt 0.8889 0.4500 1.0000
vt 0.8750 0.5000 1.0000
vt 0.8889 0.5000 1.0000
vt 0.9167 0.4500 1.0000
vt 0.9028 0.4500 1.0000
vt 0.9167 0.5000 1.0000
vt 0.9028 0.5000 1.0000
vt 0.9167 0.6000 1.0000
vt 0.9028 0.6000 1.0000
vt 0.9028 0.5500 1.0000
vt 0.9167 0.5500 1.0000
vt 0.8889 0.6000 1.0000
vt 0.8889 0.5500 1.0000
vt 0.8750 0.6000 1.0000
vt 0.8750 0.5500 1.0000
vt 0.9306 0.4500 1.0000
vt 0.9444 0.4500 1.0000
vt 0.9306 0.5000 1.0000
vt 0.9444 0.5000 1.0000
vt 0.9722 0.4500 1.0000
vt 0.9583 0.4500 1.0000
vt 0.9722 0.5000 1.0000
vt 0.9583 0.5000 1.0000
vt 0.9722 0.6000 1.0000
vt 0.9583 0.6000 1.0000
vt 0.9583 0.5500 1.0000
vt 0.9722 0.5500 1.0000
vt 0.9444 0.6000 1.0000
vt 0.9444 0.5500 1.0000
vt 0.9306 0.6000 1.0000
vt 0.9306 0.5500 1.0000
vt -0.0139 0.4500 1.0000
vt -0.0278 0.4500 1.0000
vt 0.0000 0.4500 1.0000
vt -0.0139 0.5000 1.0000
vt -0.0278 0.5000 1.0000
vt 0.0000 0.5000 1.0000
vt 0.0278 0.4500 1.0000
vt 0.0139 0.4500 1.0000
vt 0.0278 0.5000 1.0000
vt 0.0139 0.5000 1.0000
vt 0.0278 0.6000 1.0000
vt 0.0139 0.6000 1.0000
vt 0.0139 0.5500 1.0000
vt 0.0278 0.5500 1.0000
vt 0.0000 0.6000 1.0000
vt 0.0000 0.5500 1.0000
vt -0.0139 0.6000 1.0000
vt -0.0278 0.6000 1.0000
vt -0.0278 0.5500 1.0000
vt -0.0139 0.5500 1.0000
vt 0.0417 0.4500 1.0000
vt 0.0556 0.4500 1.0000
vt 0.0417 0.5000 1.0000
vt 0.0556 0.5000 1.0000
vt 0.0833 0.4500 1.0000
vt 0.0694 0.4500 1.0000
vt 0.0833 0.5000 1.0000
vt 0.0694 0.5000 1.0000
vt 0.0833 0.6000 1.0000
vt 0.0694 0.6000 1.0000
vt 0.0694 0.5500 1.0000
vt 0.0833 0.5500 1.0000
vt 0.0556 0.6000 1.0000
vt 0.0556 0.5500 1.0000
vt 0.0417 0.6000 1.0000
vt 0.0417 0.5500 1.0000
vt 0.0972 0.4500 1.0000
vt 0.1111 0.4500 1.0000
vt 0.0972 0.5000 1.0000
vt 0.1111 0.5000 1.0000
vt 0.1389 0.4500 1.0000
vt 0.1250 0.4500 1.0000
vt 0.1389 0.5000 1.0000
vt 0.1250 0.5000 1.0000
vt 0.1389 0.6000 1.0000
vt 0.1250 0.6000 1.0000
vt 0.1250 0.5500 1.0000
vt 0.1389 0.5500 1.0000
vt 0.1111 0.6000 1.0000
vt 0.1111 0.5500 1.0000
vt 0.0972 0.6000 1.0000
vt 0.0972 0.5500 1.0000
vt 0.1528 0.4500 1.0000
vt 0.1667 0.4500 1.0000
vt 0.1528 0.5000 1.0000
vt 0.1667 0.5000 1.0000
vt 0.1944 0.4500 1.0000
vt 0.1806 0.4500 1.0000
vt 0.1944 0.5000 1.0000
vt 0.1806 0.5000 1.0000
vt 0.1944 0.6000 1.0000
vt 0.1806 0.6000 1.0000
vt 0.1806 0.5500 1.0000
vt 0.1944 0.5500 1.0000
vt 0.1667 0.6000 1.0000
vt 0.1667 0.5500 1.0000
vt 0.1528 0.6000 1.0000
vt 0.1528 0.5500 1.0000
vt 0.2083 0.4500 1.0000
vt 0.2222 0.4500 1.0000
vt 0.2083 0.5000 1.0000
vt 0.2222 0.5000 1.0000
vt 0.2500 0.4500 1.0000
vt 0.2361 0.4500 1.0000
vt 0.2500 0.5000 1.0000
vt 0.2361 0.5000 1.0000
vt 0.2500 0.6000 1.0000
vt 0.2361 0.6000 1.0000
vt 0.2361 0.5500 1.0000
vt 0.2500 0.5500 1.0000
vt 0.2222 0.6000 1.0000
vt 0.2222 0.5500 1.0000
vt 0.2083 0.6000 1.0000
vt 0.2083 0.5500 1.0000
vt 0.2639 0.4500 1.0000
vt 0.2778 0.4500 1.0000
vt 0.2639 0.5000 1.0000
vt 0.2778 0.5000 1.0000
vt 0.3056 0.4500 1.0000
vt 0.2917 0.4500 1.0000
vt 0.3056 0.5000 1.0000
vt 0.2917 0.5000 1.0000
vt 0.3056 0.6000 1.0000
vt 0.2917 0.6000 1.0000
vt 0.2917 0.5500 1.0000
vt 0.3056 0.5500 1.0000
vt 0.2778 0.6000 1.0000
vt 0.2778 0.5500 1.0000
vt 0.2639 0.6000 1.0000
vt 0.2639 0.5500 1.0000
vt 0.3194 0.4500 1.0000
vt 0.3333 0.4500 1.0000
vt 0.3194 0.5000 1.0000
vt 0.3333 0.5000 1.0000
vt 0.3611 0.4500 1.0000
vt 0.3472 0.4500 1.0000
vt 0.3611 0.5000 1.0000
vt 0.3472 0.5000 1.0000
vt 0.3611 0.6000 1.0000
vt 0.3472 0.6000 1.0000
vt 0.3472 0.5500 1.0000
vt 0.3611 0.5500 1.0000
vt 0.3333 0.6000 1.0000
vt 0.3333 0.5500 1.0000
vt 0.3194 0.6000 1.0000
vt 0.3194 0.5500 1.0000
vt 0.3750 0.4500 1.0000
vt 0.3889 0.4500 1.0000
vt 0.3750 0.5000 1.0000
vt 0.3889 0.5000 1.0000
vt 0.4167 0.4500 1.0000
vt 0.4028 0.4500 1.0000
vt 0.4167 0.5000 1.0000
vt 0.4028 0.5000 1.0000
vt 0.4167 0.6000 1.0000
vt 0.4028 0.6000 1.0000
vt 0.4028 0.5500 1.0000
vt 0.4167 0.5500 1.0000
vt 0.3889 0.6000 1.0000
vt 0.3889 0.5500 1.0000
vt 0.3750 0.6000 1.0000
vt 0.3750 0.5500 1.0000
vt 0.4306 0.4500 1.0000
vt 0.4444 0.4500 1.0000
vt 0.4306 0.5000 1.0000
vt 0.4444 0.5000 1.0000
vt 0.4722 0.4500 1.0000
vt 0.4583 0.4500 1.0000
vt 0.4722 0.5000 1.0000
vt 0.4583 0.5000 1.0000
vt 0.4722 0.6000 1.0000
vt 0.4583 0.6000 1.0000
vt 0.4583 0.5500 1.0000
vt 0.4722 0.5500 1.0000
vt 0.4444 0.6000 1.0000
vt 0.4444 0.5500 1.0000
vt 0.4306 0.6000 1.0000
vt 0.4306 0.5500 1.0000
vt 0.4861 0.4500 1.0000
vt 0.5000 0.4500 1.0000
vt 0.4861 0.5000 1.0000
vt 0.5000 0.5000 1.0000
vt 0.5278 0.4500 1.0000
vt 0.5139 0.4500 1.0000
vt 0.5278 0.5000 1.0000
vt 0.5139 0.5000 1.0000
vt 0.5278 0.6000 1.0000
vt 0.5139 0.6000 1.0000
vt 0.5139 0.5500 1.0000
vt 0.5278 0.5500 1.0000
vt 0.5000 0.6000 1.0000
vt 0.5000 0.5500 1.0000
vt 0.4861 0.6000 1.0000
vt 0.4861 0.5500 1.0000
vt 0.5417 0.4500 1.0000
vt 0.5556 0.4500 1.0000
vt 0.5417 0.5000 1.0000
vt 0.5556 0.5000 1.0000
vt 0.5833 0.4500 1.0000
vt 0.5694 0.4500 1.0000
vt 0.5833 0.5000 1.0000
vt 0.5694 0.5000 1.0000
vt 0.5833 0.6000 1.0000
vt 0.5694 0.6000 1.0000
vt 0.5694 0.5500 1.0000
vt 0.5833 0.5500 1.0000
vt 0.5556 0.6000 1.0000
vt 0.5556 0.5500 1.0000
vt 0.5417 0.6000 1.0000
vt 0.5417 0.5500 1.0000
vt 0.5972 0.4500 1.0000
vt 0.6111 0.4500 1.0000
vt 0.5972 0.5000 1.0000
vt 0.6111 0.5000 1.0000
vt 0.6389 0.4500 1.0000
vt 0.6250 0.4500 1.0000
vt 0.6389 0.5000 1.0000
vt 0.6250 0.5000 1.0000
vt 0.6389 0.6000 1.0000
vt 0.6250 0.6000 1.0000
vt 0.6250 0.5500 1.0000
vt 0.6389 0.5500 1.0000
vt 0.6111 0.6000 1.0000
vt 0.6111 0.5500 1.0000
vt 0.5972 0.6000 1.0000
vt 0.5972 0.5500 1.0000
vt 0.6528 0.4500 1.0000
vt 0.6667 0.4500 1.0000
vt 0.6528 0.5000 1.0000
vt 0.6667 0.5000 1.0000
vt 0.6944 0.4500 1.0000
vt 0.6806 0.4500 1.0000
vt 0.6944 0.5000 1.0000
vt 0.6806 0.5000 1.0000
vt 0.6944 0.6000 1.0000
vt 0.6806 0.6000 1.0000
vt 0.6806 0.5500 1.0000
vt 0.6944 0.5500 1.0000
vt 0.6667 0.6000 1.0000
vt 0.6667 0.5500 1.0000
vt 0.6528 0.6000 1.0000
vt 0.6528 0.5500 1.0000
vt 0.7083 0.4500 1.0000
vt 0.7222 0.4500 1.0000
vt 0.7083 0.5000 1.0000
vt 0.7222 0.5000 1.0000
vt 0.7361 0.4500 1.0000
vt 0.7361 0.5000 1.0000
vt 0.7361 0.6000 1.0000
vt 0.7361 0.5500 1.0000
vt 0.7222 0.6000 1.0000
vt 0.7222 0.5500 1.0000
vt 0.7083 0.6000 1.0000
vt 0.7083 0.5500 1.0000
vt 0.7639 0.6500 1.0000
vt 0.7500 0.6500 1.0000
vt 0.7778 0.6500 1.0000
vt 0.7639 0.7000 1.0000
vt 0.7500 0.7000 1.0000
vt 0.7778 0.7000 1.0000
vt 0.8056 0.6500 1.0000
vt 0.7917 0.6500 1.0000
vt 0.8056 0.7000 1.0000
vt 0.7917 0.7000 1.0000
vt 0.8056 0.8000 1.0000
vt 0.7917 0.8000 1.0000
vt 0.7917 0.7500 1.0000
vt 0.8056 0.7500 1.0000
vt 0.7778 0.8000 1.0000
vt 0.7778 0.7500 1.0000
vt 0.7639 0.8000 1.0000
vt 0.7500 0.8000 1.0000
vt 0.7500 0.7500 1.0000
vt 0.7639 0.7500 1.0000
vt 0.8194 0.6500 1.0000
vt 0.8333 0.6500 1.0000
vt 0.8194 0.7000 1.0000
vt 0.8333 0.7000 1.0000
vt 0.8611 0.6500 1.0000
vt 0.8472 0.6500 1.0000
vt 0.8611 0.7000 1.0000
vt 0.8472 0.7000 1.0000
vt 0.8611 0.8000 1.0000
vt 0.8472 0.8000 1.0000
vt 0.8472 0.7500 1.0000
vt 0.8611 0.7500 1.0000
vt 0.8333 0.8000 1.0000
vt 0.8333 0.7500 1.0000
vt 0.8194 0.8000 1.0000
vt 0.8194 0.7500 1.0000
vt 0.8750 0.6500 1.0000
vt 0.8889 0.6500 1.0000
vt 0.8750 0.7000 1.0000
vt 0.8889 0.7000 1.0000
vt 0.9167 0.6500 1.0000
vt 0.9028 0.6500 1.0000
vt 0.9167 0.7000 1.0000
vt 0.9028 0.7000 1.0000
vt 0.9167 0.8000 1.0000
vt 0.9028 0.8000 1.0000
vt 0.9028 0.7500 1.0000
vt 0.9167 0.7500 1.0000
vt 0.8889 0.8000 1.0000
vt 0.8889 0.7500 1.0000
vt 0.8750 0.8000 1.0000
vt 0.8750 0.7500 1.0000
vt 0.9306 0.6500 1.0000
vt 0.9444 0.6500 1.0000
vt 0.9306 0.7000 1.0000
vt 0.9444 0.7000 1.0000
vt 0.9722 0.6500 1.0000
vt 0.9583 0.6500 1.0000
vt 0.9722 0.7000 1.0000
vt 0.9583 0.7000 1.0000
vt 0.9722 0.8000 1.0000
vt 0.9583 0.8000 1.0000
vt 0.9583 0.7500 1.0000
vt 0.9722 0.7500 1.0000
vt 0.9444 0.8000 1.0000
vt 0.9444 0.7500 1.0000
vt 0.9306 0.8000 1.0000
vt 0.9306 0.7500 1.0000
vt -0.0139 0.6500 1.0000
vt -0.0278 0.6500 1.0000
vt 0.0000 0.6500 1.0000
vt -0.0139 0.7000 1.0000
vt -0.0278 0.7000 1.0000
vt 0.0000 0.7000 1.0000
vt 0.0278 0.6500 1.0000
vt 0.0139 0.6500 1.0000
vt 0.0278 0.7000 1.0000
vt 0.0139 0.7000 1.0000
vt 0.0278 0.8000 1.0000
vt 0.0139 0.8000 1.0000
vt 0.0139 0.7500 1.0000
vt 0.0278 0.7500 1.0000
vt 0.0000 0.8000 1.0000
vt 0.0000 0.7500 1.0000
vt -0.0139 0.8000 1.0000
vt -0.0278 0.8000 1.0000
vt -0.0278 0.7500 1.0000
vt -0.0139 0.7500 1.0000
vt 0.0417 0.6500 1.0000
vt 0.0556 0.6500 1.0000
vt 0.0417 0.7000 1.0000
vt 0.0556 0.7000 1.0000
vt 0.0833 0.6500 1.0000
vt 0.0694 0.6500 1.0000
vt 0.0833 0.7000 1.0000
vt 0.0694 0.7000 1.0000
vt 0.0833 0.8000 1.0000
vt 0.0694 0.8000 1.0000
vt 0.0694 0.7500 1.0000
vt 0.0833 0.7500 1.0000
vt 0.0556 0.8000 1.0000
vt 0.0556 0.7500 1.0000
vt 0.0417 0.8000 1.0000
vt 0.0417 0.7500 1.0000
vt 0.0972 0.6500 1.0000
vt 0.1111 0.6500 1.0000
vt 0.0972 0.7000 1.0000
vt 0.1111 0.7000 1.0000
vt 0.1389 0.6500 1.0000
vt 0.1250 0.6500 1.0000
vt 0.1389 0.7000 1.0000
vt 0.1250 0.7000 1.0000
vt 0.1389 0.8000 1.0000
vt 0.1250 0.8000 1.0000
vt 0.1250 0.7500 1.0000
vt 0.1389 0.7500 1.0000
vt 0.1111 0.8000 1.0000
vt 0.1111 0.7500 1.0000
vt 0.0972 0.8000 1.0000
vt 0.0972 0.7500 1.0000
vt 0.1528 0.6500 1.0000
vt 0.1667 0.6500 1.0000
vt 0.1528 0.7000 1.0000
vt 0.1667 0.7000 1.0000
vt 0.1944 0.6500 1.0000
vt 0.1806 0.6500 1.0000
vt 0.1944 0.7000 1.0000
vt 0.1806 0.7000 1.0000
vt 0.1944 0.8000 1.0000
vt 0.1806 0.8000 1.0000
vt 0.1806 0.7500 1.0000
vt 0.1944 0.7500 1.0000
vt 0.1667 0.8000 1.0000
vt 0.1667 0.7500 1.0000
vt 0.1528 0.8000 1.0000
vt 0.1528 0.7500 1.0000
vt 0.2083 0.6500 1.0000
vt 0.2222 0.6500 1.0000
vt 0.2083 0.7000 1.0000
vt 0.2222 0.7000 1.0000
vt 0.2500 0.6500 1.0000
vt 0.2361 0.6500 1.0000
vt 0.2500 0.7000 1.0000
vt 0.2361 0.7000 1.0000
vt 0.2500 0.8000 1.0000
vt 0.2361 0.8000 1.0000
vt 0.2361 0.7500 1.0000
vt 0.2500 0.7500 1.0000
vt 0.2222 0.8000 1.0000
vt 0.2222 0.7500 1.0000
vt 0.2083 0.8000 1.0000
vt 0.2083 0.7500 1.0000
vt 0.2639 0.6500 1.0000
vt 0.2778 0.6500 1.0000
vt 0.2639 0.7000 1.0000
vt 0.2778 0.7000 1.0000
vt 0.3056 0.6500 1.0000
vt 0.2917 0.6500 1.0000
vt 0.3056 0.7000 1.0000
vt 0.2917 0.7000 1.0000
vt 0.3056 0.8000 1.0000
vt 0.2917 0.8000 1.0000
vt 0.2917 0.7500 1.0000
vt 0.3056 0.7500 1.0000
vt 0.2778 0.8000 1.0000
vt 0.2778 0.7500 1.0000
vt 0.2639 0.8000 1.0000
vt 0.2639 0.7500 1.0000
vt 0.3194 0.6500 1.0000
vt 0.3333 0.6500 1.0000
vt 0.3194 0.7000 1.0000
vt 0.3333 0.7000 1.0000
vt 0.3611 0.6500 1.0000
vt 0.3472 0.6500 1.0000
vt 0.3611 0.7000 1.0000
vt 0.3472 0.7000 1.0000
vt 0.3611 0.8000 1.0000
vt 0.3472 0.8000 1.0000
vt 0.3472 0.7500 1.0000
vt 0.3611 0.7500 1.0000
vt 0.3333 0.8000 1.0000
vt 0.3333 0.7500 1.0000
vt 0.3194 0.8000 1.0000
vt 0.3194 0.7500 1.0000
vt 0.3750 0.6500 1.0000
vt 0.3889 0.6500 1.0000
vt 0.3750 0.7000 1.0000
vt 0.3889 0.7000 1.0000
vt 0.4167 0.6500 1.0000
vt 0.4028 0.6500 1.0000
vt 0.4167 0.7000 1.0000
vt 0.4028 0.7000 1.0000
vt 0.4167 0.8000 1.0000
vt 0.4028 0.8000 1.0000
vt 0.4028 0.7500 1.0000
vt 0.4167 0.7500 1.0000
vt 0.3889 0.8000 1.0000
vt 0.3889 0.7500 1.0000
vt 0.3750 0.8000 1.0000
vt 0.3750 0.7500 1.0000
vt 0.4306 0.6500 1.0000
vt 0.4444 0.6500 1.0000
vt 0.4306 0.7000 1.0000
vt 0.4444 0.7000 1.0000
vt 0.4722 0.6500 1.0000
vt 0.4583 0.6500 1.0000
vt 0.4722 0.7000 1.0000
vt 0.4583 0.7000 1.0000
vt 0.4722 0.8000 1.0000
vt 0.4583 0.8000 1.0000
vt 0.4583 0.7500 1.0000
vt 0.4722 0.7500 1.0000
vt 0.4444 0.8000 1.0000
vt 0.4444 0.7500 1.0000
vt 0.4306 0.8000 1.0000
vt 0.4306 0.7500 1.0000
vt 0.4861 0.6500 1.0000
vt 0.5000 0.6500 1.0000
vt 0.4861 0.7000 1.0000
vt 0.5000 0.7000 1.0000
vt 0.5278 0.6500 1.0000
vt 0.5139 0.6500 1.0000
vt 0.5278 0.7000 1.0000
vt 0.5139 0.7000 1.0000
vt 0.5278 0.8000 1.0000
vt 0.5139 0.8000 1.0000
vt 0.5139 0.7500 1.0000
vt 0.5278 0.7500 1.0000
vt 0.5000 0.8000 1.0000
vt 0.5000 0.7500 1.0000
vt 0.4861 0.8000 1.0000
vt 0.4861 0.7500 1.0000
vt 0.5417 0.6500 1.0000
vt 0.5556 0.6500 1.0000
vt 0.5417 0.7000 1.0000
vt 0.5556 0.7000 1.0000
vt 0.5833 0.6500 1.0000
vt 0.5694 0.6500 1.0000
vt 0.5833 0.7000 1.0000
vt 0.5694 0.7000 1.0000
vt 0.5833 0.8000 1.0000
vt 0.5694 0.8000 1.0000
vt 0.5694 0.7500 1.0000
vt 0.5833 0.7500 1.0000
vt 0.5556 0.8000 1.0000
vt 0.5556 0.7500 1.0000
vt 0.5417 0.8000 1.0000
vt 0.5417 0.7500 1.0000
vt 0.5972 0.6500 1.0000
vt 0.6111 0.6500 1.0000
vt 0.5972 0.7000 1.0000
vt 0.6111 0.7000 1.0000
vt 0.6389 0.6500 1.0000
vt 0.6250 0.6500 1.0000
vt 0.6389 0.7000 1.0000
vt 0.6250 0.7000 1.0000
vt 0.6389 0.8000 1.0000
vt 0.6250 0.8000 1.0000
vt 0.6250 0.7500 1.0000
vt 0.6389 0.7500 1.0000
vt 0.6111 0.8000 1.0000
vt 0.6111 0.7500 1.0000
vt 0.5972 0.8000 1.0000
vt 0.5972 0.7500 1.0000
vt 0.6528 0.6500 1.0000
vt 0.6667 0.6500 1.0000
vt 0.6528 0.7000 1.0000
vt 0.6667 0.7000 1.0000
vt 0.6944 0.6500 1.0000
vt 0.6806 0.6500 1.0000
vt 0.6944 0.7000 1.0000
vt 0.6806 0.7000 1.0000
vt 0.6944 0.8000 1.0000
vt 0.6806 0.8000 1.0000
vt 0.6806 0.7500 1.0000
vt 0.6944 0.7500 1.0000
vt 0.6667 0.8000 1.0000
vt 0.6667 0.7500 1.0000
vt 0.6528 0.8000 1.0000
vt 0.6528 0.7500 1.0000
vt 0.7083 0.6500 1.0000
vt 0.7222 0.6500 1.0000
vt 0.7083 0.7000 1.0000
vt 0.7222 0.7000 1.0000
vt 0.7361 0.6500 1.0000
vt 0.7361 0.7000 1.0000
vt 0.7361 0.8000 1.0000
vt 0.7361 0.7500 1.0000
vt 0.7222 0.8000 1.0000
vt 0.7222 0.7500 1.0000
vt 0.7083 0.8000 1.0000
vt 0.7083 0.7500 1.0000
vt 0.7639 0.8500 1.0000
vt 0.7500 0.8500 1.0000
vt 0.7778 0.8500 1.0000
vt 0.7588 0.8957 0.9801
vt 0.7462 0.8951 0.9839
vt 0.7715 0.8963 0.9763
vt 0.8056 0.8500 1.0000
vt 0.7917 0.8500 1.0000
vt 0.8008 0.8951 0.9839
vt 0.7862 0.8957 0.9801
vt 0.7644 0.9509 0.8611
vt 0.7414 0.9599 0.8116
vt 0.7698 0.9326 0.9204
vt 0.7865 0.9302 0.9357
vt 0.7162 0.9643 0.7680
vt 0.7526 0.9351 0.9050
vt 0.7142 0.9599 0.8116
vt 0.7175 0.9509 0.8611
vt 0.7350 0.9302 0.9357
vt 0.7435 0.9326 0.9204
vt 0.8194 0.8500 1.0000
vt 0.8333 0.8500 1.0000
vt 0.8131 0.8957 0.9801
vt 0.8255 0.8963 0.9763
vt 0.8611 0.8500 1.0000
vt 0.8472 0.8500 1.0000
vt 0.8553 0.8951 0.9839
vt 0.8405 0.8957 0.9801
vt 0.8112 0.9509 0.8611
vt 0.7851 0.9599 0.8116
vt 0.8203 0.9326 0.9204
vt 0.8380 0.9302 0.9357
vt 0.7572 0.9643 0.7680
vt 0.8022 0.9351 0.9050
vt 0.7579 0.9599 0.8116
vt 0.7941 0.9326 0.9204
vt 0.8750 0.8500 1.0000
vt 0.8889 0.8500 1.0000
vt 0.8674 0.8957 0.9801
vt 0.8796 0.8963 0.9763
vt 0.9167 0.8500 1.0000
vt 0.9028 0.8500 1.0000
vt 0.9099 0.8951 0.9839
vt 0.8948 0.8957 0.9801
vt 0.8580 0.9509 0.8611
vt 0.8288 0.9599 0.8116
vt 0.8709 0.9326 0.9204
vt 0.8895 0.9302 0.9357
vt 0.7981 0.9643 0.7680
vt 0.8517 0.9351 0.9050
vt 0.8016 0.9599 0.8116
vt 0.8446 0.9326 0.9204
vt 0.9306 0.8500 1.0000
vt 0.9444 0.8500 1.0000
vt 0.9217 0.8957 0.9801
vt 0.9344 0.8970 0.9778
vt 0.9722 0.8500 1.0000
vt 0.9583 0.8500 1.0000
vt 0.9722 0.9000 1.0000
vt 0.9521 0.8984 0.9862
vt 0.9722 1.0000 1.0000
vt 0.8957 0.9781 0.8584
vt 0.9333 0.9438 0.9449
vt 0.9722 0.9500 1.0000
vt 0.8449 0.9689 0.7797
vt 0.9043 0.9378 0.9112
vt 0.8453 0.9599 0.8116
vt 0.8952 0.9326 0.9204
vt -0.0139 0.8500 1.0000
vt -0.0278 0.8500 1.0000
vt 0.0000 0.8500 1.0000
vt -0.0139 0.9000 1.0000
vt -0.0278 0.9000 1.0000
vt 0.0000 0.9000 1.0000
vt 0.0278 0.8500 1.0000
vt 0.0139 0.8500 1.0000
vt 0.0278 0.9000 1.0000
vt 0.0139 0.9000 1.0000
vt 0.0278 1.0000 1.0000
vt 0.0139 1.0000 1.0000
vt 0.0139 0.9500 1.0000
vt 0.0278 0.9500 1.0000
vt 0.0000 1.0000 1.0000
vt 0.0000 0.9500 1.0000
vt -0.0139 1.0000 1.0000
vt -0.0278 1.0000 1.0000
vt -0.0278 0.9500 1.0000
vt -0.0139 0.9500 1.0000
vt 0.0417 0.8500 1.0000
vt 0.0556 0.8500 1.0000
vt 0.0417 0.9000 1.0000
vt 0.0556 0.9000 1.0000
vt 0.0833 0.8500 1.0000
vt 0.0694 0.8500 1.0000
vt 0.0833 0.9000 1.0000
vt 0.0694 0.9000 1.0000
vt 0.0833 1.0000 1.0000
vt 0.0694 1.0000 1.0000
vt 0.0694 0.9500 1.0000
vt 0.0833 0.9500 1.0000
vt 0.0556 1.0000 1.0000
vt 0.0556 0.9500 1.0000
vt 0.0417 1.0000 1.0000
vt 0.0417 0.9500 1.0000
vt 0.0972 0.8500 1.0000
vt 0.1111 0.8500 1.0000
vt 0.0972 0.9000 1.0000
vt 0.1111 0.9000 1.0000
vt 0.1389 0.8500 1.0000
vt 0.1250 0.8500 1.0000
vt 0.1389 0.9000 1.0000
vt 0.1250 0.9000 1.0000
vt 0.1389 1.0000 1.0000
vt 0.1250 1.0000 1.0000
vt 0.1250 0.9500 1.0000
vt 0.1389 0.9500 1.0000
vt 0.1111 1.0000 1.0000
vt 0.1111 0.9500 1.0000
vt 0.0972 1.0000 1.0000
vt 0.0972 0.9500 1.0000
vt 0.1528 0.8500 1.0000
vt 0.1667 0.8500 1.0000
vt 0.1528 0.9000 1.0000
vt 0.1667 0.9000 1.0000
vt 0.1944 0.8500 1.0000
vt 0.1806 0.8500 1.0000
vt 0.1944 0.9000 1.0000
vt 0.1806 0.9000 1.0000
vt 0.1944 1.0000 1.0000
vt 0.1806 1.0000 1.0000
vt 0.1806 0.9500 1.0000
vt 0.1944 0.9500 1.0000
vt 0.1667 1.0000 1.0000
vt 0.1667 0.9500 1.0000
vt 0.1528 1.0000 1.0000
vt 0.1528 0.9500 1.0000
vt 0.2083 0.8500 1.0000
vt 0.2222 0.8500 1.0000
vt 0.2083 0.9000 1.0000
vt 0.2222 0.9000 1.0000
vt 0.2500 0.8500 1.0000
vt 0.2361 0.8500 1.0000
vt 0.2500 0.9000 1.0000
vt 0.2361 0.9000 1.0000
vt 0.2500 1.0000 1.0000
vt 0.2361 1.0000 1.0000
vt 0.2361 0.9500 1.0000
vt 0.2500 0.9500 1.0000
vt 0.2222 1.0000 1.0000
vt 0.2222 0.9500 1.0000
vt 0.2083 1.0000 1.0000
vt 0.2083 0.9500 1.0000
vt 0.2639 0.8500 1.0000
vt 0.2778 0.8500 1.0000
vt 0.2639 0.9000 1.0000
vt 0.2778 0.9000 1.0000
vt 0.3056 0.8500 1.0000
vt 0.2917 0.8500 1.0000
vt 0.3056 0.9000 1.0000
vt 0.2917 0.9000 1.0000
vt 0.3056 1.0000 1.0000
vt 0.2917 1.0000 1.0000
vt 0.2917 0.9500 1.0000
vt 0.3056 0.9500 1.0000
vt 0.2778 1.0000 1.0000
vt 0.2778 0.9500 1.0000
vt 0.2639 1.0000 1.0000
vt 0.2639 0.9500 1.0000
vt 0.3194 0.8500 1.0000
vt 0.3333 0.8500 1.0000
vt 0.3194 0.9000 1.0000
vt 0.3333 0.9000 1.0000
vt 0.3611 0.8500 1.0000
vt 0.3472 0.8500 1.0000
vt 0.3611 0.9000 1.0000
vt 0.3472 0.9000 1.0000
vt 0.3611 1.0000 1.0000
vt 0.3472 1.0000 1.0000
vt 0.3472 0.9500 1.0000
vt 0.3611 0.9500 1.0000
vt 0.3333 1.0000 1.0000
vt 0.3333 0.9500 1.0000
vt 0.3194 1.0000 1.0000
vt 0.3194 0.9500 1.0000
vt 0.3750 0.8500 1.0000
vt 0.3889 0.8500 1.0000
vt 0.3750 0.9000 1.0000
vt 0.3889 0.9000 1.0000
vt 0.4167 0.8500 1.0000
vt 0.4028 0.8500 1.0000
vt 0.4167 0.9000 1.0000
vt 0.4028 0.9000 1.0000
vt 0.4167 1.0000 1.0000
vt 0.4028 1.0000 1.0000
vt 0.4028 0.9500 1.0000
vt 0.4167 0.9500 1.0000
vt 0.3889 1.0000 1.0000
vt 0.3889 0.9500 1.0000
vt 0.3750 1.0000 1.0000
vt 0.3750 0.9500 1.0000
vt 0.4306 0.8500 1.0000
vt 0.4444 0.8500 1.0000
vt 0.4306 0.9000 1.0000
vt 0.4444 0.9000 1.0000
vt 0.4722 0.8500 1.0000
vt 0.4583 0.8500 1.0000
vt 0.4722 0.9000 1.0000
vt 0.4583 0.9000 1.0000
vt 0.4722 1.0000 1.0000
vt 0.4583 1.0000 1.0000
vt 0.4583 0.9500 1.0000
vt 0.4722 0.9500 1.0000
vt 0.4444 1.0000 1.0000
vt 0.4444 0.9500 1.0000
vt 0.4306 1.0000 1.0000
vt 0.4306 0.9500 1.0000
vt 0.4861 0.8500 1.0000
vt 0.5000 0.8500 1.0000
vt 0.4861 0.9000 1.0000
vt 0.5000 0.9000 1.0000
vt 0.5278 0.8500 1.0000
vt 0.5139 0.8500 1.0000
vt 0.5278 0.9000 1.0000
vt 0.5139 0.9000 1.0000
vt 0.5278 1.0000 1.0000
vt 0.5139 1.0000 1.0000
vt 0.5139 0.9500 1.0000
vt 0.5278 0.9500 1.0000
vt 0.5000 1.0000 1.0000
vt 0.5000 0.9500 1.0000
vt 0.4861 1.0000 1.0000
vt 0.4861 0.9500 1.0000
vt 0.5417 0.8500 1.0000
vt 0.5556 0.8500 1.0000
vt 0.5417 0.9000 1.0000
vt 0.5556 0.9000 1.0000
vt 0.5833 0.8500 1.0000
vt 0.5694 0.8500 1.0000
vt 0.5833 0.9000 1.0000
vt 0.5694 0.9000 1.0000
vt 0.5833 1.0000 1.0000
vt 0.5694 1.0000 1.0000
vt 0.5694 0.9500 1.0000
vt 0.5833 0.9500 1.0000
vt 0.5556 1.0000 1.0000
vt 0.5556 0.9500 1.0000
vt 0.5417 1.0000 1.0000
vt 0.5417 0.9500 1.0000
vt 0.5972 0.8500 1.0000
vt 0.6111 0.8500 1.0000
vt 0.5972 0.9000 1.0000
vt 0.6111 0.9000 1.0000
vt 0.6389 0.8500 1.0000
vt 0.6250 0.8500 1.0000
vt 0.6389 0.9000 1.0000
vt 0.6250 0.9000 1.0000
vt 0.6389 1.0000 1.0000
vt 0.6250 1.0000 1.0000
vt 0.6250 0.9500 1.0000
vt 0.6389 0.9500 1.0000
vt 0.6111 1.0000 1.0000
vt 0.6111 0.9500 1.0000
vt 0.5972 1.0000 1.0000
vt 0.5972 0.9500 1.0000
vt 0.6528 0.8500 1.0000
vt 0.6667 0.8500 1.0000
vt 0.6528 0.9000 1.0000
vt 0.6660 0.8993 0.9973
vt 0.6944 0.8500 1.0000
vt 0.6806 0.8500 1.0000
vt 0.6899 0.8954 0.9803
vt 0.6780 0.8972 0.9892
vt 0.6471 0.9551 0.8106
vt 0.6599 0.9778 0.9136
vt 0.6702 0.9389 0.9568
vt 0.6761 0.9318 0.9214
vt 0.6667 1.0000 1.0000
vt 0.6641 0.9472 0.9892
vt 0.6528 1.0000 1.0000
vt 0.6528 0.9500 1.0000
vt 0.7083 0.8500 1.0000
vt 0.7222 0.8500 1.0000
vt 0.7030 0.8957 0.9754
vt 0.7170 0.8963 0.9751
vt 0.7361 0.8500 1.0000
vt 0.7319 0.8957 0.9801
vt 0.6977 0.9599 0.8116
vt 0.7192 0.9326 0.9204
vt 0.6700 0.9647 0.7539
vt 0.7015 0.9351 0.9004
vt 0.6493 0.9615 0.7552
vt 0.6868 0.9326 0.9016
vt 0.0292 1.0000 -0.8794
vt 0.0437 1.0000 -0.8227
vt 0.1649 1.0000 -0.6168
vt 0.0288 1.0000 -0.9095
vt 0.0583 1.0000 -0.7660
vt 0.2437 1.0000 -0.4288
vt 0.2253 1.0000 -0.5360
vt 0.0285 1.0000 -0.9397
vt 0.5420 0.9992 0.1123
vt 0.0728 1.0000 -0.7094
vt 0.0874 1.0000 -0.6527
vt 0.1144 1.0000 -0.5764
vt 0.2077 1.0000 -0.4502
vt 0.1413 1.0000 -0.5000
vt 0.3061 1.0000 -0.2333
vt 0.1953 1.0000 -0.3473
vt 0.3201 1.0000 -0.0105
vt 0.3313 1.0000 -0.1008
vt 0.1683 1.0000 -0.4236
vt 0.4449 1.0000 0.3264
vt 0.4750 0.9957 0.2140
vt 0.5490 0.9778 0.5767
vt 0.5798 0.9826 0.5127
vt 0.6171 0.9835 0.5137
vt 0.6670 0.9764 0.6447
vt 0.6575 0.9819 0.5467
vt 0.7001 0.9764 0.6447
vt 0.6846 0.9819 0.5467
vt 0.7333 0.9764 0.6447
vt 0.7116 0.9819 0.5467
vt 0.7665 0.9764 0.6447
vt 0.7469 0.9863 0.5628
vt 0.9719 1.0000 0.9698
vt 0.8330 0.9937 0.7092
vt 0.9715 1.0000 0.9397
vt 0.8013 0.9984 0.6106
vt 0.9712 1.0000 0.9095
vt 0.9708 1.0000 0.8794
vt 0.9563 1.0000 0.8227
vt 0.8570 1.0000 0.6757
vt 0.9417 1.0000 0.7660
vt 0.7892 1.0000 0.5172
vt 0.9126 1.0000 0.6527
vt 0.8856 1.0000 0.5764
vt 0.8142 1.0000 0.5091
vt 0.9272 1.0000 0.7094
vt 0.8587 1.0000 0.5000
vt 0.7379 1.0000 0.3529
vt 0.8317 1.0000 0.4236
vt 0.8047 1.0000 0.3473
vt 0.7685 1.0000 0.2605
vt 0.7349 1.0000 0.2847
vt 0.7323 1.0000 0.1736
vt 0.6599 1.0000 0.1514
vt 0.6600 1.0000 0.0000
vt 0.6190 1.0000 -0.0868
vt 0.6285 1.0000 0.0295
vt 0.6961 1.0000 0.0868
vt 0.5780 1.0000 -0.1736
vt 0.5646 1.0000 -0.0630
vt 0.5370 1.0000 -0.2605
vt 0.4960 1.0000 -0.3473
vt 0.4551 1.0000 -0.4236
vt 0.5080 1.0000 -0.2258
vt 0.4142 1.0000 -0.5000
vt 0.4635 1.0000 -0.2646
vt 0.3325 1.0000 -0.6527
vt 0.2966 1.0000 -0.7094
vt 0.3878 1.0000 -0.4502
vt 0.3733 1.0000 -0.5764
vt 0.2608 1.0000 -0.7660
vt 0.3687 1.0000 -0.4288
vt 0.2250 1.0000 -0.8227
vt 0.1891 1.0000 -0.8794
vt 0.1627 1.0000 -0.9095
vt 0.2825 1.0000 -0.6168
vt 0.1362 1.0000 -0.9397
vt 0.2918 1.0000 -0.5360
vt 0.0833 1.0000 -1.0000
vt 0.0694 1.0000 -1.0000
vt 0.2047 1.0000 -0.7055
vt 0.1098 1.0000 -0.9698
vt 0.0556 1.0000 -1.0000
vt 0.2420 1.0000 -0.5733
vt 0.0417 1.0000 -1.0000
vt 0.0278 1.0000 -1.0000
vt 0.0281 1.0000 -0.9698
vt 0.1639 1.0000 -0.7055
# 1713 texture coords

o Cylinder001
g Cylinder001
usemtl glass
s 2
f 1/1/1 2/2/2 3/3/3 4/4/4 
f 2/2/2 5/5/5 6/6/6 3/3/3 
f 4/4/4 3/3/3 7/7/7 8/8/8 
f 3/3/3 6/6/6 9/9/9 7/7/7 
f 10/10/10 11/11/11 12/12/12 13/13/13 
f 13/13/13 12/12/12 14/14/14 15/15/15 
f 5/5/5 10/10/10 13/13/13 6/6/6 
f 6/6/6 13/13/13 15/15/15 9/9/9 
f 16/16/16 17/17/17 18/18/18 19/19/19 
f 17/17/17 20/20/20 21/21/21 18/18/18 
f 19/19/19 18/18/18 15/15/15 14/14/14 
f 18/18/18 21/21/21 9/9/9 15/15/15 
f 22/22/22 23/23/23 24/24/24 25/25/25 
f 25/25/25 24/24/24 26/26/26 27/27/27 
f 20/20/20 22/22/22 25/25/25 21/21/21 
f 21/21/21 25/25/25 27/27/27 9/9/9 
f 28/28/28 29/29/29 30/30/30 31/31/31 
f 29/29/29 32/32/32 33/33/33 30/30/30 
f 31/31/31 30/30/30 27/27/27 26/26/26 
f 30/30/30 33/33/33 9/9/9 27/27/27 
f 34/34/34 35/35/35 36/36/36 37/37/37 
f 37/37/37 36/36/36 38/38/38 39/39/39 
f 32/32/32 34/34/34 37/37/37 33/33/33 
f 33/33/33 37/37/37 39/39/39 9/9/9 
f 40/40/40 41/41/41 42/42/42 43/43/43 
f 41/41/41 44/44/44 45/45/45 42/42/42 
f 43/43/43 42/42/42 39/39/39 38/38/38 
f 42/42/42 45/45/45 9/9/9 39/39/39 
f 46/46/46 47/47/47 48/48/48 49/49/49 
f 49/49/49 48/48/48 50/50/50 51/51/51 
f 44/44/44 46/46/46 49/49/49 45/45/45 
f 45/45/45 49/49/49 51/51/51 9/9/9 
f 52/52/52 53/53/53 54/54/54 55/55/55 
f 53/53/53 56/56/56 57/57/57 54/54/54 
f 55/55/55 54/54/54 51/51/51 50/50/50 
f 54/54/54 57/57/57 9/9/9 51/51/51 
f 58/58/58 59/59/59 60/60/60 61/61/61 
f 61/61/61 60/60/60 62/62/62 63/63/63 
f 56/56/56 58/58/58 61/61/61 57/57/57 
f 57/57/57 61/61/61 63/63/63 9/9/9 
f 64/64/64 65/65/65 66/66/66 67/67/67 
f 65/65/65 68/68/68 69/69/69 66/66/66 
f 67/67/67 66/66/66 63/63/63 62/62/62 
f 66/66/66 69/69/69 9/9/9 63/63/63 
f 70/70/70 71/71/71 72/72/72 73/73/73 
f 73/73/73 72/72/72 74/74/74 75/75/75 
f 68/68/68 70/70/70 73/73/73 69/69/69 
f 69/69/69 73/73/73 75/75/75 9/9/9 
f 76/76/76 77/77/77 78/78/78 79/79/79 
f 77/77/77 80/80/80 81/81/81 78/78/78 
f 79/79/79 78/78/78 75/75/75 74/74/74 
f 78/78/78 81/81/81 9/9/9 75/75/75 
f 82/82/82 83/83/83 84/84/84 85/85/85 
f 85/85/85 84/84/84 86/86/86 87/87/87 
f 80/80/80 82/82/82 85/85/85 81/81/81 
f 81/81/81 85/85/85 87/87/87 9/9/9 
f 88/88/88 89/89/89 90/90/90 91/91/91 
f 89/89/89 92/92/92 93/93/93 90/90/90 
f 91/91/91 90/90/90 87/87/87 86/86/86 
f 90/90/90 93/93/93 9/9/9 87/87/87 
f 94/94/94 95/95/95 96/96/96 97/97/97 
f 97/97/97 96/96/96 98/98/98 99/99/99 
f 92/92/92 94/94/94 97/97/97 93/93/93 
f 93/93/93 97/97/97 99/99/99 9/9/9 
f 100/100/100 101/101/101 102/102/102 103/103/103 
f 101/101/101 104/104/104 105/105/105 102/102/102 
f 103/103/103 102/102/102 99/99/99 98/98/98 
f 102/102/102 105/105/105 9/9/9 99/99/99 
f 106/106/106 107/107/107 108/108/108 109/109/109 
f 109/109/109 108/108/108 8/8/8 7/7/7 
f 104/104/104 106/106/106 109/109/109 105/105/105 
f 105/105/105 109/109/109 7/7/7 9/9/9 
f 16/16/16 19/19/19 110/110/110 111/111/111 
f 19/19/19 14/14/14 112/112/112 110/110/110 
f 111/111/111 110/110/110 113/113/113 114/114/114 
f 110/110/110 112/112/112 115/115/115 113/113/113 
f 12/12/12 11/11/11 116/116/116 117/117/117 
f 117/117/117 116/116/116 118/118/118 119/119/119 
f 14/14/14 12/12/12 117/117/117 112/112/112 
f 112/112/112 117/117/117 119/119/119 115/115/115 
f 120/120/120 121/121/121 122/122/122 123/123/123 
f 121/121/121 124/124/124 125/125/125 122/122/122 
f 123/123/123 122/122/122 119/119/119 118/118/118 
f 122/122/122 125/125/125 115/115/115 119/119/119 
f 126/126/126 127/127/127 128/128/128 129/129/129 
f 129/129/129 128/128/128 114/114/114 113/113/113 
f 124/124/124 126/126/126 129/129/129 125/125/125 
f 125/125/125 129/129/129 113/113/113 115/115/115 
f 11/11/11 10/10/10 130/130/130 116/116/116 
f 10/10/10 5/5/5 131/131/131 130/130/130 
f 116/116/116 130/130/130 132/132/132 118/118/118 
f 130/130/130 131/131/131 133/133/133 132/132/132 
f 2/2/2 1/1/1 134/134/134 135/135/135 
f 135/135/135 134/134/134 136/136/136 137/137/137 
f 5/5/5 2/2/2 135/135/135 131/131/131 
f 131/131/131 135/135/135 137/137/137 133/133/133 
f 138/138/138 139/139/139 140/140/140 141/141/141 
f 139/139/139 142/142/142 143/143/143 140/140/140 
f 141/141/141 140/140/140 137/137/137 136/136/136 
f 140/140/140 143/143/143 133/133/133 137/137/137 
f 144/144/144 120/120/120 123/123/123 145/145/145 
f 145/145/145 123/123/123 118/118/118 132/132/132 
f 142/142/142 144/144/144 145/145/145 143/143/143 
f 143/143/143 145/145/145 132/132/132 133/133/133 
f 1/1/1 4/4/4 146/146/146 134/134/134 
f 4/4/4 8/8/8 147/147/147 146/146/146 
f 134/134/134 146/146/146 148/148/148 136/136/136 
f 146/146/146 147/147/147 149/149/149 148/148/148 
f 108/108/108 107/107/107 150/150/150 151/151/151 
f 151/151/151 150/150/150 152/152/152 153/153/153 
f 8/8/8 108/108/108 151/151/151 147/147/147 
f 147/147/147 151/151/151 153/153/153 149/149/149 
f 154/154/154 155/155/155 156/156/156 157/157/157 
f 155/155/155 158/158/158 159/159/159 156/156/156 
f 157/157/157 156/156/156 153/153/153 152/152/152 
f 156/156/156 159/159/159 149/149/149 153/153/153 
f 160/160/160 138/138/138 141/141/141 161/161/161 
f 161/161/161 141/141/141 136/136/136 148/148/148 
f 158/158/158 160/160/160 161/161/161 159/159/159 
f 159/159/159 161/161/161 148/148/148 149/149/149 
f 107/107/107 106/106/106 162/162/162 150/150/150 
f 106/106/106 104/104/104 163/163/163 162/162/162 
f 150/150/150 162/162/162 164/164/164 152/152/152 
f 162/162/162 163/163/163 165/165/165 164/164/164 
f 101/101/101 100/100/100 166/166/166 167/167/167 
f 167/167/167 166/166/166 168/168/168 169/169/169 
f 104/104/104 101/101/101 167/167/167 163/163/163 
f 163/163/163 167/167/167 169/169/169 165/165/165 
f 170/170/170 171/171/171 172/172/172 173/173/173 
f 171/171/171 174/174/174 175/175/175 172/172/172 
f 173/173/173 172/172/172 169/169/169 168/168/168 
f 172/172/172 175/175/175 165/165/165 169/169/169 
f 176/176/176 154/154/154 157/157/157 177/177/177 
f 177/177/177 157/157/157 152/152/152 164/164/164 
f 174/174/174 176/176/176 177/177/177 175/175/175 
f 175/175/175 177/177/177 164/164/164 165/165/165 
f 100/178/100 103/179/103 178/180/178 166/181/166 
f 103/179/103 98/182/98 179/183/179 178/180/178 
f 166/181/166 178/180/178 180/184/180 168/185/168 
f 178/180/178 179/183/179 181/186/181 180/184/180 
f 96/187/96 95/188/95 182/189/182 183/190/183 
f 183/190/183 182/189/182 184/191/184 185/192/185 
f 98/182/98 96/187/96 183/190/183 179/183/179 
f 179/183/179 183/190/183 185/192/185 181/186/181 
f 186/193/186 187/194/187 188/195/188 189/196/189 
f 187/194/187 190/197/190 191/198/191 188/195/188 
f 189/196/189 188/195/188 185/192/185 184/191/184 
f 188/195/188 191/198/191 181/186/181 185/192/185 
f 192/199/192 170/200/170 173/201/173 193/202/193 
f 193/202/193 173/201/173 168/185/168 180/184/180 
f 190/197/190 192/199/192 193/202/193 191/198/191 
f 191/198/191 193/202/193 180/184/180 181/186/181 
f 95/188/95 94/203/94 194/204/194 182/189/182 
f 94/203/94 92/205/92 195/206/195 194/204/194 
f 182/189/182 194/204/194 196/207/196 184/191/184 
f 194/204/194 195/206/195 197/208/197 196/207/196 
f 89/209/89 88/210/88 198/211/198 199/212/199 
f 199/212/199 198/211/198 200/213/200 201/214/201 
f 92/205/92 89/209/89 199/212/199 195/206/195 
f 195/206/195 199/212/199 201/214/201 197/208/197 
f 202/215/202 203/216/203 204/217/204 205/218/205 
f 203/216/203 206/219/206 207/220/207 204/217/204 
f 205/218/205 204/217/204 201/214/201 200/213/200 
f 204/217/204 207/220/207 197/208/197 201/214/201 
f 208/221/208 186/193/186 189/196/189 209/222/209 
f 209/222/209 189/196/189 184/191/184 196/207/196 
f 206/219/206 208/221/208 209/222/209 207/220/207 
f 207/220/207 209/222/209 196/207/196 197/208/197 
f 88/210/88 91/223/91 210/224/210 198/211/198 
f 91/223/91 86/225/86 211/226/211 210/224/210 
f 198/211/198 210/224/210 212/227/212 200/213/200 
f 210/224/210 211/226/211 213/228/213 212/227/212 
f 84/229/84 83/230/83 214/231/214 215/232/215 
f 215/232/215 214/231/214 216/233/216 217/234/217 
f 86/225/86 84/229/84 215/232/215 211/226/211 
f 211/226/211 215/232/215 217/234/217 213/228/213 
f 218/235/218 219/236/219 220/237/220 221/238/221 
f 219/236/219 222/239/222 223/240/223 220/237/220 
f 221/238/221 220/237/220 217/234/217 216/233/216 
f 220/237/220 223/240/223 213/228/213 217/234/217 
f 224/241/224 202/215/202 205/218/205 225/242/225 
f 225/242/225 205/218/205 200/213/200 212/227/212 
f 222/239/222 224/241/224 225/242/225 223/240/223 
f 223/240/223 225/242/225 212/227/212 213/228/213 
f 83/230/83 82/243/82 226/244/226 214/231/214 
f 82/243/82 80/245/80 227/246/227 226/244/226 
f 214/231/214 226/244/226 228/247/228 216/233/216 
f 226/244/226 227/246/227 229/248/229 228/247/228 
f 77/249/77 76/250/76 230/251/230 231/252/231 
f 231/252/231 230/251/230 232/253/232 233/254/233 
f 80/245/80 77/249/77 231/252/231 227/246/227 
f 227/246/227 231/252/231 233/254/233 229/248/229 
f 234/255/234 235/256/235 236/257/236 237/258/237 
f 235/256/235 238/259/238 239/260/239 236/257/236 
f 237/258/237 236/257/236 233/254/233 232/253/232 
f 236/257/236 239/260/239 229/248/229 233/254/233 
f 240/261/240 218/235/218 221/238/221 241/262/241 
f 241/262/241 221/238/221 216/233/216 228/247/228 
f 238/259/238 240/261/240 241/262/241 239/260/239 
f 239/260/239 241/262/241 228/247/228 229/248/229 
f 76/250/76 79/263/79 242/264/242 230/251/230 
f 79/263/79 74/265/74 243/266/243 242/264/242 
f 230/251/230 242/264/242 244/267/244 232/253/232 
f 242/264/242 243/266/243 245/268/245 244/267/244 
f 72/269/72 71/270/71 246/271/246 247/272/247 
f 247/272/247 246/271/246 248/273/248 249/274/249 
f 74/265/74 72/269/72 247/272/247 243/266/243 
f 243/266/243 247/272/247 249/274/249 245/268/245 
f 250/275/250 251/276/251 252/277/252 253/278/253 
f 251/276/251 254/279/254 255/280/255 252/277/252 
f 253/278/253 252/277/252 249/274/249 248/273/248 
f 252/277/252 255/280/255 245/268/245 249/274/249 
f 256/281/256 234/255/234 237/258/237 257/282/257 
f 257/282/257 237/258/237 232/253/232 244/267/244 
f 254/279/254 256/281/256 257/282/257 255/280/255 
f 255/280/255 257/282/257 244/267/244 245/268/245 
f 71/270/71 70/283/70 258/284/258 246/271/246 
f 70/283/70 68/285/68 259/286/259 258/284/258 
f 246/271/246 258/284/258 260/287/260 248/273/248 
f 258/284/258 259/286/259 261/288/261 260/287/260 
f 65/289/65 64/290/64 262/291/262 263/292/263 
f 263/292/263 262/291/262 264/293/264 265/294/265 
f 68/285/68 65/289/65 263/292/263 259/286/259 
f 259/286/259 263/292/263 265/294/265 261/288/261 
f 266/295/266 267/296/267 268/297/268 269/298/269 
f 267/296/267 270/299/270 271/300/271 268/297/268 
f 269/298/269 268/297/268 265/294/265 264/293/264 
f 268/297/268 271/300/271 261/288/261 265/294/265 
f 272/301/272 250/275/250 253/278/253 273/302/273 
f 273/302/273 253/278/253 248/273/248 260/287/260 
f 270/299/270 272/301/272 273/302/273 271/300/271 
f 271/300/271 273/302/273 260/287/260 261/288/261 
f 64/290/64 67/303/67 274/304/274 262/291/262 
f 67/303/67 62/305/62 275/306/275 274/304/274 
f 262/291/262 274/304/274 276/307/276 264/293/264 
f 274/304/274 275/306/275 277/308/277 276/307/276 
f 60/309/60 59/310/59 278/311/278 279/312/279 
f 279/312/279 278/311/278 280/313/280 281/314/281 
f 62/305/62 60/309/60 279/312/279 275/306/275 
f 275/306/275 279/312/279 281/314/281 277/308/277 
f 282/315/282 283/316/283 284/317/284 285/318/285 
f 283/316/283 286/319/286 287/320/287 284/317/284 
f 285/318/285 284/317/284 281/314/281 280/313/280 
f 284/317/284 287/320/287 277/308/277 281/314/281 
f 288/321/288 266/295/266 269/298/269 289/322/289 
f 289/322/289 269/298/269 264/293/264 276/307/276 
f 286/319/286 288/321/288 289/322/289 287/320/287 
f 287/320/287 289/322/289 276/307/276 277/308/277 
f 59/310/59 58/323/58 290/324/290 278/311/278 
f 58/323/58 56/325/56 291/326/291 290/324/290 
f 278/311/278 290/324/290 292/327/292 280/313/280 
f 290/324/290 291/326/291 293/328/293 292/327/292 
f 53/329/53 52/330/52 294/331/294 295/332/295 
f 295/332/295 294/331/294 296/333/296 297/334/297 
f 56/325/56 53/329/53 295/332/295 291/326/291 
f 291/326/291 295/332/295 297/334/297 293/328/293 
f 298/335/298 299/336/299 300/337/300 301/338/301 
f 299/336/299 302/339/302 303/340/303 300/337/300 
f 301/338/301 300/337/300 297/334/297 296/333/296 
f 300/337/300 303/340/303 293/328/293 297/334/297 
f 304/341/304 282/315/282 285/318/285 305/342/305 
f 305/342/305 285/318/285 280/313/280 292/327/292 
f 302/339/302 304/341/304 305/342/305 303/340/303 
f 303/340/303 305/342/305 292/327/292 293/328/293 
f 52/330/52 55/343/55 306/344/306 294/331/294 
f 55/343/55 50/345/50 307/346/307 306/344/306 
f 294/331/294 306/344/306 308/347/308 296/333/296 
f 306/344/306 307/346/307 309/348/309 308/347/308 
f 48/349/48 47/350/47 310/351/310 311/352/311 
f 311/352/311 310/351/310 312/353/312 313/354/313 
f 50/345/50 48/349/48 311/352/311 307/346/307 
f 307/346/307 311/352/311 313/354/313 309/348/309 
f 314/355/314 315/356/315 316/357/316 317/358/317 
f 315/356/315 318/359/318 319/360/319 316/357/316 
f 317/358/317 316/357/316 313/354/313 312/353/312 
f 316/357/316 319/360/319 309/348/309 313/354/313 
f 320/361/320 298/335/298 301/338/301 321/362/321 
f 321/362/321 301/338/301 296/333/296 308/347/308 
f 318/359/318 320/361/320 321/362/321 319/360/319 
f 319/360/319 321/362/321 308/347/308 309/348/309 
f 47/350/47 46/363/46 322/364/322 310/351/310 
f 46/363/46 44/365/44 323/366/323 322/364/322 
f 310/351/310 322/364/322 324/367/324 312/353/312 
f 322/364/322 323/366/323 325/368/325 324/367/324 
f 41/369/41 40/370/40 326/371/326 327/372/327 
f 327/372/327 326/371/326 328/373/328 329/374/329 
f 44/365/44 41/369/41 327/372/327 323/366/323 
f 323/366/323 327/372/327 329/374/329 325/368/325 
f 330/375/330 331/376/331 332/377/332 333/378/333 
f 331/376/331 334/379/334 335/380/335 332/377/332 
f 333/378/333 332/377/332 329/374/329 328/373/328 
f 332/377/332 335/380/335 325/368/325 329/374/329 
f 336/381/336 314/355/314 317/358/317 337/382/337 
f 337/382/337 317/358/317 312/353/312 324/367/324 
f 334/379/334 336/381/336 337/382/337 335/380/335 
f 335/380/335 337/382/337 324/367/324 325/368/325 
f 40/370/40 43/383/43 338/384/338 326/371/326 
f 43/383/43 38/385/38 339/386/339 338/384/338 
f 326/371/326 338/384/338 340/387/340 328/373/328 
f 338/384/338 339/386/339 341/388/341 340/387/340 
f 36/389/36 35/390/35 342/391/342 343/392/343 
f 343/392/343 342/391/342 344/393/344 345/394/345 
f 38/385/38 36/389/36 343/392/343 339/386/339 
f 339/386/339 343/392/343 345/394/345 341/388/341 
f 346/395/346 347/396/347 348/397/348 349/398/349 
f 347/396/347 350/399/350 351/400/351 348/397/348 
f 349/398/349 348/397/348 345/394/345 344/393/344 
f 348/397/348 351/400/351 341/388/341 345/394/345 
f 352/401/352 330/375/330 333/378/333 353/402/353 
f 353/402/353 333/378/333 328/373/328 340/387/340 
f 350/399/350 352/401/352 353/402/353 351/400/351 
f 351/400/351 353/402/353 340/387/340 341/388/341 
f 35/390/35 34/403/34 354/404/354 342/391/342 
f 34/403/34 32/405/32 355/406/355 354/404/354 
f 342/391/342 354/404/354 356/407/356 344/393/344 
f 354/404/354 355/406/355 357/408/357 356/407/356 
f 29/409/29 28/410/28 358/411/358 359/412/359 
f 359/412/359 358/411/358 360/413/360 361/414/361 
f 32/405/32 29/409/29 359/412/359 355/406/355 
f 355/406/355 359/412/359 361/414/361 357/408/357 
f 362/415/362 363/416/363 364/417/364 365/418/365 
f 363/416/363 366/419/366 367/420/367 364/417/364 
f 365/418/365 364/417/364 361/414/361 360/413/360 
f 364/417/364 367/420/367 357/408/357 361/414/361 
f 368/421/368 346/395/346 349/398/349 369/422/369 
f 369/422/369 349/398/349 344/393/344 356/407/356 
f 366/419/366 368/421/368 369/422/369 367/420/367 
f 367/420/367 369/422/369 356/407/356 357/408/357 
f 28/410/28 31/423/31 370/424/370 358/411/358 
f 31/423/31 26/425/26 371/426/371 370/424/370 
f 358/411/358 370/424/370 372/427/372 360/413/360 
f 370/424/370 371/426/371 373/428/373 372/427/372 
f 24/429/24 23/430/23 374/431/374 375/432/375 
f 375/432/375 374/431/374 376/433/376 377/434/377 
f 26/425/26 24/429/24 375/432/375 371/426/371 
f 371/426/371 375/432/375 377/434/377 373/428/373 
f 378/435/378 379/436/379 380/437/380 381/438/381 
f 379/436/379 382/439/382 383/440/383 380/437/380 
f 381/438/381 380/437/380 377/434/377 376/433/376 
f 380/437/380 383/440/383 373/428/373 377/434/377 
f 384/441/384 362/415/362 365/418/365 385/442/385 
f 385/442/385 365/418/365 360/413/360 372/427/372 
f 382/439/382 384/441/384 385/442/385 383/440/383 
f 383/440/383 385/442/385 372/427/372 373/428/373 
f 23/430/23 22/443/22 386/444/386 374/431/374 
f 22/443/22 20/445/20 387/446/387 386/444/386 
f 374/431/374 386/444/386 388/447/388 376/433/376 
f 386/444/386 387/446/387 389/448/389 388/447/388 
f 17/449/17 16/16/16 111/111/111 390/450/390 
f 390/450/390 111/111/111 114/114/114 391/451/391 
f 20/445/20 17/449/17 390/450/390 387/446/387 
f 387/446/387 390/450/390 391/451/391 389/448/389 
f 127/127/127 392/452/392 393/453/393 128/128/128 
f 392/452/392 394/454/394 395/455/395 393/453/393 
f 128/128/128 393/453/393 391/451/391 114/114/114 
f 393/453/393 395/455/395 389/448/389 391/451/391 
f 396/456/396 378/435/378 381/438/381 397/457/397 
f 397/457/397 381/438/381 376/433/376 388/447/388 
f 394/454/394 396/456/396 397/457/397 395/455/395 
f 395/455/395 397/457/397 388/447/388 389/448/389 
f 127/127/127 126/126/126 398/458/398 399/459/399 
f 126/126/126 124/124/124 400/460/400 398/458/398 
f 399/459/399 398/458/398 401/461/401 402/462/402 
f 398/458/398 400/460/400 403/463/403 401/461/401 
f 121/121/121 120/120/120 404/464/404 405/465/405 
f 405/465/405 404/464/404 406/466/406 407/467/407 
f 124/124/124 121/121/121 405/465/405 400/460/400 
f 400/460/400 405/465/405 407/467/407 403/463/403 
f 408/468/408 409/469/409 410/470/410 411/471/411 
f 409/469/409 412/472/412 413/473/413 410/470/410 
f 411/471/411 410/470/410 407/467/407 406/466/406 
f 410/470/410 413/473/413 403/463/403 407/467/407 
f 414/474/414 415/475/415 416/476/416 417/477/417 
f 417/477/417 416/476/416 402/462/402 401/461/401 
f 412/472/412 414/474/414 417/477/417 413/473/413 
f 413/473/413 417/477/417 401/461/401 403/463/403 
f 120/120/120 144/144/144 418/478/418 404/464/404 
f 144/144/144 142/142/142 419/479/419 418/478/418 
f 404/464/404 418/478/418 420/480/420 406/466/406 
f 418/478/418 419/479/419 421/481/421 420/480/420 
f 139/139/139 138/138/138 422/482/422 423/483/423 
f 423/483/423 422/482/422 424/484/424 425/485/425 
f 142/142/142 139/139/139 423/483/423 419/479/419 
f 419/479/419 423/483/423 425/485/425 421/481/421 
f 426/486/426 427/487/427 428/488/428 429/489/429 
f 427/487/427 430/490/430 431/491/431 428/488/428 
f 429/489/429 428/488/428 425/485/425 424/484/424 
f 428/488/428 431/491/431 421/481/421 425/485/425 
f 432/492/432 408/468/408 411/471/411 433/493/433 
f 433/493/433 411/471/411 406/466/406 420/480/420 
f 430/490/430 432/492/432 433/493/433 431/491/431 
f 431/491/431 433/493/433 420/480/420 421/481/421 
f 138/138/138 160/160/160 434/494/434 422/482/422 
f 160/160/160 158/158/158 435/495/435 434/494/434 
f 422/482/422 434/494/434 436/496/436 424/484/424 
f 434/494/434 435/495/435 437/497/437 436/496/436 
f 155/155/155 154/154/154 438/498/438 439/499/439 
f 439/499/439 438/498/438 440/500/440 441/501/441 
f 158/158/158 155/155/155 439/499/439 435/495/435 
f 435/495/435 439/499/439 441/501/441 437/497/437 
f 442/502/442 443/503/443 444/504/444 445/505/445 
f 443/503/443 446/506/446 447/507/447 444/504/444 
f 445/505/445 444/504/444 441/501/441 440/500/440 
f 444/504/444 447/507/447 437/497/437 441/501/441 
f 448/508/448 426/486/426 429/489/429 449/509/449 
f 449/509/449 429/489/429 424/484/424 436/496/436 
f 446/506/446 448/508/448 449/509/449 447/507/447 
f 447/507/447 449/509/449 436/496/436 437/497/437 
f 154/154/154 176/176/176 450/510/450 438/498/438 
f 176/176/176 174/174/174 451/511/451 450/510/450 
f 438/498/438 450/510/450 452/512/452 440/500/440 
f 450/510/450 451/511/451 453/513/453 452/512/452 
f 171/171/171 170/170/170 454/514/454 455/515/455 
f 455/515/455 454/514/454 456/516/456 457/517/457 
f 174/174/174 171/171/171 455/515/455 451/511/451 
f 451/511/451 455/515/455 457/517/457 453/513/453 
f 458/518/458 459/519/459 460/520/460 461/521/461 
f 459/519/459 462/522/462 463/523/463 460/520/460 
f 461/521/461 460/520/460 457/517/457 456/516/456 
f 460/520/460 463/523/463 453/513/453 457/517/457 
f 464/524/464 442/502/442 445/505/445 465/525/465 
f 465/525/465 445/505/445 440/500/440 452/512/452 
f 462/522/462 464/524/464 465/525/465 463/523/463 
f 463/523/463 465/525/465 452/512/452 453/513/453 
f 170/200/170 192/199/192 466/526/466 454/527/454 
f 192/199/192 190/197/190 467/528/467 466/526/466 
f 454/527/454 466/526/466 468/529/468 456/530/456 
f 466/526/466 467/528/467 469/531/469 468/529/468 
f 187/194/187 186/193/186 470/532/470 471/533/471 
f 471/533/471 470/532/470 472/534/472 473/535/473 
f 190/197/190 187/194/187 471/533/471 467/528/467 
f 467/528/467 471/533/471 473/535/473 469/531/469 
f 474/536/474 475/537/475 476/538/476 477/539/477 
f 475/537/475 478/540/478 479/541/479 476/538/476 
f 477/539/477 476/538/476 473/535/473 472/534/472 
f 476/538/476 479/541/479 469/531/469 473/535/473 
f 480/542/480 458/543/458 461/544/461 481/545/481 
f 481/545/481 461/544/461 456/530/456 468/529/468 
f 478/540/478 480/542/480 481/545/481 479/541/479 
f 479/541/479 481/545/481 468/529/468 469/531/469 
f 186/193/186 208/221/208 482/546/482 470/532/470 
f 208/221/208 206/219/206 483/547/483 482/546/482 
f 470/532/470 482/546/482 484/548/484 472/534/472 
f 482/546/482 483/547/483 485/549/485 484/548/484 
f 203/216/203 202/215/202 486/550/486 487/551/487 
f 487/551/487 486/550/486 488/552/488 489/553/489 
f 206/219/206 203/216/203 487/551/487 483/547/483 
f 483/547/483 487/551/487 489/553/489 485/549/485 
f 490/554/490 491/555/491 492/556/492 493/557/493 
f 491/555/491 494/558/494 495/559/495 492/556/492 
f 493/557/493 492/556/492 489/553/489 488/552/488 
f 492/556/492 495/559/495 485/549/485 489/553/489 
f 496/560/496 474/536/474 477/539/477 497/561/497 
f 497/561/497 477/539/477 472/534/472 484/548/484 
f 494/558/494 496/560/496 497/561/497 495/559/495 
f 495/559/495 497/561/497 484/548/484 485/549/485 
f 202/215/202 224/241/224 498/562/498 486/550/486 
f 224/241/224 222/239/222 499/563/499 498/562/498 
f 486/550/486 498/562/498 500/564/500 488/552/488 
f 498/562/498 499/563/499 501/565/501 500/564/500 
f 219/236/219 218/235/218 502/566/502 503/567/503 
f 503/567/503 502/566/502 504/568/504 505/569/505 
f 222/239/222 219/236/219 503/567/503 499/563/499 
f 499/563/499 503/567/503 505/569/505 501/565/501 
f 506/570/506 507/571/507 508/572/508 509/573/509 
f 507/571/507 510/574/510 511/575/511 508/572/508 
f 509/573/509 508/572/508 505/569/505 504/568/504 
f 508/572/508 511/575/511 501/565/501 505/569/505 
f 512/576/512 490/554/490 493/557/493 513/577/513 
f 513/577/513 493/557/493 488/552/488 500/564/500 
f 510/574/510 512/576/512 513/577/513 511/575/511 
f 511/575/511 513/577/513 500/564/500 501/565/501 
f 218/235/218 240/261/240 514/578/514 502/566/502 
f 240/261/240 238/259/238 515/579/515 514/578/514 
f 502/566/502 514/578/514 516/580/516 504/568/504 
f 514/578/514 515/579/515 517/581/517 516/580/516 
f 235/256/235 234/255/234 518/582/518 519/583/519 
f 519/583/519 518/582/518 520/584/520 521/585/521 
f 238/259/238 235/256/235 519/583/519 515/579/515 
f 515/579/515 519/583/519 521/585/521 517/581/517 
f 522/586/522 523/587/523 524/588/524 525/589/525 
f 523/587/523 526/590/526 527/591/527 524/588/524 
f 525/589/525 524/588/524 521/585/521 520/584/520 
f 524/588/524 527/591/527 517/581/517 521/585/521 
f 528/592/528 506/570/506 509/573/509 529/593/529 
f 529/593/529 509/573/509 504/568/504 516/580/516 
f 526/590/526 528/592/528 529/593/529 527/591/527 
f 527/591/527 529/593/529 516/580/516 517/581/517 
f 234/255/234 256/281/256 530/594/530 518/582/518 
f 256/281/256 254/279/254 531/595/531 530/594/530 
f 518/582/518 530/594/530 532/596/532 520/584/520 
f 530/594/530 531/595/531 533/597/533 532/596/532 
f 251/276/251 250/275/250 534/598/534 535/599/535 
f 535/599/535 534/598/534 536/600/536 537/601/537 
f 254/279/254 251/276/251 535/599/535 531/595/531 
f 531/595/531 535/599/535 537/601/537 533/597/533 
f 538/602/538 539/603/539 540/604/540 541/605/541 
f 539/603/539 542/606/542 543/607/543 540/604/540 
f 541/605/541 540/604/540 537/601/537 536/600/536 
f 540/604/540 543/607/543 533/597/533 537/601/537 
f 544/608/544 522/586/522 525/589/525 545/609/545 
f 545/609/545 525/589/525 520/584/520 532/596/532 
f 542/606/542 544/608/544 545/609/545 543/607/543 
f 543/607/543 545/609/545 532/596/532 533/597/533 
f 250/275/250 272/301/272 546/610/546 534/598/534 
f 272/301/272 270/299/270 547/611/547 546/610/546 
f 534/598/534 546/610/546 548/612/548 536/600/536 
f 546/610/546 547/611/547 549/613/549 548/612/548 
f 267/296/267 266/295/266 550/614/550 551/615/551 
f 551/615/551 550/614/550 552/616/552 553/617/553 
f 270/299/270 267/296/267 551/615/551 547/611/547 
f 547/611/547 551/615/551 553/617/553 549/613/549 
f 554/618/554 555/619/555 556/620/556 557/621/557 
f 555/619/555 558/622/558 559/623/559 556/620/556 
f 557/621/557 556/620/556 553/617/553 552/616/552 
f 556/620/556 559/623/559 549/613/549 553/617/553 
f 560/624/560 538/602/538 541/605/541 561/625/561 
f 561/625/561 541/605/541 536/600/536 548/612/548 
f 558/622/558 560/624/560 561/625/561 559/623/559 
f 559/623/559 561/625/561 548/612/548 549/613/549 
f 266/295/266 288/321/288 562/626/562 550/614/550 
f 288/321/288 286/319/286 563/627/563 562/626/562 
f 550/614/550 562/626/562 564/628/564 552/616/552 
f 562/626/562 563/627/563 565/629/565 564/628/564 
f 283/316/283 282/315/282 566/630/566 567/631/567 
f 567/631/567 566/630/566 568/632/568 569/633/569 
f 286/319/286 283/316/283 567/631/567 563/627/563 
f 563/627/563 567/631/567 569/633/569 565/629/565 
f 570/634/570 571/635/571 572/636/572 573/637/573 
f 571/635/571 574/638/574 575/639/575 572/636/572 
f 573/637/573 572/636/572 569/633/569 568/632/568 
f 572/636/572 575/639/575 565/629/565 569/633/569 
f 576/640/576 554/618/554 557/621/557 577/641/577 
f 577/641/577 557/621/557 552/616/552 564/628/564 
f 574/638/574 576/640/576 577/641/577 575/639/575 
f 575/639/575 577/641/577 564/628/564 565/629/565 
f 282/315/282 304/341/304 578/642/578 566/630/566 
f 304/341/304 302/339/302 579/643/579 578/642/578 
f 566/630/566 578/642/578 580/644/580 568/632/568 
f 578/642/578 579/643/579 581/645/581 580/644/580 
f 299/336/299 298/335/298 582/646/582 583/647/583 
f 583/647/583 582/646/582 584/648/584 585/649/585 
f 302/339/302 299/336/299 583/647/583 579/643/579 
f 579/643/579 583/647/583 585/649/585 581/645/581 
f 586/650/586 587/651/587 588/652/588 589/653/589 
f 587/651/587 590/654/590 591/655/591 588/652/588 
f 589/653/589 588/652/588 585/649/585 584/648/584 
f 588/652/588 591/655/591 581/645/581 585/649/585 
f 592/656/592 570/634/570 573/637/573 593/657/593 
f 593/657/593 573/637/573 568/632/568 580/644/580 
f 590/654/590 592/656/592 593/657/593 591/655/591 
f 591/655/591 593/657/593 580/644/580 581/645/581 
f 298/335/298 320/361/320 594/658/594 582/646/582 
f 320/361/320 318/359/318 595/659/595 594/658/594 
f 582/646/582 594/658/594 596/660/596 584/648/584 
f 594/658/594 595/659/595 597/661/597 596/660/596 
f 315/356/315 314/355/314 598/662/598 599/663/599 
f 599/663/599 598/662/598 600/664/600 601/665/601 
f 318/359/318 315/356/315 599/663/599 595/659/595 
f 595/659/595 599/663/599 601/665/601 597/661/597 
f 602/666/602 603/667/603 604/668/604 605/669/605 
f 603/667/603 606/670/606 607/671/607 604/668/604 
f 605/669/605 604/668/604 601/665/601 600/664/600 
f 604/668/604 607/671/607 597/661/597 601/665/601 
f 608/672/608 586/650/586 589/653/589 609/673/609 
f 609/673/609 589/653/589 584/648/584 596/660/596 
f 606/670/606 608/672/608 609/673/609 607/671/607 
f 607/671/607 609/673/609 596/660/596 597/661/597 
f 314/355/314 336/381/336 610/674/610 598/662/598 
f 336/381/336 334/379/334 611/675/611 610/674/610 
f 598/662/598 610/674/610 612/676/612 600/664/600 
f 610/674/610 611/675/611 613/677/613 612/676/612 
f 331/376/331 330/375/330 614/678/614 615/679/615 
f 615/679/615 614/678/614 616/680/616 617/681/617 
f 334/379/334 331/376/331 615/679/615 611/675/611 
f 611/675/611 615/679/615 617/681/617 613/677/613 
f 618/682/618 619/683/619 620/684/620 621/685/621 
f 619/683/619 622/686/622 623/687/623 620/684/620 
f 621/685/621 620/684/620 617/681/617 616/680/616 
f 620/684/620 623/687/623 613/677/613 617/681/617 
f 624/688/624 602/666/602 605/669/605 625/689/625 
f 625/689/625 605/669/605 600/664/600 612/676/612 
f 622/686/622 624/688/624 625/689/625 623/687/623 
f 623/687/623 625/689/625 612/676/612 613/677/613 
f 330/375/330 352/401/352 626/690/626 614/678/614 
f 352/401/352 350/399/350 627/691/627 626/690/626 
f 614/678/614 626/690/626 628/692/628 616/680/616 
f 626/690/626 627/691/627 629/693/629 628/692/628 
f 347/396/347 346/395/346 630/694/630 631/695/631 
f 631/695/631 630/694/630 632/696/632 633/697/633 
f 350/399/350 347/396/347 631/695/631 627/691/627 
f 627/691/627 631/695/631 633/697/633 629/693/629 
f 634/698/634 635/699/635 636/700/636 637/701/637 
f 635/699/635 638/702/638 639/703/639 636/700/636 
f 637/701/637 636/700/636 633/697/633 632/696/632 
f 636/700/636 639/703/639 629/693/629 633/697/633 
f 640/704/640 618/682/618 621/685/621 641/705/641 
f 641/705/641 621/685/621 616/680/616 628/692/628 
f 638/702/638 640/704/640 641/705/641 639/703/639 
f 639/703/639 641/705/641 628/692/628 629/693/629 
f 346/395/346 368/421/368 642/706/642 630/694/630 
f 368/421/368 366/419/366 643/707/643 642/706/642 
f 630/694/630 642/706/642 644/708/644 632/696/632 
f 642/706/642 643/707/643 645/709/645 644/708/644 
f 363/416/363 362/415/362 646/710/646 647/711/647 
f 647/711/647 646/710/646 648/712/648 649/713/649 
f 366/419/366 363/416/363 647/711/647 643/707/643 
f 643/707/643 647/711/647 649/713/649 645/709/645 
f 650/714/650 651/715/651 652/716/652 653/717/653 
f 651/715/651 654/718/654 655/719/655 652/716/652 
f 653/717/653 652/716/652 649/713/649 648/712/648 
f 652/716/652 655/719/655 645/709/645 649/713/649 
f 656/720/656 634/698/634 637/701/637 657/721/657 
f 657/721/657 637/701/637 632/696/632 644/708/644 
f 654/718/654 656/720/656 657/721/657 655/719/655 
f 655/719/655 657/721/657 644/708/644 645/709/645 
f 362/415/362 384/441/384 658/722/658 646/710/646 
f 384/441/384 382/439/382 659/723/659 658/722/658 
f 646/710/646 658/722/658 660/724/660 648/712/648 
f 658/722/658 659/723/659 661/725/661 660/724/660 
f 379/436/379 378/435/378 662/726/662 663/727/663 
f 663/727/663 662/726/662 664/728/664 665/729/665 
f 382/439/382 379/436/379 663/727/663 659/723/659 
f 659/723/659 663/727/663 665/729/665 661/725/661 
f 666/730/666 667/731/667 668/732/668 669/733/669 
f 667/731/667 670/734/670 671/735/671 668/732/668 
f 669/733/669 668/732/668 665/729/665 664/728/664 
f 668/732/668 671/735/671 661/725/661 665/729/665 
f 672/736/672 650/714/650 653/717/653 673/737/673 
f 673/737/673 653/717/653 648/712/648 660/724/660 
f 670/734/670 672/736/672 673/737/673 671/735/671 
f 671/735/671 673/737/673 660/724/660 661/725/661 
f 378/435/378 396/456/396 674/738/674 662/726/662 
f 396/456/396 394/454/394 675/739/675 674/738/674 
f 662/726/662 674/738/674 676/740/676 664/728/664 
f 674/738/674 675/739/675 677/741/677 676/740/676 
f 392/452/392 127/127/127 399/459/399 678/742/678 
f 678/742/678 399/459/399 402/462/402 679/743/679 
f 394/454/394 392/452/392 678/742/678 675/739/675 
f 675/739/675 678/742/678 679/743/679 677/741/677 
f 415/475/415 680/744/680 681/745/681 416/476/416 
f 680/744/680 682/746/682 683/747/683 681/745/681 
f 416/476/416 681/745/681 679/743/679 402/462/402 
f 681/745/681 683/747/683 677/741/677 679/743/679 
f 684/748/684 666/730/666 669/733/669 685/749/685 
f 685/749/685 669/733/669 664/728/664 676/740/676 
f 682/746/682 684/748/684 685/749/685 683/747/683 
f 683/747/683 685/749/685 676/740/676 677/741/677 
f 415/475/415 414/474/414 686/750/414 687/751/415 
f 414/474/414 412/472/412 688/752/412 686/750/414 
f 687/751/415 686/750/414 689/753/414 690/754/415 
f 686/750/414 688/752/412 691/755/412 689/753/414 
f 409/469/409 408/468/408 692/756/408 693/757/409 
f 693/757/409 692/756/408 694/758/408 695/759/409 
f 412/472/412 409/469/409 693/757/409 688/752/412 
f 688/752/412 693/757/409 695/759/409 691/755/412 
f 696/760/408 697/761/409 698/762/409 699/763/408 
f 697/761/409 700/764/412 701/765/412 698/762/409 
f 699/763/408 698/762/409 695/759/409 694/758/408 
f 698/762/409 701/765/412 691/755/412 695/759/409 
f 702/766/414 703/767/415 704/768/415 705/769/414 
f 705/769/414 704/768/415 690/754/415 689/753/414 
f 700/764/412 702/766/414 705/769/414 701/765/412 
f 701/765/412 705/769/414 689/753/414 691/755/412 
f 408/468/408 432/492/432 706/770/432 692/756/408 
f 432/492/432 430/490/430 707/771/430 706/770/432 
f 692/756/408 706/770/432 708/772/432 694/758/408 
f 706/770/432 707/771/430 709/773/430 708/772/432 
f 427/487/427 426/486/426 710/774/686 711/775/427 
f 711/775/427 710/774/686 712/776/426 713/777/687 
f 430/490/430 427/487/427 711/775/427 707/771/430 
f 707/771/430 711/775/427 713/777/687 709/773/430 
f 714/778/426 715/779/427 716/780/427 717/781/426 
f 715/779/427 718/782/430 719/783/430 716/780/427 
f 717/781/426 716/780/427 713/777/687 712/776/426 
f 716/780/427 719/783/430 709/773/430 713/777/687 
f 720/784/432 696/760/408 699/763/408 721/785/432 
f 721/785/432 699/763/408 694/758/408 708/772/432 
f 718/782/430 720/784/432 721/785/432 719/783/430 
f 719/783/430 721/785/432 708/772/432 709/773/430 
f 426/486/426 448/508/448 722/786/448 710/774/686 
f 448/508/448 446/506/446 723/787/688 722/786/448 
f 710/774/686 722/786/448 724/788/689 712/776/426 
f 722/786/448 723/787/688 725/789/446 724/788/689 
f 443/503/443 442/502/442 726/790/442 727/791/443 
f 727/791/443 726/790/442 728/792/442 729/793/443 
f 446/506/446 443/503/443 727/791/443 723/787/688 
f 723/787/688 727/791/443 729/793/443 725/789/446 
f 730/794/442 731/795/443 732/796/443 733/797/442 
f 731/795/443 734/798/446 735/799/446 732/796/443 
f 733/797/442 732/796/443 729/793/443 728/792/442 
f 732/796/443 735/799/446 725/789/446 729/793/443 
f 736/800/448 714/778/426 717/781/426 737/801/689 
f 737/801/689 717/781/426 712/776/426 724/788/689 
f 734/798/446 736/800/448 737/801/689 735/799/446 
f 735/799/446 737/801/689 724/788/689 725/789/446 
f 442/502/442 464/524/464 738/802/464 726/790/442 
f 464/524/464 462/522/462 739/803/462 738/802/464 
f 726/790/442 738/802/464 740/804/690 728/792/442 
f 738/802/464 739/803/462 741/805/462 740/804/690 
f 459/519/459 458/518/458 742/806/691 743/807/692 
f 743/807/692 742/806/691 744/808/693 745/809/692 
f 462/522/462 459/519/459 743/807/692 739/803/462 
f 739/803/462 743/807/692 745/809/692 741/805/462 
f 746/810/458 747/811/459 748/812/692 749/813/458 
f 747/811/459 750/814/462 751/815/694 748/812/692 
f 749/813/458 748/812/692 745/809/692 744/808/693 
f 748/812/692 751/815/694 741/805/462 745/809/692 
f 752/816/464 730/794/442 733/797/442 753/817/690 
f 753/817/690 733/797/442 728/792/442 740/804/690 
f 750/814/462 752/816/464 753/817/690 751/815/694 
f 751/815/694 753/817/690 740/804/690 741/805/462 
f 458/543/458 480/542/480 754/818/480 742/819/691 
f 480/542/480 478/540/478 755/820/695 754/818/480 
f 742/819/691 754/818/480 756/821/480 744/822/693 
f 754/818/480 755/820/695 757/823/478 756/821/480 
f 475/537/475 474/536/474 758/824/474 759/825/475 
f 759/825/475 758/824/474 760/826/696 761/827/475 
f 478/540/478 475/537/475 759/825/475 755/820/695 
f 755/820/695 759/825/475 761/827/475 757/823/478 
f 762/828/474 763/829/475 764/830/475 765/831/697 
f 763/829/475 766/832/478 767/833/478 764/830/475 
f 765/831/697 764/830/475 761/827/475 760/826/696 
f 764/830/475 767/833/478 757/823/478 761/827/475 
f 768/834/480 746/835/458 749/836/458 769/837/480 
f 769/837/480 749/836/458 744/822/693 756/821/480 
f 766/832/478 768/834/480 769/837/480 767/833/478 
f 767/833/478 769/837/480 756/821/480 757/823/478 
f 474/536/474 496/560/496 770/838/496 758/824/474 
f 496/560/496 494/558/494 771/839/494 770/838/496 
f 758/824/474 770/838/496 772/840/496 760/826/696 
f 770/838/496 771/839/494 773/841/494 772/840/496 
f 491/555/491 490/554/490 774/842/490 775/843/491 
f 775/843/491 774/842/490 776/844/698 777/845/491 
f 494/558/494 491/555/491 775/843/491 771/839/494 
f 771/839/494 775/843/491 777/845/491 773/841/494 
f 778/846/490 779/847/491 780/848/699 781/849/698 
f 779/847/491 782/850/494 783/851/700 780/848/699 
f 781/849/698 780/848/699 777/845/491 776/844/698 
f 780/848/699 783/851/700 773/841/494 777/845/491 
f 784/852/496 762/828/474 765/831/697 785/853/496 
f 785/853/496 765/831/697 760/826/696 772/840/496 
f 782/850/494 784/852/496 785/853/496 783/851/700 
f 783/851/700 785/853/496 772/840/496 773/841/494 
f 490/554/490 512/576/512 786/854/701 774/842/490 
f 512/576/512 510/574/510 787/855/510 786/854/701 
f 774/842/490 786/854/701 788/856/701 776/844/698 
f 786/854/701 787/855/510 789/857/510 788/856/701 
f 507/571/507 506/570/506 790/858/506 791/859/507 
f 791/859/507 790/858/506 792/860/506 793/861/702 
f 510/574/510 507/571/507 791/859/507 787/855/510 
f 787/855/510 791/859/507 793/861/702 789/857/510 
f 794/862/506 795/863/507 796/864/507 797/865/506 
f 795/863/507 798/866/510 799/867/510 796/864/507 
f 797/865/506 796/864/507 793/861/702 792/860/506 
f 796/864/507 799/867/510 789/857/510 793/861/702 
f 800/868/512 778/846/490 781/849/698 801/869/701 
f 801/869/701 781/849/698 776/844/698 788/856/701 
f 798/866/510 800/868/512 801/869/701 799/867/510 
f 799/867/510 801/869/701 788/856/701 789/857/510 
f 506/570/506 528/592/528 802/870/703 790/858/506 
f 528/592/528 526/590/526 803/871/704 802/870/703 
f 790/858/506 802/870/703 804/872/703 792/860/506 
f 802/870/703 803/871/704 805/873/526 804/872/703 
f 523/587/523 522/586/522 806/874/522 807/875/523 
f 807/875/523 806/874/522 808/876/522 809/877/523 
f 526/590/526 523/587/523 807/875/523 803/871/704 
f 803/871/704 807/875/523 809/877/523 805/873/526 
f 810/878/522 811/879/523 812/880/523 813/881/522 
f 811/879/523 814/882/526 815/883/526 812/880/523 
f 813/881/522 812/880/523 809/877/523 808/876/522 
f 812/880/523 815/883/526 805/873/526 809/877/523 
f 816/884/528 794/862/506 797/865/506 817/885/703 
f 817/885/703 797/865/506 792/860/506 804/872/703 
f 814/882/526 816/884/528 817/885/703 815/883/526 
f 815/883/526 817/885/703 804/872/703 805/873/526 
f 522/586/522 544/608/544 818/886/544 806/874/522 
f 544/608/544 542/606/542 819/887/705 818/886/544 
f 806/874/522 818/886/544 820/888/544 808/876/522 
f 818/886/544 819/887/705 821/889/542 820/888/544 
f 539/603/539 538/602/538 822/890/706 823/891/539 
f 823/891/539 822/890/706 824/892/706 825/893/539 
f 542/606/542 539/603/539 823/891/539 819/887/705 
f 819/887/705 823/891/539 825/893/539 821/889/542 
f 826/894/538 827/895/539 828/896/539 829/897/707 
f 827/895/539 830/898/542 831/899/705 828/896/539 
f 829/897/707 828/896/539 825/893/539 824/892/706 
f 828/896/539 831/899/705 821/889/542 825/893/539 
f 832/900/544 810/878/522 813/881/522 833/901/544 
f 833/901/544 813/881/522 808/876/522 820/888/544 
f 830/898/542 832/900/544 833/901/544 831/899/705 
f 831/899/705 833/901/544 820/888/544 821/889/542 
f 538/602/538 560/624/560 834/902/560 822/890/706 
f 560/624/560 558/622/558 835/903/558 834/902/560 
f 822/890/706 834/902/560 836/904/560 824/892/706 
f 834/902/560 835/903/558 837/905/708 836/904/560 
f 555/619/555 554/618/554 838/906/554 839/907/709 
f 839/907/709 838/906/554 840/908/554 841/909/709 
f 558/622/558 555/619/555 839/907/709 835/903/558 
f 835/903/558 839/907/709 841/909/709 837/905/708 
f 842/910/554 843/911/555 844/912/555 845/913/554 
f 843/911/555 846/914/558 847/915/558 844/912/555 
f 845/913/554 844/912/555 841/909/709 840/908/554 
f 844/912/555 847/915/558 837/905/708 841/909/709 
f 848/916/560 826/894/538 829/897/707 849/917/560 
f 849/917/560 829/897/707 824/892/706 836/904/560 
f 846/914/558 848/916/560 849/917/560 847/915/558 
f 847/915/558 849/917/560 836/904/560 837/905/708 
f 554/618/554 576/640/576 850/918/576 838/906/554 
f 576/640/576 574/638/574 851/919/710 850/918/576 
f 838/906/554 850/918/576 852/920/576 840/908/554 
f 850/918/576 851/919/710 853/921/574 852/920/576 
f 571/635/571 570/634/570 854/922/711 855/923/571 
f 855/923/571 854/922/711 856/924/570 857/925/571 
f 574/638/574 571/635/571 855/923/571 851/919/710 
f 851/919/710 855/923/571 857/925/571 853/921/574 
f 858/926/570 859/927/571 860/928/571 861/929/570 
f 859/927/571 862/930/574 863/931/574 860/928/571 
f 861/929/570 860/928/571 857/925/571 856/924/570 
f 860/928/571 863/931/574 853/921/574 857/925/571 
f 864/932/576 842/910/554 845/913/554 865/933/576 
f 865/933/576 845/913/554 840/908/554 852/920/576 
f 862/930/574 864/932/576 865/933/576 863/931/574 
f 863/931/574 865/933/576 852/920/576 853/921/574 
f 570/634/570 592/656/592 866/934/592 854/922/711 
f 592/656/592 590/654/590 867/935/590 866/934/592 
f 854/922/711 866/934/592 868/936/592 856/924/570 
f 866/934/592 867/935/590 869/937/590 868/936/592 
f 587/651/587 586/650/586 870/938/586 871/939/587 
f 871/939/587 870/938/586 872/940/586 873/941/587 
f 590/654/590 587/651/587 871/939/587 867/935/590 
f 867/935/590 871/939/587 873/941/587 869/937/590 
f 874/942/586 875/943/587 876/944/587 877/945/586 
f 875/943/587 878/946/590 879/947/590 876/944/587 
f 877/945/586 876/944/587 873/941/587 872/940/586 
f 876/944/587 879/947/590 869/937/590 873/941/587 
f 880/948/592 858/926/570 861/929/570 881/949/592 
f 881/949/592 861/929/570 856/924/570 868/936/592 
f 878/946/590 880/948/592 881/949/592 879/947/590 
f 879/947/590 881/949/592 868/936/592 869/937/590 
f 586/650/586 608/672/608 882/950/608 870/938/586 
f 608/672/608 606/670/606 883/951/606 882/950/608 
f 870/938/586 882/950/608 884/952/712 872/940/586 
f 882/950/608 883/951/606 885/953/606 884/952/712 
f 603/667/603 602/666/602 886/954/713 887/955/603 
f 887/955/603 886/954/713 888/956/714 889/957/603 
f 606/670/606 603/667/603 887/955/603 883/951/606 
f 883/951/606 887/955/603 889/957/603 885/953/606 
f 890/958/602 891/959/603 892/960/603 893/961/602 
f 891/959/603 894/962/606 895/963/715 892/960/603 
f 893/961/602 892/960/603 889/957/603 888/956/714 
f 892/960/603 895/963/715 885/953/606 889/957/603 
f 896/964/608 874/942/586 877/945/586 897/965/608 
f 897/965/608 877/945/586 872/940/586 884/952/712 
f 894/962/606 896/964/608 897/965/608 895/963/715 
f 895/963/715 897/965/608 884/952/712 885/953/606 
f 602/666/602 624/688/624 898/966/624 886/954/713 
f 624/688/624 622/686/622 899/967/716 898/966/624 
f 886/954/713 898/966/624 900/968/624 888/956/714 
f 898/966/624 899/967/716 901/969/716 900/968/624 
f 619/683/619 618/682/618 902/970/717 903/971/718 
f 903/971/718 902/970/717 904/972/719 905/973/718 
f 622/686/622 619/683/619 903/971/718 899/967/716 
f 899/967/716 903/971/718 905/973/718 901/969/716 
f 906/974/618 907/975/619 908/976/619 909/977/720 
f 907/975/619 910/978/622 911/979/721 908/976/619 
f 909/977/720 908/976/619 905/973/718 904/972/719 
f 908/976/619 911/979/721 901/969/716 905/973/718 
f 912/980/624 890/958/602 893/961/602 913/981/624 
f 913/981/624 893/961/602 888/956/714 900/968/624 
f 910/978/622 912/980/624 913/981/624 911/979/721 
f 911/979/721 913/981/624 900/968/624 901/969/716 
f 618/682/618 640/704/640 914/982/640 902/970/717 
f 640/704/640 638/702/638 915/983/638 914/982/640 
f 902/970/717 914/982/640 916/984/640 904/972/719 
f 914/982/640 915/983/638 917/985/638 916/984/640 
f 635/699/635 634/698/634 918/986/634 919/987/635 
f 919/987/635 918/986/634 920/988/634 921/989/635 
f 638/702/638 635/699/635 919/987/635 915/983/638 
f 915/983/638 919/987/635 921/989/635 917/985/638 
f 922/990/634 923/991/635 924/992/635 925/993/634 
f 923/991/635 926/994/638 927/995/638 924/992/635 
f 925/993/634 924/992/635 921/989/635 920/988/634 
f 924/992/635 927/995/638 917/985/638 921/989/635 
f 928/996/640 906/974/618 909/977/720 929/997/640 
f 929/997/640 909/977/720 904/972/719 916/984/640 
f 926/994/638 928/996/640 929/997/640 927/995/638 
f 927/995/638 929/997/640 916/984/640 917/985/638 
f 634/698/634 656/720/656 930/998/656 918/986/634 
f 656/720/656 654/718/654 931/999/654 930/998/656 
f 918/986/634 930/998/656 932/1000/656 920/988/634 
f 930/998/656 931/999/654 933/1001/654 932/1000/656 
f 651/715/651 650/714/650 934/1002/650 935/1003/651 
f 935/1003/651 934/1002/650 936/1004/650 937/1005/651 
f 654/718/654 651/715/651 935/1003/651 931/999/654 
f 931/999/654 935/1003/651 937/1005/651 933/1001/654 
f 938/1006/650 939/1007/651 940/1008/651 941/1009/650 
f 939/1007/651 942/1010/654 943/1011/654 940/1008/651 
f 941/1009/650 940/1008/651 937/1005/651 936/1004/650 
f 940/1008/651 943/1011/654 933/1001/654 937/1005/651 
f 944/1012/656 922/990/634 925/993/634 945/1013/656 
f 945/1013/656 925/993/634 920/988/634 932/1000/656 
f 942/1010/654 944/1012/656 945/1013/656 943/1011/654 
f 943/1011/654 945/1013/656 932/1000/656 933/1001/654 
f 650/714/650 672/736/672 946/1014/672 934/1002/650 
f 672/736/672 670/734/670 947/1015/670 946/1014/672 
f 934/1002/650 946/1014/672 948/1016/672 936/1004/650 
f 946/1014/672 947/1015/670 949/1017/670 948/1016/672 
f 667/731/667 666/730/666 950/1018/666 951/1019/667 
f 951/1019/667 950/1018/666 952/1020/666 953/1021/667 
f 670/734/670 667/731/667 951/1019/667 947/1015/670 
f 947/1015/670 951/1019/667 953/1021/667 949/1017/670 
f 954/1022/666 955/1023/667 956/1024/667 957/1025/722 
f 955/1023/667 958/1026/670 959/1027/670 956/1024/667 
f 957/1025/722 956/1024/667 953/1021/667 952/1020/666 
f 956/1024/667 959/1027/670 949/1017/670 953/1021/667 
f 960/1028/672 938/1006/650 941/1009/650 961/1029/672 
f 961/1029/672 941/1009/650 936/1004/650 948/1016/672 
f 958/1026/670 960/1028/672 961/1029/672 959/1027/670 
f 959/1027/670 961/1029/672 948/1016/672 949/1017/670 
f 666/730/666 684/748/684 962/1030/684 950/1018/666 
f 684/748/684 682/746/682 963/1031/682 962/1030/684 
f 950/1018/666 962/1030/684 964/1032/684 952/1020/666 
f 962/1030/684 963/1031/682 965/1033/682 964/1032/684 
f 680/744/680 415/475/415 687/751/415 966/1034/680 
f 966/1034/680 687/751/415 690/754/415 967/1035/680 
f 682/746/682 680/744/680 966/1034/680 963/1031/682 
f 963/1031/682 966/1034/680 967/1035/680 965/1033/682 
f 703/767/415 968/1036/680 969/1037/680 704/768/415 
f 968/1036/680 970/1038/682 971/1039/682 969/1037/680 
f 704/768/415 969/1037/680 967/1035/680 690/754/415 
f 969/1037/680 971/1039/682 965/1033/682 967/1035/680 
f 972/1040/684 954/1022/666 957/1025/722 973/1041/684 
f 973/1041/684 957/1025/722 952/1020/666 964/1032/684 
f 970/1038/682 972/1040/684 973/1041/684 971/1039/682 
f 971/1039/682 973/1041/684 964/1032/684 965/1033/682 
f 703/767/415 702/766/414 974/1042/723 975/1043/724 
f 702/766/414 700/764/412 976/1044/725 974/1042/723 
f 975/1043/724 974/1042/723 977/1045/726 978/1046/727 
f 974/1042/723 976/1044/725 979/1047/728 977/1045/726 
f 697/761/409 696/760/408 980/1048/729 981/1049/730 
f 981/1049/730 980/1048/729 982/1050/731 983/1051/732 
f 700/764/412 697/761/409 981/1049/730 976/1044/725 
f 976/1044/725 981/1049/730 983/1051/732 979/1047/728 
f 984/1052/733 985/1053/734 986/1054/735 987/1055/736 
f 985/1053/734 988/1056/737 989/1057/738 986/1054/735 
f 987/1055/736 986/1054/735 983/1051/732 982/1050/731 
f 986/1054/735 989/1057/738 979/1047/728 983/1051/732 
f 990/1058/739 991/1059/740 992/1060/741 993/1061/742 
f 993/1061/742 992/1060/741 978/1046/727 977/1045/726 
f 988/1056/737 990/1058/739 993/1061/742 989/1057/738 
f 989/1057/738 993/1061/742 977/1045/726 979/1047/728 
f 696/760/408 720/784/432 994/1062/743 980/1048/729 
f 720/784/432 718/782/430 995/1063/744 994/1062/743 
f 980/1048/729 994/1062/743 996/1064/745 982/1050/731 
f 994/1062/743 995/1063/744 997/1065/746 996/1064/745 
f 715/779/427 714/778/426 998/1066/747 999/1067/748 
f 999/1067/748 998/1066/747 1000/1068/749 1001/1069/750 
f 718/782/430 715/779/427 999/1067/748 995/1063/744 
f 995/1063/744 999/1067/748 1001/1069/750 997/1065/746 
f 1002/1070/751 1003/1071/752 1004/1072/753 1005/1073/754 
f 1003/1071/752 1006/1074/755 1007/1075/756 1004/1072/753 
f 1005/1073/754 1004/1072/753 1001/1069/750 1000/1068/749 
f 1004/1072/753 1007/1075/756 997/1065/746 1001/1069/750 
f 1008/1076/757 984/1052/733 987/1055/736 1009/1077/758 
f 1009/1077/758 987/1055/736 982/1050/731 996/1064/745 
f 1006/1074/755 1008/1076/757 1009/1077/758 1007/1075/756 
f 1007/1075/756 1009/1077/758 996/1064/745 997/1065/746 
f 714/778/426 736/800/448 1010/1078/759 998/1066/747 
f 736/800/448 734/798/446 1011/1079/760 1010/1078/759 
f 998/1066/747 1010/1078/759 1012/1080/761 1000/1068/749 
f 1010/1078/759 1011/1079/760 1013/1081/762 1012/1080/761 
f 731/795/443 730/794/442 1014/1082/763 1015/1083/764 
f 1015/1083/764 1014/1082/763 1016/1084/765 1017/1085/766 
f 734/798/446 731/795/443 1015/1083/764 1011/1079/760 
f 1011/1079/760 1015/1083/764 1017/1085/766 1013/1081/762 
f 1018/1086/767 1019/1087/768 1020/1088/769 1021/1089/770 
f 1019/1087/768 1022/1090/771 1023/1091/772 1020/1088/769 
f 1021/1089/770 1020/1088/769 1017/1085/766 1016/1084/765 
f 1020/1088/769 1023/1091/772 1013/1081/762 1017/1085/766 
f 1024/1092/773 1002/1070/751 1005/1073/754 1025/1093/774 
f 1025/1093/774 1005/1073/754 1000/1068/749 1012/1080/761 
f 1022/1090/771 1024/1092/773 1025/1093/774 1023/1091/772 
f 1023/1091/772 1025/1093/774 1012/1080/761 1013/1081/762 
f 730/794/442 752/816/464 1026/1094/775 1014/1082/763 
f 752/816/464 750/814/462 1027/1095/776 1026/1094/775 
f 1014/1082/763 1026/1094/775 1028/1096/777 1016/1084/765 
f 1026/1094/775 1027/1095/776 1029/1097/778 1028/1096/777 
f 747/811/459 746/810/458 1030/1098/779 1031/1099/780 
f 1031/1099/780 1030/1098/779 1032/1100/781 1033/1101/782 
f 750/814/462 747/811/459 1031/1099/780 1027/1095/776 
f 1027/1095/776 1031/1099/780 1033/1101/782 1029/1097/778 
f 1034/1102/783 1035/1103/784 1036/1104/785 1037/1105/786 
f 1035/1103/784 1038/1106/787 1039/1107/788 1036/1104/785 
f 1037/1105/786 1036/1104/785 1033/1101/782 1032/1100/781 
f 1036/1104/785 1039/1107/788 1029/1097/778 1033/1101/782 
f 1040/1108/789 1018/1086/767 1021/1089/770 1041/1109/790 
f 1041/1109/790 1021/1089/770 1016/1084/765 1028/1096/777 
f 1038/1106/787 1040/1108/789 1041/1109/790 1039/1107/788 
f 1039/1107/788 1041/1109/790 1028/1096/777 1029/1097/778 
f 746/835/458 768/834/480 1042/1110/791 1030/1111/779 
f 768/834/480 766/832/478 1043/1112/792 1042/1110/791 
f 1030/1111/779 1042/1110/791 1044/1113/793 1032/1114/781 
f 1042/1110/791 1043/1112/792 1045/1115/794 1044/1113/793 
f 763/829/475 762/828/474 1046/1116/795 1047/1117/796 
f 1047/1117/796 1046/1116/795 1048/1118/797 1049/1119/798 
f 766/832/478 763/829/475 1047/1117/796 1043/1112/792 
f 1043/1112/792 1047/1117/796 1049/1119/798 1045/1115/794 
f 1050/1120/799 1051/1121/800 1052/1122/801 1053/1123/802 
f 1051/1121/800 1054/1124/803 1055/1125/804 1052/1122/801 
f 1053/1123/802 1052/1122/801 1049/1119/798 1048/1118/797 
f 1052/1122/801 1055/1125/804 1045/1115/794 1049/1119/798 
f 1056/1126/805 1034/1127/783 1037/1128/786 1057/1129/806 
f 1057/1129/806 1037/1128/786 1032/1114/781 1044/1113/793 
f 1054/1124/803 1056/1126/805 1057/1129/806 1055/1125/804 
f 1055/1125/804 1057/1129/806 1044/1113/793 1045/1115/794 
f 762/828/474 784/852/496 1058/1130/807 1046/1116/795 
f 784/852/496 782/850/494 1059/1131/808 1058/1130/807 
f 1046/1116/795 1058/1130/807 1060/1132/809 1048/1118/797 
f 1058/1130/807 1059/1131/808 1061/1133/810 1060/1132/809 
f 779/847/491 778/846/490 1062/1134/811 1063/1135/812 
f 1063/1135/812 1062/1134/811 1064/1136/813 1065/1137/814 
f 782/850/494 779/847/491 1063/1135/812 1059/1131/808 
f 1059/1131/808 1063/1135/812 1065/1137/814 1061/1133/810 
f 1066/1138/815 1067/1139/816 1068/1140/817 1069/1141/818 
f 1067/1139/816 1070/1142/819 1071/1143/820 1068/1140/817 
f 1069/1141/818 1068/1140/817 1065/1137/814 1064/1136/813 
f 1068/1140/817 1071/1143/820 1061/1133/810 1065/1137/814 
f 1072/1144/821 1050/1120/799 1053/1123/802 1073/1145/822 
f 1073/1145/822 1053/1123/802 1048/1118/797 1060/1132/809 
f 1070/1142/819 1072/1144/821 1073/1145/822 1071/1143/820 
f 1071/1143/820 1073/1145/822 1060/1132/809 1061/1133/810 
f 778/846/490 800/868/512 1074/1146/823 1062/1134/811 
f 800/868/512 798/866/510 1075/1147/824 1074/1146/823 
f 1062/1134/811 1074/1146/823 1076/1148/825 1064/1136/813 
f 1074/1146/823 1075/1147/824 1077/1149/826 1076/1148/825 
f 795/863/507 794/862/506 1078/1150/827 1079/1151/828 
f 1079/1151/828 1078/1150/827 1080/1152/829 1081/1153/830 
f 798/866/510 795/863/507 1079/1151/828 1075/1147/824 
f 1075/1147/824 1079/1151/828 1081/1153/830 1077/1149/826 
f 1082/1154/831 1083/1155/832 1084/1156/833 1085/1157/834 
f 1083/1155/832 1086/1158/835 1087/1159/836 1084/1156/833 
f 1085/1157/834 1084/1156/833 1081/1153/830 1080/1152/829 
f 1084/1156/833 1087/1159/836 1077/1149/826 1081/1153/830 
f 1088/1160/837 1066/1138/815 1069/1141/818 1089/1161/838 
f 1089/1161/838 1069/1141/818 1064/1136/813 1076/1148/825 
f 1086/1158/835 1088/1160/837 1089/1161/838 1087/1159/836 
f 1087/1159/836 1089/1161/838 1076/1148/825 1077/1149/826 
f 794/862/506 816/884/528 1090/1162/839 1078/1150/827 
f 816/884/528 814/882/526 1091/1163/840 1090/1162/839 
f 1078/1150/827 1090/1162/839 1092/1164/841 1080/1152/829 
f 1090/1162/839 1091/1163/840 1093/1165/842 1092/1164/841 
f 811/879/523 810/878/522 1094/1166/843 1095/1167/844 
f 1095/1167/844 1094/1166/843 1096/1168/845 1097/1169/846 
f 814/882/526 811/879/523 1095/1167/844 1091/1163/840 
f 1091/1163/840 1095/1167/844 1097/1169/846 1093/1165/842 
f 1098/1170/847 1099/1171/848 1100/1172/849 1101/1173/850 
f 1099/1171/848 1102/1174/851 1103/1175/852 1100/1172/849 
f 1101/1173/850 1100/1172/849 1097/1169/846 1096/1168/845 
f 1100/1172/849 1103/1175/852 1093/1165/842 1097/1169/846 
f 1104/1176/853 1082/1154/831 1085/1157/834 1105/1177/854 
f 1105/1177/854 1085/1157/834 1080/1152/829 1092/1164/841 
f 1102/1174/851 1104/1176/853 1105/1177/854 1103/1175/852 
f 1103/1175/852 1105/1177/854 1092/1164/841 1093/1165/842 
f 810/878/522 832/900/544 1106/1178/855 1094/1166/843 
f 832/900/544 830/898/542 1107/1179/856 1106/1178/855 
f 1094/1166/843 1106/1178/855 1108/1180/857 1096/1168/845 
f 1106/1178/855 1107/1179/856 1109/1181/858 1108/1180/857 
f 827/895/539 826/894/538 1110/1182/859 1111/1183/860 
f 1111/1183/860 1110/1182/859 1112/1184/861 1113/1185/862 
f 830/898/542 827/895/539 1111/1183/860 1107/1179/856 
f 1107/1179/856 1111/1183/860 1113/1185/862 1109/1181/858 
f 1114/1186/863 1115/1187/864 1116/1188/865 1117/1189/866 
f 1115/1187/864 1118/1190/867 1119/1191/868 1116/1188/865 
f 1117/1189/866 1116/1188/865 1113/1185/862 1112/1184/861 
f 1116/1188/865 1119/1191/868 1109/1181/858 1113/1185/862 
f 1120/1192/869 1098/1170/847 1101/1173/850 1121/1193/870 
f 1121/1193/870 1101/1173/850 1096/1168/845 1108/1180/857 
f 1118/1190/867 1120/1192/869 1121/1193/870 1119/1191/868 
f 1119/1191/868 1121/1193/870 1108/1180/857 1109/1181/858 
f 826/894/538 848/916/560 1122/1194/871 1110/1182/859 
f 848/916/560 846/914/558 1123/1195/872 1122/1194/871 
f 1110/1182/859 1122/1194/871 1124/1196/873 1112/1184/861 
f 1122/1194/871 1123/1195/872 1125/1197/874 1124/1196/873 
f 843/911/555 842/910/554 1126/1198/875 1127/1199/876 
f 1127/1199/876 1126/1198/875 1128/1200/877 1129/1201/878 
f 846/914/558 843/911/555 1127/1199/876 1123/1195/872 
f 1123/1195/872 1127/1199/876 1129/1201/878 1125/1197/874 
f 1130/1202/879 1131/1203/880 1132/1204/881 1133/1205/882 
f 1131/1203/880 1134/1206/883 1135/1207/884 1132/1204/881 
f 1133/1205/882 1132/1204/881 1129/1201/878 1128/1200/877 
f 1132/1204/881 1135/1207/884 1125/1197/874 1129/1201/878 
f 1136/1208/885 1114/1186/863 1117/1189/866 1137/1209/886 
f 1137/1209/886 1117/1189/866 1112/1184/861 1124/1196/873 
f 1134/1206/883 1136/1208/885 1137/1209/886 1135/1207/884 
f 1135/1207/884 1137/1209/886 1124/1196/873 1125/1197/874 
f 842/910/554 864/932/576 1138/1210/887 1126/1198/875 
f 864/932/576 862/930/574 1139/1211/888 1138/1210/887 
f 1126/1198/875 1138/1210/887 1140/1212/889 1128/1200/877 
f 1138/1210/887 1139/1211/888 1141/1213/890 1140/1212/889 
f 859/927/571 858/926/570 1142/1214/891 1143/1215/892 
f 1143/1215/892 1142/1214/891 1144/1216/893 1145/1217/894 
f 862/930/574 859/927/571 1143/1215/892 1139/1211/888 
f 1139/1211/888 1143/1215/892 1145/1217/894 1141/1213/890 
f 1146/1218/895 1147/1219/896 1148/1220/897 1149/1221/898 
f 1147/1219/896 1150/1222/899 1151/1223/900 1148/1220/897 
f 1149/1221/898 1148/1220/897 1145/1217/894 1144/1216/893 
f 1148/1220/897 1151/1223/900 1141/1213/890 1145/1217/894 
f 1152/1224/901 1130/1202/879 1133/1205/882 1153/1225/902 
f 1153/1225/902 1133/1205/882 1128/1200/877 1140/1212/889 
f 1150/1222/899 1152/1224/901 1153/1225/902 1151/1223/900 
f 1151/1223/900 1153/1225/902 1140/1212/889 1141/1213/890 
f 858/926/570 880/948/592 1154/1226/903 1142/1214/891 
f 880/948/592 878/946/590 1155/1227/904 1154/1226/903 
f 1142/1214/891 1154/1226/903 1156/1228/905 1144/1216/893 
f 1154/1226/903 1155/1227/904 1157/1229/906 1156/1228/905 
f 875/943/587 874/942/586 1158/1230/907 1159/1231/908 
f 1159/1231/908 1158/1230/907 1160/1232/909 1161/1233/910 
f 878/946/590 875/943/587 1159/1231/908 1155/1227/904 
f 1155/1227/904 1159/1231/908 1161/1233/910 1157/1229/906 
f 1162/1234/911 1163/1235/912 1164/1236/913 1165/1237/914 
f 1163/1235/912 1166/1238/915 1167/1239/916 1164/1236/913 
f 1165/1237/914 1164/1236/913 1161/1233/910 1160/1232/909 
f 1164/1236/913 1167/1239/916 1157/1229/906 1161/1233/910 
f 1168/1240/917 1146/1218/895 1149/1221/898 1169/1241/918 
f 1169/1241/918 1149/1221/898 1144/1216/893 1156/1228/905 
f 1166/1238/915 1168/1240/917 1169/1241/918 1167/1239/916 
f 1167/1239/916 1169/1241/918 1156/1228/905 1157/1229/906 
f 874/942/586 896/964/608 1170/1242/919 1158/1230/907 
f 896/964/608 894/962/606 1171/1243/920 1170/1242/919 
f 1158/1230/907 1170/1242/919 1172/1244/921 1160/1232/909 
f 1170/1242/919 1171/1243/920 1173/1245/922 1172/1244/921 
f 891/959/603 890/958/602 1174/1246/923 1175/1247/924 
f 1175/1247/924 1174/1246/923 1176/1248/925 1177/1249/926 
f 894/962/606 891/959/603 1175/1247/924 1171/1243/920 
f 1171/1243/920 1175/1247/924 1177/1249/926 1173/1245/922 
f 1178/1250/927 1179/1251/928 1180/1252/929 1181/1253/930 
f 1179/1251/928 1182/1254/931 1183/1255/932 1180/1252/929 
f 1181/1253/930 1180/1252/929 1177/1249/926 1176/1248/925 
f 1180/1252/929 1183/1255/932 1173/1245/922 1177/1249/926 
f 1184/1256/933 1162/1234/911 1165/1237/914 1185/1257/934 
f 1185/1257/934 1165/1237/914 1160/1232/909 1172/1244/921 
f 1182/1254/931 1184/1256/933 1185/1257/934 1183/1255/932 
f 1183/1255/932 1185/1257/934 1172/1244/921 1173/1245/922 
f 890/958/602 912/980/624 1186/1258/935 1174/1246/923 
f 912/980/624 910/978/622 1187/1259/936 1186/1258/935 
f 1174/1246/923 1186/1258/935 1188/1260/937 1176/1248/925 
f 1186/1258/935 1187/1259/936 1189/1261/938 1188/1260/937 
f 907/975/619 906/974/618 1190/1262/939 1191/1263/940 
f 1191/1263/940 1190/1262/939 1192/1264/941 1193/1265/942 
f 910/978/622 907/975/619 1191/1263/940 1187/1259/936 
f 1187/1259/936 1191/1263/940 1193/1265/942 1189/1261/938 
f 1194/1266/943 1195/1267/944 1196/1268/945 1197/1269/946 
f 1195/1267/944 1198/1270/947 1199/1271/948 1196/1268/945 
f 1197/1269/946 1196/1268/945 1193/1265/942 1192/1264/941 
f 1196/1268/945 1199/1271/948 1189/1261/938 1193/1265/942 
f 1200/1272/949 1178/1250/927 1181/1253/930 1201/1273/950 
f 1201/1273/950 1181/1253/930 1176/1248/925 1188/1260/937 
f 1198/1270/947 1200/1272/949 1201/1273/950 1199/1271/948 
f 1199/1271/948 1201/1273/950 1188/1260/937 1189/1261/938 
f 906/974/618 928/996/640 1202/1274/951 1190/1262/939 
f 928/996/640 926/994/638 1203/1275/952 1202/1274/951 
f 1190/1262/939 1202/1274/951 1204/1276/953 1192/1264/941 
f 1202/1274/951 1203/1275/952 1205/1277/954 1204/1276/953 
f 923/991/635 922/990/634 1206/1278/955 1207/1279/956 
f 1207/1279/956 1206/1278/955 1208/1280/957 1209/1281/958 
f 926/994/638 923/991/635 1207/1279/956 1203/1275/952 
f 1203/1275/952 1207/1279/956 1209/1281/958 1205/1277/954 
f 1210/1282/959 1211/1283/960 1212/1284/961 1213/1285/962 
f 1211/1283/960 1214/1286/963 1215/1287/964 1212/1284/961 
f 1213/1285/962 1212/1284/961 1209/1281/958 1208/1280/957 
f 1212/1284/961 1215/1287/964 1205/1277/954 1209/1281/958 
f 1216/1288/965 1194/1266/943 1197/1269/946 1217/1289/966 
f 1217/1289/966 1197/1269/946 1192/1264/941 1204/1276/953 
f 1214/1286/963 1216/1288/965 1217/1289/966 1215/1287/964 
f 1215/1287/964 1217/1289/966 1204/1276/953 1205/1277/954 
f 922/990/634 944/1012/656 1218/1290/967 1206/1278/955 
f 944/1012/656 942/1010/654 1219/1291/968 1218/1290/967 
f 1206/1278/955 1218/1290/967 1220/1292/969 1208/1280/957 
f 1218/1290/967 1219/1291/968 1221/1293/970 1220/1292/969 
f 939/1007/651 938/1006/650 1222/1294/971 1223/1295/972 
f 1223/1295/972 1222/1294/971 1224/1296/973 1225/1297/974 
f 942/1010/654 939/1007/651 1223/1295/972 1219/1291/968 
f 1219/1291/968 1223/1295/972 1225/1297/974 1221/1293/970 
f 1226/1298/975 1227/1299/976 1228/1300/977 1229/1301/978 
f 1227/1299/976 1230/1302/979 1231/1303/980 1228/1300/977 
f 1229/1301/978 1228/1300/977 1225/1297/974 1224/1296/973 
f 1228/1300/977 1231/1303/980 1221/1293/970 1225/1297/974 
f 1232/1304/981 1210/1282/959 1213/1285/962 1233/1305/982 
f 1233/1305/982 1213/1285/962 1208/1280/957 1220/1292/969 
f 1230/1302/979 1232/1304/981 1233/1305/982 1231/1303/980 
f 1231/1303/980 1233/1305/982 1220/1292/969 1221/1293/970 
f 938/1006/650 960/1028/672 1234/1306/983 1222/1294/971 
f 960/1028/672 958/1026/670 1235/1307/984 1234/1306/983 
f 1222/1294/971 1234/1306/983 1236/1308/985 1224/1296/973 
f 1234/1306/983 1235/1307/984 1237/1309/986 1236/1308/985 
f 955/1023/667 954/1022/666 1238/1310/987 1239/1311/988 
f 1239/1311/988 1238/1310/987 1240/1312/989 1241/1313/990 
f 958/1026/670 955/1023/667 1239/1311/988 1235/1307/984 
f 1235/1307/984 1239/1311/988 1241/1313/990 1237/1309/986 
f 1242/1314/991 1243/1315/992 1244/1316/993 1245/1317/994 
f 1243/1315/992 1246/1318/995 1247/1319/996 1244/1316/993 
f 1245/1317/994 1244/1316/993 1241/1313/990 1240/1312/989 
f 1244/1316/993 1247/1319/996 1237/1309/986 1241/1313/990 
f 1248/1320/997 1226/1298/975 1229/1301/978 1249/1321/998 
f 1249/1321/998 1229/1301/978 1224/1296/973 1236/1308/985 
f 1246/1318/995 1248/1320/997 1249/1321/998 1247/1319/996 
f 1247/1319/996 1249/1321/998 1236/1308/985 1237/1309/986 
f 954/1022/666 972/1040/684 1250/1322/999 1238/1310/987 
f 972/1040/684 970/1038/682 1251/1323/1000 1250/1322/999 
f 1238/1310/987 1250/1322/999 1252/1324/1001 1240/1312/989 
f 1250/1322/999 1251/1323/1000 1253/1325/1002 1252/1324/1001 
f 968/1036/680 703/767/415 975/1043/724 1254/1326/1003 
f 1254/1326/1003 975/1043/724 978/1046/727 1255/1327/1004 
f 970/1038/682 968/1036/680 1254/1326/1003 1251/1323/1000 
f 1251/1323/1000 1254/1326/1003 1255/1327/1004 1253/1325/1002 
f 991/1059/740 1256/1328/1005 1257/1329/1006 992/1060/741 
f 1256/1328/1005 1258/1330/1007 1259/1331/1008 1257/1329/1006 
f 992/1060/741 1257/1329/1006 1255/1327/1004 978/1046/727 
f 1257/1329/1006 1259/1331/1008 1253/1325/1002 1255/1327/1004 
f 1260/1332/1009 1242/1314/991 1245/1317/994 1261/1333/1010 
f 1261/1333/1010 1245/1317/994 1240/1312/989 1252/1324/1001 
f 1258/1330/1007 1260/1332/1009 1261/1333/1010 1259/1331/1008 
f 1259/1331/1008 1261/1333/1010 1252/1324/1001 1253/1325/1002 
f 991/1059/740 990/1058/739 1262/1334/1011 1263/1335/1012 
f 990/1058/739 988/1056/737 1264/1336/1013 1262/1334/1011 
f 1263/1335/1012 1262/1334/1011 1265/1337/1014 1266/1338/1015 
f 1262/1334/1011 1264/1336/1013 1267/1339/1016 1265/1337/1014 
f 985/1053/734 984/1052/733 1268/1340/1017 1269/1341/1018 
f 1269/1341/1018 1268/1340/1017 1270/1342/1019 1271/1343/1020 
f 988/1056/737 985/1053/734 1269/1341/1018 1264/1336/1013 
f 1264/1336/1013 1269/1341/1018 1271/1343/1020 1267/1339/1016 
f 1272/1344/1021 1273/1345/1022 1274/1346/1023 1275/1347/1024 
f 1273/1345/1022 1276/1348/1025 1277/1349/1026 1274/1346/1023 
f 1275/1347/1024 1274/1346/1023 1271/1343/1020 1270/1342/1019 
f 1274/1346/1023 1277/1349/1026 1267/1339/1016 1271/1343/1020 
f 1278/1350/1027 1279/1351/1028 1280/1352/1029 1281/1353/1030 
f 1281/1353/1030 1280/1352/1029 1266/1338/1015 1265/1337/1014 
f 1276/1348/1025 1278/1350/1027 1281/1353/1030 1277/1349/1026 
f 1277/1349/1026 1281/1353/1030 1265/1337/1014 1267/1339/1016 
f 984/1052/733 1008/1076/757 1282/1354/1031 1268/1340/1017 
f 1008/1076/757 1006/1074/755 1283/1355/1032 1282/1354/1031 
f 1268/1340/1017 1282/1354/1031 1284/1356/1033 1270/1342/1019 
f 1282/1354/1031 1283/1355/1032 1285/1357/1034 1284/1356/1033 
f 1003/1071/752 1002/1070/751 1286/1358/1035 1287/1359/1036 
f 1287/1359/1036 1286/1358/1035 1288/1360/1037 1289/1361/1038 
f 1006/1074/755 1003/1071/752 1287/1359/1036 1283/1355/1032 
f 1283/1355/1032 1287/1359/1036 1289/1361/1038 1285/1357/1034 
f 1290/1362/1039 1291/1363/1040 1292/1364/1041 1293/1365/1042 
f 1291/1363/1040 1294/1366/1043 1295/1367/1044 1292/1364/1041 
f 1293/1365/1042 1292/1364/1041 1289/1361/1038 1288/1360/1037 
f 1292/1364/1041 1295/1367/1044 1285/1357/1034 1289/1361/1038 
f 1296/1368/1045 1272/1344/1021 1275/1347/1024 1297/1369/1046 
f 1297/1369/1046 1275/1347/1024 1270/1342/1019 1284/1356/1033 
f 1294/1366/1043 1296/1368/1045 1297/1369/1046 1295/1367/1044 
f 1295/1367/1044 1297/1369/1046 1284/1356/1033 1285/1357/1034 
f 1002/1070/751 1024/1092/773 1298/1370/1047 1286/1358/1035 
f 1024/1092/773 1022/1090/771 1299/1371/1048 1298/1370/1047 
f 1286/1358/1035 1298/1370/1047 1300/1372/1049 1288/1360/1037 
f 1298/1370/1047 1299/1371/1048 1301/1373/1050 1300/1372/1049 
f 1019/1087/768 1018/1086/767 1302/1374/1051 1303/1375/1052 
f 1303/1375/1052 1302/1374/1051 1304/1376/1053 1305/1377/1054 
f 1022/1090/771 1019/1087/768 1303/1375/1052 1299/1371/1048 
f 1299/1371/1048 1303/1375/1052 1305/1377/1054 1301/1373/1050 
f 1306/1378/1055 1307/1379/1056 1308/1380/1057 1309/1381/1058 
f 1307/1379/1056 1310/1382/1059 1311/1383/1060 1308/1380/1057 
f 1309/1381/1058 1308/1380/1057 1305/1377/1054 1304/1376/1053 
f 1308/1380/1057 1311/1383/1060 1301/1373/1050 1305/1377/1054 
f 1312/1384/1061 1290/1362/1039 1293/1365/1042 1313/1385/1062 
f 1313/1385/1062 1293/1365/1042 1288/1360/1037 1300/1372/1049 
f 1310/1382/1059 1312/1384/1061 1313/1385/1062 1311/1383/1060 
f 1311/1383/1060 1313/1385/1062 1300/1372/1049 1301/1373/1050 
f 1018/1086/767 1040/1108/789 1314/1386/1063 1302/1374/1051 
f 1040/1108/789 1038/1106/787 1315/1387/1064 1314/1386/1063 
f 1302/1374/1051 1314/1386/1063 1316/1388/1065 1304/1376/1053 
f 1314/1386/1063 1315/1387/1064 1317/1389/1066 1316/1388/1065 
f 1035/1103/784 1034/1102/783 1318/1390/1067 1319/1391/1068 
f 1319/1391/1068 1318/1390/1067 1320/1392/1069 1321/1393/1070 
f 1038/1106/787 1035/1103/784 1319/1391/1068 1315/1387/1064 
f 1315/1387/1064 1319/1391/1068 1321/1393/1070 1317/1389/1066 
f 1322/1394/1071 1323/1395/1072 1324/1396/1073 1325/1397/1074 
f 1323/1395/1072 1326/1398/1075 1327/1399/1076 1324/1396/1073 
f 1325/1397/1074 1324/1396/1073 1321/1393/1070 1320/1392/1069 
f 1324/1396/1073 1327/1399/1076 1317/1389/1066 1321/1393/1070 
f 1328/1400/1077 1306/1378/1055 1309/1381/1058 1329/1401/1078 
f 1329/1401/1078 1309/1381/1058 1304/1376/1053 1316/1388/1065 
f 1326/1398/1075 1328/1400/1077 1329/1401/1078 1327/1399/1076 
f 1327/1399/1076 1329/1401/1078 1316/1388/1065 1317/1389/1066 
f 1034/1127/783 1056/1126/805 1330/1402/1079 1318/1403/1067 
f 1056/1126/805 1054/1124/803 1331/1404/1080 1330/1402/1079 
f 1318/1403/1067 1330/1402/1079 1332/1405/1081 1320/1406/1069 
f 1330/1402/1079 1331/1404/1080 1333/1407/1082 1332/1405/1081 
f 1051/1121/800 1050/1120/799 1334/1408/1083 1335/1409/1084 
f 1335/1409/1084 1334/1408/1083 1336/1410/1085 1337/1411/1086 
f 1054/1124/803 1051/1121/800 1335/1409/1084 1331/1404/1080 
f 1331/1404/1080 1335/1409/1084 1337/1411/1086 1333/1407/1082 
f 1338/1412/1087 1339/1413/1088 1340/1414/1089 1341/1415/1090 
f 1339/1413/1088 1342/1416/1091 1343/1417/1092 1340/1414/1089 
f 1341/1415/1090 1340/1414/1089 1337/1411/1086 1336/1410/1085 
f 1340/1414/1089 1343/1417/1092 1333/1407/1082 1337/1411/1086 
f 1344/1418/1093 1322/1419/1071 1325/1420/1074 1345/1421/1094 
f 1345/1421/1094 1325/1420/1074 1320/1406/1069 1332/1405/1081 
f 1342/1416/1091 1344/1418/1093 1345/1421/1094 1343/1417/1092 
f 1343/1417/1092 1345/1421/1094 1332/1405/1081 1333/1407/1082 
f 1050/1120/799 1072/1144/821 1346/1422/1095 1334/1408/1083 
f 1072/1144/821 1070/1142/819 1347/1423/1096 1346/1422/1095 
f 1334/1408/1083 1346/1422/1095 1348/1424/1097 1336/1410/1085 
f 1346/1422/1095 1347/1423/1096 1349/1425/1098 1348/1424/1097 
f 1067/1139/816 1066/1138/815 1350/1426/1099 1351/1427/1100 
f 1351/1427/1100 1350/1426/1099 1352/1428/1101 1353/1429/1102 
f 1070/1142/819 1067/1139/816 1351/1427/1100 1347/1423/1096 
f 1347/1423/1096 1351/1427/1100 1353/1429/1102 1349/1425/1098 
f 1354/1430/1103 1355/1431/1104 1356/1432/1105 1357/1433/1106 
f 1355/1431/1104 1358/1434/1107 1359/1435/1108 1356/1432/1105 
f 1357/1433/1106 1356/1432/1105 1353/1429/1102 1352/1428/1101 
f 1356/1432/1105 1359/1435/1108 1349/1425/1098 1353/1429/1102 
f 1360/1436/1109 1338/1412/1087 1341/1415/1090 1361/1437/1110 
f 1361/1437/1110 1341/1415/1090 1336/1410/1085 1348/1424/1097 
f 1358/1434/1107 1360/1436/1109 1361/1437/1110 1359/1435/1108 
f 1359/1435/1108 1361/1437/1110 1348/1424/1097 1349/1425/1098 
f 1066/1138/815 1088/1160/837 1362/1438/1111 1350/1426/1099 
f 1088/1160/837 1086/1158/835 1363/1439/1112 1362/1438/1111 
f 1350/1426/1099 1362/1438/1111 1364/1440/1113 1352/1428/1101 
f 1362/1438/1111 1363/1439/1112 1365/1441/1114 1364/1440/1113 
f 1083/1155/832 1082/1154/831 1366/1442/1115 1367/1443/1116 
f 1367/1443/1116 1366/1442/1115 1368/1444/1117 1369/1445/1118 
f 1086/1158/835 1083/1155/832 1367/1443/1116 1363/1439/1112 
f 1363/1439/1112 1367/1443/1116 1369/1445/1118 1365/1441/1114 
f 1370/1446/1119 1371/1447/1120 1372/1448/1121 1373/1449/1122 
f 1371/1447/1120 1374/1450/1123 1375/1451/1124 1372/1448/1121 
f 1373/1449/1122 1372/1448/1121 1369/1445/1118 1368/1444/1117 
f 1372/1448/1121 1375/1451/1124 1365/1441/1114 1369/1445/1118 
f 1376/1452/1125 1354/1430/1103 1357/1433/1106 1377/1453/1126 
f 1377/1453/1126 1357/1433/1106 1352/1428/1101 1364/1440/1113 
f 1374/1450/1123 1376/1452/1125 1377/1453/1126 1375/1451/1124 
f 1375/1451/1124 1377/1453/1126 1364/1440/1113 1365/1441/1114 
f 1082/1154/831 1104/1176/853 1378/1454/1127 1366/1442/1115 
f 1104/1176/853 1102/1174/851 1379/1455/1128 1378/1454/1127 
f 1366/1442/1115 1378/1454/1127 1380/1456/1129 1368/1444/1117 
f 1378/1454/1127 1379/1455/1128 1381/1457/1130 1380/1456/1129 
f 1099/1171/848 1098/1170/847 1382/1458/1131 1383/1459/1132 
f 1383/1459/1132 1382/1458/1131 1384/1460/1133 1385/1461/1134 
f 1102/1174/851 1099/1171/848 1383/1459/1132 1379/1455/1128 
f 1379/1455/1128 1383/1459/1132 1385/1461/1134 1381/1457/1130 
f 1386/1462/1135 1387/1463/1136 1388/1464/1137 1389/1465/1138 
f 1387/1463/1136 1390/1466/1139 1391/1467/1140 1388/1464/1137 
f 1389/1465/1138 1388/1464/1137 1385/1461/1134 1384/1460/1133 
f 1388/1464/1137 1391/1467/1140 1381/1457/1130 1385/1461/1134 
f 1392/1468/1141 1370/1446/1119 1373/1449/1122 1393/1469/1142 
f 1393/1469/1142 1373/1449/1122 1368/1444/1117 1380/1456/1129 
f 1390/1466/1139 1392/1468/1141 1393/1469/1142 1391/1467/1140 
f 1391/1467/1140 1393/1469/1142 1380/1456/1129 1381/1457/1130 
f 1098/1170/847 1120/1192/869 1394/1470/1143 1382/1458/1131 
f 1120/1192/869 1118/1190/867 1395/1471/1144 1394/1470/1143 
f 1382/1458/1131 1394/1470/1143 1396/1472/1145 1384/1460/1133 
f 1394/1470/1143 1395/1471/1144 1397/1473/1146 1396/1472/1145 
f 1115/1187/864 1114/1186/863 1398/1474/1147 1399/1475/1148 
f 1399/1475/1148 1398/1474/1147 1400/1476/1149 1401/1477/1150 
f 1118/1190/867 1115/1187/864 1399/1475/1148 1395/1471/1144 
f 1395/1471/1144 1399/1475/1148 1401/1477/1150 1397/1473/1146 
f 1402/1478/1151 1403/1479/1152 1404/1480/1153 1405/1481/1154 
f 1403/1479/1152 1406/1482/1155 1407/1483/1156 1404/1480/1153 
f 1405/1481/1154 1404/1480/1153 1401/1477/1150 1400/1476/1149 
f 1404/1480/1153 1407/1483/1156 1397/1473/1146 1401/1477/1150 
f 1408/1484/1157 1386/1462/1135 1389/1465/1138 1409/1485/1158 
f 1409/1485/1158 1389/1465/1138 1384/1460/1133 1396/1472/1145 
f 1406/1482/1155 1408/1484/1157 1409/1485/1158 1407/1483/1156 
f 1407/1483/1156 1409/1485/1158 1396/1472/1145 1397/1473/1146 
f 1114/1186/863 1136/1208/885 1410/1486/1159 1398/1474/1147 
f 1136/1208/885 1134/1206/883 1411/1487/1160 1410/1486/1159 
f 1398/1474/1147 1410/1486/1159 1412/1488/1161 1400/1476/1149 
f 1410/1486/1159 1411/1487/1160 1413/1489/1162 1412/1488/1161 
f 1131/1203/880 1130/1202/879 1414/1490/1163 1415/1491/1164 
f 1415/1491/1164 1414/1490/1163 1416/1492/1165 1417/1493/1166 
f 1134/1206/883 1131/1203/880 1415/1491/1164 1411/1487/1160 
f 1411/1487/1160 1415/1491/1164 1417/1493/1166 1413/1489/1162 
f 1418/1494/1167 1419/1495/1168 1420/1496/1169 1421/1497/1170 
f 1419/1495/1168 1422/1498/1171 1423/1499/1172 1420/1496/1169 
f 1421/1497/1170 1420/1496/1169 1417/1493/1166 1416/1492/1165 
f 1420/1496/1169 1423/1499/1172 1413/1489/1162 1417/1493/1166 
f 1424/1500/1173 1402/1478/1151 1405/1481/1154 1425/1501/1174 
f 1425/1501/1174 1405/1481/1154 1400/1476/1149 1412/1488/1161 
f 1422/1498/1171 1424/1500/1173 1425/1501/1174 1423/1499/1172 
f 1423/1499/1172 1425/1501/1174 1412/1488/1161 1413/1489/1162 
f 1130/1202/879 1152/1224/901 1426/1502/1175 1414/1490/1163 
f 1152/1224/901 1150/1222/899 1427/1503/1176 1426/1502/1175 
f 1414/1490/1163 1426/1502/1175 1428/1504/1177 1416/1492/1165 
f 1426/1502/1175 1427/1503/1176 1429/1505/1178 1428/1504/1177 
f 1147/1219/896 1146/1218/895 1430/1506/1179 1431/1507/1180 
f 1431/1507/1180 1430/1506/1179 1432/1508/1181 1433/1509/1182 
f 1150/1222/899 1147/1219/896 1431/1507/1180 1427/1503/1176 
f 1427/1503/1176 1431/1507/1180 1433/1509/1182 1429/1505/1178 
f 1434/1510/1183 1435/1511/1184 1436/1512/1185 1437/1513/1186 
f 1435/1511/1184 1438/1514/1187 1439/1515/1188 1436/1512/1185 
f 1437/1513/1186 1436/1512/1185 1433/1509/1182 1432/1508/1181 
f 1436/1512/1185 1439/1515/1188 1429/1505/1178 1433/1509/1182 
f 1440/1516/1189 1418/1494/1167 1421/1497/1170 1441/1517/1190 
f 1441/1517/1190 1421/1497/1170 1416/1492/1165 1428/1504/1177 
f 1438/1514/1187 1440/1516/1189 1441/1517/1190 1439/1515/1188 
f 1439/1515/1188 1441/1517/1190 1428/1504/1177 1429/1505/1178 
f 1146/1218/895 1168/1240/917 1442/1518/1191 1430/1506/1179 
f 1168/1240/917 1166/1238/915 1443/1519/1192 1442/1518/1191 
f 1430/1506/1179 1442/1518/1191 1444/1520/1193 1432/1508/1181 
f 1442/1518/1191 1443/1519/1192 1445/1521/1194 1444/1520/1193 
f 1163/1235/912 1162/1234/911 1446/1522/1195 1447/1523/1196 
f 1447/1523/1196 1446/1522/1195 1448/1524/1197 1449/1525/1198 
f 1166/1238/915 1163/1235/912 1447/1523/1196 1443/1519/1192 
f 1443/1519/1192 1447/1523/1196 1449/1525/1198 1445/1521/1194 
f 1450/1526/1199 1451/1527/1200 1452/1528/1201 1453/1529/1202 
f 1451/1527/1200 1454/1530/1203 1455/1531/1204 1452/1528/1201 
f 1453/1529/1202 1452/1528/1201 1449/1525/1198 1448/1524/1197 
f 1452/1528/1201 1455/1531/1204 1445/1521/1194 1449/1525/1198 
f 1456/1532/1205 1434/1510/1183 1437/1513/1186 1457/1533/1206 
f 1457/1533/1206 1437/1513/1186 1432/1508/1181 1444/1520/1193 
f 1454/1530/1203 1456/1532/1205 1457/1533/1206 1455/1531/1204 
f 1455/1531/1204 1457/1533/1206 1444/1520/1193 1445/1521/1194 
f 1162/1234/911 1184/1256/933 1458/1534/1207 1446/1522/1195 
f 1184/1256/933 1182/1254/931 1459/1535/1208 1458/1534/1207 
f 1446/1522/1195 1458/1534/1207 1460/1536/1209 1448/1524/1197 
f 1458/1534/1207 1459/1535/1208 1461/1537/1210 1460/1536/1209 
f 1179/1251/928 1178/1250/927 1462/1538/1211 1463/1539/1212 
f 1463/1539/1212 1462/1538/1211 1464/1540/1213 1465/1541/1214 
f 1182/1254/931 1179/1251/928 1463/1539/1212 1459/1535/1208 
f 1459/1535/1208 1463/1539/1212 1465/1541/1214 1461/1537/1210 
f 1466/1542/1215 1467/1543/1216 1468/1544/1217 1469/1545/1218 
f 1467/1543/1216 1470/1546/1219 1471/1547/1220 1468/1544/1217 
f 1469/1545/1218 1468/1544/1217 1465/1541/1214 1464/1540/1213 
f 1468/1544/1217 1471/1547/1220 1461/1537/1210 1465/1541/1214 
f 1472/1548/1221 1450/1526/1199 1453/1529/1202 1473/1549/1222 
f 1473/1549/1222 1453/1529/1202 1448/1524/1197 1460/1536/1209 
f 1470/1546/1219 1472/1548/1221 1473/1549/1222 1471/1547/1220 
f 1471/1547/1220 1473/1549/1222 1460/1536/1209 1461/1537/1210 
f 1178/1250/927 1200/1272/949 1474/1550/1223 1462/1538/1211 
f 1200/1272/949 1198/1270/947 1475/1551/1224 1474/1550/1223 
f 1462/1538/1211 1474/1550/1223 1476/1552/1225 1464/1540/1213 
f 1474/1550/1223 1475/1551/1224 1477/1553/1226 1476/1552/1225 
f 1195/1267/944 1194/1266/943 1478/1554/1227 1479/1555/1228 
f 1479/1555/1228 1478/1554/1227 1480/1556/1229 1481/1557/1230 
f 1198/1270/947 1195/1267/944 1479/1555/1228 1475/1551/1224 
f 1475/1551/1224 1479/1555/1228 1481/1557/1230 1477/1553/1226 
f 1482/1558/1231 1483/1559/1232 1484/1560/1233 1485/1561/1234 
f 1483/1559/1232 1486/1562/1235 1487/1563/1236 1484/1560/1233 
f 1485/1561/1234 1484/1560/1233 1481/1557/1230 1480/1556/1229 
f 1484/1560/1233 1487/1563/1236 1477/1553/1226 1481/1557/1230 
f 1488/1564/1237 1466/1542/1215 1469/1545/1218 1489/1565/1238 
f 1489/1565/1238 1469/1545/1218 1464/1540/1213 1476/1552/1225 
f 1486/1562/1235 1488/1564/1237 1489/1565/1238 1487/1563/1236 
f 1487/1563/1236 1489/1565/1238 1476/1552/1225 1477/1553/1226 
f 1194/1266/943 1216/1288/965 1490/1566/1239 1478/1554/1227 
f 1216/1288/965 1214/1286/963 1491/1567/1240 1490/1566/1239 
f 1478/1554/1227 1490/1566/1239 1492/1568/1241 1480/1556/1229 
f 1490/1566/1239 1491/1567/1240 1493/1569/1242 1492/1568/1241 
f 1211/1283/960 1210/1282/959 1494/1570/1243 1495/1571/1244 
f 1495/1571/1244 1494/1570/1243 1496/1572/1245 1497/1573/1246 
f 1214/1286/963 1211/1283/960 1495/1571/1244 1491/1567/1240 
f 1491/1567/1240 1495/1571/1244 1497/1573/1246 1493/1569/1242 
f 1498/1574/1247 1499/1575/1248 1500/1576/1249 1501/1577/1250 
f 1499/1575/1248 1502/1578/1251 1503/1579/1252 1500/1576/1249 
f 1501/1577/1250 1500/1576/1249 1497/1573/1246 1496/1572/1245 
f 1500/1576/1249 1503/1579/1252 1493/1569/1242 1497/1573/1246 
f 1504/1580/1253 1482/1558/1231 1485/1561/1234 1505/1581/1254 
f 1505/1581/1254 1485/1561/1234 1480/1556/1229 1492/1568/1241 
f 1502/1578/1251 1504/1580/1253 1505/1581/1254 1503/1579/1252 
f 1503/1579/1252 1505/1581/1254 1492/1568/1241 1493/1569/1242 
f 1210/1282/959 1232/1304/981 1506/1582/1255 1494/1570/1243 
f 1232/1304/981 1230/1302/979 1507/1583/1256 1506/1582/1255 
f 1494/1570/1243 1506/1582/1255 1508/1584/1257 1496/1572/1245 
f 1506/1582/1255 1507/1583/1256 1509/1585/1258 1508/1584/1257 
f 1227/1299/976 1226/1298/975 1510/1586/1259 1511/1587/1260 
f 1511/1587/1260 1510/1586/1259 1512/1588/1261 1513/1589/1262 
f 1230/1302/979 1227/1299/976 1511/1587/1260 1507/1583/1256 
f 1507/1583/1256 1511/1587/1260 1513/1589/1262 1509/1585/1258 
f 1514/1590/1263 1515/1591/1264 1516/1592/1265 1517/1593/1266 
f 1515/1591/1264 1518/1594/1267 1519/1595/1268 1516/1592/1265 
f 1517/1593/1266 1516/1592/1265 1513/1589/1262 1512/1588/1261 
f 1516/1592/1265 1519/1595/1268 1509/1585/1258 1513/1589/1262 
f 1520/1596/1269 1498/1574/1247 1501/1577/1250 1521/1597/1270 
f 1521/1597/1270 1501/1577/1250 1496/1572/1245 1508/1584/1257 
f 1518/1594/1267 1520/1596/1269 1521/1597/1270 1519/1595/1268 
f 1519/1595/1268 1521/1597/1270 1508/1584/1257 1509/1585/1258 
f 1226/1298/975 1248/1320/997 1522/1598/1271 1510/1586/1259 
f 1248/1320/997 1246/1318/995 1523/1599/1272 1522/1598/1271 
f 1510/1586/1259 1522/1598/1271 1524/1600/1273 1512/1588/1261 
f 1522/1598/1271 1523/1599/1272 1525/1601/1274 1524/1600/1273 
f 1243/1315/992 1242/1314/991 1526/1602/1275 1527/1603/1276 
f 1527/1603/1276 1526/1602/1275 1528/1604/1277 1529/1605/1278 
f 1246/1318/995 1243/1315/992 1527/1603/1276 1523/1599/1272 
f 1523/1599/1272 1527/1603/1276 1529/1605/1278 1525/1601/1274 
f 1530/1606/1279 1531/1607/1280 1532/1608/1281 1533/1609/1282 
f 1531/1607/1280 1534/1610/1283 1535/1611/1284 1532/1608/1281 
f 1533/1609/1282 1532/1608/1281 1529/1605/1278 1528/1604/1277 
f 1532/1608/1281 1535/1611/1284 1525/1601/1274 1529/1605/1278 
f 1536/1612/1285 1514/1590/1263 1517/1593/1266 1537/1613/1286 
f 1537/1613/1286 1517/1593/1266 1512/1588/1261 1524/1600/1273 
f 1534/1610/1283 1536/1612/1285 1537/1613/1286 1535/1611/1284 
f 1535/1611/1284 1537/1613/1286 1524/1600/1273 1525/1601/1274 
f 1242/1314/991 1260/1332/1009 1538/1614/1287 1526/1602/1275 
f 1260/1332/1009 1258/1330/1007 1539/1615/1288 1538/1614/1287 
f 1526/1602/1275 1538/1614/1287 1540/1616/1289 1528/1604/1277 
f 1538/1614/1287 1539/1615/1288 1541/1617/1290 1540/1616/1289 
f 1256/1328/1005 991/1059/740 1263/1335/1012 1542/1618/1291 
f 1542/1618/1291 1263/1335/1012 1266/1338/1015 1543/1619/1292 
f 1258/1330/1007 1256/1328/1005 1542/1618/1291 1539/1615/1288 
f 1539/1615/1288 1542/1618/1291 1543/1619/1292 1541/1617/1290 
f 1279/1351/1028 1544/1620/1293 1545/1621/1294 1280/1352/1029 
f 1544/1620/1293 1546/1622/1295 1547/1623/1296 1545/1621/1294 
f 1280/1352/1029 1545/1621/1294 1543/1619/1292 1266/1338/1015 
f 1545/1621/1294 1547/1623/1296 1541/1617/1290 1543/1619/1292 
f 1548/1624/1297 1530/1606/1279 1533/1609/1282 1549/1625/1298 
f 1549/1625/1298 1533/1609/1282 1528/1604/1277 1540/1616/1289 
f 1546/1622/1295 1548/1624/1297 1549/1625/1298 1547/1623/1296 
f 1547/1623/1296 1549/1625/1298 1540/1616/1289 1541/1617/1290 
f 1482/1626/1231 1504/1627/1253 1550/1628/1299 1483/1629/1232 
f 1504/1627/1253 1502/1630/1251 1551/1631/1300 1550/1628/1299 
f 1483/1629/1232 1550/1628/1299 1552/1632/1301 1486/1633/1235 
f 1550/1628/1299 1551/1631/1300 1553/1634/1302 1552/1632/1301 
f 1499/1635/1248 1498/1636/1247 1520/1637/1269 1554/1638/1303 
f 1554/1638/1303 1520/1637/1269 1518/1639/1267 1555/1640/1304 
f 1502/1630/1251 1499/1635/1248 1554/1638/1303 1551/1631/1300 
f 1551/1631/1300 1554/1638/1303 1555/1640/1304 1553/1634/1302 
f 1514/1641/1263 1536/1642/1285 1556/1643/1305 1515/1644/1264 
f 1536/1642/1285 1534/1645/1283 1557/1646/1306 1556/1643/1305 
f 1515/1644/1264 1556/1643/1305 1555/1640/1304 1518/1639/1267 
f 1556/1643/1305 1557/1646/1306 1553/1634/1302 1555/1640/1304 
f 1531/1647/1280 1530/1606/1279 1548/1624/1297 1558/1648/1307 
f 1558/1648/1307 1548/1624/1297 1546/1622/1295 1559/1649/1308 
f 1534/1645/1283 1531/1647/1280 1558/1648/1307 1557/1646/1306 
f 1557/1646/1306 1558/1648/1307 1559/1649/1308 1553/1634/1302 
f 1279/1351/1028 1278/1350/1027 1560/1650/1309 1544/1620/1293 
f 1278/1350/1027 1276/1348/1025 1561/1651/1310 1560/1650/1309 
f 1544/1620/1293 1560/1650/1309 1559/1649/1308 1546/1622/1295 
f 1560/1650/1309 1561/1651/1310 1553/1634/1302 1559/1649/1308 
f 1273/1345/1022 1272/1344/1021 1296/1368/1045 1562/1652/1311 
f 1562/1652/1311 1296/1368/1045 1294/1366/1043 1563/1653/1312 
f 1276/1348/1025 1273/1345/1022 1562/1652/1311 1561/1651/1310 
f 1561/1651/1310 1562/1652/1311 1563/1653/1312 1553/1634/1302 
f 1290/1362/1039 1312/1384/1061 1564/1654/1313 1291/1363/1040 
f 1312/1384/1061 1310/1382/1059 1565/1655/1314 1564/1654/1313 
f 1291/1363/1040 1564/1654/1313 1563/1653/1312 1294/1366/1043 
f 1564/1654/1313 1565/1655/1314 1553/1634/1302 1563/1653/1312 
f 1307/1379/1056 1306/1378/1055 1328/1400/1077 1566/1656/1315 
f 1566/1656/1315 1328/1400/1077 1326/1398/1075 1567/1657/1316 
f 1310/1382/1059 1307/1379/1056 1566/1656/1315 1565/1655/1314 
f 1565/1655/1314 1566/1656/1315 1567/1657/1316 1553/1634/1302 
f 1322/1394/1071 1344/1658/1093 1568/1659/1317 1323/1395/1072 
f 1344/1658/1093 1342/1660/1091 1569/1661/1318 1568/1659/1317 
f 1323/1395/1072 1568/1659/1317 1567/1657/1316 1326/1398/1075 
f 1568/1659/1317 1569/1661/1318 1553/1634/1302 1567/1657/1316 
f 1339/1662/1088 1338/1663/1087 1360/1664/1109 1570/1665/1319 
f 1570/1665/1319 1360/1664/1109 1358/1666/1107 1571/1667/1320 
f 1342/1660/1091 1339/1662/1088 1570/1665/1319 1569/1661/1318 
f 1569/1661/1318 1570/1665/1319 1571/1667/1320 1553/1634/1302 
f 1354/1668/1103 1376/1669/1125 1572/1670/1321 1355/1671/1104 
f 1376/1669/1125 1374/1672/1123 1573/1673/1322 1572/1670/1321 
f 1355/1671/1104 1572/1670/1321 1571/1667/1320 1358/1666/1107 
f 1572/1670/1321 1573/1673/1322 1553/1634/1302 1571/1667/1320 
f 1371/1674/1120 1370/1675/1119 1392/1676/1141 1574/1677/1323 
f 1574/1677/1323 1392/1676/1141 1390/1678/1139 1575/1679/1324 
f 1374/1672/1123 1371/1674/1120 1574/1677/1323 1573/1673/1322 
f 1573/1673/1322 1574/1677/1323 1575/1679/1324 1553/1634/1302 
f 1386/1680/1135 1408/1681/1157 1576/1682/1325 1387/1683/1136 
f 1408/1681/1157 1406/1684/1155 1577/1685/1326 1576/1682/1325 
f 1387/1683/1136 1576/1682/1325 1575/1679/1324 1390/1678/1139 
f 1576/1682/1325 1577/1685/1326 1553/1634/1302 1575/1679/1324 
f 1403/1686/1152 1402/1687/1151 1424/1688/1173 1578/1689/1327 
f 1578/1689/1327 1424/1688/1173 1422/1690/1171 1579/1691/1328 
f 1406/1684/1155 1403/1686/1152 1578/1689/1327 1577/1685/1326 
f 1577/1685/1326 1578/1689/1327 1579/1691/1328 1553/1634/1302 
f 1418/1692/1167 1440/1693/1189 1580/1694/1329 1419/1695/1168 
f 1440/1693/1189 1438/1696/1187 1581/1697/1330 1580/1694/1329 
f 1419/1695/1168 1580/1694/1329 1579/1691/1328 1422/1690/1171 
f 1580/1694/1329 1581/1697/1330 1553/1634/1302 1579/1691/1328 
f 1435/1698/1184 1434/1699/1183 1456/1700/1205 1582/1701/1331 
f 1582/1701/1331 1456/1700/1205 1454/1702/1203 1583/1703/1332 
f 1438/1696/1187 1435/1698/1184 1582/1701/1331 1581/1697/1330 
f 1581/1697/1330 1582/1701/1331 1583/1703/1332 1553/1634/1302 
f 1450/1704/1199 1472/1705/1221 1584/1706/1333 1451/1707/1200 
f 1472/1705/1221 1470/1708/1219 1585/1709/1334 1584/1706/1333 
f 1451/1707/1200 1584/1706/1333 1583/1703/1332 1454/1702/1203 
f 1584/1706/1333 1585/1709/1334 1553/1634/1302 1583/1703/1332 
f 1467/1710/1216 1466/1711/1215 1488/1712/1237 1586/1713/1335 
f 1586/1713/1335 1488/1712/1237 1486/1633/1235 1552/1632/1301 
f 1470/1708/1219 1467/1710/1216 1586/1713/1335 1585/1709/1334 
f 1585/1709/1334 1586/1713/1335 1552/1632/1301 1553/1634/1302 
f 1587/16/1336 1588/19/1337 1589/18/1338 1590/17/1339 
f 1588/19/1337 1591/14/1340 1592/15/1341 1589/18/1338 
f 1590/17/1339 1589/18/1338 1593/21/1342 1594/20/1343 
f 1589/18/1338 1592/15/1341 1595/9/1344 1593/21/1342 
f 1596/12/1345 1597/11/1346 1598/10/1347 1599/13/1348 
f 1599/13/1348 1598/10/1347 1600/5/1349 1601/6/1350 
f 1591/14/1340 1596/12/1345 1599/13/1348 1592/15/1341 
f 1592/15/1341 1599/13/1348 1601/6/1350 1595/9/1344 
f 1602/1/1351 1603/4/1352 1604/3/1353 1605/2/1354 
f 1603/4/1352 1606/8/1355 1607/7/1356 1604/3/1353 
f 1605/2/1354 1604/3/1353 1601/6/1350 1600/5/1349 
f 1604/3/1353 1607/7/1356 1595/9/1344 1601/6/1350 
f 1608/108/1357 1609/107/1358 1610/106/1359 1611/109/1360 
f 1611/109/1360 1610/106/1359 1612/104/1361 1613/105/1362 
f 1606/8/1355 1608/108/1357 1611/109/1360 1607/7/1356 
f 1607/7/1356 1611/109/1360 1613/105/1362 1595/9/1344 
f 1614/100/1363 1615/103/1364 1616/102/1365 1617/101/1366 
f 1615/103/1364 1618/98/1367 1619/99/1368 1616/102/1365 
f 1617/101/1366 1616/102/1365 1613/105/1362 1612/104/1361 
f 1616/102/1365 1619/99/1368 1595/9/1344 1613/105/1362 
f 1620/96/1369 1621/95/1370 1622/94/1371 1623/97/1372 
f 1623/97/1372 1622/94/1371 1624/92/1373 1625/93/1374 
f 1618/98/1367 1620/96/1369 1623/97/1372 1619/99/1368 
f 1619/99/1368 1623/97/1372 1625/93/1374 1595/9/1344 
f 1626/88/1375 1627/91/1376 1628/90/1377 1629/89/1378 
f 1627/91/1376 1630/86/1379 1631/87/1380 1628/90/1377 
f 1629/89/1378 1628/90/1377 1625/93/1374 1624/92/1373 
f 1628/90/1377 1631/87/1380 1595/9/1344 1625/93/1374 
f 1632/84/1381 1633/83/1382 1634/82/1383 1635/85/1384 
f 1635/85/1384 1634/82/1383 1636/80/1385 1637/81/1386 
f 1630/86/1379 1632/84/1381 1635/85/1384 1631/87/1380 
f 1631/87/1380 1635/85/1384 1637/81/1386 1595/9/1344 
f 1638/76/1387 1639/79/1388 1640/78/1389 1641/77/1390 
f 1639/79/1388 1642/74/1391 1643/75/1392 1640/78/1389 
f 1641/77/1390 1640/78/1389 1637/81/1386 1636/80/1385 
f 1640/78/1389 1643/75/1392 1595/9/1344 1637/81/1386 
f 1644/72/1393 1645/71/1394 1646/70/1395 1647/73/1396 
f 1647/73/1396 1646/70/1395 1648/68/1397 1649/69/1398 
f 1642/74/1391 1644/72/1393 1647/73/1396 1643/75/1392 
f 1643/75/1392 1647/73/1396 1649/69/1398 1595/9/1344 
f 1650/64/1399 1651/67/1400 1652/66/1401 1653/65/1402 
f 1651/67/1400 1654/62/1403 1655/63/1404 1652/66/1401 
f 1653/65/1402 1652/66/1401 1649/69/1398 1648/68/1397 
f 1652/66/1401 1655/63/1404 1595/9/1344 1649/69/1398 
f 1656/60/1405 1657/59/1406 1658/58/1407 1659/61/1408 
f 1659/61/1408 1658/58/1407 1660/56/1409 1661/57/1410 
f 1654/62/1403 1656/60/1405 1659/61/1408 1655/63/1404 
f 1655/63/1404 1659/61/1408 1661/57/1410 1595/9/1344 
f 1662/52/1411 1663/55/1412 1664/54/1413 1665/53/1414 
f 1663/55/1412 1666/50/1415 1667/51/1416 1664/54/1413 
f 1665/53/1414 1664/54/1413 1661/57/1410 1660/56/1409 
f 1664/54/1413 1667/51/1416 1595/9/1344 1661/57/1410 
f 1668/48/1417 1669/47/1418 1670/46/1419 1671/49/1420 
f 1671/49/1420 1670/46/1419 1672/44/1421 1673/45/1422 
f 1666/50/1415 1668/48/1417 1671/49/1420 1667/51/1416 
f 1667/51/1416 1671/49/1420 1673/45/1422 1595/9/1344 
f 1674/40/1423 1675/43/1424 1676/42/1425 1677/41/1426 
f 1675/43/1424 1678/38/1427 1679/39/1428 1676/42/1425 
f 1677/41/1426 1676/42/1425 1673/45/1422 1672/44/1421 
f 1676/42/1425 1679/39/1428 1595/9/1344 1673/45/1422 
f 1680/36/1429 1681/35/1430 1682/34/1431 1683/37/1432 
f 1683/37/1432 1682/34/1431 1684/32/1433 1685/33/1434 
f 1678/38/1427 1680/36/1429 1683/37/1432 1679/39/1428 
f 1679/39/1428 1683/37/1432 1685/33/1434 1595/9/1344 
f 1686/28/1435 1687/31/1436 1688/30/1437 1689/29/1438 
f 1687/31/1436 1690/26/1439 1691/27/1440 1688/30/1437 
f 1689/29/1438 1688/30/1437 1685/33/1434 1684/32/1433 
f 1688/30/1437 1691/27/1440 1595/9/1344 1685/33/1434 
f 1692/24/1441 1693/23/1442 1694/22/1443 1695/25/1444 
f 1695/25/1444 1694/22/1443 1594/20/1343 1593/21/1342 
f 1690/26/1439 1692/24/1441 1695/25/1444 1691/27/1440 
f 1691/27/1440 1695/25/1444 1593/21/1342 1595/9/1344 
f 1696/120/554 1697/123/1445 1698/122/1446 1699/121/555 
f 1697/123/1445 1700/118/1447 1701/119/1448 1698/122/1446 
f 1699/121/555 1698/122/1446 1702/125/1449 1703/124/708 
f 1698/122/1446 1701/119/1448 1704/115/1450 1702/125/1449 
f 1705/116/1451 1597/11/1346 1596/12/1345 1706/117/1452 
f 1706/117/1452 1596/12/1345 1591/14/1340 1707/112/1453 
f 1700/118/1447 1705/116/1451 1706/117/1452 1701/119/1448 
f 1701/119/1448 1706/117/1452 1707/112/1453 1704/115/1450 
f 1587/16/1336 1708/111/1454 1709/110/1455 1588/19/1337 
f 1708/111/1454 1710/114/1456 1711/113/1457 1709/110/1455 
f 1588/19/1337 1709/110/1455 1707/112/1453 1591/14/1340 
f 1709/110/1455 1711/113/1457 1704/115/1450 1707/112/1453 
f 1712/128/1458 1713/127/706 1714/126/560 1715/129/1459 
f 1715/129/1459 1714/126/560 1703/124/708 1702/125/1449 
f 1710/114/1456 1712/128/1458 1715/129/1459 1711/113/1457 
f 1711/113/1457 1715/129/1459 1702/125/1449 1704/115/1450 
f 1716/138/570 1717/141/1460 1718/140/1461 1719/139/571 
f 1717/141/1460 1720/136/1462 1721/137/1463 1718/140/1461 
f 1719/139/571 1718/140/1461 1722/143/1464 1723/142/574 
f 1718/140/1461 1721/137/1463 1724/133/1465 1722/143/1464 
f 1725/134/1466 1602/1/1351 1605/2/1354 1726/135/1467 
f 1726/135/1467 1605/2/1354 1600/5/1349 1727/131/1468 
f 1720/136/1462 1725/134/1466 1726/135/1467 1721/137/1463 
f 1721/137/1463 1726/135/1467 1727/131/1468 1724/133/1465 
f 1597/11/1346 1705/116/1451 1728/130/1469 1598/10/1347 
f 1705/116/1451 1700/118/1447 1729/132/1470 1728/130/1469 
f 1598/10/1347 1728/130/1469 1727/131/1468 1600/5/1349 
f 1728/130/1469 1729/132/1470 1724/133/1465 1727/131/1468 
f 1697/123/1445 1696/120/554 1730/144/576 1731/145/1471 
f 1731/145/1471 1730/144/576 1723/142/574 1722/143/1464 
f 1700/118/1447 1697/123/1445 1731/145/1471 1729/132/1470 
f 1729/132/1470 1731/145/1471 1722/143/1464 1724/133/1465 
f 1732/154/586 1733/157/1472 1734/156/1473 1735/155/587 
f 1733/157/1472 1736/152/1474 1737/153/1475 1734/156/1473 
f 1735/155/587 1734/156/1473 1738/159/1476 1739/158/590 
f 1734/156/1473 1737/153/1475 1740/149/1477 1738/159/1476 
f 1741/150/1478 1609/107/1358 1608/108/1357 1742/151/1479 
f 1742/151/1479 1608/108/1357 1606/8/1355 1743/147/1480 
f 1736/152/1474 1741/150/1478 1742/151/1479 1737/153/1475 
f 1737/153/1475 1742/151/1479 1743/147/1480 1740/149/1477 
f 1602/1/1351 1725/134/1466 1744/146/1481 1603/4/1352 
f 1725/134/1466 1720/136/1462 1745/148/1482 1744/146/1481 
f 1603/4/1352 1744/146/1481 1743/147/1480 1606/8/1355 
f 1744/146/1481 1745/148/1482 1740/149/1477 1743/147/1480 
f 1717/141/1460 1716/138/570 1746/160/592 1747/161/1483 
f 1747/161/1483 1746/160/592 1739/158/590 1738/159/1476 
f 1720/136/1462 1717/141/1460 1747/161/1483 1745/148/1482 
f 1745/148/1482 1747/161/1483 1738/159/1476 1740/149/1477 
f 1748/170/602 1749/173/1484 1750/172/1485 1751/171/603 
f 1749/173/1484 1752/168/1486 1753/169/1487 1750/172/1485 
f 1751/171/603 1750/172/1485 1754/175/1488 1755/174/606 
f 1750/172/1485 1753/169/1487 1756/165/1489 1754/175/1488 
f 1757/166/1490 1614/100/1363 1617/101/1366 1758/167/1491 
f 1758/167/1491 1617/101/1366 1612/104/1361 1759/163/1492 
f 1752/168/1486 1757/166/1490 1758/167/1491 1753/169/1487 
f 1753/169/1487 1758/167/1491 1759/163/1492 1756/165/1489 
f 1609/107/1358 1741/150/1478 1760/162/1493 1610/106/1359 
f 1741/150/1478 1736/152/1474 1761/164/1494 1760/162/1493 
f 1610/106/1359 1760/162/1493 1759/163/1492 1612/104/1361 
f 1760/162/1493 1761/164/1494 1756/165/1489 1759/163/1492 
f 1733/157/1472 1732/154/586 1762/176/712 1763/177/1495 
f 1763/177/1495 1762/176/712 1755/174/606 1754/175/1488 
f 1736/152/1474 1733/157/1472 1763/177/1495 1761/164/1494 
f 1761/164/1494 1763/177/1495 1754/175/1488 1756/165/1489 
f 1764/193/717 1765/196/1496 1766/195/1497 1767/194/718 
f 1765/196/1496 1768/191/1498 1769/192/1499 1766/195/1497 
f 1767/194/718 1766/195/1497 1770/198/1500 1771/197/1501 
f 1766/195/1497 1769/192/1499 1772/186/1502 1770/198/1500 
f 1773/189/1503 1621/188/1370 1620/187/1369 1774/190/1504 
f 1774/190/1504 1620/187/1369 1618/182/1367 1775/183/1505 
f 1768/191/1498 1773/189/1503 1774/190/1504 1769/192/1499 
f 1769/192/1499 1774/190/1504 1775/183/1505 1772/186/1502 
f 1614/178/1363 1757/181/1490 1776/180/1506 1615/179/1364 
f 1757/181/1490 1752/185/1486 1777/184/1507 1776/180/1506 
f 1615/179/1364 1776/180/1506 1775/183/1505 1618/182/1367 
f 1776/180/1506 1777/184/1507 1772/186/1502 1775/183/1505 
f 1749/201/1484 1748/200/602 1778/199/624 1779/202/1508 
f 1779/202/1508 1778/199/624 1771/197/1501 1770/198/1500 
f 1752/185/1486 1749/201/1484 1779/202/1508 1777/184/1507 
f 1777/184/1507 1779/202/1508 1770/198/1500 1772/186/1502 
f 1780/215/634 1781/218/1509 1782/217/1510 1783/216/635 
f 1781/218/1509 1784/213/1511 1785/214/1512 1782/217/1510 
f 1783/216/635 1782/217/1510 1786/220/1513 1787/219/638 
f 1782/217/1510 1785/214/1512 1788/208/1514 1786/220/1513 
f 1789/211/1515 1626/210/1375 1629/209/1378 1790/212/1516 
f 1790/212/1516 1629/209/1378 1624/205/1373 1791/206/1517 
f 1784/213/1511 1789/211/1515 1790/212/1516 1785/214/1512 
f 1785/214/1512 1790/212/1516 1791/206/1517 1788/208/1514 
f 1621/188/1370 1773/189/1503 1792/204/1518 1622/203/1371 
f 1773/189/1503 1768/191/1498 1793/207/1519 1792/204/1518 
f 1622/203/1371 1792/204/1518 1791/206/1517 1624/205/1373 
f 1792/204/1518 1793/207/1519 1788/208/1514 1791/206/1517 
f 1765/196/1496 1764/193/717 1794/221/640 1795/222/1520 
f 1795/222/1520 1794/221/640 1787/219/638 1786/220/1513 
f 1768/191/1498 1765/196/1496 1795/222/1520 1793/207/1519 
f 1793/207/1519 1795/222/1520 1786/220/1513 1788/208/1514 
f 1796/235/650 1797/238/1521 1798/237/1522 1799/236/651 
f 1797/238/1521 1800/233/1523 1801/234/1524 1798/237/1522 
f 1799/236/651 1798/237/1522 1802/240/1525 1803/239/654 
f 1798/237/1522 1801/234/1524 1804/228/1526 1802/240/1525 
f 1805/231/1527 1633/230/1382 1632/229/1381 1806/232/1528 
f 1806/232/1528 1632/229/1381 1630/225/1379 1807/226/1529 
f 1800/233/1523 1805/231/1527 1806/232/1528 1801/234/1524 
f 1801/234/1524 1806/232/1528 1807/226/1529 1804/228/1526 
f 1626/210/1375 1789/211/1515 1808/224/1530 1627/223/1376 
f 1789/211/1515 1784/213/1511 1809/227/1531 1808/224/1530 
f 1627/223/1376 1808/224/1530 1807/226/1529 1630/225/1379 
f 1808/224/1530 1809/227/1531 1804/228/1526 1807/226/1529 
f 1781/218/1509 1780/215/634 1810/241/656 1811/242/1532 
f 1811/242/1532 1810/241/656 1803/239/654 1802/240/1525 
f 1784/213/1511 1781/218/1509 1811/242/1532 1809/227/1531 
f 1809/227/1531 1811/242/1532 1802/240/1525 1804/228/1526 
f 1812/255/666 1813/258/1533 1814/257/1534 1815/256/667 
f 1813/258/1533 1816/253/1535 1817/254/1536 1814/257/1534 
f 1815/256/667 1814/257/1534 1818/260/1537 1819/259/670 
f 1814/257/1534 1817/254/1536 1820/248/1538 1818/260/1537 
f 1821/251/1539 1638/250/1387 1641/249/1390 1822/252/1540 
f 1822/252/1540 1641/249/1390 1636/245/1385 1823/246/1541 
f 1816/253/1535 1821/251/1539 1822/252/1540 1817/254/1536 
f 1817/254/1536 1822/252/1540 1823/246/1541 1820/248/1538 
f 1633/230/1382 1805/231/1527 1824/244/1542 1634/243/1383 
f 1805/231/1527 1800/233/1523 1825/247/1543 1824/244/1542 
f 1634/243/1383 1824/244/1542 1823/246/1541 1636/245/1385 
f 1824/244/1542 1825/247/1543 1820/248/1538 1823/246/1541 
f 1797/238/1521 1796/235/650 1826/261/672 1827/262/1544 
f 1827/262/1544 1826/261/672 1819/259/670 1818/260/1537 
f 1800/233/1523 1797/238/1521 1827/262/1544 1825/247/1543 
f 1825/247/1543 1827/262/1544 1818/260/1537 1820/248/1538 
f 1828/275/1545 1829/278/1546 1830/277/1547 1831/276/680 
f 1829/278/1546 1832/273/1548 1833/274/1549 1830/277/1547 
f 1831/276/680 1830/277/1547 1834/280/1550 1835/279/682 
f 1830/277/1547 1833/274/1549 1836/268/1551 1834/280/1550 
f 1837/271/1552 1645/270/1394 1644/269/1393 1838/272/1553 
f 1838/272/1553 1644/269/1393 1642/265/1391 1839/266/1554 
f 1832/273/1548 1837/271/1552 1838/272/1553 1833/274/1549 
f 1833/274/1549 1838/272/1553 1839/266/1554 1836/268/1551 
f 1638/250/1387 1821/251/1539 1840/264/1555 1639/263/1388 
f 1821/251/1539 1816/253/1535 1841/267/1556 1840/264/1555 
f 1639/263/1388 1840/264/1555 1839/266/1554 1642/265/1391 
f 1840/264/1555 1841/267/1556 1836/268/1551 1839/266/1554 
f 1813/258/1533 1812/255/666 1842/281/684 1843/282/1557 
f 1843/282/1557 1842/281/684 1835/279/682 1834/280/1550 
f 1816/253/1535 1813/258/1533 1843/282/1557 1841/267/1556 
f 1841/267/1556 1843/282/1557 1834/280/1550 1836/268/1551 
f 1844/295/408 1845/298/1558 1846/297/1559 1847/296/409 
f 1845/298/1558 1848/293/1560 1849/294/1561 1846/297/1559 
f 1847/296/409 1846/297/1559 1850/300/1562 1851/299/1563 
f 1846/297/1559 1849/294/1561 1852/288/1564 1850/300/1562 
f 1853/291/1565 1650/290/1399 1653/289/1402 1854/292/1566 
f 1854/292/1566 1653/289/1402 1648/285/1397 1855/286/1567 
f 1848/293/1560 1853/291/1565 1854/292/1566 1849/294/1561 
f 1849/294/1561 1854/292/1566 1855/286/1567 1852/288/1564 
f 1645/270/1394 1837/271/1552 1856/284/1568 1646/283/1395 
f 1837/271/1552 1832/273/1548 1857/287/1569 1856/284/1568 
f 1646/283/1395 1856/284/1568 1855/286/1567 1648/285/1397 
f 1856/284/1568 1857/287/1569 1852/288/1564 1855/286/1567 
f 1829/278/1546 1828/275/1545 1858/301/414 1859/302/1570 
f 1859/302/1570 1858/301/414 1851/299/1563 1850/300/1562 
f 1832/273/1548 1829/278/1546 1859/302/1570 1857/287/1569 
f 1857/287/1569 1859/302/1570 1850/300/1562 1852/288/1564 
f 1860/315/426 1861/318/1571 1862/317/1572 1863/316/427 
f 1861/318/1571 1864/313/1573 1865/314/1574 1862/317/1572 
f 1863/316/427 1862/317/1572 1866/320/1575 1867/319/430 
f 1862/317/1572 1865/314/1574 1868/308/1576 1866/320/1575 
f 1869/311/1577 1657/310/1406 1656/309/1405 1870/312/1578 
f 1870/312/1578 1656/309/1405 1654/305/1403 1871/306/1579 
f 1864/313/1573 1869/311/1577 1870/312/1578 1865/314/1574 
f 1865/314/1574 1870/312/1578 1871/306/1579 1868/308/1576 
f 1650/290/1399 1853/291/1565 1872/304/1580 1651/303/1400 
f 1853/291/1565 1848/293/1560 1873/307/1581 1872/304/1580 
f 1651/303/1400 1872/304/1580 1871/306/1579 1654/305/1403 
f 1872/304/1580 1873/307/1581 1868/308/1576 1871/306/1579 
f 1845/298/1558 1844/295/408 1874/321/1582 1875/322/1583 
f 1875/322/1583 1874/321/1582 1867/319/430 1866/320/1575 
f 1848/293/1560 1845/298/1558 1875/322/1583 1873/307/1581 
f 1873/307/1581 1875/322/1583 1866/320/1575 1868/308/1576 
f 1876/335/442 1877/338/1584 1878/337/1585 1879/336/443 
f 1877/338/1584 1880/333/1586 1881/334/1587 1878/337/1585 
f 1879/336/443 1878/337/1585 1882/340/1588 1883/339/446 
f 1878/337/1585 1881/334/1587 1884/328/1589 1882/340/1588 
f 1885/331/1590 1662/330/1411 1665/329/1414 1886/332/1591 
f 1886/332/1591 1665/329/1414 1660/325/1409 1887/326/1592 
f 1880/333/1586 1885/331/1590 1886/332/1591 1881/334/1587 
f 1881/334/1587 1886/332/1591 1887/326/1592 1884/328/1589 
f 1657/310/1406 1869/311/1577 1888/324/1593 1658/323/1407 
f 1869/311/1577 1864/313/1573 1889/327/1594 1888/324/1593 
f 1658/323/1407 1888/324/1593 1887/326/1592 1660/325/1409 
f 1888/324/1593 1889/327/1594 1884/328/1589 1887/326/1592 
f 1861/318/1571 1860/315/426 1890/341/689 1891/342/1595 
f 1891/342/1595 1890/341/689 1883/339/446 1882/340/1588 
f 1864/313/1573 1861/318/1571 1891/342/1595 1889/327/1594 
f 1889/327/1594 1891/342/1595 1882/340/1588 1884/328/1589 
f 1892/355/693 1893/358/1596 1894/357/1597 1895/356/692 
f 1893/358/1596 1896/353/1598 1897/354/1599 1894/357/1597 
f 1895/356/692 1894/357/1597 1898/360/1600 1899/359/462 
f 1894/357/1597 1897/354/1599 1900/348/1601 1898/360/1600 
f 1901/351/1602 1669/350/1418 1668/349/1417 1902/352/1603 
f 1902/352/1603 1668/349/1417 1666/345/1415 1903/346/1604 
f 1896/353/1598 1901/351/1602 1902/352/1603 1897/354/1599 
f 1897/354/1599 1902/352/1603 1903/346/1604 1900/348/1601 
f 1662/330/1411 1885/331/1590 1904/344/1605 1663/343/1412 
f 1885/331/1590 1880/333/1586 1905/347/1606 1904/344/1605 
f 1663/343/1412 1904/344/1605 1903/346/1604 1666/345/1415 
f 1904/344/1605 1905/347/1606 1900/348/1601 1903/346/1604 
f 1877/338/1584 1876/335/442 1906/361/690 1907/362/1607 
f 1907/362/1607 1906/361/690 1899/359/462 1898/360/1600 
f 1880/333/1586 1877/338/1584 1907/362/1607 1905/347/1606 
f 1905/347/1606 1907/362/1607 1898/360/1600 1900/348/1601 
f 1908/375/474 1909/378/1608 1910/377/1609 1911/376/475 
f 1909/378/1608 1912/373/1610 1913/374/1611 1910/377/1609 
f 1911/376/475 1910/377/1609 1914/380/1612 1915/379/478 
f 1910/377/1609 1913/374/1611 1916/368/1613 1914/380/1612 
f 1917/371/1614 1674/370/1423 1677/369/1426 1918/372/1615 
f 1918/372/1615 1677/369/1426 1672/365/1421 1919/366/1616 
f 1912/373/1610 1917/371/1614 1918/372/1615 1913/374/1611 
f 1913/374/1611 1918/372/1615 1919/366/1616 1916/368/1613 
f 1669/350/1418 1901/351/1602 1920/364/1617 1670/363/1419 
f 1901/351/1602 1896/353/1598 1921/367/1618 1920/364/1617 
f 1670/363/1419 1920/364/1617 1919/366/1616 1672/365/1421 
f 1920/364/1617 1921/367/1618 1916/368/1613 1919/366/1616 
f 1893/358/1596 1892/355/693 1922/381/480 1923/382/1619 
f 1923/382/1619 1922/381/480 1915/379/478 1914/380/1612 
f 1896/353/1598 1893/358/1596 1923/382/1619 1921/367/1618 
f 1921/367/1618 1923/382/1619 1914/380/1612 1916/368/1613 
f 1924/395/698 1925/398/1620 1926/397/1621 1927/396/699 
f 1925/398/1620 1928/393/1622 1929/394/1623 1926/397/1621 
f 1927/396/699 1926/397/1621 1930/400/1624 1931/399/494 
f 1926/397/1621 1929/394/1623 1932/388/1625 1930/400/1624 
f 1933/391/1626 1681/390/1430 1680/389/1429 1934/392/1627 
f 1934/392/1627 1680/389/1429 1678/385/1427 1935/386/1628 
f 1928/393/1622 1933/391/1626 1934/392/1627 1929/394/1623 
f 1929/394/1623 1934/392/1627 1935/386/1628 1932/388/1625 
f 1674/370/1423 1917/371/1614 1936/384/1629 1675/383/1424 
f 1917/371/1614 1912/373/1610 1937/387/1630 1936/384/1629 
f 1675/383/1424 1936/384/1629 1935/386/1628 1678/385/1427 
f 1936/384/1629 1937/387/1630 1932/388/1625 1935/386/1628 
f 1909/378/1608 1908/375/474 1938/401/496 1939/402/1631 
f 1939/402/1631 1938/401/496 1931/399/494 1930/400/1624 
f 1912/373/1610 1909/378/1608 1939/402/1631 1937/387/1630 
f 1937/387/1630 1939/402/1631 1930/400/1624 1932/388/1625 
f 1940/415/506 1941/418/1632 1942/417/1633 1943/416/507 
f 1941/418/1632 1944/413/1634 1945/414/1635 1942/417/1633 
f 1943/416/507 1942/417/1633 1946/420/1636 1947/419/510 
f 1942/417/1633 1945/414/1635 1948/408/1637 1946/420/1636 
f 1949/411/1638 1686/410/1435 1689/409/1438 1950/412/1639 
f 1950/412/1639 1689/409/1438 1684/405/1433 1951/406/1640 
f 1944/413/1634 1949/411/1638 1950/412/1639 1945/414/1635 
f 1945/414/1635 1950/412/1639 1951/406/1640 1948/408/1637 
f 1681/390/1430 1933/391/1626 1952/404/1641 1682/403/1431 
f 1933/391/1626 1928/393/1622 1953/407/1642 1952/404/1641 
f 1682/403/1431 1952/404/1641 1951/406/1640 1684/405/1433 
f 1952/404/1641 1953/407/1642 1948/408/1637 1951/406/1640 
f 1925/398/1620 1924/395/698 1954/421/701 1955/422/1643 
f 1955/422/1643 1954/421/701 1947/419/510 1946/420/1636 
f 1928/393/1622 1925/398/1620 1955/422/1643 1953/407/1642 
f 1953/407/1642 1955/422/1643 1946/420/1636 1948/408/1637 
f 1956/435/522 1957/438/1644 1958/437/1645 1959/436/523 
f 1957/438/1644 1960/433/1646 1961/434/1647 1958/437/1645 
f 1959/436/523 1958/437/1645 1962/440/1648 1963/439/526 
f 1958/437/1645 1961/434/1647 1964/428/1649 1962/440/1648 
f 1965/431/1650 1693/430/1442 1692/429/1441 1966/432/1651 
f 1966/432/1651 1692/429/1441 1690/425/1439 1967/426/1652 
f 1960/433/1646 1965/431/1650 1966/432/1651 1961/434/1647 
f 1961/434/1647 1966/432/1651 1967/426/1652 1964/428/1649 
f 1686/410/1435 1949/411/1638 1968/424/1653 1687/423/1436 
f 1949/411/1638 1944/413/1634 1969/427/1654 1968/424/1653 
f 1687/423/1436 1968/424/1653 1967/426/1652 1690/425/1439 
f 1968/424/1653 1969/427/1654 1964/428/1649 1967/426/1652 
f 1941/418/1632 1940/415/506 1970/441/703 1971/442/1655 
f 1971/442/1655 1970/441/703 1963/439/526 1962/440/1648 
f 1944/413/1634 1941/418/1632 1971/442/1655 1969/427/1654 
f 1969/427/1654 1971/442/1655 1962/440/1648 1964/428/1649 
f 1713/127/706 1712/128/1458 1972/453/1656 1973/452/539 
f 1712/128/1458 1710/114/1456 1974/451/1657 1972/453/1656 
f 1973/452/539 1972/453/1656 1975/455/1658 1976/454/542 
f 1972/453/1656 1974/451/1657 1977/448/1659 1975/455/1658 
f 1708/111/1454 1587/16/1336 1590/449/1339 1978/450/1660 
f 1978/450/1660 1590/449/1339 1594/445/1343 1979/446/1661 
f 1710/114/1456 1708/111/1454 1978/450/1660 1974/451/1657 
f 1974/451/1657 1978/450/1660 1979/446/1661 1977/448/1659 
f 1693/430/1442 1965/431/1650 1980/444/1662 1694/443/1443 
f 1965/431/1650 1960/433/1646 1981/447/1663 1980/444/1662 
f 1694/443/1443 1980/444/1662 1979/446/1661 1594/445/1343 
f 1980/444/1662 1981/447/1663 1977/448/1659 1979/446/1661 
f 1957/438/1644 1956/435/522 1982/456/544 1983/457/1664 
f 1983/457/1664 1982/456/544 1976/454/542 1975/455/1658 
f 1960/433/1646 1957/438/1644 1983/457/1664 1981/447/1663 
f 1981/447/1663 1983/457/1664 1975/455/1658 1977/448/1659 
f 1984/468/554 1985/471/1665 1986/470/555 1987/469/555 
f 1985/471/1665 1988/466/554 1989/467/555 1986/470/555 
f 1987/469/555 1986/470/555 1990/473/708 1991/472/708 
f 1986/470/555 1989/467/555 1992/463/708 1990/473/708 
f 1993/464/554 1696/120/554 1699/121/555 1994/465/555 
f 1994/465/555 1699/121/555 1703/124/708 1995/460/1666 
f 1988/466/554 1993/464/554 1994/465/555 1989/467/555 
f 1989/467/555 1994/465/555 1995/460/1666 1992/463/708 
f 1713/127/706 1996/459/707 1997/458/560 1714/126/560 
f 1996/459/707 1998/462/706 1999/461/560 1997/458/560 
f 1714/126/560 1997/458/560 1995/460/1666 1703/124/708 
f 1997/458/560 1999/461/560 1992/463/708 1995/460/1666 
f 2000/476/706 2001/475/706 2002/474/560 2003/477/560 
f 2003/477/560 2002/474/560 1991/472/708 1990/473/708 
f 1998/462/706 2000/476/706 2003/477/560 1999/461/560 
f 1999/461/560 2003/477/560 1990/473/708 1992/463/708 
f 2004/486/570 2005/489/570 2006/488/571 2007/487/571 
f 2005/489/570 2008/484/570 2009/485/1667 2006/488/571 
f 2007/487/571 2006/488/571 2010/491/574 2011/490/574 
f 2006/488/571 2009/485/1667 2012/481/710 2010/491/574 
f 2013/482/570 1716/138/570 1719/139/571 2014/483/571 
f 2014/483/571 1719/139/571 1723/142/574 2015/479/574 
f 2008/484/570 2013/482/570 2014/483/571 2009/485/1667 
f 2009/485/1667 2014/483/571 2015/479/574 2012/481/710 
f 1696/120/554 1993/464/554 2016/478/576 1730/144/576 
f 1993/464/554 1988/466/554 2017/480/576 2016/478/576 
f 1730/144/576 2016/478/576 2015/479/574 1723/142/574 
f 2016/478/576 2017/480/576 2012/481/710 2015/479/574 
f 1985/471/1665 1984/468/554 2018/492/576 2019/493/576 
f 2019/493/576 2018/492/576 2011/490/574 2010/491/574 
f 1988/466/554 1985/471/1665 2019/493/576 2017/480/576 
f 2017/480/576 2019/493/576 2010/491/574 2012/481/710 
f 2020/502/586 2021/505/586 2022/504/587 2023/503/587 
f 2021/505/586 2024/500/586 2025/501/587 2022/504/587 
f 2023/503/587 2022/504/587 2026/507/590 2027/506/590 
f 2022/504/587 2025/501/587 2028/497/590 2026/507/590 
f 2029/498/586 1732/154/586 1735/155/587 2030/499/1668 
f 2030/499/1668 1735/155/587 1739/158/590 2031/495/1669 
f 2024/500/586 2029/498/586 2030/499/1668 2025/501/587 
f 2025/501/587 2030/499/1668 2031/495/1669 2028/497/590 
f 1716/138/570 2013/482/570 2032/494/592 1746/160/592 
f 2013/482/570 2008/484/570 2033/496/592 2032/494/592 
f 1746/160/592 2032/494/592 2031/495/1669 1739/158/590 
f 2032/494/592 2033/496/592 2028/497/590 2031/495/1669 
f 2005/489/570 2004/486/570 2034/508/592 2035/509/592 
f 2035/509/592 2034/508/592 2027/506/590 2026/507/590 
f 2008/484/570 2005/489/570 2035/509/592 2033/496/592 
f 2033/496/592 2035/509/592 2026/507/590 2028/497/590 
f 2036/518/602 2037/521/714 2038/520/603 2039/519/603 
f 2037/521/714 2040/516/602 2041/517/603 2038/520/603 
f 2039/519/603 2038/520/603 2042/523/715 2043/522/606 
f 2038/520/603 2041/517/603 2044/513/606 2042/523/715 
f 2045/514/1670 1748/170/602 1751/171/603 2046/515/603 
f 2046/515/603 1751/171/603 1755/174/606 2047/511/606 
f 2040/516/602 2045/514/1670 2046/515/603 2041/517/603 
f 2041/517/603 2046/515/603 2047/511/606 2044/513/606 
f 1732/154/586 2029/498/586 2048/510/712 1762/176/712 
f 2029/498/586 2024/500/586 2049/512/712 2048/510/712 
f 1762/176/712 2048/510/712 2047/511/606 1755/174/606 
f 2048/510/712 2049/512/712 2044/513/606 2047/511/606 
f 2021/505/586 2020/502/586 2050/524/712 2051/525/712 
f 2051/525/712 2050/524/712 2043/522/606 2042/523/715 
f 2024/500/586 2021/505/586 2051/525/712 2049/512/712 
f 2049/512/712 2051/525/712 2042/523/715 2044/513/606 
f 2052/536/717 2053/539/717 2054/538/718 2055/537/718 
f 2053/539/717 2056/534/717 2057/535/718 2054/538/718 
f 2055/537/718 2054/538/718 2058/541/721 2059/540/1501 
f 2054/538/718 2057/535/718 2060/531/716 2058/541/721 
f 2061/532/717 1764/193/717 1767/194/718 2062/533/619 
f 2062/533/619 1767/194/718 1771/197/1501 2063/528/1501 
f 2056/534/717 2061/532/717 2062/533/619 2057/535/718 
f 2057/535/718 2062/533/619 2063/528/1501 2060/531/716 
f 1748/200/602 2045/527/1670 2064/526/1671 1778/199/624 
f 2045/527/1670 2040/530/602 2065/529/624 2064/526/1671 
f 1778/199/624 2064/526/1671 2063/528/1501 1771/197/1501 
f 2064/526/1671 2065/529/624 2060/531/716 2063/528/1501 
f 2037/544/714 2036/543/602 2066/542/624 2067/545/624 
f 2067/545/624 2066/542/624 2059/540/1501 2058/541/721 
f 2040/530/602 2037/544/714 2067/545/624 2065/529/624 
f 2065/529/624 2067/545/624 2058/541/721 2060/531/716 
f 2068/554/634 2069/557/634 2070/556/635 2071/555/635 
f 2069/557/634 2072/552/634 2073/553/1672 2070/556/635 
f 2071/555/635 2070/556/635 2074/559/638 2075/558/638 
f 2070/556/635 2073/553/1672 2076/549/638 2074/559/638 
f 2077/550/634 1780/215/634 1783/216/635 2078/551/635 
f 2078/551/635 1783/216/635 1787/219/638 2079/547/638 
f 2072/552/634 2077/550/634 2078/551/635 2073/553/1672 
f 2073/553/1672 2078/551/635 2079/547/638 2076/549/638 
f 1764/193/717 2061/532/717 2080/546/640 1794/221/640 
f 2061/532/717 2056/534/717 2081/548/640 2080/546/640 
f 1794/221/640 2080/546/640 2079/547/638 1787/219/638 
f 2080/546/640 2081/548/640 2076/549/638 2079/547/638 
f 2053/539/717 2052/536/717 2082/560/640 2083/561/640 
f 2083/561/640 2082/560/640 2075/558/638 2074/559/638 
f 2056/534/717 2053/539/717 2083/561/640 2081/548/640 
f 2081/548/640 2083/561/640 2074/559/638 2076/549/638 
f 2084/570/650 2085/573/650 2086/572/651 2087/571/651 
f 2085/573/650 2088/568/650 2089/569/651 2086/572/651 
f 2087/571/651 2086/572/651 2090/575/654 2091/574/654 
f 2086/572/651 2089/569/651 2092/565/654 2090/575/654 
f 2093/566/650 1796/235/650 1799/236/651 2094/567/651 
f 2094/567/651 1799/236/651 1803/239/654 2095/563/654 
f 2088/568/650 2093/566/650 2094/567/651 2089/569/651 
f 2089/569/651 2094/567/651 2095/563/654 2092/565/654 
f 1780/215/634 2077/550/634 2096/562/656 1810/241/656 
f 2077/550/634 2072/552/634 2097/564/656 2096/562/656 
f 1810/241/656 2096/562/656 2095/563/654 1803/239/654 
f 2096/562/656 2097/564/656 2092/565/654 2095/563/654 
f 2069/557/634 2068/554/634 2098/576/656 2099/577/656 
f 2099/577/656 2098/576/656 2091/574/654 2090/575/654 
f 2072/552/634 2069/557/634 2099/577/656 2097/564/656 
f 2097/564/656 2099/577/656 2090/575/654 2092/565/654 
f 2100/586/666 2101/589/666 2102/588/1673 2103/587/667 
f 2101/589/666 2104/584/666 2105/585/667 2102/588/1673 
f 2103/587/667 2102/588/1673 2106/591/1674 2107/590/670 
f 2102/588/1673 2105/585/667 2108/581/670 2106/591/1674 
f 2109/582/666 1812/255/666 1815/256/667 2110/583/667 
f 2110/583/667 1815/256/667 1819/259/670 2111/579/670 
f 2104/584/666 2109/582/666 2110/583/667 2105/585/667 
f 2105/585/667 2110/583/667 2111/579/670 2108/581/670 
f 1796/235/650 2093/566/650 2112/578/672 1826/261/672 
f 2093/566/650 2088/568/650 2113/580/672 2112/578/672 
f 1826/261/672 2112/578/672 2111/579/670 1819/259/670 
f 2112/578/672 2113/580/672 2108/581/670 2111/579/670 
f 2085/573/650 2084/570/650 2114/592/672 2115/593/1675 
f 2115/593/1675 2114/592/672 2107/590/670 2106/591/1674 
f 2088/568/650 2085/573/650 2115/593/1675 2113/580/672 
f 2113/580/672 2115/593/1675 2106/591/1674 2108/581/670 
f 2116/602/1545 2117/605/415 2118/604/1676 2119/603/680 
f 2117/605/415 2120/600/1677 2121/601/1676 2118/604/1676 
f 2119/603/680 2118/604/1676 2122/607/682 2123/606/682 
f 2118/604/1676 2121/601/1676 2124/597/1678 2122/607/682 
f 2125/598/1677 1828/275/1545 1831/276/680 2126/599/680 
f 2126/599/680 1831/276/680 1835/279/682 2127/595/682 
f 2120/600/1677 2125/598/1677 2126/599/680 2121/601/1676 
f 2121/601/1676 2126/599/680 2127/595/682 2124/597/1678 
f 1812/255/666 2109/582/666 2128/594/684 1842/281/684 
f 2109/582/666 2104/584/666 2129/596/684 2128/594/684 
f 1842/281/684 2128/594/684 2127/595/682 1835/279/682 
f 2128/594/684 2129/596/684 2124/597/1678 2127/595/682 
f 2101/589/666 2100/586/666 2130/608/684 2131/609/684 
f 2131/609/684 2130/608/684 2123/606/682 2122/607/682 
f 2104/584/666 2101/589/666 2131/609/684 2129/596/684 
f 2129/596/684 2131/609/684 2122/607/682 2124/597/1678 
f 2132/618/408 2133/621/408 2134/620/409 2135/619/409 
f 2133/621/408 2136/616/408 2137/617/409 2134/620/409 
f 2135/619/409 2134/620/409 2138/623/1679 2139/622/1563 
f 2134/620/409 2137/617/409 2140/613/412 2138/623/1679 
f 2141/614/408 1844/295/408 1847/296/409 2142/615/1680 
f 2142/615/1680 1847/296/409 1851/299/1563 2143/611/412 
f 2136/616/408 2141/614/408 2142/615/1680 2137/617/409 
f 2137/617/409 2142/615/1680 2143/611/412 2140/613/412 
f 1828/275/1545 2125/598/1677 2144/610/414 1858/301/414 
f 2125/598/1677 2120/600/1677 2145/612/414 2144/610/414 
f 1858/301/414 2144/610/414 2143/611/412 1851/299/1563 
f 2144/610/414 2145/612/414 2140/613/412 2143/611/412 
f 2117/605/415 2116/602/1545 2146/624/414 2147/625/414 
f 2147/625/414 2146/624/414 2139/622/1563 2138/623/1679 
f 2120/600/1677 2117/605/415 2147/625/414 2145/612/414 
f 2145/612/414 2147/625/414 2138/623/1679 2140/613/412 
f 2148/634/426 2149/637/426 2150/636/427 2151/635/427 
f 2149/637/426 2152/632/426 2153/633/427 2150/636/427 
f 2151/635/427 2150/636/427 2154/639/430 2155/638/430 
f 2150/636/427 2153/633/427 2156/629/430 2154/639/430 
f 2157/630/686 1860/315/426 1863/316/427 2158/631/687 
f 2158/631/687 1863/316/427 1867/319/430 2159/627/1681 
f 2152/632/426 2157/630/686 2158/631/687 2153/633/427 
f 2153/633/427 2158/631/687 2159/627/1681 2156/629/430 
f 1844/295/408 2141/614/408 2160/626/432 1874/321/1582 
f 2141/614/408 2136/616/408 2161/628/432 2160/626/432 
f 1874/321/1582 2160/626/432 2159/627/1681 1867/319/430 
f 2160/626/432 2161/628/432 2156/629/430 2159/627/1681 
f 2133/621/408 2132/618/408 2162/640/1582 2163/641/432 
f 2163/641/432 2162/640/1582 2155/638/430 2154/639/430 
f 2136/616/408 2133/621/408 2163/641/432 2161/628/432 
f 2161/628/432 2163/641/432 2154/639/430 2156/629/430 
f 2164/650/442 2165/653/442 2166/652/443 2167/651/443 
f 2165/653/442 2168/648/442 2169/649/1682 2166/652/443 
f 2167/651/443 2166/652/443 2170/655/446 2171/654/446 
f 2166/652/443 2169/649/1682 2172/645/446 2170/655/446 
f 2173/646/1683 1876/335/442 1879/336/443 2174/647/443 
f 2174/647/443 1879/336/443 1883/339/446 2175/643/446 
f 2168/648/442 2173/646/1683 2174/647/443 2169/649/1682 
f 2169/649/1682 2174/647/443 2175/643/446 2172/645/446 
f 1860/315/426 2157/630/686 2176/642/689 1890/341/689 
f 2157/630/686 2152/632/426 2177/644/689 2176/642/689 
f 1890/341/689 2176/642/689 2175/643/446 1883/339/446 
f 2176/642/689 2177/644/689 2172/645/446 2175/643/446 
f 2149/637/426 2148/634/426 2178/656/689 2179/657/689 
f 2179/657/689 2178/656/689 2171/654/446 2170/655/446 
f 2152/632/426 2149/637/426 2179/657/689 2177/644/689 
f 2177/644/689 2179/657/689 2170/655/446 2172/645/446 
f 2180/666/693 2181/669/458 2182/668/459 2183/667/692 
f 2181/669/458 2184/664/691 2185/665/692 2182/668/459 
f 2183/667/692 2182/668/459 2186/671/694 2187/670/462 
f 2182/668/459 2185/665/692 2188/661/462 2186/671/694 
f 2189/662/691 1892/355/693 1895/356/692 2190/663/692 
f 2190/663/692 1895/356/692 1899/359/462 2191/659/462 
f 2184/664/691 2189/662/691 2190/663/692 2185/665/692 
f 2185/665/692 2190/663/692 2191/659/462 2188/661/462 
f 1876/335/442 2173/646/1683 2192/658/690 1906/361/690 
f 2173/646/1683 2168/648/442 2193/660/464 2192/658/690 
f 1906/361/690 2192/658/690 2191/659/462 1899/359/462 
f 2192/658/690 2193/660/464 2188/661/462 2191/659/462 
f 2165/653/442 2164/650/442 2194/672/690 2195/673/690 
f 2195/673/690 2194/672/690 2187/670/462 2186/671/694 
f 2168/648/442 2165/653/442 2195/673/690 2193/660/464 
f 2193/660/464 2195/673/690 2186/671/694 2188/661/462 
f 2196/682/474 2197/685/696 2198/684/475 2199/683/475 
f 2197/685/696 2200/680/474 2201/681/475 2198/684/475 
f 2199/683/475 2198/684/475 2202/687/478 2203/686/478 
f 2198/684/475 2201/681/475 2204/677/1684 2202/687/478 
f 2205/678/1685 1908/375/474 1911/376/475 2206/679/475 
f 2206/679/475 1911/376/475 1915/379/478 2207/675/1686 
f 2200/680/474 2205/678/1685 2206/679/475 2201/681/475 
f 2201/681/475 2206/679/475 2207/675/1686 2204/677/1684 
f 1892/355/693 2189/662/691 2208/674/480 1922/381/480 
f 2189/662/691 2184/664/691 2209/676/480 2208/674/480 
f 1922/381/480 2208/674/480 2207/675/1686 1915/379/478 
f 2208/674/480 2209/676/480 2204/677/1684 2207/675/1686 
f 2181/669/458 2180/666/693 2210/688/480 2211/689/480 
f 2211/689/480 2210/688/480 2203/686/478 2202/687/478 
f 2184/664/691 2181/669/458 2211/689/480 2209/676/480 
f 2209/676/480 2211/689/480 2202/687/478 2204/677/1684 
f 2212/698/698 2213/701/698 2214/700/491 2215/699/699 
f 2213/701/698 2216/696/698 2217/697/491 2214/700/491 
f 2215/699/699 2214/700/491 2218/703/494 2219/702/494 
f 2214/700/491 2217/697/491 2220/693/494 2218/703/494 
f 2221/694/490 1924/395/698 1927/396/699 2222/695/491 
f 2222/695/491 1927/396/699 1931/399/494 2223/691/700 
f 2216/696/698 2221/694/490 2222/695/491 2217/697/491 
f 2217/697/491 2222/695/491 2223/691/700 2220/693/494 
f 1908/375/474 2205/678/1685 2224/690/496 1938/401/496 
f 2205/678/1685 2200/680/474 2225/692/496 2224/690/496 
f 1938/401/496 2224/690/496 2223/691/700 1931/399/494 
f 2224/690/496 2225/692/496 2220/693/494 2223/691/700 
f 2197/685/696 2196/682/474 2226/704/496 2227/705/496 
f 2227/705/496 2226/704/496 2219/702/494 2218/703/494 
f 2200/680/474 2197/685/696 2227/705/496 2225/692/496 
f 2225/692/496 2227/705/496 2218/703/494 2220/693/494 
f 2228/714/506 2229/717/506 2230/716/507 2231/715/507 
f 2229/717/506 2232/712/506 2233/713/507 2230/716/507 
f 2231/715/507 2230/716/507 2234/719/510 2235/718/510 
f 2230/716/507 2233/713/507 2236/709/1687 2234/719/510 
f 2237/710/506 1940/415/506 1943/416/507 2238/711/507 
f 2238/711/507 1943/416/507 1947/419/510 2239/707/510 
f 2232/712/506 2237/710/506 2238/711/507 2233/713/507 
f 2233/713/507 2238/711/507 2239/707/510 2236/709/1687 
f 1924/395/698 2221/694/490 2240/706/701 1954/421/701 
f 2221/694/490 2216/696/698 2241/708/512 2240/706/701 
f 1954/421/701 2240/706/701 2239/707/510 1947/419/510 
f 2240/706/701 2241/708/512 2236/709/1687 2239/707/510 
f 2213/701/698 2212/698/698 2242/720/701 2243/721/701 
f 2243/721/701 2242/720/701 2235/718/510 2234/719/510 
f 2216/696/698 2213/701/698 2243/721/701 2241/708/512 
f 2241/708/512 2243/721/701 2234/719/510 2236/709/1687 
f 2244/730/522 2245/733/522 2246/732/1688 2247/731/523 
f 2245/733/522 2248/728/522 2249/729/523 2246/732/1688 
f 2247/731/523 2246/732/1688 2250/735/704 2251/734/526 
f 2246/732/1688 2249/729/523 2252/725/526 2250/735/704 
f 2253/726/522 1956/435/522 1959/436/523 2254/727/523 
f 2254/727/523 1959/436/523 1963/439/526 2255/723/526 
f 2248/728/522 2253/726/522 2254/727/523 2249/729/523 
f 2249/729/523 2254/727/523 2255/723/526 2252/725/526 
f 1940/415/506 2237/710/506 2256/722/703 1970/441/703 
f 2237/710/506 2232/712/506 2257/724/703 2256/722/703 
f 1970/441/703 2256/722/703 2255/723/526 1963/439/526 
f 2256/722/703 2257/724/703 2252/725/526 2255/723/526 
f 2229/717/506 2228/714/506 2258/736/703 2259/737/703 
f 2259/737/703 2258/736/703 2251/734/526 2250/735/704 
f 2232/712/506 2229/717/506 2259/737/703 2257/724/703 
f 2257/724/703 2259/737/703 2250/735/704 2252/725/526 
f 2001/475/706 2000/476/706 2260/745/539 2261/744/539 
f 2000/476/706 1998/462/706 2262/743/539 2260/745/539 
f 2261/744/539 2260/745/539 2263/747/542 2264/746/542 
f 2260/745/539 2262/743/539 2265/741/705 2263/747/542 
f 1996/459/707 1713/127/706 1973/452/539 2266/742/539 
f 2266/742/539 1973/452/539 1976/454/542 2267/739/542 
f 1998/462/706 1996/459/707 2266/742/539 2262/743/539 
f 2262/743/539 2266/742/539 2267/739/542 2265/741/705 
f 1956/435/522 2253/726/522 2268/738/544 1982/456/544 
f 2253/726/522 2248/728/522 2269/740/544 2268/738/544 
f 1982/456/544 2268/738/544 2267/739/542 1976/454/542 
f 2268/738/544 2269/740/544 2265/741/705 2267/739/542 
f 2245/733/522 2244/730/522 2270/748/544 2271/749/544 
f 2271/749/544 2270/748/544 2264/746/542 2263/747/542 
f 2248/728/522 2245/733/522 2271/749/544 2269/740/544 
f 2269/740/544 2271/749/544 2263/747/542 2265/741/705 
f 2272/760/554 2273/763/1665 2274/762/555 2275/761/555 
f 2273/763/1665 2276/758/554 2277/759/555 2274/762/555 
f 2275/761/555 2274/762/555 2278/765/708 2279/764/708 
f 2274/762/555 2277/759/555 2280/755/708 2278/765/708 
f 2281/756/554 1984/468/554 1987/469/555 2282/757/555 
f 2282/757/555 1987/469/555 1991/472/708 2283/752/1666 
f 2276/758/554 2281/756/554 2282/757/555 2277/759/555 
f 2277/759/555 2282/757/555 2283/752/1666 2280/755/708 
f 2001/475/706 2284/751/707 2285/750/560 2002/474/560 
f 2284/751/707 2286/754/706 2287/753/560 2285/750/560 
f 2002/474/560 2285/750/560 2283/752/1666 1991/472/708 
f 2285/750/560 2287/753/560 2280/755/708 2283/752/1666 
f 2288/768/706 2289/767/706 2290/766/560 2291/769/560 
f 2291/769/560 2290/766/560 2279/764/708 2278/765/708 
f 2286/754/706 2288/768/706 2291/769/560 2287/753/560 
f 2287/753/560 2291/769/560 2278/765/708 2280/755/708 
f 2292/778/570 2293/781/570 2294/780/571 2295/779/571 
f 2293/781/570 2296/776/570 2297/777/1667 2294/780/571 
f 2295/779/571 2294/780/571 2298/783/574 2299/782/574 
f 2294/780/571 2297/777/1667 2300/773/710 2298/783/574 
f 2301/774/570 2004/486/570 2007/487/571 2302/775/571 
f 2302/775/571 2007/487/571 2011/490/574 2303/771/574 
f 2296/776/570 2301/774/570 2302/775/571 2297/777/1667 
f 2297/777/1667 2302/775/571 2303/771/574 2300/773/710 
f 1984/468/554 2281/756/554 2304/770/576 2018/492/576 
f 2281/756/554 2276/758/554 2305/772/576 2304/770/576 
f 2018/492/576 2304/770/576 2303/771/574 2011/490/574 
f 2304/770/576 2305/772/576 2300/773/710 2303/771/574 
f 2273/763/1665 2272/760/554 2306/784/576 2307/785/576 
f 2307/785/576 2306/784/576 2299/782/574 2298/783/574 
f 2276/758/554 2273/763/1665 2307/785/576 2305/772/576 
f 2305/772/576 2307/785/576 2298/783/574 2300/773/710 
f 2308/794/586 2309/797/586 2310/796/587 2311/795/587 
f 2309/797/586 2312/792/586 2313/793/587 2310/796/587 
f 2311/795/587 2310/796/587 2314/799/590 2315/798/590 
f 2310/796/587 2313/793/587 2316/789/590 2314/799/590 
f 2317/790/586 2020/502/586 2023/503/587 2318/791/1668 
f 2318/791/1668 2023/503/587 2027/506/590 2319/787/1669 
f 2312/792/586 2317/790/586 2318/791/1668 2313/793/587 
f 2313/793/587 2318/791/1668 2319/787/1669 2316/789/590 
f 2004/486/570 2301/774/570 2320/786/592 2034/508/592 
f 2301/774/570 2296/776/570 2321/788/592 2320/786/592 
f 2034/508/592 2320/786/592 2319/787/1669 2027/506/590 
f 2320/786/592 2321/788/592 2316/789/590 2319/787/1669 
f 2293/781/570 2292/778/570 2322/800/592 2323/801/592 
f 2323/801/592 2322/800/592 2315/798/590 2314/799/590 
f 2296/776/570 2293/781/570 2323/801/592 2321/788/592 
f 2321/788/592 2323/801/592 2314/799/590 2316/789/590 
f 2324/810/602 2325/813/714 2326/812/603 2327/811/603 
f 2325/813/714 2328/808/602 2329/809/603 2326/812/603 
f 2327/811/603 2326/812/603 2330/815/715 2331/814/606 
f 2326/812/603 2329/809/603 2332/805/606 2330/815/715 
f 2333/806/1670 2036/518/602 2039/519/603 2334/807/603 
f 2334/807/603 2039/519/603 2043/522/606 2335/803/606 
f 2328/808/602 2333/806/1670 2334/807/603 2329/809/603 
f 2329/809/603 2334/807/603 2335/803/606 2332/805/606 
f 2020/502/586 2317/790/586 2336/802/712 2050/524/712 
f 2317/790/586 2312/792/586 2337/804/712 2336/802/712 
f 2050/524/712 2336/802/712 2335/803/606 2043/522/606 
f 2336/802/712 2337/804/712 2332/805/606 2335/803/606 
f 2309/797/586 2308/794/586 2338/816/712 2339/817/712 
f 2339/817/712 2338/816/712 2331/814/606 2330/815/715 
f 2312/792/586 2309/797/586 2339/817/712 2337/804/712 
f 2337/804/712 2339/817/712 2330/815/715 2332/805/606 
f 2340/828/717 2341/831/717 2342/830/718 2343/829/718 
f 2341/831/717 2344/826/717 2345/827/718 2342/830/718 
f 2343/829/718 2342/830/718 2346/833/721 2347/832/1501 
f 2342/830/718 2345/827/718 2348/823/716 2346/833/721 
f 2349/824/717 2052/536/717 2055/537/718 2350/825/619 
f 2350/825/619 2055/537/718 2059/540/1501 2351/820/1501 
f 2344/826/717 2349/824/717 2350/825/619 2345/827/718 
f 2345/827/718 2350/825/619 2351/820/1501 2348/823/716 
f 2036/543/602 2333/819/1670 2352/818/1671 2066/542/624 
f 2333/819/1670 2328/822/602 2353/821/624 2352/818/1671 
f 2066/542/624 2352/818/1671 2351/820/1501 2059/540/1501 
f 2352/818/1671 2353/821/624 2348/823/716 2351/820/1501 
f 2325/836/714 2324/835/602 2354/834/624 2355/837/624 
f 2355/837/624 2354/834/624 2347/832/1501 2346/833/721 
f 2328/822/602 2325/836/714 2355/837/624 2353/821/624 
f 2353/821/624 2355/837/624 2346/833/721 2348/823/716 
f 2356/846/634 2357/849/634 2358/848/635 2359/847/635 
f 2357/849/634 2360/844/634 2361/845/1672 2358/848/635 
f 2359/847/635 2358/848/635 2362/851/638 2363/850/638 
f 2358/848/635 2361/845/1672 2364/841/638 2362/851/638 
f 2365/842/634 2068/554/634 2071/555/635 2366/843/635 
f 2366/843/635 2071/555/635 2075/558/638 2367/839/638 
f 2360/844/634 2365/842/634 2366/843/635 2361/845/1672 
f 2361/845/1672 2366/843/635 2367/839/638 2364/841/638 
f 2052/536/717 2349/824/717 2368/838/640 2082/560/640 
f 2349/824/717 2344/826/717 2369/840/640 2368/838/640 
f 2082/560/640 2368/838/640 2367/839/638 2075/558/638 
f 2368/838/640 2369/840/640 2364/841/638 2367/839/638 
f 2341/831/717 2340/828/717 2370/852/640 2371/853/640 
f 2371/853/640 2370/852/640 2363/850/638 2362/851/638 
f 2344/826/717 2341/831/717 2371/853/640 2369/840/640 
f 2369/840/640 2371/853/640 2362/851/638 2364/841/638 
f 2372/862/650 2373/865/650 2374/864/651 2375/863/651 
f 2373/865/650 2376/860/650 2377/861/651 2374/864/651 
f 2375/863/651 2374/864/651 2378/867/654 2379/866/654 
f 2374/864/651 2377/861/651 2380/857/654 2378/867/654 
f 2381/858/650 2084/570/650 2087/571/651 2382/859/651 
f 2382/859/651 2087/571/651 2091/574/654 2383/855/654 
f 2376/860/650 2381/858/650 2382/859/651 2377/861/651 
f 2377/861/651 2382/859/651 2383/855/654 2380/857/654 
f 2068/554/634 2365/842/634 2384/854/656 2098/576/656 
f 2365/842/634 2360/844/634 2385/856/656 2384/854/656 
f 2098/576/656 2384/854/656 2383/855/654 2091/574/654 
f 2384/854/656 2385/856/656 2380/857/654 2383/855/654 
f 2357/849/634 2356/846/634 2386/868/656 2387/869/656 
f 2387/869/656 2386/868/656 2379/866/654 2378/867/654 
f 2360/844/634 2357/849/634 2387/869/656 2385/856/656 
f 2385/856/656 2387/869/656 2378/867/654 2380/857/654 
f 2388/878/666 2389/881/666 2390/880/1673 2391/879/667 
f 2389/881/666 2392/876/666 2393/877/667 2390/880/1673 
f 2391/879/667 2390/880/1673 2394/883/1674 2395/882/670 
f 2390/880/1673 2393/877/667 2396/873/670 2394/883/1674 
f 2397/874/666 2100/586/666 2103/587/667 2398/875/667 
f 2398/875/667 2103/587/667 2107/590/670 2399/871/670 
f 2392/876/666 2397/874/666 2398/875/667 2393/877/667 
f 2393/877/667 2398/875/667 2399/871/670 2396/873/670 
f 2084/570/650 2381/858/650 2400/870/672 2114/592/672 
f 2381/858/650 2376/860/650 2401/872/672 2400/870/672 
f 2114/592/672 2400/870/672 2399/871/670 2107/590/670 
f 2400/870/672 2401/872/672 2396/873/670 2399/871/670 
f 2373/865/650 2372/862/650 2402/884/672 2403/885/1675 
f 2403/885/1675 2402/884/672 2395/882/670 2394/883/1674 
f 2376/860/650 2373/865/650 2403/885/1675 2401/872/672 
f 2401/872/672 2403/885/1675 2394/883/1674 2396/873/670 
f 2404/894/1545 2405/897/415 2406/896/1676 2407/895/680 
f 2405/897/415 2408/892/1677 2409/893/1676 2406/896/1676 
f 2407/895/680 2406/896/1676 2410/899/682 2411/898/682 
f 2406/896/1676 2409/893/1676 2412/889/1678 2410/899/682 
f 2413/890/1677 2116/602/1545 2119/603/680 2414/891/680 
f 2414/891/680 2119/603/680 2123/606/682 2415/887/682 
f 2408/892/1677 2413/890/1677 2414/891/680 2409/893/1676 
f 2409/893/1676 2414/891/680 2415/887/682 2412/889/1678 
f 2100/586/666 2397/874/666 2416/886/684 2130/608/684 
f 2397/874/666 2392/876/666 2417/888/684 2416/886/684 
f 2130/608/684 2416/886/684 2415/887/682 2123/606/682 
f 2416/886/684 2417/888/684 2412/889/1678 2415/887/682 
f 2389/881/666 2388/878/666 2418/900/684 2419/901/684 
f 2419/901/684 2418/900/684 2411/898/682 2410/899/682 
f 2392/876/666 2389/881/666 2419/901/684 2417/888/684 
f 2417/888/684 2419/901/684 2410/899/682 2412/889/1678 
f 2420/910/408 2421/913/408 2422/912/409 2423/911/409 
f 2421/913/408 2424/908/408 2425/909/409 2422/912/409 
f 2423/911/409 2422/912/409 2426/915/1679 2427/914/1563 
f 2422/912/409 2425/909/409 2428/905/412 2426/915/1679 
f 2429/906/408 2132/618/408 2135/619/409 2430/907/1680 
f 2430/907/1680 2135/619/409 2139/622/1563 2431/903/412 
f 2424/908/408 2429/906/408 2430/907/1680 2425/909/409 
f 2425/909/409 2430/907/1680 2431/903/412 2428/905/412 
f 2116/602/1545 2413/890/1677 2432/902/414 2146/624/414 
f 2413/890/1677 2408/892/1677 2433/904/414 2432/902/414 
f 2146/624/414 2432/902/414 2431/903/412 2139/622/1563 
f 2432/902/414 2433/904/414 2428/905/412 2431/903/412 
f 2405/897/415 2404/894/1545 2434/916/414 2435/917/414 
f 2435/917/414 2434/916/414 2427/914/1563 2426/915/1679 
f 2408/892/1677 2405/897/415 2435/917/414 2433/904/414 
f 2433/904/414 2435/917/414 2426/915/1679 2428/905/412 
f 2436/926/426 2437/929/426 2438/928/427 2439/927/427 
f 2437/929/426 2440/924/426 2441/925/427 2438/928/427 
f 2439/927/427 2438/928/427 2442/931/430 2443/930/430 
f 2438/928/427 2441/925/427 2444/921/430 2442/931/430 
f 2445/922/686 2148/634/426 2151/635/427 2446/923/687 
f 2446/923/687 2151/635/427 2155/638/430 2447/919/1681 
f 2440/924/426 2445/922/686 2446/923/687 2441/925/427 
f 2441/925/427 2446/923/687 2447/919/1681 2444/921/430 
f 2132/618/408 2429/906/408 2448/918/432 2162/640/1582 
f 2429/906/408 2424/908/408 2449/920/432 2448/918/432 
f 2162/640/1582 2448/918/432 2447/919/1681 2155/638/430 
f 2448/918/432 2449/920/432 2444/921/430 2447/919/1681 
f 2421/913/408 2420/910/408 2450/932/1582 2451/933/432 
f 2451/933/432 2450/932/1582 2443/930/430 2442/931/430 
f 2424/908/408 2421/913/408 2451/933/432 2449/920/432 
f 2449/920/432 2451/933/432 2442/931/430 2444/921/430 
f 2452/942/442 2453/945/442 2454/944/443 2455/943/443 
f 2453/945/442 2456/940/442 2457/941/1682 2454/944/443 
f 2455/943/443 2454/944/443 2458/947/446 2459/946/446 
f 2454/944/443 2457/941/1682 2460/937/446 2458/947/446 
f 2461/938/1683 2164/650/442 2167/651/443 2462/939/443 
f 2462/939/443 2167/651/443 2171/654/446 2463/935/446 
f 2456/940/442 2461/938/1683 2462/939/443 2457/941/1682 
f 2457/941/1682 2462/939/443 2463/935/446 2460/937/446 
f 2148/634/426 2445/922/686 2464/934/689 2178/656/689 
f 2445/922/686 2440/924/426 2465/936/689 2464/934/689 
f 2178/656/689 2464/934/689 2463/935/446 2171/654/446 
f 2464/934/689 2465/936/689 2460/937/446 2463/935/446 
f 2437/929/426 2436/926/426 2466/948/689 2467/949/689 
f 2467/949/689 2466/948/689 2459/946/446 2458/947/446 
f 2440/924/426 2437/929/426 2467/949/689 2465/936/689 
f 2465/936/689 2467/949/689 2458/947/446 2460/937/446 
f 2468/958/693 2469/961/458 2470/960/459 2471/959/692 
f 2469/961/458 2472/956/691 2473/957/692 2470/960/459 
f 2471/959/692 2470/960/459 2474/963/694 2475/962/462 
f 2470/960/459 2473/957/692 2476/953/462 2474/963/694 
f 2477/954/691 2180/666/693 2183/667/692 2478/955/692 
f 2478/955/692 2183/667/692 2187/670/462 2479/951/462 
f 2472/956/691 2477/954/691 2478/955/692 2473/957/692 
f 2473/957/692 2478/955/692 2479/951/462 2476/953/462 
f 2164/650/442 2461/938/1683 2480/950/690 2194/672/690 
f 2461/938/1683 2456/940/442 2481/952/464 2480/950/690 
f 2194/672/690 2480/950/690 2479/951/462 2187/670/462 
f 2480/950/690 2481/952/464 2476/953/462 2479/951/462 
f 2453/945/442 2452/942/442 2482/964/690 2483/965/690 
f 2483/965/690 2482/964/690 2475/962/462 2474/963/694 
f 2456/940/442 2453/945/442 2483/965/690 2481/952/464 
f 2481/952/464 2483/965/690 2474/963/694 2476/953/462 
f 2484/974/474 2485/977/696 2486/976/475 2487/975/475 
f 2485/977/696 2488/972/474 2489/973/475 2486/976/475 
f 2487/975/475 2486/976/475 2490/979/478 2491/978/478 
f 2486/976/475 2489/973/475 2492/969/1684 2490/979/478 
f 2493/970/1685 2196/682/474 2199/683/475 2494/971/475 
f 2494/971/475 2199/683/475 2203/686/478 2495/967/1686 
f 2488/972/474 2493/970/1685 2494/971/475 2489/973/475 
f 2489/973/475 2494/971/475 2495/967/1686 2492/969/1684 
f 2180/666/693 2477/954/691 2496/966/480 2210/688/480 
f 2477/954/691 2472/956/691 2497/968/480 2496/966/480 
f 2210/688/480 2496/966/480 2495/967/1686 2203/686/478 
f 2496/966/480 2497/968/480 2492/969/1684 2495/967/1686 
f 2469/961/458 2468/958/693 2498/980/480 2499/981/480 
f 2499/981/480 2498/980/480 2491/978/478 2490/979/478 
f 2472/956/691 2469/961/458 2499/981/480 2497/968/480 
f 2497/968/480 2499/981/480 2490/979/478 2492/969/1684 
f 2500/990/698 2501/993/698 2502/992/491 2503/991/699 
f 2501/993/698 2504/988/698 2505/989/491 2502/992/491 
f 2503/991/699 2502/992/491 2506/995/494 2507/994/494 
f 2502/992/491 2505/989/491 2508/985/494 2506/995/494 
f 2509/986/490 2212/698/698 2215/699/699 2510/987/491 
f 2510/987/491 2215/699/699 2219/702/494 2511/983/700 
f 2504/988/698 2509/986/490 2510/987/491 2505/989/491 
f 2505/989/491 2510/987/491 2511/983/700 2508/985/494 
f 2196/682/474 2493/970/1685 2512/982/496 2226/704/496 
f 2493/970/1685 2488/972/474 2513/984/496 2512/982/496 
f 2226/704/496 2512/982/496 2511/983/700 2219/702/494 
f 2512/982/496 2513/984/496 2508/985/494 2511/983/700 
f 2485/977/696 2484/974/474 2514/996/496 2515/997/496 
f 2515/997/496 2514/996/496 2507/994/494 2506/995/494 
f 2488/972/474 2485/977/696 2515/997/496 2513/984/496 
f 2513/984/496 2515/997/496 2506/995/494 2508/985/494 
f 2516/1006/506 2517/1009/506 2518/1008/507 2519/1007/507 
f 2517/1009/506 2520/1004/506 2521/1005/507 2518/1008/507 
f 2519/1007/507 2518/1008/507 2522/1011/510 2523/1010/510 
f 2518/1008/507 2521/1005/507 2524/1001/1687 2522/1011/510 
f 2525/1002/506 2228/714/506 2231/715/507 2526/1003/507 
f 2526/1003/507 2231/715/507 2235/718/510 2527/999/510 
f 2520/1004/506 2525/1002/506 2526/1003/507 2521/1005/507 
f 2521/1005/507 2526/1003/507 2527/999/510 2524/1001/1687 
f 2212/698/698 2509/986/490 2528/998/701 2242/720/701 
f 2509/986/490 2504/988/698 2529/1000/512 2528/998/701 
f 2242/720/701 2528/998/701 2527/999/510 2235/718/510 
f 2528/998/701 2529/1000/512 2524/1001/1687 2527/999/510 
f 2501/993/698 2500/990/698 2530/1012/701 2531/1013/701 
f 2531/1013/701 2530/1012/701 2523/1010/510 2522/1011/510 
f 2504/988/698 2501/993/698 2531/1013/701 2529/1000/512 
f 2529/1000/512 2531/1013/701 2522/1011/510 2524/1001/1687 
f 2532/1022/522 2533/1025/522 2534/1024/1688 2535/1023/523 
f 2533/1025/522 2536/1020/522 2537/1021/523 2534/1024/1688 
f 2535/1023/523 2534/1024/1688 2538/1027/704 2539/1026/526 
f 2534/1024/1688 2537/1021/523 2540/1017/526 2538/1027/704 
f 2541/1018/522 2244/730/522 2247/731/523 2542/1019/523 
f 2542/1019/523 2247/731/523 2251/734/526 2543/1015/526 
f 2536/1020/522 2541/1018/522 2542/1019/523 2537/1021/523 
f 2537/1021/523 2542/1019/523 2543/1015/526 2540/1017/526 
f 2228/714/506 2525/1002/506 2544/1014/703 2258/736/703 
f 2525/1002/506 2520/1004/506 2545/1016/703 2544/1014/703 
f 2258/736/703 2544/1014/703 2543/1015/526 2251/734/526 
f 2544/1014/703 2545/1016/703 2540/1017/526 2543/1015/526 
f 2517/1009/506 2516/1006/506 2546/1028/703 2547/1029/703 
f 2547/1029/703 2546/1028/703 2539/1026/526 2538/1027/704 
f 2520/1004/506 2517/1009/506 2547/1029/703 2545/1016/703 
f 2545/1016/703 2547/1029/703 2538/1027/704 2540/1017/526 
f 2289/767/706 2288/768/706 2548/1037/539 2549/1036/539 
f 2288/768/706 2286/754/706 2550/1035/539 2548/1037/539 
f 2549/1036/539 2548/1037/539 2551/1039/542 2552/1038/542 
f 2548/1037/539 2550/1035/539 2553/1033/705 2551/1039/542 
f 2284/751/707 2001/475/706 2261/744/539 2554/1034/539 
f 2554/1034/539 2261/744/539 2264/746/542 2555/1031/542 
f 2286/754/706 2284/751/707 2554/1034/539 2550/1035/539 
f 2550/1035/539 2554/1034/539 2555/1031/542 2553/1033/705 
f 2244/730/522 2541/1018/522 2556/1030/544 2270/748/544 
f 2541/1018/522 2536/1020/522 2557/1032/544 2556/1030/544 
f 2270/748/544 2556/1030/544 2555/1031/542 2264/746/542 
f 2556/1030/544 2557/1032/544 2553/1033/705 2555/1031/542 
f 2533/1025/522 2532/1022/522 2558/1040/544 2559/1041/544 
f 2559/1041/544 2558/1040/544 2552/1038/542 2551/1039/542 
f 2536/1020/522 2533/1025/522 2559/1041/544 2557/1032/544 
f 2557/1032/544 2559/1041/544 2551/1039/542 2553/1033/705 
f 2560/1052/554 2561/1055/1665 2562/1054/555 2563/1053/555 
f 2561/1055/1665 2564/1050/554 2565/1051/555 2562/1054/555 
f 2563/1053/555 2562/1054/555 2566/1057/708 2567/1056/708 
f 2562/1054/555 2565/1051/555 2568/1047/708 2566/1057/708 
f 2569/1048/554 2272/760/554 2275/761/555 2570/1049/555 
f 2570/1049/555 2275/761/555 2279/764/708 2571/1044/1666 
f 2564/1050/554 2569/1048/554 2570/1049/555 2565/1051/555 
f 2565/1051/555 2570/1049/555 2571/1044/1666 2568/1047/708 
f 2289/767/706 2572/1043/707 2573/1042/560 2290/766/560 
f 2572/1043/707 2574/1046/706 2575/1045/560 2573/1042/560 
f 2290/766/560 2573/1042/560 2571/1044/1666 2279/764/708 
f 2573/1042/560 2575/1045/560 2568/1047/708 2571/1044/1666 
f 2576/1060/706 2577/1059/706 2578/1058/560 2579/1061/560 
f 2579/1061/560 2578/1058/560 2567/1056/708 2566/1057/708 
f 2574/1046/706 2576/1060/706 2579/1061/560 2575/1045/560 
f 2575/1045/560 2579/1061/560 2566/1057/708 2568/1047/708 
f 2580/1070/570 2581/1073/570 2582/1072/571 2583/1071/571 
f 2581/1073/570 2584/1068/570 2585/1069/1667 2582/1072/571 
f 2583/1071/571 2582/1072/571 2586/1075/574 2587/1074/574 
f 2582/1072/571 2585/1069/1667 2588/1065/710 2586/1075/574 
f 2589/1066/570 2292/778/570 2295/779/571 2590/1067/571 
f 2590/1067/571 2295/779/571 2299/782/574 2591/1063/574 
f 2584/1068/570 2589/1066/570 2590/1067/571 2585/1069/1667 
f 2585/1069/1667 2590/1067/571 2591/1063/574 2588/1065/710 
f 2272/760/554 2569/1048/554 2592/1062/576 2306/784/576 
f 2569/1048/554 2564/1050/554 2593/1064/576 2592/1062/576 
f 2306/784/576 2592/1062/576 2591/1063/574 2299/782/574 
f 2592/1062/576 2593/1064/576 2588/1065/710 2591/1063/574 
f 2561/1055/1665 2560/1052/554 2594/1076/576 2595/1077/576 
f 2595/1077/576 2594/1076/576 2587/1074/574 2586/1075/574 
f 2564/1050/554 2561/1055/1665 2595/1077/576 2593/1064/576 
f 2593/1064/576 2595/1077/576 2586/1075/574 2588/1065/710 
f 2596/1086/586 2597/1089/586 2598/1088/587 2599/1087/587 
f 2597/1089/586 2600/1084/586 2601/1085/587 2598/1088/587 
f 2599/1087/587 2598/1088/587 2602/1091/590 2603/1090/590 
f 2598/1088/587 2601/1085/587 2604/1081/590 2602/1091/590 
f 2605/1082/586 2308/794/586 2311/795/587 2606/1083/1668 
f 2606/1083/1668 2311/795/587 2315/798/590 2607/1079/1669 
f 2600/1084/586 2605/1082/586 2606/1083/1668 2601/1085/587 
f 2601/1085/587 2606/1083/1668 2607/1079/1669 2604/1081/590 
f 2292/778/570 2589/1066/570 2608/1078/592 2322/800/592 
f 2589/1066/570 2584/1068/570 2609/1080/592 2608/1078/592 
f 2322/800/592 2608/1078/592 2607/1079/1669 2315/798/590 
f 2608/1078/592 2609/1080/592 2604/1081/590 2607/1079/1669 
f 2581/1073/570 2580/1070/570 2610/1092/592 2611/1093/592 
f 2611/1093/592 2610/1092/592 2603/1090/590 2602/1091/590 
f 2584/1068/570 2581/1073/570 2611/1093/592 2609/1080/592 
f 2609/1080/592 2611/1093/592 2602/1091/590 2604/1081/590 
f 2612/1102/602 2613/1105/714 2614/1104/603 2615/1103/603 
f 2613/1105/714 2616/1100/602 2617/1101/603 2614/1104/603 
f 2615/1103/603 2614/1104/603 2618/1107/715 2619/1106/606 
f 2614/1104/603 2617/1101/603 2620/1097/606 2618/1107/715 
f 2621/1098/1670 2324/810/602 2327/811/603 2622/1099/603 
f 2622/1099/603 2327/811/603 2331/814/606 2623/1095/606 
f 2616/1100/602 2621/1098/1670 2622/1099/603 2617/1101/603 
f 2617/1101/603 2622/1099/603 2623/1095/606 2620/1097/606 
f 2308/794/586 2605/1082/586 2624/1094/712 2338/816/712 
f 2605/1082/586 2600/1084/586 2625/1096/712 2624/1094/712 
f 2338/816/712 2624/1094/712 2623/1095/606 2331/814/606 
f 2624/1094/712 2625/1096/712 2620/1097/606 2623/1095/606 
f 2597/1089/586 2596/1086/586 2626/1108/712 2627/1109/712 
f 2627/1109/712 2626/1108/712 2619/1106/606 2618/1107/715 
f 2600/1084/586 2597/1089/586 2627/1109/712 2625/1096/712 
f 2625/1096/712 2627/1109/712 2618/1107/715 2620/1097/606 
f 2628/1120/717 2629/1123/717 2630/1122/718 2631/1121/718 
f 2629/1123/717 2632/1118/717 2633/1119/718 2630/1122/718 
f 2631/1121/718 2630/1122/718 2634/1125/721 2635/1124/1501 
f 2630/1122/718 2633/1119/718 2636/1115/716 2634/1125/721 
f 2637/1116/717 2340/828/717 2343/829/718 2638/1117/619 
f 2638/1117/619 2343/829/718 2347/832/1501 2639/1112/1501 
f 2632/1118/717 2637/1116/717 2638/1117/619 2633/1119/718 
f 2633/1119/718 2638/1117/619 2639/1112/1501 2636/1115/716 
f 2324/835/602 2621/1111/1670 2640/1110/1671 2354/834/624 
f 2621/1111/1670 2616/1114/602 2641/1113/624 2640/1110/1671 
f 2354/834/624 2640/1110/1671 2639/1112/1501 2347/832/1501 
f 2640/1110/1671 2641/1113/624 2636/1115/716 2639/1112/1501 
f 2613/1128/714 2612/1127/602 2642/1126/624 2643/1129/624 
f 2643/1129/624 2642/1126/624 2635/1124/1501 2634/1125/721 
f 2616/1114/602 2613/1128/714 2643/1129/624 2641/1113/624 
f 2641/1113/624 2643/1129/624 2634/1125/721 2636/1115/716 
f 2644/1138/634 2645/1141/634 2646/1140/635 2647/1139/635 
f 2645/1141/634 2648/1136/634 2649/1137/1672 2646/1140/635 
f 2647/1139/635 2646/1140/635 2650/1143/638 2651/1142/638 
f 2646/1140/635 2649/1137/1672 2652/1133/638 2650/1143/638 
f 2653/1134/634 2356/846/634 2359/847/635 2654/1135/635 
f 2654/1135/635 2359/847/635 2363/850/638 2655/1131/638 
f 2648/1136/634 2653/1134/634 2654/1135/635 2649/1137/1672 
f 2649/1137/1672 2654/1135/635 2655/1131/638 2652/1133/638 
f 2340/828/717 2637/1116/717 2656/1130/640 2370/852/640 
f 2637/1116/717 2632/1118/717 2657/1132/640 2656/1130/640 
f 2370/852/640 2656/1130/640 2655/1131/638 2363/850/638 
f 2656/1130/640 2657/1132/640 2652/1133/638 2655/1131/638 
f 2629/1123/717 2628/1120/717 2658/1144/640 2659/1145/640 
f 2659/1145/640 2658/1144/640 2651/1142/638 2650/1143/638 
f 2632/1118/717 2629/1123/717 2659/1145/640 2657/1132/640 
f 2657/1132/640 2659/1145/640 2650/1143/638 2652/1133/638 
f 2660/1154/650 2661/1157/650 2662/1156/651 2663/1155/651 
f 2661/1157/650 2664/1152/650 2665/1153/651 2662/1156/651 
f 2663/1155/651 2662/1156/651 2666/1159/654 2667/1158/654 
f 2662/1156/651 2665/1153/651 2668/1149/654 2666/1159/654 
f 2669/1150/650 2372/862/650 2375/863/651 2670/1151/651 
f 2670/1151/651 2375/863/651 2379/866/654 2671/1147/654 
f 2664/1152/650 2669/1150/650 2670/1151/651 2665/1153/651 
f 2665/1153/651 2670/1151/651 2671/1147/654 2668/1149/654 
f 2356/846/634 2653/1134/634 2672/1146/656 2386/868/656 
f 2653/1134/634 2648/1136/634 2673/1148/656 2672/1146/656 
f 2386/868/656 2672/1146/656 2671/1147/654 2379/866/654 
f 2672/1146/656 2673/1148/656 2668/1149/654 2671/1147/654 
f 2645/1141/634 2644/1138/634 2674/1160/656 2675/1161/656 
f 2675/1161/656 2674/1160/656 2667/1158/654 2666/1159/654 
f 2648/1136/634 2645/1141/634 2675/1161/656 2673/1148/656 
f 2673/1148/656 2675/1161/656 2666/1159/654 2668/1149/654 
f 2676/1170/666 2677/1173/666 2678/1172/1673 2679/1171/667 
f 2677/1173/666 2680/1168/666 2681/1169/667 2678/1172/1673 
f 2679/1171/667 2678/1172/1673 2682/1175/1674 2683/1174/670 
f 2678/1172/1673 2681/1169/667 2684/1165/670 2682/1175/1674 
f 2685/1166/666 2388/878/666 2391/879/667 2686/1167/667 
f 2686/1167/667 2391/879/667 2395/882/670 2687/1163/670 
f 2680/1168/666 2685/1166/666 2686/1167/667 2681/1169/667 
f 2681/1169/667 2686/1167/667 2687/1163/670 2684/1165/670 
f 2372/862/650 2669/1150/650 2688/1162/672 2402/884/672 
f 2669/1150/650 2664/1152/650 2689/1164/672 2688/1162/672 
f 2402/884/672 2688/1162/672 2687/1163/670 2395/882/670 
f 2688/1162/672 2689/1164/672 2684/1165/670 2687/1163/670 
f 2661/1157/650 2660/1154/650 2690/1176/672 2691/1177/1675 
f 2691/1177/1675 2690/1176/672 2683/1174/670 2682/1175/1674 
f 2664/1152/650 2661/1157/650 2691/1177/1675 2689/1164/672 
f 2689/1164/672 2691/1177/1675 2682/1175/1674 2684/1165/670 
f 2692/1186/1545 2693/1189/415 2694/1188/1676 2695/1187/680 
f 2693/1189/415 2696/1184/1677 2697/1185/1676 2694/1188/1676 
f 2695/1187/680 2694/1188/1676 2698/1191/682 2699/1190/682 
f 2694/1188/1676 2697/1185/1676 2700/1181/1678 2698/1191/682 
f 2701/1182/1677 2404/894/1545 2407/895/680 2702/1183/680 
f 2702/1183/680 2407/895/680 2411/898/682 2703/1179/682 
f 2696/1184/1677 2701/1182/1677 2702/1183/680 2697/1185/1676 
f 2697/1185/1676 2702/1183/680 2703/1179/682 2700/1181/1678 
f 2388/878/666 2685/1166/666 2704/1178/684 2418/900/684 
f 2685/1166/666 2680/1168/666 2705/1180/684 2704/1178/684 
f 2418/900/684 2704/1178/684 2703/1179/682 2411/898/682 
f 2704/1178/684 2705/1180/684 2700/1181/1678 2703/1179/682 
f 2677/1173/666 2676/1170/666 2706/1192/684 2707/1193/684 
f 2707/1193/684 2706/1192/684 2699/1190/682 2698/1191/682 
f 2680/1168/666 2677/1173/666 2707/1193/684 2705/1180/684 
f 2705/1180/684 2707/1193/684 2698/1191/682 2700/1181/1678 
f 2708/1202/408 2709/1205/408 2710/1204/409 2711/1203/409 
f 2709/1205/408 2712/1200/408 2713/1201/409 2710/1204/409 
f 2711/1203/409 2710/1204/409 2714/1207/1679 2715/1206/1563 
f 2710/1204/409 2713/1201/409 2716/1197/412 2714/1207/1679 
f 2717/1198/408 2420/910/408 2423/911/409 2718/1199/1680 
f 2718/1199/1680 2423/911/409 2427/914/1563 2719/1195/412 
f 2712/1200/408 2717/1198/408 2718/1199/1680 2713/1201/409 
f 2713/1201/409 2718/1199/1680 2719/1195/412 2716/1197/412 
f 2404/894/1545 2701/1182/1677 2720/1194/414 2434/916/414 
f 2701/1182/1677 2696/1184/1677 2721/1196/414 2720/1194/414 
f 2434/916/414 2720/1194/414 2719/1195/412 2427/914/1563 
f 2720/1194/414 2721/1196/414 2716/1197/412 2719/1195/412 
f 2693/1189/415 2692/1186/1545 2722/1208/414 2723/1209/414 
f 2723/1209/414 2722/1208/414 2715/1206/1563 2714/1207/1679 
f 2696/1184/1677 2693/1189/415 2723/1209/414 2721/1196/414 
f 2721/1196/414 2723/1209/414 2714/1207/1679 2716/1197/412 
f 2724/1218/426 2725/1221/426 2726/1220/427 2727/1219/427 
f 2725/1221/426 2728/1216/426 2729/1217/427 2726/1220/427 
f 2727/1219/427 2726/1220/427 2730/1223/430 2731/1222/430 
f 2726/1220/427 2729/1217/427 2732/1213/430 2730/1223/430 
f 2733/1214/686 2436/926/426 2439/927/427 2734/1215/687 
f 2734/1215/687 2439/927/427 2443/930/430 2735/1211/1681 
f 2728/1216/426 2733/1214/686 2734/1215/687 2729/1217/427 
f 2729/1217/427 2734/1215/687 2735/1211/1681 2732/1213/430 
f 2420/910/408 2717/1198/408 2736/1210/432 2450/932/1582 
f 2717/1198/408 2712/1200/408 2737/1212/432 2736/1210/432 
f 2450/932/1582 2736/1210/432 2735/1211/1681 2443/930/430 
f 2736/1210/432 2737/1212/432 2732/1213/430 2735/1211/1681 
f 2709/1205/408 2708/1202/408 2738/1224/1582 2739/1225/432 
f 2739/1225/432 2738/1224/1582 2731/1222/430 2730/1223/430 
f 2712/1200/408 2709/1205/408 2739/1225/432 2737/1212/432 
f 2737/1212/432 2739/1225/432 2730/1223/430 2732/1213/430 
f 2740/1234/442 2741/1237/442 2742/1236/443 2743/1235/443 
f 2741/1237/442 2744/1232/442 2745/1233/1682 2742/1236/443 
f 2743/1235/443 2742/1236/443 2746/1239/446 2747/1238/446 
f 2742/1236/443 2745/1233/1682 2748/1229/446 2746/1239/446 
f 2749/1230/1683 2452/942/442 2455/943/443 2750/1231/443 
f 2750/1231/443 2455/943/443 2459/946/446 2751/1227/446 
f 2744/1232/442 2749/1230/1683 2750/1231/443 2745/1233/1682 
f 2745/1233/1682 2750/1231/443 2751/1227/446 2748/1229/446 
f 2436/926/426 2733/1214/686 2752/1226/689 2466/948/689 
f 2733/1214/686 2728/1216/426 2753/1228/689 2752/1226/689 
f 2466/948/689 2752/1226/689 2751/1227/446 2459/946/446 
f 2752/1226/689 2753/1228/689 2748/1229/446 2751/1227/446 
f 2725/1221/426 2724/1218/426 2754/1240/689 2755/1241/689 
f 2755/1241/689 2754/1240/689 2747/1238/446 2746/1239/446 
f 2728/1216/426 2725/1221/426 2755/1241/689 2753/1228/689 
f 2753/1228/689 2755/1241/689 2746/1239/446 2748/1229/446 
f 2756/1250/693 2757/1253/458 2758/1252/459 2759/1251/692 
f 2757/1253/458 2760/1248/691 2761/1249/692 2758/1252/459 
f 2759/1251/692 2758/1252/459 2762/1255/694 2763/1254/462 
f 2758/1252/459 2761/1249/692 2764/1245/462 2762/1255/694 
f 2765/1246/691 2468/958/693 2471/959/692 2766/1247/692 
f 2766/1247/692 2471/959/692 2475/962/462 2767/1243/462 
f 2760/1248/691 2765/1246/691 2766/1247/692 2761/1249/692 
f 2761/1249/692 2766/1247/692 2767/1243/462 2764/1245/462 
f 2452/942/442 2749/1230/1683 2768/1242/690 2482/964/690 
f 2749/1230/1683 2744/1232/442 2769/1244/464 2768/1242/690 
f 2482/964/690 2768/1242/690 2767/1243/462 2475/962/462 
f 2768/1242/690 2769/1244/464 2764/1245/462 2767/1243/462 
f 2741/1237/442 2740/1234/442 2770/1256/690 2771/1257/690 
f 2771/1257/690 2770/1256/690 2763/1254/462 2762/1255/694 
f 2744/1232/442 2741/1237/442 2771/1257/690 2769/1244/464 
f 2769/1244/464 2771/1257/690 2762/1255/694 2764/1245/462 
f 2772/1266/474 2773/1269/696 2774/1268/475 2775/1267/475 
f 2773/1269/696 2776/1264/474 2777/1265/475 2774/1268/475 
f 2775/1267/475 2774/1268/475 2778/1271/478 2779/1270/478 
f 2774/1268/475 2777/1265/475 2780/1261/1684 2778/1271/478 
f 2781/1262/1685 2484/974/474 2487/975/475 2782/1263/475 
f 2782/1263/475 2487/975/475 2491/978/478 2783/1259/1686 
f 2776/1264/474 2781/1262/1685 2782/1263/475 2777/1265/475 
f 2777/1265/475 2782/1263/475 2783/1259/1686 2780/1261/1684 
f 2468/958/693 2765/1246/691 2784/1258/480 2498/980/480 
f 2765/1246/691 2760/1248/691 2785/1260/480 2784/1258/480 
f 2498/980/480 2784/1258/480 2783/1259/1686 2491/978/478 
f 2784/1258/480 2785/1260/480 2780/1261/1684 2783/1259/1686 
f 2757/1253/458 2756/1250/693 2786/1272/480 2787/1273/480 
f 2787/1273/480 2786/1272/480 2779/1270/478 2778/1271/478 
f 2760/1248/691 2757/1253/458 2787/1273/480 2785/1260/480 
f 2785/1260/480 2787/1273/480 2778/1271/478 2780/1261/1684 
f 2788/1282/698 2789/1285/698 2790/1284/491 2791/1283/699 
f 2789/1285/698 2792/1280/698 2793/1281/491 2790/1284/491 
f 2791/1283/699 2790/1284/491 2794/1287/494 2795/1286/494 
f 2790/1284/491 2793/1281/491 2796/1277/494 2794/1287/494 
f 2797/1278/490 2500/990/698 2503/991/699 2798/1279/491 
f 2798/1279/491 2503/991/699 2507/994/494 2799/1275/700 
f 2792/1280/698 2797/1278/490 2798/1279/491 2793/1281/491 
f 2793/1281/491 2798/1279/491 2799/1275/700 2796/1277/494 
f 2484/974/474 2781/1262/1685 2800/1274/496 2514/996/496 
f 2781/1262/1685 2776/1264/474 2801/1276/496 2800/1274/496 
f 2514/996/496 2800/1274/496 2799/1275/700 2507/994/494 
f 2800/1274/496 2801/1276/496 2796/1277/494 2799/1275/700 
f 2773/1269/696 2772/1266/474 2802/1288/496 2803/1289/496 
f 2803/1289/496 2802/1288/496 2795/1286/494 2794/1287/494 
f 2776/1264/474 2773/1269/696 2803/1289/496 2801/1276/496 
f 2801/1276/496 2803/1289/496 2794/1287/494 2796/1277/494 
f 2804/1298/506 2805/1301/506 2806/1300/507 2807/1299/507 
f 2805/1301/506 2808/1296/506 2809/1297/507 2806/1300/507 
f 2807/1299/507 2806/1300/507 2810/1303/510 2811/1302/510 
f 2806/1300/507 2809/1297/507 2812/1293/1687 2810/1303/510 
f 2813/1294/506 2516/1006/506 2519/1007/507 2814/1295/507 
f 2814/1295/507 2519/1007/507 2523/1010/510 2815/1291/510 
f 2808/1296/506 2813/1294/506 2814/1295/507 2809/1297/507 
f 2809/1297/507 2814/1295/507 2815/1291/510 2812/1293/1687 
f 2500/990/698 2797/1278/490 2816/1290/701 2530/1012/701 
f 2797/1278/490 2792/1280/698 2817/1292/512 2816/1290/701 
f 2530/1012/701 2816/1290/701 2815/1291/510 2523/1010/510 
f 2816/1290/701 2817/1292/512 2812/1293/1687 2815/1291/510 
f 2789/1285/698 2788/1282/698 2818/1304/701 2819/1305/701 
f 2819/1305/701 2818/1304/701 2811/1302/510 2810/1303/510 
f 2792/1280/698 2789/1285/698 2819/1305/701 2817/1292/512 
f 2817/1292/512 2819/1305/701 2810/1303/510 2812/1293/1687 
f 2820/1314/522 2821/1317/522 2822/1316/1688 2823/1315/523 
f 2821/1317/522 2824/1312/522 2825/1313/523 2822/1316/1688 
f 2823/1315/523 2822/1316/1688 2826/1319/704 2827/1318/526 
f 2822/1316/1688 2825/1313/523 2828/1309/526 2826/1319/704 
f 2829/1310/522 2532/1022/522 2535/1023/523 2830/1311/523 
f 2830/1311/523 2535/1023/523 2539/1026/526 2831/1307/526 
f 2824/1312/522 2829/1310/522 2830/1311/523 2825/1313/523 
f 2825/1313/523 2830/1311/523 2831/1307/526 2828/1309/526 
f 2516/1006/506 2813/1294/506 2832/1306/703 2546/1028/703 
f 2813/1294/506 2808/1296/506 2833/1308/703 2832/1306/703 
f 2546/1028/703 2832/1306/703 2831/1307/526 2539/1026/526 
f 2832/1306/703 2833/1308/703 2828/1309/526 2831/1307/526 
f 2805/1301/506 2804/1298/506 2834/1320/703 2835/1321/703 
f 2835/1321/703 2834/1320/703 2827/1318/526 2826/1319/704 
f 2808/1296/506 2805/1301/506 2835/1321/703 2833/1308/703 
f 2833/1308/703 2835/1321/703 2826/1319/704 2828/1309/526 
f 2577/1059/706 2576/1060/706 2836/1329/539 2837/1328/539 
f 2576/1060/706 2574/1046/706 2838/1327/539 2836/1329/539 
f 2837/1328/539 2836/1329/539 2839/1331/542 2840/1330/542 
f 2836/1329/539 2838/1327/539 2841/1325/705 2839/1331/542 
f 2572/1043/707 2289/767/706 2549/1036/539 2842/1326/539 
f 2842/1326/539 2549/1036/539 2552/1038/542 2843/1323/542 
f 2574/1046/706 2572/1043/707 2842/1326/539 2838/1327/539 
f 2838/1327/539 2842/1326/539 2843/1323/542 2841/1325/705 
f 2532/1022/522 2829/1310/522 2844/1322/544 2558/1040/544 
f 2829/1310/522 2824/1312/522 2845/1324/544 2844/1322/544 
f 2558/1040/544 2844/1322/544 2843/1323/542 2552/1038/542 
f 2844/1322/544 2845/1324/544 2841/1325/705 2843/1323/542 
f 2821/1317/522 2820/1314/522 2846/1332/544 2847/1333/544 
f 2847/1333/544 2846/1332/544 2840/1330/542 2839/1331/542 
f 2824/1312/522 2821/1317/522 2847/1333/544 2845/1324/544 
f 2845/1324/544 2847/1333/544 2839/1331/542 2841/1325/705 
f 2848/1344/1689 2849/1347/1690 2850/1346/1691 2851/1345/1692 
f 2849/1347/1690 2852/1342/1693 2853/1343/1694 2850/1346/1691 
f 2851/1345/1692 2850/1346/1691 2854/1349/1695 2855/1348/1696 
f 2850/1346/1691 2853/1343/1694 2856/1339/1697 2854/1349/1695 
f 2857/1340/1698 2560/1052/554 2563/1053/555 2858/1341/1699 
f 2858/1341/1699 2563/1053/555 2567/1056/708 2859/1336/1700 
f 2852/1342/1693 2857/1340/1698 2858/1341/1699 2853/1343/1694 
f 2853/1343/1694 2858/1341/1699 2859/1336/1700 2856/1339/1697 
f 2577/1059/706 2860/1335/1701 2861/1334/1702 2578/1058/560 
f 2860/1335/1701 2862/1338/1703 2863/1337/1704 2861/1334/1702 
f 2578/1058/560 2861/1334/1702 2859/1336/1700 2567/1056/708 
f 2861/1334/1702 2863/1337/1704 2856/1339/1697 2859/1336/1700 
f 2864/1352/1705 2865/1351/1706 2866/1350/1707 2867/1353/1708 
f 2867/1353/1708 2866/1350/1707 2855/1348/1696 2854/1349/1695 
f 2862/1338/1703 2864/1352/1705 2867/1353/1708 2863/1337/1704 
f 2863/1337/1704 2867/1353/1708 2854/1349/1695 2856/1339/1697 
f 2868/1362/1709 2869/1365/1710 2870/1364/1711 2871/1363/1712 
f 2869/1365/1710 2872/1360/1713 2873/1361/1714 2870/1364/1711 
f 2871/1363/1712 2870/1364/1711 2874/1367/1715 2875/1366/1716 
f 2870/1364/1711 2873/1361/1714 2876/1357/1717 2874/1367/1715 
f 2877/1358/1718 2580/1070/570 2583/1071/571 2878/1359/1719 
f 2878/1359/1719 2583/1071/571 2587/1074/574 2879/1355/1720 
f 2872/1360/1713 2877/1358/1718 2878/1359/1719 2873/1361/1714 
f 2873/1361/1714 2878/1359/1719 2879/1355/1720 2876/1357/1717 
f 2560/1052/554 2857/1340/1698 2880/1354/1721 2594/1076/576 
f 2857/1340/1698 2852/1342/1693 2881/1356/1722 2880/1354/1721 
f 2594/1076/576 2880/1354/1721 2879/1355/1720 2587/1074/574 
f 2880/1354/1721 2881/1356/1722 2876/1357/1717 2879/1355/1720 
f 2849/1347/1690 2848/1344/1689 2882/1368/1723 2883/1369/1724 
f 2883/1369/1724 2882/1368/1723 2875/1366/1716 2874/1367/1715 
f 2852/1342/1693 2849/1347/1690 2883/1369/1724 2881/1356/1722 
f 2881/1356/1722 2883/1369/1724 2874/1367/1715 2876/1357/1717 
f 2884/1378/1725 2885/1381/1726 2886/1380/1727 2887/1379/1728 
f 2885/1381/1726 2888/1376/1729 2889/1377/1730 2886/1380/1727 
f 2887/1379/1728 2886/1380/1727 2890/1383/1731 2891/1382/1732 
f 2886/1380/1727 2889/1377/1730 2892/1373/1733 2890/1383/1731 
f 2893/1374/1734 2596/1086/586 2599/1087/587 2894/1375/1735 
f 2894/1375/1735 2599/1087/587 2603/1090/590 2895/1371/1736 
f 2888/1376/1729 2893/1374/1734 2894/1375/1735 2889/1377/1730 
f 2889/1377/1730 2894/1375/1735 2895/1371/1736 2892/1373/1733 
f 2580/1070/570 2877/1358/1718 2896/1370/1737 2610/1092/592 
f 2877/1358/1718 2872/1360/1713 2897/1372/1738 2896/1370/1737 
f 2610/1092/592 2896/1370/1737 2895/1371/1736 2603/1090/590 
f 2896/1370/1737 2897/1372/1738 2892/1373/1733 2895/1371/1736 
f 2869/1365/1710 2868/1362/1709 2898/1384/1739 2899/1385/1740 
f 2899/1385/1740 2898/1384/1739 2891/1382/1732 2890/1383/1731 
f 2872/1360/1713 2869/1365/1710 2899/1385/1740 2897/1372/1738 
f 2897/1372/1738 2899/1385/1740 2890/1383/1731 2892/1373/1733 
f 2900/1394/1741 2901/1397/1742 2902/1396/1743 2903/1395/1744 
f 2901/1397/1742 2904/1392/1745 2905/1393/1746 2902/1396/1743 
f 2903/1395/1744 2902/1396/1743 2906/1399/1747 2907/1398/1748 
f 2902/1396/1743 2905/1393/1746 2908/1389/1749 2906/1399/1747 
f 2909/1390/1750 2612/1102/602 2615/1103/603 2910/1391/1751 
f 2910/1391/1751 2615/1103/603 2619/1106/606 2911/1387/1752 
f 2904/1392/1745 2909/1390/1750 2910/1391/1751 2905/1393/1746 
f 2905/1393/1746 2910/1391/1751 2911/1387/1752 2908/1389/1749 
f 2596/1086/586 2893/1374/1734 2912/1386/1753 2626/1108/712 
f 2893/1374/1734 2888/1376/1729 2913/1388/1754 2912/1386/1753 
f 2626/1108/712 2912/1386/1753 2911/1387/1752 2619/1106/606 
f 2912/1386/1753 2913/1388/1754 2908/1389/1749 2911/1387/1752 
f 2885/1381/1726 2884/1378/1725 2914/1400/1755 2915/1401/1756 
f 2915/1401/1756 2914/1400/1755 2907/1398/1748 2906/1399/1747 
f 2888/1376/1729 2885/1381/1726 2915/1401/1756 2913/1388/1754 
f 2913/1388/1754 2915/1401/1756 2906/1399/1747 2908/1389/1749 
f 2916/1412/1757 2917/1415/1758 2918/1414/1759 2919/1413/1760 
f 2917/1415/1758 2920/1410/1761 2921/1411/1762 2918/1414/1759 
f 2919/1413/1760 2918/1414/1759 2922/1417/1763 2923/1416/1764 
f 2918/1414/1759 2921/1411/1762 2924/1407/1765 2922/1417/1763 
f 2925/1408/1766 2628/1120/717 2631/1121/718 2926/1409/1767 
f 2926/1409/1767 2631/1121/718 2635/1124/1501 2927/1404/1768 
f 2920/1410/1761 2925/1408/1766 2926/1409/1767 2921/1411/1762 
f 2921/1411/1762 2926/1409/1767 2927/1404/1768 2924/1407/1765 
f 2612/1127/602 2909/1403/1750 2928/1402/1769 2642/1126/624 
f 2909/1403/1750 2904/1406/1745 2929/1405/1770 2928/1402/1769 
f 2642/1126/624 2928/1402/1769 2927/1404/1768 2635/1124/1501 
f 2928/1402/1769 2929/1405/1770 2924/1407/1765 2927/1404/1768 
f 2901/1420/1742 2900/1419/1741 2930/1418/1771 2931/1421/1772 
f 2931/1421/1772 2930/1418/1771 2923/1416/1764 2922/1417/1763 
f 2904/1406/1745 2901/1420/1742 2931/1421/1772 2929/1405/1770 
f 2929/1405/1770 2931/1421/1772 2922/1417/1763 2924/1407/1765 
f 2932/1430/1773 2933/1433/1774 2934/1432/1775 2935/1431/1776 
f 2933/1433/1774 2936/1428/1777 2937/1429/1778 2934/1432/1775 
f 2935/1431/1776 2934/1432/1775 2938/1435/1779 2939/1434/1780 
f 2934/1432/1775 2937/1429/1778 2940/1425/1781 2938/1435/1779 
f 2941/1426/1782 2644/1138/634 2647/1139/635 2942/1427/1783 
f 2942/1427/1783 2647/1139/635 2651/1142/638 2943/1423/1784 
f 2936/1428/1777 2941/1426/1782 2942/1427/1783 2937/1429/1778 
f 2937/1429/1778 2942/1427/1783 2943/1423/1784 2940/1425/1781 
f 2628/1120/717 2925/1408/1766 2944/1422/1785 2658/1144/640 
f 2925/1408/1766 2920/1410/1761 2945/1424/1786 2944/1422/1785 
f 2658/1144/640 2944/1422/1785 2943/1423/1784 2651/1142/638 
f 2944/1422/1785 2945/1424/1786 2940/1425/1781 2943/1423/1784 
f 2917/1415/1758 2916/1412/1757 2946/1436/1787 2947/1437/1788 
f 2947/1437/1788 2946/1436/1787 2939/1434/1780 2938/1435/1779 
f 2920/1410/1761 2917/1415/1758 2947/1437/1788 2945/1424/1786 
f 2945/1424/1786 2947/1437/1788 2938/1435/1779 2940/1425/1781 
f 2948/1446/1789 2949/1449/1790 2950/1448/1791 2951/1447/1792 
f 2949/1449/1790 2952/1444/1793 2953/1445/1794 2950/1448/1791 
f 2951/1447/1792 2950/1448/1791 2954/1451/1795 2955/1450/1796 
f 2950/1448/1791 2953/1445/1794 2956/1441/1797 2954/1451/1795 
f 2957/1442/1798 2660/1154/650 2663/1155/651 2958/1443/1799 
f 2958/1443/1799 2663/1155/651 2667/1158/654 2959/1439/1800 
f 2952/1444/1793 2957/1442/1798 2958/1443/1799 2953/1445/1794 
f 2953/1445/1794 2958/1443/1799 2959/1439/1800 2956/1441/1797 
f 2644/1138/634 2941/1426/1782 2960/1438/1801 2674/1160/656 
f 2941/1426/1782 2936/1428/1777 2961/1440/1802 2960/1438/1801 
f 2674/1160/656 2960/1438/1801 2959/1439/1800 2667/1158/654 
f 2960/1438/1801 2961/1440/1802 2956/1441/1797 2959/1439/1800 
f 2933/1433/1774 2932/1430/1773 2962/1452/1803 2963/1453/1804 
f 2963/1453/1804 2962/1452/1803 2955/1450/1796 2954/1451/1795 
f 2936/1428/1777 2933/1433/1774 2963/1453/1804 2961/1440/1802 
f 2961/1440/1802 2963/1453/1804 2954/1451/1795 2956/1441/1797 
f 2964/1462/1805 2965/1465/1806 2966/1464/1807 2967/1463/1808 
f 2965/1465/1806 2968/1460/1809 2969/1461/1810 2966/1464/1807 
f 2967/1463/1808 2966/1464/1807 2970/1467/1811 2971/1466/1812 
f 2966/1464/1807 2969/1461/1810 2972/1457/1813 2970/1467/1811 
f 2973/1458/1814 2676/1170/666 2679/1171/667 2974/1459/1815 
f 2974/1459/1815 2679/1171/667 2683/1174/670 2975/1455/1816 
f 2968/1460/1809 2973/1458/1814 2974/1459/1815 2969/1461/1810 
f 2969/1461/1810 2974/1459/1815 2975/1455/1816 2972/1457/1813 
f 2660/1154/650 2957/1442/1798 2976/1454/1817 2690/1176/672 
f 2957/1442/1798 2952/1444/1793 2977/1456/1818 2976/1454/1817 
f 2690/1176/672 2976/1454/1817 2975/1455/1816 2683/1174/670 
f 2976/1454/1817 2977/1456/1818 2972/1457/1813 2975/1455/1816 
f 2949/1449/1790 2948/1446/1789 2978/1468/1819 2979/1469/1820 
f 2979/1469/1820 2978/1468/1819 2971/1466/1812 2970/1467/1811 
f 2952/1444/1793 2949/1449/1790 2979/1469/1820 2977/1456/1818 
f 2977/1456/1818 2979/1469/1820 2970/1467/1811 2972/1457/1813 
f 2980/1478/1821 2981/1481/1822 2982/1480/1823 2983/1479/1824 
f 2981/1481/1822 2984/1476/1825 2985/1477/1826 2982/1480/1823 
f 2983/1479/1824 2982/1480/1823 2986/1483/1827 2987/1482/1828 
f 2982/1480/1823 2985/1477/1826 2988/1473/1829 2986/1483/1827 
f 2989/1474/1830 2692/1186/1545 2695/1187/680 2990/1475/1831 
f 2990/1475/1831 2695/1187/680 2699/1190/682 2991/1471/1832 
f 2984/1476/1825 2989/1474/1830 2990/1475/1831 2985/1477/1826 
f 2985/1477/1826 2990/1475/1831 2991/1471/1832 2988/1473/1829 
f 2676/1170/666 2973/1458/1814 2992/1470/1833 2706/1192/684 
f 2973/1458/1814 2968/1460/1809 2993/1472/1834 2992/1470/1833 
f 2706/1192/684 2992/1470/1833 2991/1471/1832 2699/1190/682 
f 2992/1470/1833 2993/1472/1834 2988/1473/1829 2991/1471/1832 
f 2965/1465/1806 2964/1462/1805 2994/1484/1835 2995/1485/1836 
f 2995/1485/1836 2994/1484/1835 2987/1482/1828 2986/1483/1827 
f 2968/1460/1809 2965/1465/1806 2995/1485/1836 2993/1472/1834 
f 2993/1472/1834 2995/1485/1836 2986/1483/1827 2988/1473/1829 
f 2996/1494/1837 2997/1497/1838 2998/1496/1839 2999/1495/1840 
f 2997/1497/1838 3000/1492/1841 3001/1493/1842 2998/1496/1839 
f 2999/1495/1840 2998/1496/1839 3002/1499/1843 3003/1498/1844 
f 2998/1496/1839 3001/1493/1842 3004/1489/1845 3002/1499/1843 
f 3005/1490/1846 2708/1202/408 2711/1203/409 3006/1491/1847 
f 3006/1491/1847 2711/1203/409 2715/1206/1563 3007/1487/1848 
f 3000/1492/1841 3005/1490/1846 3006/1491/1847 3001/1493/1842 
f 3001/1493/1842 3006/1491/1847 3007/1487/1848 3004/1489/1845 
f 2692/1186/1545 2989/1474/1830 3008/1486/1849 2722/1208/414 
f 2989/1474/1830 2984/1476/1825 3009/1488/1850 3008/1486/1849 
f 2722/1208/414 3008/1486/1849 3007/1487/1848 2715/1206/1563 
f 3008/1486/1849 3009/1488/1850 3004/1489/1845 3007/1487/1848 
f 2981/1481/1822 2980/1478/1821 3010/1500/1851 3011/1501/1852 
f 3011/1501/1852 3010/1500/1851 3003/1498/1844 3002/1499/1843 
f 2984/1476/1825 2981/1481/1822 3011/1501/1852 3009/1488/1850 
f 3009/1488/1850 3011/1501/1852 3002/1499/1843 3004/1489/1845 
f 3012/1510/1853 3013/1513/1854 3014/1512/1855 3015/1511/1856 
f 3013/1513/1854 3016/1508/1857 3017/1509/1858 3014/1512/1855 
f 3015/1511/1856 3014/1512/1855 3018/1515/1859 3019/1514/1860 
f 3014/1512/1855 3017/1509/1858 3020/1505/1861 3018/1515/1859 
f 3021/1506/1862 2724/1218/426 2727/1219/427 3022/1507/1863 
f 3022/1507/1863 2727/1219/427 2731/1222/430 3023/1503/1864 
f 3016/1508/1857 3021/1506/1862 3022/1507/1863 3017/1509/1858 
f 3017/1509/1858 3022/1507/1863 3023/1503/1864 3020/1505/1861 
f 2708/1202/408 3005/1490/1846 3024/1502/1865 2738/1224/1582 
f 3005/1490/1846 3000/1492/1841 3025/1504/1866 3024/1502/1865 
f 2738/1224/1582 3024/1502/1865 3023/1503/1864 2731/1222/430 
f 3024/1502/1865 3025/1504/1866 3020/1505/1861 3023/1503/1864 
f 2997/1497/1838 2996/1494/1837 3026/1516/1867 3027/1517/1868 
f 3027/1517/1868 3026/1516/1867 3019/1514/1860 3018/1515/1859 
f 3000/1492/1841 2997/1497/1838 3027/1517/1868 3025/1504/1866 
f 3025/1504/1866 3027/1517/1868 3018/1515/1859 3020/1505/1861 
f 3028/1526/1869 3029/1529/1870 3030/1528/1871 3031/1527/1872 
f 3029/1529/1870 3032/1524/1873 3033/1525/1874 3030/1528/1871 
f 3031/1527/1872 3030/1528/1871 3034/1531/1875 3035/1530/1876 
f 3030/1528/1871 3033/1525/1874 3036/1521/1877 3034/1531/1875 
f 3037/1522/1878 2740/1234/442 2743/1235/443 3038/1523/1879 
f 3038/1523/1879 2743/1235/443 2747/1238/446 3039/1519/1880 
f 3032/1524/1873 3037/1522/1878 3038/1523/1879 3033/1525/1874 
f 3033/1525/1874 3038/1523/1879 3039/1519/1880 3036/1521/1877 
f 2724/1218/426 3021/1506/1862 3040/1518/1881 2754/1240/689 
f 3021/1506/1862 3016/1508/1857 3041/1520/1882 3040/1518/1881 
f 2754/1240/689 3040/1518/1881 3039/1519/1880 2747/1238/446 
f 3040/1518/1881 3041/1520/1882 3036/1521/1877 3039/1519/1880 
f 3013/1513/1854 3012/1510/1853 3042/1532/1883 3043/1533/1884 
f 3043/1533/1884 3042/1532/1883 3035/1530/1876 3034/1531/1875 
f 3016/1508/1857 3013/1513/1854 3043/1533/1884 3041/1520/1882 
f 3041/1520/1882 3043/1533/1884 3034/1531/1875 3036/1521/1877 
f 3044/1542/1885 3045/1545/1886 3046/1544/1887 3047/1543/1888 
f 3045/1545/1886 3048/1540/1889 3049/1541/1890 3046/1544/1887 
f 3047/1543/1888 3046/1544/1887 3050/1547/1891 3051/1546/1892 
f 3046/1544/1887 3049/1541/1890 3052/1537/1893 3050/1547/1891 
f 3053/1538/1894 2756/1250/693 2759/1251/692 3054/1539/1895 
f 3054/1539/1895 2759/1251/692 2763/1254/462 3055/1535/1896 
f 3048/1540/1889 3053/1538/1894 3054/1539/1895 3049/1541/1890 
f 3049/1541/1890 3054/1539/1895 3055/1535/1896 3052/1537/1893 
f 2740/1234/442 3037/1522/1878 3056/1534/1897 2770/1256/690 
f 3037/1522/1878 3032/1524/1873 3057/1536/1898 3056/1534/1897 
f 2770/1256/690 3056/1534/1897 3055/1535/1896 2763/1254/462 
f 3056/1534/1897 3057/1536/1898 3052/1537/1893 3055/1535/1896 
f 3029/1529/1870 3028/1526/1869 3058/1548/1899 3059/1549/1900 
f 3059/1549/1900 3058/1548/1899 3051/1546/1892 3050/1547/1891 
f 3032/1524/1873 3029/1529/1870 3059/1549/1900 3057/1536/1898 
f 3057/1536/1898 3059/1549/1900 3050/1547/1891 3052/1537/1893 
f 3060/1558/1901 3061/1561/1902 3062/1560/1903 3063/1559/1904 
f 3061/1561/1902 3064/1556/1905 3065/1557/1906 3062/1560/1903 
f 3063/1559/1904 3062/1560/1903 3066/1563/1907 3067/1562/1908 
f 3062/1560/1903 3065/1557/1906 3068/1553/1909 3066/1563/1907 
f 3069/1554/1910 2772/1266/474 2775/1267/475 3070/1555/1911 
f 3070/1555/1911 2775/1267/475 2779/1270/478 3071/1551/1912 
f 3064/1556/1905 3069/1554/1910 3070/1555/1911 3065/1557/1906 
f 3065/1557/1906 3070/1555/1911 3071/1551/1912 3068/1553/1909 
f 2756/1250/693 3053/1538/1894 3072/1550/1913 2786/1272/480 
f 3053/1538/1894 3048/1540/1889 3073/1552/1914 3072/1550/1913 
f 2786/1272/480 3072/1550/1913 3071/1551/1912 2779/1270/478 
f 3072/1550/1913 3073/1552/1914 3068/1553/1909 3071/1551/1912 
f 3045/1545/1886 3044/1542/1885 3074/1564/1915 3075/1565/1916 
f 3075/1565/1916 3074/1564/1915 3067/1562/1908 3066/1563/1907 
f 3048/1540/1889 3045/1545/1886 3075/1565/1916 3073/1552/1914 
f 3073/1552/1914 3075/1565/1916 3066/1563/1907 3068/1553/1909 
f 3076/1574/1917 3077/1577/1918 3078/1576/1919 3079/1575/1920 
f 3077/1577/1918 3080/1572/1921 3081/1573/1922 3078/1576/1919 
f 3079/1575/1920 3078/1576/1919 3082/1579/1923 3083/1578/1924 
f 3078/1576/1919 3081/1573/1922 3084/1569/1925 3082/1579/1923 
f 3085/1570/1926 2788/1282/698 2791/1283/699 3086/1571/1927 
f 3086/1571/1927 2791/1283/699 2795/1286/494 3087/1567/1928 
f 3080/1572/1921 3085/1570/1926 3086/1571/1927 3081/1573/1922 
f 3081/1573/1922 3086/1571/1927 3087/1567/1928 3084/1569/1925 
f 2772/1266/474 3069/1554/1910 3088/1566/1929 2802/1288/496 
f 3069/1554/1910 3064/1556/1905 3089/1568/1930 3088/1566/1929 
f 2802/1288/496 3088/1566/1929 3087/1567/1928 2795/1286/494 
f 3088/1566/1929 3089/1568/1930 3084/1569/1925 3087/1567/1928 
f 3061/1561/1902 3060/1558/1901 3090/1580/1931 3091/1581/1932 
f 3091/1581/1932 3090/1580/1931 3083/1578/1924 3082/1579/1923 
f 3064/1556/1905 3061/1561/1902 3091/1581/1932 3089/1568/1930 
f 3089/1568/1930 3091/1581/1932 3082/1579/1923 3084/1569/1925 
f 3092/1590/1933 3093/1593/1934 3094/1592/1935 3095/1591/1936 
f 3093/1593/1934 3096/1588/1937 3097/1589/1938 3094/1592/1935 
f 3095/1591/1936 3094/1592/1935 3098/1595/1939 3099/1594/1940 
f 3094/1592/1935 3097/1589/1938 3100/1585/1941 3098/1595/1939 
f 3101/1586/1942 2804/1298/506 2807/1299/507 3102/1587/1943 
f 3102/1587/1943 2807/1299/507 2811/1302/510 3103/1583/1944 
f 3096/1588/1937 3101/1586/1942 3102/1587/1943 3097/1589/1938 
f 3097/1589/1938 3102/1587/1943 3103/1583/1944 3100/1585/1941 
f 2788/1282/698 3085/1570/1926 3104/1582/1945 2818/1304/701 
f 3085/1570/1926 3080/1572/1921 3105/1584/1946 3104/1582/1945 
f 2818/1304/701 3104/1582/1945 3103/1583/1944 2811/1302/510 
f 3104/1582/1945 3105/1584/1946 3100/1585/1941 3103/1583/1944 
f 3077/1577/1918 3076/1574/1917 3106/1596/1947 3107/1597/1948 
f 3107/1597/1948 3106/1596/1947 3099/1594/1940 3098/1595/1939 
f 3080/1572/1921 3077/1577/1918 3107/1597/1948 3105/1584/1946 
f 3105/1584/1946 3107/1597/1948 3098/1595/1939 3100/1585/1941 
f 3108/1606/1949 3109/1609/1950 3110/1608/1951 3111/1607/1952 
f 3109/1609/1950 3112/1604/1953 3113/1605/1954 3110/1608/1951 
f 3111/1607/1952 3110/1608/1951 3114/1611/1955 3115/1610/1956 
f 3110/1608/1951 3113/1605/1954 3116/1601/1957 3114/1611/1955 
f 3117/1602/1958 2820/1314/522 2823/1315/523 3118/1603/1959 
f 3118/1603/1959 2823/1315/523 2827/1318/526 3119/1599/1960 
f 3112/1604/1953 3117/1602/1958 3118/1603/1959 3113/1605/1954 
f 3113/1605/1954 3118/1603/1959 3119/1599/1960 3116/1601/1957 
f 2804/1298/506 3101/1586/1942 3120/1598/1961 2834/1320/703 
f 3101/1586/1942 3096/1588/1937 3121/1600/1962 3120/1598/1961 
f 2834/1320/703 3120/1598/1961 3119/1599/1960 2827/1318/526 
f 3120/1598/1961 3121/1600/1962 3116/1601/1957 3119/1599/1960 
f 3093/1593/1934 3092/1590/1933 3122/1612/1963 3123/1613/1964 
f 3123/1613/1964 3122/1612/1963 3115/1610/1956 3114/1611/1955 
f 3096/1588/1937 3093/1593/1934 3123/1613/1964 3121/1600/1962 
f 3121/1600/1962 3123/1613/1964 3114/1611/1955 3116/1601/1957 
f 2865/1351/1706 2864/1352/1705 3124/1621/1965 3125/1620/1966 
f 2864/1352/1705 2862/1338/1703 3126/1619/1967 3124/1621/1965 
f 3125/1620/1966 3124/1621/1965 3127/1623/1968 3128/1622/1969 
f 3124/1621/1965 3126/1619/1967 3129/1617/1970 3127/1623/1968 
f 2860/1335/1701 2577/1059/706 2837/1328/539 3130/1618/1971 
f 3130/1618/1971 2837/1328/539 2840/1330/542 3131/1615/1972 
f 2862/1338/1703 2860/1335/1701 3130/1618/1971 3126/1619/1967 
f 3126/1619/1967 3130/1618/1971 3131/1615/1972 3129/1617/1970 
f 2820/1314/522 3117/1602/1958 3132/1614/1973 2846/1332/544 
f 3117/1602/1958 3112/1604/1953 3133/1616/1974 3132/1614/1973 
f 2846/1332/544 3132/1614/1973 3131/1615/1972 2840/1330/542 
f 3132/1614/1973 3133/1616/1974 3129/1617/1970 3131/1615/1972 
f 3109/1609/1950 3108/1606/1949 3134/1624/1975 3135/1625/1976 
f 3135/1625/1976 3134/1624/1975 3128/1622/1969 3127/1623/1968 
f 3112/1604/1953 3109/1609/1950 3135/1625/1976 3133/1616/1974 
f 3133/1616/1974 3135/1625/1976 3127/1623/1968 3129/1617/1970 
f 3092/1641/1933 3095/1644/1936 3136/1643/1977 3122/1642/1963 
f 3095/1644/1936 3099/1639/1940 3137/1640/1978 3136/1643/1977 
f 3122/1642/1963 3136/1643/1977 3138/1646/1979 3115/1645/1956 
f 3136/1643/1977 3137/1640/1978 3139/1634/1980 3138/1646/1979 
f 3106/1637/1947 3076/1636/1917 3079/1635/1920 3140/1638/1981 
f 3140/1638/1981 3079/1635/1920 3083/1630/1924 3141/1631/1982 
f 3099/1639/1940 3106/1637/1947 3140/1638/1981 3137/1640/1978 
f 3137/1640/1978 3140/1638/1981 3141/1631/1982 3139/1634/1980 
f 3060/1626/1901 3063/1629/1904 3142/1628/1983 3090/1627/1931 
f 3063/1629/1904 3067/1633/1908 3143/1632/1984 3142/1628/1983 
f 3090/1627/1931 3142/1628/1983 3141/1631/1982 3083/1630/1924 
f 3142/1628/1983 3143/1632/1984 3139/1634/1980 3141/1631/1982 
f 3074/1712/1915 3044/1711/1885 3047/1710/1888 3144/1713/1985 
f 3144/1713/1985 3047/1710/1888 3051/1708/1892 3145/1709/1986 
f 3067/1633/1908 3074/1712/1915 3144/1713/1985 3143/1632/1984 
f 3143/1632/1984 3144/1713/1985 3145/1709/1986 3139/1634/1980 
f 3028/1704/1869 3031/1707/1872 3146/1706/1987 3058/1705/1899 
f 3031/1707/1872 3035/1702/1876 3147/1703/1988 3146/1706/1987 
f 3058/1705/1899 3146/1706/1987 3145/1709/1986 3051/1708/1892 
f 3146/1706/1987 3147/1703/1988 3139/1634/1980 3145/1709/1986 
f 3042/1700/1883 3012/1699/1853 3015/1698/1856 3148/1701/1989 
f 3148/1701/1989 3015/1698/1856 3019/1696/1860 3149/1697/1990 
f 3035/1702/1876 3042/1700/1883 3148/1701/1989 3147/1703/1988 
f 3147/1703/1988 3148/1701/1989 3149/1697/1990 3139/1634/1980 
f 2996/1692/1837 2999/1695/1840 3150/1694/1991 3026/1693/1867 
f 2999/1695/1840 3003/1690/1844 3151/1691/1992 3150/1694/1991 
f 3026/1693/1867 3150/1694/1991 3149/1697/1990 3019/1696/1860 
f 3150/1694/1991 3151/1691/1992 3139/1634/1980 3149/1697/1990 
f 3010/1688/1851 2980/1687/1821 2983/1686/1824 3152/1689/1993 
f 3152/1689/1993 2983/1686/1824 2987/1684/1828 3153/1685/1994 
f 3003/1690/1844 3010/1688/1851 3152/1689/1993 3151/1691/1992 
f 3151/1691/1992 3152/1689/1993 3153/1685/1994 3139/1634/1980 
f 2964/1680/1805 2967/1683/1808 3154/1682/1995 2994/1681/1835 
f 2967/1683/1808 2971/1678/1812 3155/1679/1996 3154/1682/1995 
f 2994/1681/1835 3154/1682/1995 3153/1685/1994 2987/1684/1828 
f 3154/1682/1995 3155/1679/1996 3139/1634/1980 3153/1685/1994 
f 2978/1676/1819 2948/1675/1789 2951/1674/1792 3156/1677/1997 
f 3156/1677/1997 2951/1674/1792 2955/1672/1796 3157/1673/1998 
f 2971/1678/1812 2978/1676/1819 3156/1677/1997 3155/1679/1996 
f 3155/1679/1996 3156/1677/1997 3157/1673/1998 3139/1634/1980 
f 2932/1668/1773 2935/1671/1776 3158/1670/1999 2962/1669/1803 
f 2935/1671/1776 2939/1666/1780 3159/1667/2000 3158/1670/1999 
f 2962/1669/1803 3158/1670/1999 3157/1673/1998 2955/1672/1796 
f 3158/1670/1999 3159/1667/2000 3139/1634/1980 3157/1673/1998 
f 2946/1664/1787 2916/1663/1757 2919/1662/1760 3160/1665/2001 
f 3160/1665/2001 2919/1662/1760 2923/1660/1764 3161/1661/2002 
f 2939/1666/1780 2946/1664/1787 3160/1665/2001 3159/1667/2000 
f 3159/1667/2000 3160/1665/2001 3161/1661/2002 3139/1634/1980 
f 2900/1394/1741 2903/1395/1744 3162/1659/2003 2930/1658/1771 
f 2903/1395/1744 2907/1398/1748 3163/1657/2004 3162/1659/2003 
f 2930/1658/1771 3162/1659/2003 3161/1661/2002 2923/1660/1764 
f 3162/1659/2003 3163/1657/2004 3139/1634/1980 3161/1661/2002 
f 2914/1400/1755 2884/1378/1725 2887/1379/1728 3164/1656/2005 
f 3164/1656/2005 2887/1379/1728 2891/1382/1732 3165/1655/2006 
f 2907/1398/1748 2914/1400/1755 3164/1656/2005 3163/1657/2004 
f 3163/1657/2004 3164/1656/2005 3165/1655/2006 3139/1634/1980 
f 2868/1362/1709 2871/1363/1712 3166/1654/2007 2898/1384/1739 
f 2871/1363/1712 2875/1366/1716 3167/1653/2008 3166/1654/2007 
f 2898/1384/1739 3166/1654/2007 3165/1655/2006 2891/1382/1732 
f 3166/1654/2007 3167/1653/2008 3139/1634/1980 3165/1655/2006 
f 2882/1368/1723 2848/1344/1689 2851/1345/1692 3168/1652/2009 
f 3168/1652/2009 2851/1345/1692 2855/1348/1696 3169/1651/2010 
f 2875/1366/1716 2882/1368/1723 3168/1652/2009 3167/1653/2008 
f 3167/1653/2008 3168/1652/2009 3169/1651/2010 3139/1634/1980 
f 2865/1351/1706 3125/1620/1966 3170/1650/2011 2866/1350/1707 
f 3125/1620/1966 3128/1622/1969 3171/1649/2012 3170/1650/2011 
f 2866/1350/1707 3170/1650/2011 3169/1651/2010 2855/1348/1696 
f 3170/1650/2011 3171/1649/2012 3139/1634/1980 3169/1651/2010 
f 3134/1624/1975 3108/1606/1949 3111/1647/1952 3172/1648/2013 
f 3172/1648/2013 3111/1647/1952 3115/1645/1956 3138/1646/1979 
f 3128/1622/1969 3134/1624/1975 3172/1648/2013 3171/1649/2012 
f 3171/1649/2012 3172/1648/2013 3138/1646/1979 3139/1634/1980 
# 3168 polygons

#
# object Cylinder002
#

v  -10.0000 30.0000 22.8160
v  -9.0725 30.7783 22.8160
v  -8.8623 30.4141 22.8160
v  -8.7893 30.0000 22.8160
v  -9.7898 31.1924 22.8160
v  -9.3946 31.0485 22.8160
v  -10.6054 31.0485 22.8160
v  -10.2102 31.1924 22.8160
v  -11.1377 30.4141 22.8160
v  -10.9275 30.7783 22.8160
v  -11.1377 29.5859 22.8160
v  -11.2107 30.0000 22.8160
v  -10.6054 28.9515 22.8160
v  -10.9275 29.2217 22.8160
v  -9.7898 28.8076 22.8160
v  -10.2102 28.8076 22.8160
v  -9.0725 29.2217 22.8160
v  -9.3946 28.9515 22.8160
v  -8.8623 29.5859 22.8160
v  -8.8623 30.4141 31.9987
v  -8.7893 30.0000 31.9987
v  -9.0725 30.7783 31.9987
v  -9.3946 31.0485 31.9987
v  -9.7898 31.1924 31.9987
v  -10.2102 31.1924 31.9987
v  -10.6054 31.0485 31.9987
v  -10.9275 30.7783 31.9987
v  -11.1377 30.4141 31.9987
v  -11.2107 30.0000 31.9987
v  -11.1377 29.5859 31.9987
v  -10.9275 29.2217 31.9987
v  -10.6054 28.9515 31.9987
v  -10.2102 28.8076 31.9987
v  -9.7898 28.8076 31.9987
v  -9.3946 28.9515 31.9987
v  -9.0725 29.2217 31.9987
v  -8.8623 29.5859 31.9987
v  -8.8623 30.4141 41.1815
v  -8.7893 30.0000 41.1815
v  -9.0725 30.7783 41.1815
v  -9.3946 31.0485 41.1815
v  -9.7898 31.1924 41.1815
v  -10.2102 31.1924 41.1815
v  -10.6054 31.0485 41.1815
v  -10.9275 30.7783 41.1815
v  -11.1377 30.4141 41.1815
v  -11.2107 30.0000 41.1815
v  -11.1377 29.5859 41.1815
v  -10.9275 29.2217 41.1815
v  -10.6054 28.9515 41.1815
v  -10.2102 28.8076 41.1815
v  -9.7898 28.8076 41.1815
v  -9.3946 28.9515 41.1815
v  -9.0725 29.2217 41.1815
v  -8.8623 29.5859 41.1815
v  -8.8623 30.4141 50.3643
v  -8.7893 30.0000 50.3643
v  -9.0725 30.7782 50.3643
v  -9.3946 31.0485 50.3643
v  -9.7898 31.1924 50.3643
v  -10.2102 31.1924 50.3643
v  -10.6054 31.0485 50.3643
v  -10.9275 30.7782 50.3643
v  -11.1377 30.4141 50.3643
v  -11.2107 30.0000 50.3643
v  -11.1377 29.5859 50.3643
v  -10.9275 29.2217 50.3643
v  -10.6054 28.9515 50.3643
v  -10.2102 28.8076 50.3643
v  -9.7898 28.8076 50.3643
v  -9.3946 28.9515 50.3643
v  -9.0725 29.2217 50.3643
v  -8.8623 29.5859 50.3643
v  -8.8623 30.4141 59.5471
v  -8.7893 30.0000 59.5471
v  -9.0725 30.7782 59.5471
v  -9.3946 31.0485 59.5471
v  -9.7898 31.1923 59.5471
v  -10.2102 31.1923 59.5471
v  -10.6054 31.0485 59.5471
v  -10.9275 30.7782 59.5471
v  -11.1377 30.4141 59.5471
v  -11.2107 30.0000 59.5471
v  -11.1377 29.5859 59.5471
v  -10.9275 29.2217 59.5471
v  -10.6054 28.9515 59.5471
v  -10.2102 28.8076 59.5471
v  -9.7898 28.8076 59.5471
v  -9.3946 28.9515 59.5471
v  -9.0725 29.2217 59.5471
v  -8.8623 29.5859 59.5471
v  -8.8623 30.4141 68.7298
v  -8.7893 30.0000 68.7298
v  -9.0725 30.7782 68.7298
v  -9.3946 31.0485 68.7298
v  -9.7898 31.1923 68.7298
v  -10.2102 31.1923 68.7298
v  -10.6054 31.0485 68.7298
v  -10.9275 30.7782 68.7298
v  -11.1377 30.4141 68.7298
v  -11.2107 30.0000 68.7298
v  -11.1377 29.5859 68.7298
v  -10.9275 29.2217 68.7298
v  -10.6054 28.9515 68.7298
v  -10.2102 28.8076 68.7298
v  -9.7898 28.8076 68.7298
v  -9.3946 28.9515 68.7298
v  -9.0725 29.2217 68.7298
v  -8.8623 29.5859 68.7298
v  -10.0000 30.0000 68.7298
# 110 vertices

vn 0.0000 0.0000 -1.0000
vn 0.5687 0.4772 -0.6700
vn 0.6975 0.2539 -0.6701
vn 0.7423 -0.0000 -0.6701
vn 0.1289 0.7311 -0.6700
vn 0.3712 0.6429 -0.6700
vn -0.3711 0.6429 -0.6701
vn -0.1289 0.7311 -0.6700
vn -0.6976 0.2539 -0.6700
vn -0.5686 0.4771 -0.6701
vn -0.6975 -0.2539 -0.6701
vn -0.7423 0.0000 -0.6700
vn -0.3712 -0.6429 -0.6700
vn -0.5686 -0.4771 -0.6701
vn 0.1289 -0.7311 -0.6700
vn -0.1289 -0.7311 -0.6700
vn 0.5687 -0.4772 -0.6700
vn 0.3712 -0.6429 -0.6700
vn 0.6976 -0.2539 -0.6700
vn 0.9397 0.3420 0.0000
vn 1.0000 -0.0000 -0.0000
vn 0.7660 0.6428 0.0000
vn 0.5000 0.8660 0.0000
vn 0.1736 0.9848 0.0000
vn -0.1736 0.9848 0.0000
vn -0.5000 0.8660 0.0000
vn -0.7661 0.6428 0.0000
vn -0.9397 0.3420 0.0000
vn -1.0000 0.0000 0.0000
vn -0.9397 -0.3420 -0.0000
vn -0.7660 -0.6428 -0.0000
vn -0.5000 -0.8660 -0.0000
vn -0.1736 -0.9848 -0.0000
vn 0.1736 -0.9848 -0.0000
vn 0.5000 -0.8660 -0.0000
vn 0.7660 -0.6428 -0.0000
vn 0.9397 -0.3420 -0.0000
vn 0.6975 0.2539 0.6701
vn 0.7423 -0.0000 0.6701
vn 0.5687 0.4772 0.6700
vn 0.3712 0.6429 0.6700
vn 0.1289 0.7311 0.6700
vn -0.1289 0.7311 0.6700
vn -0.3711 0.6429 0.6701
vn -0.5686 0.4771 0.6701
vn -0.6976 0.2539 0.6700
vn -0.7423 -0.0000 0.6700
vn -0.6975 -0.2539 0.6701
vn -0.5686 -0.4772 0.6701
vn -0.3712 -0.6429 0.6700
vn -0.1289 -0.7311 0.6700
vn 0.1289 -0.7311 0.6700
vn 0.3712 -0.6429 0.6700
vn 0.5687 -0.4772 0.6700
vn 0.6976 -0.2539 0.6700
vn 0.0000 -0.0000 1.0000
# 56 vertex normals

vt 0.5000 0.0000 0.0000
vt 0.8611 0.0000 1.0000
vt 0.8056 0.0000 1.0000
vt 0.7500 0.0000 1.0000
vt 0.9722 0.0000 1.0000
vt 0.9167 0.0000 1.0000
vt 0.0833 0.0000 1.0000
vt 0.0278 0.0000 1.0000
vt -0.0278 0.0000 1.0000
vt 0.1944 0.0000 1.0000
vt 0.1389 0.0000 1.0000
vt 0.3056 0.0000 1.0000
vt 0.2500 0.0000 1.0000
vt 0.4167 0.0000 1.0000
vt 0.3611 0.0000 1.0000
vt 0.5278 0.0000 1.0000
vt 0.4722 0.0000 1.0000
vt 0.6389 0.0000 1.0000
vt 0.5833 0.0000 1.0000
vt 0.6944 0.0000 1.0000
vt 0.8056 0.2000 1.0000
vt 0.7500 0.2000 1.0000
vt 0.8611 0.2000 1.0000
vt 0.9167 0.2000 1.0000
vt 0.9722 0.2000 1.0000
vt 0.0278 0.2000 1.0000
vt -0.0278 0.2000 1.0000
vt 0.0833 0.2000 1.0000
vt 0.1389 0.2000 1.0000
vt 0.1944 0.2000 1.0000
vt 0.2500 0.2000 1.0000
vt 0.3056 0.2000 1.0000
vt 0.3611 0.2000 1.0000
vt 0.4167 0.2000 1.0000
vt 0.4722 0.2000 1.0000
vt 0.5278 0.2000 1.0000
vt 0.5833 0.2000 1.0000
vt 0.6389 0.2000 1.0000
vt 0.6944 0.2000 1.0000
vt 0.8056 0.4000 1.0000
vt 0.7500 0.4000 1.0000
vt 0.8611 0.4000 1.0000
vt 0.9167 0.4000 1.0000
vt 0.9722 0.4000 1.0000
vt 0.0278 0.4000 1.0000
vt -0.0278 0.4000 1.0000
vt 0.0833 0.4000 1.0000
vt 0.1389 0.4000 1.0000
vt 0.1944 0.4000 1.0000
vt 0.2500 0.4000 1.0000
vt 0.3056 0.4000 1.0000
vt 0.3611 0.4000 1.0000
vt 0.4167 0.4000 1.0000
vt 0.4722 0.4000 1.0000
vt 0.5278 0.4000 1.0000
vt 0.5833 0.4000 1.0000
vt 0.6389 0.4000 1.0000
vt 0.6944 0.4000 1.0000
vt 0.8056 0.6000 1.0000
vt 0.7500 0.6000 1.0000
vt 0.8611 0.6000 1.0000
vt 0.9167 0.6000 1.0000
vt 0.9722 0.6000 1.0000
vt 0.0278 0.6000 1.0000
vt -0.0278 0.6000 1.0000
vt 0.0833 0.6000 1.0000
vt 0.1389 0.6000 1.0000
vt 0.1944 0.6000 1.0000
vt 0.2500 0.6000 1.0000
vt 0.3056 0.6000 1.0000
vt 0.3611 0.6000 1.0000
vt 0.4167 0.6000 1.0000
vt 0.4722 0.6000 1.0000
vt 0.5278 0.6000 1.0000
vt 0.5833 0.6000 1.0000
vt 0.6389 0.6000 1.0000
vt 0.6944 0.6000 1.0000
vt 0.8056 0.8000 1.0000
vt 0.7500 0.8000 1.0000
vt 0.8611 0.8000 1.0000
vt 0.9167 0.8000 1.0000
vt 0.9722 0.8000 1.0000
vt 0.0278 0.8000 1.0000
vt -0.0278 0.8000 1.0000
vt 0.0833 0.8000 1.0000
vt 0.1389 0.8000 1.0000
vt 0.1944 0.8000 1.0000
vt 0.2500 0.8000 1.0000
vt 0.3056 0.8000 1.0000
vt 0.3611 0.8000 1.0000
vt 0.4167 0.8000 1.0000
vt 0.4722 0.8000 1.0000
vt 0.5278 0.8000 1.0000
vt 0.5833 0.8000 1.0000
vt 0.6389 0.8000 1.0000
vt 0.6944 0.8000 1.0000
vt 0.8056 1.0000 1.0000
vt 0.7500 1.0000 1.0000
vt 0.8611 1.0000 1.0000
vt 0.9167 1.0000 1.0000
vt 0.9722 1.0000 1.0000
vt 0.0278 1.0000 1.0000
vt -0.0278 1.0000 1.0000
vt 0.0833 1.0000 1.0000
vt 0.1389 1.0000 1.0000
vt 0.1944 1.0000 1.0000
vt 0.2500 1.0000 1.0000
vt 0.3056 1.0000 1.0000
vt 0.3611 1.0000 1.0000
vt 0.4167 1.0000 1.0000
vt 0.4722 1.0000 1.0000
vt 0.5278 1.0000 1.0000
vt 0.5833 1.0000 1.0000
vt 0.6389 1.0000 1.0000
vt 0.6944 1.0000 1.0000
vt 0.5000 1.0000 0.0000
vt 0.9708 1.0000 0.8794
# 117 texture coords

o Cylinder002
g Cylinder002
usemtl wire_000000000
s 1
f 3173/1714/2014 3174/1715/2015 3175/1716/2016 3176/1717/2017 
f 3173/1714/2014 3177/1718/2018 3178/1719/2019 3174/1715/2015 
f 3173/1714/2014 3179/1720/2020 3180/1721/2021 3177/1722/2018 
f 3173/1714/2014 3181/1723/2022 3182/1724/2023 3179/1720/2020 
f 3173/1714/2014 3183/1725/2024 3184/1726/2025 3181/1723/2022 
f 3173/1714/2014 3185/1727/2026 3186/1728/2027 3183/1725/2024 
f 3173/1714/2014 3187/1729/2028 3188/1730/2029 3185/1727/2026 
f 3173/1714/2014 3189/1731/2030 3190/1732/2031 3187/1729/2028 
f 3173/1714/2014 3176/1717/2017 3191/1733/2032 3189/1731/2030 
s 8
f 3176/1717/2017 3175/1716/2016 3192/1734/2033 3193/1735/2034 
f 3175/1716/2016 3174/1715/2015 3194/1736/2035 3192/1734/2033 
f 3174/1715/2015 3178/1719/2019 3195/1737/2036 3194/1736/2035 
f 3178/1719/2019 3177/1718/2018 3196/1738/2037 3195/1737/2036 
f 3177/1722/2018 3180/1721/2021 3197/1739/2038 3196/1740/2037 
f 3180/1721/2021 3179/1720/2020 3198/1741/2039 3197/1739/2038 
f 3179/1720/2020 3182/1724/2023 3199/1742/2040 3198/1741/2039 
f 3182/1724/2023 3181/1723/2022 3200/1743/2041 3199/1742/2040 
f 3181/1723/2022 3184/1726/2025 3201/1744/2042 3200/1743/2041 
f 3184/1726/2025 3183/1725/2024 3202/1745/2043 3201/1744/2042 
f 3183/1725/2024 3186/1728/2027 3203/1746/2044 3202/1745/2043 
f 3186/1728/2027 3185/1727/2026 3204/1747/2045 3203/1746/2044 
f 3185/1727/2026 3188/1730/2029 3205/1748/2046 3204/1747/2045 
f 3188/1730/2029 3187/1729/2028 3206/1749/2047 3205/1748/2046 
f 3187/1729/2028 3190/1732/2031 3207/1750/2048 3206/1749/2047 
f 3190/1732/2031 3189/1731/2030 3208/1751/2049 3207/1750/2048 
f 3189/1731/2030 3191/1733/2032 3209/1752/2050 3208/1751/2049 
f 3191/1733/2032 3176/1717/2017 3193/1735/2034 3209/1752/2050 
f 3193/1735/2034 3192/1734/2033 3210/1753/2033 3211/1754/2034 
f 3192/1734/2033 3194/1736/2035 3212/1755/2035 3210/1753/2033 
f 3194/1736/2035 3195/1737/2036 3213/1756/2036 3212/1755/2035 
f 3195/1737/2036 3196/1738/2037 3214/1757/2037 3213/1756/2036 
f 3196/1740/2037 3197/1739/2038 3215/1758/2038 3214/1759/2037 
f 3197/1739/2038 3198/1741/2039 3216/1760/2039 3215/1758/2038 
f 3198/1741/2039 3199/1742/2040 3217/1761/2040 3216/1760/2039 
f 3199/1742/2040 3200/1743/2041 3218/1762/2041 3217/1761/2040 
f 3200/1743/2041 3201/1744/2042 3219/1763/2042 3218/1762/2041 
f 3201/1744/2042 3202/1745/2043 3220/1764/2043 3219/1763/2042 
f 3202/1745/2043 3203/1746/2044 3221/1765/2044 3220/1764/2043 
f 3203/1746/2044 3204/1747/2045 3222/1766/2045 3221/1765/2044 
f 3204/1747/2045 3205/1748/2046 3223/1767/2046 3222/1766/2045 
f 3205/1748/2046 3206/1749/2047 3224/1768/2047 3223/1767/2046 
f 3206/1749/2047 3207/1750/2048 3225/1769/2048 3224/1768/2047 
f 3207/1750/2048 3208/1751/2049 3226/1770/2049 3225/1769/2048 
f 3208/1751/2049 3209/1752/2050 3227/1771/2050 3226/1770/2049 
f 3209/1752/2050 3193/1735/2034 3211/1754/2034 3227/1771/2050 
f 3211/1754/2034 3210/1753/2033 3228/1772/2033 3229/1773/2034 
f 3210/1753/2033 3212/1755/2035 3230/1774/2035 3228/1772/2033 
f 3212/1755/2035 3213/1756/2036 3231/1775/2036 3230/1774/2035 
f 3213/1756/2036 3214/1757/2037 3232/1776/2037 3231/1775/2036 
f 3214/1759/2037 3215/1758/2038 3233/1777/2038 3232/1778/2037 
f 3215/1758/2038 3216/1760/2039 3234/1779/2039 3233/1777/2038 
f 3216/1760/2039 3217/1761/2040 3235/1780/2040 3234/1779/2039 
f 3217/1761/2040 3218/1762/2041 3236/1781/2041 3235/1780/2040 
f 3218/1762/2041 3219/1763/2042 3237/1782/2042 3236/1781/2041 
f 3219/1763/2042 3220/1764/2043 3238/1783/2043 3237/1782/2042 
f 3220/1764/2043 3221/1765/2044 3239/1784/2044 3238/1783/2043 
f 3221/1765/2044 3222/1766/2045 3240/1785/2045 3239/1784/2044 
f 3222/1766/2045 3223/1767/2046 3241/1786/2046 3240/1785/2045 
f 3223/1767/2046 3224/1768/2047 3242/1787/2047 3241/1786/2046 
f 3224/1768/2047 3225/1769/2048 3243/1788/2048 3242/1787/2047 
f 3225/1769/2048 3226/1770/2049 3244/1789/2049 3243/1788/2048 
f 3226/1770/2049 3227/1771/2050 3245/1790/2050 3244/1789/2049 
f 3227/1771/2050 3211/1754/2034 3229/1773/2034 3245/1790/2050 
f 3229/1773/2034 3228/1772/2033 3246/1791/2033 3247/1792/2034 
f 3228/1772/2033 3230/1774/2035 3248/1793/2035 3246/1791/2033 
f 3230/1774/2035 3231/1775/2036 3249/1794/2036 3248/1793/2035 
f 3231/1775/2036 3232/1776/2037 3250/1795/2037 3249/1794/2036 
f 3232/1778/2037 3233/1777/2038 3251/1796/2038 3250/1797/2037 
f 3233/1777/2038 3234/1779/2039 3252/1798/2039 3251/1796/2038 
f 3234/1779/2039 3235/1780/2040 3253/1799/2040 3252/1798/2039 
f 3235/1780/2040 3236/1781/2041 3254/1800/2041 3253/1799/2040 
f 3236/1781/2041 3237/1782/2042 3255/1801/2042 3254/1800/2041 
f 3237/1782/2042 3238/1783/2043 3256/1802/2043 3255/1801/2042 
f 3238/1783/2043 3239/1784/2044 3257/1803/2044 3256/1802/2043 
f 3239/1784/2044 3240/1785/2045 3258/1804/2045 3257/1803/2044 
f 3240/1785/2045 3241/1786/2046 3259/1805/2046 3258/1804/2045 
f 3241/1786/2046 3242/1787/2047 3260/1806/2047 3259/1805/2046 
f 3242/1787/2047 3243/1788/2048 3261/1807/2048 3260/1806/2047 
f 3243/1788/2048 3244/1789/2049 3262/1808/2049 3261/1807/2048 
f 3244/1789/2049 3245/1790/2050 3263/1809/2050 3262/1808/2049 
f 3245/1790/2050 3229/1773/2034 3247/1792/2034 3263/1809/2050 
f 3247/1792/2034 3246/1791/2033 3264/1810/2051 3265/1811/2052 
f 3246/1791/2033 3248/1793/2035 3266/1812/2053 3264/1810/2051 
f 3248/1793/2035 3249/1794/2036 3267/1813/2054 3266/1812/2053 
f 3249/1794/2036 3250/1795/2037 3268/1814/2055 3267/1813/2054 
f 3250/1797/2037 3251/1796/2038 3269/1815/2056 3268/1816/2055 
f 3251/1796/2038 3252/1798/2039 3270/1817/2057 3269/1815/2056 
f 3252/1798/2039 3253/1799/2040 3271/1818/2058 3270/1817/2057 
f 3253/1799/2040 3254/1800/2041 3272/1819/2059 3271/1818/2058 
f 3254/1800/2041 3255/1801/2042 3273/1820/2060 3272/1819/2059 
f 3255/1801/2042 3256/1802/2043 3274/1821/2061 3273/1820/2060 
f 3256/1802/2043 3257/1803/2044 3275/1822/2062 3274/1821/2061 
f 3257/1803/2044 3258/1804/2045 3276/1823/2063 3275/1822/2062 
f 3258/1804/2045 3259/1805/2046 3277/1824/2064 3276/1823/2063 
f 3259/1805/2046 3260/1806/2047 3278/1825/2065 3277/1824/2064 
f 3260/1806/2047 3261/1807/2048 3279/1826/2066 3278/1825/2065 
f 3261/1807/2048 3262/1808/2049 3280/1827/2067 3279/1826/2066 
f 3262/1808/2049 3263/1809/2050 3281/1828/2068 3280/1827/2067 
f 3263/1809/2050 3247/1792/2034 3265/1811/2052 3281/1828/2068 
s 1
f 3282/1829/2069 3281/1828/2068 3265/1811/2052 3264/1810/2051 
f 3282/1829/2069 3264/1810/2051 3266/1812/2053 3267/1813/2054 
f 3282/1829/2069 3267/1813/2054 3268/1814/2055 3269/1830/2056 
f 3282/1829/2069 3269/1815/2056 3270/1817/2057 3271/1818/2058 
f 3282/1829/2069 3271/1818/2058 3272/1819/2059 3273/1820/2060 
f 3282/1829/2069 3273/1820/2060 3274/1821/2061 3275/1822/2062 
f 3282/1829/2069 3275/1822/2062 3276/1823/2063 3277/1824/2064 
f 3282/1829/2069 3277/1824/2064 3278/1825/2065 3279/1826/2066 
f 3282/1829/2069 3279/1826/2066 3280/1827/2067 3281/1828/2068 
# 108 polygons

#
# object Loft001
#

v  -9.7373 30.4019 68.5681
v  -9.7942 30.3860 68.5681
v  -9.7942 30.7604 72.5773
v  -9.7373 30.7763 72.5766
v  -9.8454 30.3409 68.5681
v  -9.8454 30.7154 72.5793
v  -9.8888 30.2709 68.5681
v  -9.8888 30.6457 72.5824
v  -9.9224 30.1804 68.5681
v  -9.9224 30.5554 72.5863
v  -9.9440 30.0737 68.5681
v  -9.9440 30.4490 72.5911
v  -9.9517 29.9549 68.5681
v  -9.9517 30.3306 72.5963
v  -9.9440 29.8361 68.5681
v  -9.9440 30.2122 72.6016
v  -9.9224 29.7293 68.5681
v  -9.9224 30.1057 72.6063
v  -9.8888 29.6388 68.5681
v  -9.8888 30.0155 72.6103
v  -9.8454 29.5689 68.5681
v  -9.8454 29.9458 72.6134
v  -9.7942 29.5238 68.5681
v  -9.7942 29.9008 72.6154
v  -9.7373 29.5078 68.5681
v  -9.7373 29.8849 72.6161
v  -9.6803 29.5238 68.5681
v  -9.6803 29.9008 72.6154
v  -9.6291 29.5689 68.5681
v  -9.6291 29.9458 72.6134
v  -9.5857 29.6388 68.5681
v  -9.5857 30.0155 72.6103
v  -9.5522 29.7293 68.5681
v  -9.5522 30.1057 72.6063
v  -9.5305 29.8361 68.5681
v  -9.5305 30.2122 72.6016
v  -9.5229 29.9549 68.5681
v  -9.5229 30.3306 72.5963
v  -9.5305 30.0737 68.5681
v  -9.5305 30.4490 72.5911
v  -9.5522 30.1804 68.5681
v  -9.5522 30.5554 72.5863
v  -9.5857 30.2709 68.5681
v  -9.5857 30.6457 72.5824
v  -9.6291 30.3409 68.5681
v  -9.6291 30.7154 72.5793
v  -9.6803 30.3860 68.5681
v  -9.6803 30.7604 72.5773
v  -9.7942 31.8571 76.2714
v  -9.7373 31.8729 76.2699
v  -9.8454 31.8128 76.2756
v  -9.8888 31.7441 76.2820
v  -9.9224 31.6552 76.2904
v  -9.9440 31.5502 76.3002
v  -9.9517 31.4335 76.3112
v  -9.9440 31.3168 76.3221
v  -9.9224 31.2119 76.3320
v  -9.8888 31.1229 76.3403
v  -9.8454 31.0542 76.3468
v  -9.7942 31.0099 76.3510
v  -9.7373 30.9941 76.3524
v  -9.6803 31.0099 76.3510
v  -9.6291 31.0542 76.3468
v  -9.5857 31.1229 76.3403
v  -9.5522 31.2119 76.3320
v  -9.5305 31.3168 76.3221
v  -9.5229 31.4335 76.3112
v  -9.5305 31.5502 76.3002
v  -9.5522 31.6552 76.2904
v  -9.5857 31.7441 76.2820
v  -9.6291 31.8128 76.2756
v  -9.6803 31.8571 76.2714
v  -9.7942 33.6395 79.6667
v  -9.7373 33.6548 79.6644
v  -9.8454 33.5964 79.6731
v  -9.8888 33.5295 79.6831
v  -9.9224 33.4429 79.6961
v  -9.9440 33.3409 79.7113
v  -9.9517 33.2273 79.7283
v  -9.9440 33.1137 79.7453
v  -9.9224 33.0116 79.7605
v  -9.8888 32.9251 79.7735
v  -9.8454 32.8582 79.7835
v  -9.7942 32.8151 79.7899
v  -9.7373 32.7998 79.7922
v  -9.6803 32.8151 79.7899
v  -9.6291 32.8582 79.7835
v  -9.5857 32.9251 79.7735
v  -9.5522 33.0116 79.7605
v  -9.5305 33.1137 79.7453
v  -9.5229 33.2273 79.7283
v  -9.5305 33.3409 79.7113
v  -9.5522 33.4429 79.6961
v  -9.5857 33.5295 79.6831
v  -9.6291 33.5964 79.6731
v  -9.6803 33.6395 79.6667
v  -9.7942 36.0705 82.7797
v  -9.7373 36.0851 82.7766
v  -9.8454 36.0292 82.7885
v  -9.8889 35.9651 82.8020
v  -9.9224 35.8822 82.8196
v  -9.9440 35.7843 82.8403
v  -9.9517 35.6755 82.8634
v  -9.9440 35.5667 82.8865
v  -9.9224 35.4689 82.9072
v  -9.8889 35.3860 82.9248
v  -9.8454 35.3219 82.9383
v  -9.7942 35.2805 82.9471
v  -9.7373 35.2659 82.9502
v  -9.6803 35.2805 82.9471
v  -9.6291 35.3219 82.9383
v  -9.5857 35.3860 82.9248
v  -9.5522 35.4689 82.9072
v  -9.5305 35.5667 82.8865
v  -9.5229 35.6755 82.8634
v  -9.5305 35.7844 82.8403
v  -9.5522 35.8822 82.8196
v  -9.5857 35.9651 82.8020
v  -9.6291 36.0292 82.7885
v  -9.6803 36.0705 82.7797
v  -9.7942 39.1141 85.6271
v  -9.7373 39.1279 85.6232
v  -9.8455 39.0751 85.6381
v  -9.8889 39.0148 85.6551
v  -9.9224 38.9366 85.6772
v  -9.9440 38.8445 85.7032
v  -9.9517 38.7419 85.7321
v  -9.9440 38.6394 85.7611
v  -9.9224 38.5472 85.7871
v  -9.8889 38.4691 85.8091
v  -9.8455 38.4087 85.8262
v  -9.7942 38.3698 85.8372
v  -9.7373 38.3560 85.8411
v  -9.6803 38.3698 85.8372
v  -9.6291 38.4087 85.8262
v  -9.5857 38.4691 85.8091
v  -9.5522 38.5472 85.7871
v  -9.5305 38.6394 85.7611
v  -9.5229 38.7419 85.7321
v  -9.5305 38.8445 85.7032
v  -9.5522 38.9366 85.6772
v  -9.5857 39.0148 85.6551
v  -9.6291 39.0751 85.6381
v  -9.6803 39.1141 85.6271
v  -9.7942 42.7348 88.2255
v  -9.7373 42.7476 88.2209
v  -9.8455 42.6987 88.2385
v  -9.8889 42.6428 88.2588
v  -9.9224 42.5704 88.2849
v  -9.9440 42.4850 88.3158
v  -9.9517 42.3900 88.3501
v  -9.9440 42.2950 88.3845
v  -9.9224 42.2096 88.4154
v  -9.8889 42.1373 88.4415
v  -9.8455 42.0813 88.4618
v  -9.7942 42.0453 88.4748
v  -9.7373 42.0325 88.4794
v  -9.6803 42.0453 88.4748
v  -9.6291 42.0813 88.4618
v  -9.5857 42.1373 88.4415
v  -9.5522 42.2096 88.4154
v  -9.5305 42.2950 88.3845
v  -9.5229 42.3900 88.3501
v  -9.5305 42.4850 88.3158
v  -9.5522 42.5704 88.2849
v  -9.5857 42.6428 88.2588
v  -9.6291 42.6987 88.2385
v  -9.6803 42.7348 88.2255
v  -9.7942 46.8980 90.5913
v  -9.7373 46.9097 90.5860
v  -9.8455 46.8651 90.6061
v  -9.8889 46.8141 90.6291
v  -9.9224 46.7481 90.6589
v  -9.9440 46.6702 90.6941
v  -9.9517 46.5836 90.7331
v  -9.9440 46.4969 90.7722
v  -9.9224 46.4191 90.8073
v  -9.8889 46.3531 90.8371
v  -9.8455 46.3020 90.8601
v  -9.7942 46.2691 90.8750
v  -9.7373 46.2575 90.8802
v  -9.6803 46.2691 90.8750
v  -9.6291 46.3020 90.8601
v  -9.5857 46.3531 90.8371
v  -9.5522 46.4191 90.8073
v  -9.5305 46.4969 90.7722
v  -9.5229 46.5836 90.7331
v  -9.5305 46.6702 90.6941
v  -9.5522 46.7481 90.6589
v  -9.5857 46.8141 90.6291
v  -9.6291 46.8651 90.6061
v  -9.6803 46.8980 90.5913
v  -9.7942 51.5691 92.7405
v  -9.7373 51.5796 92.7347
v  -9.8455 51.5395 92.7568
v  -9.8889 51.4936 92.7822
v  -9.9224 51.4342 92.8150
v  -9.9440 51.3641 92.8537
v  -9.9517 51.2861 92.8967
v  -9.9440 51.2082 92.9398
v  -9.9224 51.1381 92.9785
v  -9.8889 51.0787 93.0113
v  -9.8455 51.0328 93.0367
v  -9.7942 51.0032 93.0530
v  -9.7373 50.9927 93.0588
v  -9.6803 51.0032 93.0530
v  -9.6291 51.0328 93.0367
v  -9.5857 51.0787 93.0113
v  -9.5522 51.1381 92.9785
v  -9.5305 51.2082 92.9398
v  -9.5229 51.2861 92.8967
v  -9.5305 51.3641 92.8537
v  -9.5522 51.4342 92.8150
v  -9.5857 51.4936 92.7822
v  -9.6291 51.5395 92.7568
v  -9.6803 51.5691 92.7405
v  -9.7942 56.7134 94.6887
v  -9.7373 56.7228 94.6825
v  -9.8455 56.6871 94.7063
v  -9.8889 56.6462 94.7335
v  -9.9224 56.5933 94.7688
v  -9.9440 56.5308 94.8104
v  -9.9517 56.4614 94.8567
v  -9.9440 56.3920 94.9029
v  -9.9224 56.3295 94.9445
v  -9.8889 56.2766 94.9798
v  -9.8455 56.2357 95.0070
v  -9.7942 56.2094 95.0246
v  -9.7373 56.2000 95.0308
v  -9.6803 56.2094 95.0246
v  -9.6291 56.2357 95.0070
v  -9.5857 56.2766 94.9798
v  -9.5522 56.3295 94.9445
v  -9.5305 56.3920 94.9029
v  -9.5229 56.4614 94.8567
v  -9.5305 56.5308 94.8104
v  -9.5522 56.5933 94.7688
v  -9.5857 56.6462 94.7335
v  -9.6291 56.6871 94.7063
v  -9.6803 56.7134 94.6887
v  -9.7942 62.2958 96.4514
v  -9.7373 62.3041 96.4448
v  -9.8455 62.2725 96.4699
v  -9.8889 62.2363 96.4987
v  -9.9224 62.1896 96.5359
v  -9.9440 62.1344 96.5797
v  -9.9517 62.0730 96.6285
v  -9.9440 62.0116 96.6774
v  -9.9224 61.9564 96.7212
v  -9.8889 61.9096 96.7584
v  -9.8455 61.8734 96.7872
v  -9.7942 61.8501 96.8057
v  -9.7373 61.8418 96.8123
v  -9.6803 61.8501 96.8057
v  -9.6291 61.8734 96.7872
v  -9.5857 61.9096 96.7584
v  -9.5522 61.9564 96.7212
v  -9.5305 62.0116 96.6774
v  -9.5229 62.0730 96.6285
v  -9.5305 62.1344 96.5797
v  -9.5522 62.1896 96.5359
v  -9.5857 62.2363 96.4987
v  -9.6291 62.2725 96.4699
v  -9.6803 62.2958 96.4514
v  -9.7943 68.2807 98.0439
v  -9.7373 68.2880 98.0370
v  -9.8455 68.2602 98.0631
v  -9.8889 68.2284 98.0930
v  -9.9224 68.1872 98.1317
v  -9.9440 68.1386 98.1773
v  -9.9517 68.0845 98.2281
v  -9.9440 68.0305 98.2788
v  -9.9224 67.9819 98.3244
v  -9.8889 67.9407 98.3631
v  -9.8455 67.9088 98.3930
v  -9.7943 67.8883 98.4123
v  -9.7373 67.8810 98.4191
v  -9.6803 67.8883 98.4123
v  -9.6291 67.9088 98.3930
v  -9.5857 67.9407 98.3631
v  -9.5522 67.9819 98.3244
v  -9.5305 68.0305 98.2788
v  -9.5229 68.0845 98.2281
v  -9.5305 68.1386 98.1773
v  -9.5522 68.1872 98.1317
v  -9.5857 68.2284 98.0930
v  -9.6291 68.2602 98.0631
v  -9.6803 68.2807 98.0439
v  -9.7943 74.6322 99.4813
v  -9.7373 74.6385 99.4743
v  -9.8455 74.6141 99.5012
v  -9.8889 74.5861 99.5319
v  -9.9224 74.5499 99.5717
v  -9.9440 74.5072 99.6187
v  -9.9517 74.4597 99.6709
v  -9.9440 74.4121 99.7231
v  -9.9224 74.3694 99.7701
v  -9.8889 74.3332 99.8099
v  -9.8455 74.3052 99.8406
v  -9.7943 74.2871 99.8605
v  -9.7373 74.2807 99.8675
v  -9.6803 74.2871 99.8605
v  -9.6291 74.3052 99.8406
v  -9.5857 74.3332 99.8099
v  -9.5522 74.3694 99.7701
v  -9.5305 74.4121 99.7231
v  -9.5229 74.4597 99.6709
v  -9.5305 74.5072 99.6187
v  -9.5522 74.5499 99.5717
v  -9.5857 74.5861 99.5319
v  -9.6291 74.6141 99.5012
v  -9.6803 74.6322 99.4813
v  -9.7943 81.3139 100.7792
v  -9.7373 81.3195 100.7720
v  -9.8455 81.2980 100.7994
v  -9.8889 81.2734 100.8308
v  -9.9224 81.2415 100.8715
v  -9.9440 81.2039 100.9194
v  -9.9517 81.1620 100.9727
v  -9.9440 81.1202 101.0260
v  -9.9224 81.0826 101.0740
v  -9.8889 81.0507 101.1146
v  -9.8455 81.0261 101.1460
v  -9.7943 81.0102 101.1663
v  -9.7373 81.0046 101.1734
v  -9.6803 81.0102 101.1663
v  -9.6291 81.0261 101.1460
v  -9.5857 81.0507 101.1146
v  -9.5522 81.0826 101.0740
v  -9.5305 81.1202 101.0260
v  -9.5229 81.1620 100.9727
v  -9.5305 81.2039 100.9194
v  -9.5522 81.2415 100.8715
v  -9.5857 81.2734 100.8308
v  -9.6291 81.2980 100.7994
v  -9.6803 81.3139 100.7792
v  -9.7943 88.2895 101.9527
v  -9.7373 88.2944 101.9454
v  -9.8455 88.2754 101.9732
v  -9.8889 88.2537 102.0051
v  -9.9224 88.2255 102.0464
v  -9.9440 88.1923 102.0950
v  -9.9517 88.1553 102.1492
v  -9.9440 88.1183 102.2033
v  -9.9224 88.0851 102.2520
v  -9.8889 88.0569 102.2933
v  -9.8455 88.0352 102.3251
v  -9.7943 88.0211 102.3457
v  -9.7373 88.0161 102.3530
v  -9.6803 88.0211 102.3457
v  -9.6291 88.0352 102.3251
v  -9.5857 88.0569 102.2933
v  -9.5522 88.0851 102.2520
v  -9.5306 88.1183 102.2033
v  -9.5229 88.1553 102.1492
v  -9.5306 88.1923 102.0950
v  -9.5522 88.2255 102.0464
v  -9.5857 88.2537 102.0051
v  -9.6291 88.2754 101.9732
v  -9.6803 88.2895 101.9527
v  -9.7943 95.5225 103.0173
v  -9.7373 95.5269 103.0099
v  -9.8455 95.5100 103.0381
v  -9.8889 95.4906 103.0703
v  -9.9224 95.4655 103.1120
v  -9.9440 95.4360 103.1612
v  -9.9517 95.4031 103.2160
v  -9.9440 95.3702 103.2707
v  -9.9224 95.3406 103.3199
v  -9.8889 95.3156 103.3616
v  -9.8455 95.2962 103.3939
v  -9.7943 95.2837 103.4146
v  -9.7373 95.2793 103.4220
v  -9.6803 95.2837 103.4146
v  -9.6291 95.2962 103.3939
v  -9.5857 95.3156 103.3616
v  -9.5522 95.3406 103.3199
v  -9.5306 95.3702 103.2707
v  -9.5229 95.4031 103.2160
v  -9.5306 95.4360 103.1612
v  -9.5522 95.4655 103.1120
v  -9.5857 95.4906 103.0703
v  -9.6291 95.5100 103.0381
v  -9.6803 95.5225 103.0173
v  -9.7943 102.9762 103.9885
v  -9.7373 102.9802 103.9810
v  -9.8455 102.9650 104.0094
v  -9.8889 102.9476 104.0419
v  -9.9224 102.9251 104.0839
v  -9.9440 102.8986 104.1335
v  -9.9517 102.8690 104.1887
v  -9.9440 102.8395 104.2439
v  -9.9224 102.8129 104.2935
v  -9.8889 102.7904 104.3355
v  -9.8455 102.7730 104.3680
v  -9.7943 102.7618 104.3890
v  -9.7373 102.7579 104.3964
v  -9.6803 102.7618 104.3890
v  -9.6291 102.7730 104.3680
v  -9.5857 102.7904 104.3355
v  -9.5522 102.8129 104.2935
v  -9.5306 102.8395 104.2439
v  -9.5229 102.8690 104.1887
v  -9.5306 102.8986 104.1335
v  -9.5522 102.9251 104.0839
v  -9.5857 102.9476 104.0419
v  -9.6291 102.9650 104.0094
v  -9.6803 102.9762 103.9885
v  -9.7943 110.6143 104.8817
v  -9.7373 110.6179 104.8743
v  -9.8455 110.6041 104.9028
v  -9.8889 110.5883 104.9355
v  -9.9224 110.5678 104.9778
v  -9.9440 110.5436 105.0276
v  -9.9517 110.5168 105.0831
v  -9.9440 110.4899 105.1386
v  -9.9224 110.4657 105.1885
v  -9.8889 110.4453 105.2308
v  -9.8455 110.4294 105.2635
v  -9.7943 110.4192 105.2845
v  -9.7373 110.4156 105.2920
v  -9.6803 110.4192 105.2845
v  -9.6291 110.4294 105.2635
v  -9.5857 110.4453 105.2308
v  -9.5522 110.4657 105.1885
v  -9.5306 110.4899 105.1386
v  -9.5229 110.5168 105.0831
v  -9.5306 110.5436 105.0276
v  -9.5522 110.5678 104.9778
v  -9.5857 110.5883 104.9355
v  -9.6291 110.6041 104.9028
v  -9.6803 110.6143 104.8817
v  -9.7943 118.4002 105.7127
v  -9.7373 118.4035 105.7052
v  -9.8455 118.3907 105.7339
v  -9.8889 118.3761 105.7667
v  -9.9224 118.3571 105.8091
v  -9.9440 118.3348 105.8592
v  -9.9517 118.3100 105.9149
v  -9.9440 118.2851 105.9706
v  -9.9224 118.2628 106.0207
v  -9.8889 118.2439 106.0631
v  -9.8455 118.2292 106.0959
v  -9.7943 118.2198 106.1171
v  -9.7373 118.2164 106.1245
v  -9.6803 118.2198 106.1171
v  -9.6291 118.2292 106.0959
v  -9.5857 118.2439 106.0631
v  -9.5522 118.2628 106.0207
v  -9.5306 118.2851 105.9706
v  -9.5229 118.3100 105.9149
v  -9.5306 118.3348 105.8592
v  -9.5522 118.3571 105.8091
v  -9.5857 118.3761 105.7667
v  -9.6291 118.3907 105.7339
v  -9.6803 118.4002 105.7127
v  -9.7943 126.2973 106.4969
v  -9.7373 126.3004 106.4894
v  -9.8455 126.2884 106.5181
v  -9.8889 126.2746 106.5510
v  -9.9224 126.2567 106.5936
v  -9.9440 126.2356 106.6438
v  -9.9517 126.2122 106.6996
v  -9.9440 126.1888 106.7555
v  -9.9224 126.1677 106.8057
v  -9.8889 126.1499 106.8482
v  -9.8455 126.1361 106.8811
v  -9.7943 126.1272 106.9023
v  -9.7373 126.1240 106.9098
v  -9.6803 126.1272 106.9023
v  -9.6291 126.1361 106.8811
v  -9.5857 126.1499 106.8482
v  -9.5522 126.1677 106.8057
v  -9.5306 126.1888 106.7555
v  -9.5229 126.2122 106.6996
v  -9.5306 126.2356 106.6438
v  -9.5522 126.2567 106.5936
v  -9.5857 126.2746 106.5510
v  -9.6291 126.2884 106.5181
v  -9.6803 126.2973 106.4969
v  -9.7943 134.2692 107.2500
v  -9.7373 134.2722 107.2425
v  -9.8455 134.2606 107.2713
v  -9.8889 134.2473 107.3042
v  -9.9224 134.2301 107.3468
v  -9.9440 134.2098 107.3971
v  -9.9517 134.1872 107.4530
v  -9.9440 134.1646 107.5089
v  -9.9224 134.1443 107.5592
v  -9.8889 134.1271 107.6018
v  -9.8455 134.1138 107.6347
v  -9.7943 134.1052 107.6560
v  -9.7373 134.1022 107.6635
v  -9.6803 134.1052 107.6560
v  -9.6291 134.1138 107.6347
v  -9.5857 134.1271 107.6018
v  -9.5522 134.1443 107.5592
v  -9.5306 134.1646 107.5089
v  -9.5229 134.1872 107.4530
v  -9.5306 134.2098 107.3971
v  -9.5522 134.2301 107.3468
v  -9.5857 134.2473 107.3042
v  -9.6291 134.2606 107.2713
v  -9.6803 134.2692 107.2500
v  -9.7943 142.2432 107.9843
v  -9.7373 142.2448 107.9767
v  -9.8455 142.2385 108.0059
v  -9.8889 142.2313 108.0394
v  -9.9224 142.2219 108.0827
v  -9.9440 142.2108 108.1339
v  -9.9517 142.1985 108.1907
v  -9.9440 142.1862 108.2476
v  -9.9224 142.1752 108.2987
v  -9.8889 142.1658 108.3421
v  -9.8455 142.1586 108.3755
v  -9.7943 142.1539 108.3971
v  -9.7373 142.1523 108.4048
v  -9.6803 142.1539 108.3971
v  -9.6291 142.1586 108.3755
v  -9.5857 142.1658 108.3421
v  -9.5522 142.1752 108.2987
v  -9.5306 142.1862 108.2476
v  -9.5229 142.1985 108.1907
v  -9.5306 142.2108 108.1339
v  -9.5522 142.2219 108.0827
v  -9.5857 142.2313 108.0394
v  -9.6291 142.2385 108.0059
v  -9.6803 142.2432 107.9843
v  -9.7943 149.9044 108.0494
v  -9.7373 149.9047 108.0417
v  -9.8455 149.9036 108.0710
v  -9.8889 149.9023 108.1045
v  -9.9224 149.9007 108.1479
v  -9.9440 149.8988 108.1991
v  -9.9517 149.8967 108.2561
v  -9.9440 149.8946 108.3130
v  -9.9224 149.8927 108.3642
v  -9.8889 149.8911 108.4076
v  -9.8455 149.8899 108.4412
v  -9.7943 149.8891 108.4628
v  -9.7373 149.8888 108.4705
v  -9.6803 149.8891 108.4628
v  -9.6291 149.8899 108.4412
v  -9.5857 149.8911 108.4076
v  -9.5522 149.8927 108.3642
v  -9.5306 149.8946 108.3130
v  -9.5229 149.8967 108.2561
v  -9.5306 149.8988 108.1991
v  -9.5522 149.9007 108.1479
v  -9.5857 149.9023 108.1045
v  -9.6291 149.9036 108.0710
v  -9.6803 149.9044 108.0494
v  -9.7943 157.6025 108.1147
v  -9.7373 157.6028 108.1070
v  -9.8455 157.6017 108.1363
v  -9.8889 157.6005 108.1699
v  -9.9224 157.5989 108.2133
v  -9.9440 157.5970 108.2645
v  -9.9517 157.5949 108.3214
v  -9.9440 157.5928 108.3784
v  -9.9224 157.5909 108.4296
v  -9.8889 157.5893 108.4730
v  -9.8455 157.5881 108.5065
v  -9.7943 157.5873 108.5281
v  -9.7373 157.5870 108.5358
v  -9.6803 157.5873 108.5281
v  -9.6291 157.5881 108.5065
v  -9.5857 157.5893 108.4730
v  -9.5522 157.5909 108.4296
v  -9.5306 157.5928 108.3784
v  -9.5229 157.5949 108.3214
v  -9.5306 157.5970 108.2645
v  -9.5522 157.5989 108.2133
v  -9.5857 157.6005 108.1699
v  -9.6291 157.6017 108.1363
v  -9.6803 157.6025 108.1147
v  -9.7943 165.3008 108.1801
v  -9.7373 165.3010 108.1724
v  -9.8455 165.3000 108.2017
v  -9.8889 165.2987 108.2352
v  -9.9224 165.2971 108.2786
v  -9.9440 165.2952 108.3298
v  -9.9517 165.2931 108.3868
v  -9.9440 165.2910 108.4437
v  -9.9224 165.2891 108.4949
v  -9.8889 165.2875 108.5383
v  -9.8455 165.2863 108.5719
v  -9.7943 165.2855 108.5935
v  -9.7373 165.2852 108.6011
v  -9.6803 165.2855 108.5935
v  -9.6291 165.2863 108.5719
v  -9.5857 165.2875 108.5383
v  -9.5522 165.2891 108.4949
v  -9.5306 165.2910 108.4437
v  -9.5229 165.2931 108.3868
v  -9.5306 165.2952 108.3298
v  -9.5522 165.2971 108.2786
v  -9.5857 165.2987 108.2352
v  -9.6291 165.3000 108.2017
v  -9.6803 165.3008 108.1801
v  -9.7943 172.9989 108.2454
v  -9.7373 172.9992 108.2377
v  -9.8455 172.9981 108.2670
v  -9.8889 172.9969 108.3006
v  -9.9224 172.9953 108.3440
v  -9.9441 172.9934 108.3952
v  -9.9517 172.9913 108.4521
v  -9.9441 172.9892 108.5091
v  -9.9224 172.9873 108.5603
v  -9.8889 172.9857 108.6037
v  -9.8455 172.9845 108.6372
v  -9.7943 172.9837 108.6588
v  -9.7373 172.9834 108.6665
v  -9.6803 172.9837 108.6588
v  -9.6291 172.9845 108.6372
v  -9.5857 172.9857 108.6037
v  -9.5522 172.9873 108.5603
v  -9.5306 172.9892 108.5091
v  -9.5229 172.9913 108.4521
v  -9.5306 172.9934 108.3952
v  -9.5522 172.9953 108.3440
v  -9.5857 172.9969 108.3006
v  -9.6291 172.9981 108.2670
v  -9.6803 172.9989 108.2454
v  -9.7943 180.6971 108.3107
v  -9.7373 180.6974 108.3031
v  -9.8455 180.6963 108.3324
v  -9.8889 180.6951 108.3659
v  -9.9224 180.6935 108.4093
v  -9.9441 180.6916 108.4605
v  -9.9517 180.6895 108.5175
v  -9.9441 180.6874 108.5744
v  -9.9224 180.6855 108.6256
v  -9.8889 180.6839 108.6690
v  -9.8455 180.6827 108.7025
v  -9.7943 180.6819 108.7242
v  -9.7373 180.6816 108.7318
v  -9.6803 180.6819 108.7242
v  -9.6291 180.6827 108.7025
v  -9.5857 180.6839 108.6690
v  -9.5522 180.6855 108.6256
v  -9.5306 180.6874 108.5744
v  -9.5229 180.6895 108.5175
v  -9.5306 180.6916 108.4605
v  -9.5522 180.6935 108.4093
v  -9.5857 180.6951 108.3659
v  -9.6291 180.6963 108.3324
v  -9.6803 180.6971 108.3107
v  -9.7943 188.3953 108.3761
v  -9.7373 188.3956 108.3684
v  -9.8455 188.3945 108.3977
v  -9.8889 188.3933 108.4313
v  -9.9224 188.3917 108.4746
v  -9.9441 188.3898 108.5258
v  -9.9517 188.3877 108.5828
v  -9.9441 188.3856 108.6397
v  -9.9224 188.3837 108.6909
v  -9.8889 188.3821 108.7343
v  -9.8455 188.3809 108.7679
v  -9.7943 188.3801 108.7895
v  -9.7373 188.3798 108.7972
v  -9.6803 188.3801 108.7895
v  -9.6291 188.3809 108.7679
v  -9.5857 188.3821 108.7343
v  -9.5522 188.3837 108.6909
v  -9.5306 188.3856 108.6397
v  -9.5229 188.3877 108.5828
v  -9.5306 188.3898 108.5258
v  -9.5522 188.3917 108.4746
v  -9.5857 188.3933 108.4313
v  -9.6291 188.3945 108.3977
v  -9.6803 188.3953 108.3761
v  -9.7943 196.0935 108.4414
v  -9.7373 196.0938 108.4338
v  -9.8455 196.0927 108.4631
v  -9.8889 196.0915 108.4966
v  -9.9224 196.0899 108.5400
v  -9.9441 196.0880 108.5912
v  -9.9517 196.0859 108.6481
v  -9.9441 196.0838 108.7051
v  -9.9224 196.0819 108.7563
v  -9.8889 196.0803 108.7997
v  -9.8455 196.0791 108.8332
v  -9.7943 196.0782 108.8549
v  -9.7373 196.0780 108.8625
v  -9.6804 196.0782 108.8549
v  -9.6291 196.0791 108.8332
v  -9.5857 196.0803 108.7997
v  -9.5522 196.0819 108.7563
v  -9.5306 196.0838 108.7051
v  -9.5229 196.0859 108.6481
v  -9.5306 196.0880 108.5912
v  -9.5522 196.0899 108.5400
v  -9.5857 196.0915 108.4966
v  -9.6291 196.0927 108.4631
v  -9.6804 196.0935 108.4414
v  -9.7943 203.7917 108.5068
v  -9.7373 203.7920 108.4991
v  -9.8455 203.7909 108.5284
v  -9.8889 203.7897 108.5619
v  -9.9224 203.7881 108.6053
v  -9.9441 203.7862 108.6565
v  -9.9517 203.7841 108.7135
v  -9.9441 203.7820 108.7704
v  -9.9224 203.7801 108.8216
v  -9.8889 203.7785 108.8650
v  -9.8455 203.7772 108.8986
v  -9.7943 203.7764 108.9202
v  -9.7373 203.7762 108.9279
v  -9.6804 203.7764 108.9202
v  -9.6291 203.7772 108.8986
v  -9.5857 203.7785 108.8650
v  -9.5522 203.7801 108.8216
v  -9.5306 203.7820 108.7704
v  -9.5229 203.7841 108.7135
v  -9.5306 203.7862 108.6565
v  -9.5522 203.7881 108.6053
v  -9.5857 203.7897 108.5619
v  -9.6291 203.7909 108.5284
v  -9.6804 203.7917 108.5068
v  -9.7943 211.4899 108.5721
v  -9.7373 211.4902 108.5645
v  -9.8455 211.4891 108.5937
v  -9.8889 211.4879 108.6273
v  -9.9224 211.4863 108.6707
v  -9.9441 211.4844 108.7219
v  -9.9517 211.4823 108.7788
v  -9.9441 211.4802 108.8358
v  -9.9224 211.4783 108.8870
v  -9.8889 211.4767 108.9304
v  -9.8455 211.4754 108.9639
v  -9.7943 211.4746 108.9855
v  -9.7373 211.4743 108.9932
v  -9.6804 211.4746 108.9855
v  -9.6291 211.4754 108.9639
v  -9.5857 211.4767 108.9304
v  -9.5522 211.4783 108.8870
v  -9.5306 211.4802 108.8358
v  -9.5229 211.4823 108.7788
v  -9.5306 211.4844 108.7219
v  -9.5522 211.4863 108.6707
v  -9.5857 211.4879 108.6273
v  -9.6291 211.4891 108.5937
v  -9.6804 211.4899 108.5721
v  -9.7943 219.1881 108.6375
v  -9.7373 219.1884 108.6298
v  -9.8455 219.1873 108.6591
v  -9.8889 219.1861 108.6926
v  -9.9224 219.1844 108.7360
v  -9.9441 219.1826 108.7872
v  -9.9517 219.1805 108.8442
v  -9.9441 219.1783 108.9011
v  -9.9224 219.1765 108.9523
v  -9.8889 219.1749 108.9957
v  -9.8455 219.1736 109.0293
v  -9.7943 219.1728 109.0509
v  -9.7373 219.1725 109.0585
v  -9.6804 219.1728 109.0509
v  -9.6291 219.1736 109.0293
v  -9.5857 219.1749 108.9957
v  -9.5522 219.1765 108.9523
v  -9.5306 219.1783 108.9011
v  -9.5229 219.1805 108.8442
v  -9.5306 219.1826 108.7872
v  -9.5522 219.1844 108.7360
v  -9.5857 219.1861 108.6926
v  -9.6291 219.1873 108.6591
v  -9.6804 219.1881 108.6375
v  -9.7943 226.8863 108.7028
v  -9.7373 226.8866 108.6951
v  -9.8455 226.8855 108.7244
v  -9.8889 226.8842 108.7580
v  -9.9224 226.8826 108.8014
v  -9.9441 226.8808 108.8526
v  -9.9517 226.8786 108.9095
v  -9.9441 226.8766 108.9665
v  -9.9224 226.8747 109.0177
v  -9.8889 226.8731 109.0611
v  -9.8455 226.8718 109.0946
v  -9.7943 226.8710 109.1162
v  -9.7373 226.8707 109.1239
v  -9.6804 226.8710 109.1162
v  -9.6291 226.8718 109.0946
v  -9.5857 226.8731 109.0611
v  -9.5522 226.8747 109.0177
v  -9.5306 226.8766 108.9665
v  -9.5229 226.8786 108.9095
v  -9.5306 226.8808 108.8526
v  -9.5522 226.8826 108.8014
v  -9.5857 226.8842 108.7580
v  -9.6291 226.8855 108.7244
v  -9.6804 226.8863 108.7028
v  -9.7943 234.5845 108.7682
v  -9.7373 234.5847 108.7605
v  -9.8455 234.5837 108.7898
v  -9.8889 234.5824 108.8233
v  -9.9224 234.5808 108.8667
v  -9.9441 234.5789 108.9179
v  -9.9517 234.5768 108.9749
v  -9.9441 234.5747 109.0318
v  -9.9224 234.5728 109.0830
v  -9.8889 234.5712 109.1264
v  -9.8455 234.5700 109.1599
v  -9.7943 234.5692 109.1816
v  -9.7373 234.5689 109.1892
v  -9.6804 234.5692 109.1816
v  -9.6291 234.5700 109.1599
v  -9.5857 234.5712 109.1264
v  -9.5522 234.5728 109.0830
v  -9.5306 234.5747 109.0318
v  -9.5229 234.5768 108.9749
v  -9.5306 234.5789 108.9179
v  -9.5522 234.5808 108.8667
v  -9.5857 234.5824 108.8233
v  -9.6291 234.5837 108.7898
v  -9.6804 234.5845 108.7682
v  -9.7943 242.2827 108.8335
v  -9.7373 242.2829 108.8258
v  -9.8455 242.2819 108.8551
v  -9.8889 242.2806 108.8887
v  -9.9224 242.2790 108.9321
v  -9.9441 242.2771 108.9832
v  -9.9517 242.2750 109.0402
v  -9.9441 242.2729 109.0972
v  -9.9224 242.2710 109.1484
v  -9.8889 242.2694 109.1917
v  -9.8455 242.2682 109.2253
v  -9.7943 242.2674 109.2469
v  -9.7373 242.2671 109.2546
v  -9.6804 242.2674 109.2469
v  -9.6292 242.2682 109.2253
v  -9.5857 242.2694 109.1917
v  -9.5522 242.2710 109.1484
v  -9.5306 242.2729 109.0972
v  -9.5229 242.2750 109.0402
v  -9.5306 242.2771 108.9832
v  -9.5522 242.2790 108.9321
v  -9.5857 242.2806 108.8887
v  -9.6292 242.2819 108.8551
v  -9.6804 242.2827 108.8335
v  -9.7943 249.9809 108.8988
v  -9.7373 249.9811 108.8912
v  -9.8455 249.9801 108.9205
v  -9.8889 249.9788 108.9540
v  -9.9224 249.9772 108.9974
v  -9.9441 249.9753 109.0486
v  -9.9517 249.9732 109.1055
v  -9.9441 249.9711 109.1625
v  -9.9224 249.9692 109.2137
v  -9.8889 249.9676 109.2571
v  -9.8455 249.9664 109.2906
v  -9.7943 249.9656 109.3123
v  -9.7373 249.9653 109.3199
v  -9.6804 249.9656 109.3123
v  -9.6292 249.9664 109.2906
v  -9.5858 249.9676 109.2571
v  -9.5522 249.9692 109.2137
v  -9.5306 249.9711 109.1625
v  -9.5229 249.9732 109.1055
v  -9.5306 249.9753 109.0486
v  -9.5522 249.9772 108.9974
v  -9.5858 249.9788 108.9540
v  -9.6292 249.9801 108.9205
v  -9.6804 249.9809 108.8988
v  -9.7943 257.6790 108.9642
v  -9.7373 257.6793 108.9565
v  -9.8455 257.6783 108.9858
v  -9.8889 257.6770 109.0193
v  -9.9224 257.6754 109.0627
v  -9.9441 257.6735 109.1139
v  -9.9517 257.6714 109.1709
v  -9.9441 257.6693 109.2278
v  -9.9224 257.6674 109.2790
v  -9.8889 257.6658 109.3224
v  -9.8455 257.6646 109.3560
v  -9.7943 257.6638 109.3776
v  -9.7373 257.6635 109.3853
v  -9.6804 257.6638 109.3776
v  -9.6292 257.6646 109.3560
v  -9.5858 257.6658 109.3224
v  -9.5522 257.6674 109.2790
v  -9.5306 257.6693 109.2278
v  -9.5229 257.6714 109.1709
v  -9.5306 257.6735 109.1139
v  -9.5522 257.6754 109.0627
v  -9.5858 257.6770 109.0193
v  -9.6292 257.6783 108.9858
v  -9.6804 257.6790 108.9642
v  -9.7943 265.3772 109.0295
v  -9.7373 265.3775 109.0219
v  -9.8455 265.3764 109.0511
v  -9.8889 265.3752 109.0847
v  -9.9224 265.3736 109.1281
v  -9.9441 265.3717 109.1793
v  -9.9517 265.3696 109.2362
v  -9.9441 265.3675 109.2932
v  -9.9224 265.3656 109.3444
v  -9.8889 265.3640 109.3878
v  -9.8455 265.3628 109.4213
v  -9.7943 265.3620 109.4429
v  -9.7373 265.3617 109.4506
v  -9.6804 265.3620 109.4429
v  -9.6292 265.3628 109.4213
v  -9.5858 265.3640 109.3878
v  -9.5522 265.3656 109.3444
v  -9.5306 265.3675 109.2932
v  -9.5229 265.3696 109.2362
v  -9.5306 265.3717 109.1793
v  -9.5522 265.3736 109.1281
v  -9.5858 265.3752 109.0847
v  -9.6292 265.3764 109.0511
v  -9.6804 265.3772 109.0295
v  -9.7943 273.0754 109.0949
v  -9.7373 273.0757 109.0872
v  -9.8455 273.0746 109.1165
v  -9.8889 273.0734 109.1500
v  -9.9224 273.0718 109.1934
v  -9.9441 273.0699 109.2446
v  -9.9517 273.0678 109.3016
v  -9.9441 273.0657 109.3585
v  -9.9224 273.0638 109.4097
v  -9.8889 273.0622 109.4531
v  -9.8455 273.0610 109.4867
v  -9.7943 273.0602 109.5083
v  -9.7373 273.0599 109.5160
v  -9.6804 273.0602 109.5083
v  -9.6292 273.0610 109.4867
v  -9.5858 273.0622 109.4531
v  -9.5522 273.0638 109.4097
v  -9.5306 273.0657 109.3585
v  -9.5229 273.0678 109.3016
v  -9.5306 273.0699 109.2446
v  -9.5522 273.0718 109.1934
v  -9.5858 273.0734 109.1500
v  -9.6292 273.0746 109.1165
v  -9.6804 273.0754 109.0949
v  -9.7943 280.7736 109.1602
v  -9.7373 280.7739 109.1525
v  -9.8455 280.7728 109.1818
v  -9.8889 280.7716 109.2154
v  -9.9224 280.7700 109.2588
v  -9.9441 280.7681 109.3100
v  -9.9517 280.7660 109.3669
v  -9.9441 280.7639 109.4239
v  -9.9224 280.7620 109.4751
v  -9.8889 280.7604 109.5185
v  -9.8455 280.7592 109.5520
v  -9.7943 280.7584 109.5736
v  -9.7373 280.7581 109.5813
v  -9.6804 280.7584 109.5736
v  -9.6292 280.7592 109.5520
v  -9.5858 280.7604 109.5185
v  -9.5522 280.7620 109.4751
v  -9.5306 280.7639 109.4239
v  -9.5229 280.7660 109.3669
v  -9.5306 280.7681 109.3100
v  -9.5522 280.7700 109.2588
v  -9.5858 280.7716 109.2154
v  -9.6292 280.7728 109.1818
v  -9.6804 280.7736 109.1602
v  -9.7943 288.4718 109.2256
v  -9.7373 288.4721 109.2179
v  -9.8455 288.4710 109.2472
v  -9.8889 288.4698 109.2807
v  -9.9224 288.4682 109.3241
v  -9.9441 288.4663 109.3753
v  -9.9517 288.4642 109.4323
v  -9.9441 288.4621 109.4892
v  -9.9224 288.4602 109.5404
v  -9.8889 288.4586 109.5838
v  -9.8455 288.4573 109.6173
v  -9.7943 288.4565 109.6390
v  -9.7373 288.4563 109.6466
v  -9.6804 288.4565 109.6390
v  -9.6292 288.4573 109.6173
v  -9.5858 288.4586 109.5838
v  -9.5522 288.4602 109.5404
v  -9.5306 288.4621 109.4892
v  -9.5229 288.4642 109.4323
v  -9.5306 288.4663 109.3753
v  -9.5522 288.4682 109.3241
v  -9.5858 288.4698 109.2807
v  -9.6292 288.4710 109.2472
v  -9.6804 288.4718 109.2256
v  -9.7943 296.1700 109.2909
v  -9.7373 296.1703 109.2832
v  -9.8455 296.1692 109.3125
v  -9.8889 296.1680 109.3461
v  -9.9224 296.1664 109.3895
v  -9.9441 296.1645 109.4407
v  -9.9517 296.1624 109.4976
v  -9.9441 296.1603 109.5546
v  -9.9224 296.1584 109.6058
v  -9.8889 296.1568 109.6492
v  -9.8455 296.1555 109.6827
v  -9.7943 296.1547 109.7043
v  -9.7373 296.1544 109.7120
v  -9.6804 296.1547 109.7043
v  -9.6292 296.1555 109.6827
v  -9.5858 296.1568 109.6492
v  -9.5522 296.1584 109.6058
v  -9.5306 296.1603 109.5546
v  -9.5229 296.1624 109.4976
v  -9.5306 296.1645 109.4407
v  -9.5522 296.1664 109.3895
v  -9.5858 296.1680 109.3461
v  -9.6292 296.1692 109.3125
v  -9.6804 296.1700 109.2909
v  -9.7943 303.8644 109.3562
v  -9.7373 303.8645 109.3485
v  -9.8455 303.8640 109.3778
v  -9.8889 303.8633 109.4114
v  -9.9224 303.8625 109.4548
v  -9.9441 303.8616 109.5060
v  -9.9517 303.8606 109.5630
v  -9.9441 303.8595 109.6199
v  -9.9224 303.8586 109.6711
v  -9.8889 303.8578 109.7145
v  -9.8455 303.8571 109.7481
v  -9.7943 303.8568 109.7697
v  -9.7373 303.8566 109.7774
v  -9.6804 303.8568 109.7697
v  -9.6292 303.8571 109.7481
v  -9.5858 303.8578 109.7145
v  -9.5522 303.8586 109.6711
v  -9.5306 303.8595 109.6199
v  -9.5229 303.8606 109.5630
v  -9.5306 303.8616 109.5060
v  -9.5522 303.8625 109.4548
v  -9.5858 303.8633 109.4114
v  -9.6292 303.8640 109.3778
v  -9.6804 303.8644 109.3562
v  -9.7943 309.2559 109.3562
v  -9.7373 309.2559 109.3485
v  -9.8455 309.2559 109.3778
v  -9.8889 309.2559 109.4114
v  -9.9224 309.2559 109.4548
v  -9.9441 309.2559 109.5060
v  -9.9517 309.2559 109.5630
v  -9.9441 309.2559 109.6199
v  -9.9224 309.2559 109.6711
v  -9.8889 309.2559 109.7145
v  -9.8455 309.2559 109.7481
v  -9.7943 309.2559 109.7697
v  -9.7373 309.2559 109.7774
v  -9.6804 309.2559 109.7697
v  -9.6292 309.2559 109.7481
v  -9.5858 309.2559 109.7145
v  -9.5522 309.2559 109.6711
v  -9.5306 309.2559 109.6199
v  -9.5229 309.2559 109.5630
v  -9.5306 309.2559 109.5060
v  -9.5522 309.2559 109.4548
v  -9.5858 309.2559 109.4114
v  -9.6292 309.2559 109.3778
v  -9.6804 309.2559 109.3562
v  -9.7943 314.6511 109.3562
v  -9.7373 314.6511 109.3485
v  -9.8455 314.6511 109.3778
v  -9.8889 314.6511 109.4114
v  -9.9224 314.6511 109.4548
v  -9.9441 314.6511 109.5060
v  -9.9517 314.6511 109.5630
v  -9.9441 314.6511 109.6199
v  -9.9224 314.6511 109.6711
v  -9.8889 314.6511 109.7145
v  -9.8455 314.6511 109.7481
v  -9.7943 314.6511 109.7697
v  -9.7373 314.6511 109.7774
v  -9.6804 314.6511 109.7697
v  -9.6292 314.6511 109.7481
v  -9.5858 314.6511 109.7145
v  -9.5522 314.6511 109.6711
v  -9.5306 314.6511 109.6199
v  -9.5229 314.6511 109.5630
v  -9.5306 314.6511 109.5060
v  -9.5522 314.6511 109.4548
v  -9.5858 314.6511 109.4114
v  -9.6292 314.6511 109.3778
v  -9.6804 314.6511 109.3562
v  -9.7943 320.0464 109.3562
v  -9.7373 320.0464 109.3485
v  -9.8455 320.0464 109.3778
v  -9.8889 320.0464 109.4114
v  -9.9224 320.0464 109.4548
v  -9.9441 320.0464 109.5060
v  -9.9517 320.0464 109.5630
v  -9.9441 320.0464 109.6199
v  -9.9224 320.0464 109.6711
v  -9.8889 320.0464 109.7145
v  -9.8455 320.0464 109.7481
v  -9.7943 320.0464 109.7697
v  -9.7373 320.0464 109.7774
v  -9.6804 320.0464 109.7697
v  -9.6292 320.0464 109.7481
v  -9.5858 320.0464 109.7145
v  -9.5522 320.0464 109.6711
v  -9.5306 320.0464 109.6199
v  -9.5229 320.0464 109.5630
v  -9.5306 320.0464 109.5060
v  -9.5522 320.0464 109.4548
v  -9.5858 320.0464 109.4114
v  -9.6292 320.0464 109.3778
v  -9.6804 320.0464 109.3562
v  -9.7943 325.4417 109.3562
v  -9.7373 325.4417 109.3486
v  -9.8455 325.4417 109.3779
v  -9.8889 325.4417 109.4114
v  -9.9224 325.4417 109.4548
v  -9.9441 325.4417 109.5060
v  -9.9517 325.4417 109.5630
v  -9.9441 325.4417 109.6199
v  -9.9224 325.4417 109.6711
v  -9.8889 325.4417 109.7145
v  -9.8455 325.4417 109.7481
v  -9.7943 325.4417 109.7697
v  -9.7373 325.4417 109.7774
v  -9.6804 325.4417 109.7697
v  -9.6292 325.4417 109.7481
v  -9.5858 325.4417 109.7145
v  -9.5522 325.4417 109.6711
v  -9.5306 325.4417 109.6199
v  -9.5229 325.4417 109.5630
v  -9.5306 325.4417 109.5060
v  -9.5522 325.4417 109.4548
v  -9.5858 325.4417 109.4114
v  -9.6292 325.4417 109.3779
v  -9.6804 325.4417 109.3562
v  -9.7943 330.8369 109.3562
v  -9.7373 330.8369 109.3486
v  -9.8455 330.8369 109.3779
v  -9.8889 330.8369 109.4114
v  -9.9224 330.8369 109.4548
v  -9.9441 330.8369 109.5060
v  -9.9517 330.8369 109.5630
v  -9.9441 330.8369 109.6199
v  -9.9224 330.8369 109.6711
v  -9.8889 330.8369 109.7145
v  -9.8455 330.8369 109.7481
v  -9.7943 330.8369 109.7697
v  -9.7373 330.8369 109.7774
v  -9.6804 330.8369 109.7697
v  -9.6292 330.8369 109.7481
v  -9.5858 330.8369 109.7145
v  -9.5522 330.8369 109.6711
v  -9.5306 330.8369 109.6199
v  -9.5229 330.8369 109.5630
v  -9.5306 330.8369 109.5060
v  -9.5522 330.8369 109.4548
v  -9.5858 330.8369 109.4114
v  -9.6292 330.8369 109.3779
v  -9.6804 330.8369 109.3562
v  -9.7943 336.2322 109.3562
v  -9.7373 336.2322 109.3486
v  -9.8455 336.2322 109.3779
v  -9.8889 336.2322 109.4114
v  -9.9224 336.2322 109.4548
v  -9.9441 336.2322 109.5060
v  -9.9517 336.2322 109.5630
v  -9.9441 336.2322 109.6199
v  -9.9224 336.2322 109.6711
v  -9.8889 336.2322 109.7145
v  -9.8455 336.2322 109.7481
v  -9.7943 336.2322 109.7697
v  -9.7373 336.2322 109.7774
v  -9.6804 336.2322 109.7697
v  -9.6292 336.2322 109.7481
v  -9.5858 336.2322 109.7145
v  -9.5522 336.2322 109.6711
v  -9.5306 336.2322 109.6199
v  -9.5229 336.2322 109.5630
v  -9.5306 336.2322 109.5060
v  -9.5522 336.2322 109.4548
v  -9.5858 336.2322 109.4114
v  -9.6292 336.2322 109.3779
v  -9.6804 336.2322 109.3562
v  -9.7943 341.6275 109.3562
v  -9.7373 341.6275 109.3486
v  -9.8455 341.6275 109.3779
v  -9.8889 341.6275 109.4114
v  -9.9224 341.6275 109.4548
v  -9.9441 341.6275 109.5060
v  -9.9517 341.6275 109.5630
v  -9.9441 341.6275 109.6199
v  -9.9224 341.6275 109.6711
v  -9.8889 341.6275 109.7145
v  -9.8455 341.6275 109.7481
v  -9.7943 341.6275 109.7697
v  -9.7373 341.6275 109.7774
v  -9.6804 341.6275 109.7697
v  -9.6292 341.6275 109.7481
v  -9.5858 341.6275 109.7145
v  -9.5522 341.6275 109.6711
v  -9.5306 341.6275 109.6199
v  -9.5229 341.6275 109.5630
v  -9.5306 341.6275 109.5060
v  -9.5522 341.6275 109.4548
v  -9.5858 341.6275 109.4114
v  -9.6292 341.6275 109.3779
v  -9.6804 341.6275 109.3562
v  -9.7943 347.0228 109.3562
v  -9.7373 347.0228 109.3486
v  -9.8455 347.0228 109.3779
v  -9.8889 347.0228 109.4114
v  -9.9224 347.0228 109.4548
v  -9.9441 347.0228 109.5060
v  -9.9517 347.0228 109.5630
v  -9.9441 347.0228 109.6199
v  -9.9224 347.0228 109.6711
v  -9.8889 347.0228 109.7145
v  -9.8455 347.0228 109.7481
v  -9.7943 347.0228 109.7697
v  -9.7373 347.0228 109.7774
v  -9.6804 347.0228 109.7697
v  -9.6292 347.0228 109.7481
v  -9.5858 347.0228 109.7145
v  -9.5522 347.0228 109.6711
v  -9.5306 347.0228 109.6199
v  -9.5229 347.0228 109.5630
v  -9.5306 347.0228 109.5060
v  -9.5522 347.0228 109.4548
v  -9.5858 347.0228 109.4114
v  -9.6292 347.0228 109.3779
v  -9.6804 347.0228 109.3562
v  -9.7943 352.4181 109.3562
v  -9.7373 352.4181 109.3486
v  -9.8455 352.4181 109.3779
v  -9.8889 352.4181 109.4114
v  -9.9224 352.4181 109.4548
v  -9.9441 352.4181 109.5060
v  -9.9517 352.4181 109.5630
v  -9.9441 352.4181 109.6199
v  -9.9224 352.4181 109.6711
v  -9.8889 352.4181 109.7145
v  -9.8455 352.4181 109.7481
v  -9.7943 352.4181 109.7697
v  -9.7373 352.4181 109.7774
v  -9.6804 352.4181 109.7697
v  -9.6292 352.4181 109.7481
v  -9.5858 352.4181 109.7145
v  -9.5522 352.4181 109.6711
v  -9.5306 352.4181 109.6199
v  -9.5229 352.4181 109.5630
v  -9.5306 352.4181 109.5060
v  -9.5522 352.4181 109.4548
v  -9.5858 352.4181 109.4114
v  -9.6292 352.4181 109.3779
v  -9.6804 352.4181 109.3562
v  -9.7943 357.8134 109.3562
v  -9.7373 357.8134 109.3486
v  -9.8455 357.8134 109.3779
v  -9.8889 357.8134 109.4114
v  -9.9225 357.8134 109.4548
v  -9.9441 357.8134 109.5060
v  -9.9517 357.8134 109.5630
v  -9.9441 357.8134 109.6199
v  -9.9225 357.8134 109.6712
v  -9.8889 357.8134 109.7145
v  -9.8455 357.8134 109.7481
v  -9.7943 357.8134 109.7697
v  -9.7373 357.8134 109.7774
v  -9.6804 357.8134 109.7697
v  -9.6292 357.8134 109.7481
v  -9.5858 357.8134 109.7145
v  -9.5522 357.8134 109.6712
v  -9.5306 357.8134 109.6199
v  -9.5229 357.8134 109.5630
v  -9.5306 357.8134 109.5060
v  -9.5522 357.8134 109.4548
v  -9.5858 357.8134 109.4114
v  -9.6292 357.8134 109.3779
v  -9.6804 357.8134 109.3562
v  -9.7943 363.2086 109.3562
v  -9.7373 363.2086 109.3486
v  -9.8455 363.2086 109.3779
v  -9.8889 363.2086 109.4114
v  -9.9225 363.2086 109.4548
v  -9.9441 363.2086 109.5060
v  -9.9517 363.2086 109.5630
v  -9.9441 363.2086 109.6199
v  -9.9225 363.2086 109.6712
v  -9.8889 363.2086 109.7146
v  -9.8455 363.2086 109.7481
v  -9.7943 363.2086 109.7697
v  -9.7373 363.2086 109.7774
v  -9.6804 363.2086 109.7697
v  -9.6292 363.2086 109.7481
v  -9.5858 363.2086 109.7146
v  -9.5522 363.2086 109.6712
v  -9.5306 363.2086 109.6199
v  -9.5229 363.2086 109.5630
v  -9.5306 363.2086 109.5060
v  -9.5522 363.2086 109.4548
v  -9.5858 363.2086 109.4114
v  -9.6292 363.2086 109.3779
v  -9.6804 363.2086 109.3562
v  -9.7943 368.6039 109.3562
v  -9.7373 368.6039 109.3486
v  -9.8455 368.6039 109.3779
v  -9.8889 368.6039 109.4114
v  -9.9225 368.6039 109.4548
v  -9.9441 368.6039 109.5060
v  -9.9517 368.6039 109.5630
v  -9.9441 368.6039 109.6199
v  -9.9225 368.6039 109.6712
v  -9.8889 368.6039 109.7146
v  -9.8455 368.6039 109.7481
v  -9.7943 368.6039 109.7697
v  -9.7373 368.6039 109.7774
v  -9.6804 368.6039 109.7697
v  -9.6292 368.6039 109.7481
v  -9.5858 368.6039 109.7146
v  -9.5522 368.6039 109.6712
v  -9.5306 368.6039 109.6199
v  -9.5229 368.6039 109.5630
v  -9.5306 368.6039 109.5060
v  -9.5522 368.6039 109.4548
v  -9.5858 368.6039 109.4114
v  -9.6292 368.6039 109.3779
v  -9.6804 368.6039 109.3562
v  -9.7943 373.9991 109.3562
v  -9.7373 373.9991 109.3486
v  -9.8455 373.9991 109.3779
v  -9.8889 373.9991 109.4114
v  -9.9225 373.9991 109.4548
v  -9.9441 373.9991 109.5060
v  -9.9517 373.9991 109.5630
v  -9.9441 373.9991 109.6199
v  -9.9225 373.9991 109.6712
v  -9.8889 373.9991 109.7146
v  -9.8455 373.9991 109.7481
v  -9.7943 373.9991 109.7697
v  -9.7373 373.9991 109.7774
v  -9.6804 373.9991 109.7697
v  -9.6292 373.9991 109.7481
v  -9.5858 373.9991 109.7146
v  -9.5522 373.9991 109.6712
v  -9.5306 373.9991 109.6199
v  -9.5229 373.9991 109.5630
v  -9.5306 373.9991 109.5060
v  -9.5522 373.9991 109.4548
v  -9.5858 373.9991 109.4114
v  -9.6292 373.9991 109.3779
v  -9.6804 373.9991 109.3562
v  -9.7943 379.3945 109.3562
v  -9.7373 379.3945 109.3486
v  -9.8455 379.3945 109.3779
v  -9.8889 379.3945 109.4114
v  -9.9225 379.3945 109.4548
v  -9.9441 379.3945 109.5060
v  -9.9518 379.3945 109.5630
v  -9.9441 379.3945 109.6199
v  -9.9225 379.3945 109.6712
v  -9.8889 379.3945 109.7146
v  -9.8455 379.3945 109.7481
v  -9.7943 379.3945 109.7697
v  -9.7373 379.3945 109.7774
v  -9.6804 379.3945 109.7697
v  -9.6292 379.3945 109.7481
v  -9.5858 379.3945 109.7146
v  -9.5522 379.3945 109.6712
v  -9.5306 379.3945 109.6199
v  -9.5229 379.3945 109.5630
v  -9.5306 379.3945 109.5060
v  -9.5522 379.3945 109.4548
v  -9.5858 379.3945 109.4114
v  -9.6292 379.3945 109.3779
v  -9.6804 379.3945 109.3562
v  -9.7943 384.7897 109.3563
v  -9.7373 384.7897 109.3486
v  -9.8455 384.7897 109.3779
v  -9.8889 384.7897 109.4114
v  -9.9225 384.7897 109.4548
v  -9.9441 384.7897 109.5060
v  -9.9518 384.7897 109.5630
v  -9.9441 384.7897 109.6200
v  -9.9225 384.7897 109.6712
v  -9.8889 384.7897 109.7146
v  -9.8455 384.7897 109.7481
v  -9.7943 384.7897 109.7697
v  -9.7373 384.7897 109.7774
v  -9.6804 384.7897 109.7697
v  -9.6292 384.7897 109.7481
v  -9.5858 384.7897 109.7146
v  -9.5522 384.7897 109.6712
v  -9.5306 384.7897 109.6200
v  -9.5229 384.7897 109.5630
v  -9.5306 384.7897 109.5060
v  -9.5522 384.7897 109.4548
v  -9.5858 384.7897 109.4114
v  -9.6292 384.7897 109.3779
v  -9.6804 384.7897 109.3563
v  -9.7943 390.1850 109.3563
v  -9.7373 390.1850 109.3486
v  -9.8455 390.1850 109.3779
v  -9.8889 390.1850 109.4114
v  -9.9225 390.1850 109.4548
v  -9.9441 390.1850 109.5060
v  -9.9518 390.1850 109.5630
v  -9.9441 390.1850 109.6200
v  -9.9225 390.1850 109.6712
v  -9.8889 390.1850 109.7146
v  -9.8455 390.1850 109.7481
v  -9.7943 390.1850 109.7697
v  -9.7373 390.1850 109.7774
v  -9.6804 390.1850 109.7697
v  -9.6292 390.1850 109.7481
v  -9.5858 390.1850 109.7146
v  -9.5522 390.1850 109.6712
v  -9.5306 390.1850 109.6200
v  -9.5229 390.1850 109.5630
v  -9.5306 390.1850 109.5060
v  -9.5522 390.1850 109.4548
v  -9.5858 390.1850 109.4114
v  -9.6292 390.1850 109.3779
v  -9.6804 390.1850 109.3563
v  -9.7943 395.5803 109.3563
v  -9.7373 395.5803 109.3486
v  -9.8455 395.5803 109.3779
v  -9.8889 395.5803 109.4114
v  -9.9225 395.5803 109.4548
v  -9.9441 395.5803 109.5060
v  -9.9518 395.5803 109.5630
v  -9.9441 395.5803 109.6200
v  -9.9225 395.5803 109.6712
v  -9.8889 395.5803 109.7146
v  -9.8455 395.5803 109.7481
v  -9.7943 395.5803 109.7697
v  -9.7373 395.5803 109.7774
v  -9.6804 395.5803 109.7697
v  -9.6292 395.5803 109.7481
v  -9.5858 395.5803 109.7146
v  -9.5522 395.5803 109.6712
v  -9.5306 395.5803 109.6200
v  -9.5229 395.5803 109.5630
v  -9.5306 395.5803 109.5060
v  -9.5522 395.5803 109.4548
v  -9.5858 395.5803 109.4114
v  -9.6292 395.5803 109.3779
v  -9.6804 395.5803 109.3563
v  -9.7943 400.9756 109.3563
v  -9.7373 400.9756 109.3486
v  -9.8455 400.9756 109.3779
v  -9.8889 400.9756 109.4114
v  -9.9225 400.9756 109.4548
v  -9.9441 400.9756 109.5060
v  -9.9518 400.9756 109.5630
v  -9.9441 400.9756 109.6200
v  -9.9225 400.9756 109.6712
v  -9.8889 400.9756 109.7146
v  -9.8455 400.9756 109.7481
v  -9.7943 400.9756 109.7697
v  -9.7373 400.9756 109.7774
v  -9.6804 400.9756 109.7697
v  -9.6292 400.9756 109.7481
v  -9.5858 400.9756 109.7146
v  -9.5522 400.9756 109.6712
v  -9.5306 400.9756 109.6200
v  -9.5229 400.9756 109.5630
v  -9.5306 400.9756 109.5060
v  -9.5522 400.9756 109.4548
v  -9.5858 400.9756 109.4114
v  -9.6292 400.9756 109.3779
v  -9.6804 400.9756 109.3563
v  -9.7943 406.3708 109.3563
v  -9.7373 406.3708 109.3486
v  -9.8455 406.3708 109.3779
v  -9.8889 406.3708 109.4114
v  -9.9225 406.3708 109.4548
v  -9.9441 406.3708 109.5060
v  -9.9518 406.3708 109.5630
v  -9.9441 406.3708 109.6200
v  -9.9225 406.3708 109.6712
v  -9.8889 406.3708 109.7146
v  -9.8455 406.3708 109.7481
v  -9.7943 406.3708 109.7697
v  -9.7373 406.3708 109.7774
v  -9.6804 406.3708 109.7697
v  -9.6292 406.3708 109.7481
v  -9.5858 406.3708 109.7146
v  -9.5522 406.3708 109.6712
v  -9.5306 406.3708 109.6200
v  -9.5229 406.3708 109.5630
v  -9.5306 406.3708 109.5060
v  -9.5522 406.3708 109.4548
v  -9.5858 406.3708 109.4114
v  -9.6292 406.3708 109.3779
v  -9.6804 406.3708 109.3563
v  -9.7943 411.7661 109.3563
v  -9.7373 411.7661 109.3486
v  -9.8455 411.7661 109.3779
v  -9.8889 411.7661 109.4114
v  -9.9225 411.7661 109.4548
v  -9.9441 411.7661 109.5061
v  -9.9518 411.7661 109.5630
v  -9.9441 411.7661 109.6200
v  -9.9225 411.7661 109.6712
v  -9.8889 411.7661 109.7146
v  -9.8455 411.7661 109.7481
v  -9.7943 411.7661 109.7698
v  -9.7373 411.7661 109.7774
v  -9.6804 411.7661 109.7698
v  -9.6292 411.7661 109.7481
v  -9.5858 411.7661 109.7146
v  -9.5522 411.7661 109.6712
v  -9.5306 411.7661 109.6200
v  -9.5229 411.7661 109.5630
v  -9.5306 411.7661 109.5061
v  -9.5522 411.7661 109.4548
v  -9.5858 411.7661 109.4114
v  -9.6292 411.7661 109.3779
v  -9.6804 411.7661 109.3563
v  -9.7943 417.1614 109.3563
v  -9.7373 417.1614 109.3486
v  -9.8455 417.1614 109.3779
v  -9.8889 417.1614 109.4114
v  -9.9225 417.1614 109.4548
v  -9.9441 417.1614 109.5061
v  -9.9518 417.1614 109.5630
v  -9.9441 417.1614 109.6200
v  -9.9225 417.1614 109.6712
v  -9.8889 417.1614 109.7146
v  -9.8455 417.1614 109.7481
v  -9.7943 417.1614 109.7698
v  -9.7373 417.1614 109.7774
v  -9.6804 417.1614 109.7698
v  -9.6292 417.1614 109.7481
v  -9.5858 417.1614 109.7146
v  -9.5522 417.1614 109.6712
v  -9.5306 417.1614 109.6200
v  -9.5229 417.1614 109.5630
v  -9.5306 417.1614 109.5061
v  -9.5522 417.1614 109.4548
v  -9.5858 417.1614 109.4114
v  -9.6292 417.1614 109.3779
v  -9.6804 417.1614 109.3563
# 1536 vertices

vn 0.0000 0.7195 -0.6945
vn -0.1904 0.6942 -0.6941
vn -0.2649 0.9601 -0.0896
vn -0.0000 0.9957 -0.0930
vn -0.3647 0.6216 -0.6932
vn -0.5067 0.8584 -0.0801
vn -0.5124 0.5098 -0.6910
vn -0.7095 0.7017 -0.0655
vn -0.6282 0.3644 -0.6874
vn -0.8654 0.4990 -0.0466
vn -0.7056 0.1900 -0.6827
vn -0.9657 0.2584 -0.0241
vn -0.7349 -0.0028 -0.6782
vn -1.0000 -0.0041 0.0004
vn -0.7118 -0.1973 -0.6741
vn -0.9637 -0.2659 0.0248
vn -0.6391 -0.3761 -0.6709
vn -0.8619 -0.5048 0.0471
vn -0.5249 -0.5276 -0.6679
vn -0.7056 -0.7056 0.0658
vn -0.3756 -0.6455 -0.6650
vn -0.5033 -0.8604 0.0803
vn -0.1967 -0.7227 -0.6626
vn -0.2628 -0.9607 0.0896
vn 0.0000 -0.7497 -0.6618
vn 0.0000 -0.9957 0.0929
vn 0.1967 -0.7227 -0.6626
vn 0.2628 -0.9607 0.0896
vn 0.3756 -0.6455 -0.6650
vn 0.5033 -0.8604 0.0803
vn 0.5249 -0.5276 -0.6679
vn 0.7056 -0.7056 0.0658
vn 0.6391 -0.3761 -0.6709
vn 0.8619 -0.5048 0.0471
vn 0.7118 -0.1973 -0.6741
vn 0.9637 -0.2659 0.0248
vn 0.7349 -0.0028 -0.6782
vn 1.0000 -0.0041 0.0004
vn 0.7056 0.1900 -0.6827
vn 0.9657 0.2584 -0.0241
vn 0.6282 0.3644 -0.6874
vn 0.8654 0.4990 -0.0466
vn 0.5124 0.5098 -0.6910
vn 0.7095 0.7017 -0.0655
vn 0.3647 0.6216 -0.6932
vn 0.5067 0.8584 -0.0801
vn 0.1904 0.6942 -0.6941
vn 0.2649 0.9601 -0.0896
vn -0.2651 0.9461 -0.1859
vn -0.0000 0.9812 -0.1928
vn -0.5069 0.8458 -0.1662
vn -0.7097 0.6913 -0.1358
vn -0.8656 0.4914 -0.0966
vn -0.9658 0.2543 -0.0500
vn -1.0000 -0.0044 0.0009
vn -0.9636 -0.2623 0.0516
vn -0.8618 -0.4977 0.0978
vn -0.7055 -0.6954 0.1367
vn -0.5032 -0.8480 0.1666
vn -0.2628 -0.9467 0.1860
vn 0.0000 -0.9812 0.1928
vn 0.2628 -0.9467 0.1860
vn 0.5032 -0.8480 0.1666
vn 0.7055 -0.6954 0.1367
vn 0.8618 -0.4977 0.0978
vn 0.9636 -0.2623 0.0516
vn 1.0000 -0.0044 0.0009
vn 0.9658 0.2543 -0.0500
vn 0.8656 0.4914 -0.0966
vn 0.7097 0.6913 -0.1358
vn 0.5069 0.8458 -0.1662
vn 0.2651 0.9461 -0.1859
vn -0.2652 0.9204 -0.2872
vn -0.0000 0.9546 -0.2979
vn -0.5070 0.8228 -0.2568
vn -0.7099 0.6723 -0.2098
vn -0.8657 0.4778 -0.1491
vn -0.9659 0.2471 -0.0771
vn -1.0000 -0.0045 0.0014
vn -0.9635 -0.2554 0.0797
vn -0.8618 -0.4843 0.1511
vn -0.7054 -0.6767 0.2112
vn -0.5031 -0.8250 0.2575
vn -0.2628 -0.9211 0.2874
vn 0.0000 -0.9546 0.2979
vn 0.2628 -0.9211 0.2874
vn 0.5031 -0.8250 0.2575
vn 0.7054 -0.6767 0.2112
vn 0.8618 -0.4843 0.1511
vn 0.9635 -0.2554 0.0797
vn 1.0000 -0.0045 0.0014
vn 0.9659 0.2471 -0.0771
vn 0.8657 0.4778 -0.1491
vn 0.7099 0.6723 -0.2098
vn 0.5070 0.8228 -0.2568
vn 0.2652 0.9204 -0.2872
vn -0.2652 0.8820 -0.3897
vn -0.0000 0.9147 -0.4041
vn -0.5072 0.7883 -0.3483
vn -0.7100 0.6441 -0.2846
vn -0.8658 0.4577 -0.2022
vn -0.9660 0.2366 -0.1045
vn -1.0000 -0.0045 0.0020
vn -0.9635 -0.2449 0.1082
vn -0.8617 -0.4641 0.2051
vn -0.7053 -0.6484 0.2865
vn -0.5031 -0.7905 0.3493
vn -0.2627 -0.8826 0.3899
vn 0.0000 -0.9147 0.4041
vn 0.2627 -0.8826 0.3899
vn 0.5031 -0.7905 0.3493
vn 0.7053 -0.6484 0.2865
vn 0.8617 -0.4641 0.2051
vn 0.9635 -0.2449 0.1082
vn 1.0000 -0.0045 0.0020
vn 0.9660 0.2366 -0.1045
vn 0.8658 0.4577 -0.2022
vn 0.7100 0.6441 -0.2846
vn 0.5072 0.7883 -0.3483
vn 0.2652 0.8820 -0.3897
vn -0.2652 0.8312 -0.4886
vn -0.0000 0.8621 -0.5067
vn -0.5072 0.7430 -0.4367
vn -0.7100 0.6071 -0.3568
vn -0.8658 0.4314 -0.2536
vn -0.9660 0.2230 -0.1311
vn -1.0000 -0.0042 0.0025
vn -0.9635 -0.2308 0.1357
vn -0.8617 -0.4374 0.2571
vn -0.7054 -0.6111 0.3592
vn -0.5031 -0.7451 0.4380
vn -0.2627 -0.8318 0.4889
vn 0.0000 -0.8621 0.5068
vn 0.2627 -0.8318 0.4889
vn 0.5031 -0.7451 0.4380
vn 0.7054 -0.6111 0.3592
vn 0.8617 -0.4374 0.2571
vn 0.9635 -0.2308 0.1357
vn 1.0000 -0.0042 0.0025
vn 0.9660 0.2230 -0.1311
vn 0.8658 0.4314 -0.2536
vn 0.7100 0.6071 -0.3568
vn 0.5072 0.7430 -0.4367
vn 0.2652 0.8312 -0.4886
vn -0.2652 0.7705 -0.5797
vn -0.0000 0.7991 -0.6012
vn -0.5071 0.6887 -0.5182
vn -0.7099 0.5628 -0.4234
vn -0.8657 0.3999 -0.3009
vn -0.9659 0.2068 -0.1556
vn -1.0000 -0.0038 0.0028
vn -0.9635 -0.2138 0.1609
vn -0.8618 -0.4054 0.3050
vn -0.7054 -0.5664 0.4262
vn -0.5031 -0.6906 0.5196
vn -0.2628 -0.7710 0.5801
vn -0.0000 -0.7991 0.6012
vn 0.2628 -0.7710 0.5801
vn 0.5031 -0.6906 0.5196
vn 0.7054 -0.5664 0.4262
vn 0.8617 -0.4054 0.3050
vn 0.9635 -0.2138 0.1609
vn 1.0000 -0.0038 0.0028
vn 0.9659 0.2068 -0.1556
vn 0.8657 0.3999 -0.3009
vn 0.7099 0.5628 -0.4234
vn 0.5071 0.6887 -0.5182
vn 0.2652 0.7705 -0.5797
vn -0.2650 0.7032 -0.6598
vn 0.0000 0.7293 -0.6842
vn -0.5069 0.6286 -0.5898
vn -0.7097 0.5138 -0.4820
vn -0.8656 0.3652 -0.3427
vn -0.9658 0.1890 -0.1773
vn -1.0000 -0.0033 0.0030
vn -0.9636 -0.1950 0.1829
vn -0.8618 -0.3699 0.3471
vn -0.7055 -0.5169 0.4850
vn -0.5031 -0.6302 0.5913
vn -0.2628 -0.7036 0.6602
vn -0.0000 -0.7293 0.6842
vn 0.2628 -0.7036 0.6602
vn 0.5031 -0.6302 0.5913
vn 0.7055 -0.5169 0.4850
vn 0.8618 -0.3699 0.3471
vn 0.9636 -0.1950 0.1829
vn 1.0000 -0.0033 0.0030
vn 0.9658 0.1890 -0.1773
vn 0.8656 0.3652 -0.3427
vn 0.7097 0.5138 -0.4820
vn 0.5069 0.6286 -0.5898
vn 0.2650 0.7032 -0.6598
vn -0.2649 0.6333 -0.7271
vn -0.0000 0.6568 -0.7541
vn -0.5067 0.5662 -0.6501
vn -0.7095 0.4629 -0.5314
vn -0.8654 0.3291 -0.3779
vn -0.9657 0.1704 -0.1957
vn -1.0000 -0.0027 0.0031
vn -0.9637 -0.1754 0.2014
vn -0.8619 -0.3330 0.3823
vn -0.7056 -0.4654 0.5344
vn -0.5032 -0.5676 0.6517
vn -0.2628 -0.6337 0.7276
vn -0.0000 -0.6568 0.7541
vn 0.2628 -0.6337 0.7276
vn 0.5032 -0.5676 0.6517
vn 0.7056 -0.4654 0.5344
vn 0.8619 -0.3330 0.3823
vn 0.9637 -0.1754 0.2014
vn 1.0000 -0.0027 0.0031
vn 0.9657 0.1704 -0.1957
vn 0.8654 0.3291 -0.3779
vn 0.7095 0.4629 -0.5314
vn 0.5067 0.5662 -0.6501
vn 0.2649 0.6333 -0.7271
vn -0.2647 0.5645 -0.7818
vn -0.0000 0.5854 -0.8108
vn -0.5064 0.5048 -0.6991
vn -0.7092 0.4127 -0.5716
vn -0.8651 0.2936 -0.4066
vn -0.9656 0.1522 -0.2108
vn -1.0000 -0.0021 0.0030
vn -0.9638 -0.1561 0.2163
vn -0.8621 -0.2967 0.4109
vn -0.7057 -0.4147 0.5744
vn -0.5033 -0.5058 0.7006
vn -0.2629 -0.5648 0.7823
vn -0.0000 -0.5854 0.8108
vn 0.2629 -0.5648 0.7823
vn 0.5033 -0.5058 0.7006
vn 0.7057 -0.4147 0.5744
vn 0.8621 -0.2967 0.4109
vn 0.9638 -0.1561 0.2163
vn 1.0000 -0.0021 0.0030
vn 0.9656 0.1522 -0.2108
vn 0.8651 0.2936 -0.4066
vn 0.7092 0.4127 -0.5716
vn 0.5064 0.5048 -0.6991
vn 0.2647 0.5645 -0.7818
vn -0.2646 0.4995 -0.8249
vn 0.0000 0.5179 -0.8554
vn -0.5061 0.4467 -0.7378
vn -0.7089 0.3653 -0.6034
vn -0.8649 0.2600 -0.4294
vn -0.9655 0.1349 -0.2228
vn -1.0000 -0.0017 0.0027
vn -0.9639 -0.1380 0.2279
vn -0.8622 -0.2624 0.4333
vn -0.7058 -0.3669 0.6060
vn -0.5034 -0.4475 0.7391
vn -0.2630 -0.4997 0.8253
vn -0.0000 -0.5179 0.8554
vn 0.2630 -0.4997 0.8253
vn 0.5034 -0.4475 0.7391
vn 0.7058 -0.3669 0.6060
vn 0.8622 -0.2624 0.4333
vn 0.9639 -0.1380 0.2279
vn 1.0000 -0.0017 0.0027
vn 0.9655 0.1349 -0.2228
vn 0.8649 0.2600 -0.4294
vn 0.7089 0.3653 -0.6034
vn 0.5061 0.4467 -0.7378
vn 0.2646 0.4995 -0.8249
vn -0.2644 0.4400 -0.8582
vn -0.0000 0.4562 -0.8899
vn -0.5059 0.3935 -0.7676
vn -0.7086 0.3219 -0.6279
vn -0.8647 0.2292 -0.4470
vn -0.9654 0.1190 -0.2321
vn -1.0000 -0.0013 0.0025
vn -0.9640 -0.1214 0.2367
vn -0.8624 -0.2310 0.4505
vn -0.7060 -0.3231 0.6302
vn -0.5035 -0.3941 0.7688
vn -0.2630 -0.4401 0.8585
vn 0.0000 -0.4562 0.8899
vn 0.2630 -0.4401 0.8585
vn 0.5035 -0.3941 0.7688
vn 0.7060 -0.3231 0.6302
vn 0.8624 -0.2310 0.4505
vn 0.9640 -0.1214 0.2367
vn 1.0000 -0.0013 0.0025
vn 0.9654 0.1190 -0.2321
vn 0.8647 0.2292 -0.4470
vn 0.7086 0.3219 -0.6279
vn 0.5059 0.3935 -0.7676
vn 0.2644 0.4400 -0.8582
vn -0.2643 0.3870 -0.8834
vn 0.0000 0.4012 -0.9160
vn -0.5057 0.3462 -0.7902
vn -0.7084 0.2832 -0.6465
vn -0.8645 0.2017 -0.4604
vn -0.9653 0.1048 -0.2393
vn -1.0000 -0.0010 0.0022
vn -0.9641 -0.1066 0.2434
vn -0.8625 -0.2031 0.4636
vn -0.7061 -0.2841 0.6486
vn -0.5037 -0.3466 0.7913
vn -0.2631 -0.3871 0.8837
vn -0.0000 -0.4012 0.9160
vn 0.2631 -0.3871 0.8837
vn 0.5037 -0.3466 0.7913
vn 0.7061 -0.2841 0.6486
vn 0.8625 -0.2031 0.4636
vn 0.9641 -0.1066 0.2434
vn 1.0000 -0.0010 0.0022
vn 0.9653 0.1048 -0.2393
vn 0.8645 0.2017 -0.4604
vn 0.7084 0.2832 -0.6465
vn 0.5057 0.3462 -0.7902
vn 0.2643 0.3870 -0.8834
vn -0.2641 0.3408 -0.9023
vn 0.0000 0.3533 -0.9355
vn -0.5055 0.3048 -0.8072
vn -0.7082 0.2494 -0.6605
vn -0.8643 0.1777 -0.4705
vn -0.9652 0.0924 -0.2448
vn -1.0000 -0.0007 0.0019
vn -0.9641 -0.0938 0.2483
vn -0.8626 -0.1787 0.4732
vn -0.7063 -0.2501 0.6623
vn -0.5038 -0.3052 0.8081
vn -0.2631 -0.3408 0.9025
vn 0.0000 -0.3533 0.9355
vn 0.2631 -0.3408 0.9025
vn 0.5038 -0.3052 0.8081
vn 0.7063 -0.2501 0.6623
vn 0.8626 -0.1787 0.4732
vn 0.9641 -0.0938 0.2483
vn 1.0000 -0.0007 0.0019
vn 0.9652 0.0924 -0.2448
vn 0.8643 0.1777 -0.4705
vn 0.7082 0.2494 -0.6605
vn 0.5055 0.3048 -0.8072
vn 0.2641 0.3408 -0.9023
vn -0.2640 0.3012 -0.9163
vn -0.0000 0.3123 -0.9500
vn -0.5053 0.2695 -0.8198
vn -0.7080 0.2205 -0.6709
vn -0.8642 0.1571 -0.4781
vn -0.9651 0.0818 -0.2489
vn -1.0000 -0.0005 0.0016
vn -0.9642 -0.0828 0.2518
vn -0.8627 -0.1579 0.4804
vn -0.7064 -0.2210 0.6724
vn -0.5039 -0.2697 0.8206
vn -0.2632 -0.3013 0.9165
vn -0.0000 -0.3123 0.9500
vn 0.2632 -0.3013 0.9165
vn 0.5039 -0.2697 0.8206
vn 0.7064 -0.2210 0.6724
vn 0.8627 -0.1579 0.4804
vn 0.9642 -0.0828 0.2518
vn 1.0000 -0.0005 0.0016
vn 0.9651 0.0818 -0.2489
vn 0.8642 0.1571 -0.4781
vn 0.7080 0.2205 -0.6709
vn 0.5053 0.2695 -0.8198
vn 0.2640 0.3012 -0.9163
vn -0.2640 0.2680 -0.9266
vn 0.0000 0.2778 -0.9606
vn -0.5051 0.2398 -0.8291
vn -0.7078 0.1963 -0.6786
vn -0.8640 0.1399 -0.4836
vn -0.9650 0.0729 -0.2519
vn -1.0000 -0.0004 0.0013
vn -0.9643 -0.0736 0.2544
vn -0.8629 -0.1404 0.4856
vn -0.7065 -0.1966 0.6799
vn -0.5040 -0.2400 0.8297
vn -0.2633 -0.2680 0.9267
vn -0.0000 -0.2778 0.9606
vn 0.2633 -0.2680 0.9267
vn 0.5040 -0.2400 0.8297
vn 0.7065 -0.1966 0.6799
vn 0.8629 -0.1404 0.4856
vn 0.9643 -0.0736 0.2544
vn 1.0000 -0.0004 0.0013
vn 0.9650 0.0729 -0.2519
vn 0.8640 0.1399 -0.4836
vn 0.7078 0.1963 -0.6786
vn 0.5051 0.2398 -0.8291
vn 0.2640 0.2680 -0.9266
vn -0.2639 0.2407 -0.9340
vn 0.0000 0.2496 -0.9684
vn -0.5050 0.2154 -0.8358
vn -0.7077 0.1763 -0.6842
vn -0.8639 0.1257 -0.4877
vn -0.9649 0.0655 -0.2542
vn -1.0000 -0.0003 0.0011
vn -0.9644 -0.0660 0.2562
vn -0.8630 -0.1261 0.4893
vn -0.7066 -0.1766 0.6852
vn -0.5041 -0.2155 0.8363
vn -0.2633 -0.2408 0.9342
vn -0.0000 -0.2496 0.9684
vn 0.2633 -0.2408 0.9342
vn 0.5041 -0.2155 0.8363
vn 0.7066 -0.1766 0.6852
vn 0.8630 -0.1261 0.4893
vn 0.9644 -0.0660 0.2562
vn 1.0000 -0.0003 0.0011
vn 0.9649 0.0655 -0.2542
vn 0.8639 0.1257 -0.4877
vn 0.7077 0.1763 -0.6842
vn 0.5050 0.2154 -0.8358
vn 0.2639 0.2407 -0.9340
vn -0.2638 0.2190 -0.9394
vn -0.0000 0.2271 -0.9739
vn -0.5049 0.1960 -0.8406
vn -0.7075 0.1605 -0.6882
vn -0.8638 0.1144 -0.4907
vn -0.9649 0.0597 -0.2559
vn -1.0000 -0.0002 0.0008
vn -0.9644 -0.0600 0.2575
vn -0.8631 -0.1147 0.4919
vn -0.7067 -0.1607 0.6890
vn -0.5042 -0.1961 0.8410
vn -0.2634 -0.2191 0.9395
vn -0.0000 -0.2271 0.9739
vn 0.2634 -0.2191 0.9395
vn 0.5042 -0.1961 0.8410
vn 0.7067 -0.1607 0.6890
vn 0.8631 -0.1147 0.4919
vn 0.9644 -0.0600 0.2575
vn 1.0000 -0.0002 0.0008
vn 0.9649 0.0597 -0.2559
vn 0.8638 0.1144 -0.4907
vn 0.7075 0.1605 -0.6882
vn 0.5049 0.1960 -0.8406
vn 0.2638 0.2190 -0.9394
vn -0.2637 0.2026 -0.9431
vn -0.0000 0.2100 -0.9777
vn -0.5048 0.1813 -0.8440
vn -0.7074 0.1484 -0.6910
vn -0.8637 0.1059 -0.4928
vn -0.9648 0.0552 -0.2571
vn -1.0000 -0.0001 0.0006
vn -0.9645 -0.0555 0.2583
vn -0.8631 -0.1060 0.4937
vn -0.7068 -0.1486 0.6916
vn -0.5043 -0.1813 0.8443
vn -0.2634 -0.2026 0.9432
vn 0.0000 -0.2100 0.9777
vn 0.2634 -0.2026 0.9432
vn 0.5043 -0.1813 0.8443
vn 0.7068 -0.1486 0.6916
vn 0.8631 -0.1060 0.4937
vn 0.9645 -0.0555 0.2583
vn 1.0000 -0.0001 0.0006
vn 0.9648 0.0552 -0.2571
vn 0.8637 0.1059 -0.4928
vn 0.7074 0.1484 -0.6910
vn 0.5048 0.1813 -0.8440
vn 0.2637 0.2026 -0.9431
vn -0.2637 0.1910 -0.9455
vn -0.0000 0.1980 -0.9802
vn -0.5047 0.1710 -0.8462
vn -0.7073 0.1400 -0.6929
vn -0.8636 0.0998 -0.4942
vn -0.9647 0.0521 -0.2580
vn -1.0000 -0.0001 0.0004
vn -0.9645 -0.0523 0.2587
vn -0.8632 -0.1000 0.4948
vn -0.7069 -0.1401 0.6933
vn -0.5043 -0.1710 0.8464
vn -0.2635 -0.1910 0.9456
vn 0.0000 -0.1980 0.9802
vn 0.2635 -0.1910 0.9456
vn 0.5043 -0.1710 0.8464
vn 0.7069 -0.1401 0.6933
vn 0.8632 -0.1000 0.4948
vn 0.9645 -0.0523 0.2587
vn 1.0000 -0.0001 0.0004
vn 0.9647 0.0521 -0.2580
vn 0.8636 0.0998 -0.4942
vn 0.7073 0.1400 -0.6929
vn 0.5047 0.1710 -0.8462
vn 0.2637 0.1910 -0.9455
vn -0.2636 0.1842 -0.9469
vn 0.0000 0.1909 -0.9816
vn -0.5046 0.1648 -0.8475
vn -0.7072 0.1350 -0.6940
vn -0.8635 0.0963 -0.4951
vn -0.9647 0.0503 -0.2585
vn -1.0000 -0.0000 0.0002
vn -0.9646 -0.0504 0.2589
vn -0.8633 -0.0963 0.4954
vn -0.7070 -0.1350 0.6942
vn -0.5044 -0.1648 0.8476
vn -0.2635 -0.1842 0.9469
vn -0.0000 -0.1909 0.9816
vn 0.2635 -0.1842 0.9469
vn 0.5044 -0.1648 0.8476
vn 0.7070 -0.1350 0.6942
vn 0.8633 -0.0963 0.4954
vn 0.9646 -0.0504 0.2589
vn 1.0000 -0.0000 0.0002
vn 0.9647 0.0503 -0.2585
vn 0.8635 0.0963 -0.4951
vn 0.7072 0.1350 -0.6940
vn 0.5046 0.1648 -0.8475
vn 0.2636 0.1842 -0.9469
vn -0.2663 0.0998 -0.9587
vn 0.0000 0.1035 -0.9946
vn -0.5090 0.0891 -0.8562
vn -0.7119 0.0727 -0.6985
vn -0.8672 0.0515 -0.4952
vn -0.9667 0.0265 -0.2546
vn -1.0000 -0.0008 0.0072
vn -0.9630 -0.0279 0.2680
vn -0.8611 -0.0526 0.5057
vn -0.7049 -0.0734 0.7055
vn -0.5028 -0.0895 0.8598
vn -0.2626 -0.0999 0.9597
vn -0.0000 -0.1035 0.9946
vn 0.2626 -0.0999 0.9597
vn 0.5028 -0.0895 0.8598
vn 0.7049 -0.0734 0.7055
vn 0.8611 -0.0526 0.5057
vn 0.9630 -0.0279 0.2680
vn 1.0000 -0.0008 0.0072
vn 0.9667 0.0265 -0.2546
vn 0.8672 0.0515 -0.4952
vn 0.7119 0.0727 -0.6985
vn 0.5090 0.0891 -0.8562
vn 0.2663 0.0998 -0.9587
vn -0.2636 0.0171 -0.9645
vn 0.0000 0.0177 -0.9998
vn -0.5045 0.0153 -0.8633
vn -0.7071 0.0125 -0.7070
vn -0.8634 0.0089 -0.5044
vn -0.9646 0.0047 -0.2635
vn -1.0000 -0.0000 0.0000
vn -0.9646 -0.0047 0.2635
vn -0.8634 -0.0089 0.5044
vn -0.7071 -0.0125 0.7070
vn -0.5045 -0.0153 0.8633
vn -0.2636 -0.0171 0.9645
vn -0.0000 -0.0177 0.9998
vn 0.2636 -0.0171 0.9645
vn 0.5045 -0.0153 0.8633
vn 0.7071 -0.0125 0.7070
vn 0.8634 -0.0089 0.5044
vn 0.9646 -0.0047 0.2635
vn 1.0000 0.0000 -0.0000
vn 0.9646 0.0047 -0.2635
vn 0.8634 0.0089 -0.5044
vn 0.7071 0.0125 -0.7070
vn 0.5045 0.0153 -0.8633
vn 0.2636 0.0171 -0.9645
vn -0.9646 0.0047 -0.2636
vn -1.0000 -0.0000 -0.0000
vn 0.9646 0.0047 -0.2636
vn 0.0000 -0.0177 0.9998
vn -0.0000 0.0177 -0.9998
vn -0.2638 0.0085 -0.9645
vn 0.0000 0.0088 -1.0000
vn -0.5048 0.0076 -0.8632
vn -0.7075 0.0063 -0.7067
vn -0.8637 0.0045 -0.5039
vn -0.9648 0.0023 -0.2629
vn -1.0000 -0.0000 0.0008
vn -0.9645 -0.0023 0.2643
vn -0.8631 -0.0045 0.5050
vn -0.7068 -0.0063 0.7074
vn -0.5042 -0.0076 0.8635
vn -0.2634 -0.0085 0.9646
vn -0.0000 -0.0088 1.0000
vn 0.2634 -0.0085 0.9646
vn 0.5042 -0.0076 0.8635
vn 0.7068 -0.0063 0.7074
vn 0.8631 -0.0045 0.5050
vn 0.9645 -0.0023 0.2643
vn 1.0000 -0.0000 0.0008
vn 0.9648 0.0023 -0.2629
vn 0.8637 0.0045 -0.5039
vn 0.7075 0.0063 -0.7067
vn 0.5048 0.0076 -0.8632
vn 0.2638 0.0085 -0.9645
vn -0.2636 0.0000 -0.9646
vn 0.0000 0.0000 -1.0000
vn -0.5045 0.0000 -0.8634
vn -0.7071 0.0000 -0.7071
vn -0.8634 0.0000 -0.5045
vn -0.9646 0.0000 -0.2636
vn -0.9646 -0.0000 0.2636
vn -0.8634 -0.0000 0.5045
vn -0.7071 -0.0000 0.7071
vn -0.5045 -0.0000 0.8634
vn -0.2636 -0.0000 0.9646
vn -0.0000 -0.0000 1.0000
vn 0.2636 -0.0000 0.9646
vn 0.5045 -0.0000 0.8634
vn 0.7071 -0.0000 0.7071
vn 0.8634 -0.0000 0.5045
vn 0.9646 -0.0000 0.2636
vn 0.9646 0.0000 -0.2636
vn 0.8634 0.0000 -0.5045
vn 0.7071 0.0000 -0.7071
vn 0.5045 0.0000 -0.8634
vn 0.2636 0.0000 -0.9646
vn -0.9646 -0.0000 -0.2636
vn 0.9646 0.0000 0.2636
vn -0.1937 0.6784 -0.7087
vn 0.0000 0.6783 -0.7348
vn -0.3703 0.6793 -0.6336
vn -0.5187 0.6796 -0.5187
vn -0.6337 0.6792 -0.3703
vn -0.7087 0.6785 -0.1936
vn -0.7348 0.6783 0.0000
vn -0.7087 0.6785 0.1936
vn -0.6337 0.6792 0.3703
vn -0.5187 0.6796 0.5187
vn -0.3703 0.6792 0.6337
vn -0.1936 0.6785 0.7087
vn -0.0000 0.6783 0.7348
vn 0.1936 0.6785 0.7087
vn 0.3703 0.6792 0.6337
vn 0.5187 0.6796 0.5187
vn 0.6337 0.6792 0.3703
vn 0.7087 0.6785 0.1936
vn 0.7348 0.6783 -0.0000
vn 0.7086 0.6785 -0.1936
vn 0.6337 0.6792 -0.3703
vn 0.5187 0.6796 -0.5187
vn 0.3703 0.6792 -0.6337
vn 0.1936 0.6785 -0.7087
# 629 vertex normals

o Loft001
g Loft001
usemtl wire_135006006
s 2049
f 3283//2070 3284//2071 3285//2072 3286//2073 
s 4099
f 3284//2071 3287//2074 3288//2075 3285//2072 
s 8194
f 3287//2074 3289//2076 3290//2077 3288//2075 
s 4098
f 3289//2076 3291//2078 3292//2079 3290//2077 
s 8194
f 3291//2078 3293//2080 3294//2081 3292//2079 
s 4098
f 3293//2080 3295//2082 3296//2083 3294//2081 
s 8194
f 3295//2082 3297//2084 3298//2085 3296//2083 
s 4098
f 3297//2084 3299//2086 3300//2087 3298//2085 
s 8194
f 3299//2086 3301//2088 3302//2089 3300//2087 
s 4098
f 3301//2088 3303//2090 3304//2091 3302//2089 
s 8194
f 3303//2090 3305//2092 3306//2093 3304//2091 
s 4098
f 3305//2092 3307//2094 3308//2095 3306//2093 
s 8194
f 3307//2094 3309//2096 3310//2097 3308//2095 
s 4098
f 3309//2096 3311//2098 3312//2099 3310//2097 
s 8194
f 3311//2098 3313//2100 3314//2101 3312//2099 
s 4098
f 3313//2100 3315//2102 3316//2103 3314//2101 
s 8194
f 3315//2102 3317//2104 3318//2105 3316//2103 
s 4098
f 3317//2104 3319//2106 3320//2107 3318//2105 
s 8194
f 3319//2106 3321//2108 3322//2109 3320//2107 
s 4098
f 3321//2108 3323//2110 3324//2111 3322//2109 
s 8194
f 3323//2110 3325//2112 3326//2113 3324//2111 
s 4098
f 3325//2112 3327//2114 3328//2115 3326//2113 
s 8194
f 3327//2114 3329//2116 3330//2117 3328//2115 
s 4099
f 3329//2116 3283//2070 3286//2073 3330//2117 
s 2056
f 3286//2073 3285//2072 3331//2118 3332//2119 
s 4120
f 3285//2072 3288//2075 3333//2120 3331//2118 
s 8208
f 3288//2075 3290//2077 3334//2121 3333//2120 
s 4112
f 3290//2077 3292//2079 3335//2122 3334//2121 
s 8208
f 3292//2079 3294//2081 3336//2123 3335//2122 
s 4112
f 3294//2081 3296//2083 3337//2124 3336//2123 
s 8208
f 3296//2083 3298//2085 3338//2125 3337//2124 
s 4112
f 3298//2085 3300//2087 3339//2126 3338//2125 
s 8208
f 3300//2087 3302//2089 3340//2127 3339//2126 
s 4112
f 3302//2089 3304//2091 3341//2128 3340//2127 
s 8208
f 3304//2091 3306//2093 3342//2129 3341//2128 
s 4112
f 3306//2093 3308//2095 3343//2130 3342//2129 
s 8208
f 3308//2095 3310//2097 3344//2131 3343//2130 
s 4112
f 3310//2097 3312//2099 3345//2132 3344//2131 
s 8208
f 3312//2099 3314//2101 3346//2133 3345//2132 
s 4112
f 3314//2101 3316//2103 3347//2134 3346//2133 
s 8208
f 3316//2103 3318//2105 3348//2135 3347//2134 
s 4112
f 3318//2105 3320//2107 3349//2136 3348//2135 
s 8208
f 3320//2107 3322//2109 3350//2137 3349//2136 
s 4112
f 3322//2109 3324//2111 3351//2138 3350//2137 
s 8208
f 3324//2111 3326//2113 3352//2139 3351//2138 
s 4112
f 3326//2113 3328//2115 3353//2140 3352//2139 
s 8208
f 3328//2115 3330//2117 3354//2141 3353//2140 
s 4120
f 3330//2117 3286//2073 3332//2119 3354//2141 
s 2049
f 3332//2119 3331//2118 3355//2142 3356//2143 
s 4099
f 3331//2118 3333//2120 3357//2144 3355//2142 
s 8194
f 3333//2120 3334//2121 3358//2145 3357//2144 
s 4098
f 3334//2121 3335//2122 3359//2146 3358//2145 
s 8194
f 3335//2122 3336//2123 3360//2147 3359//2146 
s 4098
f 3336//2123 3337//2124 3361//2148 3360//2147 
s 8194
f 3337//2124 3338//2125 3362//2149 3361//2148 
s 4098
f 3338//2125 3339//2126 3363//2150 3362//2149 
s 8194
f 3339//2126 3340//2127 3364//2151 3363//2150 
s 4098
f 3340//2127 3341//2128 3365//2152 3364//2151 
s 8194
f 3341//2128 3342//2129 3366//2153 3365//2152 
s 4098
f 3342//2129 3343//2130 3367//2154 3366//2153 
s 8194
f 3343//2130 3344//2131 3368//2155 3367//2154 
s 4098
f 3344//2131 3345//2132 3369//2156 3368//2155 
s 8194
f 3345//2132 3346//2133 3370//2157 3369//2156 
s 4098
f 3346//2133 3347//2134 3371//2158 3370//2157 
s 8194
f 3347//2134 3348//2135 3372//2159 3371//2158 
s 4098
f 3348//2135 3349//2136 3373//2160 3372//2159 
s 8194
f 3349//2136 3350//2137 3374//2161 3373//2160 
s 4098
f 3350//2137 3351//2138 3375//2162 3374//2161 
s 8194
f 3351//2138 3352//2139 3376//2163 3375//2162 
s 4098
f 3352//2139 3353//2140 3377//2164 3376//2163 
s 8194
f 3353//2140 3354//2141 3378//2165 3377//2164 
s 4099
f 3354//2141 3332//2119 3356//2143 3378//2165 
s 2056
f 3356//2143 3355//2142 3379//2166 3380//2167 
s 4120
f 3355//2142 3357//2144 3381//2168 3379//2166 
s 8208
f 3357//2144 3358//2145 3382//2169 3381//2168 
s 4112
f 3358//2145 3359//2146 3383//2170 3382//2169 
s 8208
f 3359//2146 3360//2147 3384//2171 3383//2170 
s 4112
f 3360//2147 3361//2148 3385//2172 3384//2171 
s 8208
f 3361//2148 3362//2149 3386//2173 3385//2172 
s 4112
f 3362//2149 3363//2150 3387//2174 3386//2173 
s 8208
f 3363//2150 3364//2151 3388//2175 3387//2174 
s 4112
f 3364//2151 3365//2152 3389//2176 3388//2175 
s 8208
f 3365//2152 3366//2153 3390//2177 3389//2176 
s 4112
f 3366//2153 3367//2154 3391//2178 3390//2177 
s 8208
f 3367//2154 3368//2155 3392//2179 3391//2178 
s 4112
f 3368//2155 3369//2156 3393//2180 3392//2179 
s 8208
f 3369//2156 3370//2157 3394//2181 3393//2180 
s 4112
f 3370//2157 3371//2158 3395//2182 3394//2181 
s 8208
f 3371//2158 3372//2159 3396//2183 3395//2182 
s 4112
f 3372//2159 3373//2160 3397//2184 3396//2183 
s 8208
f 3373//2160 3374//2161 3398//2185 3397//2184 
s 4112
f 3374//2161 3375//2162 3399//2186 3398//2185 
s 8208
f 3375//2162 3376//2163 3400//2187 3399//2186 
s 4112
f 3376//2163 3377//2164 3401//2188 3400//2187 
s 8208
f 3377//2164 3378//2165 3402//2189 3401//2188 
s 4120
f 3378//2165 3356//2143 3380//2167 3402//2189 
s 2049
f 3380//2167 3379//2166 3403//2190 3404//2191 
s 4099
f 3379//2166 3381//2168 3405//2192 3403//2190 
s 8194
f 3381//2168 3382//2169 3406//2193 3405//2192 
s 4098
f 3382//2169 3383//2170 3407//2194 3406//2193 
s 8194
f 3383//2170 3384//2171 3408//2195 3407//2194 
s 4098
f 3384//2171 3385//2172 3409//2196 3408//2195 
s 8194
f 3385//2172 3386//2173 3410//2197 3409//2196 
s 4098
f 3386//2173 3387//2174 3411//2198 3410//2197 
s 8194
f 3387//2174 3388//2175 3412//2199 3411//2198 
s 4098
f 3388//2175 3389//2176 3413//2200 3412//2199 
s 8194
f 3389//2176 3390//2177 3414//2201 3413//2200 
s 4098
f 3390//2177 3391//2178 3415//2202 3414//2201 
s 8194
f 3391//2178 3392//2179 3416//2203 3415//2202 
s 4098
f 3392//2179 3393//2180 3417//2204 3416//2203 
s 8194
f 3393//2180 3394//2181 3418//2205 3417//2204 
s 4098
f 3394//2181 3395//2182 3419//2206 3418//2205 
s 8194
f 3395//2182 3396//2183 3420//2207 3419//2206 
s 4098
f 3396//2183 3397//2184 3421//2208 3420//2207 
s 8194
f 3397//2184 3398//2185 3422//2209 3421//2208 
s 4098
f 3398//2185 3399//2186 3423//2210 3422//2209 
s 8194
f 3399//2186 3400//2187 3424//2211 3423//2210 
s 4098
f 3400//2187 3401//2188 3425//2212 3424//2211 
s 8194
f 3401//2188 3402//2189 3426//2213 3425//2212 
s 4099
f 3402//2189 3380//2167 3404//2191 3426//2213 
s 2056
f 3404//2191 3403//2190 3427//2214 3428//2215 
s 4120
f 3403//2190 3405//2192 3429//2216 3427//2214 
s 8208
f 3405//2192 3406//2193 3430//2217 3429//2216 
s 4112
f 3406//2193 3407//2194 3431//2218 3430//2217 
s 8208
f 3407//2194 3408//2195 3432//2219 3431//2218 
s 4112
f 3408//2195 3409//2196 3433//2220 3432//2219 
s 8208
f 3409//2196 3410//2197 3434//2221 3433//2220 
s 4112
f 3410//2197 3411//2198 3435//2222 3434//2221 
s 8208
f 3411//2198 3412//2199 3436//2223 3435//2222 
s 4112
f 3412//2199 3413//2200 3437//2224 3436//2223 
s 8208
f 3413//2200 3414//2201 3438//2225 3437//2224 
s 4112
f 3414//2201 3415//2202 3439//2226 3438//2225 
s 8208
f 3415//2202 3416//2203 3440//2227 3439//2226 
s 4112
f 3416//2203 3417//2204 3441//2228 3440//2227 
s 8208
f 3417//2204 3418//2205 3442//2229 3441//2228 
s 4112
f 3418//2205 3419//2206 3443//2230 3442//2229 
s 8208
f 3419//2206 3420//2207 3444//2231 3443//2230 
s 4112
f 3420//2207 3421//2208 3445//2232 3444//2231 
s 8208
f 3421//2208 3422//2209 3446//2233 3445//2232 
s 4112
f 3422//2209 3423//2210 3447//2234 3446//2233 
s 8208
f 3423//2210 3424//2211 3448//2235 3447//2234 
s 4112
f 3424//2211 3425//2212 3449//2236 3448//2235 
s 8208
f 3425//2212 3426//2213 3450//2237 3449//2236 
s 4120
f 3426//2213 3404//2191 3428//2215 3450//2237 
s 2049
f 3428//2215 3427//2214 3451//2238 3452//2239 
s 4099
f 3427//2214 3429//2216 3453//2240 3451//2238 
s 8194
f 3429//2216 3430//2217 3454//2241 3453//2240 
s 4098
f 3430//2217 3431//2218 3455//2242 3454//2241 
s 8194
f 3431//2218 3432//2219 3456//2243 3455//2242 
s 4098
f 3432//2219 3433//2220 3457//2244 3456//2243 
s 8194
f 3433//2220 3434//2221 3458//2245 3457//2244 
s 4098
f 3434//2221 3435//2222 3459//2246 3458//2245 
s 8194
f 3435//2222 3436//2223 3460//2247 3459//2246 
s 4098
f 3436//2223 3437//2224 3461//2248 3460//2247 
s 8194
f 3437//2224 3438//2225 3462//2249 3461//2248 
s 4098
f 3438//2225 3439//2226 3463//2250 3462//2249 
s 8194
f 3439//2226 3440//2227 3464//2251 3463//2250 
s 4098
f 3440//2227 3441//2228 3465//2252 3464//2251 
s 8194
f 3441//2228 3442//2229 3466//2253 3465//2252 
s 4098
f 3442//2229 3443//2230 3467//2254 3466//2253 
s 8194
f 3443//2230 3444//2231 3468//2255 3467//2254 
s 4098
f 3444//2231 3445//2232 3469//2256 3468//2255 
s 8194
f 3445//2232 3446//2233 3470//2257 3469//2256 
s 4098
f 3446//2233 3447//2234 3471//2258 3470//2257 
s 8194
f 3447//2234 3448//2235 3472//2259 3471//2258 
s 4098
f 3448//2235 3449//2236 3473//2260 3472//2259 
s 8194
f 3449//2236 3450//2237 3474//2261 3473//2260 
s 4099
f 3450//2237 3428//2215 3452//2239 3474//2261 
s 2056
f 3452//2239 3451//2238 3475//2262 3476//2263 
s 4120
f 3451//2238 3453//2240 3477//2264 3475//2262 
s 8208
f 3453//2240 3454//2241 3478//2265 3477//2264 
s 4112
f 3454//2241 3455//2242 3479//2266 3478//2265 
s 8208
f 3455//2242 3456//2243 3480//2267 3479//2266 
s 4112
f 3456//2243 3457//2244 3481//2268 3480//2267 
s 8208
f 3457//2244 3458//2245 3482//2269 3481//2268 
s 4112
f 3458//2245 3459//2246 3483//2270 3482//2269 
s 8208
f 3459//2246 3460//2247 3484//2271 3483//2270 
s 4112
f 3460//2247 3461//2248 3485//2272 3484//2271 
s 8208
f 3461//2248 3462//2249 3486//2273 3485//2272 
s 4112
f 3462//2249 3463//2250 3487//2274 3486//2273 
s 8208
f 3463//2250 3464//2251 3488//2275 3487//2274 
s 4112
f 3464//2251 3465//2252 3489//2276 3488//2275 
s 8208
f 3465//2252 3466//2253 3490//2277 3489//2276 
s 4112
f 3466//2253 3467//2254 3491//2278 3490//2277 
s 8208
f 3467//2254 3468//2255 3492//2279 3491//2278 
s 4112
f 3468//2255 3469//2256 3493//2280 3492//2279 
s 8208
f 3469//2256 3470//2257 3494//2281 3493//2280 
s 4112
f 3470//2257 3471//2258 3495//2282 3494//2281 
s 8208
f 3471//2258 3472//2259 3496//2283 3495//2282 
s 4112
f 3472//2259 3473//2260 3497//2284 3496//2283 
s 8208
f 3473//2260 3474//2261 3498//2285 3497//2284 
s 4120
f 3474//2261 3452//2239 3476//2263 3498//2285 
s 2049
f 3476//2263 3475//2262 3499//2286 3500//2287 
s 4099
f 3475//2262 3477//2264 3501//2288 3499//2286 
s 8194
f 3477//2264 3478//2265 3502//2289 3501//2288 
s 4098
f 3478//2265 3479//2266 3503//2290 3502//2289 
s 8194
f 3479//2266 3480//2267 3504//2291 3503//2290 
s 4098
f 3480//2267 3481//2268 3505//2292 3504//2291 
s 8194
f 3481//2268 3482//2269 3506//2293 3505//2292 
s 4098
f 3482//2269 3483//2270 3507//2294 3506//2293 
s 8194
f 3483//2270 3484//2271 3508//2295 3507//2294 
s 4098
f 3484//2271 3485//2272 3509//2296 3508//2295 
s 8194
f 3485//2272 3486//2273 3510//2297 3509//2296 
s 4098
f 3486//2273 3487//2274 3511//2298 3510//2297 
s 8194
f 3487//2274 3488//2275 3512//2299 3511//2298 
s 4098
f 3488//2275 3489//2276 3513//2300 3512//2299 
s 8194
f 3489//2276 3490//2277 3514//2301 3513//2300 
s 4098
f 3490//2277 3491//2278 3515//2302 3514//2301 
s 8194
f 3491//2278 3492//2279 3516//2303 3515//2302 
s 4098
f 3492//2279 3493//2280 3517//2304 3516//2303 
s 8194
f 3493//2280 3494//2281 3518//2305 3517//2304 
s 4098
f 3494//2281 3495//2282 3519//2306 3518//2305 
s 8194
f 3495//2282 3496//2283 3520//2307 3519//2306 
s 4098
f 3496//2283 3497//2284 3521//2308 3520//2307 
s 8194
f 3497//2284 3498//2285 3522//2309 3521//2308 
s 4099
f 3498//2285 3476//2263 3500//2287 3522//2309 
s 2056
f 3500//2287 3499//2286 3523//2310 3524//2311 
s 4120
f 3499//2286 3501//2288 3525//2312 3523//2310 
s 8208
f 3501//2288 3502//2289 3526//2313 3525//2312 
s 4112
f 3502//2289 3503//2290 3527//2314 3526//2313 
s 8208
f 3503//2290 3504//2291 3528//2315 3527//2314 
s 4112
f 3504//2291 3505//2292 3529//2316 3528//2315 
s 8208
f 3505//2292 3506//2293 3530//2317 3529//2316 
s 4112
f 3506//2293 3507//2294 3531//2318 3530//2317 
s 8208
f 3507//2294 3508//2295 3532//2319 3531//2318 
s 4112
f 3508//2295 3509//2296 3533//2320 3532//2319 
s 8208
f 3509//2296 3510//2297 3534//2321 3533//2320 
s 4112
f 3510//2297 3511//2298 3535//2322 3534//2321 
s 8208
f 3511//2298 3512//2299 3536//2323 3535//2322 
s 4112
f 3512//2299 3513//2300 3537//2324 3536//2323 
s 8208
f 3513//2300 3514//2301 3538//2325 3537//2324 
s 4112
f 3514//2301 3515//2302 3539//2326 3538//2325 
s 8208
f 3515//2302 3516//2303 3540//2327 3539//2326 
s 4112
f 3516//2303 3517//2304 3541//2328 3540//2327 
s 8208
f 3517//2304 3518//2305 3542//2329 3541//2328 
s 4112
f 3518//2305 3519//2306 3543//2330 3542//2329 
s 8208
f 3519//2306 3520//2307 3544//2331 3543//2330 
s 4112
f 3520//2307 3521//2308 3545//2332 3544//2331 
s 8208
f 3521//2308 3522//2309 3546//2333 3545//2332 
s 4120
f 3522//2309 3500//2287 3524//2311 3546//2333 
s 2049
f 3524//2311 3523//2310 3547//2334 3548//2335 
s 4099
f 3523//2310 3525//2312 3549//2336 3547//2334 
s 8194
f 3525//2312 3526//2313 3550//2337 3549//2336 
s 4098
f 3526//2313 3527//2314 3551//2338 3550//2337 
s 8194
f 3527//2314 3528//2315 3552//2339 3551//2338 
s 4098
f 3528//2315 3529//2316 3553//2340 3552//2339 
s 8194
f 3529//2316 3530//2317 3554//2341 3553//2340 
s 4098
f 3530//2317 3531//2318 3555//2342 3554//2341 
s 8194
f 3531//2318 3532//2319 3556//2343 3555//2342 
s 4098
f 3532//2319 3533//2320 3557//2344 3556//2343 
s 8194
f 3533//2320 3534//2321 3558//2345 3557//2344 
s 4098
f 3534//2321 3535//2322 3559//2346 3558//2345 
s 8194
f 3535//2322 3536//2323 3560//2347 3559//2346 
s 4098
f 3536//2323 3537//2324 3561//2348 3560//2347 
s 8194
f 3537//2324 3538//2325 3562//2349 3561//2348 
s 4098
f 3538//2325 3539//2326 3563//2350 3562//2349 
s 8194
f 3539//2326 3540//2327 3564//2351 3563//2350 
s 4098
f 3540//2327 3541//2328 3565//2352 3564//2351 
s 8194
f 3541//2328 3542//2329 3566//2353 3565//2352 
s 4098
f 3542//2329 3543//2330 3567//2354 3566//2353 
s 8194
f 3543//2330 3544//2331 3568//2355 3567//2354 
s 4098
f 3544//2331 3545//2332 3569//2356 3568//2355 
s 8194
f 3545//2332 3546//2333 3570//2357 3569//2356 
s 4099
f 3546//2333 3524//2311 3548//2335 3570//2357 
s 2056
f 3548//2335 3547//2334 3571//2358 3572//2359 
s 4120
f 3547//2334 3549//2336 3573//2360 3571//2358 
s 8208
f 3549//2336 3550//2337 3574//2361 3573//2360 
s 4112
f 3550//2337 3551//2338 3575//2362 3574//2361 
s 8208
f 3551//2338 3552//2339 3576//2363 3575//2362 
s 4112
f 3552//2339 3553//2340 3577//2364 3576//2363 
s 8208
f 3553//2340 3554//2341 3578//2365 3577//2364 
s 4112
f 3554//2341 3555//2342 3579//2366 3578//2365 
s 8208
f 3555//2342 3556//2343 3580//2367 3579//2366 
s 4112
f 3556//2343 3557//2344 3581//2368 3580//2367 
s 8208
f 3557//2344 3558//2345 3582//2369 3581//2368 
s 4112
f 3558//2345 3559//2346 3583//2370 3582//2369 
s 8208
f 3559//2346 3560//2347 3584//2371 3583//2370 
s 4112
f 3560//2347 3561//2348 3585//2372 3584//2371 
s 8208
f 3561//2348 3562//2349 3586//2373 3585//2372 
s 4112
f 3562//2349 3563//2350 3587//2374 3586//2373 
s 8208
f 3563//2350 3564//2351 3588//2375 3587//2374 
s 4112
f 3564//2351 3565//2352 3589//2376 3588//2375 
s 8208
f 3565//2352 3566//2353 3590//2377 3589//2376 
s 4112
f 3566//2353 3567//2354 3591//2378 3590//2377 
s 8208
f 3567//2354 3568//2355 3592//2379 3591//2378 
s 4112
f 3568//2355 3569//2356 3593//2380 3592//2379 
s 8208
f 3569//2356 3570//2357 3594//2381 3593//2380 
s 4120
f 3570//2357 3548//2335 3572//2359 3594//2381 
s 2049
f 3572//2359 3571//2358 3595//2382 3596//2383 
s 4099
f 3571//2358 3573//2360 3597//2384 3595//2382 
s 8194
f 3573//2360 3574//2361 3598//2385 3597//2384 
s 4098
f 3574//2361 3575//2362 3599//2386 3598//2385 
s 8194
f 3575//2362 3576//2363 3600//2387 3599//2386 
s 4098
f 3576//2363 3577//2364 3601//2388 3600//2387 
s 8194
f 3577//2364 3578//2365 3602//2389 3601//2388 
s 4098
f 3578//2365 3579//2366 3603//2390 3602//2389 
s 8194
f 3579//2366 3580//2367 3604//2391 3603//2390 
s 4098
f 3580//2367 3581//2368 3605//2392 3604//2391 
s 8194
f 3581//2368 3582//2369 3606//2393 3605//2392 
s 4098
f 3582//2369 3583//2370 3607//2394 3606//2393 
s 8194
f 3583//2370 3584//2371 3608//2395 3607//2394 
s 4098
f 3584//2371 3585//2372 3609//2396 3608//2395 
s 8194
f 3585//2372 3586//2373 3610//2397 3609//2396 
s 4098
f 3586//2373 3587//2374 3611//2398 3610//2397 
s 8194
f 3587//2374 3588//2375 3612//2399 3611//2398 
s 4098
f 3588//2375 3589//2376 3613//2400 3612//2399 
s 8194
f 3589//2376 3590//2377 3614//2401 3613//2400 
s 4098
f 3590//2377 3591//2378 3615//2402 3614//2401 
s 8194
f 3591//2378 3592//2379 3616//2403 3615//2402 
s 4098
f 3592//2379 3593//2380 3617//2404 3616//2403 
s 8194
f 3593//2380 3594//2381 3618//2405 3617//2404 
s 4099
f 3594//2381 3572//2359 3596//2383 3618//2405 
s 2056
f 3596//2383 3595//2382 3619//2406 3620//2407 
s 4120
f 3595//2382 3597//2384 3621//2408 3619//2406 
s 8208
f 3597//2384 3598//2385 3622//2409 3621//2408 
s 4112
f 3598//2385 3599//2386 3623//2410 3622//2409 
s 8208
f 3599//2386 3600//2387 3624//2411 3623//2410 
s 4112
f 3600//2387 3601//2388 3625//2412 3624//2411 
s 8208
f 3601//2388 3602//2389 3626//2413 3625//2412 
s 4112
f 3602//2389 3603//2390 3627//2414 3626//2413 
s 8208
f 3603//2390 3604//2391 3628//2415 3627//2414 
s 4112
f 3604//2391 3605//2392 3629//2416 3628//2415 
s 8208
f 3605//2392 3606//2393 3630//2417 3629//2416 
s 4112
f 3606//2393 3607//2394 3631//2418 3630//2417 
s 8208
f 3607//2394 3608//2395 3632//2419 3631//2418 
s 4112
f 3608//2395 3609//2396 3633//2420 3632//2419 
s 8208
f 3609//2396 3610//2397 3634//2421 3633//2420 
s 4112
f 3610//2397 3611//2398 3635//2422 3634//2421 
s 8208
f 3611//2398 3612//2399 3636//2423 3635//2422 
s 4112
f 3612//2399 3613//2400 3637//2424 3636//2423 
s 8208
f 3613//2400 3614//2401 3638//2425 3637//2424 
s 4112
f 3614//2401 3615//2402 3639//2426 3638//2425 
s 8208
f 3615//2402 3616//2403 3640//2427 3639//2426 
s 4112
f 3616//2403 3617//2404 3641//2428 3640//2427 
s 8208
f 3617//2404 3618//2405 3642//2429 3641//2428 
s 4120
f 3618//2405 3596//2383 3620//2407 3642//2429 
s 2049
f 3620//2407 3619//2406 3643//2430 3644//2431 
s 4099
f 3619//2406 3621//2408 3645//2432 3643//2430 
s 8194
f 3621//2408 3622//2409 3646//2433 3645//2432 
s 4098
f 3622//2409 3623//2410 3647//2434 3646//2433 
s 8194
f 3623//2410 3624//2411 3648//2435 3647//2434 
s 4098
f 3624//2411 3625//2412 3649//2436 3648//2435 
s 8194
f 3625//2412 3626//2413 3650//2437 3649//2436 
s 4098
f 3626//2413 3627//2414 3651//2438 3650//2437 
s 8194
f 3627//2414 3628//2415 3652//2439 3651//2438 
s 4098
f 3628//2415 3629//2416 3653//2440 3652//2439 
s 8194
f 3629//2416 3630//2417 3654//2441 3653//2440 
s 4098
f 3630//2417 3631//2418 3655//2442 3654//2441 
s 8194
f 3631//2418 3632//2419 3656//2443 3655//2442 
s 4098
f 3632//2419 3633//2420 3657//2444 3656//2443 
s 8194
f 3633//2420 3634//2421 3658//2445 3657//2444 
s 4098
f 3634//2421 3635//2422 3659//2446 3658//2445 
s 8194
f 3635//2422 3636//2423 3660//2447 3659//2446 
s 4098
f 3636//2423 3637//2424 3661//2448 3660//2447 
s 8194
f 3637//2424 3638//2425 3662//2449 3661//2448 
s 4098
f 3638//2425 3639//2426 3663//2450 3662//2449 
s 8194
f 3639//2426 3640//2427 3664//2451 3663//2450 
s 4098
f 3640//2427 3641//2428 3665//2452 3664//2451 
s 8194
f 3641//2428 3642//2429 3666//2453 3665//2452 
s 4099
f 3642//2429 3620//2407 3644//2431 3666//2453 
s 2056
f 3644//2431 3643//2430 3667//2454 3668//2455 
s 4120
f 3643//2430 3645//2432 3669//2456 3667//2454 
s 8208
f 3645//2432 3646//2433 3670//2457 3669//2456 
s 4112
f 3646//2433 3647//2434 3671//2458 3670//2457 
s 8208
f 3647//2434 3648//2435 3672//2459 3671//2458 
s 4112
f 3648//2435 3649//2436 3673//2460 3672//2459 
s 8208
f 3649//2436 3650//2437 3674//2461 3673//2460 
s 4112
f 3650//2437 3651//2438 3675//2462 3674//2461 
s 8208
f 3651//2438 3652//2439 3676//2463 3675//2462 
s 4112
f 3652//2439 3653//2440 3677//2464 3676//2463 
s 8208
f 3653//2440 3654//2441 3678//2465 3677//2464 
s 4112
f 3654//2441 3655//2442 3679//2466 3678//2465 
s 8208
f 3655//2442 3656//2443 3680//2467 3679//2466 
s 4112
f 3656//2443 3657//2444 3681//2468 3680//2467 
s 8208
f 3657//2444 3658//2445 3682//2469 3681//2468 
s 4112
f 3658//2445 3659//2446 3683//2470 3682//2469 
s 8208
f 3659//2446 3660//2447 3684//2471 3683//2470 
s 4112
f 3660//2447 3661//2448 3685//2472 3684//2471 
s 8208
f 3661//2448 3662//2449 3686//2473 3685//2472 
s 4112
f 3662//2449 3663//2450 3687//2474 3686//2473 
s 8208
f 3663//2450 3664//2451 3688//2475 3687//2474 
s 4112
f 3664//2451 3665//2452 3689//2476 3688//2475 
s 8208
f 3665//2452 3666//2453 3690//2477 3689//2476 
s 4120
f 3666//2453 3644//2431 3668//2455 3690//2477 
s 2049
f 3668//2455 3667//2454 3691//2478 3692//2479 
s 4099
f 3667//2454 3669//2456 3693//2480 3691//2478 
s 8194
f 3669//2456 3670//2457 3694//2481 3693//2480 
s 4098
f 3670//2457 3671//2458 3695//2482 3694//2481 
s 8194
f 3671//2458 3672//2459 3696//2483 3695//2482 
s 4098
f 3672//2459 3673//2460 3697//2484 3696//2483 
s 8194
f 3673//2460 3674//2461 3698//2485 3697//2484 
s 4098
f 3674//2461 3675//2462 3699//2486 3698//2485 
s 8194
f 3675//2462 3676//2463 3700//2487 3699//2486 
s 4098
f 3676//2463 3677//2464 3701//2488 3700//2487 
s 8194
f 3677//2464 3678//2465 3702//2489 3701//2488 
s 4098
f 3678//2465 3679//2466 3703//2490 3702//2489 
s 8194
f 3679//2466 3680//2467 3704//2491 3703//2490 
s 4098
f 3680//2467 3681//2468 3705//2492 3704//2491 
s 8194
f 3681//2468 3682//2469 3706//2493 3705//2492 
s 4098
f 3682//2469 3683//2470 3707//2494 3706//2493 
s 8194
f 3683//2470 3684//2471 3708//2495 3707//2494 
s 4098
f 3684//2471 3685//2472 3709//2496 3708//2495 
s 8194
f 3685//2472 3686//2473 3710//2497 3709//2496 
s 4098
f 3686//2473 3687//2474 3711//2498 3710//2497 
s 8194
f 3687//2474 3688//2475 3712//2499 3711//2498 
s 4098
f 3688//2475 3689//2476 3713//2500 3712//2499 
s 8194
f 3689//2476 3690//2477 3714//2501 3713//2500 
s 4099
f 3690//2477 3668//2455 3692//2479 3714//2501 
s 2056
f 3692//2479 3691//2478 3715//2502 3716//2503 
s 4120
f 3691//2478 3693//2480 3717//2504 3715//2502 
s 8208
f 3693//2480 3694//2481 3718//2505 3717//2504 
s 4112
f 3694//2481 3695//2482 3719//2506 3718//2505 
s 8208
f 3695//2482 3696//2483 3720//2507 3719//2506 
s 4112
f 3696//2483 3697//2484 3721//2508 3720//2507 
s 8208
f 3697//2484 3698//2485 3722//2509 3721//2508 
s 4112
f 3698//2485 3699//2486 3723//2510 3722//2509 
s 8208
f 3699//2486 3700//2487 3724//2511 3723//2510 
s 4112
f 3700//2487 3701//2488 3725//2512 3724//2511 
s 8208
f 3701//2488 3702//2489 3726//2513 3725//2512 
s 4112
f 3702//2489 3703//2490 3727//2514 3726//2513 
s 8208
f 3703//2490 3704//2491 3728//2515 3727//2514 
s 4112
f 3704//2491 3705//2492 3729//2516 3728//2515 
s 8208
f 3705//2492 3706//2493 3730//2517 3729//2516 
s 4112
f 3706//2493 3707//2494 3731//2518 3730//2517 
s 8208
f 3707//2494 3708//2495 3732//2519 3731//2518 
s 4112
f 3708//2495 3709//2496 3733//2520 3732//2519 
s 8208
f 3709//2496 3710//2497 3734//2521 3733//2520 
s 4112
f 3710//2497 3711//2498 3735//2522 3734//2521 
s 8208
f 3711//2498 3712//2499 3736//2523 3735//2522 
s 4112
f 3712//2499 3713//2500 3737//2524 3736//2523 
s 8208
f 3713//2500 3714//2501 3738//2525 3737//2524 
s 4120
f 3714//2501 3692//2479 3716//2503 3738//2525 
s 2049
f 3716//2503 3715//2502 3739//2526 3740//2527 
s 4099
f 3715//2502 3717//2504 3741//2528 3739//2526 
s 8194
f 3717//2504 3718//2505 3742//2529 3741//2528 
s 4098
f 3718//2505 3719//2506 3743//2530 3742//2529 
s 8194
f 3719//2506 3720//2507 3744//2531 3743//2530 
s 4098
f 3720//2507 3721//2508 3745//2532 3744//2531 
s 8194
f 3721//2508 3722//2509 3746//2533 3745//2532 
s 4098
f 3722//2509 3723//2510 3747//2534 3746//2533 
s 8194
f 3723//2510 3724//2511 3748//2535 3747//2534 
s 4098
f 3724//2511 3725//2512 3749//2536 3748//2535 
s 8194
f 3725//2512 3726//2513 3750//2537 3749//2536 
s 4098
f 3726//2513 3727//2514 3751//2538 3750//2537 
s 8194
f 3727//2514 3728//2515 3752//2539 3751//2538 
s 4098
f 3728//2515 3729//2516 3753//2540 3752//2539 
s 8194
f 3729//2516 3730//2517 3754//2541 3753//2540 
s 4098
f 3730//2517 3731//2518 3755//2542 3754//2541 
s 8194
f 3731//2518 3732//2519 3756//2543 3755//2542 
s 4098
f 3732//2519 3733//2520 3757//2544 3756//2543 
s 8194
f 3733//2520 3734//2521 3758//2545 3757//2544 
s 4098
f 3734//2521 3735//2522 3759//2546 3758//2545 
s 8194
f 3735//2522 3736//2523 3760//2547 3759//2546 
s 4098
f 3736//2523 3737//2524 3761//2548 3760//2547 
s 8194
f 3737//2524 3738//2525 3762//2549 3761//2548 
s 4099
f 3738//2525 3716//2503 3740//2527 3762//2549 
s 2056
f 3740//2527 3739//2526 3763//2550 3764//2551 
s 4120
f 3739//2526 3741//2528 3765//2552 3763//2550 
s 8208
f 3741//2528 3742//2529 3766//2553 3765//2552 
s 4112
f 3742//2529 3743//2530 3767//2554 3766//2553 
s 8208
f 3743//2530 3744//2531 3768//2555 3767//2554 
s 4112
f 3744//2531 3745//2532 3769//2556 3768//2555 
s 8208
f 3745//2532 3746//2533 3770//2557 3769//2556 
s 4112
f 3746//2533 3747//2534 3771//2558 3770//2557 
s 8208
f 3747//2534 3748//2535 3772//2559 3771//2558 
s 4112
f 3748//2535 3749//2536 3773//2560 3772//2559 
s 8208
f 3749//2536 3750//2537 3774//2561 3773//2560 
s 4112
f 3750//2537 3751//2538 3775//2562 3774//2561 
s 8208
f 3751//2538 3752//2539 3776//2563 3775//2562 
s 4112
f 3752//2539 3753//2540 3777//2564 3776//2563 
s 8208
f 3753//2540 3754//2541 3778//2565 3777//2564 
s 4112
f 3754//2541 3755//2542 3779//2566 3778//2565 
s 8208
f 3755//2542 3756//2543 3780//2567 3779//2566 
s 4112
f 3756//2543 3757//2544 3781//2568 3780//2567 
s 8208
f 3757//2544 3758//2545 3782//2569 3781//2568 
s 4112
f 3758//2545 3759//2546 3783//2570 3782//2569 
s 8208
f 3759//2546 3760//2547 3784//2571 3783//2570 
s 4112
f 3760//2547 3761//2548 3785//2572 3784//2571 
s 8208
f 3761//2548 3762//2549 3786//2573 3785//2572 
s 4120
f 3762//2549 3740//2527 3764//2551 3786//2573 
s 2049
f 3764//2551 3763//2550 3787//2574 3788//2575 
s 4099
f 3763//2550 3765//2552 3789//2576 3787//2574 
s 8194
f 3765//2552 3766//2553 3790//2577 3789//2576 
s 4098
f 3766//2553 3767//2554 3791//2578 3790//2577 
s 8194
f 3767//2554 3768//2555 3792//2579 3791//2578 
s 4098
f 3768//2555 3769//2556 3793//2580 3792//2579 
s 8194
f 3769//2556 3770//2557 3794//2581 3793//2580 
s 4098
f 3770//2557 3771//2558 3795//2582 3794//2581 
s 8194
f 3771//2558 3772//2559 3796//2583 3795//2582 
s 4098
f 3772//2559 3773//2560 3797//2584 3796//2583 
s 8194
f 3773//2560 3774//2561 3798//2585 3797//2584 
s 4098
f 3774//2561 3775//2562 3799//2586 3798//2585 
s 8194
f 3775//2562 3776//2563 3800//2587 3799//2586 
s 4098
f 3776//2563 3777//2564 3801//2588 3800//2587 
s 8194
f 3777//2564 3778//2565 3802//2589 3801//2588 
s 4098
f 3778//2565 3779//2566 3803//2590 3802//2589 
s 8194
f 3779//2566 3780//2567 3804//2591 3803//2590 
s 4098
f 3780//2567 3781//2568 3805//2592 3804//2591 
s 8194
f 3781//2568 3782//2569 3806//2593 3805//2592 
s 4098
f 3782//2569 3783//2570 3807//2594 3806//2593 
s 8194
f 3783//2570 3784//2571 3808//2595 3807//2594 
s 4098
f 3784//2571 3785//2572 3809//2596 3808//2595 
s 8194
f 3785//2572 3786//2573 3810//2597 3809//2596 
s 4099
f 3786//2573 3764//2551 3788//2575 3810//2597 
s 2056
f 3788//2575 3787//2574 3811//2598 3812//2599 
s 4120
f 3787//2574 3789//2576 3813//2600 3811//2598 
s 8208
f 3789//2576 3790//2577 3814//2601 3813//2600 
s 4112
f 3790//2577 3791//2578 3815//2602 3814//2601 
s 8208
f 3791//2578 3792//2579 3816//2603 3815//2602 
s 4112
f 3792//2579 3793//2580 3817//2604 3816//2603 
s 8208
f 3793//2580 3794//2581 3818//2605 3817//2604 
s 4112
f 3794//2581 3795//2582 3819//2606 3818//2605 
s 8208
f 3795//2582 3796//2583 3820//2607 3819//2606 
s 4112
f 3796//2583 3797//2584 3821//2608 3820//2607 
s 8208
f 3797//2584 3798//2585 3822//2609 3821//2608 
s 4112
f 3798//2585 3799//2586 3823//2610 3822//2609 
s 8208
f 3799//2586 3800//2587 3824//2611 3823//2610 
s 4112
f 3800//2587 3801//2588 3825//2612 3824//2611 
s 8208
f 3801//2588 3802//2589 3826//2613 3825//2612 
s 4112
f 3802//2589 3803//2590 3827//2614 3826//2613 
s 8208
f 3803//2590 3804//2591 3828//2615 3827//2614 
s 4112
f 3804//2591 3805//2592 3829//2616 3828//2615 
s 8208
f 3805//2592 3806//2593 3830//2617 3829//2616 
s 4112
f 3806//2593 3807//2594 3831//2618 3830//2617 
s 8208
f 3807//2594 3808//2595 3832//2619 3831//2618 
s 4112
f 3808//2595 3809//2596 3833//2620 3832//2619 
s 8208
f 3809//2596 3810//2597 3834//2621 3833//2620 
s 4120
f 3810//2597 3788//2575 3812//2599 3834//2621 
s 2049
f 3812//2599 3811//2598 3835//2598 3836//2599 
s 4099
f 3811//2598 3813//2600 3837//2600 3835//2598 
s 8194
f 3813//2600 3814//2601 3838//2601 3837//2600 
s 4098
f 3814//2601 3815//2602 3839//2602 3838//2601 
s 8194
f 3815//2602 3816//2603 3840//2603 3839//2602 
s 4098
f 3816//2603 3817//2604 3841//2604 3840//2603 
s 8194
f 3817//2604 3818//2605 3842//2605 3841//2604 
s 4098
f 3818//2605 3819//2606 3843//2606 3842//2605 
s 8194
f 3819//2606 3820//2607 3844//2607 3843//2606 
s 4098
f 3820//2607 3821//2608 3845//2608 3844//2607 
s 8194
f 3821//2608 3822//2609 3846//2609 3845//2608 
s 4098
f 3822//2609 3823//2610 3847//2610 3846//2609 
s 8194
f 3823//2610 3824//2611 3848//2611 3847//2610 
s 4098
f 3824//2611 3825//2612 3849//2612 3848//2611 
s 8194
f 3825//2612 3826//2613 3850//2613 3849//2612 
s 4098
f 3826//2613 3827//2614 3851//2614 3850//2613 
s 8194
f 3827//2614 3828//2615 3852//2615 3851//2614 
s 4098
f 3828//2615 3829//2616 3853//2616 3852//2615 
s 8194
f 3829//2616 3830//2617 3854//2617 3853//2616 
s 4098
f 3830//2617 3831//2618 3855//2618 3854//2617 
s 8194
f 3831//2618 3832//2619 3856//2619 3855//2618 
s 4098
f 3832//2619 3833//2620 3857//2620 3856//2619 
s 8194
f 3833//2620 3834//2621 3858//2621 3857//2620 
s 4099
f 3834//2621 3812//2599 3836//2599 3858//2621 
s 2056
f 3836//2599 3835//2598 3859//2598 3860//2599 
s 4120
f 3835//2598 3837//2600 3861//2600 3859//2598 
s 8208
f 3837//2600 3838//2601 3862//2601 3861//2600 
s 4112
f 3838//2601 3839//2602 3863//2602 3862//2601 
s 8208
f 3839//2602 3840//2603 3864//2603 3863//2602 
s 4112
f 3840//2603 3841//2604 3865//2604 3864//2603 
s 8208
f 3841//2604 3842//2605 3866//2605 3865//2604 
s 4112
f 3842//2605 3843//2606 3867//2606 3866//2605 
s 8208
f 3843//2606 3844//2607 3868//2607 3867//2606 
s 4112
f 3844//2607 3845//2608 3869//2608 3868//2607 
s 8208
f 3845//2608 3846//2609 3870//2609 3869//2608 
s 4112
f 3846//2609 3847//2610 3871//2610 3870//2609 
s 8208
f 3847//2610 3848//2611 3872//2611 3871//2610 
s 4112
f 3848//2611 3849//2612 3873//2612 3872//2611 
s 8208
f 3849//2612 3850//2613 3874//2613 3873//2612 
s 4112
f 3850//2613 3851//2614 3875//2614 3874//2613 
s 8208
f 3851//2614 3852//2615 3876//2615 3875//2614 
s 4112
f 3852//2615 3853//2616 3877//2616 3876//2615 
s 8208
f 3853//2616 3854//2617 3878//2617 3877//2616 
s 4112
f 3854//2617 3855//2618 3879//2618 3878//2617 
s 8208
f 3855//2618 3856//2619 3880//2619 3879//2618 
s 4112
f 3856//2619 3857//2620 3881//2620 3880//2619 
s 8208
f 3857//2620 3858//2621 3882//2621 3881//2620 
s 4120
f 3858//2621 3836//2599 3860//2599 3882//2621 
s 2049
f 3860//2599 3859//2598 3883//2598 3884//2599 
s 4099
f 3859//2598 3861//2600 3885//2600 3883//2598 
s 8194
f 3861//2600 3862//2601 3886//2601 3885//2600 
s 4098
f 3862//2601 3863//2602 3887//2602 3886//2601 
s 8194
f 3863//2602 3864//2603 3888//2603 3887//2602 
s 4098
f 3864//2603 3865//2604 3889//2604 3888//2603 
s 8194
f 3865//2604 3866//2605 3890//2605 3889//2604 
s 4098
f 3866//2605 3867//2606 3891//2606 3890//2605 
s 8194
f 3867//2606 3868//2607 3892//2607 3891//2606 
s 4098
f 3868//2607 3869//2608 3893//2608 3892//2607 
s 8194
f 3869//2608 3870//2609 3894//2609 3893//2608 
s 4098
f 3870//2609 3871//2610 3895//2610 3894//2609 
s 8194
f 3871//2610 3872//2611 3896//2611 3895//2610 
s 4098
f 3872//2611 3873//2612 3897//2612 3896//2611 
s 8194
f 3873//2612 3874//2613 3898//2613 3897//2612 
s 4098
f 3874//2613 3875//2614 3899//2614 3898//2613 
s 8194
f 3875//2614 3876//2615 3900//2615 3899//2614 
s 4098
f 3876//2615 3877//2616 3901//2616 3900//2615 
s 8194
f 3877//2616 3878//2617 3902//2617 3901//2616 
s 4098
f 3878//2617 3879//2618 3903//2618 3902//2617 
s 8194
f 3879//2618 3880//2619 3904//2619 3903//2618 
s 4098
f 3880//2619 3881//2620 3905//2620 3904//2619 
s 8194
f 3881//2620 3882//2621 3906//2621 3905//2620 
s 4099
f 3882//2621 3860//2599 3884//2599 3906//2621 
s 2056
f 3884//2599 3883//2598 3907//2598 3908//2599 
s 4120
f 3883//2598 3885//2600 3909//2600 3907//2598 
s 8208
f 3885//2600 3886//2601 3910//2601 3909//2600 
s 4112
f 3886//2601 3887//2602 3911//2602 3910//2601 
s 8208
f 3887//2602 3888//2603 3912//2603 3911//2602 
s 4112
f 3888//2603 3889//2604 3913//2604 3912//2603 
s 8208
f 3889//2604 3890//2605 3914//2605 3913//2604 
s 4112
f 3890//2605 3891//2606 3915//2606 3914//2605 
s 8208
f 3891//2606 3892//2607 3916//2607 3915//2606 
s 4112
f 3892//2607 3893//2608 3917//2608 3916//2607 
s 8208
f 3893//2608 3894//2609 3918//2609 3917//2608 
s 4112
f 3894//2609 3895//2610 3919//2610 3918//2609 
s 8208
f 3895//2610 3896//2611 3920//2611 3919//2610 
s 4112
f 3896//2611 3897//2612 3921//2612 3920//2611 
s 8208
f 3897//2612 3898//2613 3922//2613 3921//2612 
s 4112
f 3898//2613 3899//2614 3923//2614 3922//2613 
s 8208
f 3899//2614 3900//2615 3924//2615 3923//2614 
s 4112
f 3900//2615 3901//2616 3925//2616 3924//2615 
s 8208
f 3901//2616 3902//2617 3926//2617 3925//2616 
s 4112
f 3902//2617 3903//2618 3927//2618 3926//2617 
s 8208
f 3903//2618 3904//2619 3928//2619 3927//2618 
s 4112
f 3904//2619 3905//2620 3929//2620 3928//2619 
s 8208
f 3905//2620 3906//2621 3930//2621 3929//2620 
s 4120
f 3906//2621 3884//2599 3908//2599 3930//2621 
s 2049
f 3908//2599 3907//2598 3931//2598 3932//2599 
s 4099
f 3907//2598 3909//2600 3933//2600 3931//2598 
s 8194
f 3909//2600 3910//2601 3934//2601 3933//2600 
s 4098
f 3910//2601 3911//2602 3935//2602 3934//2601 
s 8194
f 3911//2602 3912//2603 3936//2603 3935//2602 
s 4098
f 3912//2603 3913//2604 3937//2604 3936//2603 
s 8194
f 3913//2604 3914//2605 3938//2605 3937//2604 
s 4098
f 3914//2605 3915//2606 3939//2606 3938//2605 
s 8194
f 3915//2606 3916//2607 3940//2607 3939//2606 
s 4098
f 3916//2607 3917//2608 3941//2608 3940//2607 
s 8194
f 3917//2608 3918//2609 3942//2609 3941//2608 
s 4098
f 3918//2609 3919//2610 3943//2610 3942//2609 
s 8194
f 3919//2610 3920//2611 3944//2611 3943//2610 
s 4098
f 3920//2611 3921//2612 3945//2612 3944//2611 
s 8194
f 3921//2612 3922//2613 3946//2613 3945//2612 
s 4098
f 3922//2613 3923//2614 3947//2614 3946//2613 
s 8194
f 3923//2614 3924//2615 3948//2615 3947//2614 
s 4098
f 3924//2615 3925//2616 3949//2616 3948//2615 
s 8194
f 3925//2616 3926//2617 3950//2617 3949//2616 
s 4098
f 3926//2617 3927//2618 3951//2618 3950//2617 
s 8194
f 3927//2618 3928//2619 3952//2619 3951//2618 
s 4098
f 3928//2619 3929//2620 3953//2620 3952//2619 
s 8194
f 3929//2620 3930//2621 3954//2621 3953//2620 
s 4099
f 3930//2621 3908//2599 3932//2599 3954//2621 
s 2056
f 3932//2599 3931//2598 3955//2598 3956//2599 
s 4120
f 3931//2598 3933//2600 3957//2600 3955//2598 
s 8208
f 3933//2600 3934//2601 3958//2601 3957//2600 
s 4112
f 3934//2601 3935//2602 3959//2602 3958//2601 
s 8208
f 3935//2602 3936//2603 3960//2603 3959//2602 
s 4112
f 3936//2603 3937//2604 3961//2604 3960//2603 
s 8208
f 3937//2604 3938//2605 3962//2605 3961//2604 
s 4112
f 3938//2605 3939//2606 3963//2606 3962//2605 
s 8208
f 3939//2606 3940//2607 3964//2607 3963//2606 
s 4112
f 3940//2607 3941//2608 3965//2608 3964//2607 
s 8208
f 3941//2608 3942//2609 3966//2609 3965//2608 
s 4112
f 3942//2609 3943//2610 3967//2610 3966//2609 
s 8208
f 3943//2610 3944//2611 3968//2611 3967//2610 
s 4112
f 3944//2611 3945//2612 3969//2612 3968//2611 
s 8208
f 3945//2612 3946//2613 3970//2613 3969//2612 
s 4112
f 3946//2613 3947//2614 3971//2614 3970//2613 
s 8208
f 3947//2614 3948//2615 3972//2615 3971//2614 
s 4112
f 3948//2615 3949//2616 3973//2616 3972//2615 
s 8208
f 3949//2616 3950//2617 3974//2617 3973//2616 
s 4112
f 3950//2617 3951//2618 3975//2618 3974//2617 
s 8208
f 3951//2618 3952//2619 3976//2619 3975//2618 
s 4112
f 3952//2619 3953//2620 3977//2620 3976//2619 
s 8208
f 3953//2620 3954//2621 3978//2621 3977//2620 
s 4120
f 3954//2621 3932//2599 3956//2599 3978//2621 
s 2049
f 3956//2599 3955//2598 3979//2598 3980//2599 
s 4099
f 3955//2598 3957//2600 3981//2600 3979//2598 
s 8194
f 3957//2600 3958//2601 3982//2601 3981//2600 
s 4098
f 3958//2601 3959//2602 3983//2602 3982//2601 
s 8194
f 3959//2602 3960//2603 3984//2603 3983//2602 
s 4098
f 3960//2603 3961//2604 3985//2604 3984//2603 
s 8194
f 3961//2604 3962//2605 3986//2605 3985//2604 
s 4098
f 3962//2605 3963//2606 3987//2606 3986//2605 
s 8194
f 3963//2606 3964//2607 3988//2607 3987//2606 
s 4098
f 3964//2607 3965//2608 3989//2608 3988//2607 
s 8194
f 3965//2608 3966//2609 3990//2609 3989//2608 
s 4098
f 3966//2609 3967//2610 3991//2610 3990//2609 
s 8194
f 3967//2610 3968//2611 3992//2611 3991//2610 
s 4098
f 3968//2611 3969//2612 3993//2612 3992//2611 
s 8194
f 3969//2612 3970//2613 3994//2613 3993//2612 
s 4098
f 3970//2613 3971//2614 3995//2614 3994//2613 
s 8194
f 3971//2614 3972//2615 3996//2615 3995//2614 
s 4098
f 3972//2615 3973//2616 3997//2616 3996//2615 
s 8194
f 3973//2616 3974//2617 3998//2617 3997//2616 
s 4098
f 3974//2617 3975//2618 3999//2618 3998//2617 
s 8194
f 3975//2618 3976//2619 4000//2619 3999//2618 
s 4098
f 3976//2619 3977//2620 4001//2620 4000//2619 
s 8194
f 3977//2620 3978//2621 4002//2621 4001//2620 
s 4099
f 3978//2621 3956//2599 3980//2599 4002//2621 
s 2056
f 3980//2599 3979//2598 4003//2598 4004//2599 
s 4120
f 3979//2598 3981//2600 4005//2600 4003//2598 
s 8208
f 3981//2600 3982//2601 4006//2601 4005//2600 
s 4112
f 3982//2601 3983//2602 4007//2602 4006//2601 
s 8208
f 3983//2602 3984//2603 4008//2622 4007//2602 
s 4112
f 3984//2603 3985//2604 4009//2623 4008//2622 
s 8208
f 3985//2604 3986//2605 4010//2605 4009//2623 
s 4112
f 3986//2605 3987//2606 4011//2606 4010//2605 
s 8208
f 3987//2606 3988//2607 4012//2607 4011//2606 
s 4112
f 3988//2607 3989//2608 4013//2608 4012//2607 
s 8208
f 3989//2608 3990//2609 4014//2609 4013//2608 
s 4112
f 3990//2609 3991//2610 4015//2610 4014//2609 
s 8208
f 3991//2610 3992//2611 4016//2611 4015//2610 
s 4112
f 3992//2611 3993//2612 4017//2612 4016//2611 
s 8208
f 3993//2612 3994//2613 4018//2613 4017//2612 
s 4112
f 3994//2613 3995//2614 4019//2614 4018//2613 
s 8208
f 3995//2614 3996//2615 4020//2615 4019//2614 
s 4112
f 3996//2615 3997//2616 4021//2616 4020//2615 
s 8208
f 3997//2616 3998//2617 4022//2624 4021//2616 
s 4112
f 3998//2617 3999//2618 4023//2618 4022//2624 
s 8208
f 3999//2618 4000//2619 4024//2619 4023//2618 
s 4112
f 4000//2619 4001//2620 4025//2620 4024//2619 
s 8208
f 4001//2620 4002//2621 4026//2621 4025//2620 
s 4120
f 4002//2621 3980//2599 4004//2599 4026//2621 
s 2049
f 4004//2599 4003//2598 4027//2598 4028//2599 
s 4099
f 4003//2598 4005//2600 4029//2600 4027//2598 
s 8194
f 4005//2600 4006//2601 4030//2601 4029//2600 
s 4098
f 4006//2601 4007//2602 4031//2602 4030//2601 
s 8194
f 4007//2602 4008//2622 4032//2603 4031//2602 
s 4098
f 4008//2622 4009//2623 4033//2604 4032//2603 
s 8194
f 4009//2623 4010//2605 4034//2605 4033//2604 
s 4098
f 4010//2605 4011//2606 4035//2606 4034//2605 
s 8194
f 4011//2606 4012//2607 4036//2607 4035//2606 
s 4098
f 4012//2607 4013//2608 4037//2608 4036//2607 
s 8194
f 4013//2608 4014//2609 4038//2609 4037//2608 
s 4098
f 4014//2609 4015//2610 4039//2625 4038//2609 
s 8194
f 4015//2610 4016//2611 4040//2611 4039//2625 
s 4098
f 4016//2611 4017//2612 4041//2612 4040//2611 
s 8194
f 4017//2612 4018//2613 4042//2613 4041//2612 
s 4098
f 4018//2613 4019//2614 4043//2614 4042//2613 
s 8194
f 4019//2614 4020//2615 4044//2615 4043//2614 
s 4098
f 4020//2615 4021//2616 4045//2616 4044//2615 
s 8194
f 4021//2616 4022//2624 4046//2617 4045//2616 
s 4098
f 4022//2624 4023//2618 4047//2618 4046//2617 
s 8194
f 4023//2618 4024//2619 4048//2619 4047//2618 
s 4098
f 4024//2619 4025//2620 4049//2620 4048//2619 
s 8194
f 4025//2620 4026//2621 4050//2621 4049//2620 
s 4099
f 4026//2621 4004//2599 4028//2599 4050//2621 
s 2056
f 4028//2599 4027//2598 4051//2598 4052//2626 
s 4120
f 4027//2598 4029//2600 4053//2600 4051//2598 
s 8208
f 4029//2600 4030//2601 4054//2601 4053//2600 
s 4112
f 4030//2601 4031//2602 4055//2602 4054//2601 
s 8208
f 4031//2602 4032//2603 4056//2603 4055//2602 
s 4112
f 4032//2603 4033//2604 4057//2604 4056//2603 
s 8208
f 4033//2604 4034//2605 4058//2605 4057//2604 
s 4112
f 4034//2605 4035//2606 4059//2606 4058//2605 
s 8208
f 4035//2606 4036//2607 4060//2607 4059//2606 
s 4112
f 4036//2607 4037//2608 4061//2608 4060//2607 
s 8208
f 4037//2608 4038//2609 4062//2609 4061//2608 
s 4112
f 4038//2609 4039//2625 4063//2610 4062//2609 
s 8208
f 4039//2625 4040//2611 4064//2611 4063//2610 
s 4112
f 4040//2611 4041//2612 4065//2612 4064//2611 
s 8208
f 4041//2612 4042//2613 4066//2613 4065//2612 
s 4112
f 4042//2613 4043//2614 4067//2614 4066//2613 
s 8208
f 4043//2614 4044//2615 4068//2615 4067//2614 
s 4112
f 4044//2615 4045//2616 4069//2616 4068//2615 
s 8208
f 4045//2616 4046//2617 4070//2617 4069//2616 
s 4112
f 4046//2617 4047//2618 4071//2618 4070//2617 
s 8208
f 4047//2618 4048//2619 4072//2619 4071//2618 
s 4112
f 4048//2619 4049//2620 4073//2620 4072//2619 
s 8208
f 4049//2620 4050//2621 4074//2621 4073//2620 
s 4120
f 4050//2621 4028//2599 4052//2626 4074//2621 
s 2049
f 4052//2626 4051//2598 4075//2598 4076//2599 
s 4099
f 4051//2598 4053//2600 4077//2600 4075//2598 
s 8194
f 4053//2600 4054//2601 4078//2601 4077//2600 
s 4098
f 4054//2601 4055//2602 4079//2602 4078//2601 
s 8194
f 4055//2602 4056//2603 4080//2603 4079//2602 
s 4098
f 4056//2603 4057//2604 4081//2604 4080//2603 
s 8194
f 4057//2604 4058//2605 4082//2605 4081//2604 
s 4098
f 4058//2605 4059//2606 4083//2606 4082//2605 
s 8194
f 4059//2606 4060//2607 4084//2607 4083//2606 
s 4098
f 4060//2607 4061//2608 4085//2608 4084//2607 
s 8194
f 4061//2608 4062//2609 4086//2609 4085//2608 
s 4098
f 4062//2609 4063//2610 4087//2610 4086//2609 
s 8194
f 4063//2610 4064//2611 4088//2611 4087//2610 
s 4098
f 4064//2611 4065//2612 4089//2612 4088//2611 
s 8194
f 4065//2612 4066//2613 4090//2613 4089//2612 
s 4098
f 4066//2613 4067//2614 4091//2614 4090//2613 
s 8194
f 4067//2614 4068//2615 4092//2615 4091//2614 
s 4098
f 4068//2615 4069//2616 4093//2616 4092//2615 
s 8194
f 4069//2616 4070//2617 4094//2617 4093//2616 
s 4098
f 4070//2617 4071//2618 4095//2618 4094//2617 
s 8194
f 4071//2618 4072//2619 4096//2619 4095//2618 
s 4098
f 4072//2619 4073//2620 4097//2620 4096//2619 
s 8194
f 4073//2620 4074//2621 4098//2621 4097//2620 
s 4099
f 4074//2621 4052//2626 4076//2599 4098//2621 
s 2056
f 4076//2599 4075//2598 4099//2598 4100//2599 
s 4120
f 4075//2598 4077//2600 4101//2600 4099//2598 
s 8208
f 4077//2600 4078//2601 4102//2601 4101//2600 
s 4112
f 4078//2601 4079//2602 4103//2602 4102//2601 
s 8208
f 4079//2602 4080//2603 4104//2603 4103//2602 
s 4112
f 4080//2603 4081//2604 4105//2604 4104//2603 
s 8208
f 4081//2604 4082//2605 4106//2605 4105//2604 
s 4112
f 4082//2605 4083//2606 4107//2606 4106//2605 
s 8208
f 4083//2606 4084//2607 4108//2607 4107//2606 
s 4112
f 4084//2607 4085//2608 4109//2608 4108//2607 
s 8208
f 4085//2608 4086//2609 4110//2609 4109//2608 
s 4112
f 4086//2609 4087//2610 4111//2610 4110//2609 
s 8208
f 4087//2610 4088//2611 4112//2611 4111//2610 
s 4112
f 4088//2611 4089//2612 4113//2612 4112//2611 
s 8208
f 4089//2612 4090//2613 4114//2613 4113//2612 
s 4112
f 4090//2613 4091//2614 4115//2614 4114//2613 
s 8208
f 4091//2614 4092//2615 4116//2615 4115//2614 
s 4112
f 4092//2615 4093//2616 4117//2616 4116//2615 
s 8208
f 4093//2616 4094//2617 4118//2617 4117//2616 
s 4112
f 4094//2617 4095//2618 4119//2618 4118//2617 
s 8208
f 4095//2618 4096//2619 4120//2619 4119//2618 
s 4112
f 4096//2619 4097//2620 4121//2620 4120//2619 
s 8208
f 4097//2620 4098//2621 4122//2621 4121//2620 
s 4120
f 4098//2621 4076//2599 4100//2599 4122//2621 
s 2049
f 4100//2599 4099//2598 4123//2598 4124//2599 
s 4099
f 4099//2598 4101//2600 4125//2600 4123//2598 
s 8194
f 4101//2600 4102//2601 4126//2601 4125//2600 
s 4098
f 4102//2601 4103//2602 4127//2602 4126//2601 
s 8194
f 4103//2602 4104//2603 4128//2603 4127//2602 
s 4098
f 4104//2603 4105//2604 4129//2604 4128//2603 
s 8194
f 4105//2604 4106//2605 4130//2605 4129//2604 
s 4098
f 4106//2605 4107//2606 4131//2606 4130//2605 
s 8194
f 4107//2606 4108//2607 4132//2607 4131//2606 
s 4098
f 4108//2607 4109//2608 4133//2608 4132//2607 
s 8194
f 4109//2608 4110//2609 4134//2609 4133//2608 
s 4098
f 4110//2609 4111//2610 4135//2610 4134//2609 
s 8194
f 4111//2610 4112//2611 4136//2611 4135//2610 
s 4098
f 4112//2611 4113//2612 4137//2612 4136//2611 
s 8194
f 4113//2612 4114//2613 4138//2613 4137//2612 
s 4098
f 4114//2613 4115//2614 4139//2614 4138//2613 
s 8194
f 4115//2614 4116//2615 4140//2615 4139//2614 
s 4098
f 4116//2615 4117//2616 4141//2616 4140//2615 
s 8194
f 4117//2616 4118//2617 4142//2617 4141//2616 
s 4098
f 4118//2617 4119//2618 4143//2618 4142//2617 
s 8194
f 4119//2618 4120//2619 4144//2619 4143//2618 
s 4098
f 4120//2619 4121//2620 4145//2620 4144//2619 
s 8194
f 4121//2620 4122//2621 4146//2621 4145//2620 
s 4099
f 4122//2621 4100//2599 4124//2599 4146//2621 
s 2056
f 4124//2599 4123//2598 4147//2598 4148//2599 
s 4120
f 4123//2598 4125//2600 4149//2600 4147//2598 
s 8208
f 4125//2600 4126//2601 4150//2601 4149//2600 
s 4112
f 4126//2601 4127//2602 4151//2602 4150//2601 
s 8208
f 4127//2602 4128//2603 4152//2603 4151//2602 
s 4112
f 4128//2603 4129//2604 4153//2604 4152//2603 
s 8208
f 4129//2604 4130//2605 4154//2605 4153//2604 
s 4112
f 4130//2605 4131//2606 4155//2606 4154//2605 
s 8208
f 4131//2606 4132//2607 4156//2607 4155//2606 
s 4112
f 4132//2607 4133//2608 4157//2608 4156//2607 
s 8208
f 4133//2608 4134//2609 4158//2609 4157//2608 
s 4112
f 4134//2609 4135//2610 4159//2610 4158//2609 
s 8208
f 4135//2610 4136//2611 4160//2611 4159//2610 
s 4112
f 4136//2611 4137//2612 4161//2612 4160//2611 
s 8208
f 4137//2612 4138//2613 4162//2613 4161//2612 
s 4112
f 4138//2613 4139//2614 4163//2614 4162//2613 
s 8208
f 4139//2614 4140//2615 4164//2615 4163//2614 
s 4112
f 4140//2615 4141//2616 4165//2616 4164//2615 
s 8208
f 4141//2616 4142//2617 4166//2617 4165//2616 
s 4112
f 4142//2617 4143//2618 4167//2618 4166//2617 
s 8208
f 4143//2618 4144//2619 4168//2619 4167//2618 
s 4112
f 4144//2619 4145//2620 4169//2620 4168//2619 
s 8208
f 4145//2620 4146//2621 4170//2621 4169//2620 
s 4120
f 4146//2621 4124//2599 4148//2599 4170//2621 
s 2049
f 4148//2599 4147//2598 4171//2598 4172//2599 
s 4099
f 4147//2598 4149//2600 4173//2600 4171//2598 
s 8194
f 4149//2600 4150//2601 4174//2601 4173//2600 
s 4098
f 4150//2601 4151//2602 4175//2602 4174//2601 
s 8194
f 4151//2602 4152//2603 4176//2603 4175//2602 
s 4098
f 4152//2603 4153//2604 4177//2604 4176//2603 
s 8194
f 4153//2604 4154//2605 4178//2605 4177//2604 
s 4098
f 4154//2605 4155//2606 4179//2606 4178//2605 
s 8194
f 4155//2606 4156//2607 4180//2607 4179//2606 
s 4098
f 4156//2607 4157//2608 4181//2608 4180//2607 
s 8194
f 4157//2608 4158//2609 4182//2609 4181//2608 
s 4098
f 4158//2609 4159//2610 4183//2610 4182//2609 
s 8194
f 4159//2610 4160//2611 4184//2611 4183//2610 
s 4098
f 4160//2611 4161//2612 4185//2612 4184//2611 
s 8194
f 4161//2612 4162//2613 4186//2613 4185//2612 
s 4098
f 4162//2613 4163//2614 4187//2614 4186//2613 
s 8194
f 4163//2614 4164//2615 4188//2615 4187//2614 
s 4098
f 4164//2615 4165//2616 4189//2616 4188//2615 
s 8194
f 4165//2616 4166//2617 4190//2617 4189//2616 
s 4098
f 4166//2617 4167//2618 4191//2618 4190//2617 
s 8194
f 4167//2618 4168//2619 4192//2619 4191//2618 
s 4098
f 4168//2619 4169//2620 4193//2620 4192//2619 
s 8194
f 4169//2620 4170//2621 4194//2621 4193//2620 
s 4099
f 4170//2621 4148//2599 4172//2599 4194//2621 
s 2056
f 4172//2599 4171//2598 4195//2598 4196//2599 
s 4120
f 4171//2598 4173//2600 4197//2600 4195//2598 
s 8208
f 4173//2600 4174//2601 4198//2601 4197//2600 
s 4112
f 4174//2601 4175//2602 4199//2602 4198//2601 
s 8208
f 4175//2602 4176//2603 4200//2603 4199//2602 
s 4112
f 4176//2603 4177//2604 4201//2604 4200//2603 
s 8208
f 4177//2604 4178//2605 4202//2605 4201//2604 
s 4112
f 4178//2605 4179//2606 4203//2606 4202//2605 
s 8208
f 4179//2606 4180//2607 4204//2607 4203//2606 
s 4112
f 4180//2607 4181//2608 4205//2608 4204//2607 
s 8208
f 4181//2608 4182//2609 4206//2609 4205//2608 
s 4112
f 4182//2609 4183//2610 4207//2610 4206//2609 
s 8208
f 4183//2610 4184//2611 4208//2611 4207//2610 
s 4112
f 4184//2611 4185//2612 4209//2612 4208//2611 
s 8208
f 4185//2612 4186//2613 4210//2613 4209//2612 
s 4112
f 4186//2613 4187//2614 4211//2614 4210//2613 
s 8208
f 4187//2614 4188//2615 4212//2615 4211//2614 
s 4112
f 4188//2615 4189//2616 4213//2616 4212//2615 
s 8208
f 4189//2616 4190//2617 4214//2617 4213//2616 
s 4112
f 4190//2617 4191//2618 4215//2618 4214//2617 
s 8208
f 4191//2618 4192//2619 4216//2619 4215//2618 
s 4112
f 4192//2619 4193//2620 4217//2620 4216//2619 
s 8208
f 4193//2620 4194//2621 4218//2621 4217//2620 
s 4120
f 4194//2621 4172//2599 4196//2599 4218//2621 
s 2049
f 4196//2599 4195//2598 4219//2598 4220//2599 
s 4099
f 4195//2598 4197//2600 4221//2600 4219//2598 
s 8194
f 4197//2600 4198//2601 4222//2601 4221//2600 
s 4098
f 4198//2601 4199//2602 4223//2602 4222//2601 
s 8194
f 4199//2602 4200//2603 4224//2603 4223//2602 
s 4098
f 4200//2603 4201//2604 4225//2604 4224//2603 
s 8194
f 4201//2604 4202//2605 4226//2605 4225//2604 
s 4098
f 4202//2605 4203//2606 4227//2606 4226//2605 
s 8194
f 4203//2606 4204//2607 4228//2607 4227//2606 
s 4098
f 4204//2607 4205//2608 4229//2608 4228//2607 
s 8194
f 4205//2608 4206//2609 4230//2609 4229//2608 
s 4098
f 4206//2609 4207//2610 4231//2610 4230//2609 
s 8194
f 4207//2610 4208//2611 4232//2611 4231//2610 
s 4098
f 4208//2611 4209//2612 4233//2612 4232//2611 
s 8194
f 4209//2612 4210//2613 4234//2613 4233//2612 
s 4098
f 4210//2613 4211//2614 4235//2614 4234//2613 
s 8194
f 4211//2614 4212//2615 4236//2615 4235//2614 
s 4098
f 4212//2615 4213//2616 4237//2616 4236//2615 
s 8194
f 4213//2616 4214//2617 4238//2617 4237//2616 
s 4098
f 4214//2617 4215//2618 4239//2618 4238//2617 
s 8194
f 4215//2618 4216//2619 4240//2619 4239//2618 
s 4098
f 4216//2619 4217//2620 4241//2620 4240//2619 
s 8194
f 4217//2620 4218//2621 4242//2621 4241//2620 
s 4099
f 4218//2621 4196//2599 4220//2599 4242//2621 
s 2056
f 4220//2599 4219//2598 4243//2598 4244//2599 
s 4120
f 4219//2598 4221//2600 4245//2600 4243//2598 
s 8208
f 4221//2600 4222//2601 4246//2601 4245//2600 
s 4112
f 4222//2601 4223//2602 4247//2602 4246//2601 
s 8208
f 4223//2602 4224//2603 4248//2603 4247//2602 
s 4112
f 4224//2603 4225//2604 4249//2604 4248//2603 
s 8208
f 4225//2604 4226//2605 4250//2605 4249//2604 
s 4112
f 4226//2605 4227//2606 4251//2606 4250//2605 
s 8208
f 4227//2606 4228//2607 4252//2607 4251//2606 
s 4112
f 4228//2607 4229//2608 4253//2608 4252//2607 
s 8208
f 4229//2608 4230//2609 4254//2609 4253//2608 
s 4112
f 4230//2609 4231//2610 4255//2610 4254//2609 
s 8208
f 4231//2610 4232//2611 4256//2611 4255//2610 
s 4112
f 4232//2611 4233//2612 4257//2612 4256//2611 
s 8208
f 4233//2612 4234//2613 4258//2613 4257//2612 
s 4112
f 4234//2613 4235//2614 4259//2614 4258//2613 
s 8208
f 4235//2614 4236//2615 4260//2615 4259//2614 
s 4112
f 4236//2615 4237//2616 4261//2616 4260//2615 
s 8208
f 4237//2616 4238//2617 4262//2617 4261//2616 
s 4112
f 4238//2617 4239//2618 4263//2618 4262//2617 
s 8208
f 4239//2618 4240//2619 4264//2619 4263//2618 
s 4112
f 4240//2619 4241//2620 4265//2620 4264//2619 
s 8208
f 4241//2620 4242//2621 4266//2621 4265//2620 
s 4120
f 4242//2621 4220//2599 4244//2599 4266//2621 
s 2049
f 4244//2599 4243//2598 4267//2598 4268//2599 
s 4099
f 4243//2598 4245//2600 4269//2600 4267//2598 
s 8194
f 4245//2600 4246//2601 4270//2601 4269//2600 
s 4098
f 4246//2601 4247//2602 4271//2602 4270//2601 
s 8194
f 4247//2602 4248//2603 4272//2603 4271//2602 
s 4098
f 4248//2603 4249//2604 4273//2604 4272//2603 
s 8194
f 4249//2604 4250//2605 4274//2605 4273//2604 
s 4098
f 4250//2605 4251//2606 4275//2606 4274//2605 
s 8194
f 4251//2606 4252//2607 4276//2607 4275//2606 
s 4098
f 4252//2607 4253//2608 4277//2608 4276//2607 
s 8194
f 4253//2608 4254//2609 4278//2609 4277//2608 
s 4098
f 4254//2609 4255//2610 4279//2610 4278//2609 
s 8194
f 4255//2610 4256//2611 4280//2611 4279//2610 
s 4098
f 4256//2611 4257//2612 4281//2612 4280//2611 
s 8194
f 4257//2612 4258//2613 4282//2613 4281//2612 
s 4098
f 4258//2613 4259//2614 4283//2614 4282//2613 
s 8194
f 4259//2614 4260//2615 4284//2615 4283//2614 
s 4098
f 4260//2615 4261//2616 4285//2616 4284//2615 
s 8194
f 4261//2616 4262//2617 4286//2617 4285//2616 
s 4098
f 4262//2617 4263//2618 4287//2618 4286//2617 
s 8194
f 4263//2618 4264//2619 4288//2619 4287//2618 
s 4098
f 4264//2619 4265//2620 4289//2620 4288//2619 
s 8194
f 4265//2620 4266//2621 4290//2621 4289//2620 
s 4099
f 4266//2621 4244//2599 4268//2599 4290//2621 
s 2056
f 4268//2599 4267//2598 4291//2627 4292//2628 
s 4120
f 4267//2598 4269//2600 4293//2629 4291//2627 
s 8208
f 4269//2600 4270//2601 4294//2630 4293//2629 
s 4112
f 4270//2601 4271//2602 4295//2631 4294//2630 
s 8208
f 4271//2602 4272//2603 4296//2632 4295//2631 
s 4112
f 4272//2603 4273//2604 4297//2633 4296//2632 
s 8208
f 4273//2604 4274//2605 4298//2634 4297//2633 
s 4112
f 4274//2605 4275//2606 4299//2635 4298//2634 
s 8208
f 4275//2606 4276//2607 4300//2636 4299//2635 
s 4112
f 4276//2607 4277//2608 4301//2637 4300//2636 
s 8208
f 4277//2608 4278//2609 4302//2638 4301//2637 
s 4112
f 4278//2609 4279//2610 4303//2639 4302//2638 
s 8208
f 4279//2610 4280//2611 4304//2640 4303//2639 
s 4112
f 4280//2611 4281//2612 4305//2641 4304//2640 
s 8208
f 4281//2612 4282//2613 4306//2642 4305//2641 
s 4112
f 4282//2613 4283//2614 4307//2643 4306//2642 
s 8208
f 4283//2614 4284//2615 4308//2644 4307//2643 
s 4112
f 4284//2615 4285//2616 4309//2645 4308//2644 
s 8208
f 4285//2616 4286//2617 4310//2646 4309//2645 
s 4112
f 4286//2617 4287//2618 4311//2647 4310//2646 
s 8208
f 4287//2618 4288//2619 4312//2648 4311//2647 
s 4112
f 4288//2619 4289//2620 4313//2649 4312//2648 
s 8208
f 4289//2620 4290//2621 4314//2650 4313//2649 
s 4120
f 4290//2621 4268//2599 4292//2628 4314//2650 
s 2049
f 4292//2628 4291//2627 4315//2651 4316//2652 
s 4099
f 4291//2627 4293//2629 4317//2653 4315//2651 
s 8194
f 4293//2629 4294//2630 4318//2654 4317//2653 
s 4098
f 4294//2630 4295//2631 4319//2655 4318//2654 
s 8194
f 4295//2631 4296//2632 4320//2656 4319//2655 
s 4098
f 4296//2632 4297//2633 4321//2604 4320//2656 
s 8194
f 4297//2633 4298//2634 4322//2657 4321//2604 
s 4098
f 4298//2634 4299//2635 4323//2658 4322//2657 
s 8194
f 4299//2635 4300//2636 4324//2659 4323//2658 
s 4098
f 4300//2636 4301//2637 4325//2660 4324//2659 
s 8194
f 4301//2637 4302//2638 4326//2661 4325//2660 
s 4098
f 4302//2638 4303//2639 4327//2662 4326//2661 
s 8194
f 4303//2639 4304//2640 4328//2663 4327//2662 
s 4098
f 4304//2640 4305//2641 4329//2664 4328//2663 
s 8194
f 4305//2641 4306//2642 4330//2665 4329//2664 
s 4098
f 4306//2642 4307//2643 4331//2666 4330//2665 
s 8194
f 4307//2643 4308//2644 4332//2667 4331//2666 
s 4098
f 4308//2644 4309//2645 4333//2616 4332//2667 
s 8194
f 4309//2645 4310//2646 4334//2668 4333//2616 
s 4098
f 4310//2646 4311//2647 4335//2669 4334//2668 
s 8194
f 4311//2647 4312//2648 4336//2670 4335//2669 
s 4098
f 4312//2648 4313//2649 4337//2671 4336//2670 
s 8194
f 4313//2649 4314//2650 4338//2672 4337//2671 
s 4099
f 4314//2650 4292//2628 4316//2652 4338//2672 
s 2056
f 4316//2652 4315//2651 4339//2651 4340//2652 
s 4120
f 4315//2651 4317//2653 4341//2653 4339//2651 
s 8208
f 4317//2653 4318//2654 4342//2654 4341//2653 
s 4112
f 4318//2654 4319//2655 4343//2655 4342//2654 
s 8208
f 4319//2655 4320//2656 4344//2656 4343//2655 
s 4112
f 4320//2656 4321//2604 4345//2604 4344//2656 
s 8208
f 4321//2604 4322//2657 4346//2657 4345//2604 
s 4112
f 4322//2657 4323//2658 4347//2658 4346//2657 
s 8208
f 4323//2658 4324//2659 4348//2659 4347//2658 
s 4112
f 4324//2659 4325//2660 4349//2660 4348//2659 
s 8208
f 4325//2660 4326//2661 4350//2661 4349//2660 
s 4112
f 4326//2661 4327//2662 4351//2662 4350//2661 
s 8208
f 4327//2662 4328//2663 4352//2663 4351//2662 
s 4112
f 4328//2663 4329//2664 4353//2664 4352//2663 
s 8208
f 4329//2664 4330//2665 4354//2665 4353//2664 
s 4112
f 4330//2665 4331//2666 4355//2666 4354//2665 
s 8208
f 4331//2666 4332//2667 4356//2667 4355//2666 
s 4112
f 4332//2667 4333//2616 4357//2616 4356//2667 
s 8208
f 4333//2616 4334//2668 4358//2668 4357//2616 
s 4112
f 4334//2668 4335//2669 4359//2669 4358//2668 
s 8208
f 4335//2669 4336//2670 4360//2670 4359//2669 
s 4112
f 4336//2670 4337//2671 4361//2671 4360//2670 
s 8208
f 4337//2671 4338//2672 4362//2672 4361//2671 
s 4120
f 4338//2672 4316//2652 4340//2652 4362//2672 
s 2049
f 4340//2652 4339//2651 4363//2651 4364//2652 
s 4099
f 4339//2651 4341//2653 4365//2653 4363//2651 
s 8194
f 4341//2653 4342//2654 4366//2654 4365//2653 
s 4098
f 4342//2654 4343//2655 4367//2655 4366//2654 
s 8194
f 4343//2655 4344//2656 4368//2656 4367//2655 
s 4098
f 4344//2656 4345//2604 4369//2604 4368//2656 
s 8194
f 4345//2604 4346//2657 4370//2657 4369//2604 
s 4098
f 4346//2657 4347//2658 4371//2658 4370//2657 
s 8194
f 4347//2658 4348//2659 4372//2659 4371//2658 
s 4098
f 4348//2659 4349//2660 4373//2660 4372//2659 
s 8194
f 4349//2660 4350//2661 4374//2661 4373//2660 
s 4098
f 4350//2661 4351//2662 4375//2662 4374//2661 
s 8194
f 4351//2662 4352//2663 4376//2663 4375//2662 
s 4098
f 4352//2663 4353//2664 4377//2664 4376//2663 
s 8194
f 4353//2664 4354//2665 4378//2665 4377//2664 
s 4098
f 4354//2665 4355//2666 4379//2666 4378//2665 
s 8194
f 4355//2666 4356//2667 4380//2667 4379//2666 
s 4098
f 4356//2667 4357//2616 4381//2616 4380//2667 
s 8194
f 4357//2616 4358//2668 4382//2668 4381//2616 
s 4098
f 4358//2668 4359//2669 4383//2669 4382//2668 
s 8194
f 4359//2669 4360//2670 4384//2670 4383//2669 
s 4098
f 4360//2670 4361//2671 4385//2671 4384//2670 
s 8194
f 4361//2671 4362//2672 4386//2672 4385//2671 
s 4099
f 4362//2672 4340//2652 4364//2652 4386//2672 
s 2056
f 4364//2652 4363//2651 4387//2651 4388//2652 
s 4120
f 4363//2651 4365//2653 4389//2653 4387//2651 
s 8208
f 4365//2653 4366//2654 4390//2654 4389//2653 
s 4112
f 4366//2654 4367//2655 4391//2655 4390//2654 
s 8208
f 4367//2655 4368//2656 4392//2656 4391//2655 
s 4112
f 4368//2656 4369//2604 4393//2604 4392//2656 
s 8208
f 4369//2604 4370//2657 4394//2657 4393//2604 
s 4112
f 4370//2657 4371//2658 4395//2658 4394//2657 
s 8208
f 4371//2658 4372//2659 4396//2659 4395//2658 
s 4112
f 4372//2659 4373//2660 4397//2660 4396//2659 
s 8208
f 4373//2660 4374//2661 4398//2661 4397//2660 
s 4112
f 4374//2661 4375//2662 4399//2662 4398//2661 
s 8208
f 4375//2662 4376//2663 4400//2663 4399//2662 
s 4112
f 4376//2663 4377//2664 4401//2664 4400//2663 
s 8208
f 4377//2664 4378//2665 4402//2665 4401//2664 
s 4112
f 4378//2665 4379//2666 4403//2666 4402//2665 
s 8208
f 4379//2666 4380//2667 4404//2667 4403//2666 
s 4112
f 4380//2667 4381//2616 4405//2616 4404//2667 
s 8208
f 4381//2616 4382//2668 4406//2668 4405//2616 
s 4112
f 4382//2668 4383//2669 4407//2669 4406//2668 
s 8208
f 4383//2669 4384//2670 4408//2670 4407//2669 
s 4112
f 4384//2670 4385//2671 4409//2671 4408//2670 
s 8208
f 4385//2671 4386//2672 4410//2672 4409//2671 
s 4120
f 4386//2672 4364//2652 4388//2652 4410//2672 
s 2049
f 4388//2652 4387//2651 4411//2651 4412//2652 
s 4099
f 4387//2651 4389//2653 4413//2653 4411//2651 
s 8194
f 4389//2653 4390//2654 4414//2654 4413//2653 
s 4098
f 4390//2654 4391//2655 4415//2655 4414//2654 
s 8194
f 4391//2655 4392//2656 4416//2673 4415//2655 
s 4098
f 4392//2656 4393//2604 4417//2604 4416//2673 
s 8194
f 4393//2604 4394//2657 4418//2657 4417//2604 
s 4098
f 4394//2657 4395//2658 4419//2658 4418//2657 
s 8194
f 4395//2658 4396//2659 4420//2659 4419//2658 
s 4098
f 4396//2659 4397//2660 4421//2660 4420//2659 
s 8194
f 4397//2660 4398//2661 4422//2661 4421//2660 
s 4098
f 4398//2661 4399//2662 4423//2662 4422//2661 
s 8194
f 4399//2662 4400//2663 4424//2663 4423//2662 
s 4098
f 4400//2663 4401//2664 4425//2664 4424//2663 
s 8194
f 4401//2664 4402//2665 4426//2665 4425//2664 
s 4098
f 4402//2665 4403//2666 4427//2666 4426//2665 
s 8194
f 4403//2666 4404//2667 4428//2674 4427//2666 
s 4098
f 4404//2667 4405//2616 4429//2616 4428//2674 
s 8194
f 4405//2616 4406//2668 4430//2668 4429//2616 
s 4098
f 4406//2668 4407//2669 4431//2669 4430//2668 
s 8194
f 4407//2669 4408//2670 4432//2670 4431//2669 
s 4098
f 4408//2670 4409//2671 4433//2671 4432//2670 
s 8194
f 4409//2671 4410//2672 4434//2672 4433//2671 
s 4099
f 4410//2672 4388//2652 4412//2652 4434//2672 
s 2056
f 4412//2652 4411//2651 4435//2651 4436//2652 
s 4120
f 4411//2651 4413//2653 4437//2653 4435//2651 
s 8208
f 4413//2653 4414//2654 4438//2654 4437//2653 
s 4112
f 4414//2654 4415//2655 4439//2655 4438//2654 
s 8208
f 4415//2655 4416//2673 4440//2656 4439//2655 
s 4112
f 4416//2673 4417//2604 4441//2604 4440//2656 
s 8208
f 4417//2604 4418//2657 4442//2657 4441//2604 
s 4112
f 4418//2657 4419//2658 4443//2658 4442//2657 
s 8208
f 4419//2658 4420//2659 4444//2659 4443//2658 
s 4112
f 4420//2659 4421//2660 4445//2660 4444//2659 
s 8208
f 4421//2660 4422//2661 4446//2661 4445//2660 
s 4112
f 4422//2661 4423//2662 4447//2662 4446//2661 
s 8208
f 4423//2662 4424//2663 4448//2663 4447//2662 
s 4112
f 4424//2663 4425//2664 4449//2664 4448//2663 
s 8208
f 4425//2664 4426//2665 4450//2665 4449//2664 
s 4112
f 4426//2665 4427//2666 4451//2666 4450//2665 
s 8208
f 4427//2666 4428//2674 4452//2667 4451//2666 
s 4112
f 4428//2674 4429//2616 4453//2616 4452//2667 
s 8208
f 4429//2616 4430//2668 4454//2668 4453//2616 
s 4112
f 4430//2668 4431//2669 4455//2669 4454//2668 
s 8208
f 4431//2669 4432//2670 4456//2670 4455//2669 
s 4112
f 4432//2670 4433//2671 4457//2671 4456//2670 
s 8208
f 4433//2671 4434//2672 4458//2672 4457//2671 
s 4120
f 4434//2672 4412//2652 4436//2652 4458//2672 
s 2049
f 4436//2652 4435//2651 4459//2651 4460//2652 
s 4099
f 4435//2651 4437//2653 4461//2653 4459//2651 
s 8194
f 4437//2653 4438//2654 4462//2654 4461//2653 
s 4098
f 4438//2654 4439//2655 4463//2655 4462//2654 
s 8194
f 4439//2655 4440//2656 4464//2656 4463//2655 
s 4098
f 4440//2656 4441//2604 4465//2604 4464//2656 
s 8194
f 4441//2604 4442//2657 4466//2657 4465//2604 
s 4098
f 4442//2657 4443//2658 4467//2658 4466//2657 
s 8194
f 4443//2658 4444//2659 4468//2659 4467//2658 
s 4098
f 4444//2659 4445//2660 4469//2660 4468//2659 
s 8194
f 4445//2660 4446//2661 4470//2661 4469//2660 
s 4098
f 4446//2661 4447//2662 4471//2662 4470//2661 
s 8194
f 4447//2662 4448//2663 4472//2663 4471//2662 
s 4098
f 4448//2663 4449//2664 4473//2664 4472//2663 
s 8194
f 4449//2664 4450//2665 4474//2665 4473//2664 
s 4098
f 4450//2665 4451//2666 4475//2666 4474//2665 
s 8194
f 4451//2666 4452//2667 4476//2667 4475//2666 
s 4098
f 4452//2667 4453//2616 4477//2616 4476//2667 
s 8194
f 4453//2616 4454//2668 4478//2668 4477//2616 
s 4098
f 4454//2668 4455//2669 4479//2669 4478//2668 
s 8194
f 4455//2669 4456//2670 4480//2670 4479//2669 
s 4098
f 4456//2670 4457//2671 4481//2671 4480//2670 
s 8194
f 4457//2671 4458//2672 4482//2672 4481//2671 
s 4099
f 4458//2672 4436//2652 4460//2652 4482//2672 
s 2056
f 4460//2652 4459//2651 4483//2651 4484//2652 
s 4120
f 4459//2651 4461//2653 4485//2653 4483//2651 
s 8208
f 4461//2653 4462//2654 4486//2654 4485//2653 
s 4112
f 4462//2654 4463//2655 4487//2655 4486//2654 
s 8208
f 4463//2655 4464//2656 4488//2656 4487//2655 
s 4112
f 4464//2656 4465//2604 4489//2604 4488//2656 
s 8208
f 4465//2604 4466//2657 4490//2657 4489//2604 
s 4112
f 4466//2657 4467//2658 4491//2658 4490//2657 
s 8208
f 4467//2658 4468//2659 4492//2659 4491//2658 
s 4112
f 4468//2659 4469//2660 4493//2660 4492//2659 
s 8208
f 4469//2660 4470//2661 4494//2661 4493//2660 
s 4112
f 4470//2661 4471//2662 4495//2662 4494//2661 
s 8208
f 4471//2662 4472//2663 4496//2663 4495//2662 
s 4112
f 4472//2663 4473//2664 4497//2664 4496//2663 
s 8208
f 4473//2664 4474//2665 4498//2665 4497//2664 
s 4112
f 4474//2665 4475//2666 4499//2666 4498//2665 
s 8208
f 4475//2666 4476//2667 4500//2667 4499//2666 
s 4112
f 4476//2667 4477//2616 4501//2616 4500//2667 
s 8208
f 4477//2616 4478//2668 4502//2668 4501//2616 
s 4112
f 4478//2668 4479//2669 4503//2669 4502//2668 
s 8208
f 4479//2669 4480//2670 4504//2670 4503//2669 
s 4112
f 4480//2670 4481//2671 4505//2671 4504//2670 
s 8208
f 4481//2671 4482//2672 4506//2672 4505//2671 
s 4120
f 4482//2672 4460//2652 4484//2652 4506//2672 
s 2049
f 4484//2652 4483//2651 4507//2651 4508//2652 
s 4099
f 4483//2651 4485//2653 4509//2653 4507//2651 
s 8194
f 4485//2653 4486//2654 4510//2654 4509//2653 
s 4098
f 4486//2654 4487//2655 4511//2655 4510//2654 
s 8194
f 4487//2655 4488//2656 4512//2673 4511//2655 
s 4098
f 4488//2656 4489//2604 4513//2604 4512//2673 
s 8194
f 4489//2604 4490//2657 4514//2657 4513//2604 
s 4098
f 4490//2657 4491//2658 4515//2658 4514//2657 
s 8194
f 4491//2658 4492//2659 4516//2659 4515//2658 
s 4098
f 4492//2659 4493//2660 4517//2660 4516//2659 
s 8194
f 4493//2660 4494//2661 4518//2661 4517//2660 
s 4098
f 4494//2661 4495//2662 4519//2662 4518//2661 
s 8194
f 4495//2662 4496//2663 4520//2663 4519//2662 
s 4098
f 4496//2663 4497//2664 4521//2664 4520//2663 
s 8194
f 4497//2664 4498//2665 4522//2665 4521//2664 
s 4098
f 4498//2665 4499//2666 4523//2666 4522//2665 
s 8194
f 4499//2666 4500//2667 4524//2674 4523//2666 
s 4098
f 4500//2667 4501//2616 4525//2616 4524//2674 
s 8194
f 4501//2616 4502//2668 4526//2668 4525//2616 
s 4098
f 4502//2668 4503//2669 4527//2669 4526//2668 
s 8194
f 4503//2669 4504//2670 4528//2670 4527//2669 
s 4098
f 4504//2670 4505//2671 4529//2671 4528//2670 
s 8194
f 4505//2671 4506//2672 4530//2672 4529//2671 
s 4099
f 4506//2672 4484//2652 4508//2652 4530//2672 
s 2056
f 4508//2652 4507//2651 4531//2651 4532//2652 
s 4120
f 4507//2651 4509//2653 4533//2653 4531//2651 
s 8208
f 4509//2653 4510//2654 4534//2654 4533//2653 
s 4112
f 4510//2654 4511//2655 4535//2655 4534//2654 
s 8208
f 4511//2655 4512//2673 4536//2656 4535//2655 
s 4112
f 4512//2673 4513//2604 4537//2604 4536//2656 
s 8208
f 4513//2604 4514//2657 4538//2657 4537//2604 
s 4112
f 4514//2657 4515//2658 4539//2658 4538//2657 
s 8208
f 4515//2658 4516//2659 4540//2659 4539//2658 
s 4112
f 4516//2659 4517//2660 4541//2660 4540//2659 
s 8208
f 4517//2660 4518//2661 4542//2661 4541//2660 
s 4112
f 4518//2661 4519//2662 4543//2662 4542//2661 
s 8208
f 4519//2662 4520//2663 4544//2663 4543//2662 
s 4112
f 4520//2663 4521//2664 4545//2664 4544//2663 
s 8208
f 4521//2664 4522//2665 4546//2665 4545//2664 
s 4112
f 4522//2665 4523//2666 4547//2666 4546//2665 
s 8208
f 4523//2666 4524//2674 4548//2667 4547//2666 
s 4112
f 4524//2674 4525//2616 4549//2616 4548//2667 
s 8208
f 4525//2616 4526//2668 4550//2668 4549//2616 
s 4112
f 4526//2668 4527//2669 4551//2669 4550//2668 
s 8208
f 4527//2669 4528//2670 4552//2670 4551//2669 
s 4112
f 4528//2670 4529//2671 4553//2671 4552//2670 
s 8208
f 4529//2671 4530//2672 4554//2672 4553//2671 
s 4120
f 4530//2672 4508//2652 4532//2652 4554//2672 
s 2049
f 4532//2652 4531//2651 4555//2651 4556//2652 
s 4099
f 4531//2651 4533//2653 4557//2653 4555//2651 
s 8194
f 4533//2653 4534//2654 4558//2654 4557//2653 
s 4098
f 4534//2654 4535//2655 4559//2655 4558//2654 
s 8194
f 4535//2655 4536//2656 4560//2656 4559//2655 
s 4098
f 4536//2656 4537//2604 4561//2604 4560//2656 
s 8194
f 4537//2604 4538//2657 4562//2657 4561//2604 
s 4098
f 4538//2657 4539//2658 4563//2658 4562//2657 
s 8194
f 4539//2658 4540//2659 4564//2659 4563//2658 
s 4098
f 4540//2659 4541//2660 4565//2660 4564//2659 
s 8194
f 4541//2660 4542//2661 4566//2661 4565//2660 
s 4098
f 4542//2661 4543//2662 4567//2662 4566//2661 
s 8194
f 4543//2662 4544//2663 4568//2663 4567//2662 
s 4098
f 4544//2663 4545//2664 4569//2664 4568//2663 
s 8194
f 4545//2664 4546//2665 4570//2665 4569//2664 
s 4098
f 4546//2665 4547//2666 4571//2666 4570//2665 
s 8194
f 4547//2666 4548//2667 4572//2667 4571//2666 
s 4098
f 4548//2667 4549//2616 4573//2616 4572//2667 
s 8194
f 4549//2616 4550//2668 4574//2668 4573//2616 
s 4098
f 4550//2668 4551//2669 4575//2669 4574//2668 
s 8194
f 4551//2669 4552//2670 4576//2670 4575//2669 
s 4098
f 4552//2670 4553//2671 4577//2671 4576//2670 
s 8194
f 4553//2671 4554//2672 4578//2672 4577//2671 
s 4099
f 4554//2672 4532//2652 4556//2652 4578//2672 
s 2056
f 4556//2652 4555//2651 4579//2651 4580//2652 
s 4120
f 4555//2651 4557//2653 4581//2653 4579//2651 
s 8208
f 4557//2653 4558//2654 4582//2654 4581//2653 
s 4112
f 4558//2654 4559//2655 4583//2655 4582//2654 
s 8208
f 4559//2655 4560//2656 4584//2656 4583//2655 
s 4112
f 4560//2656 4561//2604 4585//2604 4584//2656 
s 8208
f 4561//2604 4562//2657 4586//2657 4585//2604 
s 4112
f 4562//2657 4563//2658 4587//2658 4586//2657 
s 8208
f 4563//2658 4564//2659 4588//2659 4587//2658 
s 4112
f 4564//2659 4565//2660 4589//2660 4588//2659 
s 8208
f 4565//2660 4566//2661 4590//2661 4589//2660 
s 4112
f 4566//2661 4567//2662 4591//2662 4590//2661 
s 8208
f 4567//2662 4568//2663 4592//2663 4591//2662 
s 4112
f 4568//2663 4569//2664 4593//2664 4592//2663 
s 8208
f 4569//2664 4570//2665 4594//2665 4593//2664 
s 4112
f 4570//2665 4571//2666 4595//2666 4594//2665 
s 8208
f 4571//2666 4572//2667 4596//2667 4595//2666 
s 4112
f 4572//2667 4573//2616 4597//2616 4596//2667 
s 8208
f 4573//2616 4574//2668 4598//2668 4597//2616 
s 4112
f 4574//2668 4575//2669 4599//2669 4598//2668 
s 8208
f 4575//2669 4576//2670 4600//2670 4599//2669 
s 4112
f 4576//2670 4577//2671 4601//2671 4600//2670 
s 8208
f 4577//2671 4578//2672 4602//2672 4601//2671 
s 4120
f 4578//2672 4556//2652 4580//2652 4602//2672 
s 2049
f 4580//2652 4579//2651 4603//2651 4604//2652 
s 4099
f 4579//2651 4581//2653 4605//2653 4603//2651 
s 8194
f 4581//2653 4582//2654 4606//2654 4605//2653 
s 4098
f 4582//2654 4583//2655 4607//2655 4606//2654 
s 8194
f 4583//2655 4584//2656 4608//2656 4607//2655 
s 4098
f 4584//2656 4585//2604 4609//2604 4608//2656 
s 8194
f 4585//2604 4586//2657 4610//2657 4609//2604 
s 4098
f 4586//2657 4587//2658 4611//2658 4610//2657 
s 8194
f 4587//2658 4588//2659 4612//2659 4611//2658 
s 4098
f 4588//2659 4589//2660 4613//2660 4612//2659 
s 8194
f 4589//2660 4590//2661 4614//2661 4613//2660 
s 4098
f 4590//2661 4591//2662 4615//2662 4614//2661 
s 8194
f 4591//2662 4592//2663 4616//2663 4615//2662 
s 4098
f 4592//2663 4593//2664 4617//2664 4616//2663 
s 8194
f 4593//2664 4594//2665 4618//2665 4617//2664 
s 4098
f 4594//2665 4595//2666 4619//2666 4618//2665 
s 8194
f 4595//2666 4596//2667 4620//2667 4619//2666 
s 4098
f 4596//2667 4597//2616 4621//2616 4620//2667 
s 8194
f 4597//2616 4598//2668 4622//2668 4621//2616 
s 4098
f 4598//2668 4599//2669 4623//2669 4622//2668 
s 8194
f 4599//2669 4600//2670 4624//2670 4623//2669 
s 4098
f 4600//2670 4601//2671 4625//2671 4624//2670 
s 8194
f 4601//2671 4602//2672 4626//2672 4625//2671 
s 4099
f 4602//2672 4580//2652 4604//2652 4626//2672 
s 2056
f 4604//2652 4603//2651 4627//2651 4628//2652 
s 4120
f 4603//2651 4605//2653 4629//2653 4627//2651 
s 8208
f 4605//2653 4606//2654 4630//2654 4629//2653 
s 4112
f 4606//2654 4607//2655 4631//2655 4630//2654 
s 8208
f 4607//2655 4608//2656 4632//2656 4631//2655 
s 4112
f 4608//2656 4609//2604 4633//2604 4632//2656 
s 8208
f 4609//2604 4610//2657 4634//2657 4633//2604 
s 4112
f 4610//2657 4611//2658 4635//2658 4634//2657 
s 8208
f 4611//2658 4612//2659 4636//2659 4635//2658 
s 4112
f 4612//2659 4613//2660 4637//2660 4636//2659 
s 8208
f 4613//2660 4614//2661 4638//2661 4637//2660 
s 4112
f 4614//2661 4615//2662 4639//2662 4638//2661 
s 8208
f 4615//2662 4616//2663 4640//2663 4639//2662 
s 4112
f 4616//2663 4617//2664 4641//2664 4640//2663 
s 8208
f 4617//2664 4618//2665 4642//2665 4641//2664 
s 4112
f 4618//2665 4619//2666 4643//2666 4642//2665 
s 8208
f 4619//2666 4620//2667 4644//2667 4643//2666 
s 4112
f 4620//2667 4621//2616 4645//2616 4644//2667 
s 8208
f 4621//2616 4622//2668 4646//2668 4645//2616 
s 4112
f 4622//2668 4623//2669 4647//2669 4646//2668 
s 8208
f 4623//2669 4624//2670 4648//2670 4647//2669 
s 4112
f 4624//2670 4625//2671 4649//2671 4648//2670 
s 8208
f 4625//2671 4626//2672 4650//2672 4649//2671 
s 4120
f 4626//2672 4604//2652 4628//2652 4650//2672 
s 2049
f 4628//2652 4627//2651 4651//2651 4652//2652 
s 4099
f 4627//2651 4629//2653 4653//2653 4651//2651 
s 8194
f 4629//2653 4630//2654 4654//2654 4653//2653 
s 4098
f 4630//2654 4631//2655 4655//2655 4654//2654 
s 8194
f 4631//2655 4632//2656 4656//2656 4655//2655 
s 4098
f 4632//2656 4633//2604 4657//2604 4656//2656 
s 8194
f 4633//2604 4634//2657 4658//2657 4657//2604 
s 4098
f 4634//2657 4635//2658 4659//2658 4658//2657 
s 8194
f 4635//2658 4636//2659 4660//2659 4659//2658 
s 4098
f 4636//2659 4637//2660 4661//2660 4660//2659 
s 8194
f 4637//2660 4638//2661 4662//2661 4661//2660 
s 4098
f 4638//2661 4639//2662 4663//2662 4662//2661 
s 8194
f 4639//2662 4640//2663 4664//2663 4663//2662 
s 4098
f 4640//2663 4641//2664 4665//2664 4664//2663 
s 8194
f 4641//2664 4642//2665 4666//2665 4665//2664 
s 4098
f 4642//2665 4643//2666 4667//2666 4666//2665 
s 8194
f 4643//2666 4644//2667 4668//2667 4667//2666 
s 4098
f 4644//2667 4645//2616 4669//2616 4668//2667 
s 8194
f 4645//2616 4646//2668 4670//2668 4669//2616 
s 4098
f 4646//2668 4647//2669 4671//2669 4670//2668 
s 8194
f 4647//2669 4648//2670 4672//2670 4671//2669 
s 4098
f 4648//2670 4649//2671 4673//2671 4672//2670 
s 8194
f 4649//2671 4650//2672 4674//2672 4673//2671 
s 4099
f 4650//2672 4628//2652 4652//2652 4674//2672 
s 2056
f 4652//2652 4651//2651 4675//2651 4676//2652 
s 4120
f 4651//2651 4653//2653 4677//2653 4675//2651 
s 8208
f 4653//2653 4654//2654 4678//2654 4677//2653 
s 4112
f 4654//2654 4655//2655 4679//2655 4678//2654 
s 8208
f 4655//2655 4656//2656 4680//2656 4679//2655 
s 4112
f 4656//2656 4657//2604 4681//2604 4680//2656 
s 8208
f 4657//2604 4658//2657 4682//2657 4681//2604 
s 4112
f 4658//2657 4659//2658 4683//2658 4682//2657 
s 8208
f 4659//2658 4660//2659 4684//2659 4683//2658 
s 4112
f 4660//2659 4661//2660 4685//2660 4684//2659 
s 8208
f 4661//2660 4662//2661 4686//2661 4685//2660 
s 4112
f 4662//2661 4663//2662 4687//2662 4686//2661 
s 8208
f 4663//2662 4664//2663 4688//2663 4687//2662 
s 4112
f 4664//2663 4665//2664 4689//2664 4688//2663 
s 8208
f 4665//2664 4666//2665 4690//2665 4689//2664 
s 4112
f 4666//2665 4667//2666 4691//2666 4690//2665 
s 8208
f 4667//2666 4668//2667 4692//2667 4691//2666 
s 4112
f 4668//2667 4669//2616 4693//2616 4692//2667 
s 8208
f 4669//2616 4670//2668 4694//2668 4693//2616 
s 4112
f 4670//2668 4671//2669 4695//2669 4694//2668 
s 8208
f 4671//2669 4672//2670 4696//2670 4695//2669 
s 4112
f 4672//2670 4673//2671 4697//2671 4696//2670 
s 8208
f 4673//2671 4674//2672 4698//2672 4697//2671 
s 4120
f 4674//2672 4652//2652 4676//2652 4698//2672 
s 2049
f 4676//2652 4675//2651 4699//2651 4700//2652 
s 4099
f 4675//2651 4677//2653 4701//2653 4699//2651 
s 8194
f 4677//2653 4678//2654 4702//2654 4701//2653 
s 4098
f 4678//2654 4679//2655 4703//2655 4702//2654 
s 8194
f 4679//2655 4680//2656 4704//2656 4703//2655 
s 4098
f 4680//2656 4681//2604 4705//2604 4704//2656 
s 8194
f 4681//2604 4682//2657 4706//2657 4705//2604 
s 4098
f 4682//2657 4683//2658 4707//2658 4706//2657 
s 8194
f 4683//2658 4684//2659 4708//2659 4707//2658 
s 4098
f 4684//2659 4685//2660 4709//2660 4708//2659 
s 8194
f 4685//2660 4686//2661 4710//2661 4709//2660 
s 4098
f 4686//2661 4687//2662 4711//2662 4710//2661 
s 8194
f 4687//2662 4688//2663 4712//2663 4711//2662 
s 4098
f 4688//2663 4689//2664 4713//2664 4712//2663 
s 8194
f 4689//2664 4690//2665 4714//2665 4713//2664 
s 4098
f 4690//2665 4691//2666 4715//2666 4714//2665 
s 8194
f 4691//2666 4692//2667 4716//2667 4715//2666 
s 4098
f 4692//2667 4693//2616 4717//2616 4716//2667 
s 8194
f 4693//2616 4694//2668 4718//2668 4717//2616 
s 4098
f 4694//2668 4695//2669 4719//2669 4718//2668 
s 8194
f 4695//2669 4696//2670 4720//2670 4719//2669 
s 4098
f 4696//2670 4697//2671 4721//2671 4720//2670 
s 8194
f 4697//2671 4698//2672 4722//2672 4721//2671 
s 4099
f 4698//2672 4676//2652 4700//2652 4722//2672 
s 2056
f 4700//2652 4699//2651 4723//2651 4724//2652 
s 4120
f 4699//2651 4701//2653 4725//2653 4723//2651 
s 8208
f 4701//2653 4702//2654 4726//2654 4725//2653 
s 4112
f 4702//2654 4703//2655 4727//2655 4726//2654 
s 8208
f 4703//2655 4704//2656 4728//2656 4727//2655 
s 4112
f 4704//2656 4705//2604 4729//2604 4728//2656 
s 8208
f 4705//2604 4706//2657 4730//2657 4729//2604 
s 4112
f 4706//2657 4707//2658 4731//2658 4730//2657 
s 8208
f 4707//2658 4708//2659 4732//2659 4731//2658 
s 4112
f 4708//2659 4709//2660 4733//2660 4732//2659 
s 8208
f 4709//2660 4710//2661 4734//2661 4733//2660 
s 4112
f 4710//2661 4711//2662 4735//2662 4734//2661 
s 8208
f 4711//2662 4712//2663 4736//2663 4735//2662 
s 4112
f 4712//2663 4713//2664 4737//2664 4736//2663 
s 8208
f 4713//2664 4714//2665 4738//2665 4737//2664 
s 4112
f 4714//2665 4715//2666 4739//2666 4738//2665 
s 8208
f 4715//2666 4716//2667 4740//2667 4739//2666 
s 4112
f 4716//2667 4717//2616 4741//2616 4740//2667 
s 8208
f 4717//2616 4718//2668 4742//2668 4741//2616 
s 4112
f 4718//2668 4719//2669 4743//2669 4742//2668 
s 8208
f 4719//2669 4720//2670 4744//2670 4743//2669 
s 4112
f 4720//2670 4721//2671 4745//2671 4744//2670 
s 8208
f 4721//2671 4722//2672 4746//2672 4745//2671 
s 4120
f 4722//2672 4700//2652 4724//2652 4746//2672 
s 2049
f 4724//2652 4723//2651 4747//2651 4748//2652 
s 4099
f 4723//2651 4725//2653 4749//2653 4747//2651 
s 8194
f 4725//2653 4726//2654 4750//2654 4749//2653 
s 4098
f 4726//2654 4727//2655 4751//2655 4750//2654 
s 8194
f 4727//2655 4728//2656 4752//2656 4751//2655 
s 4098
f 4728//2656 4729//2604 4753//2604 4752//2656 
s 8194
f 4729//2604 4730//2657 4754//2657 4753//2604 
s 4098
f 4730//2657 4731//2658 4755//2658 4754//2657 
s 8194
f 4731//2658 4732//2659 4756//2659 4755//2658 
s 4098
f 4732//2659 4733//2660 4757//2660 4756//2659 
s 8194
f 4733//2660 4734//2661 4758//2661 4757//2660 
s 4098
f 4734//2661 4735//2662 4759//2662 4758//2661 
s 8194
f 4735//2662 4736//2663 4760//2663 4759//2662 
s 4098
f 4736//2663 4737//2664 4761//2664 4760//2663 
s 8194
f 4737//2664 4738//2665 4762//2665 4761//2664 
s 4098
f 4738//2665 4739//2666 4763//2666 4762//2665 
s 8194
f 4739//2666 4740//2667 4764//2667 4763//2666 
s 4098
f 4740//2667 4741//2616 4765//2616 4764//2667 
s 8194
f 4741//2616 4742//2668 4766//2668 4765//2616 
s 4098
f 4742//2668 4743//2669 4767//2669 4766//2668 
s 8194
f 4743//2669 4744//2670 4768//2670 4767//2669 
s 4098
f 4744//2670 4745//2671 4769//2671 4768//2670 
s 8194
f 4745//2671 4746//2672 4770//2672 4769//2671 
s 4099
f 4746//2672 4724//2652 4748//2652 4770//2672 
s 2056
f 4748//2652 4747//2651 4771//2651 4772//2652 
s 4120
f 4747//2651 4749//2653 4773//2653 4771//2651 
s 8208
f 4749//2653 4750//2654 4774//2654 4773//2653 
s 4112
f 4750//2654 4751//2655 4775//2655 4774//2654 
s 8208
f 4751//2655 4752//2656 4776//2656 4775//2655 
s 4112
f 4752//2656 4753//2604 4777//2604 4776//2656 
s 8208
f 4753//2604 4754//2657 4778//2657 4777//2604 
s 4112
f 4754//2657 4755//2658 4779//2658 4778//2657 
s 8208
f 4755//2658 4756//2659 4780//2659 4779//2658 
s 4112
f 4756//2659 4757//2660 4781//2660 4780//2659 
s 8208
f 4757//2660 4758//2661 4782//2661 4781//2660 
s 4112
f 4758//2661 4759//2662 4783//2662 4782//2661 
s 8208
f 4759//2662 4760//2663 4784//2663 4783//2662 
s 4112
f 4760//2663 4761//2664 4785//2664 4784//2663 
s 8208
f 4761//2664 4762//2665 4786//2665 4785//2664 
s 4112
f 4762//2665 4763//2666 4787//2666 4786//2665 
s 8208
f 4763//2666 4764//2667 4788//2667 4787//2666 
s 4112
f 4764//2667 4765//2616 4789//2616 4788//2667 
s 8208
f 4765//2616 4766//2668 4790//2668 4789//2616 
s 4112
f 4766//2668 4767//2669 4791//2669 4790//2668 
s 8208
f 4767//2669 4768//2670 4792//2670 4791//2669 
s 4112
f 4768//2670 4769//2671 4793//2671 4792//2670 
s 8208
f 4769//2671 4770//2672 4794//2672 4793//2671 
s 4120
f 4770//2672 4748//2652 4772//2652 4794//2672 
s 2049
f 4772//2652 4771//2651 4795//2675 4796//2676 
s 4099
f 4771//2651 4773//2653 4797//2677 4795//2675 
s 8194
f 4773//2653 4774//2654 4798//2678 4797//2677 
s 4098
f 4774//2654 4775//2655 4799//2679 4798//2678 
s 8194
f 4775//2655 4776//2656 4800//2680 4799//2679 
s 4098
f 4776//2656 4777//2604 4801//2681 4800//2680 
s 8194
f 4777//2604 4778//2657 4802//2682 4801//2681 
s 4098
f 4778//2657 4779//2658 4803//2683 4802//2682 
s 8194
f 4779//2658 4780//2659 4804//2684 4803//2683 
s 4098
f 4780//2659 4781//2660 4805//2685 4804//2684 
s 8194
f 4781//2660 4782//2661 4806//2686 4805//2685 
s 4098
f 4782//2661 4783//2662 4807//2687 4806//2686 
s 8194
f 4783//2662 4784//2663 4808//2688 4807//2687 
s 4098
f 4784//2663 4785//2664 4809//2689 4808//2688 
s 8194
f 4785//2664 4786//2665 4810//2690 4809//2689 
s 4098
f 4786//2665 4787//2666 4811//2691 4810//2690 
s 8194
f 4787//2666 4788//2667 4812//2692 4811//2691 
s 4098
f 4788//2667 4789//2616 4813//2693 4812//2692 
s 8194
f 4789//2616 4790//2668 4814//2694 4813//2693 
s 4098
f 4790//2668 4791//2669 4815//2695 4814//2694 
s 8194
f 4791//2669 4792//2670 4816//2696 4815//2695 
s 4098
f 4792//2670 4793//2671 4817//2697 4816//2696 
s 8194
f 4793//2671 4794//2672 4818//2698 4817//2697 
s 4099
f 4794//2672 4772//2652 4796//2676 4818//2698 
s 2147483648
f 3317//2104 3315//2102 3321//2108 3319//2106 
f 3315//2102 3313//2100 3323//2110 3321//2108 
f 3313//2100 3311//2098 3325//2112 3323//2110 
f 3309//2096 3307//2094 3325//2112 3311//2098 
f 3305//2092 3303//2090 3325//2112 3307//2094 
f 3301//2088 3299//2086 3325//2112 3303//2090 
f 3297//2084 3295//2082 3325//2112 3299//2086 
f 3293//2080 3291//2078 3325//2112 3295//2082 
f 3289//2076 3287//2074 3325//2112 3291//2078 
f 3284//2071 3283//2070 3325//2112 3287//2074 
f 3329//2116 3327//2114 3325//2112 3283//2070 
f 4812//2692 4813//2693 4814//2694 4811//2691 
f 4811//2691 4814//2694 4815//2695 4810//2690 
f 4810//2690 4815//2695 4816//2696 4809//2689 
f 4808//2688 4809//2689 4816//2696 4807//2687 
f 4806//2686 4807//2687 4816//2696 4805//2685 
f 4804//2684 4805//2685 4816//2696 4803//2683 
f 4802//2682 4803//2683 4816//2696 4801//2681 
f 4800//2680 4801//2681 4816//2696 4799//2679 
f 4798//2678 4799//2679 4816//2696 4797//2677 
f 4795//2675 4797//2677 4816//2696 4796//2676 
f 4818//2698 4796//2676 4816//2696 4817//2697 
# 1534 polygons

