# 3ds Max Wavefront OBJ Exporter v0.97b - (c)2007 guruware
# File Created: 18.06.2018 14:13:28

mtllib phantomt20.mtl

#
# object Cylinder147
#

v  24.75974 34.40784 -4.61898
v  174.79599 34.40784 -130.51433
v  208.80643 34.40784 -71.60650
v  220.61813 34.40784 -4.61898
v  58.77018 34.40784 -197.50185
v  122.68893 34.40784 -174.23734
v  -73.16947 34.40784 -174.23732
v  -9.25074 34.40784 -197.50183
v  -159.28696 34.40784 -71.60651
v  -125.27650 34.40784 -130.51433
v  -159.28696 34.40784 62.36850
v  -171.09866 34.40784 -4.61901
v  -73.16952 34.40784 164.99934
v  -125.27653 34.40784 121.27633
v  58.77010 34.40784 188.26392
v  -9.25079 34.40784 188.26389
v  174.79590 34.40784 121.27647
v  122.68884 34.40784 164.99944
v  208.80640 34.40784 62.36867
# 19 vertices

vn 0.00000 -1.00000 -0.00000
vn 0.70711 -0.70711 -0.00000
vn 0.00000 1.00000 -0.00000
vn 1.00000 0.00000 -0.00000
vn 0.70711 0.70711 -0.00000
# 5 vertex normals

vt 0.50000 0.00000 0.00000
vt 0.86111 0.00000 1.00000
vt 0.80556 0.00000 1.00000
vt 0.75000 0.00000 1.00000
vt 0.97222 0.00000 1.00000
vt 0.91667 0.00000 1.00000
vt 0.08333 0.00000 1.00000
vt 0.02778 0.00000 1.00000
vt -0.02778 0.00000 1.00000
vt 0.19444 0.00000 1.00000
vt 0.13889 0.00000 1.00000
vt 0.30556 0.00000 1.00000
vt 0.25000 0.00000 1.00000
vt 0.41667 0.00000 1.00000
vt 0.36111 0.00000 1.00000
vt 0.52778 0.00000 1.00000
vt 0.47222 0.00000 1.00000
vt 0.63889 0.00000 1.00000
vt 0.58333 0.00000 1.00000
vt 0.69444 0.00000 1.00000
vt -0.01968 0.00000 0.87939
# 21 texture coords

o Cylinder147
g Cylinder147
usemtl wire_022022022
s 1
f 1/1/1 2/2/1 3/3/1 4/4/1 
f 1/1/1 5/5/2 6/6/1 2/2/1 
f 1/1/1 7/7/3 8/8/1 5/9/2 
f 1/1/1 9/10/3 10/11/4 7/7/3 
f 1/1/1 11/12/3 12/13/1 9/10/3 
f 1/1/1 13/14/4 14/15/1 11/12/3 
f 1/1/1 15/16/2 16/17/1 13/14/4 
f 1/1/1 17/18/1 18/19/1 15/16/2 
f 1/1/1 4/4/1 19/20/1 17/18/1 
s 8
f 4/4/1 3/3/1 3/3/4 4/4/1 
f 3/3/1 2/2/1 2/2/4 3/3/4 
f 2/2/1 6/6/1 6/6/4 2/2/4 
f 6/6/1 5/5/2 5/5/4 6/6/4 
f 5/9/2 8/8/1 8/8/4 5/9/4 
f 8/8/1 7/7/3 7/7/4 8/8/4 
f 7/7/3 10/11/4 10/11/4 7/7/4 
f 10/11/4 9/10/3 9/10/1 10/11/4 
f 9/10/3 12/13/1 12/13/3 9/10/1 
f 12/13/1 11/12/3 11/12/4 12/13/3 
f 11/12/3 14/15/1 14/15/1 11/12/4 
f 14/15/1 13/14/4 13/14/4 14/15/1 
f 13/14/4 16/17/1 16/17/4 13/14/4 
f 16/17/1 15/16/2 15/16/4 16/17/4 
f 15/16/2 18/19/1 18/19/3 15/16/4 
f 18/19/1 17/18/1 17/18/4 18/19/3 
f 17/18/1 19/20/1 19/20/4 17/18/4 
f 19/20/1 4/4/1 4/4/1 19/20/4 
f 4/4/1 3/3/4 3/3/4 4/4/1 
f 3/3/4 2/2/4 2/2/4 3/3/4 
f 2/2/4 6/6/4 6/6/4 2/2/4 
f 6/6/4 5/5/4 5/5/4 6/6/4 
f 5/9/4 8/8/4 8/8/4 5/9/4 
f 8/8/4 7/7/4 7/7/4 8/8/4 
f 7/7/4 10/11/4 10/11/4 7/7/4 
f 10/11/4 9/10/1 9/10/1 10/11/4 
f 9/10/1 12/13/3 12/13/3 9/10/1 
f 12/13/3 11/12/4 11/12/4 12/13/3 
f 11/12/4 14/15/1 14/15/1 11/12/4 
f 14/15/1 13/14/4 13/14/4 14/15/1 
f 13/14/4 16/17/4 16/17/4 13/14/4 
f 16/17/4 15/16/4 15/16/4 16/17/4 
f 15/16/4 18/19/3 18/19/3 15/16/4 
f 18/19/3 17/18/4 17/18/4 18/19/3 
f 17/18/4 19/20/4 19/20/4 17/18/4 
f 19/20/4 4/4/1 4/4/1 19/20/4 
f 4/4/1 3/3/4 3/3/4 4/4/1 
f 3/3/4 2/2/4 2/2/4 3/3/4 
f 2/2/4 6/6/4 6/6/4 2/2/4 
f 6/6/4 5/5/4 5/5/4 6/6/4 
f 5/9/4 8/8/4 8/8/4 5/9/4 
f 8/8/4 7/7/4 7/7/4 8/8/4 
f 7/7/4 10/11/4 10/11/4 7/7/4 
f 10/11/4 9/10/1 9/10/1 10/11/4 
f 9/10/1 12/13/3 12/13/3 9/10/1 
f 12/13/3 11/12/4 11/12/4 12/13/3 
f 11/12/4 14/15/1 14/15/1 11/12/4 
f 14/15/1 13/14/4 13/14/4 14/15/1 
f 13/14/4 16/17/4 16/17/4 13/14/4 
f 16/17/4 15/16/4 15/16/4 16/17/4 
f 15/16/4 18/19/3 18/19/3 15/16/4 
f 18/19/3 17/18/4 17/18/4 18/19/3 
f 17/18/4 19/20/4 19/20/4 17/18/4 
f 19/20/4 4/4/1 4/4/1 19/20/4 
f 4/4/1 3/3/4 3/3/4 4/4/1 
f 3/3/4 2/2/4 2/2/4 3/3/4 
f 2/2/4 6/6/4 6/6/4 2/2/4 
f 6/6/4 5/5/4 5/5/4 6/6/4 
f 5/9/4 8/8/4 8/8/4 5/9/4 
f 8/8/4 7/7/4 7/7/4 8/8/4 
f 7/7/4 10/11/4 10/11/4 7/7/4 
f 10/11/4 9/10/1 9/10/1 10/11/4 
f 9/10/1 12/13/3 12/13/3 9/10/1 
f 12/13/3 11/12/4 11/12/4 12/13/3 
f 11/12/4 14/15/1 14/15/1 11/12/4 
f 14/15/1 13/14/4 13/14/4 14/15/1 
f 13/14/4 16/17/4 16/17/4 13/14/4 
f 16/17/4 15/16/4 15/16/4 16/17/4 
f 15/16/4 18/19/3 18/19/3 15/16/4 
f 18/19/3 17/18/4 17/18/4 18/19/3 
f 17/18/4 19/20/4 19/20/4 17/18/4 
f 19/20/4 4/4/1 4/4/1 19/20/4 
f 4/4/1 3/3/4 3/3/3 4/4/3 
f 3/3/4 2/2/4 2/2/3 3/3/3 
f 2/2/4 6/6/4 6/6/3 2/2/3 
f 6/6/4 5/5/4 5/5/5 6/6/3 
f 5/9/4 8/8/4 8/8/3 5/9/5 
f 8/8/4 7/7/4 7/7/4 8/8/3 
f 7/7/4 10/11/4 10/11/1 7/7/4 
f 10/11/4 9/10/1 9/10/1 10/11/1 
f 9/10/1 12/13/3 12/13/3 9/10/1 
f 12/13/3 11/12/4 11/12/4 12/13/3 
f 11/12/4 14/15/1 14/15/4 11/12/4 
f 14/15/1 13/14/4 13/14/3 14/15/4 
f 13/14/4 16/17/4 16/17/3 13/14/3 
f 16/17/4 15/16/4 15/16/5 16/17/3 
f 15/16/4 18/19/3 18/19/3 15/16/5 
f 18/19/3 17/18/4 17/18/3 18/19/3 
f 17/18/4 19/20/4 19/20/3 17/18/3 
f 19/20/4 4/4/1 4/4/3 19/20/3 
s 1
f 1/1/3 19/20/3 4/4/3 3/3/3 
f 1/1/3 3/3/3 2/2/3 6/6/3 
f 1/1/3 6/21/3 5/9/5 8/8/3 
f 1/1/3 8/8/3 7/7/4 10/11/1 
f 1/1/3 10/11/1 9/10/1 12/13/3 
f 1/1/3 12/13/3 11/12/4 14/15/4 
f 1/1/3 14/15/4 13/14/3 16/17/3 
f 1/1/3 16/17/3 15/16/5 18/19/3 
f 1/1/3 18/19/3 17/18/3 19/20/3 
# 108 polygons

#
# object Tube001
#

v  122.00490 33.73271 -173.48628
v  122.97041 33.87568 -175.16327
v  151.05556 33.87568 -155.52026
v  149.81364 33.73271 -154.03661
v  122.97041 34.06631 -175.16327
v  151.05556 34.06631 -155.52026
v  175.33546 34.06631 -131.33121
v  175.33546 33.87568 -131.33122
v  173.85461 33.73271 -130.08560
v  122.97041 34.25695 -175.16327
v  151.05556 34.25695 -155.52026
v  122.97041 34.44758 -175.16327
v  151.05556 34.44758 -155.52026
v  175.33546 34.44758 -131.33121
v  175.33546 34.25695 -131.33122
v  122.97041 34.63821 -175.16327
v  151.05556 34.63821 -155.52026
v  122.97041 34.82884 -175.16327
v  151.05556 34.82884 -155.52026
v  175.33546 34.82884 -131.33121
v  175.33546 34.63821 -131.33122
v  122.97041 35.01947 -175.16327
v  151.05556 35.01947 -155.52026
v  122.97041 35.21011 -175.16327
v  151.05556 35.21011 -155.52026
v  175.33546 35.21011 -131.33121
v  175.33546 35.01947 -131.33122
v  122.97041 35.40074 -175.16327
v  151.05556 35.40074 -155.52026
v  122.00490 35.54371 -173.48628
v  149.81364 35.54371 -154.03661
v  173.85461 35.54371 -130.08560
v  175.33546 35.40074 -131.33122
v  119.10838 35.59137 -168.45537
v  146.08795 35.59137 -149.58560
v  116.21185 35.54371 -163.42445
v  142.36226 35.54371 -145.13461
v  164.96957 35.54371 -122.61192
v  169.41209 35.59137 -126.34876
v  115.24635 35.40074 -161.74748
v  141.12036 35.40074 -143.65094
v  115.24637 35.21011 -161.74751
v  141.12036 35.21011 -143.65094
v  163.48874 35.21011 -121.36629
v  163.48874 35.40074 -121.36629
v  115.24635 35.01947 -161.74748
v  141.12036 35.01947 -143.65094
v  115.24637 34.82884 -161.74751
v  141.12036 34.82884 -143.65094
v  163.48874 34.82884 -121.36629
v  163.48874 35.01947 -121.36629
v  115.24635 34.63821 -161.74748
v  141.12036 34.63821 -143.65094
v  115.24637 34.44758 -161.74751
v  141.12036 34.44758 -143.65094
v  163.48874 34.44758 -121.36629
v  163.48874 34.63821 -121.36629
v  115.24635 34.25695 -161.74748
v  141.12036 34.25695 -143.65094
v  115.24637 34.06631 -161.74751
v  141.12036 34.06631 -143.65094
v  163.48874 34.06631 -121.36629
v  163.48874 34.25695 -121.36629
v  115.24635 33.87568 -161.74748
v  141.12036 33.87568 -143.65094
v  116.21185 33.73271 -163.42445
v  142.36226 33.73271 -145.13461
v  164.96957 33.73271 -122.61192
v  163.48874 33.87568 -121.36629
v  119.10838 33.68505 -168.45537
v  146.08795 33.68505 -149.58560
v  169.41209 33.68505 -126.34876
v  195.00856 33.87568 -103.26715
v  193.33411 33.73271 -102.29770
v  195.00856 34.06631 -103.26714
v  209.55107 34.06631 -72.23267
v  209.55107 33.87568 -72.23267
v  207.73351 33.73271 -71.56865
v  195.00856 34.25695 -103.26715
v  195.00856 34.44758 -103.26714
v  209.55107 34.44758 -72.23267
v  209.55107 34.25695 -72.23267
v  195.00856 34.63821 -103.26715
v  195.00856 34.82884 -103.26714
v  209.55107 34.82884 -72.23267
v  209.55107 34.63821 -72.23267
v  195.00856 35.01947 -103.26715
v  195.00856 35.21011 -103.26714
v  209.55107 35.21011 -72.23267
v  209.55107 35.01947 -72.23267
v  195.00856 35.40074 -103.26715
v  193.33411 35.54371 -102.29770
v  207.73351 35.54371 -71.56865
v  209.55107 35.40074 -72.23267
v  188.31078 35.59137 -99.38941
v  183.28743 35.54371 -96.48109
v  196.82814 35.54371 -67.58453
v  202.28082 35.59137 -69.57659
v  181.61299 35.40074 -95.51165
v  181.61299 35.21011 -95.51165
v  195.01057 35.21011 -66.92050
v  195.01057 35.40074 -66.92050
v  181.61299 35.01947 -95.51165
v  181.61299 34.82884 -95.51165
v  195.01057 34.82884 -66.92050
v  195.01057 35.01947 -66.92050
v  181.61299 34.63821 -95.51165
v  181.61299 34.44758 -95.51165
v  195.01057 34.44758 -66.92050
v  195.01057 34.63821 -66.92050
v  181.61299 34.25695 -95.51165
v  181.61299 34.06631 -95.51165
v  195.01057 34.06631 -66.92050
v  195.01057 34.25695 -66.92050
v  181.61299 33.87568 -95.51165
v  183.28743 33.73271 -96.48109
v  196.82813 33.73271 -67.58450
v  195.01057 33.87568 -66.92050
v  188.31078 33.68505 -99.38941
v  202.28082 33.68505 -69.57659
v  218.43924 33.87568 -39.13246
v  216.53423 33.73271 -38.79418
v  218.43922 34.06631 -39.13245
v  221.49033 34.06631 -4.99575
v  221.49031 33.87568 -4.99575
v  219.55527 33.73271 -4.99341
v  218.43924 34.25695 -39.13246
v  218.43922 34.44758 -39.13245
v  221.49033 34.44758 -4.99575
v  221.49031 34.25695 -4.99575
v  218.43924 34.63821 -39.13246
v  218.43922 34.82884 -39.13245
v  221.49033 34.82884 -4.99575
v  221.49031 34.63821 -4.99575
v  218.43924 35.01947 -39.13246
v  218.43922 35.21011 -39.13245
v  221.49033 35.21011 -4.99575
v  221.49031 35.01947 -4.99575
v  218.43924 35.40074 -39.13246
v  216.53419 35.54371 -38.79419
v  219.55527 35.54371 -4.99341
v  221.49031 35.40074 -4.99575
v  210.81911 35.59137 -37.77936
v  205.10402 35.54371 -36.76452
v  207.94495 35.54371 -4.97941
v  213.75011 35.59137 -4.98642
v  203.19899 35.40074 -36.42624
v  203.19899 35.21011 -36.42624
v  206.00987 35.21011 -4.97709
v  206.00987 35.40074 -4.97709
v  203.19899 35.01947 -36.42624
v  203.19899 34.82884 -36.42624
v  206.00987 34.82884 -4.97709
v  206.00987 35.01947 -4.97709
v  203.19899 34.63821 -36.42624
v  203.19899 34.44758 -36.42624
v  206.00987 34.44758 -4.97709
v  206.00987 34.63821 -4.97709
v  203.19899 34.25695 -36.42624
v  203.19899 34.06631 -36.42624
v  206.00987 34.06631 -4.97709
v  206.00987 34.25695 -4.97709
v  203.19899 33.87568 -36.42624
v  205.10402 33.73271 -36.76452
v  207.94495 33.73271 -4.97942
v  206.00987 33.87568 -4.97709
v  210.81912 33.68505 -37.77935
v  213.75011 33.68505 -4.98642
v  218.52153 33.87568 29.14821
v  216.61568 33.73271 28.81452
v  218.52153 34.06631 29.14821
v  209.71320 34.06631 62.26975
v  209.71318 33.87568 62.26974
v  207.89403 33.73271 61.61012
v  218.52153 34.25695 29.14821
v  218.52153 34.44758 29.14821
v  209.71320 34.44758 62.26975
v  209.71318 34.25695 62.26974
v  218.52153 34.63821 29.14821
v  218.52153 34.82884 29.14821
v  209.71320 34.82884 62.26975
v  209.71318 34.63821 62.26974
v  218.52153 35.01947 29.14821
v  218.52153 35.21011 29.14821
v  209.71320 35.21011 62.26975
v  209.71318 35.01947 62.26974
v  218.52153 35.40074 29.14821
v  216.61568 35.54371 28.81452
v  207.89403 35.54371 61.61012
v  209.71318 35.40074 62.26974
v  210.89818 35.59137 27.81347
v  205.18066 35.54371 26.81243
v  196.97908 35.54371 57.65229
v  202.43654 35.59137 59.63119
v  203.27483 35.40074 26.47874
v  203.27483 35.21011 26.47874
v  195.15993 35.21011 56.99265
v  195.15991 35.40074 56.99265
v  203.27483 35.01947 26.47874
v  203.27483 34.82884 26.47874
v  195.15993 34.82884 56.99265
v  195.15991 35.01947 56.99265
v  203.27483 34.63821 26.47874
v  203.27483 34.44758 26.47874
v  195.15993 34.44758 56.99265
v  195.15991 34.63821 56.99265
v  203.27483 34.25695 26.47874
v  203.27483 34.06631 26.47874
v  195.15993 34.06631 56.99265
v  195.15991 34.25695 56.99265
v  203.27483 33.87568 26.47874
v  205.18066 33.73271 26.81243
v  196.97908 33.73271 57.65229
v  195.15991 33.87568 56.99265
v  210.89818 33.68505 27.81347
v  202.43654 33.68505 59.63119
v  195.24551 33.87568 93.33919
v  193.56874 33.73271 92.37379
v  195.24551 34.06631 93.33919
v  175.64009 34.06631 121.45059
v  175.64012 33.87568 121.45060
v  174.15627 33.73271 120.20854
v  195.24551 34.25695 93.33919
v  195.24551 34.44758 93.33919
v  175.64009 34.44758 121.45059
v  175.64012 34.25695 121.45060
v  195.24551 34.63821 93.33919
v  195.24551 34.82884 93.33919
v  175.64009 34.82884 121.45059
v  175.64012 34.63821 121.45060
v  195.24551 35.01947 93.33919
v  195.24551 35.21011 93.33919
v  175.64009 35.21011 121.45059
v  175.64012 35.01947 121.45060
v  195.24551 35.40074 93.33919
v  193.56874 35.54371 92.37379
v  174.15627 35.54371 120.20854
v  175.64012 35.40074 121.45060
v  188.53839 35.59137 89.47760
v  183.50806 35.54371 86.58141
v  165.25322 35.54371 112.75628
v  169.70476 35.59137 116.48243
v  181.83127 35.40074 85.61601
v  181.83128 35.21011 85.61602
v  163.76939 35.21011 111.51424
v  163.76939 35.40074 111.51424
v  181.83127 35.01947 85.61601
v  181.83128 34.82884 85.61602
v  163.76939 34.82884 111.51424
v  163.76939 35.01947 111.51424
v  181.83127 34.63821 85.61601
v  181.83128 34.44758 85.61602
v  163.76939 34.44758 111.51424
v  163.76939 34.63821 111.51424
v  181.83127 34.25695 85.61601
v  181.83128 34.06631 85.61602
v  163.76939 34.06631 111.51424
v  163.76939 34.25695 111.51424
v  181.83127 33.87568 85.61601
v  183.50806 33.73271 86.58141
v  165.25322 33.73271 112.75628
v  163.76939 33.87568 111.51424
v  188.53838 33.68505 89.47759
v  169.70474 33.68505 116.48241
v  151.41858 33.87568 145.69809
v  150.17311 33.73271 144.21744
v  151.41858 34.06631 145.69810
v  123.38085 34.06631 165.40874
v  123.38087 33.87568 165.40874
v  122.41131 33.73271 163.73410
v  151.41858 34.25695 145.69809
v  151.41858 34.44758 145.69810
v  123.38085 34.44758 165.40874
v  123.38087 34.25695 165.40874
v  151.41858 34.63821 145.69809
v  151.41858 34.82884 145.69810
v  123.38085 34.82884 165.40874
v  123.38087 34.63821 165.40874
v  151.41858 35.01947 145.69809
v  151.41858 35.21011 145.69810
v  123.38085 35.21011 165.40874
v  123.38087 35.01947 165.40874
v  151.41858 35.40074 145.69809
v  150.17311 35.54371 144.21744
v  122.41131 35.54371 163.73410
v  123.38087 35.40074 165.40874
v  146.43669 35.59137 139.77542
v  142.70027 35.54371 135.33342
v  116.59405 35.54371 153.68626
v  119.50268 35.59137 158.71019
v  141.45480 35.40074 133.85277
v  141.45480 35.21011 133.85277
v  115.62450 35.21011 152.01161
v  115.62448 35.40074 152.01161
v  141.45480 35.01947 133.85277
v  141.45480 34.82884 133.85277
v  115.62450 34.82884 152.01161
v  115.62448 35.01947 152.01161
v  141.45480 34.63821 133.85277
v  141.45480 34.44758 133.85277
v  115.62450 34.44758 152.01161
v  115.62448 34.63821 152.01161
v  141.45480 34.25695 133.85277
v  141.45480 34.06631 133.85277
v  115.62450 34.06631 152.01161
v  115.62448 34.25695 152.01161
v  141.45480 33.87568 133.85277
v  142.70027 33.73271 135.33342
v  116.59405 33.73271 153.68626
v  115.62448 33.87568 152.01161
v  146.43669 33.68505 139.77542
v  119.50268 33.68505 158.71019
v  92.32695 33.87568 179.90967
v  91.66301 33.73271 178.09233
v  92.32695 34.06631 179.90967
v  59.23868 34.06631 188.84218
v  59.23868 33.87568 188.84218
v  58.90034 33.73271 186.93694
v  92.32695 34.25695 179.90967
v  92.32695 34.44758 179.90967
v  59.23868 34.44758 188.84218
v  59.23868 34.25695 188.84218
v  92.32695 34.63821 179.90967
v  92.32695 34.82884 179.90967
v  59.23868 34.82884 188.84218
v  59.23868 34.63821 188.84218
v  92.32695 35.01947 179.90967
v  92.32695 35.21011 179.90967
v  59.23868 35.21011 188.84218
v  59.23868 35.01947 188.84218
v  92.32695 35.40074 179.90967
v  91.66301 35.54371 178.09233
v  58.90034 35.54371 186.93694
v  59.23868 35.40074 188.84218
v  89.67118 35.59137 172.64029
v  87.67935 35.54371 167.18823
v  56.87046 35.54371 175.50539
v  57.88541 35.59137 181.22116
v  87.01540 35.40074 165.37090
v  87.01540 35.21011 165.37090
v  56.53216 35.21011 173.60014
v  56.53215 35.40074 173.60014
v  87.01540 35.01947 165.37090
v  87.01540 34.82884 165.37090
v  56.53216 34.82884 173.60014
v  56.53215 35.01947 173.60014
v  87.01540 34.63821 165.37090
v  87.01540 34.44758 165.37090
v  56.53216 34.44758 173.60014
v  56.53215 34.63821 173.60014
v  87.01540 34.25695 165.37090
v  87.01540 34.06631 165.37090
v  56.53216 34.06631 173.60014
v  56.53215 34.25695 173.60014
v  87.01540 33.87568 165.37090
v  87.67935 33.73271 167.18823
v  56.87046 33.73271 175.50539
v  56.53215 33.87568 173.60014
v  89.67118 33.68505 172.64029
v  57.88541 33.68505 181.22116
v  25.09791 33.87568 191.84753
v  25.09557 33.73271 189.91270
v  25.09790 34.06631 191.84753
v  -9.04999 34.06631 188.92445
v  -9.05000 33.87568 188.92447
v  -8.71627 33.73271 187.01840
v  25.09791 34.25695 191.84753
v  25.09790 34.44758 191.84753
v  -9.04999 34.44758 188.92445
v  -9.05000 34.25695 188.92447
v  25.09791 34.63821 191.84753
v  25.09790 34.82884 191.84753
v  -9.04999 34.82884 188.92445
v  -9.05000 34.63821 188.92447
v  25.09791 35.01947 191.84753
v  25.09790 35.21011 191.84753
v  -9.04999 35.21011 188.92445
v  -9.05000 35.01947 188.92447
v  25.09791 35.40074 191.84753
v  25.09557 35.54371 189.91270
v  -8.71627 35.54371 187.01840
v  -9.05000 35.40074 188.92447
v  25.08858 35.59137 184.10822
v  25.08159 35.54371 178.30371
v  -6.71393 35.54371 175.58202
v  -7.71511 35.59137 181.30022
v  25.07925 35.40074 176.36887
v  25.07925 35.21011 176.36887
v  -6.38021 35.21011 173.67595
v  -6.38021 35.40074 173.67595
v  25.07925 35.01947 176.36887
v  25.07925 34.82884 176.36887
v  -6.38021 34.82884 173.67595
v  -6.38021 35.01947 173.67595
v  25.07925 34.63821 176.36887
v  25.07925 34.44758 176.36887
v  -6.38021 34.44758 173.67595
v  -6.38021 34.63821 173.67595
v  25.07925 34.25695 176.36887
v  25.07925 34.06631 176.36887
v  -6.38021 34.06631 173.67595
v  -6.38021 34.25695 173.67595
v  25.07925 33.87568 176.36887
v  25.08159 33.73271 178.30370
v  -6.71394 33.73271 175.58203
v  -6.38021 33.87568 173.67595
v  25.08858 33.68505 184.10820
v  -7.71511 33.68505 181.30022
v  -42.15971 33.87568 180.07175
v  -41.50014 33.73271 178.25281
v  -42.15971 34.06631 180.07175
v  -73.24848 34.06631 165.64569
v  -73.24849 33.87568 165.64569
v  -72.28297 33.73271 163.96870
v  -42.15971 34.25695 180.07175
v  -42.15971 34.44758 180.07175
v  -73.24848 34.44758 165.64569
v  -73.24849 34.25695 165.64569
v  -42.15971 34.63821 180.07175
v  -42.15971 34.82884 180.07175
v  -73.24848 34.82884 165.64569
v  -73.24849 34.63821 165.64569
v  -42.15971 35.01947 180.07175
v  -42.15971 35.21011 180.07175
v  -73.24848 35.21011 165.64569
v  -73.24849 35.01947 165.64569
v  -42.15971 35.40074 180.07175
v  -41.50014 35.54371 178.25281
v  -72.28297 35.54371 163.96870
v  -73.24849 35.40074 165.64569
v  -39.52146 35.59137 172.79599
v  -37.54279 35.54371 167.33916
v  -66.48993 35.54371 153.90688
v  -69.38645 35.59137 158.93779
v  -36.88322 35.40074 165.52020
v  -36.88322 35.21011 165.52020
v  -65.52444 35.21011 152.22993
v  -65.52442 35.40074 152.22990
v  -36.88322 35.01947 165.52020
v  -36.88322 34.82884 165.52020
v  -65.52444 34.82884 152.22993
v  -65.52442 35.01947 152.22990
v  -36.88322 34.63821 165.52020
v  -36.88322 34.44758 165.52020
v  -65.52444 34.44758 152.22993
v  -65.52442 34.63821 152.22990
v  -36.88322 34.25695 165.52020
v  -36.88322 34.06631 165.52020
v  -65.52444 34.06631 152.22993
v  -65.52442 34.25695 152.22990
v  -36.88322 33.87568 165.52020
v  -37.54279 33.73271 167.33916
v  -66.48993 33.73271 153.90688
v  -65.52442 33.87568 152.22990
v  -39.52146 33.68505 172.79599
v  -69.38645 33.68505 158.93779
v  -101.33363 33.87568 146.00267
v  -100.09174 33.73271 144.51903
v  -101.33363 34.06631 146.00267
v  -125.61355 34.06631 121.81362
v  -125.61355 33.87568 121.81364
v  -124.13270 33.73271 120.56802
v  -101.33363 34.25695 146.00267
v  -101.33363 34.44758 146.00267
v  -125.61355 34.44758 121.81362
v  -125.61355 34.25695 121.81364
v  -101.33363 34.63821 146.00267
v  -101.33363 34.82884 146.00267
v  -125.61355 34.82884 121.81362
v  -125.61355 34.63821 121.81364
v  -101.33363 35.01947 146.00267
v  -101.33363 35.21011 146.00267
v  -125.61355 35.21011 121.81362
v  -125.61355 35.01947 121.81364
v  -101.33363 35.40074 146.00267
v  -100.09174 35.54371 144.51903
v  -124.13270 35.54371 120.56802
v  -125.61355 35.40074 121.81364
v  -96.36604 35.59137 140.06801
v  -92.64034 35.54371 135.61702
v  -115.24766 35.54371 113.09432
v  -119.69018 35.59137 116.83116
v  -91.39845 35.40074 134.13338
v  -91.39845 35.21011 134.13338
v  -113.76681 35.21011 111.84870
v  -113.76681 35.40074 111.84869
v  -91.39845 35.01947 134.13338
v  -91.39845 34.82884 134.13338
v  -113.76681 34.82884 111.84870
v  -113.76681 35.01947 111.84869
v  -91.39845 34.63821 134.13338
v  -91.39845 34.44758 134.13338
v  -113.76681 34.44758 111.84870
v  -113.76681 34.63821 111.84869
v  -91.39845 34.25695 134.13338
v  -91.39845 34.06631 134.13338
v  -113.76681 34.06631 111.84870
v  -113.76681 34.25695 111.84869
v  -91.39845 33.87568 134.13338
v  -92.64034 33.73271 135.61702
v  -115.24766 33.73271 113.09432
v  -113.76681 33.87568 111.84869
v  -96.36604 33.68505 140.06802
v  -119.69018 33.68505 116.83116
v  -145.28664 33.87568 93.74955
v  -143.61220 33.73271 92.78011
v  -145.28664 34.06631 93.74955
v  -159.82913 34.06631 62.71509
v  -159.82913 33.87568 62.71509
v  -158.01158 33.73271 62.05105
v  -145.28664 34.25695 93.74955
v  -145.28664 34.44758 93.74955
v  -159.82913 34.44758 62.71509
v  -159.82913 34.25695 62.71509
v  -145.28664 34.63821 93.74955
v  -145.28664 34.82884 93.74955
v  -159.82913 34.82884 62.71509
v  -159.82913 34.63821 62.71509
v  -145.28664 35.01947 93.74955
v  -145.28664 35.21011 93.74955
v  -159.82913 35.21011 62.71509
v  -159.82913 35.01947 62.71509
v  -145.28664 35.40074 93.74955
v  -143.61220 35.54371 92.78011
v  -158.01158 35.54371 62.05105
v  -159.82913 35.40074 62.71509
v  -138.58885 35.59137 89.87182
v  -133.56551 35.54371 86.96349
v  -147.10622 35.54371 58.06695
v  -152.55888 35.59137 60.05899
v  -131.89107 35.40074 85.99407
v  -131.89107 35.21011 85.99407
v  -145.28865 35.21011 57.40291
v  -145.28865 35.40074 57.40291
v  -131.89107 35.01947 85.99407
v  -131.89107 34.82884 85.99407
v  -145.28865 34.82884 57.40291
v  -145.28865 35.01947 57.40291
v  -131.89107 34.63821 85.99407
v  -131.89107 34.44758 85.99407
v  -145.28865 34.44758 57.40291
v  -145.28865 34.63821 57.40291
v  -131.89107 34.25695 85.99407
v  -131.89107 34.06631 85.99407
v  -145.28865 34.06631 57.40291
v  -145.28865 34.25695 57.40291
v  -131.89107 33.87568 85.99407
v  -133.56551 33.73271 86.96349
v  -147.10620 33.73271 58.06693
v  -145.28865 33.87568 57.40291
v  -138.58885 33.68505 89.87182
v  -152.55888 33.68505 60.05899
v  -168.71730 33.87568 29.61486
v  -166.81227 33.73271 29.27659
v  -168.71730 34.06631 29.61486
v  -171.76839 34.06631 -4.52183
v  -171.76837 33.87568 -4.52182
v  -169.83331 33.73271 -4.52415
v  -168.71730 34.25695 29.61486
v  -168.71730 34.44758 29.61486
v  -171.76839 34.44758 -4.52183
v  -171.76837 34.25695 -4.52182
v  -168.71730 34.63821 29.61486
v  -168.71730 34.82884 29.61486
v  -171.76839 34.82884 -4.52183
v  -171.76837 34.63821 -4.52182
v  -168.71730 35.01947 29.61486
v  -168.71730 35.21011 29.61486
v  -171.76839 35.21011 -4.52183
v  -171.76837 35.01947 -4.52182
v  -168.71730 35.40074 29.61486
v  -166.81227 35.54371 29.27659
v  -169.83331 35.54371 -4.52415
v  -171.76837 35.40074 -4.52182
v  -161.09718 35.59137 28.26177
v  -155.38210 35.54371 27.24694
v  -158.22298 35.54371 -4.53815
v  -164.02815 35.59137 -4.53116
v  -153.47705 35.40074 26.90866
v  -153.47705 35.21011 26.90866
v  -156.28795 35.21011 -4.54050
v  -156.28792 35.40074 -4.54049
v  -153.47705 35.01947 26.90866
v  -153.47705 34.82884 26.90866
v  -156.28795 34.82884 -4.54050
v  -156.28792 35.01947 -4.54049
v  -153.47705 34.63821 26.90866
v  -153.47705 34.44758 26.90866
v  -156.28795 34.44758 -4.54050
v  -156.28792 34.63821 -4.54049
v  -153.47705 34.25695 26.90866
v  -153.47705 34.06631 26.90866
v  -156.28795 34.06631 -4.54050
v  -156.28792 34.25695 -4.54049
v  -153.47705 33.87568 26.90866
v  -155.38210 33.73271 27.24694
v  -158.22298 33.73271 -4.53815
v  -156.28792 33.87568 -4.54049
v  -161.09718 33.68505 28.26177
v  -164.02815 33.68505 -4.53116
v  -168.79958 33.87568 -38.66577
v  -166.89372 33.73271 -38.33208
v  -168.79958 34.06631 -38.66577
v  -159.99124 34.06631 -71.78731
v  -159.99123 33.87568 -71.78730
v  -158.17207 33.73271 -71.12768
v  -168.79958 34.25695 -38.66577
v  -168.79958 34.44758 -38.66577
v  -159.99124 34.44758 -71.78731
v  -159.99123 34.25695 -71.78730
v  -168.79958 34.63821 -38.66577
v  -168.79958 34.82884 -38.66577
v  -159.99124 34.82884 -71.78731
v  -159.99123 34.63821 -71.78730
v  -168.79958 35.01947 -38.66577
v  -168.79958 35.21011 -38.66577
v  -159.99124 35.21011 -71.78731
v  -159.99123 35.01947 -71.78730
v  -168.79958 35.40074 -38.66577
v  -166.89372 35.54371 -38.33208
v  -158.17207 35.54371 -71.12768
v  -159.99123 35.40074 -71.78730
v  -161.17621 35.59137 -37.33103
v  -155.45869 35.54371 -36.32999
v  -147.25713 35.54371 -67.16985
v  -152.71458 35.59137 -69.14875
v  -153.55286 35.40074 -35.99631
v  -153.55286 35.21011 -35.99631
v  -145.43797 35.21011 -66.51021
v  -145.43796 35.40074 -66.51020
v  -153.55286 35.01947 -35.99631
v  -153.55286 34.82884 -35.99631
v  -145.43797 34.82884 -66.51021
v  -145.43796 35.01947 -66.51020
v  -153.55286 34.63821 -35.99631
v  -153.55286 34.44758 -35.99631
v  -145.43797 34.44758 -66.51021
v  -145.43796 34.63821 -66.51020
v  -153.55286 34.25695 -35.99631
v  -153.55286 34.06631 -35.99631
v  -145.43797 34.06631 -66.51021
v  -145.43796 34.25695 -66.51020
v  -153.55286 33.87568 -35.99631
v  -155.45869 33.73271 -36.32999
v  -147.25713 33.73271 -67.16984
v  -145.43796 33.87568 -66.51020
v  -161.17621 33.68505 -37.33103
v  -152.71458 33.68505 -69.14875
v  -145.52356 33.87568 -102.85674
v  -143.84679 33.73271 -101.89135
v  -145.52356 34.06631 -102.85674
v  -125.91816 34.06631 -130.96814
v  -125.91816 33.87568 -130.96814
v  -124.43432 33.73271 -129.72610
v  -145.52356 34.25695 -102.85674
v  -145.52356 34.44758 -102.85674
v  -125.91816 34.44758 -130.96814
v  -125.91816 34.25695 -130.96814
v  -145.52356 34.63821 -102.85674
v  -145.52356 34.82884 -102.85674
v  -125.91816 34.82884 -130.96814
v  -125.91816 34.63821 -130.96814
v  -145.52356 35.01947 -102.85674
v  -145.52356 35.21011 -102.85674
v  -125.91816 35.21011 -130.96814
v  -125.91816 35.01947 -130.96814
v  -145.52356 35.40074 -102.85674
v  -143.84679 35.54371 -101.89135
v  -124.43432 35.54371 -129.72610
v  -125.91816 35.40074 -130.96814
v  -138.81645 35.59137 -98.99516
v  -133.78612 35.54371 -96.09897
v  -115.53127 35.54371 -122.27383
v  -119.98281 35.59137 -125.99998
v  -132.10933 35.40074 -95.13357
v  -132.10934 35.21011 -95.13358
v  -114.04745 35.21011 -121.03179
v  -114.04745 35.40074 -121.03179
v  -132.10933 35.01947 -95.13357
v  -132.10934 34.82884 -95.13358
v  -114.04745 34.82884 -121.03179
v  -114.04745 35.01947 -121.03179
v  -132.10933 34.63821 -95.13357
v  -132.10934 34.44758 -95.13358
v  -114.04745 34.44758 -121.03179
v  -114.04745 34.63821 -121.03179
v  -132.10933 34.25695 -95.13357
v  -132.10934 34.06631 -95.13358
v  -114.04745 34.06631 -121.03179
v  -114.04745 34.25695 -121.03179
v  -132.10933 33.87568 -95.13357
v  -133.78612 33.73271 -96.09897
v  -115.53127 33.73271 -122.27383
v  -114.04745 33.87568 -121.03179
v  -138.81642 33.68505 -98.99515
v  -119.98280 33.68505 -125.99997
v  -101.69663 33.87568 -155.21562
v  -100.45116 33.73271 -153.73497
v  -101.69663 34.06631 -155.21562
v  -73.65891 34.06631 -174.92628
v  -73.65891 33.87568 -174.92628
v  -72.68936 33.73271 -173.25165
v  -101.69663 34.25695 -155.21562
v  -101.69663 34.44758 -155.21562
v  -73.65891 34.44758 -174.92628
v  -73.65891 34.25695 -174.92628
v  -101.69663 34.63821 -155.21562
v  -101.69663 34.82884 -155.21562
v  -73.65891 34.82884 -174.92628
v  -73.65891 34.63821 -174.92628
v  -101.69663 35.01947 -155.21562
v  -101.69663 35.21011 -155.21562
v  -73.65891 35.21011 -174.92628
v  -73.65891 35.01947 -174.92628
v  -101.69663 35.40074 -155.21562
v  -100.45116 35.54371 -153.73497
v  -72.68936 35.54371 -173.25165
v  -73.65891 35.40074 -174.92628
v  -96.71474 35.59137 -149.29295
v  -92.97832 35.54371 -144.85095
v  -66.87209 35.54371 -163.20378
v  -69.78073 35.59137 -168.22771
v  -91.73285 35.40074 -143.37029
v  -91.73285 35.21011 -143.37029
v  -65.90255 35.21011 -161.52914
v  -65.90253 35.40074 -161.52913
v  -91.73285 35.01947 -143.37029
v  -91.73285 34.82884 -143.37029
v  -65.90255 34.82884 -161.52914
v  -65.90253 35.01947 -161.52913
v  -91.73285 34.63821 -143.37029
v  -91.73285 34.44758 -143.37029
v  -65.90255 34.44758 -161.52914
v  -65.90253 34.63821 -161.52913
v  -91.73285 34.25695 -143.37029
v  -91.73285 34.06631 -143.37029
v  -65.90255 34.06631 -161.52914
v  -65.90253 34.25695 -161.52913
v  -91.73285 33.87568 -143.37029
v  -92.97832 33.73271 -144.85095
v  -66.87209 33.73271 -163.20378
v  -65.90253 33.87568 -161.52913
v  -96.71474 33.68505 -149.29295
v  -69.78073 33.68505 -168.22771
v  -42.60500 33.87568 -189.42723
v  -41.94106 33.73271 -187.60988
v  -42.60500 34.06631 -189.42723
v  -9.51672 34.06631 -198.35973
v  -9.51673 33.87568 -198.35973
v  -9.17839 33.73271 -196.45450
v  -42.60500 34.25695 -189.42723
v  -42.60500 34.44758 -189.42723
v  -9.51672 34.44758 -198.35973
v  -9.51673 34.25695 -198.35973
v  -42.60500 34.63821 -189.42723
v  -42.60500 34.82884 -189.42723
v  -9.51672 34.82884 -198.35973
v  -9.51673 34.63821 -198.35973
v  -42.60500 35.01947 -189.42723
v  -42.60500 35.21011 -189.42723
v  -9.51672 35.21011 -198.35973
v  -9.51673 35.01947 -198.35973
v  -42.60500 35.40074 -189.42723
v  -41.94106 35.54371 -187.60988
v  -9.17839 35.54371 -196.45450
v  -9.51673 35.40074 -198.35973
v  -39.94923 35.59137 -182.15782
v  -37.95740 35.54371 -176.70578
v  -7.14850 35.54371 -185.02295
v  -8.16347 35.59137 -190.73869
v  -37.29346 35.40074 -174.88844
v  -37.29346 35.21011 -174.88844
v  -6.81021 35.21011 -183.11769
v  -6.81020 35.40074 -183.11771
v  -37.29346 35.01947 -174.88844
v  -37.29346 34.82884 -174.88844
v  -6.81021 34.82884 -183.11769
v  -6.81020 35.01947 -183.11771
v  -37.29346 34.63821 -174.88844
v  -37.29346 34.44758 -174.88844
v  -6.81021 34.44758 -183.11769
v  -6.81020 34.63821 -183.11771
v  -37.29346 34.25695 -174.88844
v  -37.29346 34.06631 -174.88844
v  -6.81021 34.06631 -183.11769
v  -6.81020 34.25695 -183.11771
v  -37.29346 33.87568 -174.88844
v  -37.95740 33.73271 -176.70578
v  -7.14850 33.73271 -185.02295
v  -6.81020 33.87568 -183.11771
v  -39.94923 33.68505 -182.15782
v  -8.16346 33.68505 -190.73869
v  24.62404 33.87568 -201.36510
v  24.62638 33.73271 -199.43025
v  24.62404 34.06631 -201.36510
v  58.77193 34.06631 -198.44203
v  58.77194 33.87568 -198.44203
v  58.43822 33.73271 -196.53596
v  24.62404 34.25695 -201.36510
v  24.62404 34.44758 -201.36510
v  58.77193 34.44758 -198.44203
v  58.77194 34.25695 -198.44203
v  24.62404 34.63821 -201.36510
v  24.62404 34.82884 -201.36510
v  58.77193 34.82884 -198.44203
v  58.77194 34.63821 -198.44203
v  24.62404 35.01947 -201.36510
v  24.62404 35.21011 -201.36510
v  58.77193 35.21011 -198.44203
v  58.77194 35.01947 -198.44203
v  24.62404 35.40074 -201.36510
v  24.62637 35.54371 -199.43025
v  58.43822 35.54371 -196.53596
v  58.77194 35.40074 -198.44203
v  24.63336 35.59137 -193.62578
v  24.64036 35.54371 -187.82126
v  56.43587 35.54371 -185.09958
v  57.43704 35.59137 -190.81779
v  24.64269 35.40074 -185.88643
v  24.64269 35.21011 -185.88643
v  56.10215 35.21011 -183.19351
v  56.10215 35.40074 -183.19351
v  24.64269 35.01947 -185.88643
v  24.64269 34.82884 -185.88643
v  56.10215 34.82884 -183.19351
v  56.10215 35.01947 -183.19351
v  24.64269 34.63821 -185.88643
v  24.64269 34.44758 -185.88643
v  56.10215 34.44758 -183.19351
v  56.10215 34.63821 -183.19351
v  24.64269 34.25695 -185.88643
v  24.64269 34.06631 -185.88643
v  56.10215 34.06631 -183.19351
v  56.10215 34.25695 -183.19351
v  24.64269 33.87568 -185.88643
v  24.64036 33.73271 -187.82126
v  56.43588 33.73271 -185.09959
v  56.10215 33.87568 -183.19351
v  24.63337 33.68505 -193.62576
v  57.43705 33.68505 -190.81778
v  91.88163 33.87568 -189.58932
v  91.22208 33.73271 -187.77037
v  91.88164 34.06631 -189.58932
v  91.88163 34.25695 -189.58932
v  91.88164 34.44758 -189.58932
v  91.88163 34.63821 -189.58932
v  91.88164 34.82884 -189.58932
v  91.88163 35.01947 -189.58932
v  91.88164 35.21011 -189.58932
v  91.88163 35.40074 -189.58932
v  91.22208 35.54371 -187.77037
v  89.24339 35.59137 -182.31355
v  87.26472 35.54371 -176.85672
v  86.60516 35.40074 -175.03778
v  86.60516 35.21011 -175.03778
v  86.60516 35.01947 -175.03778
v  86.60516 34.82884 -175.03778
v  86.60516 34.63821 -175.03778
v  86.60516 34.44758 -175.03778
v  86.60516 34.25695 -175.03778
v  86.60516 34.06631 -175.03778
v  86.60516 33.87568 -175.03778
v  87.26472 33.73271 -176.85672
v  89.24339 33.68505 -182.31355
# 864 vertices

vn 0.01512 -0.99954 -0.02625
vn 0.37052 -0.66973 -0.64357
vn 0.47648 -0.67004 -0.56922
vn 0.01944 -0.99954 -0.02322
vn 0.49897 0.00000 -0.86662
vn 0.64186 0.00000 -0.76682
vn 0.76528 0.00000 -0.64370
vn 0.56832 -0.66968 -0.47805
vn 0.02318 -0.99954 -0.01950
vn 0.49894 0.00000 -0.86664
vn 0.49897 -0.00000 -0.86662
vn 0.76527 0.00000 -0.64371
vn 0.64187 0.00000 -0.76681
vn 0.49894 -0.00000 -0.86664
vn 0.37052 0.66973 -0.64357
vn 0.47648 0.67004 -0.56922
vn 0.01512 0.99954 -0.02625
vn 0.01944 0.99954 -0.02322
vn 0.02318 0.99954 -0.01950
vn 0.56832 0.66968 -0.47805
vn 0.00016 1.00000 -0.00028
vn 0.00021 1.00000 -0.00025
vn -0.01382 0.99962 0.02401
vn -0.01779 0.99962 0.02126
vn -0.02120 0.99962 0.01783
vn 0.00025 1.00000 -0.00021
vn -0.35231 0.70811 0.61193
vn -0.45337 0.70788 0.54163
vn -0.49896 -0.00000 0.86663
vn -0.64186 0.00000 0.76682
vn -0.76527 0.00000 0.64371
vn -0.54030 0.70819 0.45447
vn -0.49896 0.00000 0.86663
vn -0.64187 0.00000 0.76681
vn -0.35231 -0.70811 0.61193
vn -0.45337 -0.70788 0.54163
vn -0.01382 -0.99962 0.02401
vn -0.01779 -0.99962 0.02126
vn -0.02120 -0.99962 0.01783
vn -0.54030 -0.70819 0.45447
vn 0.00016 -1.00000 -0.00028
vn 0.00021 -1.00000 -0.00025
vn 0.00025 -1.00000 -0.00021
vn 0.64249 -0.66996 -0.37197
vn 0.02620 -0.99954 -0.01517
vn 0.86542 -0.00000 -0.50104
vn 0.93928 -0.00000 -0.34315
vn 0.69750 -0.66975 -0.25482
vn 0.02846 -0.99954 -0.01040
vn 0.86542 0.00000 -0.50104
vn 0.64249 0.66996 -0.37197
vn 0.02620 0.99954 -0.01517
vn 0.02846 0.99954 -0.01040
vn 0.69750 0.66975 -0.25482
vn 0.00028 1.00000 -0.00016
vn -0.02399 0.99962 0.01389
vn -0.02602 0.99962 0.00951
vn 0.00031 1.00000 -0.00011
vn -0.61128 0.70788 0.35390
vn -0.86542 0.00000 0.50104
vn -0.93928 0.00000 0.34315
vn -0.66315 0.70819 0.24227
vn -0.61128 -0.70788 0.35390
vn -0.02399 -0.99962 0.01389
vn -0.02602 -0.99962 0.00951
vn -0.66315 -0.70819 0.24227
vn 0.00028 -1.00000 -0.00016
vn 0.00031 -1.00000 -0.00011
vn 0.73094 -0.66999 -0.12979
vn 0.02981 -0.99954 -0.00529
vn 0.98460 -0.00000 -0.17484
vn 1.00000 -0.00000 -0.00120
vn 0.74257 -0.66977 -0.00090
vn 0.03030 -0.99954 -0.00004
vn 1.00000 -0.00000 -0.00121
vn 0.98460 0.00000 -0.17484
vn 0.73094 0.66999 -0.12979
vn 0.02981 0.99954 -0.00529
vn 0.03030 0.99954 -0.00004
vn 0.74257 0.66977 -0.00090
vn 0.00032 1.00000 -0.00006
vn -0.02730 0.99962 0.00485
vn -0.02770 0.99962 0.00003
vn 0.00032 1.00000 -0.00000
vn -0.69545 0.70788 0.12349
vn -0.98460 0.00000 0.17484
vn -1.00000 0.00000 0.00121
vn -0.70602 0.70819 0.00085
vn -0.69545 -0.70788 0.12349
vn -0.02730 -0.99962 0.00485
vn -0.02770 -0.99962 0.00003
vn -0.70602 -0.70819 0.00085
vn 0.00032 -1.00000 -0.00006
vn 0.00032 -1.00000 -0.00000
vn 0.73120 -0.67004 0.12802
vn 0.02983 -0.99954 0.00522
vn 0.98502 0.00000 0.17246
vn 0.94010 -0.00000 0.34090
vn 0.69812 -0.66974 0.25314
vn 0.02848 -0.99954 0.01033
vn 0.94011 -0.00000 0.34088
vn 0.98502 0.00000 0.17245
vn 0.73120 0.67004 0.12802
vn 0.02983 0.99954 0.00522
vn 0.02848 0.99954 0.01033
vn 0.69812 0.66974 0.25314
vn 0.00032 1.00000 0.00006
vn -0.02731 0.99962 -0.00478
vn -0.02604 0.99962 -0.00944
vn 0.00031 1.00000 0.00011
vn -0.69575 0.70788 -0.12182
vn -0.98502 0.00000 -0.17246
vn -0.94010 -0.00000 -0.34089
vn -0.66377 0.70815 -0.24069
vn -0.94010 0.00000 -0.34089
vn -0.69575 -0.70788 -0.12182
vn -0.02731 -0.99962 -0.00478
vn -0.02604 -0.99962 -0.00944
vn -0.66377 -0.70815 -0.24069
vn 0.00032 -1.00000 0.00006
vn 0.00031 -1.00000 0.00011
vn 0.64335 -0.67000 0.37041
vn 0.02624 -0.99954 0.01511
vn 0.86663 0.00000 0.49896
vn 0.76681 0.00000 0.64187
vn 0.56945 -0.66972 0.47665
vn 0.02323 -0.99954 0.01945
vn 0.76682 0.00000 0.64186
vn 0.64335 0.67000 0.37041
vn 0.02624 0.99954 0.01511
vn 0.02323 0.99954 0.01945
vn 0.56945 0.66972 0.47665
vn 0.00028 1.00000 0.00016
vn -0.02403 0.99962 -0.01383
vn -0.02124 0.99962 -0.01778
vn 0.00025 1.00000 0.00021
vn -0.61216 0.70784 -0.35245
vn -0.86663 0.00000 -0.49896
vn -0.76682 0.00000 -0.64186
vn -0.54139 0.70819 -0.45317
vn -0.86663 -0.00000 -0.49896
vn -0.61216 -0.70784 -0.35245
vn -0.02403 -0.99962 -0.01383
vn -0.02124 -0.99962 -0.01778
vn -0.54139 -0.70819 -0.45317
vn 0.00028 -1.00000 0.00016
vn 0.00025 -1.00000 0.00021
vn 0.47781 -0.67008 0.56805
vn 0.01949 -0.99954 0.02317
vn 0.64372 0.00000 0.76526
vn 0.50103 0.00000 0.86543
vn 0.37209 -0.66970 0.64269
vn 0.01518 -0.99954 0.02622
vn 0.64370 0.00000 0.76528
vn 0.50104 0.00000 0.86542
vn 0.47781 0.67008 0.56805
vn 0.01949 0.99954 0.02317
vn 0.01518 0.99954 0.02622
vn 0.37209 0.66970 0.64269
vn 0.00021 1.00000 0.00024
vn -0.01785 0.99962 -0.02122
vn -0.01388 0.99962 -0.02397
vn 0.00016 1.00000 0.00028
vn -0.45467 0.70788 -0.54054
vn -0.64371 0.00000 -0.76527
vn -0.50106 -0.00000 -0.86541
vn -0.35377 0.70814 -0.61105
vn -0.50106 0.00000 -0.86541
vn -0.50103 -0.00000 -0.86543
vn -0.64372 0.00000 -0.76526
vn -0.50103 0.00000 -0.86543
vn -0.45467 -0.70788 -0.54054
vn -0.01785 -0.99962 -0.02122
vn -0.01388 -0.99962 -0.02397
vn -0.35377 -0.70814 -0.61105
vn 0.00021 -1.00000 0.00024
vn 0.00016 -1.00000 0.00028
vn 0.25474 -0.67000 0.69728
vn 0.01039 -0.99954 0.02844
vn 0.34315 0.00000 0.93928
vn 0.17483 0.00000 0.98460
vn 0.12983 -0.66973 0.73117
vn 0.00530 -0.99954 0.02983
vn 0.17484 0.00000 0.98460
vn 0.25474 0.67000 0.69728
vn 0.01039 0.99954 0.02844
vn 0.00530 0.99954 0.02983
vn 0.12983 0.66973 0.73117
vn 0.00011 1.00000 0.00030
vn -0.00951 0.99962 -0.02604
vn -0.00484 0.99962 -0.02727
vn 0.00006 1.00000 0.00032
vn -0.24236 0.70792 -0.66341
vn -0.34315 0.00000 -0.93928
vn -0.17483 0.00000 -0.98460
vn -0.12343 0.70822 -0.69512
vn -0.34314 0.00000 -0.93928
vn -0.17483 -0.00000 -0.98460
vn -0.24236 -0.70792 -0.66341
vn -0.00951 -0.99962 -0.02604
vn -0.00484 -0.99962 -0.02727
vn -0.12343 -0.70822 -0.69512
vn 0.00011 -1.00000 0.00030
vn 0.00006 -1.00000 0.00032
vn 0.00089 -0.66999 0.74237
vn 0.00004 -0.99954 0.03028
vn 0.00120 -0.00000 1.00000
vn -0.17245 0.00000 0.98502
vn -0.12809 -0.66965 0.73155
vn -0.00522 -0.99954 0.02984
vn 0.00121 -0.00000 1.00000
vn -0.17247 0.00000 0.98501
vn 0.00121 0.00000 1.00000
vn 0.00089 0.66999 0.74237
vn 0.00004 0.99954 0.03028
vn -0.00522 0.99954 0.02984
vn -0.12809 0.66965 0.73155
vn 0.00000 1.00000 0.00032
vn -0.00003 0.99962 -0.02772
vn 0.00478 0.99962 -0.02729
vn -0.00006 1.00000 0.00032
vn -0.00085 0.70788 -0.70633
vn -0.00121 0.00000 -1.00000
vn 0.17246 -0.00000 -0.98502
vn 0.12176 0.70819 -0.69545
vn -0.00120 0.00000 -1.00000
vn 0.17246 0.00000 -0.98502
vn -0.00085 -0.70788 -0.70633
vn -0.00003 -0.99962 -0.02772
vn 0.00478 -0.99962 -0.02729
vn 0.12176 -0.70819 -0.69545
vn 0.00000 -1.00000 0.00032
vn -0.00006 -1.00000 0.00032
vn -0.25304 -0.67008 0.69783
vn -0.01032 -0.99954 0.02847
vn -0.34090 0.00000 0.94010
vn -0.49896 0.00000 0.86662
vn -0.37054 -0.66972 0.64357
vn -0.01512 -0.99954 0.02625
vn -0.34089 0.00000 0.94010
vn -0.25304 0.67008 0.69783
vn -0.01032 0.99954 0.02847
vn -0.01512 0.99954 0.02625
vn -0.37054 0.66972 0.64357
vn -0.00011 1.00000 0.00030
vn 0.00945 0.99962 -0.02606
vn 0.01382 0.99962 -0.02401
vn -0.00016 1.00000 0.00028
vn 0.24078 0.70788 -0.66403
vn 0.34089 0.00000 -0.94010
vn 0.49896 -0.00000 -0.86663
vn 0.35231 0.70811 -0.61193
vn 0.49896 0.00000 -0.86663
vn 0.34088 0.00000 -0.94011
vn 0.24078 -0.70788 -0.66403
vn 0.00945 -0.99962 -0.02606
vn 0.01382 -0.99962 -0.02401
vn 0.35231 -0.70811 -0.61193
vn -0.00011 -1.00000 0.00030
vn -0.00016 -1.00000 0.00028
vn -0.47649 -0.67000 0.56926
vn -0.01944 -0.99954 0.02322
vn -0.56832 -0.66968 0.47805
vn -0.02318 -0.99954 0.01950
vn -0.47649 0.67000 0.56926
vn -0.01944 0.99954 0.02322
vn -0.02318 0.99954 0.01950
vn -0.56832 0.66968 0.47805
vn -0.00021 1.00000 0.00025
vn 0.01780 0.99962 -0.02126
vn 0.02120 0.99962 -0.01783
vn -0.00025 1.00000 0.00021
vn 0.45337 0.70788 -0.54163
vn 0.76526 0.00000 -0.64372
vn 0.54029 0.70819 -0.45447
vn 0.76526 -0.00000 -0.64372
vn 0.76527 -0.00000 -0.64371
vn 0.45337 -0.70788 -0.54163
vn 0.01779 -0.99962 -0.02126
vn 0.02120 -0.99962 -0.01783
vn 0.54029 -0.70819 -0.45447
vn -0.00021 -1.00000 0.00025
vn -0.00025 -1.00000 0.00021
vn -0.64246 -0.67000 0.37195
vn -0.02620 -0.99954 0.01517
vn -0.69752 -0.66973 0.25483
vn -0.02846 -0.99954 0.01040
vn -0.64246 0.67000 0.37195
vn -0.02620 0.99954 0.01517
vn -0.02846 0.99954 0.01040
vn -0.69752 0.66973 0.25483
vn -0.00028 1.00000 0.00016
vn 0.02399 0.99962 -0.01389
vn 0.02602 0.99962 -0.00951
vn -0.00031 1.00000 0.00011
vn 0.61128 0.70788 -0.35390
vn 0.93928 0.00000 -0.34315
vn 0.66315 0.70819 -0.24227
vn 0.61128 -0.70788 -0.35390
vn 0.02399 -0.99962 -0.01389
vn 0.02602 -0.99962 -0.00951
vn 0.66315 -0.70819 -0.24227
vn -0.00028 -1.00000 0.00016
vn -0.00031 -1.00000 0.00011
vn -0.73093 -0.67000 0.12979
vn -0.02981 -0.99954 0.00529
vn -0.98460 0.00000 0.17483
vn -1.00000 -0.00000 0.00121
vn -0.74257 -0.66977 0.00089
vn -0.03030 -0.99954 0.00004
vn -0.73093 0.67000 0.12979
vn -0.02981 0.99954 0.00529
vn -0.03030 0.99954 0.00004
vn -0.74257 0.66977 0.00089
vn -0.00032 1.00000 0.00006
vn 0.02730 0.99962 -0.00485
vn 0.02770 0.99962 -0.00003
vn -0.00032 1.00000 0.00000
vn 0.69546 0.70788 -0.12349
vn 0.70609 0.70812 -0.00085
vn 0.98460 0.00000 -0.17483
vn 1.00000 0.00000 -0.00121
vn 0.69545 -0.70788 -0.12349
vn 0.02730 -0.99962 -0.00485
vn 0.02770 -0.99962 -0.00003
vn 0.70609 -0.70812 -0.00085
vn -0.00032 -1.00000 0.00006
vn -0.00032 -1.00000 0.00000
vn -0.73124 -0.67000 -0.12803
vn -0.02983 -0.99954 -0.00522
vn -0.69809 -0.66977 -0.25313
vn -0.02848 -0.99954 -0.01033
vn -0.73124 0.67000 -0.12803
vn -0.02983 0.99954 -0.00522
vn -0.02848 0.99954 -0.01033
vn -0.69809 0.66977 -0.25313
vn -0.00032 1.00000 -0.00006
vn 0.02731 0.99962 0.00478
vn 0.02604 0.99962 0.00944
vn -0.00031 1.00000 -0.00011
vn 0.69575 0.70788 0.12182
vn 0.66377 0.70815 0.24069
vn 0.94010 0.00000 0.34090
vn 0.94010 -0.00000 0.34089
vn 0.94010 0.00000 0.34089
vn 0.69575 -0.70788 0.12182
vn 0.02731 -0.99962 0.00478
vn 0.02604 -0.99962 0.00944
vn 0.66377 -0.70815 0.24069
vn -0.00032 -1.00000 -0.00006
vn -0.00031 -1.00000 -0.00011
vn -0.64335 -0.67000 -0.37041
vn -0.02624 -0.99954 -0.01511
vn -0.56944 -0.66973 -0.47665
vn -0.02323 -0.99954 -0.01945
vn -0.64335 0.67000 -0.37041
vn -0.02624 0.99954 -0.01511
vn -0.02323 0.99954 -0.01945
vn -0.56944 0.66973 -0.47665
vn -0.00028 1.00000 -0.00016
vn 0.02403 0.99962 0.01383
vn 0.02124 0.99962 0.01778
vn -0.00025 1.00000 -0.00021
vn 0.61216 0.70784 0.35245
vn 0.54137 0.70823 0.45314
vn 0.86663 -0.00000 0.49896
vn 0.61216 -0.70784 0.35245
vn 0.02403 -0.99962 0.01383
vn 0.02124 -0.99962 0.01778
vn 0.54137 -0.70823 0.45314
vn -0.00028 -1.00000 -0.00016
vn -0.00025 -1.00000 -0.00021
vn -0.47786 -0.67000 -0.56811
vn -0.01949 -0.99954 -0.02317
vn -0.50104 -0.00000 -0.86542
vn -0.37207 -0.66975 -0.64265
vn -0.01518 -0.99954 -0.02622
vn -0.47786 0.67000 -0.56811
vn -0.01949 0.99954 -0.02317
vn -0.01518 0.99954 -0.02622
vn -0.37207 0.66975 -0.64265
vn -0.00021 1.00000 -0.00024
vn 0.01785 0.99962 0.02122
vn 0.01388 0.99962 0.02397
vn -0.00016 1.00000 -0.00028
vn 0.45465 0.70792 0.54051
vn 0.64371 0.00000 0.76527
vn 0.50104 -0.00000 0.86542
vn 0.35376 0.70817 0.61103
vn 0.45465 -0.70792 0.54051
vn 0.01785 -0.99962 0.02122
vn 0.01388 -0.99962 0.02397
vn 0.35376 -0.70817 0.61103
vn -0.00021 -1.00000 -0.00024
vn -0.00016 -1.00000 -0.00028
vn -0.25474 -0.67000 -0.69728
vn -0.01039 -0.99954 -0.02844
vn -0.12984 -0.66971 -0.73118
vn -0.00530 -0.99954 -0.02983
vn -0.17484 0.00000 -0.98460
vn -0.25474 0.67000 -0.69728
vn -0.01039 0.99954 -0.02844
vn -0.00530 0.99954 -0.02983
vn -0.12984 0.66971 -0.73118
vn -0.00011 1.00000 -0.00030
vn 0.00951 0.99962 0.02604
vn 0.00484 0.99962 0.02727
vn -0.00006 1.00000 -0.00032
vn 0.24238 0.70788 0.66345
vn 0.12343 0.70822 0.69512
vn 0.17484 -0.00000 0.98460
vn 0.17483 -0.00000 0.98460
vn 0.24238 -0.70788 0.66345
vn 0.00951 -0.99962 0.02604
vn 0.00484 -0.99962 0.02727
vn 0.12343 -0.70822 0.69512
vn -0.00011 -1.00000 -0.00030
vn -0.00006 -1.00000 -0.00032
vn -0.00089 -0.67000 -0.74236
vn -0.00004 -0.99954 -0.03028
vn 0.12808 -0.66968 -0.73152
vn 0.00522 -0.99954 -0.02984
vn -0.00089 0.67000 -0.74236
vn -0.00004 0.99954 -0.03028
vn 0.00522 0.99954 -0.02984
vn 0.12808 0.66968 -0.73152
vn -0.00000 1.00000 -0.00032
vn 0.00003 0.99962 0.02772
vn -0.00478 0.99962 0.02729
vn 0.00006 1.00000 -0.00032
vn 0.00085 0.70788 0.70633
vn -0.17246 0.00000 0.98502
vn -0.12176 0.70819 0.69544
vn 0.00120 0.00000 1.00000
vn 0.00085 -0.70788 0.70633
vn 0.00003 -0.99962 0.02772
vn -0.00478 -0.99962 0.02729
vn -0.12176 -0.70819 0.69544
vn -0.00000 -1.00000 -0.00032
vn 0.00006 -1.00000 -0.00032
vn 0.25304 -0.67004 -0.69787
vn 0.01032 -0.99954 -0.02847
vn 0.34090 0.00000 -0.94010
vn 0.34088 -0.00000 -0.94011
vn 0.34090 -0.00000 -0.94010
vn 0.25304 0.67004 -0.69787
vn 0.01032 0.99954 -0.02847
vn 0.00011 1.00000 -0.00030
vn -0.00945 0.99962 0.02606
vn -0.24078 0.70788 0.66403
vn -0.34088 0.00000 0.94011
vn -0.24078 -0.70788 0.66403
vn -0.00945 -0.99962 0.02606
vn 0.00011 -1.00000 -0.00030
# 454 vertex normals

vt 0.00000 0.00000 0.00000
vt 0.04167 0.00000 0.00000
vt 0.04167 0.02778 0.00000
vt 0.00000 0.02778 0.00000
vt 0.08333 0.00000 0.00000
vt 0.08333 0.02778 0.00000
vt 0.08333 0.05556 0.00000
vt 0.04167 0.05556 0.00000
vt 0.00000 0.05556 0.00000
vt 0.12500 0.00000 0.00000
vt 0.12500 0.02778 0.00000
vt 0.16667 0.00000 0.00000
vt 0.16667 0.02778 0.00000
vt 0.16667 0.05556 0.00000
vt 0.12500 0.05556 0.00000
vt 0.20833 0.00000 0.00000
vt 0.20833 0.02778 0.00000
vt 0.25000 0.00000 0.00000
vt 0.25000 0.02778 0.00000
vt 0.25000 0.05556 0.00000
vt 0.20833 0.05556 0.00000
vt 0.29167 0.00000 0.00000
vt 0.29167 0.02778 0.00000
vt 0.33333 0.00000 0.00000
vt 0.33333 0.02778 0.00000
vt 0.33333 0.05556 0.00000
vt 0.29167 0.05556 0.00000
vt 0.37500 0.00000 0.00000
vt 0.37500 0.02778 0.00000
vt 0.41667 0.00000 0.00000
vt 0.41667 0.02778 0.00000
vt 0.41667 0.05556 0.00000
vt 0.37500 0.05556 0.00000
vt 0.45833 0.00000 0.00000
vt 0.45833 0.02778 0.00000
vt 0.50000 0.00000 0.00000
vt 0.50000 0.02778 0.00000
vt 0.50000 0.05556 0.00000
vt 0.45833 0.05556 0.00000
vt 0.54167 0.00000 0.00000
vt 0.54167 0.02778 0.00000
vt 0.58333 0.00000 0.00000
vt 0.58333 0.02778 0.00000
vt 0.58333 0.05556 0.00000
vt 0.54167 0.05556 0.00000
vt 0.62500 0.00000 0.00000
vt 0.62500 0.02778 0.00000
vt 0.66667 0.00000 0.00000
vt 0.66667 0.02778 0.00000
vt 0.66667 0.05556 0.00000
vt 0.62500 0.05556 0.00000
vt 0.70833 0.00000 0.00000
vt 0.70833 0.02778 0.00000
vt 0.75000 0.00000 0.00000
vt 0.75000 0.02778 0.00000
vt 0.75000 0.05556 0.00000
vt 0.70833 0.05556 0.00000
vt 0.79167 0.00000 0.00000
vt 0.79167 0.02778 0.00000
vt 0.83333 0.00000 0.00000
vt 0.83333 0.02778 0.00000
vt 0.83333 0.05556 0.00000
vt 0.79167 0.05556 0.00000
vt 0.87500 0.00000 0.00000
vt 0.87500 0.02778 0.00000
vt 0.91667 0.00000 0.00000
vt 0.91667 0.02778 0.00000
vt 0.91667 0.05556 0.00000
vt 0.87500 0.05556 0.00000
vt 0.95833 0.00000 0.00000
vt 0.95833 0.02778 0.00000
vt 1.00000 0.00000 0.00000
vt 1.00000 0.02778 0.00000
vt 1.00000 0.05556 0.00000
vt 0.95833 0.05556 0.00000
vt 0.04167 0.08333 0.00000
vt 0.00000 0.08333 0.00000
vt 0.08333 0.08333 0.00000
vt 0.08333 0.11111 0.00000
vt 0.04167 0.11111 0.00000
vt 0.00000 0.11111 0.00000
vt 0.12500 0.08333 0.00000
vt 0.16667 0.08333 0.00000
vt 0.16667 0.11111 0.00000
vt 0.12500 0.11111 0.00000
vt 0.20833 0.08333 0.00000
vt 0.25000 0.08333 0.00000
vt 0.25000 0.11111 0.00000
vt 0.20833 0.11111 0.00000
vt 0.29167 0.08333 0.00000
vt 0.33333 0.08333 0.00000
vt 0.33333 0.11111 0.00000
vt 0.29167 0.11111 0.00000
vt 0.37500 0.08333 0.00000
vt 0.41667 0.08333 0.00000
vt 0.41667 0.11111 0.00000
vt 0.37500 0.11111 0.00000
vt 0.45833 0.08333 0.00000
vt 0.50000 0.08333 0.00000
vt 0.50000 0.11111 0.00000
vt 0.45833 0.11111 0.00000
vt 0.54167 0.08333 0.00000
vt 0.58333 0.08333 0.00000
vt 0.58333 0.11111 0.00000
vt 0.54167 0.11111 0.00000
vt 0.62500 0.08333 0.00000
vt 0.66667 0.08333 0.00000
vt 0.66667 0.11111 0.00000
vt 0.62500 0.11111 0.00000
vt 0.70833 0.08333 0.00000
vt 0.75000 0.08333 0.00000
vt 0.75000 0.11111 0.00000
vt 0.70833 0.11111 0.00000
vt 0.79167 0.08333 0.00000
vt 0.83333 0.08333 0.00000
vt 0.83333 0.11111 0.00000
vt 0.79167 0.11111 0.00000
vt 0.87500 0.08333 0.00000
vt 0.91667 0.08333 0.00000
vt 0.91667 0.11111 0.00000
vt 0.87500 0.11111 0.00000
vt 0.95833 0.08333 0.00000
vt 1.00000 0.08333 0.00000
vt 1.00000 0.11111 0.00000
vt 0.95833 0.11111 0.00000
vt 0.04167 0.13889 0.00000
vt 0.00000 0.13889 0.00000
vt 0.08333 0.13889 0.00000
vt 0.08333 0.16667 0.00000
vt 0.04167 0.16667 0.00000
vt 0.00000 0.16667 0.00000
vt 0.12500 0.13889 0.00000
vt 0.16667 0.13889 0.00000
vt 0.16667 0.16667 0.00000
vt 0.12500 0.16667 0.00000
vt 0.20833 0.13889 0.00000
vt 0.25000 0.13889 0.00000
vt 0.25000 0.16667 0.00000
vt 0.20833 0.16667 0.00000
vt 0.29167 0.13889 0.00000
vt 0.33333 0.13889 0.00000
vt 0.33333 0.16667 0.00000
vt 0.29167 0.16667 0.00000
vt 0.37500 0.13889 0.00000
vt 0.41667 0.13889 0.00000
vt 0.41667 0.16667 0.00000
vt 0.37500 0.16667 0.00000
vt 0.45833 0.13889 0.00000
vt 0.50000 0.13889 0.00000
vt 0.50000 0.16667 0.00000
vt 0.45833 0.16667 0.00000
vt 0.54167 0.13889 0.00000
vt 0.58333 0.13889 0.00000
vt 0.58333 0.16667 0.00000
vt 0.54167 0.16667 0.00000
vt 0.62500 0.13889 0.00000
vt 0.66667 0.13889 0.00000
vt 0.66667 0.16667 0.00000
vt 0.62500 0.16667 0.00000
vt 0.70833 0.13889 0.00000
vt 0.75000 0.13889 0.00000
vt 0.75000 0.16667 0.00000
vt 0.70833 0.16667 0.00000
vt 0.79167 0.13889 0.00000
vt 0.83333 0.13889 0.00000
vt 0.83333 0.16667 0.00000
vt 0.79167 0.16667 0.00000
vt 0.87500 0.13889 0.00000
vt 0.91667 0.13889 0.00000
vt 0.91667 0.16667 0.00000
vt 0.87500 0.16667 0.00000
vt 0.95833 0.13889 0.00000
vt 1.00000 0.13889 0.00000
vt 1.00000 0.16667 0.00000
vt 0.95833 0.16667 0.00000
vt 0.04167 0.19444 0.00000
vt 0.00000 0.19444 0.00000
vt 0.08333 0.19444 0.00000
vt 0.08333 0.22222 0.00000
vt 0.04167 0.22222 0.00000
vt 0.00000 0.22222 0.00000
vt 0.12500 0.19444 0.00000
vt 0.16667 0.19444 0.00000
vt 0.16667 0.22222 0.00000
vt 0.12500 0.22222 0.00000
vt 0.20833 0.19444 0.00000
vt 0.25000 0.19444 0.00000
vt 0.25000 0.22222 0.00000
vt 0.20833 0.22222 0.00000
vt 0.29167 0.19444 0.00000
vt 0.33333 0.19444 0.00000
vt 0.33333 0.22222 0.00000
vt 0.29167 0.22222 0.00000
vt 0.37500 0.19444 0.00000
vt 0.41667 0.19444 0.00000
vt 0.41667 0.22222 0.00000
vt 0.37500 0.22222 0.00000
vt 0.45833 0.19444 0.00000
vt 0.50000 0.19444 0.00000
vt 0.50000 0.22222 0.00000
vt 0.45833 0.22222 0.00000
vt 0.54167 0.19444 0.00000
vt 0.58333 0.19444 0.00000
vt 0.58333 0.22222 0.00000
vt 0.54167 0.22222 0.00000
vt 0.62500 0.19444 0.00000
vt 0.66667 0.19444 0.00000
vt 0.66667 0.22222 0.00000
vt 0.62500 0.22222 0.00000
vt 0.70833 0.19444 0.00000
vt 0.75000 0.19444 0.00000
vt 0.75000 0.22222 0.00000
vt 0.70833 0.22222 0.00000
vt 0.79167 0.19444 0.00000
vt 0.83333 0.19444 0.00000
vt 0.83333 0.22222 0.00000
vt 0.79167 0.22222 0.00000
vt 0.87500 0.19444 0.00000
vt 0.91667 0.19444 0.00000
vt 0.91667 0.22222 0.00000
vt 0.87500 0.22222 0.00000
vt 0.95833 0.19444 0.00000
vt 1.00000 0.19444 0.00000
vt 1.00000 0.22222 0.00000
vt 0.95833 0.22222 0.00000
vt 0.04167 0.25000 0.00000
vt 0.00000 0.25000 0.00000
vt 0.08333 0.25000 0.00000
vt 0.08333 0.27778 0.00000
vt 0.04167 0.27778 0.00000
vt 0.00000 0.27778 0.00000
vt 0.12500 0.25000 0.00000
vt 0.16667 0.25000 0.00000
vt 0.16667 0.27778 0.00000
vt 0.12500 0.27778 0.00000
vt 0.20833 0.25000 0.00000
vt 0.25000 0.25000 0.00000
vt 0.25000 0.27778 0.00000
vt 0.20833 0.27778 0.00000
vt 0.29167 0.25000 0.00000
vt 0.33333 0.25000 0.00000
vt 0.33333 0.27778 0.00000
vt 0.29167 0.27778 0.00000
vt 0.37500 0.25000 0.00000
vt 0.41667 0.25000 0.00000
vt 0.41667 0.27778 0.00000
vt 0.37500 0.27778 0.00000
vt 0.45833 0.25000 0.00000
vt 0.50000 0.25000 0.00000
vt 0.50000 0.27778 0.00000
vt 0.45833 0.27778 0.00000
vt 0.54167 0.25000 0.00000
vt 0.58333 0.25000 0.00000
vt 0.58333 0.27778 0.00000
vt 0.54167 0.27778 0.00000
vt 0.62500 0.25000 0.00000
vt 0.66667 0.25000 0.00000
vt 0.66667 0.27778 0.00000
vt 0.62500 0.27778 0.00000
vt 0.70833 0.25000 0.00000
vt 0.75000 0.25000 0.00000
vt 0.75000 0.27778 0.00000
vt 0.70833 0.27778 0.00000
vt 0.79167 0.25000 0.00000
vt 0.83333 0.25000 0.00000
vt 0.83333 0.27778 0.00000
vt 0.79167 0.27778 0.00000
vt 0.87500 0.25000 0.00000
vt 0.91667 0.25000 0.00000
vt 0.91667 0.27778 0.00000
vt 0.87500 0.27778 0.00000
vt 0.95833 0.25000 0.00000
vt 1.00000 0.25000 0.00000
vt 1.00000 0.27778 0.00000
vt 0.95833 0.27778 0.00000
vt 0.04167 0.30556 0.00000
vt 0.00000 0.30556 0.00000
vt 0.08333 0.30556 0.00000
vt 0.08333 0.33333 0.00000
vt 0.04167 0.33333 0.00000
vt 0.00000 0.33333 0.00000
vt 0.12500 0.30556 0.00000
vt 0.16667 0.30556 0.00000
vt 0.16667 0.33333 0.00000
vt 0.12500 0.33333 0.00000
vt 0.20833 0.30556 0.00000
vt 0.25000 0.30556 0.00000
vt 0.25000 0.33333 0.00000
vt 0.20833 0.33333 0.00000
vt 0.29167 0.30556 0.00000
vt 0.33333 0.30556 0.00000
vt 0.33333 0.33333 0.00000
vt 0.29167 0.33333 0.00000
vt 0.37500 0.30556 0.00000
vt 0.41667 0.30556 0.00000
vt 0.41667 0.33333 0.00000
vt 0.37500 0.33333 0.00000
vt 0.45833 0.30556 0.00000
vt 0.50000 0.30556 0.00000
vt 0.50000 0.33333 0.00000
vt 0.45833 0.33333 0.00000
vt 0.54167 0.30556 0.00000
vt 0.58333 0.30556 0.00000
vt 0.58333 0.33333 0.00000
vt 0.54167 0.33333 0.00000
vt 0.62500 0.30556 0.00000
vt 0.66667 0.30556 0.00000
vt 0.66667 0.33333 0.00000
vt 0.62500 0.33333 0.00000
vt 0.70833 0.30556 0.00000
vt 0.75000 0.30556 0.00000
vt 0.75000 0.33333 0.00000
vt 0.70833 0.33333 0.00000
vt 0.79167 0.30556 0.00000
vt 0.83333 0.30556 0.00000
vt 0.83333 0.33333 0.00000
vt 0.79167 0.33333 0.00000
vt 0.87500 0.30556 0.00000
vt 0.91667 0.30556 0.00000
vt 0.91667 0.33333 0.00000
vt 0.87500 0.33333 0.00000
vt 0.95833 0.30556 0.00000
vt 1.00000 0.30556 0.00000
vt 1.00000 0.33333 0.00000
vt 0.95833 0.33333 0.00000
vt 0.04167 0.36111 0.00000
vt 0.00000 0.36111 0.00000
vt 0.08333 0.36111 0.00000
vt 0.08333 0.38889 0.00000
vt 0.04167 0.38889 0.00000
vt 0.00000 0.38889 0.00000
vt 0.12500 0.36111 0.00000
vt 0.16667 0.36111 0.00000
vt 0.16667 0.38889 0.00000
vt 0.12500 0.38889 0.00000
vt 0.20833 0.36111 0.00000
vt 0.25000 0.36111 0.00000
vt 0.25000 0.38889 0.00000
vt 0.20833 0.38889 0.00000
vt 0.29167 0.36111 0.00000
vt 0.33333 0.36111 0.00000
vt 0.33333 0.38889 0.00000
vt 0.29167 0.38889 0.00000
vt 0.37500 0.36111 0.00000
vt 0.41667 0.36111 0.00000
vt 0.41667 0.38889 0.00000
vt 0.37500 0.38889 0.00000
vt 0.45833 0.36111 0.00000
vt 0.50000 0.36111 0.00000
vt 0.50000 0.38889 0.00000
vt 0.45833 0.38889 0.00000
vt 0.54167 0.36111 0.00000
vt 0.58333 0.36111 0.00000
vt 0.58333 0.38889 0.00000
vt 0.54167 0.38889 0.00000
vt 0.62500 0.36111 0.00000
vt 0.66667 0.36111 0.00000
vt 0.66667 0.38889 0.00000
vt 0.62500 0.38889 0.00000
vt 0.70833 0.36111 0.00000
vt 0.75000 0.36111 0.00000
vt 0.75000 0.38889 0.00000
vt 0.70833 0.38889 0.00000
vt 0.79167 0.36111 0.00000
vt 0.83333 0.36111 0.00000
vt 0.83333 0.38889 0.00000
vt 0.79167 0.38889 0.00000
vt 0.87500 0.36111 0.00000
vt 0.91667 0.36111 0.00000
vt 0.91667 0.38889 0.00000
vt 0.87500 0.38889 0.00000
vt 0.95833 0.36111 0.00000
vt 1.00000 0.36111 0.00000
vt 1.00000 0.38889 0.00000
vt 0.95833 0.38889 0.00000
vt 0.04167 0.41667 0.00000
vt 0.00000 0.41667 0.00000
vt 0.08333 0.41667 0.00000
vt 0.08333 0.44444 0.00000
vt 0.04167 0.44444 0.00000
vt 0.00000 0.44444 0.00000
vt 0.12500 0.41667 0.00000
vt 0.16667 0.41667 0.00000
vt 0.16667 0.44444 0.00000
vt 0.12500 0.44444 0.00000
vt 0.20833 0.41667 0.00000
vt 0.25000 0.41667 0.00000
vt 0.25000 0.44444 0.00000
vt 0.20833 0.44444 0.00000
vt 0.29167 0.41667 0.00000
vt 0.33333 0.41667 0.00000
vt 0.33333 0.44444 0.00000
vt 0.29167 0.44444 0.00000
vt 0.37500 0.41667 0.00000
vt 0.41667 0.41667 0.00000
vt 0.41667 0.44444 0.00000
vt 0.37500 0.44444 0.00000
vt 0.45833 0.41667 0.00000
vt 0.50000 0.41667 0.00000
vt 0.50000 0.44444 0.00000
vt 0.45833 0.44444 0.00000
vt 0.54167 0.41667 0.00000
vt 0.58333 0.41667 0.00000
vt 0.58333 0.44444 0.00000
vt 0.54167 0.44444 0.00000
vt 0.62500 0.41667 0.00000
vt 0.66667 0.41667 0.00000
vt 0.66667 0.44444 0.00000
vt 0.62500 0.44444 0.00000
vt 0.70833 0.41667 0.00000
vt 0.75000 0.41667 0.00000
vt 0.75000 0.44444 0.00000
vt 0.70833 0.44444 0.00000
vt 0.79167 0.41667 0.00000
vt 0.83333 0.41667 0.00000
vt 0.83333 0.44444 0.00000
vt 0.79167 0.44444 0.00000
vt 0.87500 0.41667 0.00000
vt 0.91667 0.41667 0.00000
vt 0.91667 0.44444 0.00000
vt 0.87500 0.44444 0.00000
vt 0.95833 0.41667 0.00000
vt 1.00000 0.41667 0.00000
vt 1.00000 0.44444 0.00000
vt 0.95833 0.44444 0.00000
vt 0.04167 0.47222 0.00000
vt 0.00000 0.47222 0.00000
vt 0.08333 0.47222 0.00000
vt 0.08333 0.50000 0.00000
vt 0.04167 0.50000 0.00000
vt 0.00000 0.50000 0.00000
vt 0.12500 0.47222 0.00000
vt 0.16667 0.47222 0.00000
vt 0.16667 0.50000 0.00000
vt 0.12500 0.50000 0.00000
vt 0.20833 0.47222 0.00000
vt 0.25000 0.47222 0.00000
vt 0.25000 0.50000 0.00000
vt 0.20833 0.50000 0.00000
vt 0.29167 0.47222 0.00000
vt 0.33333 0.47222 0.00000
vt 0.33333 0.50000 0.00000
vt 0.29167 0.50000 0.00000
vt 0.37500 0.47222 0.00000
vt 0.41667 0.47222 0.00000
vt 0.41667 0.50000 0.00000
vt 0.37500 0.50000 0.00000
vt 0.45833 0.47222 0.00000
vt 0.50000 0.47222 0.00000
vt 0.50000 0.50000 0.00000
vt 0.45833 0.50000 0.00000
vt 0.54167 0.47222 0.00000
vt 0.58333 0.47222 0.00000
vt 0.58333 0.50000 0.00000
vt 0.54167 0.50000 0.00000
vt 0.62500 0.47222 0.00000
vt 0.66667 0.47222 0.00000
vt 0.66667 0.50000 0.00000
vt 0.62500 0.50000 0.00000
vt 0.70833 0.47222 0.00000
vt 0.75000 0.47222 0.00000
vt 0.75000 0.50000 0.00000
vt 0.70833 0.50000 0.00000
vt 0.79167 0.47222 0.00000
vt 0.83333 0.47222 0.00000
vt 0.83333 0.50000 0.00000
vt 0.79167 0.50000 0.00000
vt 0.87500 0.47222 0.00000
vt 0.91667 0.47222 0.00000
vt 0.91667 0.50000 0.00000
vt 0.87500 0.50000 0.00000
vt 0.95833 0.47222 0.00000
vt 1.00000 0.47222 0.00000
vt 1.00000 0.50000 0.00000
vt 0.95833 0.50000 0.00000
vt 0.04167 0.52778 0.00000
vt 0.00000 0.52778 0.00000
vt 0.08333 0.52778 0.00000
vt 0.08333 0.55556 0.00000
vt 0.04167 0.55556 0.00000
vt 0.00000 0.55556 0.00000
vt 0.12500 0.52778 0.00000
vt 0.16667 0.52778 0.00000
vt 0.16667 0.55556 0.00000
vt 0.12500 0.55556 0.00000
vt 0.20833 0.52778 0.00000
vt 0.25000 0.52778 0.00000
vt 0.25000 0.55556 0.00000
vt 0.20833 0.55556 0.00000
vt 0.29167 0.52778 0.00000
vt 0.33333 0.52778 0.00000
vt 0.33333 0.55556 0.00000
vt 0.29167 0.55556 0.00000
vt 0.37500 0.52778 0.00000
vt 0.41667 0.52778 0.00000
vt 0.41667 0.55556 0.00000
vt 0.37500 0.55556 0.00000
vt 0.45833 0.52778 0.00000
vt 0.50000 0.52778 0.00000
vt 0.50000 0.55556 0.00000
vt 0.45833 0.55556 0.00000
vt 0.54167 0.52778 0.00000
vt 0.58333 0.52778 0.00000
vt 0.58333 0.55556 0.00000
vt 0.54167 0.55556 0.00000
vt 0.62500 0.52778 0.00000
vt 0.66667 0.52778 0.00000
vt 0.66667 0.55556 0.00000
vt 0.62500 0.55556 0.00000
vt 0.70833 0.52778 0.00000
vt 0.75000 0.52778 0.00000
vt 0.75000 0.55556 0.00000
vt 0.70833 0.55556 0.00000
vt 0.79167 0.52778 0.00000
vt 0.83333 0.52778 0.00000
vt 0.83333 0.55556 0.00000
vt 0.79167 0.55556 0.00000
vt 0.87500 0.52778 0.00000
vt 0.91667 0.52778 0.00000
vt 0.91667 0.55556 0.00000
vt 0.87500 0.55556 0.00000
vt 0.95833 0.52778 0.00000
vt 1.00000 0.52778 0.00000
vt 1.00000 0.55556 0.00000
vt 0.95833 0.55556 0.00000
vt 0.04167 0.58333 0.00000
vt 0.00000 0.58333 0.00000
vt 0.08333 0.58333 0.00000
vt 0.08333 0.61111 0.00000
vt 0.04167 0.61111 0.00000
vt 0.00000 0.61111 0.00000
vt 0.12500 0.58333 0.00000
vt 0.16667 0.58333 0.00000
vt 0.16667 0.61111 0.00000
vt 0.12500 0.61111 0.00000
vt 0.20833 0.58333 0.00000
vt 0.25000 0.58333 0.00000
vt 0.25000 0.61111 0.00000
vt 0.20833 0.61111 0.00000
vt 0.29167 0.58333 0.00000
vt 0.33333 0.58333 0.00000
vt 0.33333 0.61111 0.00000
vt 0.29167 0.61111 0.00000
vt 0.37500 0.58333 0.00000
vt 0.41667 0.58333 0.00000
vt 0.41667 0.61111 0.00000
vt 0.37500 0.61111 0.00000
vt 0.45833 0.58333 0.00000
vt 0.50000 0.58333 0.00000
vt 0.50000 0.61111 0.00000
vt 0.45833 0.61111 0.00000
vt 0.54167 0.58333 0.00000
vt 0.58333 0.58333 0.00000
vt 0.58333 0.61111 0.00000
vt 0.54167 0.61111 0.00000
vt 0.62500 0.58333 0.00000
vt 0.66667 0.58333 0.00000
vt 0.66667 0.61111 0.00000
vt 0.62500 0.61111 0.00000
vt 0.70833 0.58333 0.00000
vt 0.75000 0.58333 0.00000
vt 0.75000 0.61111 0.00000
vt 0.70833 0.61111 0.00000
vt 0.79167 0.58333 0.00000
vt 0.83333 0.58333 0.00000
vt 0.83333 0.61111 0.00000
vt 0.79167 0.61111 0.00000
vt 0.87500 0.58333 0.00000
vt 0.91667 0.58333 0.00000
vt 0.91667 0.61111 0.00000
vt 0.87500 0.61111 0.00000
vt 0.95833 0.58333 0.00000
vt 1.00000 0.58333 0.00000
vt 1.00000 0.61111 0.00000
vt 0.95833 0.61111 0.00000
vt 0.04167 0.63889 0.00000
vt 0.00000 0.63889 0.00000
vt 0.08333 0.63889 0.00000
vt 0.08333 0.66667 0.00000
vt 0.04167 0.66667 0.00000
vt 0.00000 0.66667 0.00000
vt 0.12500 0.63889 0.00000
vt 0.16667 0.63889 0.00000
vt 0.16667 0.66667 0.00000
vt 0.12500 0.66667 0.00000
vt 0.20833 0.63889 0.00000
vt 0.25000 0.63889 0.00000
vt 0.25000 0.66667 0.00000
vt 0.20833 0.66667 0.00000
vt 0.29167 0.63889 0.00000
vt 0.33333 0.63889 0.00000
vt 0.33333 0.66667 0.00000
vt 0.29167 0.66667 0.00000
vt 0.37500 0.63889 0.00000
vt 0.41667 0.63889 0.00000
vt 0.41667 0.66667 0.00000
vt 0.37500 0.66667 0.00000
vt 0.45833 0.63889 0.00000
vt 0.50000 0.63889 0.00000
vt 0.50000 0.66667 0.00000
vt 0.45833 0.66667 0.00000
vt 0.54167 0.63889 0.00000
vt 0.58333 0.63889 0.00000
vt 0.58333 0.66667 0.00000
vt 0.54167 0.66667 0.00000
vt 0.62500 0.63889 0.00000
vt 0.66667 0.63889 0.00000
vt 0.66667 0.66667 0.00000
vt 0.62500 0.66667 0.00000
vt 0.70833 0.63889 0.00000
vt 0.75000 0.63889 0.00000
vt 0.75000 0.66667 0.00000
vt 0.70833 0.66667 0.00000
vt 0.79167 0.63889 0.00000
vt 0.83333 0.63889 0.00000
vt 0.83333 0.66667 0.00000
vt 0.79167 0.66667 0.00000
vt 0.87500 0.63889 0.00000
vt 0.91667 0.63889 0.00000
vt 0.91667 0.66667 0.00000
vt 0.87500 0.66667 0.00000
vt 0.95833 0.63889 0.00000
vt 1.00000 0.63889 0.00000
vt 1.00000 0.66667 0.00000
vt 0.95833 0.66667 0.00000
vt 0.04167 0.69444 0.00000
vt 0.00000 0.69444 0.00000
vt 0.08333 0.69444 0.00000
vt 0.08333 0.72222 0.00000
vt 0.04167 0.72222 0.00000
vt 0.00000 0.72222 0.00000
vt 0.12500 0.69444 0.00000
vt 0.16667 0.69444 0.00000
vt 0.16667 0.72222 0.00000
vt 0.12500 0.72222 0.00000
vt 0.20833 0.69444 0.00000
vt 0.25000 0.69444 0.00000
vt 0.25000 0.72222 0.00000
vt 0.20833 0.72222 0.00000
vt 0.29167 0.69444 0.00000
vt 0.33333 0.69444 0.00000
vt 0.33333 0.72222 0.00000
vt 0.29167 0.72222 0.00000
vt 0.37500 0.69444 0.00000
vt 0.41667 0.69444 0.00000
vt 0.41667 0.72222 0.00000
vt 0.37500 0.72222 0.00000
vt 0.45833 0.69444 0.00000
vt 0.50000 0.69444 0.00000
vt 0.50000 0.72222 0.00000
vt 0.45833 0.72222 0.00000
vt 0.54167 0.69444 0.00000
vt 0.58333 0.69444 0.00000
vt 0.58333 0.72222 0.00000
vt 0.54167 0.72222 0.00000
vt 0.62500 0.69444 0.00000
vt 0.66667 0.69444 0.00000
vt 0.66667 0.72222 0.00000
vt 0.62500 0.72222 0.00000
vt 0.70833 0.69444 0.00000
vt 0.75000 0.69444 0.00000
vt 0.75000 0.72222 0.00000
vt 0.70833 0.72222 0.00000
vt 0.79167 0.69444 0.00000
vt 0.83333 0.69444 0.00000
vt 0.83333 0.72222 0.00000
vt 0.79167 0.72222 0.00000
vt 0.87500 0.69444 0.00000
vt 0.91667 0.69444 0.00000
vt 0.91667 0.72222 0.00000
vt 0.87500 0.72222 0.00000
vt 0.95833 0.69444 0.00000
vt 1.00000 0.69444 0.00000
vt 1.00000 0.72222 0.00000
vt 0.95833 0.72222 0.00000
vt 0.04167 0.75000 0.00000
vt 0.00000 0.75000 0.00000
vt 0.08333 0.75000 0.00000
vt 0.08333 0.77778 0.00000
vt 0.04167 0.77778 0.00000
vt 0.00000 0.77778 0.00000
vt 0.12500 0.75000 0.00000
vt 0.16667 0.75000 0.00000
vt 0.16667 0.77778 0.00000
vt 0.12500 0.77778 0.00000
vt 0.20833 0.75000 0.00000
vt 0.25000 0.75000 0.00000
vt 0.25000 0.77778 0.00000
vt 0.20833 0.77778 0.00000
vt 0.29167 0.75000 0.00000
vt 0.33333 0.75000 0.00000
vt 0.33333 0.77778 0.00000
vt 0.29167 0.77778 0.00000
vt 0.37500 0.75000 0.00000
vt 0.41667 0.75000 0.00000
vt 0.41667 0.77778 0.00000
vt 0.37500 0.77778 0.00000
vt 0.45833 0.75000 0.00000
vt 0.50000 0.75000 0.00000
vt 0.50000 0.77778 0.00000
vt 0.45833 0.77778 0.00000
vt 0.54167 0.75000 0.00000
vt 0.58333 0.75000 0.00000
vt 0.58333 0.77778 0.00000
vt 0.54167 0.77778 0.00000
vt 0.62500 0.75000 0.00000
vt 0.66667 0.75000 0.00000
vt 0.66667 0.77778 0.00000
vt 0.62500 0.77778 0.00000
vt 0.70833 0.75000 0.00000
vt 0.75000 0.75000 0.00000
vt 0.75000 0.77778 0.00000
vt 0.70833 0.77778 0.00000
vt 0.79167 0.75000 0.00000
vt 0.83333 0.75000 0.00000
vt 0.83333 0.77778 0.00000
vt 0.79167 0.77778 0.00000
vt 0.87500 0.75000 0.00000
vt 0.91667 0.75000 0.00000
vt 0.91667 0.77778 0.00000
vt 0.87500 0.77778 0.00000
vt 0.95833 0.75000 0.00000
vt 1.00000 0.75000 0.00000
vt 1.00000 0.77778 0.00000
vt 0.95833 0.77778 0.00000
vt 0.04167 0.80556 0.00000
vt 0.00000 0.80556 0.00000
vt 0.08333 0.80556 0.00000
vt 0.08333 0.83333 0.00000
vt 0.04167 0.83333 0.00000
vt 0.00000 0.83333 0.00000
vt 0.12500 0.80556 0.00000
vt 0.16667 0.80556 0.00000
vt 0.16667 0.83333 0.00000
vt 0.12500 0.83333 0.00000
vt 0.20833 0.80556 0.00000
vt 0.25000 0.80556 0.00000
vt 0.25000 0.83333 0.00000
vt 0.20833 0.83333 0.00000
vt 0.29167 0.80556 0.00000
vt 0.33333 0.80556 0.00000
vt 0.33333 0.83333 0.00000
vt 0.29167 0.83333 0.00000
vt 0.37500 0.80556 0.00000
vt 0.41667 0.80556 0.00000
vt 0.41667 0.83333 0.00000
vt 0.37500 0.83333 0.00000
vt 0.45833 0.80556 0.00000
vt 0.50000 0.80556 0.00000
vt 0.50000 0.83333 0.00000
vt 0.45833 0.83333 0.00000
vt 0.54167 0.80556 0.00000
vt 0.58333 0.80556 0.00000
vt 0.58333 0.83333 0.00000
vt 0.54167 0.83333 0.00000
vt 0.62500 0.80556 0.00000
vt 0.66667 0.80556 0.00000
vt 0.66667 0.83333 0.00000
vt 0.62500 0.83333 0.00000
vt 0.70833 0.80556 0.00000
vt 0.75000 0.80556 0.00000
vt 0.75000 0.83333 0.00000
vt 0.70833 0.83333 0.00000
vt 0.79167 0.80556 0.00000
vt 0.83333 0.80556 0.00000
vt 0.83333 0.83333 0.00000
vt 0.79167 0.83333 0.00000
vt 0.87500 0.80556 0.00000
vt 0.91667 0.80556 0.00000
vt 0.91667 0.83333 0.00000
vt 0.87500 0.83333 0.00000
vt 0.95833 0.80556 0.00000
vt 1.00000 0.80556 0.00000
vt 1.00000 0.83333 0.00000
vt 0.95833 0.83333 0.00000
vt 0.04167 0.86111 0.00000
vt 0.00000 0.86111 0.00000
vt 0.08333 0.86111 0.00000
vt 0.08333 0.88889 0.00000
vt 0.04167 0.88889 0.00000
vt 0.00000 0.88889 0.00000
vt 0.12500 0.86111 0.00000
vt 0.16667 0.86111 0.00000
vt 0.16667 0.88889 0.00000
vt 0.12500 0.88889 0.00000
vt 0.20833 0.86111 0.00000
vt 0.25000 0.86111 0.00000
vt 0.25000 0.88889 0.00000
vt 0.20833 0.88889 0.00000
vt 0.29167 0.86111 0.00000
vt 0.33333 0.86111 0.00000
vt 0.33333 0.88889 0.00000
vt 0.29167 0.88889 0.00000
vt 0.37500 0.86111 0.00000
vt 0.41667 0.86111 0.00000
vt 0.41667 0.88889 0.00000
vt 0.37500 0.88889 0.00000
vt 0.45833 0.86111 0.00000
vt 0.50000 0.86111 0.00000
vt 0.50000 0.88889 0.00000
vt 0.45833 0.88889 0.00000
vt 0.54167 0.86111 0.00000
vt 0.58333 0.86111 0.00000
vt 0.58333 0.88889 0.00000
vt 0.54167 0.88889 0.00000
vt 0.62500 0.86111 0.00000
vt 0.66667 0.86111 0.00000
vt 0.66667 0.88889 0.00000
vt 0.62500 0.88889 0.00000
vt 0.70833 0.86111 0.00000
vt 0.75000 0.86111 0.00000
vt 0.75000 0.88889 0.00000
vt 0.70833 0.88889 0.00000
vt 0.79167 0.86111 0.00000
vt 0.83333 0.86111 0.00000
vt 0.83333 0.88889 0.00000
vt 0.79167 0.88889 0.00000
vt 0.87500 0.86111 0.00000
vt 0.91667 0.86111 0.00000
vt 0.91667 0.88889 0.00000
vt 0.87500 0.88889 0.00000
vt 0.95833 0.86111 0.00000
vt 1.00000 0.86111 0.00000
vt 1.00000 0.88889 0.00000
vt 0.95833 0.88889 0.00000
vt 0.04167 0.91667 0.00000
vt 0.00000 0.91667 0.00000
vt 0.08333 0.91667 0.00000
vt 0.08333 0.94444 0.00000
vt 0.04167 0.94444 0.00000
vt 0.00000 0.94444 0.00000
vt 0.12500 0.91667 0.00000
vt 0.16667 0.91667 0.00000
vt 0.16667 0.94444 0.00000
vt 0.12500 0.94444 0.00000
vt 0.20833 0.91667 0.00000
vt 0.25000 0.91667 0.00000
vt 0.25000 0.94444 0.00000
vt 0.20833 0.94444 0.00000
vt 0.29167 0.91667 0.00000
vt 0.33333 0.91667 0.00000
vt 0.33333 0.94444 0.00000
vt 0.29167 0.94444 0.00000
vt 0.37500 0.91667 0.00000
vt 0.41667 0.91667 0.00000
vt 0.41667 0.94444 0.00000
vt 0.37500 0.94444 0.00000
vt 0.45833 0.91667 0.00000
vt 0.50000 0.91667 0.00000
vt 0.50000 0.94444 0.00000
vt 0.45833 0.94444 0.00000
vt 0.54167 0.91667 0.00000
vt 0.58333 0.91667 0.00000
vt 0.58333 0.94444 0.00000
vt 0.54167 0.94444 0.00000
vt 0.62500 0.91667 0.00000
vt 0.66667 0.91667 0.00000
vt 0.66667 0.94444 0.00000
vt 0.62500 0.94444 0.00000
vt 0.70833 0.91667 0.00000
vt 0.75000 0.91667 0.00000
vt 0.75000 0.94444 0.00000
vt 0.70833 0.94444 0.00000
vt 0.79167 0.91667 0.00000
vt 0.83333 0.91667 0.00000
vt 0.83333 0.94444 0.00000
vt 0.79167 0.94444 0.00000
vt 0.87500 0.91667 0.00000
vt 0.91667 0.91667 0.00000
vt 0.91667 0.94444 0.00000
vt 0.87500 0.94444 0.00000
vt 0.95833 0.91667 0.00000
vt 1.00000 0.91667 0.00000
vt 1.00000 0.94444 0.00000
vt 0.95833 0.94444 0.00000
vt 0.04167 0.97222 0.00000
vt 0.00000 0.97222 0.00000
vt 0.08333 0.97222 0.00000
vt 0.08333 1.00000 0.00000
vt 0.04167 1.00000 0.00000
vt 0.00000 1.00000 0.00000
vt 0.12500 0.97222 0.00000
vt 0.16667 0.97222 0.00000
vt 0.16667 1.00000 0.00000
vt 0.12500 1.00000 0.00000
vt 0.20833 0.97222 0.00000
vt 0.25000 0.97222 0.00000
vt 0.25000 1.00000 0.00000
vt 0.20833 1.00000 0.00000
vt 0.29167 0.97222 0.00000
vt 0.33333 0.97222 0.00000
vt 0.33333 1.00000 0.00000
vt 0.29167 1.00000 0.00000
vt 0.37500 0.97222 0.00000
vt 0.41667 0.97222 0.00000
vt 0.41667 1.00000 0.00000
vt 0.37500 1.00000 0.00000
vt 0.45833 0.97222 0.00000
vt 0.50000 0.97222 0.00000
vt 0.50000 1.00000 0.00000
vt 0.45833 1.00000 0.00000
vt 0.54167 0.97222 0.00000
vt 0.58333 0.97222 0.00000
vt 0.58333 1.00000 0.00000
vt 0.54167 1.00000 0.00000
vt 0.62500 0.97222 0.00000
vt 0.66667 0.97222 0.00000
vt 0.66667 1.00000 0.00000
vt 0.62500 1.00000 0.00000
vt 0.70833 0.97222 0.00000
vt 0.75000 0.97222 0.00000
vt 0.75000 1.00000 0.00000
vt 0.70833 1.00000 0.00000
vt 0.79167 0.97222 0.00000
vt 0.83333 0.97222 0.00000
vt 0.83333 1.00000 0.00000
vt 0.79167 1.00000 0.00000
vt 0.87500 0.97222 0.00000
vt 0.91667 0.97222 0.00000
vt 0.91667 1.00000 0.00000
vt 0.87500 1.00000 0.00000
vt 0.95833 0.97222 0.00000
vt 1.00000 0.97222 0.00000
vt 1.00000 1.00000 0.00000
vt 0.95833 1.00000 0.00000
# 925 texture coords

o Tube001
g Tube001
usemtl wire_044044044
s 1
f 20/22/6 21/23/7 22/24/8 23/25/9 
f 21/23/7 24/26/10 25/27/11 22/24/8 
f 26/28/12 27/29/13 22/24/8 25/27/11 
f 27/29/13 28/30/14 23/25/9 22/24/8 
f 24/26/10 29/31/15 30/32/11 25/27/11 
f 29/31/15 31/33/16 32/34/11 30/32/11 
f 33/35/12 34/36/17 30/32/11 32/34/11 
f 34/36/17 26/28/12 25/27/11 30/32/11 
f 31/33/16 35/37/15 36/38/18 32/34/11 
f 35/37/15 37/39/16 38/40/11 36/38/18 
f 39/41/12 40/42/17 36/38/18 38/40/11 
f 40/42/17 33/35/12 32/34/11 36/38/18 
f 37/39/16 41/43/19 42/44/18 38/40/11 
f 41/43/19 43/45/16 44/46/11 42/44/18 
f 45/47/12 46/48/17 42/44/18 44/46/11 
f 46/48/17 39/41/12 38/40/11 42/44/18 
f 43/45/16 47/49/20 48/50/21 44/46/11 
f 47/49/20 49/51/22 50/52/23 48/50/21 
f 51/53/24 52/54/25 48/50/21 50/52/23 
f 52/54/25 45/47/12 44/46/11 48/50/21 
f 49/51/22 53/55/26 54/56/27 50/52/23 
f 53/55/26 55/57/28 56/58/29 54/56/27 
f 57/59/30 58/60/31 54/56/27 56/58/29 
f 58/60/31 51/53/24 50/52/23 54/56/27 
f 55/57/28 59/61/32 60/62/33 56/58/29 
f 59/61/32 61/63/34 62/64/35 60/62/33 
f 63/65/36 64/66/37 60/62/33 62/64/35 
f 64/66/37 57/59/30 56/58/29 60/62/33 
f 61/63/34 65/67/34 66/68/35 62/64/35 
f 65/67/34 67/69/38 68/70/35 66/68/35 
f 69/71/36 70/72/36 66/68/35 68/70/35 
f 70/72/36 63/65/36 62/64/35 66/68/35 
f 67/69/38 71/73/38 72/74/35 68/70/35 
f 71/73/38 73/75/38 74/76/39 72/74/35 
f 75/77/36 76/78/36 72/74/35 74/76/39 
f 76/78/36 69/71/36 68/70/35 72/74/35 
f 73/75/38 77/79/38 78/80/35 74/76/39 
f 77/79/38 79/81/38 80/82/39 78/80/35 
f 81/83/36 82/84/36 78/80/35 80/82/39 
f 82/84/36 75/77/36 74/76/39 78/80/35 
f 79/81/38 83/85/40 84/86/41 80/82/39 
f 83/85/40 85/87/42 86/88/43 84/86/41 
f 87/89/44 88/90/45 84/86/41 86/88/43 
f 88/90/45 81/83/36 80/82/39 84/86/41 
f 85/87/42 89/91/46 90/92/47 86/88/43 
f 89/91/46 20/93/6 23/94/9 90/92/47 
f 28/95/14 91/96/48 90/92/47 23/94/9 
f 91/96/48 87/89/44 86/88/43 90/92/47 
f 28/30/14 27/29/13 92/97/49 93/98/50 
f 27/29/13 26/28/12 94/99/51 92/97/49 
f 95/100/52 96/101/53 92/97/49 94/99/51 
f 96/101/53 97/102/54 93/98/50 92/97/49 
f 26/28/12 34/36/17 98/103/51 94/99/51 
f 34/36/17 33/35/12 99/104/51 98/103/51 
f 100/105/52 101/106/52 98/103/51 99/104/51 
f 101/106/52 95/100/52 94/99/51 98/103/51 
f 33/35/12 40/42/17 102/107/51 99/104/51 
f 40/42/17 39/41/12 103/108/51 102/107/51 
f 104/109/52 105/110/52 102/107/51 103/108/51 
f 105/110/52 100/105/52 99/104/51 102/107/51 
f 39/41/12 46/48/17 106/111/55 103/108/51 
f 46/48/17 45/47/12 107/112/51 106/111/55 
f 108/113/52 109/114/52 106/111/55 107/112/51 
f 109/114/52 104/109/52 103/108/51 106/111/55 
f 45/47/12 52/54/25 110/115/56 107/112/51 
f 52/54/25 51/53/24 111/116/57 110/115/56 
f 112/117/58 113/118/59 110/115/56 111/116/57 
f 113/118/59 108/113/52 107/112/51 110/115/56 
f 51/53/24 58/60/31 114/119/60 111/116/57 
f 58/60/31 57/59/30 115/120/61 114/119/60 
f 116/121/62 117/122/63 114/119/60 115/120/61 
f 117/122/63 112/117/58 111/116/57 114/119/60 
f 57/59/30 64/66/37 118/123/64 115/120/61 
f 64/66/37 63/65/36 119/124/65 118/123/64 
f 120/125/66 121/126/67 118/123/64 119/124/65 
f 121/126/67 116/121/62 115/120/61 118/123/64 
f 63/65/36 70/72/36 122/127/65 119/124/65 
f 70/72/36 69/71/36 123/128/65 122/127/65 
f 124/129/66 125/130/66 122/127/65 123/128/65 
f 125/130/66 120/125/66 119/124/65 122/127/65 
f 69/71/36 76/78/36 126/131/65 123/128/65 
f 76/78/36 75/77/36 127/132/65 126/131/65 
f 128/133/66 129/134/66 126/131/65 127/132/65 
f 129/134/66 124/129/66 123/128/65 126/131/65 
f 75/77/36 82/84/36 130/135/65 127/132/65 
f 82/84/36 81/83/36 131/136/65 130/135/65 
f 132/137/66 133/138/66 130/135/65 131/136/65 
f 133/138/66 128/133/66 127/132/65 130/135/65 
f 81/83/36 88/90/45 134/139/68 131/136/65 
f 88/90/45 87/89/44 135/140/69 134/139/68 
f 136/141/70 137/142/71 134/139/68 135/140/69 
f 137/142/71 132/137/66 131/136/65 134/139/68 
f 87/89/44 91/96/48 138/143/72 135/140/69 
f 91/96/48 28/95/14 93/144/50 138/143/72 
f 97/145/54 139/146/73 138/143/72 93/144/50 
f 139/146/73 136/141/70 135/140/69 138/143/72 
f 97/102/54 96/101/53 140/147/74 141/148/75 
f 96/101/53 95/100/52 142/149/76 140/147/74 
f 143/150/77 144/151/78 140/147/74 142/149/76 
f 144/151/78 145/152/79 141/148/75 140/147/74 
f 95/100/52 101/106/52 146/153/76 142/149/76 
f 101/106/52 100/105/52 147/154/76 146/153/76 
f 148/155/77 149/156/80 146/153/76 147/154/76 
f 149/156/80 143/150/77 142/149/76 146/153/76 
f 100/105/52 105/110/52 150/157/76 147/154/76 
f 105/110/52 104/109/52 151/158/76 150/157/76 
f 152/159/77 153/160/80 150/157/76 151/158/76 
f 153/160/80 148/155/77 147/154/76 150/157/76 
f 104/109/52 109/114/52 154/161/81 151/158/76 
f 109/114/52 108/113/52 155/162/76 154/161/81 
f 156/163/77 157/164/80 154/161/81 155/162/76 
f 157/164/80 152/159/77 151/158/76 154/161/81 
f 108/113/52 113/118/59 158/165/82 155/162/76 
f 113/118/59 112/117/58 159/166/83 158/165/82 
f 160/167/84 161/168/85 158/165/82 159/166/83 
f 161/168/85 156/163/77 155/162/76 158/165/82 
f 112/117/58 117/122/63 162/169/86 159/166/83 
f 117/122/63 116/121/62 163/170/87 162/169/86 
f 164/171/88 165/172/89 162/169/86 163/170/87 
f 165/172/89 160/167/84 159/166/83 162/169/86 
f 116/121/62 121/126/67 166/173/90 163/170/87 
f 121/126/67 120/125/66 167/174/91 166/173/90 
f 168/175/92 169/176/93 166/173/90 167/174/91 
f 169/176/93 164/171/88 163/170/87 166/173/90 
f 120/125/66 125/130/66 170/177/91 167/174/91 
f 125/130/66 124/129/66 171/178/91 170/177/91 
f 172/179/92 173/180/92 170/177/91 171/178/91 
f 173/180/92 168/175/92 167/174/91 170/177/91 
f 124/129/66 129/134/66 174/181/91 171/178/91 
f 129/134/66 128/133/66 175/182/91 174/181/91 
f 176/183/92 177/184/92 174/181/91 175/182/91 
f 177/184/92 172/179/92 171/178/91 174/181/91 
f 128/133/66 133/138/66 178/185/91 175/182/91 
f 133/138/66 132/137/66 179/186/91 178/185/91 
f 180/187/92 181/188/92 178/185/91 179/186/91 
f 181/188/92 176/183/92 175/182/91 178/185/91 
f 132/137/66 137/142/71 182/189/94 179/186/91 
f 137/142/71 136/141/70 183/190/95 182/189/94 
f 184/191/96 185/192/97 182/189/94 183/190/95 
f 185/192/97 180/187/92 179/186/91 182/189/94 
f 136/141/70 139/146/73 186/193/98 183/190/95 
f 139/146/73 97/145/54 141/194/75 186/193/98 
f 145/195/79 187/196/99 186/193/98 141/194/75 
f 187/196/99 184/191/96 183/190/95 186/193/98 
f 145/152/79 144/151/78 188/197/100 189/198/101 
f 144/151/78 143/150/77 190/199/102 188/197/100 
f 191/200/103 192/201/104 188/197/100 190/199/102 
f 192/201/104 193/202/105 189/198/101 188/197/100 
f 143/150/77 149/156/80 194/203/102 190/199/102 
f 149/156/80 148/155/77 195/204/102 194/203/102 
f 196/205/103 197/206/106 194/203/102 195/204/102 
f 197/206/106 191/200/103 190/199/102 194/203/102 
f 148/155/77 153/160/80 198/207/107 195/204/102 
f 153/160/80 152/159/77 199/208/102 198/207/107 
f 200/209/103 201/210/106 198/207/107 199/208/102 
f 201/210/106 196/205/103 195/204/102 198/207/107 
f 152/159/77 157/164/80 202/211/107 199/208/102 
f 157/164/80 156/163/77 203/212/102 202/211/107 
f 204/213/103 205/214/106 202/211/107 203/212/102 
f 205/214/106 200/209/103 199/208/102 202/211/107 
f 156/163/77 161/168/85 206/215/108 203/212/102 
f 161/168/85 160/167/84 207/216/109 206/215/108 
f 208/217/110 209/218/111 206/215/108 207/216/109 
f 209/218/111 204/213/103 203/212/102 206/215/108 
f 160/167/84 165/172/89 210/219/112 207/216/109 
f 165/172/89 164/171/88 211/220/113 210/219/112 
f 212/221/114 213/222/115 210/219/112 211/220/113 
f 213/222/115 208/217/110 207/216/109 210/219/112 
f 164/171/88 169/176/93 214/223/116 211/220/113 
f 169/176/93 168/175/92 215/224/117 214/223/116 
f 216/225/118 217/226/119 214/223/116 215/224/117 
f 217/226/119 212/221/114 211/220/113 214/223/116 
f 168/175/92 173/180/92 218/227/117 215/224/117 
f 173/180/92 172/179/92 219/228/117 218/227/117 
f 220/229/120 221/230/118 218/227/117 219/228/117 
f 221/230/118 216/225/118 215/224/117 218/227/117 
f 172/179/92 177/184/92 222/231/117 219/228/117 
f 177/184/92 176/183/92 223/232/117 222/231/117 
f 224/233/120 225/234/120 222/231/117 223/232/117 
f 225/234/120 220/229/120 219/228/117 222/231/117 
f 176/183/92 181/188/92 226/235/117 223/232/117 
f 181/188/92 180/187/92 227/236/117 226/235/117 
f 228/237/120 229/238/120 226/235/117 227/236/117 
f 229/238/120 224/233/120 223/232/117 226/235/117 
f 180/187/92 185/192/97 230/239/121 227/236/117 
f 185/192/97 184/191/96 231/240/122 230/239/121 
f 232/241/123 233/242/124 230/239/121 231/240/122 
f 233/242/124 228/237/120 227/236/117 230/239/121 
f 184/191/96 187/196/99 234/243/125 231/240/122 
f 187/196/99 145/195/79 189/244/101 234/243/125 
f 193/245/105 235/246/126 234/243/125 189/244/101 
f 235/246/126 232/241/123 231/240/122 234/243/125 
f 193/202/105 192/201/104 236/247/127 237/248/128 
f 192/201/104 191/200/103 238/249/129 236/247/127 
f 239/250/130 240/251/131 236/247/127 238/249/129 
f 240/251/131 241/252/132 237/248/128 236/247/127 
f 191/200/103 197/206/106 242/253/129 238/249/129 
f 197/206/106 196/205/103 243/254/129 242/253/129 
f 244/255/130 245/256/133 242/253/129 243/254/129 
f 245/256/133 239/250/130 238/249/129 242/253/129 
f 196/205/103 201/210/106 246/257/129 243/254/129 
f 201/210/106 200/209/103 247/258/129 246/257/129 
f 248/259/130 249/260/133 246/257/129 247/258/129 
f 249/260/133 244/255/130 243/254/129 246/257/129 
f 200/209/103 205/214/106 250/261/129 247/258/129 
f 205/214/106 204/213/103 251/262/129 250/261/129 
f 252/263/130 253/264/133 250/261/129 251/262/129 
f 253/264/133 248/259/130 247/258/129 250/261/129 
f 204/213/103 209/218/111 254/265/134 251/262/129 
f 209/218/111 208/217/110 255/266/135 254/265/134 
f 256/267/136 257/268/137 254/265/134 255/266/135 
f 257/268/137 252/263/130 251/262/129 254/265/134 
f 208/217/110 213/222/115 258/269/138 255/266/135 
f 213/222/115 212/221/114 259/270/139 258/269/138 
f 260/271/140 261/272/141 258/269/138 259/270/139 
f 261/272/141 256/267/136 255/266/135 258/269/138 
f 212/221/114 217/226/119 262/273/142 259/270/139 
f 217/226/119 216/225/118 263/274/143 262/273/142 
f 264/275/144 265/276/145 262/273/142 263/274/143 
f 265/276/145 260/271/140 259/270/139 262/273/142 
f 216/225/118 221/230/118 266/277/143 263/274/143 
f 221/230/118 220/229/120 267/278/146 266/277/143 
f 268/279/144 269/280/144 266/277/143 267/278/146 
f 269/280/144 264/275/144 263/274/143 266/277/143 
f 220/229/120 225/234/120 270/281/143 267/278/146 
f 225/234/120 224/233/120 271/282/143 270/281/143 
f 272/283/144 273/284/144 270/281/143 271/282/143 
f 273/284/144 268/279/144 267/278/146 270/281/143 
f 224/233/120 229/238/120 274/285/143 271/282/143 
f 229/238/120 228/237/120 275/286/146 274/285/143 
f 276/287/144 277/288/144 274/285/143 275/286/146 
f 277/288/144 272/283/144 271/282/143 274/285/143 
f 228/237/120 233/242/124 278/289/147 275/286/146 
f 233/242/124 232/241/123 279/290/148 278/289/147 
f 280/291/149 281/292/150 278/289/147 279/290/148 
f 281/292/150 276/287/144 275/286/146 278/289/147 
f 232/241/123 235/246/126 282/293/151 279/290/148 
f 235/246/126 193/245/105 237/294/128 282/293/151 
f 241/295/132 283/296/152 282/293/151 237/294/128 
f 283/296/152 280/291/149 279/290/148 282/293/151 
f 241/252/132 240/251/131 284/297/153 285/298/154 
f 240/251/131 239/250/130 286/299/155 284/297/153 
f 287/300/156 288/301/157 284/297/153 286/299/155 
f 288/301/157 289/302/158 285/298/154 284/297/153 
f 239/250/130 245/256/133 290/303/159 286/299/155 
f 245/256/133 244/255/130 291/304/155 290/303/159 
f 292/305/156 293/306/160 290/303/159 291/304/155 
f 293/306/160 287/300/156 286/299/155 290/303/159 
f 244/255/130 249/260/133 294/307/159 291/304/155 
f 249/260/133 248/259/130 295/308/155 294/307/159 
f 296/309/156 297/310/160 294/307/159 295/308/155 
f 297/310/160 292/305/156 291/304/155 294/307/159 
f 248/259/130 253/264/133 298/311/159 295/308/155 
f 253/264/133 252/263/130 299/312/155 298/311/159 
f 300/313/156 301/314/160 298/311/159 299/312/155 
f 301/314/160 296/309/156 295/308/155 298/311/159 
f 252/263/130 257/268/137 302/315/161 299/312/155 
f 257/268/137 256/267/136 303/316/162 302/315/161 
f 304/317/163 305/318/164 302/315/161 303/316/162 
f 305/318/164 300/313/156 299/312/155 302/315/161 
f 256/267/136 261/272/141 306/319/165 303/316/162 
f 261/272/141 260/271/140 307/320/166 306/319/165 
f 308/321/167 309/322/168 306/319/165 307/320/166 
f 309/322/168 304/317/163 303/316/162 306/319/165 
f 260/271/140 265/276/145 310/323/169 307/320/166 
f 265/276/145 264/275/144 311/324/170 310/323/169 
f 312/325/171 313/326/172 310/323/169 311/324/170 
f 313/326/172 308/321/167 307/320/166 310/323/169 
f 264/275/144 269/280/144 314/327/170 311/324/170 
f 269/280/144 268/279/144 315/328/170 314/327/170 
f 316/329/173 317/330/174 314/327/170 315/328/170 
f 317/330/174 312/325/171 311/324/170 314/327/170 
f 268/279/144 273/284/144 318/331/170 315/328/170 
f 273/284/144 272/283/144 319/332/175 318/331/170 
f 320/333/173 321/334/176 318/331/170 319/332/175 
f 321/334/176 316/329/173 315/328/170 318/331/170 
f 272/283/144 277/288/144 322/335/170 319/332/175 
f 277/288/144 276/287/144 323/336/175 322/335/170 
f 324/337/173 325/338/176 322/335/170 323/336/175 
f 325/338/176 320/333/173 319/332/175 322/335/170 
f 276/287/144 281/292/150 326/339/177 323/336/175 
f 281/292/150 280/291/149 327/340/178 326/339/177 
f 328/341/179 329/342/180 326/339/177 327/340/178 
f 329/342/180 324/337/173 323/336/175 326/339/177 
f 280/291/149 283/296/152 330/343/181 327/340/178 
f 283/296/152 241/295/132 285/344/154 330/343/181 
f 289/345/158 331/346/182 330/343/181 285/344/154 
f 331/346/182 328/341/179 327/340/178 330/343/181 
f 289/302/158 288/301/157 332/347/183 333/348/184 
f 288/301/157 287/300/156 334/349/185 332/347/183 
f 335/350/186 336/351/187 332/347/183 334/349/185 
f 336/351/187 337/352/188 333/348/184 332/347/183 
f 287/300/156 293/306/160 338/353/185 334/349/185 
f 293/306/160 292/305/156 339/354/185 338/353/185 
f 340/355/186 341/356/189 338/353/185 339/354/185 
f 341/356/189 335/350/186 334/349/185 338/353/185 
f 292/305/156 297/310/160 342/357/185 339/354/185 
f 297/310/160 296/309/156 343/358/185 342/357/185 
f 344/359/186 345/360/189 342/357/185 343/358/185 
f 345/360/189 340/355/186 339/354/185 342/357/185 
f 296/309/156 301/314/160 346/361/185 343/358/185 
f 301/314/160 300/313/156 347/362/185 346/361/185 
f 348/363/186 349/364/189 346/361/185 347/362/185 
f 349/364/189 344/359/186 343/358/185 346/361/185 
f 300/313/156 305/318/164 350/365/190 347/362/185 
f 305/318/164 304/317/163 351/366/191 350/365/190 
f 352/367/192 353/368/193 350/365/190 351/366/191 
f 353/368/193 348/363/186 347/362/185 350/365/190 
f 304/317/163 309/322/168 354/369/194 351/366/191 
f 309/322/168 308/321/167 355/370/195 354/369/194 
f 356/371/196 357/372/197 354/369/194 355/370/195 
f 357/372/197 352/367/192 351/366/191 354/369/194 
f 308/321/167 313/326/172 358/373/198 355/370/195 
f 313/326/172 312/325/171 359/374/199 358/373/198 
f 360/375/200 361/376/201 358/373/198 359/374/199 
f 361/376/201 356/371/196 355/370/195 358/373/198 
f 312/325/171 317/330/174 362/377/202 359/374/199 
f 317/330/174 316/329/173 363/378/199 362/377/202 
f 364/379/200 365/380/200 362/377/202 363/378/199 
f 365/380/200 360/375/200 359/374/199 362/377/202 
f 316/329/173 321/334/176 366/381/202 363/378/199 
f 321/334/176 320/333/173 367/382/202 366/381/202 
f 368/383/203 369/384/203 366/381/202 367/382/202 
f 369/384/203 364/379/200 363/378/199 366/381/202 
f 320/333/173 325/338/176 370/385/202 367/382/202 
f 325/338/176 324/337/173 371/386/202 370/385/202 
f 372/387/200 373/388/200 370/385/202 371/386/202 
f 373/388/200 368/383/203 367/382/202 370/385/202 
f 324/337/173 329/342/180 374/389/204 371/386/202 
f 329/342/180 328/341/179 375/390/205 374/389/204 
f 376/391/206 377/392/207 374/389/204 375/390/205 
f 377/392/207 372/387/200 371/386/202 374/389/204 
f 328/341/179 331/346/182 378/393/208 375/390/205 
f 331/346/182 289/345/158 333/394/184 378/393/208 
f 337/395/188 379/396/209 378/393/208 333/394/184 
f 379/396/209 376/391/206 375/390/205 378/393/208 
f 337/352/188 336/351/187 380/397/210 381/398/211 
f 336/351/187 335/350/186 382/399/212 380/397/210 
f 383/400/213 384/401/214 380/397/210 382/399/212 
f 384/401/214 385/402/215 381/398/211 380/397/210 
f 335/350/186 341/356/189 386/403/216 382/399/212 
f 341/356/189 340/355/186 387/404/212 386/403/216 
f 388/405/213 389/406/217 386/403/216 387/404/212 
f 389/406/217 383/400/213 382/399/212 386/403/216 
f 340/355/186 345/360/189 390/407/216 387/404/212 
f 345/360/189 344/359/186 391/408/212 390/407/216 
f 392/409/213 393/410/217 390/407/216 391/408/212 
f 393/410/217 388/405/213 387/404/212 390/407/216 
f 344/359/186 349/364/189 394/411/218 391/408/212 
f 349/364/189 348/363/186 395/412/212 394/411/218 
f 396/413/213 397/414/217 394/411/218 395/412/212 
f 397/414/217 392/409/213 391/408/212 394/411/218 
f 348/363/186 353/368/193 398/415/219 395/412/212 
f 353/368/193 352/367/192 399/416/220 398/415/219 
f 400/417/221 401/418/222 398/415/219 399/416/220 
f 401/418/222 396/413/213 395/412/212 398/415/219 
f 352/367/192 357/372/197 402/419/223 399/416/220 
f 357/372/197 356/371/196 403/420/224 402/419/223 
f 404/421/225 405/422/226 402/419/223 403/420/224 
f 405/422/226 400/417/221 399/416/220 402/419/223 
f 356/371/196 361/376/201 406/423/227 403/420/224 
f 361/376/201 360/375/200 407/424/228 406/423/227 
f 408/425/229 409/426/230 406/423/227 407/424/228 
f 409/426/230 404/421/225 403/420/224 406/423/227 
f 360/375/200 365/380/200 410/427/231 407/424/228 
f 365/380/200 364/379/200 411/428/228 410/427/231 
f 412/429/232 413/430/229 410/427/231 411/428/228 
f 413/430/229 408/425/229 407/424/228 410/427/231 
f 364/379/200 369/384/203 414/431/231 411/428/228 
f 369/384/203 368/383/203 415/432/228 414/431/231 
f 416/433/232 417/434/232 414/431/231 415/432/228 
f 417/434/232 412/429/232 411/428/228 414/431/231 
f 368/383/203 373/388/200 418/435/231 415/432/228 
f 373/388/200 372/387/200 419/436/228 418/435/231 
f 420/437/232 421/438/232 418/435/231 419/436/228 
f 421/438/232 416/433/232 415/432/228 418/435/231 
f 372/387/200 377/392/207 422/439/233 419/436/228 
f 377/392/207 376/391/206 423/440/234 422/439/233 
f 424/441/235 425/442/236 422/439/233 423/440/234 
f 425/442/236 420/437/232 419/436/228 422/439/233 
f 376/391/206 379/396/209 426/443/237 423/440/234 
f 379/396/209 337/395/188 381/444/211 426/443/237 
f 385/445/215 427/446/238 426/443/237 381/444/211 
f 427/446/238 424/441/235 423/440/234 426/443/237 
f 385/402/215 384/401/214 428/447/239 429/448/240 
f 384/401/214 383/400/213 430/449/241 428/447/239 
f 431/450/242 432/451/243 428/447/239 430/449/241 
f 432/451/243 433/452/244 429/448/240 428/447/239 
f 383/400/213 389/406/217 434/453/245 430/449/241 
f 389/406/217 388/405/213 435/454/245 434/453/245 
f 436/455/242 437/456/242 434/453/245 435/454/245 
f 437/456/242 431/450/242 430/449/241 434/453/245 
f 388/405/213 393/410/217 438/457/245 435/454/245 
f 393/410/217 392/409/213 439/458/245 438/457/245 
f 440/459/242 441/460/242 438/457/245 439/458/245 
f 441/460/242 436/455/242 435/454/245 438/457/245 
f 392/409/213 397/414/217 442/461/245 439/458/245 
f 397/414/217 396/413/213 443/462/245 442/461/245 
f 444/463/242 445/464/242 442/461/245 443/462/245 
f 445/464/242 440/459/242 439/458/245 442/461/245 
f 396/413/213 401/418/222 446/465/246 443/462/245 
f 401/418/222 400/417/221 447/466/247 446/465/246 
f 448/467/248 449/468/249 446/465/246 447/466/247 
f 449/468/249 444/463/242 443/462/245 446/465/246 
f 400/417/221 405/422/226 450/469/250 447/466/247 
f 405/422/226 404/421/225 451/470/251 450/469/250 
f 452/471/252 453/472/253 450/469/250 451/470/251 
f 453/472/253 448/467/248 447/466/247 450/469/250 
f 404/421/225 409/426/230 454/473/254 451/470/251 
f 409/426/230 408/425/229 455/474/255 454/473/254 
f 456/475/256 457/476/257 454/473/254 455/474/255 
f 457/476/257 452/471/252 451/470/251 454/473/254 
f 408/425/229 413/430/229 458/477/255 455/474/255 
f 413/430/229 412/429/232 459/478/255 458/477/255 
f 460/479/258 461/480/256 458/477/255 459/478/255 
f 461/480/256 456/475/256 455/474/255 458/477/255 
f 412/429/232 417/434/232 462/481/255 459/478/255 
f 417/434/232 416/433/232 463/482/259 462/481/255 
f 464/483/258 465/484/258 462/481/255 463/482/259 
f 465/484/258 460/479/258 459/478/255 462/481/255 
f 416/433/232 421/438/232 466/485/255 463/482/259 
f 421/438/232 420/437/232 467/486/259 466/485/255 
f 468/487/258 469/488/258 466/485/255 467/486/259 
f 469/488/258 464/483/258 463/482/259 466/485/255 
f 420/437/232 425/442/236 470/489/260 467/486/259 
f 425/442/236 424/441/235 471/490/261 470/489/260 
f 472/491/262 473/492/263 470/489/260 471/490/261 
f 473/492/263 468/487/258 467/486/259 470/489/260 
f 424/441/235 427/446/238 474/493/264 471/490/261 
f 427/446/238 385/445/215 429/494/240 474/493/264 
f 433/495/244 475/496/265 474/493/264 429/494/240 
f 475/496/265 472/491/262 471/490/261 474/493/264 
f 433/452/244 432/451/243 476/497/266 477/498/267 
f 432/451/243 431/450/242 478/499/39 476/497/266 
f 479/500/36 480/501/268 476/497/266 478/499/39 
f 480/501/268 481/502/269 477/498/267 476/497/266 
f 431/450/242 437/456/242 482/503/35 478/499/39 
f 437/456/242 436/455/242 483/504/35 482/503/35 
f 484/505/36 485/506/36 482/503/35 483/504/35 
f 485/506/36 479/500/36 478/499/39 482/503/35 
f 436/455/242 441/460/242 486/507/35 483/504/35 
f 441/460/242 440/459/242 487/508/35 486/507/35 
f 488/509/36 489/510/36 486/507/35 487/508/35 
f 489/510/36 484/505/36 483/504/35 486/507/35 
f 440/459/242 445/464/242 490/511/35 487/508/35 
f 445/464/242 444/463/242 491/512/35 490/511/35 
f 492/513/36 493/514/36 490/511/35 491/512/35 
f 493/514/36 488/509/36 487/508/35 490/511/35 
f 444/463/242 449/468/249 494/515/270 491/512/35 
f 449/468/249 448/467/248 495/516/271 494/515/270 
f 496/517/272 497/518/273 494/515/270 495/516/271 
f 497/518/273 492/513/36 491/512/35 494/515/270 
f 448/467/248 453/472/253 498/519/274 495/516/271 
f 453/472/253 452/471/252 499/520/275 498/519/274 
f 500/521/276 501/522/277 498/519/274 499/520/275 
f 501/522/277 496/517/272 495/516/271 498/519/274 
f 452/471/252 457/476/257 502/523/278 499/520/275 
f 457/476/257 456/475/256 503/524/11 502/523/278 
f 504/525/279 505/526/280 502/523/278 503/524/11 
f 505/526/280 500/521/276 499/520/275 502/523/278 
f 456/475/256 461/480/256 506/527/11 503/524/11 
f 461/480/256 460/479/258 507/528/11 506/527/11 
f 508/529/279 509/530/17 506/527/11 507/528/11 
f 509/530/17 504/525/279 503/524/11 506/527/11 
f 460/479/258 465/484/258 510/531/11 507/528/11 
f 465/484/258 464/483/258 511/532/11 510/531/11 
f 512/533/281 513/534/282 510/531/11 511/532/11 
f 513/534/282 508/529/279 507/528/11 510/531/11 
f 464/483/258 469/488/258 514/535/11 511/532/11 
f 469/488/258 468/487/258 515/536/11 514/535/11 
f 516/537/279 517/538/17 514/535/11 515/536/11 
f 517/538/17 512/533/281 511/532/11 514/535/11 
f 468/487/258 473/492/263 518/539/283 515/536/11 
f 473/492/263 472/491/262 519/540/284 518/539/283 
f 520/541/285 521/542/286 518/539/283 519/540/284 
f 521/542/286 516/537/279 515/536/11 518/539/283 
f 472/491/262 475/496/265 522/543/287 519/540/284 
f 475/496/265 433/495/244 477/544/267 522/543/287 
f 481/545/269 523/546/288 522/543/287 477/544/267 
f 523/546/288 520/541/285 519/540/284 522/543/287 
f 481/502/269 480/501/268 524/547/289 525/548/290 
f 480/501/268 479/500/36 526/549/65 524/547/289 
f 527/550/66 528/551/291 524/547/289 526/549/65 
f 528/551/291 529/552/292 525/548/290 524/547/289 
f 479/500/36 485/506/36 530/553/65 526/549/65 
f 485/506/36 484/505/36 531/554/65 530/553/65 
f 532/555/66 533/556/66 530/553/65 531/554/65 
f 533/556/66 527/550/66 526/549/65 530/553/65 
f 484/505/36 489/510/36 534/557/65 531/554/65 
f 489/510/36 488/509/36 535/558/65 534/557/65 
f 536/559/66 537/560/66 534/557/65 535/558/65 
f 537/560/66 532/555/66 531/554/65 534/557/65 
f 488/509/36 493/514/36 538/561/65 535/558/65 
f 493/514/36 492/513/36 539/562/65 538/561/65 
f 540/563/66 541/564/66 538/561/65 539/562/65 
f 541/564/66 536/559/66 535/558/65 538/561/65 
f 492/513/36 497/518/273 542/565/293 539/562/65 
f 497/518/273 496/517/272 543/566/294 542/565/293 
f 544/567/295 545/568/296 542/565/293 543/566/294 
f 545/568/296 540/563/66 539/562/65 542/565/293 
f 496/517/272 501/522/277 546/569/297 543/566/294 
f 501/522/277 500/521/276 547/570/298 546/569/297 
f 548/571/299 549/572/300 546/569/297 547/570/298 
f 549/572/300 544/567/295 543/566/294 546/569/297 
f 500/521/276 505/526/280 550/573/301 547/570/298 
f 505/526/280 504/525/279 551/574/55 550/573/301 
f 552/575/302 553/576/303 550/573/301 551/574/55 
f 553/576/303 548/571/299 547/570/298 550/573/301 
f 504/525/279 509/530/17 554/577/55 551/574/55 
f 509/530/17 508/529/279 555/578/55 554/577/55 
f 556/579/302 557/580/302 554/577/55 555/578/55 
f 557/580/302 552/575/302 551/574/55 554/577/55 
f 508/529/279 513/534/282 558/581/55 555/578/55 
f 513/534/282 512/533/281 559/582/55 558/581/55 
f 560/583/302 561/584/302 558/581/55 559/582/55 
f 561/584/302 556/579/302 555/578/55 558/581/55 
f 512/533/281 517/538/17 562/585/55 559/582/55 
f 517/538/17 516/537/279 563/586/55 562/585/55 
f 564/587/302 565/588/302 562/585/55 563/586/55 
f 565/588/302 560/583/302 559/582/55 562/585/55 
f 516/537/279 521/542/286 566/589/304 563/586/55 
f 521/542/286 520/541/285 567/590/305 566/589/304 
f 568/591/306 569/592/307 566/589/304 567/590/305 
f 569/592/307 564/587/302 563/586/55 566/589/304 
f 520/541/285 523/546/288 570/593/308 567/590/305 
f 523/546/288 481/545/269 525/594/290 570/593/308 
f 529/595/292 571/596/309 570/593/308 525/594/290 
f 571/596/309 568/591/306 567/590/305 570/593/308 
f 529/552/292 528/551/291 572/597/310 573/598/311 
f 528/551/291 527/550/66 574/599/312 572/597/310 
f 575/600/313 576/601/314 572/597/310 574/599/312 
f 576/601/314 577/602/315 573/598/311 572/597/310 
f 527/550/66 533/556/66 578/603/312 574/599/312 
f 533/556/66 532/555/66 579/604/312 578/603/312 
f 580/605/313 581/606/313 578/603/312 579/604/312 
f 581/606/313 575/600/313 574/599/312 578/603/312 
f 532/555/66 537/560/66 582/607/312 579/604/312 
f 537/560/66 536/559/66 583/608/312 582/607/312 
f 584/609/313 585/610/313 582/607/312 583/608/312 
f 585/610/313 580/605/313 579/604/312 582/607/312 
f 536/559/66 541/564/66 586/611/312 583/608/312 
f 541/564/66 540/563/66 587/612/312 586/611/312 
f 588/613/313 589/614/313 586/611/312 587/612/312 
f 589/614/313 584/609/313 583/608/312 586/611/312 
f 540/563/66 545/568/296 590/615/316 587/612/312 
f 545/568/296 544/567/295 591/616/317 590/615/316 
f 592/617/318 593/618/319 590/615/316 591/616/317 
f 593/618/319 588/613/313 587/612/312 590/615/316 
f 544/567/295 549/572/300 594/619/320 591/616/317 
f 549/572/300 548/571/299 595/620/321 594/619/320 
f 596/621/322 597/622/323 594/619/320 595/620/321 
f 597/622/323 592/617/318 591/616/317 594/619/320 
f 548/571/299 553/576/303 598/623/324 595/620/321 
f 553/576/303 552/575/302 599/624/81 598/623/324 
f 600/625/80 601/626/325 598/623/324 599/624/81 
f 601/626/325 596/621/322 595/620/321 598/623/324 
f 552/575/302 557/580/302 602/627/326 599/624/81 
f 557/580/302 556/579/302 603/628/81 602/627/326 
f 604/629/327 605/630/80 602/627/326 603/628/81 
f 605/630/80 600/625/80 599/624/81 602/627/326 
f 556/579/302 561/584/302 606/631/326 603/628/81 
f 561/584/302 560/583/302 607/632/81 606/631/326 
f 608/633/327 609/634/327 606/631/326 607/632/81 
f 609/634/327 604/629/327 603/628/81 606/631/326 
f 560/583/302 565/588/302 610/635/326 607/632/81 
f 565/588/302 564/587/302 611/636/81 610/635/326 
f 612/637/327 613/638/327 610/635/326 611/636/81 
f 613/638/327 608/633/327 607/632/81 610/635/326 
f 564/587/302 569/592/307 614/639/328 611/636/81 
f 569/592/307 568/591/306 615/640/329 614/639/328 
f 616/641/330 617/642/331 614/639/328 615/640/329 
f 617/642/331 612/637/327 611/636/81 614/639/328 
f 568/591/306 571/596/309 618/643/332 615/640/329 
f 571/596/309 529/595/292 573/644/311 618/643/332 
f 577/645/315 619/646/333 618/643/332 573/644/311 
f 619/646/333 616/641/330 615/640/329 618/643/332 
f 577/602/315 576/601/314 620/647/334 621/648/335 
f 576/601/314 575/600/313 622/649/117 620/647/334 
f 623/650/118 624/651/336 620/647/334 622/649/117 
f 624/651/336 625/652/337 621/648/335 620/647/334 
f 575/600/313 581/606/313 626/653/117 622/649/117 
f 581/606/313 580/605/313 627/654/117 626/653/117 
f 628/655/118 629/656/118 626/653/117 627/654/117 
f 629/656/118 623/650/118 622/649/117 626/653/117 
f 580/605/313 585/610/313 630/657/117 627/654/117 
f 585/610/313 584/609/313 631/658/117 630/657/117 
f 632/659/118 633/660/118 630/657/117 631/658/117 
f 633/660/118 628/655/118 627/654/117 630/657/117 
f 584/609/313 589/614/313 634/661/117 631/658/117 
f 589/614/313 588/613/313 635/662/117 634/661/117 
f 636/663/118 637/664/118 634/661/117 635/662/117 
f 637/664/118 632/659/118 631/658/117 634/661/117 
f 588/613/313 593/618/319 638/665/338 635/662/117 
f 593/618/319 592/617/318 639/666/339 638/665/338 
f 640/667/340 641/668/341 638/665/338 639/666/339 
f 641/668/341 636/663/118 635/662/117 638/665/338 
f 592/617/318 597/622/323 642/669/342 639/666/339 
f 597/622/323 596/621/322 643/670/343 642/669/342 
f 644/671/344 645/672/345 642/669/342 643/670/343 
f 645/672/345 640/667/340 639/666/339 642/669/342 
f 596/621/322 601/626/325 646/673/346 643/670/343 
f 601/626/325 600/625/80 647/674/102 646/673/346 
f 648/675/103 649/676/347 646/673/346 647/674/102 
f 649/676/347 644/671/344 643/670/343 646/673/346 
f 600/625/80 605/630/80 650/677/102 647/674/102 
f 605/630/80 604/629/327 651/678/102 650/677/102 
f 652/679/348 653/680/349 650/677/102 651/678/102 
f 653/680/349 648/675/103 647/674/102 650/677/102 
f 604/629/327 609/634/327 654/681/102 651/678/102 
f 609/634/327 608/633/327 655/682/102 654/681/102 
f 656/683/348 657/684/350 654/681/102 655/682/102 
f 657/684/350 652/679/348 651/678/102 654/681/102 
f 608/633/327 613/638/327 658/685/102 655/682/102 
f 613/638/327 612/637/327 659/686/102 658/685/102 
f 660/687/348 661/688/350 658/685/102 659/686/102 
f 661/688/350 656/683/348 655/682/102 658/685/102 
f 612/637/327 617/642/331 662/689/351 659/686/102 
f 617/642/331 616/641/330 663/690/352 662/689/351 
f 664/691/353 665/692/354 662/689/351 663/690/352 
f 665/692/354 660/687/348 659/686/102 662/689/351 
f 616/641/330 619/646/333 666/693/355 663/690/352 
f 619/646/333 577/645/315 621/694/335 666/693/355 
f 625/695/337 667/696/356 666/693/355 621/694/335 
f 667/696/356 664/691/353 663/690/352 666/693/355 
f 625/652/337 624/651/336 668/697/357 669/698/358 
f 624/651/336 623/650/118 670/699/143 668/697/357 
f 671/700/144 672/701/359 668/697/357 670/699/143 
f 672/701/359 673/702/360 669/698/358 668/697/357 
f 623/650/118 629/656/118 674/703/143 670/699/143 
f 629/656/118 628/655/118 675/704/143 674/703/143 
f 676/705/144 677/706/144 674/703/143 675/704/143 
f 677/706/144 671/700/144 670/699/143 674/703/143 
f 628/655/118 633/660/118 678/707/143 675/704/143 
f 633/660/118 632/659/118 679/708/143 678/707/143 
f 680/709/144 681/710/144 678/707/143 679/708/143 
f 681/710/144 676/705/144 675/704/143 678/707/143 
f 632/659/118 637/664/118 682/711/143 679/708/143 
f 637/664/118 636/663/118 683/712/143 682/711/143 
f 684/713/144 685/714/144 682/711/143 683/712/143 
f 685/714/144 680/709/144 679/708/143 682/711/143 
f 636/663/118 641/668/341 686/715/361 683/712/143 
f 641/668/341 640/667/340 687/716/362 686/715/361 
f 688/717/363 689/718/364 686/715/361 687/716/362 
f 689/718/364 684/713/144 683/712/143 686/715/361 
f 640/667/340 645/672/345 690/719/365 687/716/362 
f 645/672/345 644/671/344 691/720/366 690/719/365 
f 692/721/367 693/722/368 690/719/365 691/720/366 
f 693/722/368 688/717/363 687/716/362 690/719/365 
f 644/671/344 649/676/347 694/723/369 691/720/366 
f 649/676/347 648/675/103 695/724/129 694/723/369 
f 696/725/133 697/726/370 694/723/369 695/724/129 
f 697/726/370 692/721/367 691/720/366 694/723/369 
f 648/675/103 653/680/349 698/727/129 695/724/129 
f 653/680/349 652/679/348 699/728/371 698/727/129 
f 700/729/133 701/730/133 698/727/129 699/728/371 
f 701/730/133 696/725/133 695/724/129 698/727/129 
f 652/679/348 657/684/350 702/731/129 699/728/371 
f 657/684/350 656/683/348 703/732/129 702/731/129 
f 704/733/133 705/734/133 702/731/129 703/732/129 
f 705/734/133 700/729/133 699/728/371 702/731/129 
f 656/683/348 661/688/350 706/735/129 703/732/129 
f 661/688/350 660/687/348 707/736/371 706/735/129 
f 708/737/133 709/738/133 706/735/129 707/736/371 
f 709/738/133 704/733/133 703/732/129 706/735/129 
f 660/687/348 665/692/354 710/739/372 707/736/371 
f 665/692/354 664/691/353 711/740/373 710/739/372 
f 712/741/374 713/742/375 710/739/372 711/740/373 
f 713/742/375 708/737/133 707/736/371 710/739/372 
f 664/691/353 667/696/356 714/743/376 711/740/373 
f 667/696/356 625/695/337 669/744/358 714/743/376 
f 673/745/360 715/746/377 714/743/376 669/744/358 
f 715/746/377 712/741/374 711/740/373 714/743/376 
f 673/702/360 672/701/359 716/747/378 717/748/379 
f 672/701/359 671/700/144 718/749/170 716/747/378 
f 719/750/380 720/751/381 716/747/378 718/749/170 
f 720/751/381 721/752/382 717/748/379 716/747/378 
f 671/700/144 677/706/144 722/753/170 718/749/170 
f 677/706/144 676/705/144 723/754/170 722/753/170 
f 724/755/380 725/756/380 722/753/170 723/754/170 
f 725/756/380 719/750/380 718/749/170 722/753/170 
f 676/705/144 681/710/144 726/757/170 723/754/170 
f 681/710/144 680/709/144 727/758/170 726/757/170 
f 728/759/380 729/760/380 726/757/170 727/758/170 
f 729/760/380 724/755/380 723/754/170 726/757/170 
f 680/709/144 685/714/144 730/761/170 727/758/170 
f 685/714/144 684/713/144 731/762/170 730/761/170 
f 732/763/380 733/764/380 730/761/170 731/762/170 
f 733/764/380 728/759/380 727/758/170 730/761/170 
f 684/713/144 689/718/364 734/765/383 731/762/170 
f 689/718/364 688/717/363 735/766/384 734/765/383 
f 736/767/385 737/768/386 734/765/383 735/766/384 
f 737/768/386 732/763/380 731/762/170 734/765/383 
f 688/717/363 693/722/368 738/769/387 735/766/384 
f 693/722/368 692/721/367 739/770/388 738/769/387 
f 740/771/389 741/772/390 738/769/387 739/770/388 
f 741/772/390 736/767/385 735/766/384 738/769/387 
f 692/721/367 697/726/370 742/773/391 739/770/388 
f 697/726/370 696/725/133 743/774/392 742/773/391 
f 744/775/393 745/776/394 742/773/391 743/774/392 
f 745/776/394 740/771/389 739/770/388 742/773/391 
f 696/725/133 701/730/133 746/777/159 743/774/392 
f 701/730/133 700/729/133 747/778/392 746/777/159 
f 748/779/160 749/780/393 746/777/159 747/778/392 
f 749/780/393 744/775/393 743/774/392 746/777/159 
f 700/729/133 705/734/133 750/781/159 747/778/392 
f 705/734/133 704/733/133 751/782/159 750/781/159 
f 752/783/160 753/784/160 750/781/159 751/782/159 
f 753/784/160 748/779/160 747/778/392 750/781/159 
f 704/733/133 709/738/133 754/785/159 751/782/159 
f 709/738/133 708/737/133 755/786/159 754/785/159 
f 756/787/160 757/788/160 754/785/159 755/786/159 
f 757/788/160 752/783/160 751/782/159 754/785/159 
f 708/737/133 713/742/375 758/789/395 755/786/159 
f 713/742/375 712/741/374 759/790/396 758/789/395 
f 760/791/397 761/792/398 758/789/395 759/790/396 
f 761/792/398 756/787/160 755/786/159 758/789/395 
f 712/741/374 715/746/377 762/793/399 759/790/396 
f 715/746/377 673/745/360 717/794/379 762/793/399 
f 721/795/382 763/796/400 762/793/399 717/794/379 
f 763/796/400 760/791/397 759/790/396 762/793/399 
f 721/752/382 720/751/381 764/797/401 765/798/402 
f 720/751/381 719/750/380 766/799/199 764/797/401 
f 767/800/200 768/801/403 764/797/401 766/799/199 
f 768/801/403 769/802/404 765/798/402 764/797/401 
f 719/750/380 725/756/380 770/803/199 766/799/199 
f 725/756/380 724/755/380 771/804/199 770/803/199 
f 772/805/200 773/806/405 770/803/199 771/804/199 
f 773/806/405 767/800/200 766/799/199 770/803/199 
f 724/755/380 729/760/380 774/807/199 771/804/199 
f 729/760/380 728/759/380 775/808/199 774/807/199 
f 776/809/200 777/810/405 774/807/199 775/808/199 
f 777/810/405 772/805/200 771/804/199 774/807/199 
f 728/759/380 733/764/380 778/811/199 775/808/199 
f 733/764/380 732/763/380 779/812/199 778/811/199 
f 780/813/200 781/814/405 778/811/199 779/812/199 
f 781/814/405 776/809/200 775/808/199 778/811/199 
f 732/763/380 737/768/386 782/815/406 779/812/199 
f 737/768/386 736/767/385 783/816/407 782/815/406 
f 784/817/408 785/818/409 782/815/406 783/816/407 
f 785/818/409 780/813/200 779/812/199 782/815/406 
f 736/767/385 741/772/390 786/819/410 783/816/407 
f 741/772/390 740/771/389 787/820/411 786/819/410 
f 788/821/412 789/822/413 786/819/410 787/820/411 
f 789/822/413 784/817/408 783/816/407 786/819/410 
f 740/771/389 745/776/394 790/823/414 787/820/411 
f 745/776/394 744/775/393 791/824/185 790/823/414 
f 792/825/189 793/826/415 790/823/414 791/824/185 
f 793/826/415 788/821/412 787/820/411 790/823/414 
f 744/775/393 749/780/393 794/827/185 791/824/185 
f 749/780/393 748/779/160 795/828/185 794/827/185 
f 796/829/189 797/830/186 794/827/185 795/828/185 
f 797/830/186 792/825/189 791/824/185 794/827/185 
f 748/779/160 753/784/160 798/831/185 795/828/185 
f 753/784/160 752/783/160 799/832/185 798/831/185 
f 800/833/416 801/834/417 798/831/185 799/832/185 
f 801/834/417 796/829/189 795/828/185 798/831/185 
f 752/783/160 757/788/160 802/835/185 799/832/185 
f 757/788/160 756/787/160 803/836/185 802/835/185 
f 804/837/189 805/838/186 802/835/185 803/836/185 
f 805/838/186 800/833/416 799/832/185 802/835/185 
f 756/787/160 761/792/398 806/839/418 803/836/185 
f 761/792/398 760/791/397 807/840/419 806/839/418 
f 808/841/420 809/842/421 806/839/418 807/840/419 
f 809/842/421 804/837/189 803/836/185 806/839/418 
f 760/791/397 763/796/400 810/843/422 807/840/419 
f 763/796/400 721/795/382 765/844/402 810/843/422 
f 769/845/404 811/846/423 810/843/422 765/844/402 
f 811/846/423 808/841/420 807/840/419 810/843/422 
f 769/802/404 768/801/403 812/847/424 813/848/425 
f 768/801/403 767/800/200 814/849/228 812/847/424 
f 815/850/232 816/851/426 812/847/424 814/849/228 
f 816/851/426 817/852/427 813/848/425 812/847/424 
f 767/800/200 773/806/405 818/853/228 814/849/228 
f 773/806/405 772/805/200 819/854/228 818/853/228 
f 820/855/232 821/856/232 818/853/228 819/854/228 
f 821/856/232 815/850/232 814/849/228 818/853/228 
f 772/805/200 777/810/405 822/857/228 819/854/228 
f 777/810/405 776/809/200 823/858/228 822/857/228 
f 824/859/232 825/860/232 822/857/228 823/858/228 
f 825/860/232 820/855/232 819/854/228 822/857/228 
f 776/809/200 781/814/405 826/861/228 823/858/228 
f 781/814/405 780/813/200 827/862/228 826/861/228 
f 828/863/232 829/864/232 826/861/228 827/862/228 
f 829/864/232 824/859/232 823/858/228 826/861/228 
f 780/813/200 785/818/409 830/865/428 827/862/228 
f 785/818/409 784/817/408 831/866/429 830/865/428 
f 832/867/430 833/868/431 830/865/428 831/866/429 
f 833/868/431 828/863/232 827/862/228 830/865/428 
f 784/817/408 789/822/413 834/869/432 831/866/429 
f 789/822/413 788/821/412 835/870/433 834/869/432 
f 836/871/434 837/872/435 834/869/432 835/870/433 
f 837/872/435 832/867/430 831/866/429 834/869/432 
f 788/821/412 793/826/415 838/873/436 835/870/433 
f 793/826/415 792/825/189 839/874/218 838/873/436 
f 840/875/437 841/876/438 838/873/436 839/874/218 
f 841/876/438 836/871/434 835/870/433 838/873/436 
f 792/825/189 797/830/186 842/877/439 839/874/218 
f 797/830/186 796/829/189 843/878/218 842/877/439 
f 844/879/437 845/880/437 842/877/439 843/878/218 
f 845/880/437 840/875/437 839/874/218 842/877/439 
f 796/829/189 801/834/417 846/881/439 843/878/218 
f 801/834/417 800/833/416 847/882/218 846/881/439 
f 848/883/437 849/884/437 846/881/439 847/882/218 
f 849/884/437 844/879/437 843/878/218 846/881/439 
f 800/833/416 805/838/186 850/885/439 847/882/218 
f 805/838/186 804/837/189 851/886/218 850/885/439 
f 852/887/437 853/888/437 850/885/439 851/886/218 
f 853/888/437 848/883/437 847/882/218 850/885/439 
f 804/837/189 809/842/421 854/889/440 851/886/218 
f 809/842/421 808/841/420 855/890/441 854/889/440 
f 856/891/442 857/892/443 854/889/440 855/890/441 
f 857/892/443 852/887/437 851/886/218 854/889/440 
f 808/841/420 811/846/423 858/893/444 855/890/441 
f 811/846/423 769/845/404 813/894/425 858/893/444 
f 817/895/427 859/896/445 858/893/444 813/894/425 
f 859/896/445 856/891/442 855/890/441 858/893/444 
f 817/852/427 816/851/426 860/897/446 861/898/447 
f 816/851/426 815/850/232 862/899/448 860/897/446 
f 24/900/10 21/901/7 860/897/446 862/899/448 
f 21/901/7 20/902/6 861/898/447 860/897/446 
f 815/850/232 821/856/232 863/903/449 862/899/448 
f 821/856/232 820/855/232 864/904/450 863/903/449 
f 31/905/16 29/906/15 863/903/449 864/904/450 
f 29/906/15 24/900/10 862/899/448 863/903/449 
f 820/855/232 825/860/232 865/907/449 864/904/450 
f 825/860/232 824/859/232 866/908/450 865/907/449 
f 37/909/16 35/910/15 865/907/449 866/908/450 
f 35/910/15 31/905/16 864/904/450 865/907/449 
f 824/859/232 829/864/232 867/911/259 866/908/450 
f 829/864/232 828/863/232 868/912/450 867/911/259 
f 43/913/16 41/914/19 867/911/259 868/912/450 
f 41/914/19 37/909/16 866/908/450 867/911/259 
f 828/863/232 833/868/431 869/915/451 868/912/450 
f 833/868/431 832/867/430 870/916/452 869/915/451 
f 49/917/22 47/918/20 869/915/451 870/916/452 
f 47/918/20 43/913/16 868/912/450 869/915/451 
f 832/867/430 837/872/435 871/919/453 870/916/452 
f 837/872/435 836/871/434 872/920/454 871/919/453 
f 55/921/28 53/922/26 871/919/453 872/920/454 
f 53/922/26 49/917/22 870/916/452 871/919/453 
f 836/871/434 841/876/438 873/923/455 872/920/454 
f 841/876/438 840/875/437 874/924/245 873/923/455 
f 61/925/34 59/926/32 873/923/455 874/924/245 
f 59/926/32 55/921/28 872/920/454 873/923/455 
f 840/875/437 845/880/437 875/927/245 874/924/245 
f 845/880/437 844/879/437 876/928/245 875/927/245 
f 67/929/38 65/930/34 875/927/245 876/928/245 
f 65/930/34 61/925/34 874/924/245 875/927/245 
f 844/879/437 849/884/437 877/931/245 876/928/245 
f 849/884/437 848/883/437 878/932/456 877/931/245 
f 73/933/38 71/934/38 877/931/245 878/932/456 
f 71/934/38 67/929/38 876/928/245 877/931/245 
f 848/883/437 853/888/437 879/935/245 878/932/456 
f 853/888/437 852/887/437 880/936/456 879/935/245 
f 79/937/38 77/938/38 879/935/245 880/936/456 
f 77/938/38 73/933/38 878/932/456 879/935/245 
f 852/887/437 857/892/443 881/939/457 880/936/456 
f 857/892/443 856/891/442 882/940/458 881/939/457 
f 85/941/42 83/942/40 881/939/457 882/940/458 
f 83/942/40 79/937/38 880/936/456 881/939/457 
f 856/891/442 859/896/445 883/943/459 882/940/458 
f 859/896/445 817/895/427 861/944/447 883/943/459 
f 20/945/6 89/946/46 883/943/459 861/944/447 
f 89/946/46 85/941/42 882/940/458 883/943/459 
# 864 polygons

#
# object Cylinder148
#

v  -79.23433 34.45547 7.62516
v  -60.07498 34.45547 -8.45144
v  -55.73191 34.45547 -0.92902
v  -54.22358 34.45547 7.62516
v  -74.89126 34.45547 -17.00562
v  -66.72895 34.45547 -14.03479
v  -91.73971 34.45547 -14.03479
v  -83.57741 34.45547 -17.00562
v  -102.73675 34.45547 -0.92902
v  -98.39368 34.45547 -8.45144
v  -102.73676 34.45547 16.17934
v  -104.24509 34.45547 7.62516
v  -91.73972 34.45547 29.28510
v  -98.39368 34.45547 23.70176
v  -74.89127 34.45547 32.25595
v  -83.57741 34.45547 32.25594
v  -60.07499 34.45547 23.70177
v  -66.72897 34.45547 29.28512
v  -55.73191 34.45547 16.17936
v  -55.73191 34.72114 -0.92902
v  -54.22357 34.72114 7.62516
v  -60.07498 34.72114 -8.45144
v  -66.72895 34.72114 -14.03479
v  -74.89126 34.72114 -17.00563
v  -83.57741 34.72114 -17.00562
v  -91.73971 34.72114 -14.03479
v  -98.39368 34.72114 -8.45144
v  -102.73676 34.72114 -0.92902
v  -104.24509 34.72114 7.62516
v  -102.73676 34.72114 16.17934
v  -98.39368 34.72114 23.70176
v  -91.73972 34.72114 29.28510
v  -83.57741 34.72114 32.25594
v  -74.89127 34.72114 32.25595
v  -66.72897 34.72114 29.28512
v  -60.07499 34.72114 23.70178
v  -55.73191 34.72114 16.17936
v  -55.73191 34.98682 -0.92902
v  -54.22358 34.98682 7.62516
v  -60.07498 34.98682 -8.45144
v  -66.72895 34.98682 -14.03479
v  -74.89126 34.98682 -17.00562
v  -83.57741 34.98682 -17.00562
v  -91.73971 34.98682 -14.03479
v  -98.39368 34.98682 -8.45144
v  -102.73675 34.98682 -0.92902
v  -104.24509 34.98682 7.62516
v  -102.73676 34.98682 16.17934
v  -98.39368 34.98682 23.70176
v  -91.73972 34.98682 29.28510
v  -83.57741 34.98682 32.25594
v  -74.89127 34.98682 32.25595
v  -66.72897 34.98682 29.28512
v  -60.07499 34.98682 23.70177
v  -55.73191 34.98682 16.17936
v  -55.73191 35.25249 -0.92902
v  -54.22358 35.25249 7.62516
v  -60.07498 35.25249 -8.45144
v  -66.72895 35.25249 -14.03479
v  -74.89126 35.25249 -17.00562
v  -83.57741 35.25249 -17.00562
v  -91.73971 35.25249 -14.03479
v  -98.39368 35.25249 -8.45144
v  -102.73675 35.25249 -0.92902
v  -104.24509 35.25249 7.62516
v  -102.73676 35.25249 16.17934
v  -98.39368 35.25249 23.70176
v  -91.73972 35.25249 29.28510
v  -83.57741 35.25249 32.25594
v  -74.89127 35.25249 32.25595
v  -66.72897 35.25249 29.28512
v  -60.07499 35.25249 23.70177
v  -55.73191 35.25249 16.17936
v  -55.73191 35.51816 -0.92902
v  -54.22358 35.51816 7.62516
v  -60.07498 35.51816 -8.45144
v  -66.72895 35.51816 -14.03479
v  -74.89126 35.51816 -17.00562
v  -83.57741 35.51816 -17.00562
v  -91.73971 35.51816 -14.03479
v  -98.39368 35.51816 -8.45144
v  -102.73675 35.51816 -0.92902
v  -104.24509 35.51816 7.62516
v  -102.73676 35.51816 16.17934
v  -98.39368 35.51816 23.70176
v  -91.73972 35.51816 29.28510
v  -83.57741 35.51816 32.25594
v  -74.89127 35.51816 32.25595
v  -66.72897 35.51816 29.28512
v  -60.07499 35.51816 23.70177
v  -55.73191 35.51816 16.17936
v  -55.73191 35.78384 -0.92902
v  -54.22358 35.78384 7.62516
v  -60.07498 35.78384 -8.45144
v  -66.72895 35.78384 -14.03479
v  -74.89126 35.78384 -17.00562
v  -83.57741 35.78384 -17.00562
v  -91.73971 35.78384 -14.03479
v  -98.39368 35.78384 -8.45144
v  -102.73675 35.78384 -0.92902
v  -104.24509 35.78384 7.62516
v  -102.73676 35.78384 16.17934
v  -98.39368 35.78384 23.70176
v  -91.73972 35.78384 29.28510
v  -83.57741 35.78384 32.25594
v  -74.89127 35.78384 32.25595
v  -66.72897 35.78384 29.28512
v  -60.07499 35.78384 23.70177
v  -55.73191 35.78384 16.17936
v  -79.23433 35.78384 7.62516
# 110 vertices

vn 0.00000 -1.00000 -0.00000
vn 0.56866 -0.67003 -0.47716
vn 0.69752 -0.67007 -0.25389
vn 0.74240 -0.66995 0.00000
vn 0.12890 -0.67003 -0.73105
vn 0.37117 -0.67003 -0.64288
vn -0.37117 -0.67003 -0.64288
vn -0.12890 -0.67003 -0.73105
vn -0.69760 -0.66999 -0.25389
vn -0.56866 -0.67003 -0.47716
vn -0.69759 -0.66999 0.25392
vn -0.74237 -0.66999 -0.00001
vn -0.37117 -0.67003 0.64288
vn -0.56869 -0.66999 0.47717
vn 0.12892 -0.66999 0.73109
vn -0.12890 -0.67003 0.73105
vn 0.56866 -0.67004 0.47716
vn 0.37117 -0.66999 0.64292
vn 0.69760 -0.66999 0.25389
vn 0.93970 0.00000 -0.34200
vn 1.00000 0.00000 0.00000
vn 0.76604 0.00000 -0.64279
vn 0.50000 0.00000 -0.86603
vn 0.17365 -0.00000 -0.98481
vn -0.17365 -0.00000 -0.98481
vn -0.50002 0.00000 -0.86602
vn -0.76603 0.00000 -0.64280
vn -0.93969 0.00000 -0.34204
vn -1.00000 0.00000 0.00002
vn -0.93969 0.00000 0.34202
vn -0.76604 0.00000 0.64279
vn -0.50000 0.00000 0.86603
vn -0.17365 0.00000 0.98481
vn 0.17365 0.00000 0.98481
vn 0.50000 0.00000 0.86603
vn 0.76603 0.00000 0.64280
vn 0.93969 -0.00000 0.34202
vn 0.93969 0.00000 -0.34204
vn 0.17365 0.00000 -0.98481
vn -0.17365 0.00000 -0.98481
vn -0.50000 0.00000 -0.86603
vn -0.76604 0.00000 -0.64279
vn -0.93969 0.00000 -0.34202
vn -1.00000 0.00000 -0.00000
vn -0.76604 0.00001 0.64279
vn 0.76604 0.00001 0.64279
vn 0.93969 0.00000 0.34202
vn -0.93970 0.00000 0.34200
vn -0.76603 0.00000 0.64280
vn 0.17363 0.00000 0.98481
vn 0.50002 0.00000 0.86602
vn 0.76604 0.00000 0.64279
vn 0.93969 0.00000 0.34204
vn 0.69753 0.67007 -0.25389
vn 0.74226 0.67011 0.00000
vn 0.56866 0.67003 -0.47716
vn 0.37117 0.67003 -0.64288
vn 0.12890 0.67003 -0.73106
vn -0.12890 0.67003 -0.73106
vn -0.37117 0.67003 -0.64288
vn -0.56866 0.67003 -0.47716
vn -0.69753 0.67007 -0.25389
vn -0.74230 0.67007 0.00001
vn -0.69754 0.67007 0.25387
vn -0.56862 0.67007 0.47715
vn -0.37117 0.67003 0.64288
vn -0.12891 0.67003 0.73106
vn 0.12888 0.67007 0.73102
vn 0.37116 0.67007 0.64284
vn 0.56866 0.67003 0.47716
vn 0.69753 0.67007 0.25389
vn 0.00000 1.00000 -0.00000
# 72 vertex normals

vt 0.50000 0.00000 0.00000
vt 0.86111 0.00000 1.00000
vt 0.80556 0.00000 1.00000
vt 0.75000 0.00000 1.00000
vt 0.97222 0.00000 1.00000
vt 0.91667 0.00000 1.00000
vt 0.08333 0.00000 1.00000
vt 0.02778 0.00000 1.00000
vt -0.02778 0.00000 1.00000
vt 0.19444 0.00000 1.00000
vt 0.13889 0.00000 1.00000
vt 0.30556 0.00000 1.00000
vt 0.25000 0.00000 1.00000
vt 0.41667 0.00000 1.00000
vt 0.36111 0.00000 1.00000
vt 0.52778 0.00000 1.00000
vt 0.47222 0.00000 1.00000
vt 0.63889 0.00000 1.00000
vt 0.58333 0.00000 1.00000
vt 0.69444 0.00000 1.00000
vt 0.80556 0.20000 1.00000
vt 0.75000 0.20000 1.00000
vt 0.86111 0.20000 1.00000
vt 0.91667 0.20000 1.00000
vt 0.97222 0.20000 1.00000
vt 0.02778 0.20000 1.00000
vt -0.02778 0.20000 1.00000
vt 0.08333 0.20000 1.00000
vt 0.13889 0.20000 1.00000
vt 0.19444 0.20000 1.00000
vt 0.25000 0.20000 1.00000
vt 0.30556 0.20000 1.00000
vt 0.36111 0.20000 1.00000
vt 0.41667 0.20000 1.00000
vt 0.47222 0.20000 1.00000
vt 0.52778 0.20000 1.00000
vt 0.58333 0.20000 1.00000
vt 0.63889 0.20000 1.00000
vt 0.69444 0.20000 1.00000
vt 0.80556 0.40000 1.00000
vt 0.75000 0.40000 1.00000
vt 0.86111 0.40000 1.00000
vt 0.91667 0.40000 1.00000
vt 0.97222 0.40000 1.00000
vt 0.02778 0.40000 1.00000
vt -0.02778 0.40000 1.00000
vt 0.08333 0.40000 1.00000
vt 0.13889 0.40000 1.00000
vt 0.19444 0.40000 1.00000
vt 0.25000 0.40000 1.00000
vt 0.30556 0.40000 1.00000
vt 0.36111 0.40000 1.00000
vt 0.41667 0.40000 1.00000
vt 0.47222 0.40000 1.00000
vt 0.52778 0.40000 1.00000
vt 0.58333 0.40000 1.00000
vt 0.63889 0.40000 1.00000
vt 0.69444 0.40000 1.00000
vt 0.80556 0.60000 1.00000
vt 0.75000 0.60000 1.00000
vt 0.86111 0.60000 1.00000
vt 0.91667 0.60000 1.00000
vt 0.97222 0.60000 1.00000
vt 0.02778 0.60000 1.00000
vt -0.02778 0.60000 1.00000
vt 0.08333 0.60000 1.00000
vt 0.13889 0.60000 1.00000
vt 0.19444 0.60000 1.00000
vt 0.25000 0.60000 1.00000
vt 0.30556 0.60000 1.00000
vt 0.36111 0.60000 1.00000
vt 0.41667 0.60000 1.00000
vt 0.47222 0.60000 1.00000
vt 0.52778 0.60000 1.00000
vt 0.58333 0.60000 1.00000
vt 0.63889 0.60000 1.00000
vt 0.69444 0.60000 1.00000
vt 0.80556 0.80000 1.00000
vt 0.75000 0.80000 1.00000
vt 0.86111 0.80000 1.00000
vt 0.91667 0.80000 1.00000
vt 0.97222 0.80000 1.00000
vt 0.02778 0.80000 1.00000
vt -0.02778 0.80000 1.00000
vt 0.08333 0.80000 1.00000
vt 0.13889 0.80000 1.00000
vt 0.19444 0.80000 1.00000
vt 0.25000 0.80000 1.00000
vt 0.30556 0.80000 1.00000
vt 0.36111 0.80000 1.00000
vt 0.41667 0.80000 1.00000
vt 0.47222 0.80000 1.00000
vt 0.52778 0.80000 1.00000
vt 0.58333 0.80000 1.00000
vt 0.63889 0.80000 1.00000
vt 0.69444 0.80000 1.00000
vt 0.80556 1.00000 1.00000
vt 0.75000 1.00000 1.00000
vt 0.86111 1.00000 1.00000
vt 0.91667 1.00000 1.00000
vt 0.97222 1.00000 1.00000
vt 0.02778 1.00000 1.00000
vt -0.02778 1.00000 1.00000
vt 0.08333 1.00000 1.00000
vt 0.13889 1.00000 1.00000
vt 0.19444 1.00000 1.00000
vt 0.25000 1.00000 1.00000
vt 0.30556 1.00000 1.00000
vt 0.36111 1.00000 1.00000
vt 0.41667 1.00000 1.00000
vt 0.47222 1.00000 1.00000
vt 0.52778 1.00000 1.00000
vt 0.58333 1.00000 1.00000
vt 0.63889 1.00000 1.00000
vt 0.69444 1.00000 1.00000
vt 0.50000 1.00000 0.00000
vt -0.01968 1.00000 0.87939
# 117 texture coords

o Cylinder148
g Cylinder148
usemtl wire_029029029
s 1
f 884/947/460 885/948/461 886/949/462 887/950/463 
f 884/947/460 888/951/464 889/952/465 885/948/461 
f 884/947/460 890/953/466 891/954/467 888/955/464 
f 884/947/460 892/956/468 893/957/469 890/953/466 
f 884/947/460 894/958/470 895/959/471 892/956/468 
f 884/947/460 896/960/472 897/961/473 894/958/470 
f 884/947/460 898/962/474 899/963/475 896/960/472 
f 884/947/460 900/964/476 901/965/477 898/962/474 
f 884/947/460 887/950/463 902/966/478 900/964/476 
s 8
f 887/950/463 886/949/462 903/967/479 904/968/480 
f 886/949/462 885/948/461 905/969/481 903/967/479 
f 885/948/461 889/952/465 906/970/482 905/969/481 
f 889/952/465 888/951/464 907/971/483 906/970/482 
f 888/955/464 891/954/467 908/972/484 907/973/483 
f 891/954/467 890/953/466 909/974/485 908/972/484 
f 890/953/466 893/957/469 910/975/486 909/974/485 
f 893/957/469 892/956/468 911/976/487 910/975/486 
f 892/956/468 895/959/471 912/977/488 911/976/487 
f 895/959/471 894/958/470 913/978/489 912/977/488 
f 894/958/470 897/961/473 914/979/490 913/978/489 
f 897/961/473 896/960/472 915/980/491 914/979/490 
f 896/960/472 899/963/475 916/981/492 915/980/491 
f 899/963/475 898/962/474 917/982/493 916/981/492 
f 898/962/474 901/965/477 918/983/494 917/982/493 
f 901/965/477 900/964/476 919/984/495 918/983/494 
f 900/964/476 902/966/478 920/985/496 919/984/495 
f 902/966/478 887/950/463 904/968/480 920/985/496 
f 904/968/480 903/967/479 921/986/497 922/987/480 
f 903/967/479 905/969/481 923/988/481 921/986/497 
f 905/969/481 906/970/482 924/989/482 923/988/481 
f 906/970/482 907/971/483 925/990/498 924/989/482 
f 907/973/483 908/972/484 926/991/499 925/992/498 
f 908/972/484 909/974/485 927/993/500 926/991/499 
f 909/974/485 910/975/486 928/994/501 927/993/500 
f 910/975/486 911/976/487 929/995/502 928/994/501 
f 911/976/487 912/977/488 930/996/503 929/995/502 
f 912/977/488 913/978/489 931/997/489 930/996/503 
f 913/978/489 914/979/490 932/998/504 931/997/489 
f 914/979/490 915/980/491 933/999/491 932/998/504 
f 915/980/491 916/981/492 934/1000/492 933/999/491 
f 916/981/492 917/982/493 935/1001/493 934/1000/492 
f 917/982/493 918/983/494 936/1002/494 935/1001/493 
f 918/983/494 919/984/495 937/1003/505 936/1002/494 
f 919/984/495 920/985/496 938/1004/506 937/1003/505 
f 920/985/496 904/968/480 922/987/480 938/1004/506 
f 922/987/480 921/986/497 939/1005/497 940/1006/480 
f 921/986/497 923/988/481 941/1007/481 939/1005/497 
f 923/988/481 924/989/482 942/1008/482 941/1007/481 
f 924/989/482 925/990/498 943/1009/498 942/1008/482 
f 925/992/498 926/991/499 944/1010/499 943/1011/498 
f 926/991/499 927/993/500 945/1012/500 944/1010/499 
f 927/993/500 928/994/501 946/1013/501 945/1012/500 
f 928/994/501 929/995/502 947/1014/487 946/1013/501 
f 929/995/502 930/996/503 948/1015/488 947/1014/487 
f 930/996/503 931/997/489 949/1016/507 948/1015/488 
f 931/997/489 932/998/504 950/1017/508 949/1016/507 
f 932/998/504 933/999/491 951/1018/491 950/1017/508 
f 933/999/491 934/1000/492 952/1019/492 951/1018/491 
f 934/1000/492 935/1001/493 953/1020/509 952/1019/492 
f 935/1001/493 936/1002/494 954/1021/510 953/1020/509 
f 936/1002/494 937/1003/505 955/1022/511 954/1021/510 
f 937/1003/505 938/1004/506 956/1023/512 955/1022/511 
f 938/1004/506 922/987/480 940/1006/480 956/1023/512 
f 940/1006/480 939/1005/497 957/1024/497 958/1025/480 
f 939/1005/497 941/1007/481 959/1026/481 957/1024/497 
f 941/1007/481 942/1008/482 960/1027/482 959/1026/481 
f 942/1008/482 943/1009/498 961/1028/498 960/1027/482 
f 943/1011/498 944/1010/499 962/1029/499 961/1030/498 
f 944/1010/499 945/1012/500 963/1031/500 962/1029/499 
f 945/1012/500 946/1013/501 964/1032/501 963/1031/500 
f 946/1013/501 947/1014/487 965/1033/487 964/1032/501 
f 947/1014/487 948/1015/488 966/1034/488 965/1033/487 
f 948/1015/488 949/1016/507 967/1035/507 966/1034/488 
f 949/1016/507 950/1017/508 968/1036/508 967/1035/507 
f 950/1017/508 951/1018/491 969/1037/491 968/1036/508 
f 951/1018/491 952/1019/492 970/1038/492 969/1037/491 
f 952/1019/492 953/1020/509 971/1039/509 970/1038/492 
f 953/1020/509 954/1021/510 972/1040/510 971/1039/509 
f 954/1021/510 955/1022/511 973/1041/511 972/1040/510 
f 955/1022/511 956/1023/512 974/1042/512 973/1041/511 
f 956/1023/512 940/1006/480 958/1025/480 974/1042/512 
f 958/1025/480 957/1024/497 975/1043/513 976/1044/514 
f 957/1024/497 959/1026/481 977/1045/515 975/1043/513 
f 959/1026/481 960/1027/482 978/1046/516 977/1045/515 
f 960/1027/482 961/1028/498 979/1047/517 978/1046/516 
f 961/1030/498 962/1029/499 980/1048/518 979/1049/517 
f 962/1029/499 963/1031/500 981/1050/519 980/1048/518 
f 963/1031/500 964/1032/501 982/1051/520 981/1050/519 
f 964/1032/501 965/1033/487 983/1052/521 982/1051/520 
f 965/1033/487 966/1034/488 984/1053/522 983/1052/521 
f 966/1034/488 967/1035/507 985/1054/523 984/1053/522 
f 967/1035/507 968/1036/508 986/1055/524 985/1054/523 
f 968/1036/508 969/1037/491 987/1056/525 986/1055/524 
f 969/1037/491 970/1038/492 988/1057/526 987/1056/525 
f 970/1038/492 971/1039/509 989/1058/527 988/1057/526 
f 971/1039/509 972/1040/510 990/1059/528 989/1058/527 
f 972/1040/510 973/1041/511 991/1060/529 990/1059/528 
f 973/1041/511 974/1042/512 992/1061/530 991/1060/529 
f 974/1042/512 958/1025/480 976/1044/514 992/1061/530 
s 1
f 993/1062/531 992/1061/530 976/1044/514 975/1043/513 
f 993/1062/531 975/1043/513 977/1045/515 978/1046/516 
f 993/1062/531 978/1063/516 979/1049/517 980/1048/518 
f 993/1062/531 980/1048/518 981/1050/519 982/1051/520 
f 993/1062/531 982/1051/520 983/1052/521 984/1053/522 
f 993/1062/531 984/1053/522 985/1054/523 986/1055/524 
f 993/1062/531 986/1055/524 987/1056/525 988/1057/526 
f 993/1062/531 988/1057/526 989/1058/527 990/1059/528 
f 993/1062/531 990/1059/528 991/1060/529 992/1061/530 
# 108 polygons

#
# object Cylinder149
#

v  -68.04165 34.45547 -95.66145
v  -50.98374 34.45547 -109.97473
v  -47.11703 34.45547 -103.27738
v  -45.77413 34.45547 -95.66145
v  -64.17493 34.45547 -117.59067
v  -56.90789 34.45547 -114.94568
v  -79.17541 34.45547 -114.94568
v  -71.90836 34.45547 -117.59067
v  -88.96627 34.45547 -103.27739
v  -85.09956 34.45547 -109.97473
v  -88.96627 34.45547 -88.04551
v  -90.30917 34.45547 -95.66145
v  -79.17542 34.45547 -76.37721
v  -85.09956 34.45547 -81.34817
v  -64.17495 34.45547 -73.73222
v  -71.90837 34.45547 -73.73222
v  -50.98375 34.45547 -81.34815
v  -56.90790 34.45547 -76.37720
v  -47.11703 34.45547 -88.04549
v  -47.11703 34.83119 -103.27738
v  -45.77413 34.83119 -95.66145
v  -50.98374 34.83119 -109.97473
v  -56.90789 34.83119 -114.94568
v  -64.17493 34.83119 -117.59067
v  -71.90836 34.83119 -117.59067
v  -79.17541 34.83119 -114.94568
v  -85.09956 34.83119 -109.97473
v  -88.96627 34.83119 -103.27739
v  -90.30917 34.83119 -95.66145
v  -88.96627 34.83119 -88.04551
v  -85.09956 34.83119 -81.34817
v  -79.17542 34.83119 -76.37721
v  -71.90837 34.83119 -73.73222
v  -64.17495 34.83119 -73.73222
v  -56.90790 34.83119 -76.37720
v  -50.98375 34.83119 -81.34815
v  -47.11703 34.83119 -88.04549
v  -47.11703 35.20691 -103.27738
v  -45.77413 35.20691 -95.66145
v  -50.98374 35.20691 -109.97473
v  -56.90789 35.20691 -114.94568
v  -64.17493 35.20691 -117.59067
v  -71.90836 35.20691 -117.59067
v  -79.17541 35.20691 -114.94568
v  -85.09956 35.20691 -109.97473
v  -88.96627 35.20691 -103.27739
v  -90.30917 35.20691 -95.66145
v  -88.96627 35.20691 -88.04551
v  -85.09956 35.20691 -81.34817
v  -79.17542 35.20691 -76.37721
v  -71.90837 35.20691 -73.73222
v  -64.17495 35.20691 -73.73222
v  -56.90790 35.20691 -76.37720
v  -50.98375 35.20691 -81.34815
v  -47.11703 35.20691 -88.04549
v  -47.11703 35.58263 -103.27738
v  -45.77413 35.58263 -95.66145
v  -50.98374 35.58263 -109.97473
v  -56.90789 35.58263 -114.94568
v  -64.17493 35.58263 -117.59067
v  -71.90836 35.58263 -117.59067
v  -79.17541 35.58263 -114.94568
v  -85.09956 35.58263 -109.97473
v  -88.96627 35.58263 -103.27739
v  -90.30917 35.58263 -95.66145
v  -88.96627 35.58263 -88.04551
v  -85.09956 35.58263 -81.34817
v  -79.17542 35.58263 -76.37721
v  -71.90837 35.58263 -73.73222
v  -64.17495 35.58263 -73.73222
v  -56.90790 35.58263 -76.37720
v  -50.98375 35.58263 -81.34815
v  -47.11703 35.58263 -88.04549
v  -47.11703 35.95834 -103.27738
v  -45.77413 35.95834 -95.66145
v  -50.98374 35.95834 -109.97473
v  -56.90789 35.95834 -114.94568
v  -64.17493 35.95834 -117.59067
v  -71.90836 35.95834 -117.59067
v  -79.17541 35.95834 -114.94568
v  -85.09956 35.95834 -109.97473
v  -88.96627 35.95834 -103.27739
v  -90.30917 35.95834 -95.66145
v  -88.96627 35.95834 -88.04551
v  -85.09956 35.95834 -81.34817
v  -79.17542 35.95834 -76.37721
v  -71.90837 35.95834 -73.73222
v  -64.17495 35.95834 -73.73222
v  -56.90790 35.95834 -76.37720
v  -50.98375 35.95834 -81.34815
v  -47.11703 35.95834 -88.04549
v  -47.11703 36.33406 -103.27738
v  -45.77413 36.33406 -95.66145
v  -50.98374 36.33406 -109.97473
v  -56.90789 36.33406 -114.94568
v  -64.17493 36.33406 -117.59067
v  -71.90836 36.33406 -117.59067
v  -79.17541 36.33406 -114.94568
v  -85.09956 36.33406 -109.97473
v  -88.96627 36.33406 -103.27739
v  -90.30917 36.33406 -95.66145
v  -88.96627 36.33406 -88.04551
v  -85.09956 36.33406 -81.34817
v  -79.17542 36.33406 -76.37721
v  -71.90837 36.33406 -73.73222
v  -64.17495 36.33406 -73.73222
v  -56.90790 36.33406 -76.37720
v  -50.98375 36.33406 -81.34815
v  -47.11703 36.33406 -88.04549
v  -68.04165 36.33406 -95.66145
# 110 vertices

vn 0.00000 -1.00000 -0.00000
vn 0.56866 -0.67003 -0.47716
vn 0.69753 -0.67007 -0.25389
vn 0.74226 -0.67011 0.00000
vn 0.12890 -0.67003 -0.73106
vn 0.37117 -0.67003 -0.64288
vn -0.37116 -0.67007 -0.64284
vn -0.12888 -0.67007 -0.73102
vn -0.69753 -0.67007 -0.25389
vn -0.56866 -0.67003 -0.47716
vn -0.69757 -0.67003 0.25389
vn -0.74230 -0.67007 0.00001
vn -0.37114 -0.67007 0.64285
vn -0.56864 -0.67007 0.47713
vn 0.12890 -0.67003 0.73106
vn -0.12891 -0.67003 0.73106
vn 0.56866 -0.67003 0.47716
vn 0.37117 -0.67003 0.64288
vn 0.69753 -0.67007 0.25389
vn 0.93969 0.00000 -0.34204
vn 1.00000 0.00000 0.00000
vn 0.76604 0.00000 -0.64279
vn 0.50000 0.00000 -0.86603
vn 0.17365 0.00000 -0.98481
vn -0.17363 0.00000 -0.98481
vn -0.50002 0.00000 -0.86602
vn -0.76604 0.00000 -0.64279
vn -0.93969 0.00000 -0.34204
vn -1.00000 0.00000 0.00002
vn -0.93969 0.00000 0.34202
vn -0.76606 0.00000 0.64277
vn -0.49998 0.00000 0.86603
vn -0.17365 0.00000 0.98481
vn 0.17365 0.00000 0.98481
vn 0.50000 0.00000 0.86603
vn 0.76604 0.00000 0.64279
vn 0.93969 0.00000 0.34204
vn 0.69753 0.67007 -0.25389
vn 0.74226 0.67011 0.00000
vn 0.56866 0.67003 -0.47716
vn 0.37117 0.67003 -0.64288
vn 0.12890 0.67003 -0.73106
vn -0.12888 0.67007 -0.73102
vn -0.37116 0.67007 -0.64284
vn -0.56866 0.67003 -0.47716
vn -0.69753 0.67007 -0.25389
vn -0.74230 0.67007 0.00001
vn -0.69757 0.67003 0.25389
vn -0.56864 0.67007 0.47713
vn -0.37114 0.67007 0.64285
vn -0.12891 0.67003 0.73106
vn 0.12890 0.67003 0.73106
vn 0.37117 0.67003 0.64288
vn 0.56866 0.67003 0.47716
vn 0.69753 0.67007 0.25389
vn 0.00000 1.00000 -0.00000
# 56 vertex normals

vt 0.50000 0.00000 0.00000
vt 0.86111 0.00000 1.00000
vt 0.80556 0.00000 1.00000
vt 0.75000 0.00000 1.00000
vt 0.97222 0.00000 1.00000
vt 0.91667 0.00000 1.00000
vt 0.08333 0.00000 1.00000
vt 0.02778 0.00000 1.00000
vt -0.02778 0.00000 1.00000
vt 0.19444 0.00000 1.00000
vt 0.13889 0.00000 1.00000
vt 0.30556 0.00000 1.00000
vt 0.25000 0.00000 1.00000
vt 0.41667 0.00000 1.00000
vt 0.36111 0.00000 1.00000
vt 0.52778 0.00000 1.00000
vt 0.47222 0.00000 1.00000
vt 0.63889 0.00000 1.00000
vt 0.58333 0.00000 1.00000
vt 0.69444 0.00000 1.00000
vt 0.80556 0.20000 1.00000
vt 0.75000 0.20000 1.00000
vt 0.86111 0.20000 1.00000
vt 0.91667 0.20000 1.00000
vt 0.97222 0.20000 1.00000
vt 0.02778 0.20000 1.00000
vt -0.02778 0.20000 1.00000
vt 0.08333 0.20000 1.00000
vt 0.13889 0.20000 1.00000
vt 0.19444 0.20000 1.00000
vt 0.25000 0.20000 1.00000
vt 0.30556 0.20000 1.00000
vt 0.36111 0.20000 1.00000
vt 0.41667 0.20000 1.00000
vt 0.47222 0.20000 1.00000
vt 0.52778 0.20000 1.00000
vt 0.58333 0.20000 1.00000
vt 0.63889 0.20000 1.00000
vt 0.69444 0.20000 1.00000
vt 0.80556 0.40000 1.00000
vt 0.75000 0.40000 1.00000
vt 0.86111 0.40000 1.00000
vt 0.91667 0.40000 1.00000
vt 0.97222 0.40000 1.00000
vt 0.02778 0.40000 1.00000
vt -0.02778 0.40000 1.00000
vt 0.08333 0.40000 1.00000
vt 0.13889 0.40000 1.00000
vt 0.19444 0.40000 1.00000
vt 0.25000 0.40000 1.00000
vt 0.30556 0.40000 1.00000
vt 0.36111 0.40000 1.00000
vt 0.41667 0.40000 1.00000
vt 0.47222 0.40000 1.00000
vt 0.52778 0.40000 1.00000
vt 0.58333 0.40000 1.00000
vt 0.63889 0.40000 1.00000
vt 0.69444 0.40000 1.00000
vt 0.80556 0.60000 1.00000
vt 0.75000 0.60000 1.00000
vt 0.86111 0.60000 1.00000
vt 0.91667 0.60000 1.00000
vt 0.97222 0.60000 1.00000
vt 0.02778 0.60000 1.00000
vt -0.02778 0.60000 1.00000
vt 0.08333 0.60000 1.00000
vt 0.13889 0.60000 1.00000
vt 0.19444 0.60000 1.00000
vt 0.25000 0.60000 1.00000
vt 0.30556 0.60000 1.00000
vt 0.36111 0.60000 1.00000
vt 0.41667 0.60000 1.00000
vt 0.47222 0.60000 1.00000
vt 0.52778 0.60000 1.00000
vt 0.58333 0.60000 1.00000
vt 0.63889 0.60000 1.00000
vt 0.69444 0.60000 1.00000
vt 0.80556 0.80000 1.00000
vt 0.75000 0.80000 1.00000
vt 0.86111 0.80000 1.00000
vt 0.91667 0.80000 1.00000
vt 0.97222 0.80000 1.00000
vt 0.02778 0.80000 1.00000
vt -0.02778 0.80000 1.00000
vt 0.08333 0.80000 1.00000
vt 0.13889 0.80000 1.00000
vt 0.19444 0.80000 1.00000
vt 0.25000 0.80000 1.00000
vt 0.30556 0.80000 1.00000
vt 0.36111 0.80000 1.00000
vt 0.41667 0.80000 1.00000
vt 0.47222 0.80000 1.00000
vt 0.52778 0.80000 1.00000
vt 0.58333 0.80000 1.00000
vt 0.63889 0.80000 1.00000
vt 0.69444 0.80000 1.00000
vt 0.80556 1.00000 1.00000
vt 0.75000 1.00000 1.00000
vt 0.86111 1.00000 1.00000
vt 0.91667 1.00000 1.00000
vt 0.97222 1.00000 1.00000
vt 0.02778 1.00000 1.00000
vt -0.02778 1.00000 1.00000
vt 0.08333 1.00000 1.00000
vt 0.13889 1.00000 1.00000
vt 0.19444 1.00000 1.00000
vt 0.25000 1.00000 1.00000
vt 0.30556 1.00000 1.00000
vt 0.36111 1.00000 1.00000
vt 0.41667 1.00000 1.00000
vt 0.47222 1.00000 1.00000
vt 0.52778 1.00000 1.00000
vt 0.58333 1.00000 1.00000
vt 0.63889 1.00000 1.00000
vt 0.69444 1.00000 1.00000
vt 0.50000 1.00000 0.00000
vt 0.97082 1.00000 0.87939
# 117 texture coords

o Cylinder149
g Cylinder149
usemtl wire_010010010
s 1
f 994/1064/532 995/1065/533 996/1066/534 997/1067/535 
f 994/1064/532 998/1068/536 999/1069/537 995/1065/533 
f 994/1064/532 1000/1070/538 1001/1071/539 998/1072/536 
f 994/1064/532 1002/1073/540 1003/1074/541 1000/1070/538 
f 994/1064/532 1004/1075/542 1005/1076/543 1002/1073/540 
f 994/1064/532 1006/1077/544 1007/1078/545 1004/1075/542 
f 994/1064/532 1008/1079/546 1009/1080/547 1006/1077/544 
f 994/1064/532 1010/1081/548 1011/1082/549 1008/1079/546 
f 994/1064/532 997/1067/535 1012/1083/550 1010/1081/548 
s 8
f 997/1067/535 996/1066/534 1013/1084/551 1014/1085/552 
f 996/1066/534 995/1065/533 1015/1086/553 1013/1084/551 
f 995/1065/533 999/1069/537 1016/1087/554 1015/1086/553 
f 999/1069/537 998/1068/536 1017/1088/555 1016/1087/554 
f 998/1072/536 1001/1071/539 1018/1089/556 1017/1090/555 
f 1001/1071/539 1000/1070/538 1019/1091/557 1018/1089/556 
f 1000/1070/538 1003/1074/541 1020/1092/558 1019/1091/557 
f 1003/1074/541 1002/1073/540 1021/1093/559 1020/1092/558 
f 1002/1073/540 1005/1076/543 1022/1094/560 1021/1093/559 
f 1005/1076/543 1004/1075/542 1023/1095/561 1022/1094/560 
f 1004/1075/542 1007/1078/545 1024/1096/562 1023/1095/561 
f 1007/1078/545 1006/1077/544 1025/1097/563 1024/1096/562 
f 1006/1077/544 1009/1080/547 1026/1098/564 1025/1097/563 
f 1009/1080/547 1008/1079/546 1027/1099/565 1026/1098/564 
f 1008/1079/546 1011/1082/549 1028/1100/566 1027/1099/565 
f 1011/1082/549 1010/1081/548 1029/1101/567 1028/1100/566 
f 1010/1081/548 1012/1083/550 1030/1102/568 1029/1101/567 
f 1012/1083/550 997/1067/535 1014/1085/552 1030/1102/568 
f 1014/1085/552 1013/1084/551 1031/1103/551 1032/1104/552 
f 1013/1084/551 1015/1086/553 1033/1105/553 1031/1103/551 
f 1015/1086/553 1016/1087/554 1034/1106/554 1033/1105/553 
f 1016/1087/554 1017/1088/555 1035/1107/555 1034/1106/554 
f 1017/1090/555 1018/1089/556 1036/1108/556 1035/1109/555 
f 1018/1089/556 1019/1091/557 1037/1110/557 1036/1108/556 
f 1019/1091/557 1020/1092/558 1038/1111/558 1037/1110/557 
f 1020/1092/558 1021/1093/559 1039/1112/559 1038/1111/558 
f 1021/1093/559 1022/1094/560 1040/1113/560 1039/1112/559 
f 1022/1094/560 1023/1095/561 1041/1114/561 1040/1113/560 
f 1023/1095/561 1024/1096/562 1042/1115/562 1041/1114/561 
f 1024/1096/562 1025/1097/563 1043/1116/563 1042/1115/562 
f 1025/1097/563 1026/1098/564 1044/1117/564 1043/1116/563 
f 1026/1098/564 1027/1099/565 1045/1118/565 1044/1117/564 
f 1027/1099/565 1028/1100/566 1046/1119/566 1045/1118/565 
f 1028/1100/566 1029/1101/567 1047/1120/567 1046/1119/566 
f 1029/1101/567 1030/1102/568 1048/1121/568 1047/1120/567 
f 1030/1102/568 1014/1085/552 1032/1104/552 1048/1121/568 
f 1032/1104/552 1031/1103/551 1049/1122/551 1050/1123/552 
f 1031/1103/551 1033/1105/553 1051/1124/553 1049/1122/551 
f 1033/1105/553 1034/1106/554 1052/1125/554 1051/1124/553 
f 1034/1106/554 1035/1107/555 1053/1126/555 1052/1125/554 
f 1035/1109/555 1036/1108/556 1054/1127/556 1053/1128/555 
f 1036/1108/556 1037/1110/557 1055/1129/557 1054/1127/556 
f 1037/1110/557 1038/1111/558 1056/1130/558 1055/1129/557 
f 1038/1111/558 1039/1112/559 1057/1131/559 1056/1130/558 
f 1039/1112/559 1040/1113/560 1058/1132/560 1057/1131/559 
f 1040/1113/560 1041/1114/561 1059/1133/561 1058/1132/560 
f 1041/1114/561 1042/1115/562 1060/1134/562 1059/1133/561 
f 1042/1115/562 1043/1116/563 1061/1135/563 1060/1134/562 
f 1043/1116/563 1044/1117/564 1062/1136/564 1061/1135/563 
f 1044/1117/564 1045/1118/565 1063/1137/565 1062/1136/564 
f 1045/1118/565 1046/1119/566 1064/1138/566 1063/1137/565 
f 1046/1119/566 1047/1120/567 1065/1139/567 1064/1138/566 
f 1047/1120/567 1048/1121/568 1066/1140/568 1065/1139/567 
f 1048/1121/568 1032/1104/552 1050/1123/552 1066/1140/568 
f 1050/1123/552 1049/1122/551 1067/1141/551 1068/1142/552 
f 1049/1122/551 1051/1124/553 1069/1143/553 1067/1141/551 
f 1051/1124/553 1052/1125/554 1070/1144/554 1069/1143/553 
f 1052/1125/554 1053/1126/555 1071/1145/555 1070/1144/554 
f 1053/1128/555 1054/1127/556 1072/1146/556 1071/1147/555 
f 1054/1127/556 1055/1129/557 1073/1148/557 1072/1146/556 
f 1055/1129/557 1056/1130/558 1074/1149/558 1073/1148/557 
f 1056/1130/558 1057/1131/559 1075/1150/559 1074/1149/558 
f 1057/1131/559 1058/1132/560 1076/1151/560 1075/1150/559 
f 1058/1132/560 1059/1133/561 1077/1152/561 1076/1151/560 
f 1059/1133/561 1060/1134/562 1078/1153/562 1077/1152/561 
f 1060/1134/562 1061/1135/563 1079/1154/563 1078/1153/562 
f 1061/1135/563 1062/1136/564 1080/1155/564 1079/1154/563 
f 1062/1136/564 1063/1137/565 1081/1156/565 1080/1155/564 
f 1063/1137/565 1064/1138/566 1082/1157/566 1081/1156/565 
f 1064/1138/566 1065/1139/567 1083/1158/567 1082/1157/566 
f 1065/1139/567 1066/1140/568 1084/1159/568 1083/1158/567 
f 1066/1140/568 1050/1123/552 1068/1142/552 1084/1159/568 
f 1068/1142/552 1067/1141/551 1085/1160/569 1086/1161/570 
f 1067/1141/551 1069/1143/553 1087/1162/571 1085/1160/569 
f 1069/1143/553 1070/1144/554 1088/1163/572 1087/1162/571 
f 1070/1144/554 1071/1145/555 1089/1164/573 1088/1163/572 
f 1071/1147/555 1072/1146/556 1090/1165/574 1089/1166/573 
f 1072/1146/556 1073/1148/557 1091/1167/575 1090/1165/574 
f 1073/1148/557 1074/1149/558 1092/1168/576 1091/1167/575 
f 1074/1149/558 1075/1150/559 1093/1169/577 1092/1168/576 
f 1075/1150/559 1076/1151/560 1094/1170/578 1093/1169/577 
f 1076/1151/560 1077/1152/561 1095/1171/579 1094/1170/578 
f 1077/1152/561 1078/1153/562 1096/1172/580 1095/1171/579 
f 1078/1153/562 1079/1154/563 1097/1173/581 1096/1172/580 
f 1079/1154/563 1080/1155/564 1098/1174/582 1097/1173/581 
f 1080/1155/564 1081/1156/565 1099/1175/583 1098/1174/582 
f 1081/1156/565 1082/1157/566 1100/1176/584 1099/1175/583 
f 1082/1157/566 1083/1158/567 1101/1177/585 1100/1176/584 
f 1083/1158/567 1084/1159/568 1102/1178/586 1101/1177/585 
f 1084/1159/568 1068/1142/552 1086/1161/570 1102/1178/586 
s 1
f 1103/1179/587 1102/1178/586 1086/1161/570 1085/1160/569 
f 1103/1179/587 1085/1160/569 1087/1162/571 1088/1163/572 
f 1103/1179/587 1088/1163/572 1089/1164/573 1090/1180/574 
f 1103/1179/587 1090/1165/574 1091/1167/575 1092/1168/576 
f 1103/1179/587 1092/1168/576 1093/1169/577 1094/1170/578 
f 1103/1179/587 1094/1170/578 1095/1171/579 1096/1172/580 
f 1103/1179/587 1096/1172/580 1097/1173/581 1098/1174/582 
f 1103/1179/587 1098/1174/582 1099/1175/583 1100/1176/584 
f 1103/1179/587 1100/1176/584 1101/1177/585 1102/1178/586 
# 108 polygons

#
# object Cylinder150
#

v  -6.04795 34.45547 -125.71899
v  11.25107 34.45547 -140.23459
v  15.17244 34.45547 -133.44258
v  16.53432 34.45547 -125.71899
v  -2.12658 34.45547 -147.95819
v  5.24318 34.45547 -145.27582
v  -17.33908 34.45547 -145.27582
v  -9.96932 34.45547 -147.95819
v  -27.26834 34.45547 -133.44258
v  -23.34697 34.45547 -140.23459
v  -27.26834 34.45547 -117.99541
v  -28.63021 34.45547 -125.71899
v  -17.33909 34.45547 -106.16219
v  -23.34697 34.45547 -111.20340
v  -2.12659 34.45547 -103.47980
v  -9.96933 34.45547 -103.47980
v  11.25106 34.45547 -111.20338
v  5.24317 34.45547 -106.16217
v  15.17244 34.45547 -117.99539
v  15.17244 34.83118 -133.44258
v  16.53432 34.83118 -125.71899
v  11.25107 34.83118 -140.23459
v  5.24318 34.83118 -145.27582
v  -2.12658 34.83118 -147.95819
v  -9.96932 34.83118 -147.95819
v  -17.33908 34.83118 -145.27582
v  -23.34697 34.83118 -140.23459
v  -27.26834 34.83118 -133.44258
v  -28.63021 34.83118 -125.71899
v  -27.26834 34.83118 -117.99541
v  -23.34697 34.83118 -111.20340
v  -17.33909 34.83118 -106.16219
v  -9.96933 34.83118 -103.47980
v  -2.12659 34.83118 -103.47980
v  5.24317 34.83118 -106.16217
v  11.25106 34.83118 -111.20338
v  15.17244 34.83118 -117.99539
v  15.17244 35.20691 -133.44258
v  16.53432 35.20691 -125.71899
v  11.25107 35.20691 -140.23459
v  5.24319 35.20691 -145.27582
v  -2.12658 35.20691 -147.95819
v  -9.96932 35.20691 -147.95819
v  -17.33908 35.20691 -145.27582
v  -23.34697 35.20691 -140.23459
v  -27.26834 35.20691 -133.44258
v  -28.63021 35.20691 -125.71899
v  -27.26834 35.20691 -117.99541
v  -23.34697 35.20691 -111.20340
v  -17.33909 35.20691 -106.16219
v  -9.96933 35.20691 -103.47980
v  -2.12659 35.20691 -103.47980
v  5.24318 35.20691 -106.16217
v  11.25106 35.20691 -111.20338
v  15.17244 35.20691 -117.99539
v  15.17244 35.58262 -133.44258
v  16.53432 35.58262 -125.71899
v  11.25107 35.58262 -140.23459
v  5.24318 35.58262 -145.27582
v  -2.12658 35.58262 -147.95819
v  -9.96932 35.58262 -147.95819
v  -17.33908 35.58262 -145.27582
v  -23.34697 35.58262 -140.23459
v  -27.26834 35.58262 -133.44258
v  -28.63021 35.58262 -125.71899
v  -27.26834 35.58262 -117.99541
v  -23.34697 35.58262 -111.20340
v  -17.33909 35.58262 -106.16219
v  -9.96933 35.58262 -103.47980
v  -2.12659 35.58262 -103.47980
v  5.24317 35.58262 -106.16217
v  11.25106 35.58262 -111.20338
v  15.17244 35.58262 -117.99539
v  15.17244 35.95834 -133.44258
v  16.53432 35.95834 -125.71899
v  11.25107 35.95834 -140.23459
v  5.24318 35.95834 -145.27582
v  -2.12658 35.95834 -147.95819
v  -9.96932 35.95834 -147.95819
v  -17.33908 35.95834 -145.27582
v  -23.34697 35.95834 -140.23459
v  -27.26834 35.95834 -133.44258
v  -28.63021 35.95834 -125.71899
v  -27.26834 35.95834 -117.99541
v  -23.34697 35.95834 -111.20340
v  -17.33909 35.95834 -106.16219
v  -9.96933 35.95834 -103.47980
v  -2.12659 35.95834 -103.47980
v  5.24317 35.95834 -106.16217
v  11.25106 35.95834 -111.20338
v  15.17244 35.95834 -117.99539
v  15.17244 36.33406 -133.44258
v  16.53432 36.33406 -125.71899
v  11.25107 36.33406 -140.23459
v  5.24318 36.33406 -145.27582
v  -2.12658 36.33406 -147.95819
v  -9.96932 36.33406 -147.95819
v  -17.33908 36.33406 -145.27582
v  -23.34697 36.33406 -140.23459
v  -27.26834 36.33406 -133.44258
v  -28.63021 36.33406 -125.71899
v  -27.26834 36.33406 -117.99541
v  -23.34697 36.33406 -111.20340
v  -17.33909 36.33406 -106.16219
v  -9.96933 36.33406 -103.47980
v  -2.12659 36.33406 -103.47980
v  5.24317 36.33406 -106.16217
v  11.25106 36.33406 -111.20338
v  15.17244 36.33406 -117.99539
v  -6.04795 36.33406 -125.71899
# 110 vertices

vn 0.00000 -1.00000 -0.00000
vn 0.56866 -0.67003 -0.47716
vn 0.69753 -0.67007 -0.25389
vn 0.74226 -0.67011 0.00000
vn 0.12890 -0.67003 -0.73106
vn 0.37117 -0.67003 -0.64288
vn -0.37117 -0.67003 -0.64288
vn -0.12890 -0.67003 -0.73106
vn -0.69750 -0.67011 -0.25387
vn -0.56862 -0.67007 -0.47715
vn -0.69754 -0.67007 0.25387
vn -0.74230 -0.67007 0.00001
vn -0.37117 -0.67003 0.64288
vn -0.56862 -0.67007 0.47715
vn 0.12888 -0.67007 0.73102
vn -0.12891 -0.67003 0.73106
vn 0.56862 -0.67007 0.47715
vn 0.37116 -0.67007 0.64284
vn 0.69750 -0.67011 0.25387
vn 0.93969 -0.00000 -0.34202
vn 1.00000 -0.00000 0.00000
vn 0.76604 -0.00000 -0.64279
vn 0.50000 -0.00000 -0.86603
vn 0.17365 -0.00000 -0.98481
vn -0.17365 -0.00000 -0.98481
vn -0.50000 -0.00000 -0.86603
vn -0.76603 -0.00000 -0.64280
vn -0.93969 -0.00000 -0.34202
vn -1.00000 -0.00000 -0.00000
vn -0.93969 -0.00000 0.34202
vn -0.76604 -0.00000 0.64279
vn -0.50000 -0.00000 0.86603
vn -0.17365 -0.00000 0.98481
vn 0.17365 -0.00000 0.98481
vn 0.50000 -0.00000 0.86603
vn 0.76604 -0.00000 0.64279
vn 0.93969 -0.00000 0.34202
vn 0.93969 -0.00000 -0.34204
vn 0.50002 -0.00000 -0.86602
vn 0.17363 -0.00000 -0.98481
vn -0.76606 -0.00000 -0.64277
vn -1.00000 -0.00000 0.00002
vn 0.93969 -0.00000 0.34204
vn 0.93969 0.00000 -0.34202
vn 1.00000 0.00000 0.00000
vn 0.76604 0.00000 -0.64279
vn 0.50000 0.00000 -0.86603
vn 0.17365 0.00000 -0.98481
vn -0.17365 0.00000 -0.98481
vn -0.50000 0.00000 -0.86603
vn -0.76603 0.00000 -0.64280
vn -0.93969 0.00000 -0.34202
vn -1.00000 0.00000 -0.00000
vn -0.93969 0.00000 0.34202
vn -0.76604 0.00000 0.64279
vn -0.50000 0.00000 0.86603
vn -0.17365 0.00000 0.98481
vn 0.17365 0.00000 0.98481
vn 0.50000 0.00000 0.86603
vn 0.76604 0.00000 0.64279
vn 0.93969 0.00000 0.34202
vn 0.93969 0.00000 -0.34204
vn -1.00000 0.00000 0.00002
vn -0.93970 0.00000 0.34200
vn -0.76603 0.00000 0.64280
vn 0.17363 0.00000 0.98481
vn 0.50002 0.00000 0.86602
vn 0.76603 0.00000 0.64280
vn 0.69753 0.67007 -0.25389
vn 0.74226 0.67011 0.00000
vn 0.56866 0.67003 -0.47716
vn 0.37117 0.67003 -0.64288
vn 0.12890 0.67003 -0.73106
vn -0.12890 0.67003 -0.73106
vn -0.37117 0.67003 -0.64288
vn -0.56862 0.67007 -0.47715
vn -0.69750 0.67011 -0.25387
vn -0.74230 0.67007 0.00001
vn -0.69754 0.67007 0.25387
vn -0.56862 0.67007 0.47715
vn -0.37117 0.67003 0.64288
vn -0.12891 0.67003 0.73106
vn 0.12888 0.67007 0.73102
vn 0.37116 0.67007 0.64284
vn 0.56862 0.67007 0.47715
vn 0.69750 0.67011 0.25387
vn 0.00000 1.00000 -0.00000
# 87 vertex normals

vt 0.50000 0.00000 0.00000
vt 0.86111 0.00000 1.00000
vt 0.80556 0.00000 1.00000
vt 0.75000 0.00000 1.00000
vt 0.97222 0.00000 1.00000
vt 0.91667 0.00000 1.00000
vt 0.08333 0.00000 1.00000
vt 0.02778 0.00000 1.00000
vt -0.02778 0.00000 1.00000
vt 0.19444 0.00000 1.00000
vt 0.13889 0.00000 1.00000
vt 0.30556 0.00000 1.00000
vt 0.25000 0.00000 1.00000
vt 0.41667 0.00000 1.00000
vt 0.36111 0.00000 1.00000
vt 0.52778 0.00000 1.00000
vt 0.47222 0.00000 1.00000
vt 0.63889 0.00000 1.00000
vt 0.58333 0.00000 1.00000
vt 0.69444 0.00000 1.00000
vt 0.80556 0.20000 1.00000
vt 0.75000 0.20000 1.00000
vt 0.86111 0.20000 1.00000
vt 0.91667 0.20000 1.00000
vt 0.97222 0.20000 1.00000
vt 0.02778 0.20000 1.00000
vt -0.02778 0.20000 1.00000
vt 0.08333 0.20000 1.00000
vt 0.13889 0.20000 1.00000
vt 0.19444 0.20000 1.00000
vt 0.25000 0.20000 1.00000
vt 0.30556 0.20000 1.00000
vt 0.36111 0.20000 1.00000
vt 0.41667 0.20000 1.00000
vt 0.47222 0.20000 1.00000
vt 0.52778 0.20000 1.00000
vt 0.58333 0.20000 1.00000
vt 0.63889 0.20000 1.00000
vt 0.69444 0.20000 1.00000
vt 0.80556 0.40000 1.00000
vt 0.75000 0.40000 1.00000
vt 0.86111 0.40000 1.00000
vt 0.91667 0.40000 1.00000
vt 0.97222 0.40000 1.00000
vt 0.02778 0.40000 1.00000
vt -0.02778 0.40000 1.00000
vt 0.08333 0.40000 1.00000
vt 0.13889 0.40000 1.00000
vt 0.19444 0.40000 1.00000
vt 0.25000 0.40000 1.00000
vt 0.30556 0.40000 1.00000
vt 0.36111 0.40000 1.00000
vt 0.41667 0.40000 1.00000
vt 0.47222 0.40000 1.00000
vt 0.52778 0.40000 1.00000
vt 0.58333 0.40000 1.00000
vt 0.63889 0.40000 1.00000
vt 0.69444 0.40000 1.00000
vt 0.80556 0.60000 1.00000
vt 0.75000 0.60000 1.00000
vt 0.86111 0.60000 1.00000
vt 0.91667 0.60000 1.00000
vt 0.97222 0.60000 1.00000
vt 0.02778 0.60000 1.00000
vt -0.02778 0.60000 1.00000
vt 0.08333 0.60000 1.00000
vt 0.13889 0.60000 1.00000
vt 0.19444 0.60000 1.00000
vt 0.25000 0.60000 1.00000
vt 0.30556 0.60000 1.00000
vt 0.36111 0.60000 1.00000
vt 0.41667 0.60000 1.00000
vt 0.47222 0.60000 1.00000
vt 0.52778 0.60000 1.00000
vt 0.58333 0.60000 1.00000
vt 0.63889 0.60000 1.00000
vt 0.69444 0.60000 1.00000
vt 0.80556 0.80000 1.00000
vt 0.75000 0.80000 1.00000
vt 0.86111 0.80000 1.00000
vt 0.91667 0.80000 1.00000
vt 0.97222 0.80000 1.00000
vt 0.02778 0.80000 1.00000
vt -0.02778 0.80000 1.00000
vt 0.08333 0.80000 1.00000
vt 0.13889 0.80000 1.00000
vt 0.19444 0.80000 1.00000
vt 0.25000 0.80000 1.00000
vt 0.30556 0.80000 1.00000
vt 0.36111 0.80000 1.00000
vt 0.41667 0.80000 1.00000
vt 0.47222 0.80000 1.00000
vt 0.52778 0.80000 1.00000
vt 0.58333 0.80000 1.00000
vt 0.63889 0.80000 1.00000
vt 0.69444 0.80000 1.00000
vt 0.80556 1.00000 1.00000
vt 0.75000 1.00000 1.00000
vt 0.86111 1.00000 1.00000
vt 0.91667 1.00000 1.00000
vt 0.97222 1.00000 1.00000
vt 0.02778 1.00000 1.00000
vt -0.02778 1.00000 1.00000
vt 0.08333 1.00000 1.00000
vt 0.13889 1.00000 1.00000
vt 0.19444 1.00000 1.00000
vt 0.25000 1.00000 1.00000
vt 0.30556 1.00000 1.00000
vt 0.36111 1.00000 1.00000
vt 0.41667 1.00000 1.00000
vt 0.47222 1.00000 1.00000
vt 0.52778 1.00000 1.00000
vt 0.58333 1.00000 1.00000
vt 0.63889 1.00000 1.00000
vt 0.69444 1.00000 1.00000
vt 0.50000 1.00000 0.00000
vt 0.97082 1.00000 0.87939
# 117 texture coords

o Cylinder150
g Cylinder150
usemtl wire_015015015
s 1
f 1104/1181/588 1105/1182/589 1106/1183/590 1107/1184/591 
f 1104/1181/588 1108/1185/592 1109/1186/593 1105/1182/589 
f 1104/1181/588 1110/1187/594 1111/1188/595 1108/1189/592 
f 1104/1181/588 1112/1190/596 1113/1191/597 1110/1187/594 
f 1104/1181/588 1114/1192/598 1115/1193/599 1112/1190/596 
f 1104/1181/588 1116/1194/600 1117/1195/601 1114/1192/598 
f 1104/1181/588 1118/1196/602 1119/1197/603 1116/1194/600 
f 1104/1181/588 1120/1198/604 1121/1199/605 1118/1196/602 
f 1104/1181/588 1107/1184/591 1122/1200/606 1120/1198/604 
s 8
f 1107/1184/591 1106/1183/590 1123/1201/607 1124/1202/608 
f 1106/1183/590 1105/1182/589 1125/1203/609 1123/1201/607 
f 1105/1182/589 1109/1186/593 1126/1204/610 1125/1203/609 
f 1109/1186/593 1108/1185/592 1127/1205/611 1126/1204/610 
f 1108/1189/592 1111/1188/595 1128/1206/612 1127/1207/611 
f 1111/1188/595 1110/1187/594 1129/1208/613 1128/1206/612 
f 1110/1187/594 1113/1191/597 1130/1209/614 1129/1208/613 
f 1113/1191/597 1112/1190/596 1131/1210/615 1130/1209/614 
f 1112/1190/596 1115/1193/599 1132/1211/616 1131/1210/615 
f 1115/1193/599 1114/1192/598 1133/1212/617 1132/1211/616 
f 1114/1192/598 1117/1195/601 1134/1213/618 1133/1212/617 
f 1117/1195/601 1116/1194/600 1135/1214/619 1134/1213/618 
f 1116/1194/600 1119/1197/603 1136/1215/620 1135/1214/619 
f 1119/1197/603 1118/1196/602 1137/1216/621 1136/1215/620 
f 1118/1196/602 1121/1199/605 1138/1217/622 1137/1216/621 
f 1121/1199/605 1120/1198/604 1139/1218/623 1138/1217/622 
f 1120/1198/604 1122/1200/606 1140/1219/624 1139/1218/623 
f 1122/1200/606 1107/1184/591 1124/1202/608 1140/1219/624 
f 1124/1202/608 1123/1201/607 1141/1220/625 1142/1221/608 
f 1123/1201/607 1125/1203/609 1143/1222/609 1141/1220/625 
f 1125/1203/609 1126/1204/610 1144/1223/626 1143/1222/609 
f 1126/1204/610 1127/1205/611 1145/1224/627 1144/1223/626 
f 1127/1207/611 1128/1206/612 1146/1225/612 1145/1226/627 
f 1128/1206/612 1129/1208/613 1147/1227/613 1146/1225/612 
f 1129/1208/613 1130/1209/614 1148/1228/628 1147/1227/613 
f 1130/1209/614 1131/1210/615 1149/1229/615 1148/1228/628 
f 1131/1210/615 1132/1211/616 1150/1230/629 1149/1229/615 
f 1132/1211/616 1133/1212/617 1151/1231/617 1150/1230/629 
f 1133/1212/617 1134/1213/618 1152/1232/618 1151/1231/617 
f 1134/1213/618 1135/1214/619 1153/1233/619 1152/1232/618 
f 1135/1214/619 1136/1215/620 1154/1234/620 1153/1233/619 
f 1136/1215/620 1137/1216/621 1155/1235/621 1154/1234/620 
f 1137/1216/621 1138/1217/622 1156/1236/622 1155/1235/621 
f 1138/1217/622 1139/1218/623 1157/1237/623 1156/1236/622 
f 1139/1218/623 1140/1219/624 1158/1238/630 1157/1237/623 
f 1140/1219/624 1124/1202/608 1142/1221/608 1158/1238/630 
f 1142/1221/608 1141/1220/625 1159/1239/631 1160/1240/632 
f 1141/1220/625 1143/1222/609 1161/1241/633 1159/1239/631 
f 1143/1222/609 1144/1223/626 1162/1242/634 1161/1241/633 
f 1144/1223/626 1145/1224/627 1163/1243/635 1162/1242/634 
f 1145/1226/627 1146/1225/612 1164/1244/636 1163/1245/635 
f 1146/1225/612 1147/1227/613 1165/1246/637 1164/1244/636 
f 1147/1227/613 1148/1228/628 1166/1247/638 1165/1246/637 
f 1148/1228/628 1149/1229/615 1167/1248/639 1166/1247/638 
f 1149/1229/615 1150/1230/629 1168/1249/640 1167/1248/639 
f 1150/1230/629 1151/1231/617 1169/1250/641 1168/1249/640 
f 1151/1231/617 1152/1232/618 1170/1251/642 1169/1250/641 
f 1152/1232/618 1153/1233/619 1171/1252/643 1170/1251/642 
f 1153/1233/619 1154/1234/620 1172/1253/644 1171/1252/643 
f 1154/1234/620 1155/1235/621 1173/1254/645 1172/1253/644 
f 1155/1235/621 1156/1236/622 1174/1255/646 1173/1254/645 
f 1156/1236/622 1157/1237/623 1175/1256/647 1174/1255/646 
f 1157/1237/623 1158/1238/630 1176/1257/648 1175/1256/647 
f 1158/1238/630 1142/1221/608 1160/1240/632 1176/1257/648 
f 1160/1240/632 1159/1239/631 1177/1258/649 1178/1259/632 
f 1159/1239/631 1161/1241/633 1179/1260/633 1177/1258/649 
f 1161/1241/633 1162/1242/634 1180/1261/634 1179/1260/633 
f 1162/1242/634 1163/1243/635 1181/1262/635 1180/1261/634 
f 1163/1245/635 1164/1244/636 1182/1263/636 1181/1264/635 
f 1164/1244/636 1165/1246/637 1183/1265/637 1182/1263/636 
f 1165/1246/637 1166/1247/638 1184/1266/638 1183/1265/637 
f 1166/1247/638 1167/1248/639 1185/1267/639 1184/1266/638 
f 1167/1248/639 1168/1249/640 1186/1268/650 1185/1267/639 
f 1168/1249/640 1169/1250/641 1187/1269/651 1186/1268/650 
f 1169/1250/641 1170/1251/642 1188/1270/652 1187/1269/651 
f 1170/1251/642 1171/1252/643 1189/1271/643 1188/1270/652 
f 1171/1252/643 1172/1253/644 1190/1272/644 1189/1271/643 
f 1172/1253/644 1173/1254/645 1191/1273/653 1190/1272/644 
f 1173/1254/645 1174/1255/646 1192/1274/654 1191/1273/653 
f 1174/1255/646 1175/1256/647 1193/1275/655 1192/1274/654 
f 1175/1256/647 1176/1257/648 1194/1276/648 1193/1275/655 
f 1176/1257/648 1160/1240/632 1178/1259/632 1194/1276/648 
f 1178/1259/632 1177/1258/649 1195/1277/656 1196/1278/657 
f 1177/1258/649 1179/1260/633 1197/1279/658 1195/1277/656 
f 1179/1260/633 1180/1261/634 1198/1280/659 1197/1279/658 
f 1180/1261/634 1181/1262/635 1199/1281/660 1198/1280/659 
f 1181/1264/635 1182/1263/636 1200/1282/661 1199/1283/660 
f 1182/1263/636 1183/1265/637 1201/1284/662 1200/1282/661 
f 1183/1265/637 1184/1266/638 1202/1285/663 1201/1284/662 
f 1184/1266/638 1185/1267/639 1203/1286/664 1202/1285/663 
f 1185/1267/639 1186/1268/650 1204/1287/665 1203/1286/664 
f 1186/1268/650 1187/1269/651 1205/1288/666 1204/1287/665 
f 1187/1269/651 1188/1270/652 1206/1289/667 1205/1288/666 
f 1188/1270/652 1189/1271/643 1207/1290/668 1206/1289/667 
f 1189/1271/643 1190/1272/644 1208/1291/669 1207/1290/668 
f 1190/1272/644 1191/1273/653 1209/1292/670 1208/1291/669 
f 1191/1273/653 1192/1274/654 1210/1293/671 1209/1292/670 
f 1192/1274/654 1193/1275/655 1211/1294/672 1210/1293/671 
f 1193/1275/655 1194/1276/648 1212/1295/673 1211/1294/672 
f 1194/1276/648 1178/1259/632 1196/1278/657 1212/1295/673 
s 1
f 1213/1296/674 1212/1295/673 1196/1278/657 1195/1277/656 
f 1213/1296/674 1195/1277/656 1197/1279/658 1198/1280/659 
f 1213/1296/674 1198/1280/659 1199/1281/660 1200/1297/661 
f 1213/1296/674 1200/1282/661 1201/1284/662 1202/1285/663 
f 1213/1296/674 1202/1285/663 1203/1286/664 1204/1287/665 
f 1213/1296/674 1204/1287/665 1205/1288/666 1206/1289/667 
f 1213/1296/674 1206/1289/667 1207/1290/668 1208/1291/669 
f 1213/1296/674 1208/1291/669 1209/1292/670 1210/1293/671 
f 1213/1296/674 1210/1293/671 1211/1294/672 1212/1295/673 
# 108 polygons

#
# object Cylinder151
#

v  59.70291 34.45547 -127.59749
v  76.26807 34.45547 -141.49731
v  80.02309 34.45547 -134.99342
v  81.32719 34.45547 -127.59749
v  63.45793 34.45547 -148.89325
v  70.51505 34.45547 -146.32466
v  48.89077 34.45547 -146.32466
v  55.94789 34.45547 -148.89325
v  39.38274 34.45547 -134.99342
v  43.13776 34.45547 -141.49731
v  39.38274 34.45547 -120.20155
v  38.07864 34.45547 -127.59749
v  48.89077 34.45547 -108.87032
v  43.13775 34.45547 -113.69768
v  63.45792 34.45547 -106.30173
v  55.94789 34.45547 -106.30173
v  76.26806 34.45547 -113.69766
v  70.51504 34.45547 -108.87031
v  80.02308 34.45547 -120.20154
v  80.02309 34.83118 -134.99342
v  81.32719 34.83118 -127.59749
v  76.26807 34.83118 -141.49731
v  70.51505 34.83118 -146.32466
v  63.45793 34.83118 -148.89325
v  55.94789 34.83118 -148.89325
v  48.89077 34.83118 -146.32466
v  43.13776 34.83118 -141.49731
v  39.38274 34.83118 -134.99342
v  38.07864 34.83118 -127.59749
v  39.38274 34.83118 -120.20155
v  43.13775 34.83118 -113.69768
v  48.89077 34.83118 -108.87032
v  55.94789 34.83118 -106.30173
v  63.45792 34.83118 -106.30173
v  70.51504 34.83118 -108.87031
v  76.26806 34.83118 -113.69766
v  80.02308 34.83118 -120.20154
v  80.02309 35.20691 -134.99342
v  81.32719 35.20691 -127.59749
v  76.26807 35.20691 -141.49731
v  70.51505 35.20691 -146.32466
v  63.45793 35.20691 -148.89325
v  55.94789 35.20691 -148.89325
v  48.89077 35.20691 -146.32466
v  43.13776 35.20691 -141.49731
v  39.38274 35.20691 -134.99342
v  38.07864 35.20691 -127.59749
v  39.38274 35.20691 -120.20155
v  43.13775 35.20691 -113.69768
v  48.89077 35.20691 -108.87032
v  55.94789 35.20691 -106.30173
v  63.45792 35.20691 -106.30173
v  70.51504 35.20691 -108.87031
v  76.26806 35.20691 -113.69766
v  80.02308 35.20691 -120.20154
v  80.02309 35.58262 -134.99342
v  81.32719 35.58262 -127.59749
v  76.26807 35.58262 -141.49731
v  70.51505 35.58262 -146.32466
v  63.45793 35.58262 -148.89325
v  55.94789 35.58262 -148.89325
v  48.89077 35.58262 -146.32466
v  43.13776 35.58262 -141.49731
v  39.38274 35.58262 -134.99342
v  38.07864 35.58262 -127.59749
v  39.38274 35.58262 -120.20155
v  43.13775 35.58262 -113.69768
v  48.89077 35.58262 -108.87032
v  55.94789 35.58262 -106.30173
v  63.45792 35.58262 -106.30173
v  70.51504 35.58262 -108.87031
v  76.26806 35.58262 -113.69766
v  80.02308 35.58262 -120.20154
v  80.02309 35.95834 -134.99342
v  81.32719 35.95834 -127.59749
v  76.26807 35.95834 -141.49731
v  70.51505 35.95834 -146.32466
v  63.45793 35.95834 -148.89325
v  55.94789 35.95834 -148.89325
v  48.89077 35.95834 -146.32466
v  43.13776 35.95834 -141.49731
v  39.38274 35.95834 -134.99342
v  38.07864 35.95834 -127.59749
v  39.38274 35.95834 -120.20155
v  43.13775 35.95834 -113.69768
v  48.89077 35.95834 -108.87032
v  55.94789 35.95834 -106.30173
v  63.45792 35.95834 -106.30173
v  70.51504 35.95834 -108.87031
v  76.26806 35.95834 -113.69766
v  80.02308 35.95834 -120.20154
v  80.02309 36.33406 -134.99342
v  81.32719 36.33406 -127.59749
v  76.26807 36.33406 -141.49731
v  70.51505 36.33406 -146.32466
v  63.45793 36.33406 -148.89325
v  55.94789 36.33406 -148.89325
v  48.89077 36.33406 -146.32466
v  43.13776 36.33406 -141.49731
v  39.38274 36.33406 -134.99342
v  38.07864 36.33406 -127.59749
v  39.38274 36.33406 -120.20155
v  43.13775 36.33406 -113.69768
v  48.89077 36.33406 -108.87032
v  55.94789 36.33406 -106.30173
v  63.45792 36.33406 -106.30173
v  70.51504 36.33406 -108.87031
v  76.26806 36.33406 -113.69766
v  80.02308 36.33406 -120.20154
v  59.70291 36.33406 -127.59749
# 110 vertices

vn 0.00000 -1.00000 -0.00000
vn 0.56864 -0.67007 -0.47713
vn 0.69753 -0.67007 -0.25389
vn 0.74230 -0.67007 0.00001
vn 0.12888 -0.67007 -0.73102
vn 0.37113 -0.67011 -0.64282
vn -0.37114 -0.67007 -0.64285
vn -0.12890 -0.67003 -0.73106
vn -0.69757 -0.67003 -0.25389
vn -0.56864 -0.67007 -0.47713
vn -0.69757 -0.67003 0.25389
vn -0.74233 -0.67003 -0.00000
vn -0.37117 -0.67003 0.64288
vn -0.56866 -0.67003 0.47716
vn 0.12890 -0.67003 0.73106
vn -0.12891 -0.67003 0.73106
vn 0.56862 -0.67007 0.47715
vn 0.37117 -0.67003 0.64288
vn 0.69754 -0.67007 0.25387
vn 0.93969 0.00000 -0.34204
vn 1.00000 0.00000 0.00002
vn 0.76606 0.00000 -0.64277
vn 0.50000 0.00000 -0.86603
vn 0.17363 0.00000 -0.98481
vn -0.17365 0.00000 -0.98481
vn -0.49998 0.00000 -0.86604
vn -0.76606 0.00000 -0.64277
vn -0.93969 0.00000 -0.34202
vn -1.00000 0.00000 -0.00000
vn -0.93969 0.00000 0.34202
vn -0.76604 0.00000 0.64279
vn -0.50000 0.00000 0.86603
vn -0.17365 0.00000 0.98481
vn 0.17365 0.00000 0.98481
vn 0.50000 0.00000 0.86603
vn 0.76603 0.00000 0.64280
vn 0.93970 0.00000 0.34200
vn 0.69753 0.67007 -0.25389
vn 0.74230 0.67007 0.00001
vn 0.56864 0.67007 -0.47713
vn 0.37113 0.67011 -0.64282
vn 0.12888 0.67007 -0.73102
vn -0.12890 0.67003 -0.73106
vn -0.37114 0.67007 -0.64285
vn -0.56864 0.67007 -0.47713
vn -0.69756 0.67003 -0.25389
vn -0.74233 0.67003 -0.00000
vn -0.69757 0.67003 0.25389
vn -0.56866 0.67003 0.47716
vn -0.37117 0.67003 0.64288
vn -0.12891 0.67003 0.73106
vn 0.12890 0.67003 0.73106
vn 0.37117 0.67003 0.64288
vn 0.56862 0.67007 0.47715
vn 0.69754 0.67007 0.25387
vn 0.00000 1.00000 -0.00000
# 56 vertex normals

vt 0.50000 0.00000 0.00000
vt 0.86111 0.00000 1.00000
vt 0.80556 0.00000 1.00000
vt 0.75000 0.00000 1.00000
vt 0.97222 0.00000 1.00000
vt 0.91667 0.00000 1.00000
vt 0.08333 0.00000 1.00000
vt 0.02778 0.00000 1.00000
vt -0.02778 0.00000 1.00000
vt 0.19444 0.00000 1.00000
vt 0.13889 0.00000 1.00000
vt 0.30556 0.00000 1.00000
vt 0.25000 0.00000 1.00000
vt 0.41667 0.00000 1.00000
vt 0.36111 0.00000 1.00000
vt 0.52778 0.00000 1.00000
vt 0.47222 0.00000 1.00000
vt 0.63889 0.00000 1.00000
vt 0.58333 0.00000 1.00000
vt 0.69444 0.00000 1.00000
vt 0.80556 0.20000 1.00000
vt 0.75000 0.20000 1.00000
vt 0.86111 0.20000 1.00000
vt 0.91667 0.20000 1.00000
vt 0.97222 0.20000 1.00000
vt 0.02778 0.20000 1.00000
vt -0.02778 0.20000 1.00000
vt 0.08333 0.20000 1.00000
vt 0.13889 0.20000 1.00000
vt 0.19444 0.20000 1.00000
vt 0.25000 0.20000 1.00000
vt 0.30556 0.20000 1.00000
vt 0.36111 0.20000 1.00000
vt 0.41667 0.20000 1.00000
vt 0.47222 0.20000 1.00000
vt 0.52778 0.20000 1.00000
vt 0.58333 0.20000 1.00000
vt 0.63889 0.20000 1.00000
vt 0.69444 0.20000 1.00000
vt 0.80556 0.40000 1.00000
vt 0.75000 0.40000 1.00000
vt 0.86111 0.40000 1.00000
vt 0.91667 0.40000 1.00000
vt 0.97222 0.40000 1.00000
vt 0.02778 0.40000 1.00000
vt -0.02778 0.40000 1.00000
vt 0.08333 0.40000 1.00000
vt 0.13889 0.40000 1.00000
vt 0.19444 0.40000 1.00000
vt 0.25000 0.40000 1.00000
vt 0.30556 0.40000 1.00000
vt 0.36111 0.40000 1.00000
vt 0.41667 0.40000 1.00000
vt 0.47222 0.40000 1.00000
vt 0.52778 0.40000 1.00000
vt 0.58333 0.40000 1.00000
vt 0.63889 0.40000 1.00000
vt 0.69444 0.40000 1.00000
vt 0.80556 0.60000 1.00000
vt 0.75000 0.60000 1.00000
vt 0.86111 0.60000 1.00000
vt 0.91667 0.60000 1.00000
vt 0.97222 0.60000 1.00000
vt 0.02778 0.60000 1.00000
vt -0.02778 0.60000 1.00000
vt 0.08333 0.60000 1.00000
vt 0.13889 0.60000 1.00000
vt 0.19444 0.60000 1.00000
vt 0.25000 0.60000 1.00000
vt 0.30556 0.60000 1.00000
vt 0.36111 0.60000 1.00000
vt 0.41667 0.60000 1.00000
vt 0.47222 0.60000 1.00000
vt 0.52778 0.60000 1.00000
vt 0.58333 0.60000 1.00000
vt 0.63889 0.60000 1.00000
vt 0.69444 0.60000 1.00000
vt 0.80556 0.80000 1.00000
vt 0.75000 0.80000 1.00000
vt 0.86111 0.80000 1.00000
vt 0.91667 0.80000 1.00000
vt 0.97222 0.80000 1.00000
vt 0.02778 0.80000 1.00000
vt -0.02778 0.80000 1.00000
vt 0.08333 0.80000 1.00000
vt 0.13889 0.80000 1.00000
vt 0.19444 0.80000 1.00000
vt 0.25000 0.80000 1.00000
vt 0.30556 0.80000 1.00000
vt 0.36111 0.80000 1.00000
vt 0.41667 0.80000 1.00000
vt 0.47222 0.80000 1.00000
vt 0.52778 0.80000 1.00000
vt 0.58333 0.80000 1.00000
vt 0.63889 0.80000 1.00000
vt 0.69444 0.80000 1.00000
vt 0.80556 1.00000 1.00000
vt 0.75000 1.00000 1.00000
vt 0.86111 1.00000 1.00000
vt 0.91667 1.00000 1.00000
vt 0.97222 1.00000 1.00000
vt 0.02778 1.00000 1.00000
vt -0.02778 1.00000 1.00000
vt 0.08333 1.00000 1.00000
vt 0.13889 1.00000 1.00000
vt 0.19444 1.00000 1.00000
vt 0.25000 1.00000 1.00000
vt 0.30556 1.00000 1.00000
vt 0.36111 1.00000 1.00000
vt 0.41667 1.00000 1.00000
vt 0.47222 1.00000 1.00000
vt 0.52778 1.00000 1.00000
vt 0.58333 1.00000 1.00000
vt 0.63889 1.00000 1.00000
vt 0.69444 1.00000 1.00000
vt 0.50000 1.00000 0.00000
vt -0.01968 1.00000 0.87939
# 117 texture coords

o Cylinder151
g Cylinder151
usemtl wire_015015015
s 1
f 1214/1298/675 1215/1299/676 1216/1300/677 1217/1301/678 
f 1214/1298/675 1218/1302/679 1219/1303/680 1215/1299/676 
f 1214/1298/675 1220/1304/681 1221/1305/682 1218/1306/679 
f 1214/1298/675 1222/1307/683 1223/1308/684 1220/1304/681 
f 1214/1298/675 1224/1309/685 1225/1310/686 1222/1307/683 
f 1214/1298/675 1226/1311/687 1227/1312/688 1224/1309/685 
f 1214/1298/675 1228/1313/689 1229/1314/690 1226/1311/687 
f 1214/1298/675 1230/1315/691 1231/1316/692 1228/1313/689 
f 1214/1298/675 1217/1301/678 1232/1317/693 1230/1315/691 
s 8
f 1217/1301/678 1216/1300/677 1233/1318/694 1234/1319/695 
f 1216/1300/677 1215/1299/676 1235/1320/696 1233/1318/694 
f 1215/1299/676 1219/1303/680 1236/1321/697 1235/1320/696 
f 1219/1303/680 1218/1302/679 1237/1322/698 1236/1321/697 
f 1218/1306/679 1221/1305/682 1238/1323/699 1237/1324/698 
f 1221/1305/682 1220/1304/681 1239/1325/700 1238/1323/699 
f 1220/1304/681 1223/1308/684 1240/1326/701 1239/1325/700 
f 1223/1308/684 1222/1307/683 1241/1327/702 1240/1326/701 
f 1222/1307/683 1225/1310/686 1242/1328/703 1241/1327/702 
f 1225/1310/686 1224/1309/685 1243/1329/704 1242/1328/703 
f 1224/1309/685 1227/1312/688 1244/1330/705 1243/1329/704 
f 1227/1312/688 1226/1311/687 1245/1331/706 1244/1330/705 
f 1226/1311/687 1229/1314/690 1246/1332/707 1245/1331/706 
f 1229/1314/690 1228/1313/689 1247/1333/708 1246/1332/707 
f 1228/1313/689 1231/1316/692 1248/1334/709 1247/1333/708 
f 1231/1316/692 1230/1315/691 1249/1335/710 1248/1334/709 
f 1230/1315/691 1232/1317/693 1250/1336/711 1249/1335/710 
f 1232/1317/693 1217/1301/678 1234/1319/695 1250/1336/711 
f 1234/1319/695 1233/1318/694 1251/1337/694 1252/1338/695 
f 1233/1318/694 1235/1320/696 1253/1339/696 1251/1337/694 
f 1235/1320/696 1236/1321/697 1254/1340/697 1253/1339/696 
f 1236/1321/697 1237/1322/698 1255/1341/698 1254/1340/697 
f 1237/1324/698 1238/1323/699 1256/1342/699 1255/1343/698 
f 1238/1323/699 1239/1325/700 1257/1344/700 1256/1342/699 
f 1239/1325/700 1240/1326/701 1258/1345/701 1257/1344/700 
f 1240/1326/701 1241/1327/702 1259/1346/702 1258/1345/701 
f 1241/1327/702 1242/1328/703 1260/1347/703 1259/1346/702 
f 1242/1328/703 1243/1329/704 1261/1348/704 1260/1347/703 
f 1243/1329/704 1244/1330/705 1262/1349/705 1261/1348/704 
f 1244/1330/705 1245/1331/706 1263/1350/706 1262/1349/705 
f 1245/1331/706 1246/1332/707 1264/1351/707 1263/1350/706 
f 1246/1332/707 1247/1333/708 1265/1352/708 1264/1351/707 
f 1247/1333/708 1248/1334/709 1266/1353/709 1265/1352/708 
f 1248/1334/709 1249/1335/710 1267/1354/710 1266/1353/709 
f 1249/1335/710 1250/1336/711 1268/1355/711 1267/1354/710 
f 1250/1336/711 1234/1319/695 1252/1338/695 1268/1355/711 
f 1252/1338/695 1251/1337/694 1269/1356/694 1270/1357/695 
f 1251/1337/694 1253/1339/696 1271/1358/696 1269/1356/694 
f 1253/1339/696 1254/1340/697 1272/1359/697 1271/1358/696 
f 1254/1340/697 1255/1341/698 1273/1360/698 1272/1359/697 
f 1255/1343/698 1256/1342/699 1274/1361/699 1273/1362/698 
f 1256/1342/699 1257/1344/700 1275/1363/700 1274/1361/699 
f 1257/1344/700 1258/1345/701 1276/1364/701 1275/1363/700 
f 1258/1345/701 1259/1346/702 1277/1365/702 1276/1364/701 
f 1259/1346/702 1260/1347/703 1278/1366/703 1277/1365/702 
f 1260/1347/703 1261/1348/704 1279/1367/704 1278/1366/703 
f 1261/1348/704 1262/1349/705 1280/1368/705 1279/1367/704 
f 1262/1349/705 1263/1350/706 1281/1369/706 1280/1368/705 
f 1263/1350/706 1264/1351/707 1282/1370/707 1281/1369/706 
f 1264/1351/707 1265/1352/708 1283/1371/708 1282/1370/707 
f 1265/1352/708 1266/1353/709 1284/1372/709 1283/1371/708 
f 1266/1353/709 1267/1354/710 1285/1373/710 1284/1372/709 
f 1267/1354/710 1268/1355/711 1286/1374/711 1285/1373/710 
f 1268/1355/711 1252/1338/695 1270/1357/695 1286/1374/711 
f 1270/1357/695 1269/1356/694 1287/1375/694 1288/1376/695 
f 1269/1356/694 1271/1358/696 1289/1377/696 1287/1375/694 
f 1271/1358/696 1272/1359/697 1290/1378/697 1289/1377/696 
f 1272/1359/697 1273/1360/698 1291/1379/698 1290/1378/697 
f 1273/1362/698 1274/1361/699 1292/1380/699 1291/1381/698 
f 1274/1361/699 1275/1363/700 1293/1382/700 1292/1380/699 
f 1275/1363/700 1276/1364/701 1294/1383/701 1293/1382/700 
f 1276/1364/701 1277/1365/702 1295/1384/702 1294/1383/701 
f 1277/1365/702 1278/1366/703 1296/1385/703 1295/1384/702 
f 1278/1366/703 1279/1367/704 1297/1386/704 1296/1385/703 
f 1279/1367/704 1280/1368/705 1298/1387/705 1297/1386/704 
f 1280/1368/705 1281/1369/706 1299/1388/706 1298/1387/705 
f 1281/1369/706 1282/1370/707 1300/1389/707 1299/1388/706 
f 1282/1370/707 1283/1371/708 1301/1390/708 1300/1389/707 
f 1283/1371/708 1284/1372/709 1302/1391/709 1301/1390/708 
f 1284/1372/709 1285/1373/710 1303/1392/710 1302/1391/709 
f 1285/1373/710 1286/1374/711 1304/1393/711 1303/1392/710 
f 1286/1374/711 1270/1357/695 1288/1376/695 1304/1393/711 
f 1288/1376/695 1287/1375/694 1305/1394/712 1306/1395/713 
f 1287/1375/694 1289/1377/696 1307/1396/714 1305/1394/712 
f 1289/1377/696 1290/1378/697 1308/1397/715 1307/1396/714 
f 1290/1378/697 1291/1379/698 1309/1398/716 1308/1397/715 
f 1291/1381/698 1292/1380/699 1310/1399/717 1309/1400/716 
f 1292/1380/699 1293/1382/700 1311/1401/718 1310/1399/717 
f 1293/1382/700 1294/1383/701 1312/1402/719 1311/1401/718 
f 1294/1383/701 1295/1384/702 1313/1403/720 1312/1402/719 
f 1295/1384/702 1296/1385/703 1314/1404/721 1313/1403/720 
f 1296/1385/703 1297/1386/704 1315/1405/722 1314/1404/721 
f 1297/1386/704 1298/1387/705 1316/1406/723 1315/1405/722 
f 1298/1387/705 1299/1388/706 1317/1407/724 1316/1406/723 
f 1299/1388/706 1300/1389/707 1318/1408/725 1317/1407/724 
f 1300/1389/707 1301/1390/708 1319/1409/726 1318/1408/725 
f 1301/1390/708 1302/1391/709 1320/1410/727 1319/1409/726 
f 1302/1391/709 1303/1392/710 1321/1411/728 1320/1410/727 
f 1303/1392/710 1304/1393/711 1322/1412/729 1321/1411/728 
f 1304/1393/711 1288/1376/695 1306/1395/713 1322/1412/729 
s 1
f 1323/1413/730 1322/1412/729 1306/1395/713 1305/1394/712 
f 1323/1413/730 1305/1394/712 1307/1396/714 1308/1397/715 
f 1323/1413/730 1308/1414/715 1309/1400/716 1310/1399/717 
f 1323/1413/730 1310/1399/717 1311/1401/718 1312/1402/719 
f 1323/1413/730 1312/1402/719 1313/1403/720 1314/1404/721 
f 1323/1413/730 1314/1404/721 1315/1405/722 1316/1406/723 
f 1323/1413/730 1316/1406/723 1317/1407/724 1318/1408/725 
f 1323/1413/730 1318/1408/725 1319/1409/726 1320/1410/727 
f 1323/1413/730 1320/1410/727 1321/1411/728 1322/1412/729 
# 108 polygons

#
# object Cylinder152
#

v  121.69661 34.45547 -94.72204
v  138.30858 34.45547 -108.66114
v  142.07420 34.45547 -102.13888
v  143.38200 34.45547 -94.72204
v  125.46223 34.45547 -116.07798
v  132.53931 34.45547 -113.50214
v  110.85391 34.45547 -113.50214
v  117.93098 34.45547 -116.07797
v  101.31901 34.45547 -102.13888
v  105.08464 34.45547 -108.66114
v  101.31901 34.45547 -87.30521
v  100.01122 34.45547 -94.72204
v  110.85391 34.45547 -75.94195
v  105.08463 34.45547 -80.78294
v  125.46223 34.45547 -73.36610
v  117.93097 34.45547 -73.36610
v  138.30856 34.45547 -80.78293
v  132.53929 34.45547 -75.94193
v  142.07420 34.45547 -87.30518
v  142.07420 34.83119 -102.13888
v  143.38200 34.83119 -94.72204
v  138.30858 34.83119 -108.66114
v  132.53931 34.83119 -113.50214
v  125.46223 34.83119 -116.07798
v  117.93098 34.83119 -116.07797
v  110.85391 34.83119 -113.50214
v  105.08464 34.83119 -108.66114
v  101.31901 34.83119 -102.13888
v  100.01122 34.83119 -94.72204
v  101.31901 34.83119 -87.30521
v  105.08463 34.83119 -80.78294
v  110.85391 34.83119 -75.94195
v  117.93097 34.83119 -73.36610
v  125.46223 34.83119 -73.36610
v  132.53929 34.83119 -75.94193
v  138.30856 34.83119 -80.78293
v  142.07420 34.83119 -87.30518
v  142.07420 35.20691 -102.13888
v  143.38200 35.20691 -94.72204
v  138.30858 35.20691 -108.66114
v  132.53931 35.20691 -113.50214
v  125.46223 35.20691 -116.07798
v  117.93098 35.20691 -116.07797
v  110.85391 35.20691 -113.50214
v  105.08464 35.20691 -108.66114
v  101.31901 35.20691 -102.13888
v  100.01122 35.20691 -94.72204
v  101.31901 35.20691 -87.30521
v  105.08463 35.20691 -80.78294
v  110.85391 35.20691 -75.94195
v  117.93097 35.20691 -73.36610
v  125.46223 35.20691 -73.36610
v  132.53929 35.20691 -75.94193
v  138.30856 35.20691 -80.78293
v  142.07420 35.20691 -87.30518
v  142.07420 35.58263 -102.13888
v  143.38200 35.58263 -94.72204
v  138.30858 35.58263 -108.66114
v  132.53931 35.58263 -113.50214
v  125.46223 35.58263 -116.07798
v  117.93098 35.58263 -116.07797
v  110.85391 35.58263 -113.50214
v  105.08464 35.58263 -108.66114
v  101.31901 35.58263 -102.13888
v  100.01122 35.58263 -94.72204
v  101.31901 35.58263 -87.30521
v  105.08463 35.58263 -80.78294
v  110.85391 35.58263 -75.94195
v  117.93097 35.58263 -73.36610
v  125.46223 35.58263 -73.36610
v  132.53929 35.58263 -75.94193
v  138.30856 35.58263 -80.78293
v  142.07420 35.58263 -87.30518
v  142.07420 35.95834 -102.13888
v  143.38200 35.95834 -94.72204
v  138.30858 35.95834 -108.66114
v  132.53931 35.95834 -113.50214
v  125.46223 35.95834 -116.07798
v  117.93098 35.95834 -116.07797
v  110.85391 35.95834 -113.50214
v  105.08464 35.95834 -108.66114
v  101.31901 35.95834 -102.13888
v  100.01122 35.95834 -94.72204
v  101.31901 35.95834 -87.30521
v  105.08463 35.95834 -80.78294
v  110.85391 35.95834 -75.94195
v  117.93097 35.95834 -73.36610
v  125.46223 35.95834 -73.36610
v  132.53929 35.95834 -75.94193
v  138.30856 35.95834 -80.78293
v  142.07420 35.95834 -87.30518
v  142.07420 36.33406 -102.13888
v  143.38200 36.33406 -94.72204
v  138.30858 36.33406 -108.66114
v  132.53931 36.33406 -113.50214
v  125.46223 36.33406 -116.07798
v  117.93098 36.33406 -116.07797
v  110.85391 36.33406 -113.50214
v  105.08464 36.33406 -108.66114
v  101.31901 36.33406 -102.13888
v  100.01122 36.33406 -94.72204
v  101.31901 36.33406 -87.30521
v  105.08463 36.33406 -80.78294
v  110.85391 36.33406 -75.94195
v  117.93097 36.33406 -73.36610
v  125.46223 36.33406 -73.36610
v  132.53929 36.33406 -75.94193
v  138.30856 36.33406 -80.78293
v  142.07420 36.33406 -87.30518
v  121.69661 36.33406 -94.72204
# 110 vertices

vn 0.00000 -1.00000 -0.00000
vn 0.56866 -0.67003 -0.47716
vn 0.69753 -0.67007 -0.25389
vn 0.74226 -0.67011 0.00000
vn 0.12890 -0.67003 -0.73106
vn 0.37117 -0.67003 -0.64288
vn -0.37117 -0.67003 -0.64288
vn -0.12890 -0.67003 -0.73106
vn -0.69753 -0.67007 -0.25389
vn -0.56866 -0.67003 -0.47716
vn -0.69754 -0.67007 0.25387
vn -0.74230 -0.67007 0.00001
vn -0.37117 -0.67003 0.64288
vn -0.56862 -0.67007 0.47715
vn 0.12888 -0.67007 0.73102
vn -0.12891 -0.67003 0.73106
vn 0.56866 -0.67003 0.47716
vn 0.37116 -0.67007 0.64284
vn 0.69753 -0.67007 0.25389
vn 0.93969 0.00000 -0.34204
vn 1.00000 0.00000 0.00000
vn 0.76604 0.00000 -0.64279
vn 0.50000 0.00000 -0.86603
vn 0.17365 0.00000 -0.98481
vn -0.17365 0.00000 -0.98481
vn -0.50000 0.00000 -0.86603
vn -0.76604 0.00000 -0.64279
vn -0.93969 0.00000 -0.34204
vn -1.00000 0.00000 0.00002
vn -0.93970 0.00000 0.34200
vn -0.76603 0.00000 0.64280
vn -0.50000 0.00000 0.86603
vn -0.17365 0.00000 0.98481
vn 0.17363 0.00000 0.98481
vn 0.50002 0.00000 0.86602
vn 0.76604 0.00000 0.64279
vn 0.93969 0.00000 0.34204
vn 0.69753 0.67007 -0.25389
vn 0.74226 0.67011 0.00000
vn 0.56866 0.67003 -0.47716
vn 0.37117 0.67003 -0.64288
vn 0.12890 0.67003 -0.73106
vn -0.12890 0.67003 -0.73106
vn -0.37117 0.67003 -0.64288
vn -0.56866 0.67003 -0.47716
vn -0.69753 0.67007 -0.25389
vn -0.74230 0.67007 0.00001
vn -0.69754 0.67007 0.25387
vn -0.56862 0.67007 0.47715
vn -0.37117 0.67003 0.64288
vn -0.12891 0.67003 0.73106
vn 0.12888 0.67007 0.73102
vn 0.37116 0.67007 0.64284
vn 0.56866 0.67003 0.47716
vn 0.69753 0.67007 0.25389
vn 0.00000 1.00000 -0.00000
# 56 vertex normals

vt 0.50000 0.00000 0.00000
vt 0.86111 0.00000 1.00000
vt 0.80556 0.00000 1.00000
vt 0.75000 0.00000 1.00000
vt 0.97222 0.00000 1.00000
vt 0.91667 0.00000 1.00000
vt 0.08333 0.00000 1.00000
vt 0.02778 0.00000 1.00000
vt -0.02778 0.00000 1.00000
vt 0.19444 0.00000 1.00000
vt 0.13889 0.00000 1.00000
vt 0.30556 0.00000 1.00000
vt 0.25000 0.00000 1.00000
vt 0.41667 0.00000 1.00000
vt 0.36111 0.00000 1.00000
vt 0.52778 0.00000 1.00000
vt 0.47222 0.00000 1.00000
vt 0.63889 0.00000 1.00000
vt 0.58333 0.00000 1.00000
vt 0.69444 0.00000 1.00000
vt 0.80556 0.20000 1.00000
vt 0.75000 0.20000 1.00000
vt 0.86111 0.20000 1.00000
vt 0.91667 0.20000 1.00000
vt 0.97222 0.20000 1.00000
vt 0.02778 0.20000 1.00000
vt -0.02778 0.20000 1.00000
vt 0.08333 0.20000 1.00000
vt 0.13889 0.20000 1.00000
vt 0.19444 0.20000 1.00000
vt 0.25000 0.20000 1.00000
vt 0.30556 0.20000 1.00000
vt 0.36111 0.20000 1.00000
vt 0.41667 0.20000 1.00000
vt 0.47222 0.20000 1.00000
vt 0.52778 0.20000 1.00000
vt 0.58333 0.20000 1.00000
vt 0.63889 0.20000 1.00000
vt 0.69444 0.20000 1.00000
vt 0.80556 0.40000 1.00000
vt 0.75000 0.40000 1.00000
vt 0.86111 0.40000 1.00000
vt 0.91667 0.40000 1.00000
vt 0.97222 0.40000 1.00000
vt 0.02778 0.40000 1.00000
vt -0.02778 0.40000 1.00000
vt 0.08333 0.40000 1.00000
vt 0.13889 0.40000 1.00000
vt 0.19444 0.40000 1.00000
vt 0.25000 0.40000 1.00000
vt 0.30556 0.40000 1.00000
vt 0.36111 0.40000 1.00000
vt 0.41667 0.40000 1.00000
vt 0.47222 0.40000 1.00000
vt 0.52778 0.40000 1.00000
vt 0.58333 0.40000 1.00000
vt 0.63889 0.40000 1.00000
vt 0.69444 0.40000 1.00000
vt 0.80556 0.60000 1.00000
vt 0.75000 0.60000 1.00000
vt 0.86111 0.60000 1.00000
vt 0.91667 0.60000 1.00000
vt 0.97222 0.60000 1.00000
vt 0.02778 0.60000 1.00000
vt -0.02778 0.60000 1.00000
vt 0.08333 0.60000 1.00000
vt 0.13889 0.60000 1.00000
vt 0.19444 0.60000 1.00000
vt 0.25000 0.60000 1.00000
vt 0.30556 0.60000 1.00000
vt 0.36111 0.60000 1.00000
vt 0.41667 0.60000 1.00000
vt 0.47222 0.60000 1.00000
vt 0.52778 0.60000 1.00000
vt 0.58333 0.60000 1.00000
vt 0.63889 0.60000 1.00000
vt 0.69444 0.60000 1.00000
vt 0.80556 0.80000 1.00000
vt 0.75000 0.80000 1.00000
vt 0.86111 0.80000 1.00000
vt 0.91667 0.80000 1.00000
vt 0.97222 0.80000 1.00000
vt 0.02778 0.80000 1.00000
vt -0.02778 0.80000 1.00000
vt 0.08333 0.80000 1.00000
vt 0.13889 0.80000 1.00000
vt 0.19444 0.80000 1.00000
vt 0.25000 0.80000 1.00000
vt 0.30556 0.80000 1.00000
vt 0.36111 0.80000 1.00000
vt 0.41667 0.80000 1.00000
vt 0.47222 0.80000 1.00000
vt 0.52778 0.80000 1.00000
vt 0.58333 0.80000 1.00000
vt 0.63889 0.80000 1.00000
vt 0.69444 0.80000 1.00000
vt 0.80556 1.00000 1.00000
vt 0.75000 1.00000 1.00000
vt 0.86111 1.00000 1.00000
vt 0.91667 1.00000 1.00000
vt 0.97222 1.00000 1.00000
vt 0.02778 1.00000 1.00000
vt -0.02778 1.00000 1.00000
vt 0.08333 1.00000 1.00000
vt 0.13889 1.00000 1.00000
vt 0.19444 1.00000 1.00000
vt 0.25000 1.00000 1.00000
vt 0.30556 1.00000 1.00000
vt 0.36111 1.00000 1.00000
vt 0.41667 1.00000 1.00000
vt 0.47222 1.00000 1.00000
vt 0.52778 1.00000 1.00000
vt 0.58333 1.00000 1.00000
vt 0.63889 1.00000 1.00000
vt 0.69444 1.00000 1.00000
vt 0.50000 1.00000 0.00000
vt 0.97082 1.00000 0.87939
# 117 texture coords

o Cylinder152
g Cylinder152
usemtl wire_022022022
s 1
f 1324/1415/731 1325/1416/732 1326/1417/733 1327/1418/734 
f 1324/1415/731 1328/1419/735 1329/1420/736 1325/1416/732 
f 1324/1415/731 1330/1421/737 1331/1422/738 1328/1423/735 
f 1324/1415/731 1332/1424/739 1333/1425/740 1330/1421/737 
f 1324/1415/731 1334/1426/741 1335/1427/742 1332/1424/739 
f 1324/1415/731 1336/1428/743 1337/1429/744 1334/1426/741 
f 1324/1415/731 1338/1430/745 1339/1431/746 1336/1428/743 
f 1324/1415/731 1340/1432/747 1341/1433/748 1338/1430/745 
f 1324/1415/731 1327/1418/734 1342/1434/749 1340/1432/747 
s 8
f 1327/1418/734 1326/1417/733 1343/1435/750 1344/1436/751 
f 1326/1417/733 1325/1416/732 1345/1437/752 1343/1435/750 
f 1325/1416/732 1329/1420/736 1346/1438/753 1345/1437/752 
f 1329/1420/736 1328/1419/735 1347/1439/754 1346/1438/753 
f 1328/1423/735 1331/1422/738 1348/1440/755 1347/1441/754 
f 1331/1422/738 1330/1421/737 1349/1442/756 1348/1440/755 
f 1330/1421/737 1333/1425/740 1350/1443/757 1349/1442/756 
f 1333/1425/740 1332/1424/739 1351/1444/758 1350/1443/757 
f 1332/1424/739 1335/1427/742 1352/1445/759 1351/1444/758 
f 1335/1427/742 1334/1426/741 1353/1446/760 1352/1445/759 
f 1334/1426/741 1337/1429/744 1354/1447/761 1353/1446/760 
f 1337/1429/744 1336/1428/743 1355/1448/762 1354/1447/761 
f 1336/1428/743 1339/1431/746 1356/1449/763 1355/1448/762 
f 1339/1431/746 1338/1430/745 1357/1450/764 1356/1449/763 
f 1338/1430/745 1341/1433/748 1358/1451/765 1357/1450/764 
f 1341/1433/748 1340/1432/747 1359/1452/766 1358/1451/765 
f 1340/1432/747 1342/1434/749 1360/1453/767 1359/1452/766 
f 1342/1434/749 1327/1418/734 1344/1436/751 1360/1453/767 
f 1344/1436/751 1343/1435/750 1361/1454/750 1362/1455/751 
f 1343/1435/750 1345/1437/752 1363/1456/752 1361/1454/750 
f 1345/1437/752 1346/1438/753 1364/1457/753 1363/1456/752 
f 1346/1438/753 1347/1439/754 1365/1458/754 1364/1457/753 
f 1347/1441/754 1348/1440/755 1366/1459/755 1365/1460/754 
f 1348/1440/755 1349/1442/756 1367/1461/756 1366/1459/755 
f 1349/1442/756 1350/1443/757 1368/1462/757 1367/1461/756 
f 1350/1443/757 1351/1444/758 1369/1463/758 1368/1462/757 
f 1351/1444/758 1352/1445/759 1370/1464/759 1369/1463/758 
f 1352/1445/759 1353/1446/760 1371/1465/760 1370/1464/759 
f 1353/1446/760 1354/1447/761 1372/1466/761 1371/1465/760 
f 1354/1447/761 1355/1448/762 1373/1467/762 1372/1466/761 
f 1355/1448/762 1356/1449/763 1374/1468/763 1373/1467/762 
f 1356/1449/763 1357/1450/764 1375/1469/764 1374/1468/763 
f 1357/1450/764 1358/1451/765 1376/1470/765 1375/1469/764 
f 1358/1451/765 1359/1452/766 1377/1471/766 1376/1470/765 
f 1359/1452/766 1360/1453/767 1378/1472/767 1377/1471/766 
f 1360/1453/767 1344/1436/751 1362/1455/751 1378/1472/767 
f 1362/1455/751 1361/1454/750 1379/1473/750 1380/1474/751 
f 1361/1454/750 1363/1456/752 1381/1475/752 1379/1473/750 
f 1363/1456/752 1364/1457/753 1382/1476/753 1381/1475/752 
f 1364/1457/753 1365/1458/754 1383/1477/754 1382/1476/753 
f 1365/1460/754 1366/1459/755 1384/1478/755 1383/1479/754 
f 1366/1459/755 1367/1461/756 1385/1480/756 1384/1478/755 
f 1367/1461/756 1368/1462/757 1386/1481/757 1385/1480/756 
f 1368/1462/757 1369/1463/758 1387/1482/758 1386/1481/757 
f 1369/1463/758 1370/1464/759 1388/1483/759 1387/1482/758 
f 1370/1464/759 1371/1465/760 1389/1484/760 1388/1483/759 
f 1371/1465/760 1372/1466/761 1390/1485/761 1389/1484/760 
f 1372/1466/761 1373/1467/762 1391/1486/762 1390/1485/761 
f 1373/1467/762 1374/1468/763 1392/1487/763 1391/1486/762 
f 1374/1468/763 1375/1469/764 1393/1488/764 1392/1487/763 
f 1375/1469/764 1376/1470/765 1394/1489/765 1393/1488/764 
f 1376/1470/765 1377/1471/766 1395/1490/766 1394/1489/765 
f 1377/1471/766 1378/1472/767 1396/1491/767 1395/1490/766 
f 1378/1472/767 1362/1455/751 1380/1474/751 1396/1491/767 
f 1380/1474/751 1379/1473/750 1397/1492/750 1398/1493/751 
f 1379/1473/750 1381/1475/752 1399/1494/752 1397/1492/750 
f 1381/1475/752 1382/1476/753 1400/1495/753 1399/1494/752 
f 1382/1476/753 1383/1477/754 1401/1496/754 1400/1495/753 
f 1383/1479/754 1384/1478/755 1402/1497/755 1401/1498/754 
f 1384/1478/755 1385/1480/756 1403/1499/756 1402/1497/755 
f 1385/1480/756 1386/1481/757 1404/1500/757 1403/1499/756 
f 1386/1481/757 1387/1482/758 1405/1501/758 1404/1500/757 
f 1387/1482/758 1388/1483/759 1406/1502/759 1405/1501/758 
f 1388/1483/759 1389/1484/760 1407/1503/760 1406/1502/759 
f 1389/1484/760 1390/1485/761 1408/1504/761 1407/1503/760 
f 1390/1485/761 1391/1486/762 1409/1505/762 1408/1504/761 
f 1391/1486/762 1392/1487/763 1410/1506/763 1409/1505/762 
f 1392/1487/763 1393/1488/764 1411/1507/764 1410/1506/763 
f 1393/1488/764 1394/1489/765 1412/1508/765 1411/1507/764 
f 1394/1489/765 1395/1490/766 1413/1509/766 1412/1508/765 
f 1395/1490/766 1396/1491/767 1414/1510/767 1413/1509/766 
f 1396/1491/767 1380/1474/751 1398/1493/751 1414/1510/767 
f 1398/1493/751 1397/1492/750 1415/1511/768 1416/1512/769 
f 1397/1492/750 1399/1494/752 1417/1513/770 1415/1511/768 
f 1399/1494/752 1400/1495/753 1418/1514/771 1417/1513/770 
f 1400/1495/753 1401/1496/754 1419/1515/772 1418/1514/771 
f 1401/1498/754 1402/1497/755 1420/1516/773 1419/1517/772 
f 1402/1497/755 1403/1499/756 1421/1518/774 1420/1516/773 
f 1403/1499/756 1404/1500/757 1422/1519/775 1421/1518/774 
f 1404/1500/757 1405/1501/758 1423/1520/776 1422/1519/775 
f 1405/1501/758 1406/1502/759 1424/1521/777 1423/1520/776 
f 1406/1502/759 1407/1503/760 1425/1522/778 1424/1521/777 
f 1407/1503/760 1408/1504/761 1426/1523/779 1425/1522/778 
f 1408/1504/761 1409/1505/762 1427/1524/780 1426/1523/779 
f 1409/1505/762 1410/1506/763 1428/1525/781 1427/1524/780 
f 1410/1506/763 1411/1507/764 1429/1526/782 1428/1525/781 
f 1411/1507/764 1412/1508/765 1430/1527/783 1429/1526/782 
f 1412/1508/765 1413/1509/766 1431/1528/784 1430/1527/783 
f 1413/1509/766 1414/1510/767 1432/1529/785 1431/1528/784 
f 1414/1510/767 1398/1493/751 1416/1512/769 1432/1529/785 
s 1
f 1433/1530/786 1432/1529/785 1416/1512/769 1415/1511/768 
f 1433/1530/786 1415/1511/768 1417/1513/770 1418/1514/771 
f 1433/1530/786 1418/1514/771 1419/1515/772 1420/1531/773 
f 1433/1530/786 1420/1516/773 1421/1518/774 1422/1519/775 
f 1433/1530/786 1422/1519/775 1423/1520/776 1424/1521/777 
f 1433/1530/786 1424/1521/777 1425/1522/778 1426/1523/779 
f 1433/1530/786 1426/1523/779 1427/1524/780 1428/1525/781 
f 1433/1530/786 1428/1525/781 1429/1526/782 1430/1527/783 
f 1433/1530/786 1430/1527/783 1431/1528/784 1432/1529/785 
# 108 polygons

#
# object Cylinder153
#

v  138.74152 34.45547 7.27242
v  157.08636 34.45547 -8.12074
v  161.24481 34.45547 -0.91811
v  162.68901 34.45547 7.27242
v  142.89995 34.45547 -16.31127
v  150.71527 34.45547 -13.46673
v  126.76776 34.45547 -13.46673
v  134.58307 34.45547 -16.31127
v  116.23823 34.45547 -0.91811
v  120.39667 34.45547 -8.12074
v  116.23823 34.45547 15.46294
v  114.79401 34.45547 7.27241
v  126.76776 34.45547 28.01156
v  120.39666 34.45547 22.66557
v  142.89995 34.45547 30.85610
v  134.58307 34.45547 30.85610
v  157.08635 34.45547 22.66558
v  150.71526 34.45547 28.01157
v  161.24480 34.45547 15.46296
v  161.24481 34.72114 -0.91811
v  162.68903 34.72114 7.27242
v  157.08636 34.72114 -8.12074
v  150.71527 34.72114 -13.46673
v  142.89995 34.72114 -16.31127
v  134.58307 34.72114 -16.31127
v  126.76776 34.72114 -13.46673
v  120.39667 34.72114 -8.12074
v  116.23823 34.72114 -0.91811
v  114.79401 34.72114 7.27241
v  116.23822 34.72114 15.46294
v  120.39666 34.72114 22.66557
v  126.76776 34.72114 28.01156
v  134.58307 34.72114 30.85610
v  142.89995 34.72114 30.85611
v  150.71526 34.72114 28.01157
v  157.08636 34.72114 22.66559
v  161.24480 34.72114 15.46296
v  161.24481 34.98682 -0.91811
v  162.68903 34.98682 7.27242
v  157.08636 34.98682 -8.12074
v  150.71527 34.98682 -13.46673
v  142.89995 34.98682 -16.31127
v  134.58307 34.98682 -16.31127
v  126.76776 34.98682 -13.46673
v  120.39667 34.98682 -8.12074
v  116.23823 34.98682 -0.91811
v  114.79401 34.98682 7.27241
v  116.23822 34.98682 15.46294
v  120.39666 34.98682 22.66557
v  126.76776 34.98682 28.01156
v  134.58307 34.98682 30.85610
v  142.89995 34.98682 30.85611
v  150.71526 34.98682 28.01157
v  157.08636 34.98682 22.66559
v  161.24480 34.98682 15.46296
v  161.24481 35.25249 -0.91811
v  162.68901 35.25249 7.27242
v  157.08636 35.25249 -8.12074
v  150.71527 35.25249 -13.46673
v  142.89995 35.25249 -16.31127
v  134.58307 35.25249 -16.31127
v  126.76776 35.25249 -13.46673
v  120.39667 35.25249 -8.12074
v  116.23823 35.25249 -0.91811
v  114.79401 35.25249 7.27241
v  116.23823 35.25249 15.46294
v  120.39666 35.25249 22.66557
v  126.76776 35.25249 28.01156
v  134.58307 35.25249 30.85610
v  142.89995 35.25249 30.85610
v  150.71526 35.25249 28.01157
v  157.08635 35.25249 22.66558
v  161.24480 35.25249 15.46296
v  161.24481 35.51816 -0.91811
v  162.68901 35.51816 7.27242
v  157.08636 35.51816 -8.12074
v  150.71527 35.51816 -13.46673
v  142.89995 35.51816 -16.31127
v  134.58307 35.51816 -16.31127
v  126.76776 35.51816 -13.46673
v  120.39667 35.51816 -8.12074
v  116.23823 35.51816 -0.91811
v  114.79401 35.51816 7.27241
v  116.23823 35.51816 15.46294
v  120.39666 35.51816 22.66557
v  126.76776 35.51816 28.01156
v  134.58307 35.51816 30.85610
v  142.89995 35.51816 30.85610
v  150.71526 35.51816 28.01157
v  157.08635 35.51816 22.66558
v  161.24480 35.51816 15.46296
v  161.24481 35.78384 -0.91811
v  162.68901 35.78384 7.27242
v  157.08636 35.78384 -8.12074
v  150.71527 35.78384 -13.46673
v  142.89995 35.78384 -16.31127
v  134.58307 35.78384 -16.31127
v  126.76776 35.78384 -13.46673
v  120.39667 35.78384 -8.12074
v  116.23823 35.78384 -0.91811
v  114.79401 35.78384 7.27241
v  116.23823 35.78384 15.46294
v  120.39666 35.78384 22.66557
v  126.76776 35.78384 28.01156
v  134.58307 35.78384 30.85610
v  142.89995 35.78384 30.85610
v  150.71526 35.78384 28.01157
v  157.08635 35.78384 22.66558
v  161.24480 35.78384 15.46296
v  138.74152 35.78384 7.27242
# 110 vertices

vn 0.00000 -1.00000 -0.00000
vn 0.56866 -0.67003 -0.47716
vn 0.69756 -0.67003 -0.25389
vn 0.74233 -0.67003 0.00000
vn 0.12890 -0.67003 -0.73105
vn 0.37117 -0.67003 -0.64288
vn -0.37120 -0.66995 -0.64294
vn -0.12892 -0.66999 -0.73109
vn -0.69756 -0.67003 -0.25389
vn -0.56868 -0.66999 -0.47720
vn -0.69756 -0.67003 0.25389
vn -0.74233 -0.67003 -0.00000
vn -0.37117 -0.67003 0.64288
vn -0.56866 -0.67003 0.47716
vn 0.12890 -0.67003 0.73105
vn -0.12890 -0.67003 0.73105
vn 0.56866 -0.67003 0.47716
vn 0.37116 -0.67003 0.64288
vn 0.69756 -0.67003 0.25389
vn 0.93969 -0.00000 -0.34202
vn 1.00000 -0.00000 0.00000
vn 0.76604 -0.00000 -0.64279
vn 0.50000 -0.00000 -0.86603
vn 0.17365 -0.00000 -0.98481
vn -0.17363 -0.00000 -0.98481
vn -0.50002 -0.00000 -0.86602
vn -0.76604 -0.00000 -0.64279
vn -0.93969 -0.00000 -0.34202
vn -1.00000 -0.00000 -0.00000
vn -0.93969 -0.00000 0.34202
vn -0.76604 -0.00000 0.64279
vn -0.50000 -0.00000 0.86603
vn -0.17365 -0.00000 0.98481
vn 0.17365 -0.00000 0.98481
vn 0.50000 -0.00000 0.86603
vn 0.76604 -0.00000 0.64279
vn 0.93969 -0.00000 0.34202
vn 0.93969 0.00000 -0.34202
vn 1.00000 0.00000 0.00000
vn 0.76604 0.00000 -0.64279
vn 0.50000 0.00000 -0.86603
vn 0.17365 0.00000 -0.98481
vn -0.17363 0.00000 -0.98481
vn -0.50002 0.00000 -0.86602
vn -0.76604 0.00000 -0.64279
vn -0.93969 0.00000 -0.34202
vn -1.00000 0.00000 -0.00000
vn -0.93969 0.00000 0.34202
vn -0.76604 0.00000 0.64279
vn -0.50000 0.00000 0.86603
vn -0.17365 0.00000 0.98481
vn 0.17365 0.00000 0.98481
vn 0.50000 0.00000 0.86603
vn 0.76604 0.00000 0.64279
vn 0.93969 0.00000 0.34202
vn -0.17365 0.00000 -0.98481
vn -0.50000 0.00000 -0.86603
vn -0.76606 0.00000 -0.64277
vn 0.69757 0.67003 -0.25389
vn 0.74233 0.67003 0.00000
vn 0.56866 0.67003 -0.47716
vn 0.37117 0.67003 -0.64288
vn 0.12890 0.67003 -0.73106
vn -0.12888 0.67007 -0.73102
vn -0.37113 0.67011 -0.64282
vn -0.56864 0.67007 -0.47713
vn -0.69756 0.67003 -0.25389
vn -0.74233 0.67003 -0.00000
vn -0.69757 0.67003 0.25389
vn -0.56866 0.67003 0.47716
vn -0.37117 0.67003 0.64288
vn -0.12891 0.67003 0.73106
vn 0.12890 0.67003 0.73106
vn 0.37117 0.67003 0.64288
vn 0.56866 0.67003 0.47716
vn 0.69756 0.67003 0.25389
vn 0.00000 1.00000 -0.00000
# 77 vertex normals

vt 0.50000 0.00000 0.00000
vt 0.86111 0.00000 1.00000
vt 0.80556 0.00000 1.00000
vt 0.75000 0.00000 1.00000
vt 0.97222 0.00000 1.00000
vt 0.91667 0.00000 1.00000
vt 0.08333 0.00000 1.00000
vt 0.02778 0.00000 1.00000
vt -0.02778 0.00000 1.00000
vt 0.19444 0.00000 1.00000
vt 0.13889 0.00000 1.00000
vt 0.30556 0.00000 1.00000
vt 0.25000 0.00000 1.00000
vt 0.41667 0.00000 1.00000
vt 0.36111 0.00000 1.00000
vt 0.52778 0.00000 1.00000
vt 0.47222 0.00000 1.00000
vt 0.63889 0.00000 1.00000
vt 0.58333 0.00000 1.00000
vt 0.69444 0.00000 1.00000
vt 0.80556 0.20000 1.00000
vt 0.75000 0.20000 1.00000
vt 0.86111 0.20000 1.00000
vt 0.91667 0.20000 1.00000
vt 0.97222 0.20000 1.00000
vt 0.02778 0.20000 1.00000
vt -0.02778 0.20000 1.00000
vt 0.08333 0.20000 1.00000
vt 0.13889 0.20000 1.00000
vt 0.19444 0.20000 1.00000
vt 0.25000 0.20000 1.00000
vt 0.30556 0.20000 1.00000
vt 0.36111 0.20000 1.00000
vt 0.41667 0.20000 1.00000
vt 0.47222 0.20000 1.00000
vt 0.52778 0.20000 1.00000
vt 0.58333 0.20000 1.00000
vt 0.63889 0.20000 1.00000
vt 0.69444 0.20000 1.00000
vt 0.80556 0.40000 1.00000
vt 0.75000 0.40000 1.00000
vt 0.86111 0.40000 1.00000
vt 0.91667 0.40000 1.00000
vt 0.97222 0.40000 1.00000
vt 0.02778 0.40000 1.00000
vt -0.02778 0.40000 1.00000
vt 0.08333 0.40000 1.00000
vt 0.13889 0.40000 1.00000
vt 0.19444 0.40000 1.00000
vt 0.25000 0.40000 1.00000
vt 0.30556 0.40000 1.00000
vt 0.36111 0.40000 1.00000
vt 0.41667 0.40000 1.00000
vt 0.47222 0.40000 1.00000
vt 0.52778 0.40000 1.00000
vt 0.58333 0.40000 1.00000
vt 0.63889 0.40000 1.00000
vt 0.69444 0.40000 1.00000
vt 0.80556 0.60000 1.00000
vt 0.75000 0.60000 1.00000
vt 0.86111 0.60000 1.00000
vt 0.91667 0.60000 1.00000
vt 0.97222 0.60000 1.00000
vt 0.02778 0.60000 1.00000
vt -0.02778 0.60000 1.00000
vt 0.08333 0.60000 1.00000
vt 0.13889 0.60000 1.00000
vt 0.19444 0.60000 1.00000
vt 0.25000 0.60000 1.00000
vt 0.30556 0.60000 1.00000
vt 0.36111 0.60000 1.00000
vt 0.41667 0.60000 1.00000
vt 0.47222 0.60000 1.00000
vt 0.52778 0.60000 1.00000
vt 0.58333 0.60000 1.00000
vt 0.63889 0.60000 1.00000
vt 0.69444 0.60000 1.00000
vt 0.80556 0.80000 1.00000
vt 0.75000 0.80000 1.00000
vt 0.86111 0.80000 1.00000
vt 0.91667 0.80000 1.00000
vt 0.97222 0.80000 1.00000
vt 0.02778 0.80000 1.00000
vt -0.02778 0.80000 1.00000
vt 0.08333 0.80000 1.00000
vt 0.13889 0.80000 1.00000
vt 0.19444 0.80000 1.00000
vt 0.25000 0.80000 1.00000
vt 0.30556 0.80000 1.00000
vt 0.36111 0.80000 1.00000
vt 0.41667 0.80000 1.00000
vt 0.47222 0.80000 1.00000
vt 0.52778 0.80000 1.00000
vt 0.58333 0.80000 1.00000
vt 0.63889 0.80000 1.00000
vt 0.69444 0.80000 1.00000
vt 0.80556 1.00000 1.00000
vt 0.75000 1.00000 1.00000
vt 0.86111 1.00000 1.00000
vt 0.91667 1.00000 1.00000
vt 0.97222 1.00000 1.00000
vt 0.02778 1.00000 1.00000
vt -0.02778 1.00000 1.00000
vt 0.08333 1.00000 1.00000
vt 0.13889 1.00000 1.00000
vt 0.19444 1.00000 1.00000
vt 0.25000 1.00000 1.00000
vt 0.30556 1.00000 1.00000
vt 0.36111 1.00000 1.00000
vt 0.41667 1.00000 1.00000
vt 0.47222 1.00000 1.00000
vt 0.52778 1.00000 1.00000
vt 0.58333 1.00000 1.00000
vt 0.63889 1.00000 1.00000
vt 0.69444 1.00000 1.00000
vt 0.50000 1.00000 0.00000
vt -0.01968 1.00000 0.87939
# 117 texture coords

o Cylinder153
g Cylinder153
usemtl wire_029029029
s 1
f 1434/1532/787 1435/1533/788 1436/1534/789 1437/1535/790 
f 1434/1532/787 1438/1536/791 1439/1537/792 1435/1533/788 
f 1434/1532/787 1440/1538/793 1441/1539/794 1438/1540/791 
f 1434/1532/787 1442/1541/795 1443/1542/796 1440/1538/793 
f 1434/1532/787 1444/1543/797 1445/1544/798 1442/1541/795 
f 1434/1532/787 1446/1545/799 1447/1546/800 1444/1543/797 
f 1434/1532/787 1448/1547/801 1449/1548/802 1446/1545/799 
f 1434/1532/787 1450/1549/803 1451/1550/804 1448/1547/801 
f 1434/1532/787 1437/1535/790 1452/1551/805 1450/1549/803 
s 8
f 1437/1535/790 1436/1534/789 1453/1552/806 1454/1553/807 
f 1436/1534/789 1435/1533/788 1455/1554/808 1453/1552/806 
f 1435/1533/788 1439/1537/792 1456/1555/809 1455/1554/808 
f 1439/1537/792 1438/1536/791 1457/1556/810 1456/1555/809 
f 1438/1540/791 1441/1539/794 1458/1557/811 1457/1558/810 
f 1441/1539/794 1440/1538/793 1459/1559/812 1458/1557/811 
f 1440/1538/793 1443/1542/796 1460/1560/813 1459/1559/812 
f 1443/1542/796 1442/1541/795 1461/1561/814 1460/1560/813 
f 1442/1541/795 1445/1544/798 1462/1562/815 1461/1561/814 
f 1445/1544/798 1444/1543/797 1463/1563/816 1462/1562/815 
f 1444/1543/797 1447/1546/800 1464/1564/817 1463/1563/816 
f 1447/1546/800 1446/1545/799 1465/1565/818 1464/1564/817 
f 1446/1545/799 1449/1548/802 1466/1566/819 1465/1565/818 
f 1449/1548/802 1448/1547/801 1467/1567/820 1466/1566/819 
f 1448/1547/801 1451/1550/804 1468/1568/821 1467/1567/820 
f 1451/1550/804 1450/1549/803 1469/1569/822 1468/1568/821 
f 1450/1549/803 1452/1551/805 1470/1570/823 1469/1569/822 
f 1452/1551/805 1437/1535/790 1454/1553/807 1470/1570/823 
f 1454/1553/807 1453/1552/806 1471/1571/824 1472/1572/825 
f 1453/1552/806 1455/1554/808 1473/1573/826 1471/1571/824 
f 1455/1554/808 1456/1555/809 1474/1574/827 1473/1573/826 
f 1456/1555/809 1457/1556/810 1475/1575/828 1474/1574/827 
f 1457/1558/810 1458/1557/811 1476/1576/829 1475/1577/828 
f 1458/1557/811 1459/1559/812 1477/1578/830 1476/1576/829 
f 1459/1559/812 1460/1560/813 1478/1579/831 1477/1578/830 
f 1460/1560/813 1461/1561/814 1479/1580/832 1478/1579/831 
f 1461/1561/814 1462/1562/815 1480/1581/833 1479/1580/832 
f 1462/1562/815 1463/1563/816 1481/1582/834 1480/1581/833 
f 1463/1563/816 1464/1564/817 1482/1583/835 1481/1582/834 
f 1464/1564/817 1465/1565/818 1483/1584/836 1482/1583/835 
f 1465/1565/818 1466/1566/819 1484/1585/837 1483/1584/836 
f 1466/1566/819 1467/1567/820 1485/1586/838 1484/1585/837 
f 1467/1567/820 1468/1568/821 1486/1587/839 1485/1586/838 
f 1468/1568/821 1469/1569/822 1487/1588/840 1486/1587/839 
f 1469/1569/822 1470/1570/823 1488/1589/841 1487/1588/840 
f 1470/1570/823 1454/1553/807 1472/1572/825 1488/1589/841 
f 1472/1572/825 1471/1571/824 1489/1590/824 1490/1591/825 
f 1471/1571/824 1473/1573/826 1491/1592/826 1489/1590/824 
f 1473/1573/826 1474/1574/827 1492/1593/827 1491/1592/826 
f 1474/1574/827 1475/1575/828 1493/1594/828 1492/1593/827 
f 1475/1577/828 1476/1576/829 1494/1595/842 1493/1596/828 
f 1476/1576/829 1477/1578/830 1495/1597/843 1494/1595/842 
f 1477/1578/830 1478/1579/831 1496/1598/831 1495/1597/843 
f 1478/1579/831 1479/1580/832 1497/1599/832 1496/1598/831 
f 1479/1580/832 1480/1581/833 1498/1600/833 1497/1599/832 
f 1480/1581/833 1481/1582/834 1499/1601/834 1498/1600/833 
f 1481/1582/834 1482/1583/835 1500/1602/835 1499/1601/834 
f 1482/1583/835 1483/1584/836 1501/1603/836 1500/1602/835 
f 1483/1584/836 1484/1585/837 1502/1604/837 1501/1603/836 
f 1484/1585/837 1485/1586/838 1503/1605/838 1502/1604/837 
f 1485/1586/838 1486/1587/839 1504/1606/839 1503/1605/838 
f 1486/1587/839 1487/1588/840 1505/1607/840 1504/1606/839 
f 1487/1588/840 1488/1589/841 1506/1608/841 1505/1607/840 
f 1488/1589/841 1472/1572/825 1490/1591/825 1506/1608/841 
f 1490/1591/825 1489/1590/824 1507/1609/824 1508/1610/825 
f 1489/1590/824 1491/1592/826 1509/1611/826 1507/1609/824 
f 1491/1592/826 1492/1593/827 1510/1612/827 1509/1611/826 
f 1492/1593/827 1493/1594/828 1511/1613/828 1510/1612/827 
f 1493/1596/828 1494/1595/842 1512/1614/829 1511/1615/828 
f 1494/1595/842 1495/1597/843 1513/1616/843 1512/1614/829 
f 1495/1597/843 1496/1598/831 1514/1617/844 1513/1616/843 
f 1496/1598/831 1497/1599/832 1515/1618/832 1514/1617/844 
f 1497/1599/832 1498/1600/833 1516/1619/833 1515/1618/832 
f 1498/1600/833 1499/1601/834 1517/1620/834 1516/1619/833 
f 1499/1601/834 1500/1602/835 1518/1621/835 1517/1620/834 
f 1500/1602/835 1501/1603/836 1519/1622/836 1518/1621/835 
f 1501/1603/836 1502/1604/837 1520/1623/837 1519/1622/836 
f 1502/1604/837 1503/1605/838 1521/1624/838 1520/1623/837 
f 1503/1605/838 1504/1606/839 1522/1625/839 1521/1624/838 
f 1504/1606/839 1505/1607/840 1523/1626/840 1522/1625/839 
f 1505/1607/840 1506/1608/841 1524/1627/841 1523/1626/840 
f 1506/1608/841 1490/1591/825 1508/1610/825 1524/1627/841 
f 1508/1610/825 1507/1609/824 1525/1628/845 1526/1629/846 
f 1507/1609/824 1509/1611/826 1527/1630/847 1525/1628/845 
f 1509/1611/826 1510/1612/827 1528/1631/848 1527/1630/847 
f 1510/1612/827 1511/1613/828 1529/1632/849 1528/1631/848 
f 1511/1615/828 1512/1614/829 1530/1633/850 1529/1634/849 
f 1512/1614/829 1513/1616/843 1531/1635/851 1530/1633/850 
f 1513/1616/843 1514/1617/844 1532/1636/852 1531/1635/851 
f 1514/1617/844 1515/1618/832 1533/1637/853 1532/1636/852 
f 1515/1618/832 1516/1619/833 1534/1638/854 1533/1637/853 
f 1516/1619/833 1517/1620/834 1535/1639/855 1534/1638/854 
f 1517/1620/834 1518/1621/835 1536/1640/856 1535/1639/855 
f 1518/1621/835 1519/1622/836 1537/1641/857 1536/1640/856 
f 1519/1622/836 1520/1623/837 1538/1642/858 1537/1641/857 
f 1520/1623/837 1521/1624/838 1539/1643/859 1538/1642/858 
f 1521/1624/838 1522/1625/839 1540/1644/860 1539/1643/859 
f 1522/1625/839 1523/1626/840 1541/1645/861 1540/1644/860 
f 1523/1626/840 1524/1627/841 1542/1646/862 1541/1645/861 
f 1524/1627/841 1508/1610/825 1526/1629/846 1542/1646/862 
s 1
f 1543/1647/863 1542/1646/862 1526/1629/846 1525/1628/845 
f 1543/1647/863 1525/1628/845 1527/1630/847 1528/1631/848 
f 1543/1647/863 1528/1648/848 1529/1634/849 1530/1633/850 
f 1543/1647/863 1530/1633/850 1531/1635/851 1532/1636/852 
f 1543/1647/863 1532/1636/852 1533/1637/853 1534/1638/854 
f 1543/1647/863 1534/1638/854 1535/1639/855 1536/1640/856 
f 1543/1647/863 1536/1640/856 1537/1641/857 1538/1642/858 
f 1543/1647/863 1538/1642/858 1539/1643/859 1540/1644/860 
f 1543/1647/863 1540/1644/860 1541/1645/861 1542/1646/862 
# 108 polygons

#
# object Cylinder154
#

v  -64.45818 34.45547 110.09470
v  -47.40027 34.45547 95.78141
v  -43.53355 34.45547 102.47876
v  -42.19066 34.45547 110.09470
v  -60.59146 34.45547 88.16547
v  -53.32442 34.45547 90.81046
v  -75.59193 34.45547 90.81046
v  -68.32489 34.45547 88.16547
v  -85.38280 34.45547 102.47875
v  -81.51608 34.45547 95.78141
v  -85.38280 34.45547 117.71063
v  -86.72569 34.45547 110.09470
v  -75.59194 34.45547 129.37892
v  -81.51608 34.45547 124.40797
v  -60.59147 34.45547 132.02393
v  -68.32490 34.45547 132.02393
v  -47.40028 34.45547 124.40799
v  -53.32443 34.45547 129.37894
v  -43.53356 34.45547 117.71065
v  -43.53355 34.83119 102.47876
v  -42.19066 34.83119 110.09470
v  -47.40027 34.83119 95.78141
v  -53.32442 34.83119 90.81046
v  -60.59146 34.83119 88.16547
v  -68.32489 34.83119 88.16547
v  -75.59193 34.83119 90.81046
v  -81.51608 34.83119 95.78141
v  -85.38280 34.83119 102.47875
v  -86.72569 34.83119 110.09470
v  -85.38280 34.83119 117.71063
v  -81.51608 34.83119 124.40797
v  -75.59194 34.83119 129.37892
v  -68.32490 34.83119 132.02393
v  -60.59147 34.83119 132.02393
v  -53.32443 34.83119 129.37894
v  -47.40028 34.83119 124.40799
v  -43.53356 34.83119 117.71065
v  -43.53355 35.20691 102.47876
v  -42.19066 35.20691 110.09470
v  -47.40027 35.20691 95.78141
v  -53.32442 35.20691 90.81046
v  -60.59146 35.20691 88.16547
v  -68.32489 35.20691 88.16547
v  -75.59193 35.20691 90.81046
v  -81.51608 35.20691 95.78141
v  -85.38280 35.20691 102.47875
v  -86.72569 35.20691 110.09470
v  -85.38280 35.20691 117.71063
v  -81.51608 35.20691 124.40797
v  -75.59194 35.20691 129.37892
v  -68.32490 35.20691 132.02393
v  -60.59147 35.20691 132.02393
v  -53.32443 35.20691 129.37894
v  -47.40028 35.20691 124.40799
v  -43.53356 35.20691 117.71065
v  -43.53355 35.58263 102.47876
v  -42.19066 35.58263 110.09470
v  -47.40027 35.58263 95.78141
v  -53.32442 35.58263 90.81046
v  -60.59146 35.58263 88.16547
v  -68.32489 35.58263 88.16547
v  -75.59193 35.58263 90.81046
v  -81.51608 35.58263 95.78141
v  -85.38280 35.58263 102.47875
v  -86.72569 35.58263 110.09470
v  -85.38280 35.58263 117.71063
v  -81.51608 35.58263 124.40797
v  -75.59194 35.58263 129.37892
v  -68.32490 35.58263 132.02393
v  -60.59147 35.58263 132.02393
v  -53.32443 35.58263 129.37894
v  -47.40028 35.58263 124.40799
v  -43.53356 35.58263 117.71065
v  -43.53355 35.95834 102.47876
v  -42.19066 35.95834 110.09470
v  -47.40027 35.95834 95.78141
v  -53.32442 35.95834 90.81046
v  -60.59146 35.95834 88.16547
v  -68.32489 35.95834 88.16547
v  -75.59193 35.95834 90.81046
v  -81.51608 35.95834 95.78141
v  -85.38280 35.95834 102.47875
v  -86.72569 35.95834 110.09470
v  -85.38280 35.95834 117.71063
v  -81.51608 35.95834 124.40797
v  -75.59194 35.95834 129.37892
v  -68.32490 35.95834 132.02393
v  -60.59147 35.95834 132.02393
v  -53.32443 35.95834 129.37894
v  -47.40028 35.95834 124.40799
v  -43.53356 35.95834 117.71065
v  -43.53355 36.33406 102.47876
v  -42.19066 36.33406 110.09470
v  -47.40027 36.33406 95.78141
v  -53.32442 36.33406 90.81046
v  -60.59146 36.33406 88.16547
v  -68.32489 36.33406 88.16547
v  -75.59193 36.33406 90.81046
v  -81.51608 36.33406 95.78141
v  -85.38280 36.33406 102.47875
v  -86.72569 36.33406 110.09470
v  -85.38280 36.33406 117.71063
v  -81.51608 36.33406 124.40797
v  -75.59194 36.33406 129.37892
v  -68.32490 36.33406 132.02393
v  -60.59147 36.33406 132.02393
v  -53.32443 36.33406 129.37894
v  -47.40028 36.33406 124.40799
v  -43.53356 36.33406 117.71065
v  -64.45818 36.33406 110.09470
# 110 vertices

vn 0.00000 -1.00000 -0.00000
vn 0.56866 -0.67003 -0.47716
vn 0.69753 -0.67007 -0.25389
vn 0.74226 -0.67011 0.00000
vn 0.12890 -0.67003 -0.73106
vn 0.37117 -0.67003 -0.64288
vn -0.37116 -0.67007 -0.64284
vn -0.12888 -0.67007 -0.73102
vn -0.69753 -0.67007 -0.25389
vn -0.56866 -0.67003 -0.47716
vn -0.69757 -0.67003 0.25389
vn -0.74230 -0.67007 0.00001
vn -0.37114 -0.67007 0.64285
vn -0.56864 -0.67007 0.47713
vn 0.12890 -0.67003 0.73106
vn -0.12891 -0.67003 0.73106
vn 0.56866 -0.67003 0.47716
vn 0.37117 -0.67003 0.64288
vn 0.69753 -0.67007 0.25389
vn 0.93969 0.00000 -0.34204
vn 1.00000 0.00000 0.00000
vn 0.76604 0.00000 -0.64279
vn 0.50000 0.00000 -0.86603
vn 0.17365 0.00000 -0.98481
vn -0.17363 0.00000 -0.98481
vn -0.50002 0.00000 -0.86602
vn -0.76604 0.00000 -0.64279
vn -0.93969 0.00000 -0.34204
vn -1.00000 0.00000 0.00002
vn -0.93969 0.00000 0.34202
vn -0.76606 0.00000 0.64277
vn -0.49998 0.00000 0.86603
vn -0.17365 0.00000 0.98481
vn 0.17365 0.00000 0.98481
vn 0.50000 0.00000 0.86603
vn 0.76604 0.00000 0.64279
vn 0.93969 0.00000 0.34204
vn 0.69753 0.67007 -0.25389
vn 0.74226 0.67011 0.00000
vn 0.56866 0.67003 -0.47716
vn 0.37117 0.67003 -0.64288
vn 0.12890 0.67003 -0.73106
vn -0.12888 0.67007 -0.73102
vn -0.37116 0.67007 -0.64284
vn -0.56866 0.67003 -0.47716
vn -0.69753 0.67007 -0.25389
vn -0.74230 0.67007 0.00001
vn -0.69757 0.67003 0.25389
vn -0.56864 0.67007 0.47713
vn -0.37114 0.67007 0.64285
vn -0.12891 0.67003 0.73106
vn 0.12890 0.67003 0.73106
vn 0.37117 0.67003 0.64288
vn 0.56866 0.67003 0.47716
vn 0.69753 0.67007 0.25389
vn 0.00000 1.00000 -0.00000
# 56 vertex normals

vt 0.50000 0.00000 0.00000
vt 0.86111 0.00000 1.00000
vt 0.80556 0.00000 1.00000
vt 0.75000 0.00000 1.00000
vt 0.97222 0.00000 1.00000
vt 0.91667 0.00000 1.00000
vt 0.08333 0.00000 1.00000
vt 0.02778 0.00000 1.00000
vt -0.02778 0.00000 1.00000
vt 0.19444 0.00000 1.00000
vt 0.13889 0.00000 1.00000
vt 0.30556 0.00000 1.00000
vt 0.25000 0.00000 1.00000
vt 0.41667 0.00000 1.00000
vt 0.36111 0.00000 1.00000
vt 0.52778 0.00000 1.00000
vt 0.47222 0.00000 1.00000
vt 0.63889 0.00000 1.00000
vt 0.58333 0.00000 1.00000
vt 0.69444 0.00000 1.00000
vt 0.80556 0.20000 1.00000
vt 0.75000 0.20000 1.00000
vt 0.86111 0.20000 1.00000
vt 0.91667 0.20000 1.00000
vt 0.97222 0.20000 1.00000
vt 0.02778 0.20000 1.00000
vt -0.02778 0.20000 1.00000
vt 0.08333 0.20000 1.00000
vt 0.13889 0.20000 1.00000
vt 0.19444 0.20000 1.00000
vt 0.25000 0.20000 1.00000
vt 0.30556 0.20000 1.00000
vt 0.36111 0.20000 1.00000
vt 0.41667 0.20000 1.00000
vt 0.47222 0.20000 1.00000
vt 0.52778 0.20000 1.00000
vt 0.58333 0.20000 1.00000
vt 0.63889 0.20000 1.00000
vt 0.69444 0.20000 1.00000
vt 0.80556 0.40000 1.00000
vt 0.75000 0.40000 1.00000
vt 0.86111 0.40000 1.00000
vt 0.91667 0.40000 1.00000
vt 0.97222 0.40000 1.00000
vt 0.02778 0.40000 1.00000
vt -0.02778 0.40000 1.00000
vt 0.08333 0.40000 1.00000
vt 0.13889 0.40000 1.00000
vt 0.19444 0.40000 1.00000
vt 0.25000 0.40000 1.00000
vt 0.30556 0.40000 1.00000
vt 0.36111 0.40000 1.00000
vt 0.41667 0.40000 1.00000
vt 0.47222 0.40000 1.00000
vt 0.52778 0.40000 1.00000
vt 0.58333 0.40000 1.00000
vt 0.63889 0.40000 1.00000
vt 0.69444 0.40000 1.00000
vt 0.80556 0.60000 1.00000
vt 0.75000 0.60000 1.00000
vt 0.86111 0.60000 1.00000
vt 0.91667 0.60000 1.00000
vt 0.97222 0.60000 1.00000
vt 0.02778 0.60000 1.00000
vt -0.02778 0.60000 1.00000
vt 0.08333 0.60000 1.00000
vt 0.13889 0.60000 1.00000
vt 0.19444 0.60000 1.00000
vt 0.25000 0.60000 1.00000
vt 0.30556 0.60000 1.00000
vt 0.36111 0.60000 1.00000
vt 0.41667 0.60000 1.00000
vt 0.47222 0.60000 1.00000
vt 0.52778 0.60000 1.00000
vt 0.58333 0.60000 1.00000
vt 0.63889 0.60000 1.00000
vt 0.69444 0.60000 1.00000
vt 0.80556 0.80000 1.00000
vt 0.75000 0.80000 1.00000
vt 0.86111 0.80000 1.00000
vt 0.91667 0.80000 1.00000
vt 0.97222 0.80000 1.00000
vt 0.02778 0.80000 1.00000
vt -0.02778 0.80000 1.00000
vt 0.08333 0.80000 1.00000
vt 0.13889 0.80000 1.00000
vt 0.19444 0.80000 1.00000
vt 0.25000 0.80000 1.00000
vt 0.30556 0.80000 1.00000
vt 0.36111 0.80000 1.00000
vt 0.41667 0.80000 1.00000
vt 0.47222 0.80000 1.00000
vt 0.52778 0.80000 1.00000
vt 0.58333 0.80000 1.00000
vt 0.63889 0.80000 1.00000
vt 0.69444 0.80000 1.00000
vt 0.80556 1.00000 1.00000
vt 0.75000 1.00000 1.00000
vt 0.86111 1.00000 1.00000
vt 0.91667 1.00000 1.00000
vt 0.97222 1.00000 1.00000
vt 0.02778 1.00000 1.00000
vt -0.02778 1.00000 1.00000
vt 0.08333 1.00000 1.00000
vt 0.13889 1.00000 1.00000
vt 0.19444 1.00000 1.00000
vt 0.25000 1.00000 1.00000
vt 0.30556 1.00000 1.00000
vt 0.36111 1.00000 1.00000
vt 0.41667 1.00000 1.00000
vt 0.47222 1.00000 1.00000
vt 0.52778 1.00000 1.00000
vt 0.58333 1.00000 1.00000
vt 0.63889 1.00000 1.00000
vt 0.69444 1.00000 1.00000
vt 0.50000 1.00000 0.00000
vt 0.97082 1.00000 0.87939
# 117 texture coords

o Cylinder154
g Cylinder154
usemtl wire_138138138
s 1
f 1544/1649/864 1545/1650/865 1546/1651/866 1547/1652/867 
f 1544/1649/864 1548/1653/868 1549/1654/869 1545/1650/865 
f 1544/1649/864 1550/1655/870 1551/1656/871 1548/1657/868 
f 1544/1649/864 1552/1658/872 1553/1659/873 1550/1655/870 
f 1544/1649/864 1554/1660/874 1555/1661/875 1552/1658/872 
f 1544/1649/864 1556/1662/876 1557/1663/877 1554/1660/874 
f 1544/1649/864 1558/1664/878 1559/1665/879 1556/1662/876 
f 1544/1649/864 1560/1666/880 1561/1667/881 1558/1664/878 
f 1544/1649/864 1547/1652/867 1562/1668/882 1560/1666/880 
s 8
f 1547/1652/867 1546/1651/866 1563/1669/883 1564/1670/884 
f 1546/1651/866 1545/1650/865 1565/1671/885 1563/1669/883 
f 1545/1650/865 1549/1654/869 1566/1672/886 1565/1671/885 
f 1549/1654/869 1548/1653/868 1567/1673/887 1566/1672/886 
f 1548/1657/868 1551/1656/871 1568/1674/888 1567/1675/887 
f 1551/1656/871 1550/1655/870 1569/1676/889 1568/1674/888 
f 1550/1655/870 1553/1659/873 1570/1677/890 1569/1676/889 
f 1553/1659/873 1552/1658/872 1571/1678/891 1570/1677/890 
f 1552/1658/872 1555/1661/875 1572/1679/892 1571/1678/891 
f 1555/1661/875 1554/1660/874 1573/1680/893 1572/1679/892 
f 1554/1660/874 1557/1663/877 1574/1681/894 1573/1680/893 
f 1557/1663/877 1556/1662/876 1575/1682/895 1574/1681/894 
f 1556/1662/876 1559/1665/879 1576/1683/896 1575/1682/895 
f 1559/1665/879 1558/1664/878 1577/1684/897 1576/1683/896 
f 1558/1664/878 1561/1667/881 1578/1685/898 1577/1684/897 
f 1561/1667/881 1560/1666/880 1579/1686/899 1578/1685/898 
f 1560/1666/880 1562/1668/882 1580/1687/900 1579/1686/899 
f 1562/1668/882 1547/1652/867 1564/1670/884 1580/1687/900 
f 1564/1670/884 1563/1669/883 1581/1688/883 1582/1689/884 
f 1563/1669/883 1565/1671/885 1583/1690/885 1581/1688/883 
f 1565/1671/885 1566/1672/886 1584/1691/886 1583/1690/885 
f 1566/1672/886 1567/1673/887 1585/1692/887 1584/1691/886 
f 1567/1675/887 1568/1674/888 1586/1693/888 1585/1694/887 
f 1568/1674/888 1569/1676/889 1587/1695/889 1586/1693/888 
f 1569/1676/889 1570/1677/890 1588/1696/890 1587/1695/889 
f 1570/1677/890 1571/1678/891 1589/1697/891 1588/1696/890 
f 1571/1678/891 1572/1679/892 1590/1698/892 1589/1697/891 
f 1572/1679/892 1573/1680/893 1591/1699/893 1590/1698/892 
f 1573/1680/893 1574/1681/894 1592/1700/894 1591/1699/893 
f 1574/1681/894 1575/1682/895 1593/1701/895 1592/1700/894 
f 1575/1682/895 1576/1683/896 1594/1702/896 1593/1701/895 
f 1576/1683/896 1577/1684/897 1595/1703/897 1594/1702/896 
f 1577/1684/897 1578/1685/898 1596/1704/898 1595/1703/897 
f 1578/1685/898 1579/1686/899 1597/1705/899 1596/1704/898 
f 1579/1686/899 1580/1687/900 1598/1706/900 1597/1705/899 
f 1580/1687/900 1564/1670/884 1582/1689/884 1598/1706/900 
f 1582/1689/884 1581/1688/883 1599/1707/883 1600/1708/884 
f 1581/1688/883 1583/1690/885 1601/1709/885 1599/1707/883 
f 1583/1690/885 1584/1691/886 1602/1710/886 1601/1709/885 
f 1584/1691/886 1585/1692/887 1603/1711/887 1602/1710/886 
f 1585/1694/887 1586/1693/888 1604/1712/888 1603/1713/887 
f 1586/1693/888 1587/1695/889 1605/1714/889 1604/1712/888 
f 1587/1695/889 1588/1696/890 1606/1715/890 1605/1714/889 
f 1588/1696/890 1589/1697/891 1607/1716/891 1606/1715/890 
f 1589/1697/891 1590/1698/892 1608/1717/892 1607/1716/891 
f 1590/1698/892 1591/1699/893 1609/1718/893 1608/1717/892 
f 1591/1699/893 1592/1700/894 1610/1719/894 1609/1718/893 
f 1592/1700/894 1593/1701/895 1611/1720/895 1610/1719/894 
f 1593/1701/895 1594/1702/896 1612/1721/896 1611/1720/895 
f 1594/1702/896 1595/1703/897 1613/1722/897 1612/1721/896 
f 1595/1703/897 1596/1704/898 1614/1723/898 1613/1722/897 
f 1596/1704/898 1597/1705/899 1615/1724/899 1614/1723/898 
f 1597/1705/899 1598/1706/900 1616/1725/900 1615/1724/899 
f 1598/1706/900 1582/1689/884 1600/1708/884 1616/1725/900 
f 1600/1708/884 1599/1707/883 1617/1726/883 1618/1727/884 
f 1599/1707/883 1601/1709/885 1619/1728/885 1617/1726/883 
f 1601/1709/885 1602/1710/886 1620/1729/886 1619/1728/885 
f 1602/1710/886 1603/1711/887 1621/1730/887 1620/1729/886 
f 1603/1713/887 1604/1712/888 1622/1731/888 1621/1732/887 
f 1604/1712/888 1605/1714/889 1623/1733/889 1622/1731/888 
f 1605/1714/889 1606/1715/890 1624/1734/890 1623/1733/889 
f 1606/1715/890 1607/1716/891 1625/1735/891 1624/1734/890 
f 1607/1716/891 1608/1717/892 1626/1736/892 1625/1735/891 
f 1608/1717/892 1609/1718/893 1627/1737/893 1626/1736/892 
f 1609/1718/893 1610/1719/894 1628/1738/894 1627/1737/893 
f 1610/1719/894 1611/1720/895 1629/1739/895 1628/1738/894 
f 1611/1720/895 1612/1721/896 1630/1740/896 1629/1739/895 
f 1612/1721/896 1613/1722/897 1631/1741/897 1630/1740/896 
f 1613/1722/897 1614/1723/898 1632/1742/898 1631/1741/897 
f 1614/1723/898 1615/1724/899 1633/1743/899 1632/1742/898 
f 1615/1724/899 1616/1725/900 1634/1744/900 1633/1743/899 
f 1616/1725/900 1600/1708/884 1618/1727/884 1634/1744/900 
f 1618/1727/884 1617/1726/883 1635/1745/901 1636/1746/902 
f 1617/1726/883 1619/1728/885 1637/1747/903 1635/1745/901 
f 1619/1728/885 1620/1729/886 1638/1748/904 1637/1747/903 
f 1620/1729/886 1621/1730/887 1639/1749/905 1638/1748/904 
f 1621/1732/887 1622/1731/888 1640/1750/906 1639/1751/905 
f 1622/1731/888 1623/1733/889 1641/1752/907 1640/1750/906 
f 1623/1733/889 1624/1734/890 1642/1753/908 1641/1752/907 
f 1624/1734/890 1625/1735/891 1643/1754/909 1642/1753/908 
f 1625/1735/891 1626/1736/892 1644/1755/910 1643/1754/909 
f 1626/1736/892 1627/1737/893 1645/1756/911 1644/1755/910 
f 1627/1737/893 1628/1738/894 1646/1757/912 1645/1756/911 
f 1628/1738/894 1629/1739/895 1647/1758/913 1646/1757/912 
f 1629/1739/895 1630/1740/896 1648/1759/914 1647/1758/913 
f 1630/1740/896 1631/1741/897 1649/1760/915 1648/1759/914 
f 1631/1741/897 1632/1742/898 1650/1761/916 1649/1760/915 
f 1632/1742/898 1633/1743/899 1651/1762/917 1650/1761/916 
f 1633/1743/899 1634/1744/900 1652/1763/918 1651/1762/917 
f 1634/1744/900 1618/1727/884 1636/1746/902 1652/1763/918 
s 1
f 1653/1764/919 1652/1763/918 1636/1746/902 1635/1745/901 
f 1653/1764/919 1635/1745/901 1637/1747/903 1638/1748/904 
f 1653/1764/919 1638/1748/904 1639/1749/905 1640/1765/906 
f 1653/1764/919 1640/1750/906 1641/1752/907 1642/1753/908 
f 1653/1764/919 1642/1753/908 1643/1754/909 1644/1755/910 
f 1653/1764/919 1644/1755/910 1645/1756/911 1646/1757/912 
f 1653/1764/919 1646/1757/912 1647/1758/913 1648/1759/914 
f 1653/1764/919 1648/1759/914 1649/1760/915 1650/1761/916 
f 1653/1764/919 1650/1761/916 1651/1762/917 1652/1763/918 
# 108 polygons

#
# object Cylinder155
#

v  -3.26460 34.45547 140.89481
v  14.03442 34.45547 126.37920
v  17.95579 34.45547 133.17122
v  19.31767 34.45547 140.89481
v  0.65677 34.45547 118.65562
v  8.02654 34.45547 121.33799
v  -14.55573 34.45547 121.33799
v  -7.18597 34.45547 118.65562
v  -24.48498 34.45547 133.17122
v  -20.56361 34.45547 126.37920
v  -24.48499 34.45547 148.61839
v  -25.84686 34.45547 140.89481
v  -14.55573 34.45547 160.45161
v  -20.56362 34.45547 155.41040
v  0.65676 34.45547 163.13400
v  -7.18597 34.45547 163.13400
v  14.03441 34.45547 155.41042
v  8.02653 34.45547 160.45163
v  17.95579 34.45547 148.61841
v  17.95579 34.83118 133.17122
v  19.31767 34.83118 140.89481
v  14.03442 34.83118 126.37920
v  8.02654 34.83118 121.33799
v  0.65677 34.83118 118.65562
v  -7.18597 34.83118 118.65562
v  -14.55573 34.83118 121.33799
v  -20.56361 34.83118 126.37920
v  -24.48498 34.83118 133.17122
v  -25.84686 34.83118 140.89481
v  -24.48499 34.83118 148.61839
v  -20.56362 34.83118 155.41040
v  -14.55573 34.83118 160.45161
v  -7.18597 34.83118 163.13400
v  0.65676 34.83118 163.13400
v  8.02653 34.83118 160.45163
v  14.03441 34.83118 155.41042
v  17.95579 34.83118 148.61841
v  17.95580 35.20691 133.17122
v  19.31767 35.20691 140.89481
v  14.03443 35.20691 126.37920
v  8.02654 35.20691 121.33799
v  0.65677 35.20691 118.65561
v  -7.18597 35.20691 118.65562
v  -14.55573 35.20691 121.33799
v  -20.56362 35.20691 126.37920
v  -24.48499 35.20691 133.17122
v  -25.84686 35.20691 140.89481
v  -24.48499 35.20691 148.61839
v  -20.56362 35.20691 155.41040
v  -14.55574 35.20691 160.45161
v  -7.18597 35.20691 163.13400
v  0.65676 35.20691 163.13400
v  8.02653 35.20691 160.45163
v  14.03442 35.20691 155.41042
v  17.95579 35.20691 148.61841
v  17.95579 35.58262 133.17122
v  19.31767 35.58262 140.89481
v  14.03442 35.58262 126.37920
v  8.02654 35.58262 121.33799
v  0.65677 35.58262 118.65562
v  -7.18597 35.58262 118.65562
v  -14.55573 35.58262 121.33799
v  -20.56361 35.58262 126.37920
v  -24.48498 35.58262 133.17122
v  -25.84686 35.58262 140.89481
v  -24.48499 35.58262 148.61839
v  -20.56362 35.58262 155.41040
v  -14.55573 35.58262 160.45161
v  -7.18597 35.58262 163.13400
v  0.65676 35.58262 163.13400
v  8.02653 35.58262 160.45163
v  14.03441 35.58262 155.41042
v  17.95579 35.58262 148.61841
v  17.95579 35.95834 133.17122
v  19.31767 35.95834 140.89481
v  14.03442 35.95834 126.37920
v  8.02654 35.95834 121.33799
v  0.65677 35.95834 118.65562
v  -7.18597 35.95834 118.65562
v  -14.55573 35.95834 121.33799
v  -20.56361 35.95834 126.37920
v  -24.48498 35.95834 133.17122
v  -25.84686 35.95834 140.89481
v  -24.48499 35.95834 148.61839
v  -20.56362 35.95834 155.41040
v  -14.55573 35.95834 160.45161
v  -7.18597 35.95834 163.13400
v  0.65676 35.95834 163.13400
v  8.02653 35.95834 160.45163
v  14.03441 35.95834 155.41042
v  17.95579 35.95834 148.61841
v  17.95579 36.33406 133.17122
v  19.31767 36.33406 140.89481
v  14.03442 36.33406 126.37920
v  8.02654 36.33406 121.33799
v  0.65677 36.33406 118.65562
v  -7.18597 36.33406 118.65562
v  -14.55573 36.33406 121.33799
v  -20.56361 36.33406 126.37920
v  -24.48498 36.33406 133.17122
v  -25.84686 36.33406 140.89481
v  -24.48499 36.33406 148.61839
v  -20.56362 36.33406 155.41040
v  -14.55573 36.33406 160.45161
v  -7.18597 36.33406 163.13400
v  0.65676 36.33406 163.13400
v  8.02653 36.33406 160.45163
v  14.03441 36.33406 155.41042
v  17.95579 36.33406 148.61841
v  -3.26460 36.33406 140.89481
# 110 vertices

vn 0.00000 -1.00000 -0.00000
vn 0.56866 -0.67003 -0.47716
vn 0.69753 -0.67007 -0.25389
vn 0.74226 -0.67011 0.00000
vn 0.12890 -0.67003 -0.73106
vn 0.37117 -0.67003 -0.64288
vn -0.37117 -0.67003 -0.64288
vn -0.12890 -0.67003 -0.73106
vn -0.69750 -0.67011 -0.25387
vn -0.56862 -0.67007 -0.47715
vn -0.69754 -0.67007 0.25387
vn -0.74230 -0.67007 0.00001
vn -0.37117 -0.67003 0.64288
vn -0.56862 -0.67007 0.47715
vn 0.12888 -0.67007 0.73102
vn -0.12891 -0.67003 0.73106
vn 0.56862 -0.67007 0.47715
vn 0.37116 -0.67007 0.64284
vn 0.69750 -0.67011 0.25387
vn 0.93969 -0.00000 -0.34202
vn 1.00000 -0.00000 0.00000
vn 0.76604 -0.00000 -0.64279
vn 0.50000 -0.00000 -0.86603
vn 0.17365 -0.00000 -0.98481
vn -0.17365 -0.00000 -0.98481
vn -0.50000 -0.00000 -0.86603
vn -0.76603 -0.00000 -0.64280
vn -0.93969 -0.00000 -0.34202
vn -1.00000 -0.00000 -0.00000
vn -0.93969 -0.00000 0.34202
vn -0.76604 -0.00000 0.64279
vn -0.50000 -0.00000 0.86603
vn -0.17365 -0.00000 0.98481
vn 0.17365 -0.00000 0.98481
vn 0.50000 -0.00000 0.86603
vn 0.76604 -0.00000 0.64279
vn 0.93969 -0.00000 0.34202
vn 0.93969 -0.00000 -0.34204
vn 0.50002 -0.00000 -0.86602
vn 0.17363 -0.00000 -0.98481
vn -0.76606 -0.00000 -0.64277
vn -1.00000 -0.00000 0.00002
vn 0.93969 -0.00000 0.34204
vn 0.93969 0.00000 -0.34202
vn 1.00000 0.00000 0.00000
vn 0.76604 0.00000 -0.64279
vn 0.50000 0.00000 -0.86603
vn 0.17365 0.00000 -0.98481
vn -0.17365 0.00000 -0.98481
vn -0.50000 0.00000 -0.86603
vn -0.76603 0.00000 -0.64280
vn -0.93969 0.00000 -0.34202
vn -1.00000 0.00000 -0.00000
vn -0.93969 0.00000 0.34202
vn -0.76604 0.00000 0.64279
vn -0.50000 0.00000 0.86603
vn -0.17365 0.00000 0.98481
vn 0.17365 0.00000 0.98481
vn 0.50000 0.00000 0.86603
vn 0.76604 0.00000 0.64279
vn 0.93969 0.00000 0.34202
vn 0.93969 0.00000 -0.34204
vn -1.00000 0.00000 0.00002
vn -0.93970 0.00000 0.34200
vn -0.76603 0.00000 0.64280
vn 0.17363 0.00000 0.98481
vn 0.50002 0.00000 0.86602
vn 0.76603 0.00000 0.64280
vn 0.69753 0.67007 -0.25389
vn 0.74226 0.67011 0.00000
vn 0.56866 0.67003 -0.47716
vn 0.37117 0.67003 -0.64288
vn 0.12890 0.67003 -0.73106
vn -0.12890 0.67003 -0.73106
vn -0.37117 0.67003 -0.64288
vn -0.56862 0.67007 -0.47715
vn -0.69750 0.67011 -0.25387
vn -0.74230 0.67007 0.00001
vn -0.69754 0.67007 0.25387
vn -0.56862 0.67007 0.47715
vn -0.37117 0.67003 0.64288
vn -0.12891 0.67003 0.73106
vn 0.12888 0.67007 0.73102
vn 0.37116 0.67007 0.64284
vn 0.56862 0.67007 0.47715
vn 0.69750 0.67011 0.25387
vn 0.00000 1.00000 -0.00000
# 87 vertex normals

vt 0.50000 0.00000 0.00000
vt 0.86111 0.00000 1.00000
vt 0.80556 0.00000 1.00000
vt 0.75000 0.00000 1.00000
vt 0.97222 0.00000 1.00000
vt 0.91667 0.00000 1.00000
vt 0.08333 0.00000 1.00000
vt 0.02778 0.00000 1.00000
vt -0.02778 0.00000 1.00000
vt 0.19444 0.00000 1.00000
vt 0.13889 0.00000 1.00000
vt 0.30556 0.00000 1.00000
vt 0.25000 0.00000 1.00000
vt 0.41667 0.00000 1.00000
vt 0.36111 0.00000 1.00000
vt 0.52778 0.00000 1.00000
vt 0.47222 0.00000 1.00000
vt 0.63889 0.00000 1.00000
vt 0.58333 0.00000 1.00000
vt 0.69444 0.00000 1.00000
vt 0.80556 0.20000 1.00000
vt 0.75000 0.20000 1.00000
vt 0.86111 0.20000 1.00000
vt 0.91667 0.20000 1.00000
vt 0.97222 0.20000 1.00000
vt 0.02778 0.20000 1.00000
vt -0.02778 0.20000 1.00000
vt 0.08333 0.20000 1.00000
vt 0.13889 0.20000 1.00000
vt 0.19444 0.20000 1.00000
vt 0.25000 0.20000 1.00000
vt 0.30556 0.20000 1.00000
vt 0.36111 0.20000 1.00000
vt 0.41667 0.20000 1.00000
vt 0.47222 0.20000 1.00000
vt 0.52778 0.20000 1.00000
vt 0.58333 0.20000 1.00000
vt 0.63889 0.20000 1.00000
vt 0.69444 0.20000 1.00000
vt 0.80556 0.40000 1.00000
vt 0.75000 0.40000 1.00000
vt 0.86111 0.40000 1.00000
vt 0.91667 0.40000 1.00000
vt 0.97222 0.40000 1.00000
vt 0.02778 0.40000 1.00000
vt -0.02778 0.40000 1.00000
vt 0.08333 0.40000 1.00000
vt 0.13889 0.40000 1.00000
vt 0.19444 0.40000 1.00000
vt 0.25000 0.40000 1.00000
vt 0.30556 0.40000 1.00000
vt 0.36111 0.40000 1.00000
vt 0.41667 0.40000 1.00000
vt 0.47222 0.40000 1.00000
vt 0.52778 0.40000 1.00000
vt 0.58333 0.40000 1.00000
vt 0.63889 0.40000 1.00000
vt 0.69444 0.40000 1.00000
vt 0.80556 0.60000 1.00000
vt 0.75000 0.60000 1.00000
vt 0.86111 0.60000 1.00000
vt 0.91667 0.60000 1.00000
vt 0.97222 0.60000 1.00000
vt 0.02778 0.60000 1.00000
vt -0.02778 0.60000 1.00000
vt 0.08333 0.60000 1.00000
vt 0.13889 0.60000 1.00000
vt 0.19444 0.60000 1.00000
vt 0.25000 0.60000 1.00000
vt 0.30556 0.60000 1.00000
vt 0.36111 0.60000 1.00000
vt 0.41667 0.60000 1.00000
vt 0.47222 0.60000 1.00000
vt 0.52778 0.60000 1.00000
vt 0.58333 0.60000 1.00000
vt 0.63889 0.60000 1.00000
vt 0.69444 0.60000 1.00000
vt 0.80556 0.80000 1.00000
vt 0.75000 0.80000 1.00000
vt 0.86111 0.80000 1.00000
vt 0.91667 0.80000 1.00000
vt 0.97222 0.80000 1.00000
vt 0.02778 0.80000 1.00000
vt -0.02778 0.80000 1.00000
vt 0.08333 0.80000 1.00000
vt 0.13889 0.80000 1.00000
vt 0.19444 0.80000 1.00000
vt 0.25000 0.80000 1.00000
vt 0.30556 0.80000 1.00000
vt 0.36111 0.80000 1.00000
vt 0.41667 0.80000 1.00000
vt 0.47222 0.80000 1.00000
vt 0.52778 0.80000 1.00000
vt 0.58333 0.80000 1.00000
vt 0.63889 0.80000 1.00000
vt 0.69444 0.80000 1.00000
vt 0.80556 1.00000 1.00000
vt 0.75000 1.00000 1.00000
vt 0.86111 1.00000 1.00000
vt 0.91667 1.00000 1.00000
vt 0.97222 1.00000 1.00000
vt 0.02778 1.00000 1.00000
vt -0.02778 1.00000 1.00000
vt 0.08333 1.00000 1.00000
vt 0.13889 1.00000 1.00000
vt 0.19444 1.00000 1.00000
vt 0.25000 1.00000 1.00000
vt 0.30556 1.00000 1.00000
vt 0.36111 1.00000 1.00000
vt 0.41667 1.00000 1.00000
vt 0.47222 1.00000 1.00000
vt 0.52778 1.00000 1.00000
vt 0.58333 1.00000 1.00000
vt 0.63889 1.00000 1.00000
vt 0.69444 1.00000 1.00000
vt 0.50000 1.00000 0.00000
vt 0.97082 1.00000 0.87939
# 117 texture coords

o Cylinder155
g Cylinder155
usemtl wire_082082082
s 1
f 1654/1766/920 1655/1767/921 1656/1768/922 1657/1769/923 
f 1654/1766/920 1658/1770/924 1659/1771/925 1655/1767/921 
f 1654/1766/920 1660/1772/926 1661/1773/927 1658/1774/924 
f 1654/1766/920 1662/1775/928 1663/1776/929 1660/1772/926 
f 1654/1766/920 1664/1777/930 1665/1778/931 1662/1775/928 
f 1654/1766/920 1666/1779/932 1667/1780/933 1664/1777/930 
f 1654/1766/920 1668/1781/934 1669/1782/935 1666/1779/932 
f 1654/1766/920 1670/1783/936 1671/1784/937 1668/1781/934 
f 1654/1766/920 1657/1769/923 1672/1785/938 1670/1783/936 
s 8
f 1657/1769/923 1656/1768/922 1673/1786/939 1674/1787/940 
f 1656/1768/922 1655/1767/921 1675/1788/941 1673/1786/939 
f 1655/1767/921 1659/1771/925 1676/1789/942 1675/1788/941 
f 1659/1771/925 1658/1770/924 1677/1790/943 1676/1789/942 
f 1658/1774/924 1661/1773/927 1678/1791/944 1677/1792/943 
f 1661/1773/927 1660/1772/926 1679/1793/945 1678/1791/944 
f 1660/1772/926 1663/1776/929 1680/1794/946 1679/1793/945 
f 1663/1776/929 1662/1775/928 1681/1795/947 1680/1794/946 
f 1662/1775/928 1665/1778/931 1682/1796/948 1681/1795/947 
f 1665/1778/931 1664/1777/930 1683/1797/949 1682/1796/948 
f 1664/1777/930 1667/1780/933 1684/1798/950 1683/1797/949 
f 1667/1780/933 1666/1779/932 1685/1799/951 1684/1798/950 
f 1666/1779/932 1669/1782/935 1686/1800/952 1685/1799/951 
f 1669/1782/935 1668/1781/934 1687/1801/953 1686/1800/952 
f 1668/1781/934 1671/1784/937 1688/1802/954 1687/1801/953 
f 1671/1784/937 1670/1783/936 1689/1803/955 1688/1802/954 
f 1670/1783/936 1672/1785/938 1690/1804/956 1689/1803/955 
f 1672/1785/938 1657/1769/923 1674/1787/940 1690/1804/956 
f 1674/1787/940 1673/1786/939 1691/1805/957 1692/1806/940 
f 1673/1786/939 1675/1788/941 1693/1807/941 1691/1805/957 
f 1675/1788/941 1676/1789/942 1694/1808/958 1693/1807/941 
f 1676/1789/942 1677/1790/943 1695/1809/959 1694/1808/958 
f 1677/1792/943 1678/1791/944 1696/1810/944 1695/1811/959 
f 1678/1791/944 1679/1793/945 1697/1812/945 1696/1810/944 
f 1679/1793/945 1680/1794/946 1698/1813/960 1697/1812/945 
f 1680/1794/946 1681/1795/947 1699/1814/947 1698/1813/960 
f 1681/1795/947 1682/1796/948 1700/1815/961 1699/1814/947 
f 1682/1796/948 1683/1797/949 1701/1816/949 1700/1815/961 
f 1683/1797/949 1684/1798/950 1702/1817/950 1701/1816/949 
f 1684/1798/950 1685/1799/951 1703/1818/951 1702/1817/950 
f 1685/1799/951 1686/1800/952 1704/1819/952 1703/1818/951 
f 1686/1800/952 1687/1801/953 1705/1820/953 1704/1819/952 
f 1687/1801/953 1688/1802/954 1706/1821/954 1705/1820/953 
f 1688/1802/954 1689/1803/955 1707/1822/955 1706/1821/954 
f 1689/1803/955 1690/1804/956 1708/1823/962 1707/1822/955 
f 1690/1804/956 1674/1787/940 1692/1806/940 1708/1823/962 
f 1692/1806/940 1691/1805/957 1709/1824/963 1710/1825/964 
f 1691/1805/957 1693/1807/941 1711/1826/965 1709/1824/963 
f 1693/1807/941 1694/1808/958 1712/1827/966 1711/1826/965 
f 1694/1808/958 1695/1809/959 1713/1828/967 1712/1827/966 
f 1695/1811/959 1696/1810/944 1714/1829/968 1713/1830/967 
f 1696/1810/944 1697/1812/945 1715/1831/969 1714/1829/968 
f 1697/1812/945 1698/1813/960 1716/1832/970 1715/1831/969 
f 1698/1813/960 1699/1814/947 1717/1833/971 1716/1832/970 
f 1699/1814/947 1700/1815/961 1718/1834/972 1717/1833/971 
f 1700/1815/961 1701/1816/949 1719/1835/973 1718/1834/972 
f 1701/1816/949 1702/1817/950 1720/1836/974 1719/1835/973 
f 1702/1817/950 1703/1818/951 1721/1837/975 1720/1836/974 
f 1703/1818/951 1704/1819/952 1722/1838/976 1721/1837/975 
f 1704/1819/952 1705/1820/953 1723/1839/977 1722/1838/976 
f 1705/1820/953 1706/1821/954 1724/1840/978 1723/1839/977 
f 1706/1821/954 1707/1822/955 1725/1841/979 1724/1840/978 
f 1707/1822/955 1708/1823/962 1726/1842/980 1725/1841/979 
f 1708/1823/962 1692/1806/940 1710/1825/964 1726/1842/980 
f 1710/1825/964 1709/1824/963 1727/1843/981 1728/1844/964 
f 1709/1824/963 1711/1826/965 1729/1845/965 1727/1843/981 
f 1711/1826/965 1712/1827/966 1730/1846/966 1729/1845/965 
f 1712/1827/966 1713/1828/967 1731/1847/967 1730/1846/966 
f 1713/1830/967 1714/1829/968 1732/1848/968 1731/1849/967 
f 1714/1829/968 1715/1831/969 1733/1850/969 1732/1848/968 
f 1715/1831/969 1716/1832/970 1734/1851/970 1733/1850/969 
f 1716/1832/970 1717/1833/971 1735/1852/971 1734/1851/970 
f 1717/1833/971 1718/1834/972 1736/1853/982 1735/1852/971 
f 1718/1834/972 1719/1835/973 1737/1854/983 1736/1853/982 
f 1719/1835/973 1720/1836/974 1738/1855/984 1737/1854/983 
f 1720/1836/974 1721/1837/975 1739/1856/975 1738/1855/984 
f 1721/1837/975 1722/1838/976 1740/1857/976 1739/1856/975 
f 1722/1838/976 1723/1839/977 1741/1858/985 1740/1857/976 
f 1723/1839/977 1724/1840/978 1742/1859/986 1741/1858/985 
f 1724/1840/978 1725/1841/979 1743/1860/987 1742/1859/986 
f 1725/1841/979 1726/1842/980 1744/1861/980 1743/1860/987 
f 1726/1842/980 1710/1825/964 1728/1844/964 1744/1861/980 
f 1728/1844/964 1727/1843/981 1745/1862/988 1746/1863/989 
f 1727/1843/981 1729/1845/965 1747/1864/990 1745/1862/988 
f 1729/1845/965 1730/1846/966 1748/1865/991 1747/1864/990 
f 1730/1846/966 1731/1847/967 1749/1866/992 1748/1865/991 
f 1731/1849/967 1732/1848/968 1750/1867/993 1749/1868/992 
f 1732/1848/968 1733/1850/969 1751/1869/994 1750/1867/993 
f 1733/1850/969 1734/1851/970 1752/1870/995 1751/1869/994 
f 1734/1851/970 1735/1852/971 1753/1871/996 1752/1870/995 
f 1735/1852/971 1736/1853/982 1754/1872/997 1753/1871/996 
f 1736/1853/982 1737/1854/983 1755/1873/998 1754/1872/997 
f 1737/1854/983 1738/1855/984 1756/1874/999 1755/1873/998 
f 1738/1855/984 1739/1856/975 1757/1875/1000 1756/1874/999 
f 1739/1856/975 1740/1857/976 1758/1876/1001 1757/1875/1000 
f 1740/1857/976 1741/1858/985 1759/1877/1002 1758/1876/1001 
f 1741/1858/985 1742/1859/986 1760/1878/1003 1759/1877/1002 
f 1742/1859/986 1743/1860/987 1761/1879/1004 1760/1878/1003 
f 1743/1860/987 1744/1861/980 1762/1880/1005 1761/1879/1004 
f 1744/1861/980 1728/1844/964 1746/1863/989 1762/1880/1005 
s 1
f 1763/1881/1006 1762/1880/1005 1746/1863/989 1745/1862/988 
f 1763/1881/1006 1745/1862/988 1747/1864/990 1748/1865/991 
f 1763/1881/1006 1748/1865/991 1749/1866/992 1750/1882/993 
f 1763/1881/1006 1750/1867/993 1751/1869/994 1752/1870/995 
f 1763/1881/1006 1752/1870/995 1753/1871/996 1754/1872/997 
f 1763/1881/1006 1754/1872/997 1755/1873/998 1756/1874/999 
f 1763/1881/1006 1756/1874/999 1757/1875/1000 1758/1876/1001 
f 1763/1881/1006 1758/1876/1001 1759/1877/1002 1760/1878/1003 
f 1763/1881/1006 1760/1878/1003 1761/1879/1004 1762/1880/1005 
# 108 polygons

#
# object Cylinder156
#

v  65.95684 34.45547 141.42870
v  82.52200 34.45547 127.52888
v  86.27702 34.45547 134.03276
v  87.58112 34.45547 141.42870
v  69.71185 34.45547 120.13293
v  76.76898 34.45547 122.70152
v  55.14470 34.45547 122.70152
v  62.20182 34.45547 120.13294
v  45.63667 34.45547 134.03276
v  49.39169 34.45547 127.52888
v  45.63667 34.45547 148.82463
v  44.33257 34.45547 141.42870
v  55.14470 34.45547 160.15587
v  49.39168 34.45547 155.32851
v  69.71185 34.45547 162.72446
v  62.20182 34.45547 162.72446
v  82.52199 34.45547 155.32852
v  76.76897 34.45547 160.15587
v  86.27701 34.45547 148.82465
v  86.27702 34.83118 134.03276
v  87.58112 34.83118 141.42870
v  82.52200 34.83118 127.52888
v  76.76898 34.83118 122.70152
v  69.71185 34.83118 120.13293
v  62.20182 34.83118 120.13294
v  55.14470 34.83118 122.70152
v  49.39169 34.83118 127.52888
v  45.63667 34.83118 134.03276
v  44.33257 34.83118 141.42870
v  45.63667 34.83118 148.82463
v  49.39168 34.83118 155.32851
v  55.14470 34.83118 160.15587
v  62.20182 34.83118 162.72446
v  69.71185 34.83118 162.72446
v  76.76897 34.83118 160.15587
v  82.52199 34.83118 155.32852
v  86.27701 34.83118 148.82465
v  86.27702 35.20691 134.03276
v  87.58112 35.20691 141.42870
v  82.52200 35.20691 127.52888
v  76.76898 35.20691 122.70152
v  69.71185 35.20691 120.13293
v  62.20182 35.20691 120.13294
v  55.14470 35.20691 122.70152
v  49.39169 35.20691 127.52888
v  45.63667 35.20691 134.03276
v  44.33257 35.20691 141.42870
v  45.63667 35.20691 148.82463
v  49.39168 35.20691 155.32851
v  55.14470 35.20691 160.15587
v  62.20182 35.20691 162.72446
v  69.71185 35.20691 162.72446
v  76.76897 35.20691 160.15587
v  82.52199 35.20691 155.32852
v  86.27701 35.20691 148.82465
v  86.27702 35.58262 134.03276
v  87.58112 35.58262 141.42870
v  82.52200 35.58262 127.52888
v  76.76898 35.58262 122.70152
v  69.71185 35.58262 120.13293
v  62.20182 35.58262 120.13294
v  55.14470 35.58262 122.70152
v  49.39169 35.58262 127.52888
v  45.63667 35.58262 134.03276
v  44.33257 35.58262 141.42870
v  45.63667 35.58262 148.82463
v  49.39168 35.58262 155.32851
v  55.14470 35.58262 160.15587
v  62.20182 35.58262 162.72446
v  69.71185 35.58262 162.72446
v  76.76897 35.58262 160.15587
v  82.52199 35.58262 155.32852
v  86.27701 35.58262 148.82465
v  86.27702 35.95834 134.03276
v  87.58112 35.95834 141.42870
v  82.52200 35.95834 127.52888
v  76.76898 35.95834 122.70152
v  69.71185 35.95834 120.13293
v  62.20182 35.95834 120.13294
v  55.14470 35.95834 122.70152
v  49.39169 35.95834 127.52888
v  45.63667 35.95834 134.03276
v  44.33257 35.95834 141.42870
v  45.63667 35.95834 148.82463
v  49.39168 35.95834 155.32851
v  55.14470 35.95834 160.15587
v  62.20182 35.95834 162.72446
v  69.71185 35.95834 162.72446
v  76.76897 35.95834 160.15587
v  82.52199 35.95834 155.32852
v  86.27701 35.95834 148.82465
v  86.27702 36.33406 134.03276
v  87.58112 36.33406 141.42870
v  82.52200 36.33406 127.52888
v  76.76898 36.33406 122.70152
v  69.71185 36.33406 120.13293
v  62.20182 36.33406 120.13294
v  55.14470 36.33406 122.70152
v  49.39169 36.33406 127.52888
v  45.63667 36.33406 134.03276
v  44.33257 36.33406 141.42870
v  45.63667 36.33406 148.82463
v  49.39168 36.33406 155.32851
v  55.14470 36.33406 160.15587
v  62.20182 36.33406 162.72446
v  69.71185 36.33406 162.72446
v  76.76897 36.33406 160.15587
v  82.52199 36.33406 155.32852
v  86.27701 36.33406 148.82465
v  65.95684 36.33406 141.42870
# 110 vertices

vn 0.00000 -1.00000 -0.00000
vn 0.56864 -0.67007 -0.47713
vn 0.69753 -0.67007 -0.25389
vn 0.74230 -0.67007 0.00001
vn 0.12888 -0.67007 -0.73102
vn 0.37113 -0.67011 -0.64282
vn -0.37114 -0.67007 -0.64285
vn -0.12890 -0.67003 -0.73106
vn -0.69757 -0.67003 -0.25389
vn -0.56864 -0.67007 -0.47713
vn -0.69757 -0.67003 0.25389
vn -0.74233 -0.67003 -0.00000
vn -0.37117 -0.67003 0.64288
vn -0.56866 -0.67003 0.47716
vn 0.12890 -0.67003 0.73106
vn -0.12891 -0.67003 0.73106
vn 0.56862 -0.67007 0.47715
vn 0.37117 -0.67003 0.64288
vn 0.69754 -0.67007 0.25387
vn 0.93969 0.00000 -0.34204
vn 1.00000 0.00000 0.00002
vn 0.76606 0.00000 -0.64277
vn 0.50000 0.00000 -0.86603
vn 0.17363 0.00000 -0.98481
vn -0.17365 0.00000 -0.98481
vn -0.49998 0.00000 -0.86604
vn -0.76606 0.00000 -0.64277
vn -0.93969 0.00000 -0.34202
vn -1.00000 0.00000 -0.00000
vn -0.93969 0.00000 0.34202
vn -0.76604 0.00000 0.64279
vn -0.50000 0.00000 0.86603
vn -0.17365 0.00000 0.98481
vn 0.17365 0.00000 0.98481
vn 0.50000 0.00000 0.86603
vn 0.76603 0.00000 0.64280
vn 0.93970 0.00000 0.34200
vn 0.69753 0.67007 -0.25389
vn 0.74230 0.67007 0.00001
vn 0.56864 0.67007 -0.47713
vn 0.37113 0.67011 -0.64282
vn 0.12888 0.67007 -0.73102
vn -0.12890 0.67003 -0.73106
vn -0.37114 0.67007 -0.64285
vn -0.56864 0.67007 -0.47713
vn -0.69756 0.67003 -0.25389
vn -0.74233 0.67003 -0.00000
vn -0.69757 0.67003 0.25389
vn -0.56866 0.67003 0.47716
vn -0.37117 0.67003 0.64288
vn -0.12891 0.67003 0.73106
vn 0.12890 0.67003 0.73106
vn 0.37117 0.67003 0.64288
vn 0.56862 0.67007 0.47715
vn 0.69754 0.67007 0.25387
vn 0.00000 1.00000 -0.00000
# 56 vertex normals

vt 0.50000 0.00000 0.00000
vt 0.86111 0.00000 1.00000
vt 0.80556 0.00000 1.00000
vt 0.75000 0.00000 1.00000
vt 0.97222 0.00000 1.00000
vt 0.91667 0.00000 1.00000
vt 0.08333 0.00000 1.00000
vt 0.02778 0.00000 1.00000
vt -0.02778 0.00000 1.00000
vt 0.19444 0.00000 1.00000
vt 0.13889 0.00000 1.00000
vt 0.30556 0.00000 1.00000
vt 0.25000 0.00000 1.00000
vt 0.41667 0.00000 1.00000
vt 0.36111 0.00000 1.00000
vt 0.52778 0.00000 1.00000
vt 0.47222 0.00000 1.00000
vt 0.63889 0.00000 1.00000
vt 0.58333 0.00000 1.00000
vt 0.69444 0.00000 1.00000
vt 0.80556 0.20000 1.00000
vt 0.75000 0.20000 1.00000
vt 0.86111 0.20000 1.00000
vt 0.91667 0.20000 1.00000
vt 0.97222 0.20000 1.00000
vt 0.02778 0.20000 1.00000
vt -0.02778 0.20000 1.00000
vt 0.08333 0.20000 1.00000
vt 0.13889 0.20000 1.00000
vt 0.19444 0.20000 1.00000
vt 0.25000 0.20000 1.00000
vt 0.30556 0.20000 1.00000
vt 0.36111 0.20000 1.00000
vt 0.41667 0.20000 1.00000
vt 0.47222 0.20000 1.00000
vt 0.52778 0.20000 1.00000
vt 0.58333 0.20000 1.00000
vt 0.63889 0.20000 1.00000
vt 0.69444 0.20000 1.00000
vt 0.80556 0.40000 1.00000
vt 0.75000 0.40000 1.00000
vt 0.86111 0.40000 1.00000
vt 0.91667 0.40000 1.00000
vt 0.97222 0.40000 1.00000
vt 0.02778 0.40000 1.00000
vt -0.02778 0.40000 1.00000
vt 0.08333 0.40000 1.00000
vt 0.13889 0.40000 1.00000
vt 0.19444 0.40000 1.00000
vt 0.25000 0.40000 1.00000
vt 0.30556 0.40000 1.00000
vt 0.36111 0.40000 1.00000
vt 0.41667 0.40000 1.00000
vt 0.47222 0.40000 1.00000
vt 0.52778 0.40000 1.00000
vt 0.58333 0.40000 1.00000
vt 0.63889 0.40000 1.00000
vt 0.69444 0.40000 1.00000
vt 0.80556 0.60000 1.00000
vt 0.75000 0.60000 1.00000
vt 0.86111 0.60000 1.00000
vt 0.91667 0.60000 1.00000
vt 0.97222 0.60000 1.00000
vt 0.02778 0.60000 1.00000
vt -0.02778 0.60000 1.00000
vt 0.08333 0.60000 1.00000
vt 0.13889 0.60000 1.00000
vt 0.19444 0.60000 1.00000
vt 0.25000 0.60000 1.00000
vt 0.30556 0.60000 1.00000
vt 0.36111 0.60000 1.00000
vt 0.41667 0.60000 1.00000
vt 0.47222 0.60000 1.00000
vt 0.52778 0.60000 1.00000
vt 0.58333 0.60000 1.00000
vt 0.63889 0.60000 1.00000
vt 0.69444 0.60000 1.00000
vt 0.80556 0.80000 1.00000
vt 0.75000 0.80000 1.00000
vt 0.86111 0.80000 1.00000
vt 0.91667 0.80000 1.00000
vt 0.97222 0.80000 1.00000
vt 0.02778 0.80000 1.00000
vt -0.02778 0.80000 1.00000
vt 0.08333 0.80000 1.00000
vt 0.13889 0.80000 1.00000
vt 0.19444 0.80000 1.00000
vt 0.25000 0.80000 1.00000
vt 0.30556 0.80000 1.00000
vt 0.36111 0.80000 1.00000
vt 0.41667 0.80000 1.00000
vt 0.47222 0.80000 1.00000
vt 0.52778 0.80000 1.00000
vt 0.58333 0.80000 1.00000
vt 0.63889 0.80000 1.00000
vt 0.69444 0.80000 1.00000
vt 0.80556 1.00000 1.00000
vt 0.75000 1.00000 1.00000
vt 0.86111 1.00000 1.00000
vt 0.91667 1.00000 1.00000
vt 0.97222 1.00000 1.00000
vt 0.02778 1.00000 1.00000
vt -0.02778 1.00000 1.00000
vt 0.08333 1.00000 1.00000
vt 0.13889 1.00000 1.00000
vt 0.19444 1.00000 1.00000
vt 0.25000 1.00000 1.00000
vt 0.30556 1.00000 1.00000
vt 0.36111 1.00000 1.00000
vt 0.41667 1.00000 1.00000
vt 0.47222 1.00000 1.00000
vt 0.52778 1.00000 1.00000
vt 0.58333 1.00000 1.00000
vt 0.63889 1.00000 1.00000
vt 0.69444 1.00000 1.00000
vt 0.50000 1.00000 0.00000
vt -0.01968 1.00000 0.87939
# 117 texture coords

o Cylinder156
g Cylinder156
usemtl wire_044044044
s 1
f 1764/1883/1007 1765/1884/1008 1766/1885/1009 1767/1886/1010 
f 1764/1883/1007 1768/1887/1011 1769/1888/1012 1765/1884/1008 
f 1764/1883/1007 1770/1889/1013 1771/1890/1014 1768/1891/1011 
f 1764/1883/1007 1772/1892/1015 1773/1893/1016 1770/1889/1013 
f 1764/1883/1007 1774/1894/1017 1775/1895/1018 1772/1892/1015 
f 1764/1883/1007 1776/1896/1019 1777/1897/1020 1774/1894/1017 
f 1764/1883/1007 1778/1898/1021 1779/1899/1022 1776/1896/1019 
f 1764/1883/1007 1780/1900/1023 1781/1901/1024 1778/1898/1021 
f 1764/1883/1007 1767/1886/1010 1782/1902/1025 1780/1900/1023 
s 8
f 1767/1886/1010 1766/1885/1009 1783/1903/1026 1784/1904/1027 
f 1766/1885/1009 1765/1884/1008 1785/1905/1028 1783/1903/1026 
f 1765/1884/1008 1769/1888/1012 1786/1906/1029 1785/1905/1028 
f 1769/1888/1012 1768/1887/1011 1787/1907/1030 1786/1906/1029 
f 1768/1891/1011 1771/1890/1014 1788/1908/1031 1787/1909/1030 
f 1771/1890/1014 1770/1889/1013 1789/1910/1032 1788/1908/1031 
f 1770/1889/1013 1773/1893/1016 1790/1911/1033 1789/1910/1032 
f 1773/1893/1016 1772/1892/1015 1791/1912/1034 1790/1911/1033 
f 1772/1892/1015 1775/1895/1018 1792/1913/1035 1791/1912/1034 
f 1775/1895/1018 1774/1894/1017 1793/1914/1036 1792/1913/1035 
f 1774/1894/1017 1777/1897/1020 1794/1915/1037 1793/1914/1036 
f 1777/1897/1020 1776/1896/1019 1795/1916/1038 1794/1915/1037 
f 1776/1896/1019 1779/1899/1022 1796/1917/1039 1795/1916/1038 
f 1779/1899/1022 1778/1898/1021 1797/1918/1040 1796/1917/1039 
f 1778/1898/1021 1781/1901/1024 1798/1919/1041 1797/1918/1040 
f 1781/1901/1024 1780/1900/1023 1799/1920/1042 1798/1919/1041 
f 1780/1900/1023 1782/1902/1025 1800/1921/1043 1799/1920/1042 
f 1782/1902/1025 1767/1886/1010 1784/1904/1027 1800/1921/1043 
f 1784/1904/1027 1783/1903/1026 1801/1922/1026 1802/1923/1027 
f 1783/1903/1026 1785/1905/1028 1803/1924/1028 1801/1922/1026 
f 1785/1905/1028 1786/1906/1029 1804/1925/1029 1803/1924/1028 
f 1786/1906/1029 1787/1907/1030 1805/1926/1030 1804/1925/1029 
f 1787/1909/1030 1788/1908/1031 1806/1927/1031 1805/1928/1030 
f 1788/1908/1031 1789/1910/1032 1807/1929/1032 1806/1927/1031 
f 1789/1910/1032 1790/1911/1033 1808/1930/1033 1807/1929/1032 
f 1790/1911/1033 1791/1912/1034 1809/1931/1034 1808/1930/1033 
f 1791/1912/1034 1792/1913/1035 1810/1932/1035 1809/1931/1034 
f 1792/1913/1035 1793/1914/1036 1811/1933/1036 1810/1932/1035 
f 1793/1914/1036 1794/1915/1037 1812/1934/1037 1811/1933/1036 
f 1794/1915/1037 1795/1916/1038 1813/1935/1038 1812/1934/1037 
f 1795/1916/1038 1796/1917/1039 1814/1936/1039 1813/1935/1038 
f 1796/1917/1039 1797/1918/1040 1815/1937/1040 1814/1936/1039 
f 1797/1918/1040 1798/1919/1041 1816/1938/1041 1815/1937/1040 
f 1798/1919/1041 1799/1920/1042 1817/1939/1042 1816/1938/1041 
f 1799/1920/1042 1800/1921/1043 1818/1940/1043 1817/1939/1042 
f 1800/1921/1043 1784/1904/1027 1802/1923/1027 1818/1940/1043 
f 1802/1923/1027 1801/1922/1026 1819/1941/1026 1820/1942/1027 
f 1801/1922/1026 1803/1924/1028 1821/1943/1028 1819/1941/1026 
f 1803/1924/1028 1804/1925/1029 1822/1944/1029 1821/1943/1028 
f 1804/1925/1029 1805/1926/1030 1823/1945/1030 1822/1944/1029 
f 1805/1928/1030 1806/1927/1031 1824/1946/1031 1823/1947/1030 
f 1806/1927/1031 1807/1929/1032 1825/1948/1032 1824/1946/1031 
f 1807/1929/1032 1808/1930/1033 1826/1949/1033 1825/1948/1032 
f 1808/1930/1033 1809/1931/1034 1827/1950/1034 1826/1949/1033 
f 1809/1931/1034 1810/1932/1035 1828/1951/1035 1827/1950/1034 
f 1810/1932/1035 1811/1933/1036 1829/1952/1036 1828/1951/1035 
f 1811/1933/1036 1812/1934/1037 1830/1953/1037 1829/1952/1036 
f 1812/1934/1037 1813/1935/1038 1831/1954/1038 1830/1953/1037 
f 1813/1935/1038 1814/1936/1039 1832/1955/1039 1831/1954/1038 
f 1814/1936/1039 1815/1937/1040 1833/1956/1040 1832/1955/1039 
f 1815/1937/1040 1816/1938/1041 1834/1957/1041 1833/1956/1040 
f 1816/1938/1041 1817/1939/1042 1835/1958/1042 1834/1957/1041 
f 1817/1939/1042 1818/1940/1043 1836/1959/1043 1835/1958/1042 
f 1818/1940/1043 1802/1923/1027 1820/1942/1027 1836/1959/1043 
f 1820/1942/1027 1819/1941/1026 1837/1960/1026 1838/1961/1027 
f 1819/1941/1026 1821/1943/1028 1839/1962/1028 1837/1960/1026 
f 1821/1943/1028 1822/1944/1029 1840/1963/1029 1839/1962/1028 
f 1822/1944/1029 1823/1945/1030 1841/1964/1030 1840/1963/1029 
f 1823/1947/1030 1824/1946/1031 1842/1965/1031 1841/1966/1030 
f 1824/1946/1031 1825/1948/1032 1843/1967/1032 1842/1965/1031 
f 1825/1948/1032 1826/1949/1033 1844/1968/1033 1843/1967/1032 
f 1826/1949/1033 1827/1950/1034 1845/1969/1034 1844/1968/1033 
f 1827/1950/1034 1828/1951/1035 1846/1970/1035 1845/1969/1034 
f 1828/1951/1035 1829/1952/1036 1847/1971/1036 1846/1970/1035 
f 1829/1952/1036 1830/1953/1037 1848/1972/1037 1847/1971/1036 
f 1830/1953/1037 1831/1954/1038 1849/1973/1038 1848/1972/1037 
f 1831/1954/1038 1832/1955/1039 1850/1974/1039 1849/1973/1038 
f 1832/1955/1039 1833/1956/1040 1851/1975/1040 1850/1974/1039 
f 1833/1956/1040 1834/1957/1041 1852/1976/1041 1851/1975/1040 
f 1834/1957/1041 1835/1958/1042 1853/1977/1042 1852/1976/1041 
f 1835/1958/1042 1836/1959/1043 1854/1978/1043 1853/1977/1042 
f 1836/1959/1043 1820/1942/1027 1838/1961/1027 1854/1978/1043 
f 1838/1961/1027 1837/1960/1026 1855/1979/1044 1856/1980/1045 
f 1837/1960/1026 1839/1962/1028 1857/1981/1046 1855/1979/1044 
f 1839/1962/1028 1840/1963/1029 1858/1982/1047 1857/1981/1046 
f 1840/1963/1029 1841/1964/1030 1859/1983/1048 1858/1982/1047 
f 1841/1966/1030 1842/1965/1031 1860/1984/1049 1859/1985/1048 
f 1842/1965/1031 1843/1967/1032 1861/1986/1050 1860/1984/1049 
f 1843/1967/1032 1844/1968/1033 1862/1987/1051 1861/1986/1050 
f 1844/1968/1033 1845/1969/1034 1863/1988/1052 1862/1987/1051 
f 1845/1969/1034 1846/1970/1035 1864/1989/1053 1863/1988/1052 
f 1846/1970/1035 1847/1971/1036 1865/1990/1054 1864/1989/1053 
f 1847/1971/1036 1848/1972/1037 1866/1991/1055 1865/1990/1054 
f 1848/1972/1037 1849/1973/1038 1867/1992/1056 1866/1991/1055 
f 1849/1973/1038 1850/1974/1039 1868/1993/1057 1867/1992/1056 
f 1850/1974/1039 1851/1975/1040 1869/1994/1058 1868/1993/1057 
f 1851/1975/1040 1852/1976/1041 1870/1995/1059 1869/1994/1058 
f 1852/1976/1041 1853/1977/1042 1871/1996/1060 1870/1995/1059 
f 1853/1977/1042 1854/1978/1043 1872/1997/1061 1871/1996/1060 
f 1854/1978/1043 1838/1961/1027 1856/1980/1045 1872/1997/1061 
s 1
f 1873/1998/1062 1872/1997/1061 1856/1980/1045 1855/1979/1044 
f 1873/1998/1062 1855/1979/1044 1857/1981/1046 1858/1982/1047 
f 1873/1998/1062 1858/1999/1047 1859/1985/1048 1860/1984/1049 
f 1873/1998/1062 1860/1984/1049 1861/1986/1050 1862/1987/1051 
f 1873/1998/1062 1862/1987/1051 1863/1988/1052 1864/1989/1053 
f 1873/1998/1062 1864/1989/1053 1865/1990/1054 1866/1991/1055 
f 1873/1998/1062 1866/1991/1055 1867/1992/1056 1868/1993/1057 
f 1873/1998/1062 1868/1993/1057 1869/1994/1058 1870/1995/1059 
f 1873/1998/1062 1870/1995/1059 1871/1996/1060 1872/1997/1061 
# 108 polygons

#
# object Cylinder157
#

v  121.69661 34.45547 110.26771
v  138.30858 34.45547 96.32861
v  142.07420 34.45547 102.85087
v  143.38200 34.45547 110.26771
v  125.46223 34.45547 88.91177
v  132.53931 34.45547 91.48761
v  110.85391 34.45547 91.48761
v  117.93098 34.45547 88.91177
v  101.31901 34.45547 102.85087
v  105.08464 34.45547 96.32861
v  101.31901 34.45547 117.68454
v  100.01122 34.45547 110.26771
v  110.85391 34.45547 129.04781
v  105.08463 34.45547 124.20680
v  125.46223 34.45547 131.62366
v  117.93097 34.45547 131.62364
v  138.30856 34.45547 124.20682
v  132.53929 34.45547 129.04781
v  142.07420 34.45547 117.68456
v  142.07420 34.83119 102.85087
v  143.38200 34.83119 110.26771
v  138.30858 34.83119 96.32861
v  132.53931 34.83119 91.48761
v  125.46223 34.83119 88.91177
v  117.93098 34.83119 88.91177
v  110.85391 34.83119 91.48761
v  105.08464 34.83119 96.32861
v  101.31901 34.83119 102.85087
v  100.01122 34.83119 110.26771
v  101.31901 34.83119 117.68454
v  105.08463 34.83119 124.20680
v  110.85391 34.83119 129.04781
v  117.93097 34.83119 131.62364
v  125.46223 34.83119 131.62366
v  132.53929 34.83119 129.04781
v  138.30856 34.83119 124.20682
v  142.07420 34.83119 117.68456
v  142.07420 35.20691 102.85087
v  143.38200 35.20691 110.26771
v  138.30858 35.20691 96.32861
v  132.53931 35.20691 91.48761
v  125.46223 35.20691 88.91177
v  117.93098 35.20691 88.91177
v  110.85391 35.20691 91.48761
v  105.08464 35.20691 96.32861
v  101.31901 35.20691 102.85087
v  100.01122 35.20691 110.26771
v  101.31901 35.20691 117.68454
v  105.08463 35.20691 124.20680
v  110.85391 35.20691 129.04781
v  117.93097 35.20691 131.62364
v  125.46223 35.20691 131.62366
v  132.53929 35.20691 129.04781
v  138.30856 35.20691 124.20682
v  142.07420 35.20691 117.68456
v  142.07420 35.58263 102.85087
v  143.38200 35.58263 110.26771
v  138.30858 35.58263 96.32861
v  132.53931 35.58263 91.48761
v  125.46223 35.58263 88.91177
v  117.93098 35.58263 88.91177
v  110.85391 35.58263 91.48761
v  105.08464 35.58263 96.32861
v  101.31901 35.58263 102.85087
v  100.01122 35.58263 110.26771
v  101.31901 35.58263 117.68454
v  105.08463 35.58263 124.20680
v  110.85391 35.58263 129.04781
v  117.93097 35.58263 131.62364
v  125.46223 35.58263 131.62366
v  132.53929 35.58263 129.04781
v  138.30856 35.58263 124.20682
v  142.07420 35.58263 117.68456
v  142.07420 35.95834 102.85087
v  143.38200 35.95834 110.26771
v  138.30858 35.95834 96.32861
v  132.53931 35.95834 91.48761
v  125.46223 35.95834 88.91177
v  117.93098 35.95834 88.91177
v  110.85391 35.95834 91.48761
v  105.08464 35.95834 96.32861
v  101.31901 35.95834 102.85087
v  100.01122 35.95834 110.26771
v  101.31901 35.95834 117.68454
v  105.08463 35.95834 124.20680
v  110.85391 35.95834 129.04781
v  117.93097 35.95834 131.62364
v  125.46223 35.95834 131.62366
v  132.53929 35.95834 129.04781
v  138.30856 35.95834 124.20682
v  142.07420 35.95834 117.68456
v  142.07420 36.33406 102.85087
v  143.38200 36.33406 110.26771
v  138.30858 36.33406 96.32861
v  132.53931 36.33406 91.48761
v  125.46223 36.33406 88.91177
v  117.93098 36.33406 88.91177
v  110.85391 36.33406 91.48761
v  105.08464 36.33406 96.32861
v  101.31901 36.33406 102.85087
v  100.01122 36.33406 110.26771
v  101.31901 36.33406 117.68454
v  105.08463 36.33406 124.20680
v  110.85391 36.33406 129.04781
v  117.93097 36.33406 131.62364
v  125.46223 36.33406 131.62366
v  132.53929 36.33406 129.04781
v  138.30856 36.33406 124.20682
v  142.07420 36.33406 117.68456
v  121.69661 36.33406 110.26771
# 110 vertices

vn 0.00000 -1.00000 -0.00000
vn 0.56866 -0.67003 -0.47716
vn 0.69753 -0.67007 -0.25389
vn 0.74226 -0.67011 0.00000
vn 0.12890 -0.67003 -0.73106
vn 0.37117 -0.67003 -0.64288
vn -0.37117 -0.67003 -0.64288
vn -0.12890 -0.67003 -0.73106
vn -0.69753 -0.67007 -0.25389
vn -0.56866 -0.67003 -0.47716
vn -0.69754 -0.67007 0.25387
vn -0.74230 -0.67007 0.00001
vn -0.37117 -0.67003 0.64288
vn -0.56862 -0.67007 0.47715
vn 0.12888 -0.67007 0.73102
vn -0.12891 -0.67003 0.73106
vn 0.56866 -0.67003 0.47716
vn 0.37116 -0.67007 0.64284
vn 0.69753 -0.67007 0.25389
vn 0.93969 0.00000 -0.34204
vn 1.00000 0.00000 0.00000
vn 0.76604 0.00000 -0.64279
vn 0.50000 0.00000 -0.86603
vn 0.17365 0.00000 -0.98481
vn -0.17365 0.00000 -0.98481
vn -0.50000 0.00000 -0.86603
vn -0.76604 0.00000 -0.64279
vn -0.93969 0.00000 -0.34204
vn -1.00000 0.00000 0.00002
vn -0.93970 0.00000 0.34200
vn -0.76603 0.00000 0.64280
vn -0.50000 0.00000 0.86603
vn -0.17365 0.00000 0.98481
vn 0.17363 0.00000 0.98481
vn 0.50002 0.00000 0.86602
vn 0.76604 0.00000 0.64279
vn 0.93969 0.00000 0.34204
vn 0.69753 0.67007 -0.25389
vn 0.74226 0.67011 0.00000
vn 0.56866 0.67003 -0.47716
vn 0.37117 0.67003 -0.64288
vn 0.12890 0.67003 -0.73106
vn -0.12890 0.67003 -0.73106
vn -0.37117 0.67003 -0.64288
vn -0.56866 0.67003 -0.47716
vn -0.69753 0.67007 -0.25389
vn -0.74230 0.67007 0.00001
vn -0.69754 0.67007 0.25387
vn -0.56862 0.67007 0.47715
vn -0.37117 0.67003 0.64288
vn -0.12891 0.67003 0.73106
vn 0.12888 0.67007 0.73102
vn 0.37116 0.67007 0.64284
vn 0.56866 0.67003 0.47716
vn 0.69753 0.67007 0.25389
vn 0.00000 1.00000 -0.00000
# 56 vertex normals

vt 0.50000 0.00000 0.00000
vt 0.86111 0.00000 1.00000
vt 0.80556 0.00000 1.00000
vt 0.75000 0.00000 1.00000
vt 0.97222 0.00000 1.00000
vt 0.91667 0.00000 1.00000
vt 0.08333 0.00000 1.00000
vt 0.02778 0.00000 1.00000
vt -0.02778 0.00000 1.00000
vt 0.19444 0.00000 1.00000
vt 0.13889 0.00000 1.00000
vt 0.30556 0.00000 1.00000
vt 0.25000 0.00000 1.00000
vt 0.41667 0.00000 1.00000
vt 0.36111 0.00000 1.00000
vt 0.52778 0.00000 1.00000
vt 0.47222 0.00000 1.00000
vt 0.63889 0.00000 1.00000
vt 0.58333 0.00000 1.00000
vt 0.69444 0.00000 1.00000
vt 0.80556 0.20000 1.00000
vt 0.75000 0.20000 1.00000
vt 0.86111 0.20000 1.00000
vt 0.91667 0.20000 1.00000
vt 0.97222 0.20000 1.00000
vt 0.02778 0.20000 1.00000
vt -0.02778 0.20000 1.00000
vt 0.08333 0.20000 1.00000
vt 0.13889 0.20000 1.00000
vt 0.19444 0.20000 1.00000
vt 0.25000 0.20000 1.00000
vt 0.30556 0.20000 1.00000
vt 0.36111 0.20000 1.00000
vt 0.41667 0.20000 1.00000
vt 0.47222 0.20000 1.00000
vt 0.52778 0.20000 1.00000
vt 0.58333 0.20000 1.00000
vt 0.63889 0.20000 1.00000
vt 0.69444 0.20000 1.00000
vt 0.80556 0.40000 1.00000
vt 0.75000 0.40000 1.00000
vt 0.86111 0.40000 1.00000
vt 0.91667 0.40000 1.00000
vt 0.97222 0.40000 1.00000
vt 0.02778 0.40000 1.00000
vt -0.02778 0.40000 1.00000
vt 0.08333 0.40000 1.00000
vt 0.13889 0.40000 1.00000
vt 0.19444 0.40000 1.00000
vt 0.25000 0.40000 1.00000
vt 0.30556 0.40000 1.00000
vt 0.36111 0.40000 1.00000
vt 0.41667 0.40000 1.00000
vt 0.47222 0.40000 1.00000
vt 0.52778 0.40000 1.00000
vt 0.58333 0.40000 1.00000
vt 0.63889 0.40000 1.00000
vt 0.69444 0.40000 1.00000
vt 0.80556 0.60000 1.00000
vt 0.75000 0.60000 1.00000
vt 0.86111 0.60000 1.00000
vt 0.91667 0.60000 1.00000
vt 0.97222 0.60000 1.00000
vt 0.02778 0.60000 1.00000
vt -0.02778 0.60000 1.00000
vt 0.08333 0.60000 1.00000
vt 0.13889 0.60000 1.00000
vt 0.19444 0.60000 1.00000
vt 0.25000 0.60000 1.00000
vt 0.30556 0.60000 1.00000
vt 0.36111 0.60000 1.00000
vt 0.41667 0.60000 1.00000
vt 0.47222 0.60000 1.00000
vt 0.52778 0.60000 1.00000
vt 0.58333 0.60000 1.00000
vt 0.63889 0.60000 1.00000
vt 0.69444 0.60000 1.00000
vt 0.80556 0.80000 1.00000
vt 0.75000 0.80000 1.00000
vt 0.86111 0.80000 1.00000
vt 0.91667 0.80000 1.00000
vt 0.97222 0.80000 1.00000
vt 0.02778 0.80000 1.00000
vt -0.02778 0.80000 1.00000
vt 0.08333 0.80000 1.00000
vt 0.13889 0.80000 1.00000
vt 0.19444 0.80000 1.00000
vt 0.25000 0.80000 1.00000
vt 0.30556 0.80000 1.00000
vt 0.36111 0.80000 1.00000
vt 0.41667 0.80000 1.00000
vt 0.47222 0.80000 1.00000
vt 0.52778 0.80000 1.00000
vt 0.58333 0.80000 1.00000
vt 0.63889 0.80000 1.00000
vt 0.69444 0.80000 1.00000
vt 0.80556 1.00000 1.00000
vt 0.75000 1.00000 1.00000
vt 0.86111 1.00000 1.00000
vt 0.91667 1.00000 1.00000
vt 0.97222 1.00000 1.00000
vt 0.02778 1.00000 1.00000
vt -0.02778 1.00000 1.00000
vt 0.08333 1.00000 1.00000
vt 0.13889 1.00000 1.00000
vt 0.19444 1.00000 1.00000
vt 0.25000 1.00000 1.00000
vt 0.30556 1.00000 1.00000
vt 0.36111 1.00000 1.00000
vt 0.41667 1.00000 1.00000
vt 0.47222 1.00000 1.00000
vt 0.52778 1.00000 1.00000
vt 0.58333 1.00000 1.00000
vt 0.63889 1.00000 1.00000
vt 0.69444 1.00000 1.00000
vt 0.50000 1.00000 0.00000
vt 0.97082 1.00000 0.87939
# 117 texture coords

o Cylinder157
g Cylinder157
usemtl wire_022022022
s 1
f 1874/2000/1063 1875/2001/1064 1876/2002/1065 1877/2003/1066 
f 1874/2000/1063 1878/2004/1067 1879/2005/1068 1875/2001/1064 
f 1874/2000/1063 1880/2006/1069 1881/2007/1070 1878/2008/1067 
f 1874/2000/1063 1882/2009/1071 1883/2010/1072 1880/2006/1069 
f 1874/2000/1063 1884/2011/1073 1885/2012/1074 1882/2009/1071 
f 1874/2000/1063 1886/2013/1075 1887/2014/1076 1884/2011/1073 
f 1874/2000/1063 1888/2015/1077 1889/2016/1078 1886/2013/1075 
f 1874/2000/1063 1890/2017/1079 1891/2018/1080 1888/2015/1077 
f 1874/2000/1063 1877/2003/1066 1892/2019/1081 1890/2017/1079 
s 8
f 1877/2003/1066 1876/2002/1065 1893/2020/1082 1894/2021/1083 
f 1876/2002/1065 1875/2001/1064 1895/2022/1084 1893/2020/1082 
f 1875/2001/1064 1879/2005/1068 1896/2023/1085 1895/2022/1084 
f 1879/2005/1068 1878/2004/1067 1897/2024/1086 1896/2023/1085 
f 1878/2008/1067 1881/2007/1070 1898/2025/1087 1897/2026/1086 
f 1881/2007/1070 1880/2006/1069 1899/2027/1088 1898/2025/1087 
f 1880/2006/1069 1883/2010/1072 1900/2028/1089 1899/2027/1088 
f 1883/2010/1072 1882/2009/1071 1901/2029/1090 1900/2028/1089 
f 1882/2009/1071 1885/2012/1074 1902/2030/1091 1901/2029/1090 
f 1885/2012/1074 1884/2011/1073 1903/2031/1092 1902/2030/1091 
f 1884/2011/1073 1887/2014/1076 1904/2032/1093 1903/2031/1092 
f 1887/2014/1076 1886/2013/1075 1905/2033/1094 1904/2032/1093 
f 1886/2013/1075 1889/2016/1078 1906/2034/1095 1905/2033/1094 
f 1889/2016/1078 1888/2015/1077 1907/2035/1096 1906/2034/1095 
f 1888/2015/1077 1891/2018/1080 1908/2036/1097 1907/2035/1096 
f 1891/2018/1080 1890/2017/1079 1909/2037/1098 1908/2036/1097 
f 1890/2017/1079 1892/2019/1081 1910/2038/1099 1909/2037/1098 
f 1892/2019/1081 1877/2003/1066 1894/2021/1083 1910/2038/1099 
f 1894/2021/1083 1893/2020/1082 1911/2039/1082 1912/2040/1083 
f 1893/2020/1082 1895/2022/1084 1913/2041/1084 1911/2039/1082 
f 1895/2022/1084 1896/2023/1085 1914/2042/1085 1913/2041/1084 
f 1896/2023/1085 1897/2024/1086 1915/2043/1086 1914/2042/1085 
f 1897/2026/1086 1898/2025/1087 1916/2044/1087 1915/2045/1086 
f 1898/2025/1087 1899/2027/1088 1917/2046/1088 1916/2044/1087 
f 1899/2027/1088 1900/2028/1089 1918/2047/1089 1917/2046/1088 
f 1900/2028/1089 1901/2029/1090 1919/2048/1090 1918/2047/1089 
f 1901/2029/1090 1902/2030/1091 1920/2049/1091 1919/2048/1090 
f 1902/2030/1091 1903/2031/1092 1921/2050/1092 1920/2049/1091 
f 1903/2031/1092 1904/2032/1093 1922/2051/1093 1921/2050/1092 
f 1904/2032/1093 1905/2033/1094 1923/2052/1094 1922/2051/1093 
f 1905/2033/1094 1906/2034/1095 1924/2053/1095 1923/2052/1094 
f 1906/2034/1095 1907/2035/1096 1925/2054/1096 1924/2053/1095 
f 1907/2035/1096 1908/2036/1097 1926/2055/1097 1925/2054/1096 
f 1908/2036/1097 1909/2037/1098 1927/2056/1098 1926/2055/1097 
f 1909/2037/1098 1910/2038/1099 1928/2057/1099 1927/2056/1098 
f 1910/2038/1099 1894/2021/1083 1912/2040/1083 1928/2057/1099 
f 1912/2040/1083 1911/2039/1082 1929/2058/1082 1930/2059/1083 
f 1911/2039/1082 1913/2041/1084 1931/2060/1084 1929/2058/1082 
f 1913/2041/1084 1914/2042/1085 1932/2061/1085 1931/2060/1084 
f 1914/2042/1085 1915/2043/1086 1933/2062/1086 1932/2061/1085 
f 1915/2045/1086 1916/2044/1087 1934/2063/1087 1933/2064/1086 
f 1916/2044/1087 1917/2046/1088 1935/2065/1088 1934/2063/1087 
f 1917/2046/1088 1918/2047/1089 1936/2066/1089 1935/2065/1088 
f 1918/2047/1089 1919/2048/1090 1937/2067/1090 1936/2066/1089 
f 1919/2048/1090 1920/2049/1091 1938/2068/1091 1937/2067/1090 
f 1920/2049/1091 1921/2050/1092 1939/2069/1092 1938/2068/1091 
f 1921/2050/1092 1922/2051/1093 1940/2070/1093 1939/2069/1092 
f 1922/2051/1093 1923/2052/1094 1941/2071/1094 1940/2070/1093 
f 1923/2052/1094 1924/2053/1095 1942/2072/1095 1941/2071/1094 
f 1924/2053/1095 1925/2054/1096 1943/2073/1096 1942/2072/1095 
f 1925/2054/1096 1926/2055/1097 1944/2074/1097 1943/2073/1096 
f 1926/2055/1097 1927/2056/1098 1945/2075/1098 1944/2074/1097 
f 1927/2056/1098 1928/2057/1099 1946/2076/1099 1945/2075/1098 
f 1928/2057/1099 1912/2040/1083 1930/2059/1083 1946/2076/1099 
f 1930/2059/1083 1929/2058/1082 1947/2077/1082 1948/2078/1083 
f 1929/2058/1082 1931/2060/1084 1949/2079/1084 1947/2077/1082 
f 1931/2060/1084 1932/2061/1085 1950/2080/1085 1949/2079/1084 
f 1932/2061/1085 1933/2062/1086 1951/2081/1086 1950/2080/1085 
f 1933/2064/1086 1934/2063/1087 1952/2082/1087 1951/2083/1086 
f 1934/2063/1087 1935/2065/1088 1953/2084/1088 1952/2082/1087 
f 1935/2065/1088 1936/2066/1089 1954/2085/1089 1953/2084/1088 
f 1936/2066/1089 1937/2067/1090 1955/2086/1090 1954/2085/1089 
f 1937/2067/1090 1938/2068/1091 1956/2087/1091 1955/2086/1090 
f 1938/2068/1091 1939/2069/1092 1957/2088/1092 1956/2087/1091 
f 1939/2069/1092 1940/2070/1093 1958/2089/1093 1957/2088/1092 
f 1940/2070/1093 1941/2071/1094 1959/2090/1094 1958/2089/1093 
f 1941/2071/1094 1942/2072/1095 1960/2091/1095 1959/2090/1094 
f 1942/2072/1095 1943/2073/1096 1961/2092/1096 1960/2091/1095 
f 1943/2073/1096 1944/2074/1097 1962/2093/1097 1961/2092/1096 
f 1944/2074/1097 1945/2075/1098 1963/2094/1098 1962/2093/1097 
f 1945/2075/1098 1946/2076/1099 1964/2095/1099 1963/2094/1098 
f 1946/2076/1099 1930/2059/1083 1948/2078/1083 1964/2095/1099 
f 1948/2078/1083 1947/2077/1082 1965/2096/1100 1966/2097/1101 
f 1947/2077/1082 1949/2079/1084 1967/2098/1102 1965/2096/1100 
f 1949/2079/1084 1950/2080/1085 1968/2099/1103 1967/2098/1102 
f 1950/2080/1085 1951/2081/1086 1969/2100/1104 1968/2099/1103 
f 1951/2083/1086 1952/2082/1087 1970/2101/1105 1969/2102/1104 
f 1952/2082/1087 1953/2084/1088 1971/2103/1106 1970/2101/1105 
f 1953/2084/1088 1954/2085/1089 1972/2104/1107 1971/2103/1106 
f 1954/2085/1089 1955/2086/1090 1973/2105/1108 1972/2104/1107 
f 1955/2086/1090 1956/2087/1091 1974/2106/1109 1973/2105/1108 
f 1956/2087/1091 1957/2088/1092 1975/2107/1110 1974/2106/1109 
f 1957/2088/1092 1958/2089/1093 1976/2108/1111 1975/2107/1110 
f 1958/2089/1093 1959/2090/1094 1977/2109/1112 1976/2108/1111 
f 1959/2090/1094 1960/2091/1095 1978/2110/1113 1977/2109/1112 
f 1960/2091/1095 1961/2092/1096 1979/2111/1114 1978/2110/1113 
f 1961/2092/1096 1962/2093/1097 1980/2112/1115 1979/2111/1114 
f 1962/2093/1097 1963/2094/1098 1981/2113/1116 1980/2112/1115 
f 1963/2094/1098 1964/2095/1099 1982/2114/1117 1981/2113/1116 
f 1964/2095/1099 1948/2078/1083 1966/2097/1101 1982/2114/1117 
s 1
f 1983/2115/1118 1982/2114/1117 1966/2097/1101 1965/2096/1100 
f 1983/2115/1118 1965/2096/1100 1967/2098/1102 1968/2099/1103 
f 1983/2115/1118 1968/2099/1103 1969/2100/1104 1970/2116/1105 
f 1983/2115/1118 1970/2101/1105 1971/2103/1106 1972/2104/1107 
f 1983/2115/1118 1972/2104/1107 1973/2105/1108 1974/2106/1109 
f 1983/2115/1118 1974/2106/1109 1975/2107/1110 1976/2108/1111 
f 1983/2115/1118 1976/2108/1111 1977/2109/1112 1978/2110/1113 
f 1983/2115/1118 1978/2110/1113 1979/2111/1114 1980/2112/1115 
f 1983/2115/1118 1980/2112/1115 1981/2113/1116 1982/2114/1117 
# 108 polygons

#
# object Box001
#

v  -117.20633 34.45547 46.81383
v  -117.20633 34.45547 -34.90514
v  -41.12315 34.45547 -34.90514
v  -41.12315 34.45547 46.81383
v  -117.20633 35.39477 46.81383
v  -41.12315 35.39477 46.81383
v  -41.12315 35.39477 -34.90514
v  -117.20633 35.39477 -34.90514
# 8 vertices

vn -0.57735 -0.57735 0.57735
vn -0.57735 -0.57735 -0.57735
vn 0.57735 -0.57735 -0.57735
vn 0.57735 -0.57735 0.57735
vn -0.57735 0.57735 0.57735
vn 0.57735 0.57735 0.57735
vn 0.57735 0.57735 -0.57735
vn -0.57735 0.57735 -0.57735
# 8 vertex normals

vt 1.00000 0.00000 0.00000
vt 1.00000 1.00000 0.00000
vt 0.00000 1.00000 0.00000
vt 0.00000 0.00000 0.00000
# 4 texture coords

o Box001
g Box001
usemtl wire_005005005
s 2
f 1984/2117/1119 1985/2118/1120 1986/2119/1121 1987/2120/1122 
s 4
f 1988/2120/1123 1989/2117/1124 1990/2118/1125 1991/2119/1126 
s 8
f 1984/2120/1119 1987/2117/1122 1989/2118/1124 1988/2119/1123 
s 16
f 1987/2120/1122 1986/2117/1121 1990/2118/1125 1989/2119/1124 
s 32
f 1986/2120/1121 1985/2117/1120 1991/2118/1126 1990/2119/1125 
s 64
f 1985/2120/1120 1984/2117/1119 1988/2118/1123 1991/2119/1126 
# 6 polygons

#
# object Box002
#

v  100.63956 34.45547 46.81383
v  100.63956 34.45547 -34.90514
v  176.72275 34.45547 -34.90514
v  176.72275 34.45547 46.81383
v  100.63956 35.39477 46.81383
v  176.72275 35.39477 46.81383
v  176.72275 35.39477 -34.90514
v  100.63956 35.39477 -34.90514
# 8 vertices

vn -0.57735 -0.57735 0.57735
vn -0.57735 -0.57735 -0.57735
vn 0.57735 -0.57735 -0.57735
vn 0.57735 -0.57735 0.57735
vn -0.57735 0.57735 0.57735
vn 0.57735 0.57735 0.57735
vn 0.57735 0.57735 -0.57735
vn -0.57735 0.57735 -0.57735
# 8 vertex normals

vt 1.00000 0.00000 0.00000
vt 1.00000 1.00000 0.00000
vt 0.00000 1.00000 0.00000
vt 0.00000 0.00000 0.00000
# 4 texture coords

o Box002
g Box002
usemtl wire_106106106
s 2
f 1992/2121/1127 1993/2122/1128 1994/2123/1129 1995/2124/1130 
s 4
f 1996/2124/1131 1997/2121/1132 1998/2122/1133 1999/2123/1134 
s 8
f 1992/2124/1127 1995/2121/1130 1997/2122/1132 1996/2123/1131 
s 16
f 1995/2124/1130 1994/2121/1129 1998/2122/1133 1997/2123/1132 
s 32
f 1994/2124/1129 1993/2121/1128 1999/2122/1134 1998/2123/1133 
s 64
f 1993/2124/1128 1992/2121/1127 1996/2122/1131 1999/2123/1134 
# 6 polygons

#
# object Box003
#

v  -17.61219 34.45547 -21.92826
v  -17.61219 34.45547 -73.07045
v  -13.29499 34.45547 -73.07045
v  -13.29499 34.45547 -21.92826
v  -17.61219 35.11965 -21.92826
v  -13.29499 35.11965 -21.92826
v  -13.29499 35.11965 -73.07045
v  -17.61219 35.11965 -73.07045
# 8 vertices

vn -0.57735 -0.57735 0.57735
vn -0.57735 -0.57735 -0.57735
vn 0.57735 -0.57735 -0.57735
vn 0.57735 -0.57735 0.57735
vn -0.57735 0.57735 0.57735
vn 0.57735 0.57735 0.57735
vn 0.57735 0.57735 -0.57735
vn -0.57735 0.57735 -0.57735
# 8 vertex normals

vt 1.00000 0.00000 0.00000
vt 1.00000 1.00000 0.00000
vt 0.00000 1.00000 0.00000
vt 0.00000 0.00000 0.00000
# 4 texture coords

o Box003
g Box003
usemtl wire_010010010
s 2
f 2000/2125/1135 2001/2126/1136 2002/2127/1137 2003/2128/1138 
s 4
f 2004/2128/1139 2005/2125/1140 2006/2126/1141 2007/2127/1142 
s 8
f 2000/2128/1135 2003/2125/1138 2005/2126/1140 2004/2127/1139 
s 16
f 2003/2128/1138 2002/2125/1137 2006/2126/1141 2005/2127/1140 
s 32
f 2002/2128/1137 2001/2125/1136 2007/2126/1142 2006/2127/1141 
s 64
f 2001/2128/1136 2000/2125/1135 2004/2126/1139 2007/2127/1142 
# 6 polygons

#
# object Box004
#

v  -5.89452 34.45547 -21.92826
v  -5.89452 34.45547 -73.07045
v  -1.57732 34.45547 -73.07045
v  -1.57732 34.45547 -21.92826
v  -5.89452 35.11965 -21.92826
v  -1.57732 35.11965 -21.92826
v  -1.57732 35.11965 -73.07045
v  -5.89452 35.11965 -73.07045
# 8 vertices

vn -0.57735 -0.57735 0.57735
vn -0.57735 -0.57735 -0.57735
vn 0.57735 -0.57735 -0.57735
vn 0.57735 -0.57735 0.57735
vn -0.57735 0.57735 0.57735
vn 0.57735 0.57735 0.57735
vn 0.57735 0.57735 -0.57735
vn -0.57735 0.57735 -0.57735
# 8 vertex normals

vt 1.00000 0.00000 0.00000
vt 1.00000 1.00000 0.00000
vt 0.00000 1.00000 0.00000
vt 0.00000 0.00000 0.00000
# 4 texture coords

o Box004
g Box004
usemtl wire_010010010
s 2
f 2008/2129/1143 2009/2130/1144 2010/2131/1145 2011/2132/1146 
s 4
f 2012/2132/1147 2013/2129/1148 2014/2130/1149 2015/2131/1150 
s 8
f 2008/2132/1143 2011/2129/1146 2013/2130/1148 2012/2131/1147 
s 16
f 2011/2132/1146 2010/2129/1145 2014/2130/1149 2013/2131/1148 
s 32
f 2010/2132/1145 2009/2129/1144 2015/2130/1150 2014/2131/1149 
s 64
f 2009/2132/1144 2008/2129/1143 2012/2130/1147 2015/2131/1150 
# 6 polygons

#
# object Box005
#

v  17.79873 34.45547 -21.92826
v  17.79873 34.45547 -73.07045
v  22.11593 34.45547 -73.07045
v  22.11593 34.45547 -21.92826
v  17.79873 35.11965 -21.92826
v  22.11593 35.11965 -21.92826
v  22.11593 35.11965 -73.07045
v  17.79873 35.11965 -73.07045
# 8 vertices

vn -0.57735 -0.57735 0.57735
vn -0.57735 -0.57735 -0.57735
vn 0.57735 -0.57735 -0.57735
vn 0.57735 -0.57735 0.57735
vn -0.57735 0.57735 0.57735
vn 0.57735 0.57735 0.57735
vn 0.57735 0.57735 -0.57735
vn -0.57735 0.57735 -0.57735
# 8 vertex normals

vt 1.00000 0.00000 0.00000
vt 1.00000 1.00000 0.00000
vt 0.00000 1.00000 0.00000
vt 0.00000 0.00000 0.00000
# 4 texture coords

o Box005
g Box005
usemtl wire_010010010
s 2
f 2016/2133/1151 2017/2134/1152 2018/2135/1153 2019/2136/1154 
s 4
f 2020/2136/1155 2021/2133/1156 2022/2134/1157 2023/2135/1158 
s 8
f 2016/2136/1151 2019/2133/1154 2021/2134/1156 2020/2135/1155 
s 16
f 2019/2136/1154 2018/2133/1153 2022/2134/1157 2021/2135/1156 
s 32
f 2018/2136/1153 2017/2133/1152 2023/2134/1158 2022/2135/1157 
s 64
f 2017/2136/1152 2016/2133/1151 2020/2134/1155 2023/2135/1158 
# 6 polygons

#
# object Box006
#

v  6.13073 34.45547 -21.92826
v  6.13073 34.45547 -73.07045
v  10.44793 34.45547 -73.07045
v  10.44793 34.45547 -21.92826
v  6.13073 35.11965 -21.92826
v  10.44793 35.11965 -21.92826
v  10.44793 35.11965 -73.07045
v  6.13073 35.11965 -73.07045
# 8 vertices

vn -0.57735 -0.57735 0.57735
vn -0.57735 -0.57735 -0.57735
vn 0.57735 -0.57735 -0.57735
vn 0.57735 -0.57735 0.57735
vn -0.57735 0.57735 0.57735
vn 0.57735 0.57735 0.57735
vn 0.57735 0.57735 -0.57735
vn -0.57735 0.57735 -0.57735
# 8 vertex normals

vt 1.00000 0.00000 0.00000
vt 1.00000 1.00000 0.00000
vt 0.00000 1.00000 0.00000
vt 0.00000 0.00000 0.00000
# 4 texture coords

o Box006
g Box006
usemtl wire_010010010
s 2
f 2024/2137/1159 2025/2138/1160 2026/2139/1161 2027/2140/1162 
s 4
f 2028/2140/1163 2029/2137/1164 2030/2138/1165 2031/2139/1166 
s 8
f 2024/2140/1159 2027/2137/1162 2029/2138/1164 2028/2139/1163 
s 16
f 2027/2140/1162 2026/2137/1161 2030/2138/1165 2029/2139/1164 
s 32
f 2026/2140/1161 2025/2137/1160 2031/2138/1166 2030/2139/1165 
s 64
f 2025/2140/1160 2024/2137/1159 2028/2138/1163 2031/2139/1166 
# 6 polygons

#
# object Box007
#

v  55.30817 34.45547 -21.92826
v  55.30817 34.45547 -73.07045
v  59.62537 34.45547 -73.07045
v  59.62537 34.45547 -21.92826
v  55.30817 35.11965 -21.92826
v  59.62537 35.11965 -21.92826
v  59.62537 35.11965 -73.07045
v  55.30817 35.11965 -73.07045
# 8 vertices

vn -0.57735 -0.57735 0.57735
vn -0.57735 -0.57735 -0.57735
vn 0.57735 -0.57735 -0.57735
vn 0.57735 -0.57735 0.57735
vn -0.57735 0.57735 0.57735
vn 0.57735 0.57735 0.57735
vn 0.57735 0.57735 -0.57735
vn -0.57735 0.57735 -0.57735
# 8 vertex normals

vt 1.00000 0.00000 0.00000
vt 1.00000 1.00000 0.00000
vt 0.00000 1.00000 0.00000
vt 0.00000 0.00000 0.00000
# 4 texture coords

o Box007
g Box007
usemtl wire_010010010
s 2
f 2032/2141/1167 2033/2142/1168 2034/2143/1169 2035/2144/1170 
s 4
f 2036/2144/1171 2037/2141/1172 2038/2142/1173 2039/2143/1174 
s 8
f 2032/2144/1167 2035/2141/1170 2037/2142/1172 2036/2143/1171 
s 16
f 2035/2144/1170 2034/2141/1169 2038/2142/1173 2037/2143/1172 
s 32
f 2034/2144/1169 2033/2141/1168 2039/2142/1174 2038/2143/1173 
s 64
f 2033/2144/1168 2032/2141/1167 2036/2142/1171 2039/2143/1174 
# 6 polygons

#
# object Box008
#

v  45.38274 34.45547 -21.92826
v  45.38274 34.45547 -73.07045
v  49.69994 34.45547 -73.07045
v  49.69994 34.45547 -21.92826
v  45.38274 35.11965 -21.92826
v  49.69994 35.11965 -21.92826
v  49.69994 35.11965 -73.07045
v  45.38274 35.11965 -73.07045
# 8 vertices

vn -0.57735 -0.57735 0.57735
vn -0.57735 -0.57735 -0.57735
vn 0.57735 -0.57735 -0.57735
vn 0.57735 -0.57735 0.57735
vn -0.57735 0.57735 0.57735
vn 0.57735 0.57735 0.57735
vn 0.57735 0.57735 -0.57735
vn -0.57735 0.57735 -0.57735
# 8 vertex normals

vt 1.00000 0.00000 0.00000
vt 1.00000 1.00000 0.00000
vt 0.00000 1.00000 0.00000
vt 0.00000 0.00000 0.00000
# 4 texture coords

o Box008
g Box008
usemtl wire_010010010
s 2
f 2040/2145/1175 2041/2146/1176 2042/2147/1177 2043/2148/1178 
s 4
f 2044/2148/1179 2045/2145/1180 2046/2146/1181 2047/2147/1182 
s 8
f 2040/2148/1175 2043/2145/1178 2045/2146/1180 2044/2147/1179 
s 16
f 2043/2148/1178 2042/2145/1177 2046/2146/1181 2045/2147/1180 
s 32
f 2042/2148/1177 2041/2145/1176 2047/2146/1182 2046/2147/1181 
s 64
f 2041/2148/1176 2040/2145/1175 2044/2146/1179 2047/2147/1182 
# 6 polygons

#
# object Box009
#

v  64.21656 34.45547 -21.92826
v  64.21656 34.45547 -73.07045
v  68.53376 34.45547 -73.07045
v  68.53376 34.45547 -21.92826
v  64.21656 35.11965 -21.92826
v  68.53376 35.11965 -21.92826
v  68.53376 35.11965 -73.07045
v  64.21656 35.11965 -73.07045
# 8 vertices

vn -0.57735 -0.57735 0.57735
vn -0.57735 -0.57735 -0.57735
vn 0.57735 -0.57735 -0.57735
vn 0.57735 -0.57735 0.57735
vn -0.57735 0.57735 0.57735
vn 0.57735 0.57735 0.57735
vn 0.57735 0.57735 -0.57735
vn -0.57735 0.57735 -0.57735
# 8 vertex normals

vt 1.00000 0.00000 0.00000
vt 1.00000 1.00000 0.00000
vt 0.00000 1.00000 0.00000
vt 0.00000 0.00000 0.00000
# 4 texture coords

o Box009
g Box009
usemtl wire_010010010
s 2
f 2048/2149/1183 2049/2150/1184 2050/2151/1185 2051/2152/1186 
s 4
f 2052/2152/1187 2053/2149/1188 2054/2150/1189 2055/2151/1190 
s 8
f 2048/2152/1183 2051/2149/1186 2053/2150/1188 2052/2151/1187 
s 16
f 2051/2152/1186 2050/2149/1185 2054/2150/1189 2053/2151/1188 
s 32
f 2050/2152/1185 2049/2149/1184 2055/2150/1190 2054/2151/1189 
s 64
f 2049/2152/1184 2048/2149/1183 2052/2150/1187 2055/2151/1190 
# 6 polygons

#
# object Box010
#

v  72.44212 34.45547 -21.92826
v  72.44212 34.45547 -73.07045
v  76.75932 34.45547 -73.07045
v  76.75932 34.45547 -21.92826
v  72.44212 35.11965 -21.92826
v  76.75932 35.11965 -21.92826
v  76.75932 35.11965 -73.07045
v  72.44212 35.11965 -73.07045
# 8 vertices

vn -0.57735 -0.57735 0.57735
vn -0.57735 -0.57735 -0.57735
vn 0.57735 -0.57735 -0.57735
vn 0.57735 -0.57735 0.57735
vn -0.57735 0.57735 0.57735
vn 0.57735 0.57735 0.57735
vn 0.57735 0.57735 -0.57735
vn -0.57735 0.57735 -0.57735
# 8 vertex normals

vt 1.00000 0.00000 0.00000
vt 1.00000 1.00000 0.00000
vt 0.00000 1.00000 0.00000
vt 0.00000 0.00000 0.00000
# 4 texture coords

o Box010
g Box010
usemtl wire_010010010
s 2
f 2056/2153/1191 2057/2154/1192 2058/2155/1193 2059/2156/1194 
s 4
f 2060/2156/1195 2061/2153/1196 2062/2154/1197 2063/2155/1198 
s 8
f 2056/2156/1191 2059/2153/1194 2061/2154/1196 2060/2155/1195 
s 16
f 2059/2156/1194 2058/2153/1193 2062/2154/1197 2061/2155/1196 
s 32
f 2058/2156/1193 2057/2153/1192 2063/2154/1198 2062/2155/1197 
s 64
f 2057/2156/1192 2056/2153/1191 2060/2154/1195 2063/2155/1198 
# 6 polygons

#
# object Box011
#

v  -17.87123 34.45547 43.98190
v  -17.87123 34.45547 -5.56610
v  -15.75780 34.45547 -5.56610
v  -15.75780 34.45547 43.98190
v  -17.87123 35.15994 43.98190
v  -15.75780 35.15994 43.98190
v  -15.75780 35.15994 -5.56610
v  -17.87123 35.15994 -5.56610
# 8 vertices

vn -0.57735 -0.57735 0.57735
vn -0.57735 -0.57735 -0.57735
vn 0.57735 -0.57735 -0.57735
vn 0.57735 -0.57735 0.57735
vn -0.57735 0.57735 0.57735
vn 0.57735 0.57735 0.57735
vn 0.57735 0.57735 -0.57735
vn -0.57735 0.57735 -0.57735
# 8 vertex normals

vt 1.00000 0.00000 0.00000
vt 1.00000 1.00000 0.00000
vt 0.00000 1.00000 0.00000
vt 0.00000 0.00000 0.00000
# 4 texture coords

o Box011
g Box011
usemtl wire_010010010
s 2
f 2064/2157/1199 2065/2158/1200 2066/2159/1201 2067/2160/1202 
s 4
f 2068/2160/1203 2069/2157/1204 2070/2158/1205 2071/2159/1206 
s 8
f 2064/2160/1199 2067/2157/1202 2069/2158/1204 2068/2159/1203 
s 16
f 2067/2160/1202 2066/2157/1201 2070/2158/1205 2069/2159/1204 
s 32
f 2066/2160/1201 2065/2157/1200 2071/2158/1206 2070/2159/1205 
s 64
f 2065/2160/1200 2064/2157/1199 2068/2158/1203 2071/2159/1206 
# 6 polygons

#
# object Box012
#

v  -9.83956 34.45547 43.98190
v  -9.83956 34.45547 -5.56610
v  -7.72614 34.45547 -5.56610
v  -7.72614 34.45547 43.98190
v  -9.83956 35.15994 43.98190
v  -7.72614 35.15994 43.98190
v  -7.72614 35.15994 -5.56610
v  -9.83956 35.15994 -5.56610
# 8 vertices

vn -0.57735 -0.57735 0.57735
vn -0.57735 -0.57735 -0.57735
vn 0.57735 -0.57735 -0.57735
vn 0.57735 -0.57735 0.57735
vn -0.57735 0.57735 0.57735
vn 0.57735 0.57735 0.57735
vn 0.57735 0.57735 -0.57735
vn -0.57735 0.57735 -0.57735
# 8 vertex normals

vt 1.00000 0.00000 0.00000
vt 1.00000 1.00000 0.00000
vt 0.00000 1.00000 0.00000
vt 0.00000 0.00000 0.00000
# 4 texture coords

o Box012
g Box012
usemtl wire_010010010
s 2
f 2072/2161/1207 2073/2162/1208 2074/2163/1209 2075/2164/1210 
s 4
f 2076/2164/1211 2077/2161/1212 2078/2162/1213 2079/2163/1214 
s 8
f 2072/2164/1207 2075/2161/1210 2077/2162/1212 2076/2163/1211 
s 16
f 2075/2164/1210 2074/2161/1209 2078/2162/1213 2077/2163/1212 
s 32
f 2074/2164/1209 2073/2161/1208 2079/2162/1214 2078/2163/1213 
s 64
f 2073/2164/1208 2072/2161/1207 2076/2162/1211 2079/2163/1214 
# 6 polygons

#
# object Box013
#

v  -1.58987 34.45547 43.98190
v  -1.58987 34.45547 -5.56610
v  0.52355 34.45547 -5.56610
v  0.52355 34.45547 43.98190
v  -1.58987 35.15994 43.98190
v  0.52355 35.15994 43.98190
v  0.52355 35.15994 -5.56610
v  -1.58987 35.15994 -5.56610
# 8 vertices

vn -0.57735 -0.57735 0.57735
vn -0.57735 -0.57735 -0.57735
vn 0.57735 -0.57735 -0.57735
vn 0.57735 -0.57735 0.57735
vn -0.57735 0.57735 0.57735
vn 0.57735 0.57735 0.57735
vn 0.57735 0.57735 -0.57735
vn -0.57735 0.57735 -0.57735
# 8 vertex normals

vt 1.00000 0.00000 0.00000
vt 1.00000 1.00000 0.00000
vt 0.00000 1.00000 0.00000
vt 0.00000 0.00000 0.00000
# 4 texture coords

o Box013
g Box013
usemtl wire_010010010
s 2
f 2080/2165/1215 2081/2166/1216 2082/2167/1217 2083/2168/1218 
s 4
f 2084/2168/1219 2085/2165/1220 2086/2166/1221 2087/2167/1222 
s 8
f 2080/2168/1215 2083/2165/1218 2085/2166/1220 2084/2167/1219 
s 16
f 2083/2168/1218 2082/2165/1217 2086/2166/1221 2085/2167/1220 
s 32
f 2082/2168/1217 2081/2165/1216 2087/2166/1222 2086/2167/1221 
s 64
f 2081/2168/1216 2080/2165/1215 2084/2166/1219 2087/2167/1222 
# 6 polygons

#
# object Box014
#

v  6.64256 34.45547 43.98190
v  6.64256 34.45547 -5.56610
v  8.75598 34.45547 -5.56610
v  8.75598 34.45547 43.98190
v  6.64256 35.15994 43.98190
v  8.75598 35.15994 43.98190
v  8.75598 35.15994 -5.56610
v  6.64256 35.15994 -5.56610
# 8 vertices

vn -0.57735 -0.57735 0.57735
vn -0.57735 -0.57735 -0.57735
vn 0.57735 -0.57735 -0.57735
vn 0.57735 -0.57735 0.57735
vn -0.57735 0.57735 0.57735
vn 0.57735 0.57735 0.57735
vn 0.57735 0.57735 -0.57735
vn -0.57735 0.57735 -0.57735
# 8 vertex normals

vt 1.00000 0.00000 0.00000
vt 1.00000 1.00000 0.00000
vt 0.00000 1.00000 0.00000
vt 0.00000 0.00000 0.00000
# 4 texture coords

o Box014
g Box014
usemtl wire_010010010
s 2
f 2088/2169/1223 2089/2170/1224 2090/2171/1225 2091/2172/1226 
s 4
f 2092/2172/1227 2093/2169/1228 2094/2170/1229 2095/2171/1230 
s 8
f 2088/2172/1223 2091/2169/1226 2093/2170/1228 2092/2171/1227 
s 16
f 2091/2172/1226 2090/2169/1225 2094/2170/1229 2093/2171/1228 
s 32
f 2090/2172/1225 2089/2169/1224 2095/2170/1230 2094/2171/1229 
s 64
f 2089/2172/1224 2088/2169/1223 2092/2170/1227 2095/2171/1230 
# 6 polygons

#
# object Box015
#

v  14.62294 34.45547 43.98190
v  14.62294 34.45547 -5.56610
v  16.73636 34.45547 -5.56610
v  16.73636 34.45547 43.98190
v  14.62294 35.15994 43.98190
v  16.73636 35.15994 43.98190
v  16.73636 35.15994 -5.56610
v  14.62294 35.15994 -5.56610
# 8 vertices

vn -0.57735 -0.57735 0.57735
vn -0.57735 -0.57735 -0.57735
vn 0.57735 -0.57735 -0.57735
vn 0.57735 -0.57735 0.57735
vn -0.57735 0.57735 0.57735
vn 0.57735 0.57735 0.57735
vn 0.57735 0.57735 -0.57735
vn -0.57735 0.57735 -0.57735
# 8 vertex normals

vt 1.00000 0.00000 0.00000
vt 1.00000 1.00000 0.00000
vt 0.00000 1.00000 0.00000
vt 0.00000 0.00000 0.00000
# 4 texture coords

o Box015
g Box015
usemtl wire_010010010
s 2
f 2096/2173/1231 2097/2174/1232 2098/2175/1233 2099/2176/1234 
s 4
f 2100/2176/1235 2101/2173/1236 2102/2174/1237 2103/2175/1238 
s 8
f 2096/2176/1231 2099/2173/1234 2101/2174/1236 2100/2175/1235 
s 16
f 2099/2176/1234 2098/2173/1233 2102/2174/1237 2101/2175/1236 
s 32
f 2098/2176/1233 2097/2173/1232 2103/2174/1238 2102/2175/1237 
s 64
f 2097/2176/1232 2096/2173/1231 2100/2174/1235 2103/2175/1238 
# 6 polygons

#
# object Box016
#

v  22.58662 34.45547 43.98190
v  22.58662 34.45547 -5.56610
v  24.70005 34.45547 -5.56610
v  24.70005 34.45547 43.98190
v  22.58662 35.15994 43.98190
v  24.70005 35.15994 43.98190
v  24.70005 35.15994 -5.56610
v  22.58662 35.15994 -5.56610
# 8 vertices

vn -0.57735 -0.57735 0.57735
vn -0.57735 -0.57735 -0.57735
vn 0.57735 -0.57735 -0.57735
vn 0.57735 -0.57735 0.57735
vn -0.57735 0.57735 0.57735
vn 0.57735 0.57735 0.57735
vn 0.57735 0.57735 -0.57735
vn -0.57735 0.57735 -0.57735
# 8 vertex normals

vt 1.00000 0.00000 0.00000
vt 1.00000 1.00000 0.00000
vt 0.00000 1.00000 0.00000
vt 0.00000 0.00000 0.00000
# 4 texture coords

o Box016
g Box016
usemtl wire_010010010
s 2
f 2104/2177/1239 2105/2178/1240 2106/2179/1241 2107/2180/1242 
s 4
f 2108/2180/1243 2109/2177/1244 2110/2178/1245 2111/2179/1246 
s 8
f 2104/2180/1239 2107/2177/1242 2109/2178/1244 2108/2179/1243 
s 16
f 2107/2180/1242 2106/2177/1241 2110/2178/1245 2109/2179/1244 
s 32
f 2106/2180/1241 2105/2177/1240 2111/2178/1246 2110/2179/1245 
s 64
f 2105/2180/1240 2104/2177/1239 2108/2178/1243 2111/2179/1246 
# 6 polygons

#
# object Box017
#

v  44.12242 34.45547 44.45157
v  44.12242 34.45547 -6.27055
v  45.29654 34.45547 -6.27055
v  45.29654 34.45547 44.45157
v  44.12242 35.15994 44.45157
v  45.29654 35.15994 44.45157
v  45.29654 35.15994 -6.27055
v  44.12242 35.15994 -6.27055
# 8 vertices

vn -0.57735 -0.57735 0.57735
vn -0.57735 -0.57735 -0.57735
vn 0.57735 -0.57735 -0.57735
vn 0.57735 -0.57735 0.57735
vn -0.57735 0.57735 0.57735
vn 0.57735 0.57735 0.57735
vn 0.57735 0.57735 -0.57735
vn -0.57735 0.57735 -0.57735
# 8 vertex normals

vt 1.00000 0.00000 0.00000
vt 1.00000 1.00000 0.00000
vt 0.00000 1.00000 0.00000
vt 0.00000 0.00000 0.00000
# 4 texture coords

o Box017
g Box017
usemtl wire_010010010
s 2
f 2112/2181/1247 2113/2182/1248 2114/2183/1249 2115/2184/1250 
s 4
f 2116/2184/1251 2117/2181/1252 2118/2182/1253 2119/2183/1254 
s 8
f 2112/2184/1247 2115/2181/1250 2117/2182/1252 2116/2183/1251 
s 16
f 2115/2184/1250 2114/2181/1249 2118/2182/1253 2117/2183/1252 
s 32
f 2114/2184/1249 2113/2181/1248 2119/2182/1254 2118/2183/1253 
s 64
f 2113/2184/1248 2112/2181/1247 2116/2182/1251 2119/2183/1254 
# 6 polygons

#
# object Box018
#

v  50.66997 34.45547 44.45157
v  50.66997 34.45547 -6.27055
v  51.84409 34.45547 -6.27055
v  51.84409 34.45547 44.45157
v  50.66997 35.15994 44.45157
v  51.84409 35.15994 44.45157
v  51.84409 35.15994 -6.27055
v  50.66997 35.15994 -6.27055
# 8 vertices

vn -0.57735 -0.57735 0.57735
vn -0.57735 -0.57735 -0.57735
vn 0.57735 -0.57735 -0.57735
vn 0.57735 -0.57735 0.57735
vn -0.57735 0.57735 0.57735
vn 0.57735 0.57735 0.57735
vn 0.57735 0.57735 -0.57735
vn -0.57735 0.57735 -0.57735
# 8 vertex normals

vt 1.00000 0.00000 0.00000
vt 1.00000 1.00000 0.00000
vt 0.00000 1.00000 0.00000
vt 0.00000 0.00000 0.00000
# 4 texture coords

o Box018
g Box018
usemtl wire_010010010
s 2
f 2120/2185/1255 2121/2186/1256 2122/2187/1257 2123/2188/1258 
s 4
f 2124/2188/1259 2125/2185/1260 2126/2186/1261 2127/2187/1262 
s 8
f 2120/2188/1255 2123/2185/1258 2125/2186/1260 2124/2187/1259 
s 16
f 2123/2188/1258 2122/2185/1257 2126/2186/1261 2125/2187/1260 
s 32
f 2122/2188/1257 2121/2185/1256 2127/2186/1262 2126/2187/1261 
s 64
f 2121/2188/1256 2120/2185/1255 2124/2186/1259 2127/2187/1262 
# 6 polygons

#
# object Box019
#

v  56.73418 34.45547 44.45157
v  56.73418 34.45547 -6.27055
v  57.90829 34.45547 -6.27055
v  57.90829 34.45547 44.45157
v  56.73418 35.15994 44.45157
v  57.90829 35.15994 44.45157
v  57.90829 35.15994 -6.27055
v  56.73418 35.15994 -6.27055
# 8 vertices

vn -0.57735 -0.57735 0.57735
vn -0.57735 -0.57735 -0.57735
vn 0.57735 -0.57735 -0.57735
vn 0.57735 -0.57735 0.57735
vn -0.57735 0.57735 0.57735
vn 0.57735 0.57735 0.57735
vn 0.57735 0.57735 -0.57735
vn -0.57735 0.57735 -0.57735
# 8 vertex normals

vt 1.00000 0.00000 0.00000
vt 1.00000 1.00000 0.00000
vt 0.00000 1.00000 0.00000
vt 0.00000 0.00000 0.00000
# 4 texture coords

o Box019
g Box019
usemtl wire_010010010
s 2
f 2128/2189/1263 2129/2190/1264 2130/2191/1265 2131/2192/1266 
s 4
f 2132/2192/1267 2133/2189/1268 2134/2190/1269 2135/2191/1270 
s 8
f 2128/2192/1263 2131/2189/1266 2133/2190/1268 2132/2191/1267 
s 16
f 2131/2192/1266 2130/2189/1265 2134/2190/1269 2133/2191/1268 
s 32
f 2130/2192/1265 2129/2189/1264 2135/2190/1270 2134/2191/1269 
s 64
f 2129/2192/1264 2128/2189/1263 2132/2190/1267 2135/2191/1270 
# 6 polygons

#
# object Box020
#

v  62.08122 34.45547 44.45157
v  62.08122 34.45547 -6.27055
v  63.25534 34.45547 -6.27055
v  63.25534 34.45547 44.45157
v  62.08122 35.15994 44.45157
v  63.25534 35.15994 44.45157
v  63.25534 35.15994 -6.27055
v  62.08122 35.15994 -6.27055
# 8 vertices

vn -0.57735 -0.57735 0.57735
vn -0.57735 -0.57735 -0.57735
vn 0.57735 -0.57735 -0.57735
vn 0.57735 -0.57735 0.57735
vn -0.57735 0.57735 0.57735
vn 0.57735 0.57735 0.57735
vn 0.57735 0.57735 -0.57735
vn -0.57735 0.57735 -0.57735
# 8 vertex normals

vt 1.00000 0.00000 0.00000
vt 1.00000 1.00000 0.00000
vt 0.00000 1.00000 0.00000
vt 0.00000 0.00000 0.00000
# 4 texture coords

o Box020
g Box020
usemtl wire_010010010
s 2
f 2136/2193/1271 2137/2194/1272 2138/2195/1273 2139/2196/1274 
s 4
f 2140/2196/1275 2141/2193/1276 2142/2194/1277 2143/2195/1278 
s 8
f 2136/2196/1271 2139/2193/1274 2141/2194/1276 2140/2195/1275 
s 16
f 2139/2196/1274 2138/2193/1273 2142/2194/1277 2141/2195/1276 
s 32
f 2138/2196/1273 2137/2193/1272 2143/2194/1278 2142/2195/1277 
s 64
f 2137/2196/1272 2136/2193/1271 2140/2194/1275 2143/2195/1278 
# 6 polygons

#
# object Box021
#

v  67.88673 34.45547 44.45157
v  67.88673 34.45547 -6.27055
v  69.06084 34.45547 -6.27055
v  69.06084 34.45547 44.45157
v  67.88673 35.15994 44.45157
v  69.06084 35.15994 44.45157
v  69.06084 35.15994 -6.27055
v  67.88673 35.15994 -6.27055
# 8 vertices

vn -0.57735 -0.57735 0.57735
vn -0.57735 -0.57735 -0.57735
vn 0.57735 -0.57735 -0.57735
vn 0.57735 -0.57735 0.57735
vn -0.57735 0.57735 0.57735
vn 0.57735 0.57735 0.57735
vn 0.57735 0.57735 -0.57735
vn -0.57735 0.57735 -0.57735
# 8 vertex normals

vt 1.00000 0.00000 0.00000
vt 1.00000 1.00000 0.00000
vt 0.00000 1.00000 0.00000
vt 0.00000 0.00000 0.00000
# 4 texture coords

o Box021
g Box021
usemtl wire_010010010
s 2
f 2144/2197/1279 2145/2198/1280 2146/2199/1281 2147/2200/1282 
s 4
f 2148/2200/1283 2149/2197/1284 2150/2198/1285 2151/2199/1286 
s 8
f 2144/2200/1279 2147/2197/1282 2149/2198/1284 2148/2199/1283 
s 16
f 2147/2200/1282 2146/2197/1281 2150/2198/1285 2149/2199/1284 
s 32
f 2146/2200/1281 2145/2197/1280 2151/2198/1286 2150/2199/1285 
s 64
f 2145/2200/1280 2144/2197/1279 2148/2198/1283 2151/2199/1286 
# 6 polygons

#
# object Box022
#

v  75.08904 34.45547 44.45157
v  75.08904 34.45547 -6.27055
v  76.26315 34.45547 -6.27055
v  76.26315 34.45547 44.45157
v  75.08904 35.15994 44.45157
v  76.26315 35.15994 44.45157
v  76.26315 35.15994 -6.27055
v  75.08904 35.15994 -6.27055
# 8 vertices

vn -0.57735 -0.57735 0.57735
vn -0.57735 -0.57735 -0.57735
vn 0.57735 -0.57735 -0.57735
vn 0.57735 -0.57735 0.57735
vn -0.57735 0.57735 0.57735
vn 0.57735 0.57735 0.57735
vn 0.57735 0.57735 -0.57735
vn -0.57735 0.57735 -0.57735
# 8 vertex normals

vt 1.00000 0.00000 0.00000
vt 1.00000 1.00000 0.00000
vt 0.00000 1.00000 0.00000
vt 0.00000 0.00000 0.00000
# 4 texture coords

o Box022
g Box022
usemtl wire_010010010
s 2
f 2152/2201/1287 2153/2202/1288 2154/2203/1289 2155/2204/1290 
s 4
f 2156/2204/1291 2157/2201/1292 2158/2202/1293 2159/2203/1294 
s 8
f 2152/2204/1287 2155/2201/1290 2157/2202/1292 2156/2203/1291 
s 16
f 2155/2204/1290 2154/2201/1289 2158/2202/1293 2157/2203/1292 
s 32
f 2154/2204/1289 2153/2201/1288 2159/2202/1294 2158/2203/1293 
s 64
f 2153/2204/1288 2152/2201/1287 2156/2202/1291 2159/2203/1294 
# 6 polygons

#
# object Box023
#

v  14.62824 34.45547 89.01951
v  14.62824 34.45547 52.65542
v  15.79056 34.45547 52.65542
v  15.79056 34.45547 89.01951
v  14.62824 35.28570 89.01951
v  15.79056 35.28570 89.01951
v  15.79056 35.28570 52.65542
v  14.62824 35.28570 52.65542
# 8 vertices

vn -0.57735 -0.57735 0.57735
vn -0.57735 -0.57735 -0.57735
vn 0.57735 -0.57735 -0.57735
vn 0.57735 -0.57735 0.57735
vn -0.57735 0.57735 0.57735
vn 0.57735 0.57735 0.57735
vn 0.57735 0.57735 -0.57735
vn -0.57735 0.57735 -0.57735
# 8 vertex normals

vt 1.00000 0.00000 0.00000
vt 1.00000 1.00000 0.00000
vt 0.00000 1.00000 0.00000
vt 0.00000 0.00000 0.00000
# 4 texture coords

o Box023
g Box023
usemtl wire_010010010
s 2
f 2160/2205/1295 2161/2206/1296 2162/2207/1297 2163/2208/1298 
s 4
f 2164/2208/1299 2165/2205/1300 2166/2206/1301 2167/2207/1302 
s 8
f 2160/2208/1295 2163/2205/1298 2165/2206/1300 2164/2207/1299 
s 16
f 2163/2208/1298 2162/2205/1297 2166/2206/1301 2165/2207/1300 
s 32
f 2162/2208/1297 2161/2205/1296 2167/2206/1302 2166/2207/1301 
s 64
f 2161/2208/1296 2160/2205/1295 2164/2206/1299 2167/2207/1302 
# 6 polygons

#
# object Box024
#

v  18.61334 34.45547 89.01951
v  18.61334 34.45547 52.65542
v  19.77567 34.45547 52.65542
v  19.77567 34.45547 89.01951
v  18.61334 35.28570 89.01951
v  19.77567 35.28570 89.01951
v  19.77567 35.28570 52.65542
v  18.61334 35.28570 52.65542
# 8 vertices

vn -0.57735 -0.57735 0.57735
vn -0.57735 -0.57735 -0.57735
vn 0.57735 -0.57735 -0.57735
vn 0.57735 -0.57735 0.57735
vn -0.57735 0.57735 0.57735
vn 0.57735 0.57735 0.57735
vn 0.57735 0.57735 -0.57735
vn -0.57735 0.57735 -0.57735
# 8 vertex normals

vt 1.00000 0.00000 0.00000
vt 1.00000 1.00000 0.00000
vt 0.00000 1.00000 0.00000
vt 0.00000 0.00000 0.00000
# 4 texture coords

o Box024
g Box024
usemtl wire_010010010
s 2
f 2168/2209/1303 2169/2210/1304 2170/2211/1305 2171/2212/1306 
s 4
f 2172/2212/1307 2173/2209/1308 2174/2210/1309 2175/2211/1310 
s 8
f 2168/2212/1303 2171/2209/1306 2173/2210/1308 2172/2211/1307 
s 16
f 2171/2212/1306 2170/2209/1305 2174/2210/1309 2173/2211/1308 
s 32
f 2170/2212/1305 2169/2209/1304 2175/2210/1310 2174/2211/1309 
s 64
f 2169/2212/1304 2168/2209/1303 2172/2210/1307 2175/2211/1310 
# 6 polygons

#
# object Box025
#

v  22.61748 34.45547 89.01951
v  22.61748 34.45547 52.65542
v  23.77980 34.45547 52.65542
v  23.77980 34.45547 89.01951
v  22.61748 35.28570 89.01951
v  23.77980 35.28570 89.01951
v  23.77980 35.28570 52.65542
v  22.61748 35.28570 52.65542
# 8 vertices

vn -0.57735 -0.57735 0.57735
vn -0.57735 -0.57735 -0.57735
vn 0.57735 -0.57735 -0.57735
vn 0.57735 -0.57735 0.57735
vn -0.57735 0.57735 0.57735
vn 0.57735 0.57735 0.57735
vn 0.57735 0.57735 -0.57735
vn -0.57735 0.57735 -0.57735
# 8 vertex normals

vt 1.00000 0.00000 0.00000
vt 1.00000 1.00000 0.00000
vt 0.00000 1.00000 0.00000
vt 0.00000 0.00000 0.00000
# 4 texture coords

o Box025
g Box025
usemtl wire_010010010
s 2
f 2176/2213/1311 2177/2214/1312 2178/2215/1313 2179/2216/1314 
s 4
f 2180/2216/1315 2181/2213/1316 2182/2214/1317 2183/2215/1318 
s 8
f 2176/2216/1311 2179/2213/1314 2181/2214/1316 2180/2215/1315 
s 16
f 2179/2216/1314 2178/2213/1313 2182/2214/1317 2181/2215/1316 
s 32
f 2178/2216/1313 2177/2213/1312 2183/2214/1318 2182/2215/1317 
s 64
f 2177/2216/1312 2176/2213/1311 2180/2214/1315 2183/2215/1318 
# 6 polygons

#
# object Box026
#

v  30.76702 34.45547 89.01951
v  30.76702 34.45547 52.65542
v  31.92935 34.45547 52.65542
v  31.92935 34.45547 89.01951
v  30.76702 35.28570 89.01951
v  31.92935 35.28570 89.01951
v  31.92935 35.28570 52.65542
v  30.76702 35.28570 52.65542
# 8 vertices

vn -0.57735 -0.57735 0.57735
vn -0.57735 -0.57735 -0.57735
vn 0.57735 -0.57735 -0.57735
vn 0.57735 -0.57735 0.57735
vn -0.57735 0.57735 0.57735
vn 0.57735 0.57735 0.57735
vn 0.57735 0.57735 -0.57735
vn -0.57735 0.57735 -0.57735
# 8 vertex normals

vt 1.00000 0.00000 0.00000
vt 1.00000 1.00000 0.00000
vt 0.00000 1.00000 0.00000
vt 0.00000 0.00000 0.00000
# 4 texture coords

o Box026
g Box026
usemtl wire_010010010
s 2
f 2184/2217/1319 2185/2218/1320 2186/2219/1321 2187/2220/1322 
s 4
f 2188/2220/1323 2189/2217/1324 2190/2218/1325 2191/2219/1326 
s 8
f 2184/2220/1319 2187/2217/1322 2189/2218/1324 2188/2219/1323 
s 16
f 2187/2220/1322 2186/2217/1321 2190/2218/1325 2189/2219/1324 
s 32
f 2186/2220/1321 2185/2217/1320 2191/2218/1326 2190/2219/1325 
s 64
f 2185/2220/1320 2184/2217/1319 2188/2218/1323 2191/2219/1326 
# 6 polygons

#
# object Box027
#

v  26.44719 34.45547 89.01951
v  26.44719 34.45547 52.65542
v  27.60951 34.45547 52.65542
v  27.60951 34.45547 89.01951
v  26.44719 35.28570 89.01951
v  27.60951 35.28570 89.01951
v  27.60951 35.28570 52.65542
v  26.44719 35.28570 52.65542
# 8 vertices

vn -0.57735 -0.57735 0.57735
vn -0.57735 -0.57735 -0.57735
vn 0.57735 -0.57735 -0.57735
vn 0.57735 -0.57735 0.57735
vn -0.57735 0.57735 0.57735
vn 0.57735 0.57735 0.57735
vn 0.57735 0.57735 -0.57735
vn -0.57735 0.57735 -0.57735
# 8 vertex normals

vt 1.00000 0.00000 0.00000
vt 1.00000 1.00000 0.00000
vt 0.00000 1.00000 0.00000
vt 0.00000 0.00000 0.00000
# 4 texture coords

o Box027
g Box027
usemtl wire_010010010
s 2
f 2192/2221/1327 2193/2222/1328 2194/2223/1329 2195/2224/1330 
s 4
f 2196/2224/1331 2197/2221/1332 2198/2222/1333 2199/2223/1334 
s 8
f 2192/2224/1327 2195/2221/1330 2197/2222/1332 2196/2223/1331 
s 16
f 2195/2224/1330 2194/2221/1329 2198/2222/1333 2197/2223/1332 
s 32
f 2194/2224/1329 2193/2221/1328 2199/2222/1334 2198/2223/1333 
s 64
f 2193/2224/1328 2192/2221/1327 2196/2222/1331 2199/2223/1334 
# 6 polygons

#
# object Box028
#

v  35.40992 34.45547 89.01951
v  35.40992 34.45547 52.65542
v  36.57224 34.45547 52.65542
v  36.57224 34.45547 89.01951
v  35.40992 35.28570 89.01951
v  36.57224 35.28570 89.01951
v  36.57224 35.28570 52.65542
v  35.40992 35.28570 52.65542
# 8 vertices

vn -0.57735 -0.57735 0.57735
vn -0.57735 -0.57735 -0.57735
vn 0.57735 -0.57735 -0.57735
vn 0.57735 -0.57735 0.57735
vn -0.57735 0.57735 0.57735
vn 0.57735 0.57735 0.57735
vn 0.57735 0.57735 -0.57735
vn -0.57735 0.57735 -0.57735
# 8 vertex normals

vt 1.00000 0.00000 0.00000
vt 1.00000 1.00000 0.00000
vt 0.00000 1.00000 0.00000
vt 0.00000 0.00000 0.00000
# 4 texture coords

o Box028
g Box028
usemtl wire_010010010
s 2
f 2200/2225/1335 2201/2226/1336 2202/2227/1337 2203/2228/1338 
s 4
f 2204/2228/1339 2205/2225/1340 2206/2226/1341 2207/2227/1342 
s 8
f 2200/2228/1335 2203/2225/1338 2205/2226/1340 2204/2227/1339 
s 16
f 2203/2228/1338 2202/2225/1337 2206/2226/1341 2205/2227/1340 
s 32
f 2202/2228/1337 2201/2225/1336 2207/2226/1342 2206/2227/1341 
s 64
f 2201/2228/1336 2200/2225/1335 2204/2226/1339 2207/2227/1342 
# 6 polygons

#
# object Box029
#

v  38.88078 34.45547 89.01951
v  38.88078 34.45547 52.65542
v  40.04310 34.45547 52.65542
v  40.04310 34.45547 89.01951
v  38.88078 35.28570 89.01951
v  40.04310 35.28570 89.01951
v  40.04310 35.28570 52.65542
v  38.88078 35.28570 52.65542
# 8 vertices

vn -0.57735 -0.57735 0.57735
vn -0.57735 -0.57735 -0.57735
vn 0.57735 -0.57735 -0.57735
vn 0.57735 -0.57735 0.57735
vn -0.57735 0.57735 0.57735
vn 0.57735 0.57735 0.57735
vn 0.57735 0.57735 -0.57735
vn -0.57735 0.57735 -0.57735
# 8 vertex normals

vt 1.00000 0.00000 0.00000
vt 1.00000 1.00000 0.00000
vt 0.00000 1.00000 0.00000
vt 0.00000 0.00000 0.00000
# 4 texture coords

o Box029
g Box029
usemtl wire_010010010
s 2
f 2208/2229/1343 2209/2230/1344 2210/2231/1345 2211/2232/1346 
s 4
f 2212/2232/1347 2213/2229/1348 2214/2230/1349 2215/2231/1350 
s 8
f 2208/2232/1343 2211/2229/1346 2213/2230/1348 2212/2231/1347 
s 16
f 2211/2232/1346 2210/2229/1345 2214/2230/1349 2213/2231/1348 
s 32
f 2210/2232/1345 2209/2229/1344 2215/2230/1350 2214/2231/1349 
s 64
f 2209/2232/1344 2208/2229/1343 2212/2230/1347 2215/2231/1350 
# 6 polygons

#
# object Box030
#

v  42.84251 34.45547 89.01951
v  42.84251 34.45547 52.65542
v  44.00483 34.45547 52.65542
v  44.00483 34.45547 89.01951
v  42.84251 35.28570 89.01951
v  44.00483 35.28570 89.01951
v  44.00483 35.28570 52.65542
v  42.84251 35.28570 52.65542
# 8 vertices

vn -0.57735 -0.57735 0.57735
vn -0.57735 -0.57735 -0.57735
vn 0.57735 -0.57735 -0.57735
vn 0.57735 -0.57735 0.57735
vn -0.57735 0.57735 0.57735
vn 0.57735 0.57735 0.57735
vn 0.57735 0.57735 -0.57735
vn -0.57735 0.57735 -0.57735
# 8 vertex normals

vt 1.00000 0.00000 0.00000
vt 1.00000 1.00000 0.00000
vt 0.00000 1.00000 0.00000
vt 0.00000 0.00000 0.00000
# 4 texture coords

o Box030
g Box030
usemtl wire_010010010
s 2
f 2216/2233/1351 2217/2234/1352 2218/2235/1353 2219/2236/1354 
s 4
f 2220/2236/1355 2221/2233/1356 2222/2234/1357 2223/2235/1358 
s 8
f 2216/2236/1351 2219/2233/1354 2221/2234/1356 2220/2235/1355 
s 16
f 2219/2236/1354 2218/2233/1353 2222/2234/1357 2221/2235/1356 
s 32
f 2218/2236/1353 2217/2233/1352 2223/2234/1358 2222/2235/1357 
s 64
f 2217/2236/1352 2216/2233/1351 2220/2234/1355 2223/2235/1358 
# 6 polygons

#
# object Box031
#

v  47.12804 34.45547 89.01951
v  47.12804 34.45547 52.65542
v  48.29037 34.45547 52.65542
v  48.29037 34.45547 89.01951
v  47.12804 35.28570 89.01951
v  48.29037 35.28570 89.01951
v  48.29037 35.28570 52.65542
v  47.12804 35.28570 52.65542
# 8 vertices

vn -0.57735 -0.57735 0.57735
vn -0.57735 -0.57735 -0.57735
vn 0.57735 -0.57735 -0.57735
vn 0.57735 -0.57735 0.57735
vn -0.57735 0.57735 0.57735
vn 0.57735 0.57735 0.57735
vn 0.57735 0.57735 -0.57735
vn -0.57735 0.57735 -0.57735
# 8 vertex normals

vt 1.00000 0.00000 0.00000
vt 1.00000 1.00000 0.00000
vt 0.00000 1.00000 0.00000
vt 0.00000 0.00000 0.00000
# 4 texture coords

o Box031
g Box031
usemtl wire_010010010
s 2
f 2224/2237/1359 2225/2238/1360 2226/2239/1361 2227/2240/1362 
s 4
f 2228/2240/1363 2229/2237/1364 2230/2238/1365 2231/2239/1366 
s 8
f 2224/2240/1359 2227/2237/1362 2229/2238/1364 2228/2239/1363 
s 16
f 2227/2240/1362 2226/2237/1361 2230/2238/1365 2229/2239/1364 
s 32
f 2226/2240/1361 2225/2237/1360 2231/2238/1366 2230/2239/1365 
s 64
f 2225/2240/1360 2224/2237/1359 2228/2238/1363 2231/2239/1366 
# 6 polygons

#
# object Box032
#

v  50.57439 34.45547 89.01951
v  50.57439 34.45547 52.65542
v  51.73671 34.45547 52.65542
v  51.73671 34.45547 89.01951
v  50.57439 35.28570 89.01951
v  51.73671 35.28570 89.01951
v  51.73671 35.28570 52.65542
v  50.57439 35.28570 52.65542
# 8 vertices

vn -0.57735 -0.57735 0.57735
vn -0.57735 -0.57735 -0.57735
vn 0.57735 -0.57735 -0.57735
vn 0.57735 -0.57735 0.57735
vn -0.57735 0.57735 0.57735
vn 0.57735 0.57735 0.57735
vn 0.57735 0.57735 -0.57735
vn -0.57735 0.57735 -0.57735
# 8 vertex normals

vt 1.00000 0.00000 0.00000
vt 1.00000 1.00000 0.00000
vt 0.00000 1.00000 0.00000
vt 0.00000 0.00000 0.00000
# 4 texture coords

o Box032
g Box032
usemtl wire_010010010
s 2
f 2232/2241/1367 2233/2242/1368 2234/2243/1369 2235/2244/1370 
s 4
f 2236/2244/1371 2237/2241/1372 2238/2242/1373 2239/2243/1374 
s 8
f 2232/2244/1367 2235/2241/1370 2237/2242/1372 2236/2243/1371 
s 16
f 2235/2244/1370 2234/2241/1369 2238/2242/1373 2237/2243/1372 
s 32
f 2234/2244/1369 2233/2241/1368 2239/2242/1374 2238/2243/1373 
s 64
f 2233/2244/1368 2232/2241/1367 2236/2242/1371 2239/2243/1374 
# 6 polygons

#
# object Box033
#

v  -24.32915 34.45547 91.21570
v  -24.32915 34.45547 -75.97943
v  84.62947 34.45547 -75.97943
v  84.62947 34.45547 91.21570
v  -24.32915 34.92512 91.21570
v  84.62947 34.92512 91.21570
v  84.62947 34.92512 -75.97943
v  -24.32915 34.92512 -75.97943
# 8 vertices

vn -0.57735 -0.57735 0.57735
vn -0.57735 -0.57735 -0.57735
vn 0.57735 -0.57735 -0.57735
vn 0.57735 -0.57735 0.57735
vn -0.57735 0.57735 0.57735
vn 0.57735 0.57735 0.57735
vn 0.57735 0.57735 -0.57735
vn -0.57735 0.57735 -0.57735
# 8 vertex normals

vt 1.00000 0.00000 0.00000
vt 1.00000 1.00000 0.00000
vt 0.00000 1.00000 0.00000
vt 0.00000 0.00000 0.00000
# 4 texture coords

o Box033
g Box033
usemtl wire_158158158
s 2
f 2240/2245/1375 2241/2246/1376 2242/2247/1377 2243/2248/1378 
s 4
f 2244/2248/1379 2245/2245/1380 2246/2246/1381 2247/2247/1382 
s 8
f 2240/2248/1375 2243/2245/1378 2245/2246/1380 2244/2247/1379 
s 16
f 2243/2248/1378 2242/2245/1377 2246/2246/1381 2245/2247/1380 
s 32
f 2242/2248/1377 2241/2245/1376 2247/2246/1382 2246/2247/1381 
s 64
f 2241/2248/1376 2240/2245/1375 2244/2246/1379 2247/2247/1382 
# 6 polygons

