# 3ds Max Wavefront OBJ Exporter v0.97b - (c)2007 guruware
# File Created: 31.07.2018 10:16:43

mtllib shielding.mtl

#
# object Box028
#

v  -38.0955 -0.0000 47.5714
v  -38.1227 -0.0000 47.4165
v  -38.1463 -0.0000 46.9520
v  -38.1662 -0.0000 46.1777
v  -38.1825 -0.0000 45.0937
v  -38.1952 -0.0000 43.6999
v  -38.2043 -0.0000 41.9965
v  -38.2097 -0.0000 39.9834
v  -38.2115 -0.0000 37.6605
v  -38.2115 -0.0000 22.3395
v  -38.2097 -0.0000 20.0167
v  -38.2043 -0.0000 18.0035
v  -38.1952 -0.0000 16.3001
v  -38.1825 -0.0000 14.9063
v  -38.1662 -0.0000 13.8223
v  -38.1463 -0.0000 13.0480
v  -38.1227 -0.0000 12.5835
v  -38.0955 -0.0000 12.4286
v  -37.1545 -0.0000 12.4286
v  -37.1273 -0.0000 12.5835
v  -37.1038 -0.0000 13.0480
v  -37.0838 -0.0000 13.8223
v  -37.0675 -0.0000 14.9063
v  -37.0548 -0.0000 16.3001
v  -37.0457 -0.0000 18.0035
v  -37.0403 -0.0000 20.0167
v  -37.0385 -0.0000 22.3395
v  -37.0385 -0.0000 37.6605
v  -37.0403 -0.0000 39.9834
v  -37.0457 -0.0000 41.9965
v  -37.0548 -0.0000 43.6999
v  -37.0675 -0.0000 45.0937
v  -37.0838 -0.0000 46.1777
v  -37.1038 -0.0000 46.9520
v  -37.1273 -0.0000 47.4165
v  -37.1545 -0.0000 47.5714
v  -38.0955 23.1435 37.6605
v  -37.1545 23.1435 37.6605
v  -37.1545 23.1435 22.3395
v  -38.0955 23.1435 22.3395
v  -37.1545 22.8573 47.5714
v  -38.0955 22.8573 47.5714
v  -37.0385 22.8573 22.3395
v  -37.0385 22.8573 37.6605
v  -38.0955 22.8573 12.4286
v  -37.1545 22.8573 12.4286
v  -38.2115 22.8573 37.6605
v  -38.2115 22.8573 22.3395
v  -38.1223 22.8731 47.4165
v  -38.1227 22.8573 47.4165
v  -37.0403 22.8731 39.9471
v  -37.0403 22.8573 39.9834
v  -38.2097 22.8731 20.0529
v  -38.2097 22.8573 20.0167
v  -37.1277 22.8731 12.5835
v  -37.1273 22.8573 12.5835
v  -38.0955 23.1390 39.9834
v  -37.1545 23.1390 39.9834
v  -37.1273 23.1390 37.6605
v  -37.1273 23.1390 22.3395
v  -37.1545 23.1390 20.0167
v  -38.0955 23.1390 20.0167
v  -38.1227 23.1390 22.3395
v  -38.1227 23.1390 37.6605
v  -37.1273 22.8573 47.4165
v  -37.0403 22.8573 20.0167
v  -38.1227 22.8573 12.5835
v  -38.0955 22.9244 47.4165
v  -38.1019 22.9234 47.4165
v  -38.0955 22.9825 46.9520
v  -38.1074 22.9806 46.9520
v  -38.0955 23.0317 46.1777
v  -38.1121 23.0290 46.1777
v  -38.0955 23.0720 45.0937
v  -38.1159 23.0686 45.0937
v  -38.0955 23.1033 43.6999
v  -38.1189 23.0994 43.6999
v  -38.0955 23.1256 41.9965
v  -38.1210 23.1214 41.9965
v  -38.1223 23.1346 39.9834
v  -38.1074 22.9202 47.4165
v  -38.1177 22.9747 46.9520
v  -38.1264 23.0208 46.1777
v  -38.1336 23.0585 45.0937
v  -38.1391 23.0879 43.6999
v  -38.1431 23.1088 41.9965
v  -38.1455 23.1214 39.9834
v  -38.1463 23.1256 37.6605
v  -38.1121 22.9150 47.4165
v  -38.1264 22.9649 46.9520
v  -38.1386 23.0072 46.1777
v  -38.1485 23.0418 45.0937
v  -38.1563 23.0687 43.6999
v  -38.1618 23.0879 41.9965
v  -38.1651 23.0994 39.9834
v  -38.1662 23.1033 37.6605
v  -38.1159 22.9076 47.4165
v  -38.1336 22.9512 46.9520
v  -38.1485 22.9881 46.1777
v  -38.1608 23.0183 45.0937
v  -38.1703 23.0418 43.6999
v  -38.1771 23.0585 41.9965
v  -38.1812 23.0686 39.9834
v  -38.1825 23.0720 37.6605
v  -38.1189 22.8982 47.4165
v  -38.1391 22.9336 46.9520
v  -38.1563 22.9636 46.1777
v  -38.1703 22.9881 45.0937
v  -38.1812 23.0072 43.6999
v  -38.1890 23.0208 41.9965
v  -38.1937 23.0290 39.9834
v  -38.1952 23.0317 37.6605
v  -38.1210 22.8867 47.4165
v  -38.1431 22.9121 46.9520
v  -38.1618 22.9336 46.1777
v  -38.1771 22.9512 45.0937
v  -38.1890 22.9649 43.6999
v  -38.1975 22.9747 41.9965
v  -38.2026 22.9806 39.9834
v  -38.2043 22.9825 37.6605
v  -38.1455 22.8867 46.9520
v  -38.1651 22.8982 46.1777
v  -38.1812 22.9076 45.0937
v  -38.1937 22.9150 43.6999
v  -38.2026 22.9202 41.9965
v  -38.2079 22.9234 39.9834
v  -38.2097 22.9244 37.6605
v  -38.1463 22.8573 46.9520
v  -38.1662 22.8573 46.1777
v  -38.1825 22.8573 45.0937
v  -38.1952 22.8573 43.6999
v  -38.2043 22.8573 41.9965
v  -38.2097 22.8573 39.9834
v  -37.0403 22.9244 37.6605
v  -37.0403 22.9234 38.2049
v  -37.0457 22.9825 37.6605
v  -37.0457 22.9806 38.6767
v  -37.0548 23.0317 37.6605
v  -37.0548 23.0290 39.0760
v  -37.0675 23.0720 37.6605
v  -37.0675 23.0686 39.4026
v  -37.0838 23.1033 37.6605
v  -37.0838 23.0994 39.6567
v  -37.1038 23.1256 37.6605
v  -37.1038 23.1214 39.8382
v  -37.1273 23.1346 39.9471
v  -37.0403 22.9202 38.6767
v  -37.0457 22.9747 39.5575
v  -37.0548 23.0208 40.3027
v  -37.0675 23.0585 40.9125
v  -37.0838 23.0879 41.3868
v  -37.1038 23.1088 41.7255
v  -37.1273 23.1214 41.9288
v  -37.1545 23.1256 41.9965
v  -37.0403 22.9150 39.0760
v  -37.0457 22.9649 40.3028
v  -37.0548 23.0072 41.3408
v  -37.0675 23.0418 42.1901
v  -37.0838 23.0687 42.8506
v  -37.1038 23.0879 43.3225
v  -37.1273 23.0994 43.6056
v  -37.1545 23.1033 43.6999
v  -37.0403 22.9076 39.4026
v  -37.0457 22.9512 40.9125
v  -37.0548 22.9881 42.1901
v  -37.0675 23.0183 43.2354
v  -37.0838 23.0418 44.0484
v  -37.1038 23.0585 44.6291
v  -37.1273 23.0686 44.9775
v  -37.1545 23.0720 45.0937
v  -37.0403 22.8982 39.6567
v  -37.0457 22.9336 41.3868
v  -37.0548 22.9636 42.8506
v  -37.0675 22.9881 44.0484
v  -37.0838 23.0072 44.9799
v  -37.1038 23.0208 45.6453
v  -37.1273 23.0290 46.0446
v  -37.1545 23.0317 46.1777
v  -37.0403 22.8867 39.8382
v  -37.0457 22.9121 41.7255
v  -37.0548 22.9336 43.3225
v  -37.0675 22.9512 44.6291
v  -37.0838 22.9649 45.6453
v  -37.1038 22.9747 46.3712
v  -37.1273 22.9806 46.8068
v  -37.1545 22.9825 46.9520
v  -37.0457 22.8867 41.9288
v  -37.0548 22.8982 43.6056
v  -37.0675 22.9076 44.9775
v  -37.0838 22.9150 46.0446
v  -37.1038 22.9202 46.8068
v  -37.1273 22.9234 47.2641
v  -37.1545 22.9244 47.4165
v  -37.0457 22.8573 41.9965
v  -37.0548 22.8573 43.6999
v  -37.0675 22.8573 45.0937
v  -37.0838 22.8573 46.1777
v  -37.1038 22.8573 46.9520
v  -38.2097 22.9244 22.3395
v  -38.2097 22.9234 21.7951
v  -38.2043 22.9825 22.3395
v  -38.2043 22.9806 21.3233
v  -38.1952 23.0317 22.3395
v  -38.1952 23.0290 20.9240
v  -38.1825 23.0720 22.3395
v  -38.1825 23.0686 20.5974
v  -38.1662 23.1033 22.3395
v  -38.1662 23.0994 20.3433
v  -38.1463 23.1256 22.3395
v  -38.1463 23.1214 20.1618
v  -38.1227 23.1346 20.0529
v  -38.2097 22.9202 21.3233
v  -38.2043 22.9747 20.4425
v  -38.1952 23.0208 19.6973
v  -38.1825 23.0585 19.0875
v  -38.1662 23.0879 18.6133
v  -38.1463 23.1088 18.2745
v  -38.1227 23.1214 18.0713
v  -38.0955 23.1256 18.0035
v  -38.2097 22.9150 20.9240
v  -38.2043 22.9649 19.6973
v  -38.1952 23.0072 18.6592
v  -38.1825 23.0418 17.8099
v  -38.1662 23.0687 17.1494
v  -38.1463 23.0879 16.6775
v  -38.1227 23.0994 16.3944
v  -38.0955 23.1033 16.3001
v  -38.2097 22.9076 20.5974
v  -38.2043 22.9512 19.0875
v  -38.1952 22.9881 17.8099
v  -38.1825 23.0183 16.7646
v  -38.1662 23.0418 15.9516
v  -38.1463 23.0585 15.3709
v  -38.1227 23.0686 15.0225
v  -38.0955 23.0720 14.9063
v  -38.2097 22.8982 20.3433
v  -38.2043 22.9336 18.6133
v  -38.1952 22.9636 17.1494
v  -38.1825 22.9881 15.9516
v  -38.1662 23.0072 15.0201
v  -38.1463 23.0208 14.3547
v  -38.1227 23.0290 13.9554
v  -38.0955 23.0317 13.8223
v  -38.2097 22.8867 20.1618
v  -38.2043 22.9121 18.2745
v  -38.1952 22.9336 16.6775
v  -38.1825 22.9512 15.3709
v  -38.1662 22.9649 14.3547
v  -38.1463 22.9747 13.6288
v  -38.1227 22.9806 13.1932
v  -38.0955 22.9825 13.0480
v  -38.2043 22.8867 18.0712
v  -38.1952 22.8982 16.3944
v  -38.1825 22.9076 15.0225
v  -38.1662 22.9150 13.9554
v  -38.1463 22.9202 13.1932
v  -38.1227 22.9234 12.7359
v  -38.0955 22.9244 12.5835
v  -38.2043 22.8573 18.0035
v  -38.1952 22.8573 16.3001
v  -38.1825 22.8573 14.9063
v  -38.1662 22.8573 13.8223
v  -38.1463 22.8573 13.0480
v  -37.1545 22.9244 12.5835
v  -37.1481 22.9234 12.5835
v  -37.1545 22.9825 13.0480
v  -37.1426 22.9806 13.0480
v  -37.1545 23.0317 13.8223
v  -37.1379 23.0290 13.8223
v  -37.1545 23.0720 14.9063
v  -37.1341 23.0686 14.9063
v  -37.1545 23.1033 16.3001
v  -37.1311 23.0994 16.3001
v  -37.1545 23.1256 18.0035
v  -37.1290 23.1214 18.0035
v  -37.1277 23.1346 20.0167
v  -37.1426 22.9202 12.5835
v  -37.1323 22.9747 13.0480
v  -37.1236 23.0208 13.8223
v  -37.1164 23.0585 14.9063
v  -37.1109 23.0879 16.3001
v  -37.1069 23.1088 18.0035
v  -37.1045 23.1214 20.0166
v  -37.1038 23.1256 22.3395
v  -37.1379 22.9150 12.5835
v  -37.1236 22.9649 13.0480
v  -37.1114 23.0072 13.8223
v  -37.1015 23.0418 14.9063
v  -37.0938 23.0687 16.3001
v  -37.0882 23.0879 18.0035
v  -37.0849 23.0994 20.0167
v  -37.0838 23.1033 22.3395
v  -37.1341 22.9076 12.5835
v  -37.1164 22.9512 13.0480
v  -37.1015 22.9881 13.8223
v  -37.0892 23.0183 14.9063
v  -37.0797 23.0418 16.3001
v  -37.0729 23.0585 18.0035
v  -37.0689 23.0686 20.0167
v  -37.0675 23.0720 22.3395
v  -37.1311 22.8982 12.5835
v  -37.1109 22.9336 13.0480
v  -37.0938 22.9636 13.8223
v  -37.0797 22.9881 14.9063
v  -37.0688 23.0072 16.3001
v  -37.0610 23.0208 18.0035
v  -37.0564 23.0290 20.0167
v  -37.0548 23.0317 22.3395
v  -37.1290 22.8867 12.5835
v  -37.1069 22.9121 13.0480
v  -37.0882 22.9336 13.8223
v  -37.0729 22.9512 14.9063
v  -37.0610 22.9649 16.3001
v  -37.0525 22.9747 18.0035
v  -37.0474 22.9806 20.0166
v  -37.0457 22.9825 22.3395
v  -37.1045 22.8867 13.0480
v  -37.0849 22.8982 13.8223
v  -37.0689 22.9076 14.9063
v  -37.0564 22.9150 16.3001
v  -37.0474 22.9202 18.0035
v  -37.0421 22.9234 20.0167
v  -37.0403 22.9244 22.3395
v  -37.1038 22.8573 13.0480
v  -37.0838 22.8573 13.8223
v  -37.0675 22.8573 14.9063
v  -37.0548 22.8573 16.3001
v  -37.0457 22.8573 18.0035
# 328 vertices

vn -0.0238 -0.6997 0.7140
vn -0.1059 -0.6896 0.7164
vn -0.2337 -0.6853 0.6897
vn -0.3786 -0.6817 0.6261
vn -0.5183 -0.6802 0.5183
vn -0.6261 -0.6817 0.3786
vn -0.6897 -0.6853 0.2337
vn -0.7165 -0.6895 0.1059
vn -0.7140 -0.6997 0.0238
vn -0.7140 -0.6997 -0.0238
vn -0.7165 -0.6895 -0.1059
vn -0.6897 -0.6853 -0.2337
vn -0.6261 -0.6817 -0.3786
vn -0.5183 -0.6802 -0.5183
vn -0.3786 -0.6817 -0.6261
vn -0.2337 -0.6853 -0.6897
vn -0.1059 -0.6896 -0.7164
vn -0.0238 -0.6997 -0.7140
vn 0.0238 -0.6997 -0.7140
vn 0.1059 -0.6896 -0.7164
vn 0.2337 -0.6853 -0.6897
vn 0.3786 -0.6817 -0.6261
vn 0.5183 -0.6802 -0.5183
vn 0.6261 -0.6817 -0.3786
vn 0.6897 -0.6853 -0.2337
vn 0.7165 -0.6895 -0.1059
vn 0.7140 -0.6997 -0.0238
vn 0.7140 -0.6997 0.0238
vn 0.7165 -0.6895 0.1059
vn 0.6897 -0.6853 0.2337
vn 0.6261 -0.6817 0.3786
vn 0.5183 -0.6802 0.5183
vn 0.3786 -0.6817 0.6261
vn 0.2337 -0.6853 0.6897
vn 0.1059 -0.6896 0.7164
vn 0.0238 -0.6997 0.7140
vn -0.0332 0.9989 0.0332
vn 0.0332 0.9989 0.0332
vn 0.0332 0.9989 -0.0332
vn -0.0332 0.9989 -0.0332
vn 0.0332 0.0332 0.9989
vn -0.0267 0.0267 0.9993
vn 0.9989 0.0332 -0.0332
vn 0.9993 0.0267 0.0267
vn -0.0332 0.0332 -0.9989
vn 0.0267 0.0267 -0.9993
vn -0.9989 0.0332 0.0332
vn -0.9993 0.0267 -0.0267
vn -0.1475 0.0214 0.9888
vn -0.1478 0.0050 0.9890
vn 0.9888 0.0214 0.1475
vn 0.9890 0.0050 0.1478
vn -0.9888 0.0214 -0.1475
vn -0.9890 0.0050 -0.1478
vn 0.1475 0.0214 -0.9888
vn 0.1478 0.0050 -0.9890
vn -0.0329 0.9888 0.1458
vn 0.0335 0.9887 0.1462
vn 0.1458 0.9888 0.0329
vn 0.1462 0.9887 -0.0335
vn 0.0329 0.9888 -0.1458
vn -0.0335 0.9887 -0.1462
vn -0.1458 0.9888 -0.0329
vn -0.1462 0.9887 0.0335
vn 0.1458 0.0329 0.9888
vn 0.9888 0.0329 -0.1458
vn -0.1458 0.0329 -0.9888
vn -0.0050 0.1478 0.9890
vn -0.0214 0.1475 0.9888
vn -0.0108 0.3228 0.9464
vn -0.0467 0.3198 0.9463
vn -0.0173 0.5192 0.8545
vn -0.0754 0.5133 0.8549
vn -0.0236 0.7082 0.7056
vn -0.1032 0.6999 0.7067
vn -0.0285 0.8560 0.5161
vn -0.1252 0.8463 0.5178
vn -0.0315 0.9468 0.3201
vn -0.1387 0.9366 0.3217
vn -0.1449 0.9785 0.1467
vn -0.0466 0.1396 0.9891
vn -0.1015 0.3022 0.9478
vn -0.1638 0.4858 0.8586
vn -0.2247 0.6645 0.7127
vn -0.2734 0.8064 0.5244
vn -0.3037 0.8949 0.3269
vn -0.3178 0.9363 0.1494
vn -0.3210 0.9465 0.0341
vn -0.0745 0.1243 0.9894
vn -0.1617 0.2688 0.9495
vn -0.2611 0.4331 0.8627
vn -0.3592 0.5947 0.7193
vn -0.4382 0.7247 0.5317
vn -0.4882 0.8068 0.3327
vn -0.5117 0.8455 0.1524
vn -0.5173 0.8551 0.0349
vn -0.1018 0.1018 0.9896
vn -0.2202 0.2202 0.9503
vn -0.3554 0.3554 0.8645
vn -0.4891 0.4892 0.7221
vn -0.5974 0.5974 0.5350
vn -0.6662 0.6662 0.3353
vn -0.6987 0.6987 0.1537
vn -0.7067 0.7067 0.0352
vn -0.1243 0.0745 0.9894
vn -0.2688 0.1617 0.9495
vn -0.4330 0.2610 0.8627
vn -0.5947 0.3591 0.7193
vn -0.7247 0.4383 0.5317
vn -0.8068 0.4882 0.3327
vn -0.8455 0.5117 0.1524
vn -0.8551 0.5173 0.0349
vn -0.1396 0.0466 0.9891
vn -0.3022 0.1015 0.9478
vn -0.4858 0.1638 0.8586
vn -0.6645 0.2247 0.7127
vn -0.8064 0.2734 0.5244
vn -0.8949 0.3037 0.3269
vn -0.9363 0.3178 0.1494
vn -0.9465 0.3210 0.0341
vn -0.3198 0.0467 0.9463
vn -0.5133 0.0754 0.8549
vn -0.6999 0.1032 0.7067
vn -0.8463 0.1252 0.5178
vn -0.9366 0.1387 0.3217
vn -0.9785 0.1449 0.1467
vn -0.9887 0.1462 0.0335
vn -0.3228 0.0108 0.9464
vn -0.5191 0.0173 0.8545
vn -0.7082 0.0236 0.7056
vn -0.8560 0.0285 0.5161
vn -0.9468 0.0315 0.3201
vn -0.9888 0.0329 0.1458
vn 0.9890 0.1478 0.0050
vn 0.9888 0.1475 0.0214
vn 0.9464 0.3228 0.0108
vn 0.9463 0.3198 0.0467
vn 0.8545 0.5192 0.0173
vn 0.8549 0.5133 0.0754
vn 0.7056 0.7082 0.0236
vn 0.7067 0.6999 0.1032
vn 0.5161 0.8560 0.0285
vn 0.5178 0.8463 0.1252
vn 0.3201 0.9468 0.0315
vn 0.3217 0.9366 0.1387
vn 0.1467 0.9785 0.1449
vn 0.9891 0.1396 0.0466
vn 0.9478 0.3022 0.1015
vn 0.8586 0.4858 0.1638
vn 0.7127 0.6645 0.2247
vn 0.5244 0.8064 0.2734
vn 0.3269 0.8949 0.3037
vn 0.1494 0.9363 0.3178
vn 0.0341 0.9465 0.3210
vn 0.9894 0.1243 0.0745
vn 0.9495 0.2688 0.1617
vn 0.8627 0.4331 0.2611
vn 0.7193 0.5947 0.3591
vn 0.5317 0.7247 0.4382
vn 0.3327 0.8068 0.4882
vn 0.1524 0.8455 0.5117
vn 0.0349 0.8551 0.5173
vn 0.9896 0.1018 0.1018
vn 0.9503 0.2202 0.2202
vn 0.8645 0.3554 0.3554
vn 0.7221 0.4892 0.4891
vn 0.5350 0.5974 0.5974
vn 0.3353 0.6662 0.6662
vn 0.1537 0.6987 0.6987
vn 0.0352 0.7067 0.7067
vn 0.9894 0.0745 0.1243
vn 0.9495 0.1617 0.2688
vn 0.8627 0.2610 0.4330
vn 0.7193 0.3591 0.5947
vn 0.5317 0.4382 0.7247
vn 0.3327 0.4882 0.8068
vn 0.1524 0.5117 0.8455
vn 0.0349 0.5173 0.8551
vn 0.9891 0.0466 0.1396
vn 0.9478 0.1015 0.3022
vn 0.8586 0.1638 0.4858
vn 0.7127 0.2247 0.6645
vn 0.5244 0.2734 0.8064
vn 0.3269 0.3037 0.8949
vn 0.1494 0.3178 0.9363
vn 0.0341 0.3210 0.9465
vn 0.9463 0.0467 0.3198
vn 0.8549 0.0754 0.5133
vn 0.7067 0.1032 0.6999
vn 0.5178 0.1252 0.8463
vn 0.3217 0.1387 0.9366
vn 0.1467 0.1449 0.9785
vn 0.0335 0.1462 0.9887
vn 0.9464 0.0108 0.3228
vn 0.8545 0.0173 0.5192
vn 0.7056 0.0236 0.7082
vn 0.5161 0.0285 0.8560
vn 0.3201 0.0315 0.9468
vn -0.9890 0.1478 -0.0050
vn -0.9888 0.1475 -0.0214
vn -0.9464 0.3228 -0.0108
vn -0.9463 0.3198 -0.0467
vn -0.8545 0.5192 -0.0173
vn -0.8549 0.5133 -0.0754
vn -0.7056 0.7082 -0.0236
vn -0.7067 0.6999 -0.1032
vn -0.5161 0.8560 -0.0285
vn -0.5178 0.8463 -0.1252
vn -0.3201 0.9468 -0.0315
vn -0.3217 0.9366 -0.1387
vn -0.1467 0.9785 -0.1449
vn -0.9891 0.1396 -0.0466
vn -0.9478 0.3022 -0.1015
vn -0.8586 0.4858 -0.1638
vn -0.7127 0.6645 -0.2247
vn -0.5244 0.8064 -0.2734
vn -0.3269 0.8949 -0.3037
vn -0.1494 0.9363 -0.3178
vn -0.0341 0.9465 -0.3210
vn -0.9894 0.1243 -0.0745
vn -0.9495 0.2688 -0.1617
vn -0.8627 0.4331 -0.2611
vn -0.7193 0.5947 -0.3591
vn -0.5317 0.7247 -0.4382
vn -0.3327 0.8068 -0.4882
vn -0.1524 0.8455 -0.5117
vn -0.0349 0.8551 -0.5173
vn -0.9896 0.1018 -0.1018
vn -0.9503 0.2202 -0.2202
vn -0.8645 0.3554 -0.3554
vn -0.7221 0.4892 -0.4891
vn -0.5350 0.5974 -0.5974
vn -0.3353 0.6662 -0.6662
vn -0.1537 0.6987 -0.6987
vn -0.0352 0.7067 -0.7067
vn -0.9894 0.0745 -0.1243
vn -0.9495 0.1617 -0.2688
vn -0.8627 0.2610 -0.4330
vn -0.7193 0.3591 -0.5947
vn -0.5317 0.4382 -0.7247
vn -0.3327 0.4882 -0.8068
vn -0.1524 0.5117 -0.8455
vn -0.0349 0.5173 -0.8551
vn -0.9891 0.0466 -0.1396
vn -0.9478 0.1015 -0.3022
vn -0.8586 0.1638 -0.4858
vn -0.7127 0.2247 -0.6645
vn -0.5244 0.2734 -0.8064
vn -0.3269 0.3037 -0.8949
vn -0.1494 0.3178 -0.9363
vn -0.0341 0.3210 -0.9465
vn -0.9463 0.0467 -0.3198
vn -0.8549 0.0754 -0.5133
vn -0.7067 0.1032 -0.6999
vn -0.5178 0.1252 -0.8463
vn -0.3217 0.1387 -0.9366
vn -0.1467 0.1449 -0.9785
vn -0.0335 0.1462 -0.9887
vn -0.9464 0.0108 -0.3228
vn -0.8545 0.0173 -0.5192
vn -0.7056 0.0236 -0.7082
vn -0.5161 0.0285 -0.8560
vn -0.3201 0.0315 -0.9468
vn 0.0050 0.1478 -0.9890
vn 0.0214 0.1475 -0.9888
vn 0.0108 0.3228 -0.9464
vn 0.0467 0.3198 -0.9463
vn 0.0173 0.5192 -0.8545
vn 0.0754 0.5133 -0.8549
vn 0.0236 0.7082 -0.7056
vn 0.1032 0.6999 -0.7067
vn 0.0285 0.8560 -0.5161
vn 0.1252 0.8463 -0.5178
vn 0.0315 0.9468 -0.3201
vn 0.1387 0.9366 -0.3217
vn 0.1449 0.9785 -0.1467
vn 0.0466 0.1396 -0.9891
vn 0.1015 0.3022 -0.9478
vn 0.1638 0.4858 -0.8586
vn 0.2247 0.6645 -0.7127
vn 0.2734 0.8064 -0.5244
vn 0.3037 0.8949 -0.3269
vn 0.3178 0.9363 -0.1494
vn 0.3210 0.9465 -0.0341
vn 0.0745 0.1243 -0.9894
vn 0.1617 0.2688 -0.9495
vn 0.2611 0.4331 -0.8627
vn 0.3592 0.5947 -0.7193
vn 0.4382 0.7247 -0.5317
vn 0.4882 0.8068 -0.3327
vn 0.5117 0.8455 -0.1524
vn 0.5173 0.8551 -0.0349
vn 0.1018 0.1018 -0.9896
vn 0.2202 0.2202 -0.9503
vn 0.3554 0.3554 -0.8645
vn 0.4891 0.4892 -0.7221
vn 0.5974 0.5974 -0.5350
vn 0.6662 0.6662 -0.3353
vn 0.6987 0.6987 -0.1537
vn 0.7067 0.7067 -0.0352
vn 0.1243 0.0745 -0.9894
vn 0.2688 0.1617 -0.9495
vn 0.4330 0.2610 -0.8627
vn 0.5947 0.3591 -0.7193
vn 0.7247 0.4383 -0.5317
vn 0.8068 0.4882 -0.3327
vn 0.8455 0.5117 -0.1524
vn 0.8551 0.5173 -0.0349
vn 0.1396 0.0466 -0.9891
vn 0.3022 0.1015 -0.9478
vn 0.4858 0.1638 -0.8586
vn 0.6645 0.2247 -0.7127
vn 0.8064 0.2734 -0.5244
vn 0.8949 0.3037 -0.3269
vn 0.9363 0.3178 -0.1494
vn 0.9465 0.3210 -0.0341
vn 0.3198 0.0467 -0.9463
vn 0.5133 0.0754 -0.8549
vn 0.6999 0.1032 -0.7067
vn 0.8463 0.1252 -0.5178
vn 0.9366 0.1387 -0.3217
vn 0.9785 0.1449 -0.1467
vn 0.9887 0.1462 -0.0335
vn 0.3228 0.0108 -0.9464
vn 0.5191 0.0173 -0.8545
vn 0.7082 0.0236 -0.7056
vn 0.8560 0.0285 -0.5161
vn 0.9468 0.0315 -0.3201
# 328 vertex normals

vt 0.9011 0.0000 0.0000
vt 0.9243 0.0044 0.0000
vt 0.9444 0.0176 0.0000
vt 0.9614 0.0397 0.0000
vt 0.9753 0.0705 0.0000
vt 0.9861 0.1102 0.0000
vt 0.9938 0.1586 0.0000
vt 0.9985 0.2159 0.0000
vt 1.0000 0.2820 0.0000
vt 1.0000 0.7180 0.0000
vt 0.9985 0.7841 0.0000
vt 0.9938 0.8414 0.0000
vt 0.9861 0.8898 0.0000
vt 0.9753 0.9295 0.0000
vt 0.9614 0.9603 0.0000
vt 0.9444 0.9824 0.0000
vt 0.9243 0.9956 0.0000
vt 0.9011 1.0000 0.0000
vt 0.0989 1.0000 0.0000
vt 0.0757 0.9956 0.0000
vt 0.0556 0.9824 0.0000
vt 0.0386 0.9603 0.0000
vt 0.0247 0.9295 0.0000
vt 0.0139 0.8898 0.0000
vt 0.0062 0.8414 0.0000
vt 0.0015 0.7841 0.0000
vt 0.0000 0.7180 0.0000
vt 0.0000 0.2820 0.0000
vt 0.0015 0.2159 0.0000
vt 0.0062 0.1586 0.0000
vt 0.0139 0.1102 0.0000
vt 0.0247 0.0705 0.0000
vt 0.0386 0.0397 0.0000
vt 0.0556 0.0176 0.0000
vt 0.0757 0.0044 0.0000
vt 0.0989 0.0000 0.0000
vt 0.0989 0.2820 0.0000
vt 0.9011 0.2820 0.0000
vt 0.9011 0.7180 0.0000
vt 0.0989 0.7180 0.0000
vt 0.9011 0.9876 0.0000
vt 0.0989 0.9876 0.0000
vt 0.2820 0.0000 0.0000
vt 0.7180 0.0000 0.0000
vt 0.7180 0.9876 0.0000
vt 0.2820 0.9876 0.0000
vt 0.0000 1.0000 0.0000
vt 0.0989 1.2636 0.0000
vt 0.0989 1.2291 0.0000
vt 0.9011 1.2291 0.0000
vt 0.9011 1.2636 0.0000
vt 0.2820 0.5888 0.0000
vt 0.2820 0.6387 0.0000
vt 0.7180 0.6387 0.0000
vt 0.7180 0.5888 0.0000
vt 0.0858 -0.0039 0.0000
vt 0.1103 -0.0034 0.0000
vt 0.1124 0.9842 0.0000
vt 0.0882 0.9837 0.0000
vt 0.9118 0.9837 0.0000
vt 0.8876 0.9842 0.0000
vt 0.8897 -0.0034 0.0000
vt 0.9142 -0.0039 0.0000
vt 0.2443 -0.0106 0.0000
vt 0.2261 -0.0092 0.0000
vt 0.2204 0.9786 0.0000
vt 0.2378 0.9773 0.0000
vt 0.0730 0.9914 0.0000
vt 0.0448 0.9966 0.0000
vt 0.0143 1.0032 0.0000
vt -0.0186 1.0113 0.0000
vt -0.0537 1.0207 0.0000
vt -0.0912 1.0315 0.0000
vt -0.1310 1.0438 0.0000
vt -0.1732 1.0574 0.0000
vt -0.1353 1.0420 0.0000
vt -0.1082 1.0243 0.0000
vt -0.0920 1.0044 0.0000
vt -0.0866 0.9824 0.0000
vt -0.0920 0.9581 0.0000
vt -0.1082 0.9316 0.0000
vt -0.1353 0.9029 0.0000
vt -0.1732 0.8720 0.0000
vt 0.2188 0.9928 0.0000
vt 0.1702 1.0022 0.0000
vt 0.1362 1.0157 0.0000
vt 0.1168 1.0334 0.0000
vt 0.1121 1.0552 0.0000
vt 0.1219 1.0813 0.0000
vt 0.1463 1.1115 0.0000
vt 0.1854 1.1458 0.0000
vt 0.1411 1.1107 0.0000
vt 0.1009 1.0783 0.0000
vt 0.0648 1.0486 0.0000
vt 0.0328 1.0215 0.0000
vt 0.0049 0.9971 0.0000
vt -0.0189 0.9755 0.0000
vt -0.0387 0.9565 0.0000
vt -0.0543 0.9402 0.0000
vt 0.0989 1.1946 0.0000
vt 0.9011 1.1946 0.0000
vt 0.0989 1.1601 0.0000
vt 0.9011 1.1601 0.0000
vt 0.0989 1.1256 0.0000
vt 0.9011 1.1256 0.0000
vt 0.0989 1.0911 0.0000
vt 0.9011 1.0911 0.0000
vt 0.0989 1.0566 0.0000
vt 0.9011 1.0566 0.0000
vt 0.0989 1.0221 0.0000
vt 0.9011 1.0221 0.0000
vt 0.2820 0.6885 0.0000
vt 0.7180 0.6885 0.0000
vt 0.2820 0.7384 0.0000
vt 0.7180 0.7384 0.0000
vt 0.2820 0.7882 0.0000
vt 0.7180 0.7882 0.0000
vt 0.2820 0.8381 0.0000
vt 0.7180 0.8381 0.0000
vt 0.2820 0.8879 0.0000
vt 0.7180 0.8879 0.0000
vt 0.2820 0.9378 0.0000
vt 0.7180 0.9378 0.0000
vt 0.1349 -0.0029 0.0000
vt 0.1366 0.9847 0.0000
vt 0.1594 -0.0024 0.0000
vt 0.1609 0.9852 0.0000
vt 0.1839 -0.0020 0.0000
vt 0.1851 0.9857 0.0000
vt 0.2084 -0.0015 0.0000
vt 0.2093 0.9862 0.0000
vt 0.2330 -0.0010 0.0000
vt 0.2336 0.9867 0.0000
vt 0.2575 -0.0005 0.0000
vt 0.2578 0.9871 0.0000
vt 0.8634 0.9847 0.0000
vt 0.8651 -0.0029 0.0000
vt 0.8391 0.9852 0.0000
vt 0.8406 -0.0024 0.0000
vt 0.8149 0.9857 0.0000
vt 0.8161 -0.0020 0.0000
vt 0.7907 0.9862 0.0000
vt 0.7916 -0.0015 0.0000
vt 0.7664 0.9867 0.0000
vt 0.7670 -0.0010 0.0000
vt 0.7422 0.9871 0.0000
vt 0.7425 -0.0005 0.0000
vt 0.2079 -0.0079 0.0000
vt 0.2031 0.9799 0.0000
vt 0.1898 -0.0066 0.0000
vt 0.1857 0.9812 0.0000
vt 0.1716 -0.0053 0.0000
vt 0.1684 0.9825 0.0000
vt 0.1534 -0.0040 0.0000
vt 0.1510 0.9838 0.0000
vt 0.1353 -0.0026 0.0000
vt 0.1336 0.9851 0.0000
vt 0.1171 -0.0013 0.0000
vt 0.1163 0.9863 0.0000
# 159 texture coords

o Box028
g Box028
usemtl wire_255255255
s 1
f 1/1/1 2/2/2 3/3/3 4/4/4 5/5/5 6/6/6 7/7/7 8/8/8 9/9/9 10/10/10 11/11/11 12/12/12 13/13/13 14/14/14 15/15/15 16/16/16 17/17/17 18/18/18 19/19/19 20/20/20 21/21/21 22/22/22 23/23/23 24/24/24 25/25/25 26/26/26 27/27/27 28/28/28 29/29/29 30/30/30 31/31/31 32/32/32 33/33/33 34/34/34 35/35/35 36/36/36 
s 2
f 37/37/37 38/38/38 39/39/39 40/40/40 
f 1/36/1 36/1/36 41/41/41 42/42/42 
f 28/43/28 27/44/27 43/45/43 44/46/44 
f 19/36/19 18/1/18 45/41/45 46/42/46 
f 10/43/10 9/44/9 47/45/47 48/46/48 
f 42/42/42 49/47/49 50/47/50 
f 44/46/44 51/47/51 52/47/52 
f 48/46/48 53/47/53 54/47/54 
f 46/42/46 55/47/55 56/47/56 
f 37/48/37 57/49/57 58/50/58 38/51/38 
f 38/52/38 59/53/59 60/54/60 39/55/39 
f 39/48/39 61/49/61 62/50/62 40/51/40 
f 40/52/40 63/53/63 64/54/64 37/55/37 
f 36/56/36 35/57/35 65/58/65 41/59/41 
f 42/60/42 50/61/50 2/62/2 1/63/1 
f 27/64/27 26/65/26 66/66/66 43/67/43 
f 18/56/18 17/57/17 67/58/67 45/59/45 
f 42/42/42 68/68/68 69/47/69 
f 68/68/68 70/69/70 71/47/71 69/47/69 
f 70/69/70 72/70/72 73/47/73 71/47/71 
f 72/70/72 74/71/74 75/47/75 73/47/73 
f 74/71/74 76/72/76 77/47/77 75/47/75 
f 76/72/76 78/73/78 79/47/79 77/47/77 
f 78/73/78 57/74/57 80/47/80 79/47/79 
f 57/74/57 37/75/37 64/76/64 80/47/80 
f 42/42/42 69/47/69 81/47/81 
f 69/47/69 71/47/71 82/47/82 81/47/81 
f 71/47/71 73/47/73 83/47/83 82/47/82 
f 73/47/73 75/47/75 84/47/84 83/47/83 
f 75/47/75 77/47/77 85/47/85 84/47/84 
f 77/47/77 79/47/79 86/47/86 85/47/85 
f 79/47/79 80/47/80 87/47/87 86/47/86 
f 80/47/80 64/76/64 88/77/88 87/47/87 
f 42/42/42 81/47/81 89/47/89 
f 81/47/81 82/47/82 90/47/90 89/47/89 
f 82/47/82 83/47/83 91/47/91 90/47/90 
f 83/47/83 84/47/84 92/47/92 91/47/91 
f 84/47/84 85/47/85 93/47/93 92/47/92 
f 85/47/85 86/47/86 94/47/94 93/47/93 
f 86/47/86 87/47/87 95/47/95 94/47/94 
f 87/47/87 88/77/88 96/78/96 95/47/95 
f 42/42/42 89/47/89 97/47/97 
f 89/47/89 90/47/90 98/47/98 97/47/97 
f 90/47/90 91/47/91 99/47/99 98/47/98 
f 91/47/91 92/47/92 100/47/100 99/47/99 
f 92/47/92 93/47/93 101/47/101 100/47/100 
f 93/47/93 94/47/94 102/47/102 101/47/101 
f 94/47/94 95/47/95 103/47/103 102/47/102 
f 95/47/95 96/78/96 104/79/104 103/47/103 
f 42/42/42 97/47/97 105/47/105 
f 97/47/97 98/47/98 106/47/106 105/47/105 
f 98/47/98 99/47/99 107/47/107 106/47/106 
f 99/47/99 100/47/100 108/47/108 107/47/107 
f 100/47/100 101/47/101 109/47/109 108/47/108 
f 101/47/101 102/47/102 110/47/110 109/47/109 
f 102/47/102 103/47/103 111/47/111 110/47/110 
f 103/47/103 104/79/104 112/80/112 111/47/111 
f 42/42/42 105/47/105 113/47/113 
f 105/47/105 106/47/106 114/47/114 113/47/113 
f 106/47/106 107/47/107 115/47/115 114/47/114 
f 107/47/107 108/47/108 116/47/116 115/47/115 
f 108/47/108 109/47/109 117/47/117 116/47/116 
f 109/47/109 110/47/110 118/47/118 117/47/117 
f 110/47/110 111/47/111 119/47/119 118/47/118 
f 111/47/111 112/80/112 120/81/120 119/47/119 
f 42/42/42 113/47/113 49/47/49 
f 113/47/113 114/47/114 121/47/121 49/47/49 
f 114/47/114 115/47/115 122/47/122 121/47/121 
f 115/47/115 116/47/116 123/47/123 122/47/122 
f 116/47/116 117/47/117 124/47/124 123/47/123 
f 117/47/117 118/47/118 125/47/125 124/47/124 
f 118/47/118 119/47/119 126/47/126 125/47/125 
f 119/47/119 120/81/120 127/82/127 126/47/126 
f 49/47/49 121/47/121 128/47/128 50/47/50 
f 121/47/121 122/47/122 129/47/129 128/47/128 
f 122/47/122 123/47/123 130/47/130 129/47/129 
f 123/47/123 124/47/124 131/47/131 130/47/130 
f 124/47/124 125/47/125 132/47/132 131/47/131 
f 125/47/125 126/47/126 133/47/133 132/47/132 
f 126/47/126 127/82/127 47/83/47 133/47/133 
f 44/46/44 134/84/134 135/47/135 
f 134/84/134 136/85/136 137/47/137 135/47/135 
f 136/85/136 138/86/138 139/47/139 137/47/137 
f 138/86/138 140/87/140 141/47/141 139/47/139 
f 140/87/140 142/88/142 143/47/143 141/47/141 
f 142/88/142 144/89/144 145/47/145 143/47/143 
f 144/89/144 59/90/59 146/47/146 145/47/145 
f 59/90/59 38/91/38 58/92/58 146/47/146 
f 44/46/44 135/47/135 147/47/147 
f 135/47/135 137/47/137 148/47/148 147/47/147 
f 137/47/137 139/47/139 149/47/149 148/47/148 
f 139/47/139 141/47/141 150/47/150 149/47/149 
f 141/47/141 143/47/143 151/47/151 150/47/150 
f 143/47/143 145/47/145 152/47/152 151/47/151 
f 145/47/145 146/47/146 153/47/153 152/47/152 
f 146/47/146 58/92/58 154/93/154 153/47/153 
f 44/46/44 147/47/147 155/47/155 
f 147/47/147 148/47/148 156/47/156 155/47/155 
f 148/47/148 149/47/149 157/47/157 156/47/156 
f 149/47/149 150/47/150 158/47/158 157/47/157 
f 150/47/150 151/47/151 159/47/159 158/47/158 
f 151/47/151 152/47/152 160/47/160 159/47/159 
f 152/47/152 153/47/153 161/47/161 160/47/160 
f 153/47/153 154/93/154 162/94/162 161/47/161 
f 44/46/44 155/47/155 163/47/163 
f 155/47/155 156/47/156 164/47/164 163/47/163 
f 156/47/156 157/47/157 165/47/165 164/47/164 
f 157/47/157 158/47/158 166/47/166 165/47/165 
f 158/47/158 159/47/159 167/47/167 166/47/166 
f 159/47/159 160/47/160 168/47/168 167/47/167 
f 160/47/160 161/47/161 169/47/169 168/47/168 
f 161/47/161 162/94/162 170/95/170 169/47/169 
f 44/46/44 163/47/163 171/47/171 
f 163/47/163 164/47/164 172/47/172 171/47/171 
f 164/47/164 165/47/165 173/47/173 172/47/172 
f 165/47/165 166/47/166 174/47/174 173/47/173 
f 166/47/166 167/47/167 175/47/175 174/47/174 
f 167/47/167 168/47/168 176/47/176 175/47/175 
f 168/47/168 169/47/169 177/47/177 176/47/176 
f 169/47/169 170/95/170 178/96/178 177/47/177 
f 44/46/44 171/47/171 179/47/179 
f 171/47/171 172/47/172 180/47/180 179/47/179 
f 172/47/172 173/47/173 181/47/181 180/47/180 
f 173/47/173 174/47/174 182/47/182 181/47/181 
f 174/47/174 175/47/175 183/47/183 182/47/182 
f 175/47/175 176/47/176 184/47/184 183/47/183 
f 176/47/176 177/47/177 185/47/185 184/47/184 
f 177/47/177 178/96/178 186/97/186 185/47/185 
f 44/46/44 179/47/179 51/47/51 
f 179/47/179 180/47/180 187/47/187 51/47/51 
f 180/47/180 181/47/181 188/47/188 187/47/187 
f 181/47/181 182/47/182 189/47/189 188/47/188 
f 182/47/182 183/47/183 190/47/190 189/47/189 
f 183/47/183 184/47/184 191/47/191 190/47/190 
f 184/47/184 185/47/185 192/47/192 191/47/191 
f 185/47/185 186/97/186 193/98/193 192/47/192 
f 51/47/51 187/47/187 194/47/194 52/47/52 
f 187/47/187 188/47/188 195/47/195 194/47/194 
f 188/47/188 189/47/189 196/47/196 195/47/195 
f 189/47/189 190/47/190 197/47/197 196/47/196 
f 190/47/190 191/47/191 198/47/198 197/47/197 
f 191/47/191 192/47/192 65/47/65 198/47/198 
f 192/47/192 193/98/193 41/99/41 65/47/65 
f 48/46/48 199/84/199 200/47/200 
f 199/84/199 201/85/201 202/47/202 200/47/200 
f 201/85/201 203/86/203 204/47/204 202/47/202 
f 203/86/203 205/87/205 206/47/206 204/47/204 
f 205/87/205 207/88/207 208/47/208 206/47/206 
f 207/88/207 209/89/209 210/47/210 208/47/208 
f 209/89/209 63/90/63 211/47/211 210/47/210 
f 63/90/63 40/91/40 62/92/62 211/47/211 
f 48/46/48 200/47/200 212/47/212 
f 200/47/200 202/47/202 213/47/213 212/47/212 
f 202/47/202 204/47/204 214/47/214 213/47/213 
f 204/47/204 206/47/206 215/47/215 214/47/214 
f 206/47/206 208/47/208 216/47/216 215/47/215 
f 208/47/208 210/47/210 217/47/217 216/47/216 
f 210/47/210 211/47/211 218/47/218 217/47/217 
f 211/47/211 62/92/62 219/93/219 218/47/218 
f 48/46/48 212/47/212 220/47/220 
f 212/47/212 213/47/213 221/47/221 220/47/220 
f 213/47/213 214/47/214 222/47/222 221/47/221 
f 214/47/214 215/47/215 223/47/223 222/47/222 
f 215/47/215 216/47/216 224/47/224 223/47/223 
f 216/47/216 217/47/217 225/47/225 224/47/224 
f 217/47/217 218/47/218 226/47/226 225/47/225 
f 218/47/218 219/93/219 227/94/227 226/47/226 
f 48/46/48 220/47/220 228/47/228 
f 220/47/220 221/47/221 229/47/229 228/47/228 
f 221/47/221 222/47/222 230/47/230 229/47/229 
f 222/47/222 223/47/223 231/47/231 230/47/230 
f 223/47/223 224/47/224 232/47/232 231/47/231 
f 224/47/224 225/47/225 233/47/233 232/47/232 
f 225/47/225 226/47/226 234/47/234 233/47/233 
f 226/47/226 227/94/227 235/95/235 234/47/234 
f 48/46/48 228/47/228 236/47/236 
f 228/47/228 229/47/229 237/47/237 236/47/236 
f 229/47/229 230/47/230 238/47/238 237/47/237 
f 230/47/230 231/47/231 239/47/239 238/47/238 
f 231/47/231 232/47/232 240/47/240 239/47/239 
f 232/47/232 233/47/233 241/47/241 240/47/240 
f 233/47/233 234/47/234 242/47/242 241/47/241 
f 234/47/234 235/95/235 243/96/243 242/47/242 
f 48/46/48 236/47/236 244/47/244 
f 236/47/236 237/47/237 245/47/245 244/47/244 
f 237/47/237 238/47/238 246/47/246 245/47/245 
f 238/47/238 239/47/239 247/47/247 246/47/246 
f 239/47/239 240/47/240 248/47/248 247/47/247 
f 240/47/240 241/47/241 249/47/249 248/47/248 
f 241/47/241 242/47/242 250/47/250 249/47/249 
f 242/47/242 243/96/243 251/97/251 250/47/250 
f 48/46/48 244/47/244 53/47/53 
f 244/47/244 245/47/245 252/47/252 53/47/53 
f 245/47/245 246/47/246 253/47/253 252/47/252 
f 246/47/246 247/47/247 254/47/254 253/47/253 
f 247/47/247 248/47/248 255/47/255 254/47/254 
f 248/47/248 249/47/249 256/47/256 255/47/255 
f 249/47/249 250/47/250 257/47/257 256/47/256 
f 250/47/250 251/97/251 258/98/258 257/47/257 
f 53/47/53 252/47/252 259/47/259 54/47/54 
f 252/47/252 253/47/253 260/47/260 259/47/259 
f 253/47/253 254/47/254 261/47/261 260/47/260 
f 254/47/254 255/47/255 262/47/262 261/47/261 
f 255/47/255 256/47/256 263/47/263 262/47/262 
f 256/47/256 257/47/257 67/47/67 263/47/263 
f 257/47/257 258/98/258 45/99/45 67/47/67 
f 46/42/46 264/68/264 265/47/265 
f 264/68/264 266/69/266 267/47/267 265/47/265 
f 266/69/266 268/70/268 269/47/269 267/47/267 
f 268/70/268 270/71/270 271/47/271 269/47/269 
f 270/71/270 272/72/272 273/47/273 271/47/271 
f 272/72/272 274/73/274 275/47/275 273/47/273 
f 274/73/274 61/74/61 276/47/276 275/47/275 
f 61/74/61 39/75/39 60/76/60 276/47/276 
f 46/42/46 265/47/265 277/47/277 
f 265/47/265 267/47/267 278/47/278 277/47/277 
f 267/47/267 269/47/269 279/47/279 278/47/278 
f 269/47/269 271/47/271 280/47/280 279/47/279 
f 271/47/271 273/47/273 281/47/281 280/47/280 
f 273/47/273 275/47/275 282/47/282 281/47/281 
f 275/47/275 276/47/276 283/47/283 282/47/282 
f 276/47/276 60/76/60 284/77/284 283/47/283 
f 46/42/46 277/47/277 285/47/285 
f 277/47/277 278/47/278 286/47/286 285/47/285 
f 278/47/278 279/47/279 287/47/287 286/47/286 
f 279/47/279 280/47/280 288/47/288 287/47/287 
f 280/47/280 281/47/281 289/47/289 288/47/288 
f 281/47/281 282/47/282 290/47/290 289/47/289 
f 282/47/282 283/47/283 291/47/291 290/47/290 
f 283/47/283 284/77/284 292/78/292 291/47/291 
f 46/42/46 285/47/285 293/47/293 
f 285/47/285 286/47/286 294/47/294 293/47/293 
f 286/47/286 287/47/287 295/47/295 294/47/294 
f 287/47/287 288/47/288 296/47/296 295/47/295 
f 288/47/288 289/47/289 297/47/297 296/47/296 
f 289/47/289 290/47/290 298/47/298 297/47/297 
f 290/47/290 291/47/291 299/47/299 298/47/298 
f 291/47/291 292/78/292 300/79/300 299/47/299 
f 46/42/46 293/47/293 301/47/301 
f 293/47/293 294/47/294 302/47/302 301/47/301 
f 294/47/294 295/47/295 303/47/303 302/47/302 
f 295/47/295 296/47/296 304/47/304 303/47/303 
f 296/47/296 297/47/297 305/47/305 304/47/304 
f 297/47/297 298/47/298 306/47/306 305/47/305 
f 298/47/298 299/47/299 307/47/307 306/47/306 
f 299/47/299 300/79/300 308/80/308 307/47/307 
f 46/42/46 301/47/301 309/47/309 
f 301/47/301 302/47/302 310/47/310 309/47/309 
f 302/47/302 303/47/303 311/47/311 310/47/310 
f 303/47/303 304/47/304 312/47/312 311/47/311 
f 304/47/304 305/47/305 313/47/313 312/47/312 
f 305/47/305 306/47/306 314/47/314 313/47/313 
f 306/47/306 307/47/307 315/47/315 314/47/314 
f 307/47/307 308/80/308 316/81/316 315/47/315 
f 46/42/46 309/47/309 55/47/55 
f 309/47/309 310/47/310 317/47/317 55/47/55 
f 310/47/310 311/47/311 318/47/318 317/47/317 
f 311/47/311 312/47/312 319/47/319 318/47/318 
f 312/47/312 313/47/313 320/47/320 319/47/319 
f 313/47/313 314/47/314 321/47/321 320/47/320 
f 314/47/314 315/47/315 322/47/322 321/47/321 
f 315/47/315 316/81/316 323/82/323 322/47/322 
f 55/47/55 317/47/317 324/47/324 56/47/56 
f 317/47/317 318/47/318 325/47/325 324/47/324 
f 318/47/318 319/47/319 326/47/326 325/47/325 
f 319/47/319 320/47/320 327/47/327 326/47/326 
f 320/47/320 321/47/321 328/47/328 327/47/327 
f 321/47/321 322/47/322 66/47/66 328/47/328 
f 322/47/322 323/82/323 43/83/43 66/47/66 
f 57/49/57 78/100/78 154/101/154 58/50/58 
f 78/100/78 76/102/76 162/103/162 154/101/154 
f 76/102/76 74/104/74 170/105/170 162/103/162 
f 74/104/74 72/106/72 178/107/178 170/105/170 
f 72/106/72 70/108/70 186/109/186 178/107/178 
f 70/108/70 68/110/68 193/111/193 186/109/186 
f 68/110/68 42/42/42 41/41/41 193/111/193 
f 59/53/59 144/112/144 284/113/284 60/54/60 
f 144/112/144 142/114/142 292/115/292 284/113/284 
f 142/114/142 140/116/140 300/117/300 292/115/292 
f 140/116/140 138/118/138 308/119/308 300/117/300 
f 138/118/138 136/120/136 316/121/316 308/119/308 
f 136/120/136 134/122/134 323/123/323 316/121/316 
f 134/122/134 44/46/44 43/45/43 323/123/323 
f 61/49/61 274/100/274 219/101/219 62/50/62 
f 274/100/274 272/102/272 227/103/227 219/101/219 
f 272/102/272 270/104/270 235/105/235 227/103/227 
f 270/104/270 268/106/268 243/107/243 235/105/235 
f 268/106/268 266/108/266 251/109/251 243/107/243 
f 266/108/266 264/110/264 258/111/258 251/109/251 
f 264/110/264 46/42/46 45/41/45 258/111/258 
f 63/53/63 209/112/209 88/113/88 64/54/64 
f 209/112/209 207/114/207 96/115/96 88/113/88 
f 207/114/207 205/116/205 104/117/104 96/115/96 
f 205/116/205 203/118/203 112/119/112 104/117/104 
f 203/118/203 201/120/201 120/121/120 112/119/112 
f 201/120/201 199/122/199 127/123/127 120/121/120 
f 199/122/199 48/46/48 47/45/47 127/123/127 
f 35/57/35 34/124/34 198/125/198 65/58/65 
f 34/124/34 33/126/33 197/127/197 198/125/198 
f 33/126/33 32/128/32 196/129/196 197/127/197 
f 32/128/32 31/130/31 195/131/195 196/129/196 
f 31/130/31 30/132/30 194/133/194 195/131/195 
f 30/132/30 29/134/29 52/135/52 194/133/194 
f 29/134/29 28/43/28 44/46/44 52/135/52 
f 50/61/50 128/136/128 3/137/3 2/62/2 
f 128/136/128 129/138/129 4/139/4 3/137/3 
f 129/138/129 130/140/130 5/141/5 4/139/4 
f 130/140/130 131/142/131 6/143/6 5/141/5 
f 131/142/131 132/144/132 7/145/7 6/143/6 
f 132/144/132 133/146/133 8/147/8 7/145/7 
f 133/146/133 47/45/47 9/44/9 8/147/8 
f 26/65/26 25/148/25 328/149/328 66/66/66 
f 25/148/25 24/150/24 327/151/327 328/149/328 
f 24/150/24 23/152/23 326/153/326 327/151/327 
f 23/152/23 22/154/22 325/155/325 326/153/326 
f 22/154/22 21/156/21 324/157/324 325/155/325 
f 21/156/21 20/158/20 56/159/56 324/157/324 
f 20/158/20 19/36/19 46/42/46 56/159/56 
f 17/57/17 16/124/16 263/125/263 67/58/67 
f 16/124/16 15/126/15 262/127/262 263/125/263 
f 15/126/15 14/128/14 261/129/261 262/127/262 
f 14/128/14 13/130/13 260/131/260 261/129/261 
f 13/130/13 12/132/12 259/133/259 260/131/260 
f 12/132/12 11/134/11 54/135/54 259/133/259 
f 11/134/11 10/43/10 48/46/48 54/135/54 
# 294 polygons - 32 triangles

#
# object Box029
#

v  -52.6948 -0.0000 64.5386
v  -52.6504 -0.0000 64.4434
v  -52.4728 -0.0000 64.1950
v  -52.1619 -0.0000 63.7935
v  -51.7178 -0.0000 63.2389
v  -51.1405 -0.0000 62.5312
v  -50.4300 -0.0000 61.6703
v  -49.5862 -0.0000 60.6562
v  -48.6092 -0.0000 59.4891
v  -42.1560 -0.0000 51.7985
v  -41.1762 -0.0000 50.6336
v  -40.3241 -0.0000 49.6266
v  -39.5997 -0.0000 48.7773
v  -39.0029 -0.0000 48.0859
v  -38.5338 -0.0000 47.5522
v  -38.1924 -0.0000 47.1764
v  -37.9787 -0.0000 46.9584
v  -37.8926 -0.0000 46.8981
v  -37.1718 -0.0000 47.5030
v  -37.2162 -0.0000 47.5982
v  -37.3938 -0.0000 47.8465
v  -37.7047 -0.0000 48.2480
v  -38.1488 -0.0000 48.8026
v  -38.7261 -0.0000 49.5104
v  -39.4366 -0.0000 50.3713
v  -40.2804 -0.0000 51.3853
v  -41.2574 -0.0000 52.5525
v  -47.7106 -0.0000 60.2431
v  -48.6904 -0.0000 61.4079
v  -49.5425 -0.0000 62.4150
v  -50.2669 -0.0000 63.2642
v  -50.8636 -0.0000 63.9557
v  -51.3327 -0.0000 64.4893
v  -51.6741 -0.0000 64.8651
v  -51.8879 -0.0000 65.0832
v  -51.9739 -0.0000 65.1434
v  -48.5203 23.1435 59.5636
v  -47.7995 23.1435 60.1685
v  -41.3463 23.1435 52.4779
v  -42.0671 23.1435 51.8730
v  -51.9739 22.8573 65.1434
v  -52.6948 22.8573 64.5386
v  -41.2574 22.8573 52.5525
v  -47.7106 22.8573 60.2431
v  -37.8926 22.8573 46.8981
v  -37.1718 22.8573 47.5030
v  -48.6092 22.8573 59.4891
v  -42.1560 22.8573 51.7985
v  -52.6501 22.8731 64.4436
v  -52.6504 22.8573 64.4434
v  -48.6751 22.8731 61.3897
v  -48.6904 22.8573 61.4079
v  -41.1915 22.8731 50.6518
v  -41.1762 22.8573 50.6336
v  -37.2165 22.8731 47.5979
v  -37.2162 22.8573 47.5982
v  -49.4987 23.1390 60.7297
v  -48.7779 23.1390 61.3345
v  -47.7786 23.1390 60.1860
v  -41.3254 23.1390 52.4954
v  -40.3679 23.1390 51.3119
v  -41.0887 23.1390 50.7070
v  -42.0879 23.1390 51.8556
v  -48.5411 23.1390 59.5462
v  -51.8879 22.8573 65.0832
v  -40.2804 22.8573 51.3853
v  -37.9787 22.8573 46.9584
v  -52.6295 22.9244 64.4609
v  -52.6344 22.9234 64.4568
v  -52.4339 22.9825 64.2277
v  -52.4430 22.9806 64.2200
v  -52.1077 23.0317 63.8390
v  -52.1204 23.0290 63.8283
v  -51.6512 23.0720 63.2949
v  -51.6668 23.0686 63.2817
v  -51.0641 23.1033 62.5953
v  -51.0820 23.0994 62.5802
v  -50.3466 23.1256 61.7402
v  -50.3662 23.1214 61.7238
v  -49.5192 23.1346 60.7124
v  -52.6387 22.9202 64.4532
v  -52.4509 22.9747 64.2134
v  -52.1314 23.0208 63.8191
v  -51.6803 23.0585 63.2704
v  -51.0975 23.0879 62.5672
v  -50.3831 23.1088 61.7096
v  -49.5370 23.1214 60.6975
v  -48.5592 23.1256 59.5310
v  -52.6422 22.9150 64.4502
v  -52.4576 22.9649 64.2078
v  -52.1407 23.0072 63.8113
v  -51.6918 23.0418 63.2608
v  -51.1107 23.0687 62.5562
v  -50.3974 23.0879 61.6976
v  -49.5520 23.0994 60.6849
v  -48.5745 23.1033 59.5182
v  -52.6452 22.9076 64.4477
v  -52.4630 22.9512 64.2032
v  -52.1484 22.9881 63.8049
v  -51.7012 23.0183 63.2529
v  -51.1214 23.0418 62.5472
v  -50.4091 23.0585 61.6877
v  -49.5643 23.0686 60.6746
v  -48.5870 23.0720 59.5077
v  -52.6474 22.8982 64.4458
v  -52.4673 22.9336 64.1996
v  -52.1543 22.9636 63.7999
v  -51.7084 22.9881 63.2468
v  -51.1298 23.0072 62.5402
v  -50.4182 23.0208 61.6801
v  -49.5739 23.0290 60.6666
v  -48.5967 23.0317 59.4995
v  -52.6491 22.8867 64.4445
v  -52.4703 22.9121 64.1971
v  -52.1585 22.9336 63.7964
v  -51.7136 22.9512 63.2424
v  -51.1357 22.9649 62.5352
v  -50.4248 22.9747 61.6746
v  -49.5807 22.9806 60.6608
v  -48.6036 22.9825 59.4937
v  -52.4721 22.8867 64.1955
v  -52.1611 22.8982 63.7942
v  -51.7168 22.9076 63.2398
v  -51.1393 22.9150 62.5322
v  -50.4287 22.9202 61.6714
v  -49.5848 22.9234 60.6574
v  -48.6078 22.9244 59.4902
v  -52.4728 22.8573 64.1950
v  -52.1619 22.8573 63.7935
v  -51.7178 22.8573 63.2389
v  -51.1405 22.8573 62.5312
v  -50.4300 22.8573 61.6703
v  -49.5862 22.8573 60.6562
v  -47.7120 22.9244 60.2419
v  -47.9413 22.9234 60.5152
v  -47.7161 22.9825 60.2384
v  -48.1442 22.9806 60.7486
v  -47.7231 23.0317 60.2326
v  -48.3193 23.0290 60.9431
v  -47.7328 23.0720 60.2244
v  -48.4666 23.0686 61.0989
v  -47.7453 23.1033 60.2140
v  -48.5861 23.0994 61.2160
v  -47.7606 23.1256 60.2011
v  -48.6778 23.1214 61.2943
v  -48.7417 23.1346 61.3338
v  -48.1400 22.9202 60.7521
v  -48.5151 22.9747 61.1907
v  -48.8360 23.0208 61.5589
v  -49.1025 23.0585 61.8568
v  -49.3148 23.0879 62.0844
v  -49.4728 23.1088 62.2416
v  -49.5764 23.1214 62.3285
v  -49.6258 23.1256 62.3450
v  -48.3082 22.9150 60.9525
v  -48.8290 22.9649 61.5648
v  -49.2732 23.0072 62.0800
v  -49.6407 23.0418 62.4981
v  -49.9314 23.0687 62.8192
v  -50.1454 23.0879 63.0433
v  -50.2827 23.0994 63.1702
v  -50.3433 23.1033 63.2001
v  -48.4458 22.9076 61.1164
v  -49.0859 22.9512 61.8708
v  -49.6309 22.9881 62.5063
v  -50.0809 23.0183 63.0229
v  -50.4359 23.0418 63.4205
v  -50.6957 23.0585 63.6991
v  -50.8606 23.0686 63.8589
v  -50.9303 23.0720 63.8997
v  -48.5528 22.8982 61.2440
v  -49.2856 22.9336 62.1089
v  -49.9092 22.9636 62.8379
v  -50.4234 22.9881 63.4309
v  -50.8282 23.0072 63.8881
v  -51.1238 23.0208 64.2093
v  -51.3100 23.0290 64.3945
v  -51.3869 23.0317 64.4438
v  -48.6292 22.8867 61.3351
v  -49.4283 22.9121 62.2789
v  -50.1079 22.9336 63.0747
v  -50.6680 22.9512 63.7225
v  -51.1085 22.9649 64.2221
v  -51.4295 22.9747 64.5736
v  -51.6310 22.9806 64.7771
v  -51.7130 22.9825 64.8325
v  -49.5139 22.8867 62.3810
v  -50.2271 22.8982 63.2168
v  -50.8147 22.9076 63.8974
v  -51.2767 22.9150 64.4225
v  -51.6130 22.9202 64.7923
v  -51.8237 22.9234 65.0067
v  -51.9087 22.9244 65.0657
v  -49.5425 22.8573 62.4150
v  -50.2669 22.8573 63.2642
v  -50.8636 22.8573 63.9557
v  -51.3327 22.8573 64.4893
v  -51.6741 22.8573 64.8651
v  -42.1546 22.9244 51.7996
v  -41.9253 22.9234 51.5263
v  -42.1504 22.9825 51.8031
v  -41.7224 22.9806 51.2930
v  -42.1435 23.0317 51.8089
v  -41.5473 23.0290 51.0984
v  -42.1338 23.0720 51.8171
v  -41.4000 23.0686 50.9426
v  -42.1213 23.1033 51.8276
v  -41.2805 23.0994 50.8256
v  -42.1060 23.1256 51.8404
v  -41.1888 23.1214 50.7473
v  -41.1248 23.1346 50.7078
v  -41.7266 22.9202 51.2895
v  -41.3514 22.9747 50.8509
v  -41.0306 23.0208 50.4826
v  -40.7640 23.0585 50.1847
v  -40.5518 23.0879 49.9571
v  -40.3938 23.1088 49.7999
v  -40.2901 23.1214 49.7130
v  -40.2408 23.1256 49.6965
v  -41.5584 22.9150 51.0891
v  -41.0375 22.9649 50.4768
v  -40.5934 23.0072 49.9616
v  -40.2259 23.0418 49.5434
v  -39.9352 23.0687 49.2223
v  -39.7212 23.0879 48.9983
v  -39.5839 23.0994 48.8713
v  -39.5233 23.1033 48.8414
v  -41.4208 22.9076 50.9251
v  -40.7807 22.9512 50.1707
v  -40.2356 22.9881 49.5352
v  -39.7856 23.0183 49.0187
v  -39.4307 23.0418 48.6211
v  -39.1708 23.0585 48.3424
v  -39.0060 23.0686 48.1827
v  -38.9363 23.0720 48.1418
v  -41.3138 22.8982 50.7976
v  -40.5809 22.9336 49.9327
v  -39.9574 22.9636 49.2037
v  -39.4432 22.9881 48.6106
v  -39.0383 23.0072 48.1535
v  -38.7428 23.0208 47.8323
v  -38.5566 23.0290 47.6470
v  -38.4797 23.0317 47.5977
v  -41.2374 22.8867 50.7065
v  -40.4383 22.9121 49.7626
v  -39.7587 22.9336 48.9668
v  -39.1986 22.9512 48.3191
v  -38.7581 22.9649 47.8195
v  -38.4370 22.9747 47.4679
v  -38.2355 22.9806 47.2644
v  -38.1535 22.9825 47.2090
v  -40.3526 22.8867 49.6606
v  -39.6394 22.8982 48.8247
v  -39.0518 22.9076 48.1442
v  -38.5899 22.9150 47.6190
v  -38.2536 22.9202 47.2493
v  -38.0429 22.9234 47.0349
v  -37.9579 22.9244 46.9758
v  -40.3241 22.8573 49.6266
v  -39.5997 22.8573 48.7773
v  -39.0029 22.8573 48.0859
v  -38.5338 22.8573 47.5522
v  -38.1924 22.8573 47.1764
v  -37.2370 22.9244 47.5807
v  -37.2321 22.9234 47.5848
v  -37.4327 22.9825 47.8139
v  -37.4236 22.9806 47.8215
v  -37.7588 23.0317 48.2026
v  -37.7461 23.0290 48.2132
v  -38.2154 23.0720 48.7467
v  -38.1998 23.0686 48.7598
v  -38.8025 23.1033 49.4463
v  -38.7845 23.0994 49.4613
v  -39.5199 23.1256 50.3014
v  -39.5004 23.1214 50.3177
v  -40.3474 23.1346 51.3291
v  -37.2279 22.9202 47.5883
v  -37.4157 22.9747 47.8282
v  -37.7351 23.0208 48.2224
v  -38.1863 23.0585 48.7712
v  -38.7690 23.0879 49.4743
v  -39.4835 23.1088 50.3319
v  -40.3296 23.1214 51.3440
v  -41.3074 23.1256 52.5105
v  -37.2243 22.9150 47.5913
v  -37.4090 22.9649 47.8338
v  -37.7258 23.0072 48.2303
v  -38.1748 23.0418 48.7808
v  -38.7559 23.0687 49.4854
v  -39.4692 23.0879 50.3440
v  -40.3146 23.0994 51.3566
v  -41.2921 23.1033 52.5233
v  -37.2214 22.9076 47.5938
v  -37.4035 22.9512 47.8384
v  -37.7182 22.9881 48.2366
v  -38.1654 23.0183 48.7886
v  -38.7452 23.0418 49.4944
v  -39.4574 23.0585 50.3538
v  -40.3023 23.0686 51.3670
v  -41.2796 23.0720 52.5338
v  -37.2191 22.8982 47.5957
v  -37.3993 22.9336 47.8419
v  -37.7123 22.9636 48.2416
v  -38.1581 22.9881 48.7948
v  -38.7368 23.0072 49.5014
v  -39.4483 23.0208 50.3615
v  -40.2927 23.0290 51.3750
v  -41.2699 23.0317 52.5420
v  -37.2175 22.8867 47.5971
v  -37.3962 22.9121 47.8445
v  -37.7081 22.9336 48.2452
v  -38.1529 22.9512 48.7991
v  -38.7308 22.9649 49.5064
v  -39.4418 22.9747 50.3669
v  -40.2858 22.9806 51.3807
v  -41.2629 22.9825 52.5478
v  -37.3944 22.8867 47.8460
v  -37.7055 22.8982 48.2473
v  -38.1498 22.9076 48.8018
v  -38.7273 22.9150 49.5094
v  -39.4379 22.9202 50.3702
v  -40.2817 22.9234 51.3842
v  -41.2588 22.9244 52.5513
v  -37.3938 22.8573 47.8465
v  -37.7047 22.8573 48.2480
v  -38.1488 22.8573 48.8026
v  -38.7261 22.8573 49.5104
v  -39.4366 22.8573 50.3713
# 328 vertices

vn -0.4772 -0.6997 0.5317
vn -0.5416 -0.6896 0.4808
vn -0.6224 -0.6853 0.3781
vn -0.6924 -0.6817 0.2363
vn -0.7302 -0.6802 0.0639
vn -0.7229 -0.6817 -0.1124
vn -0.6786 -0.6853 -0.2643
vn -0.6169 -0.6895 -0.3795
vn -0.5622 -0.6997 -0.4407
vn -0.5317 -0.6997 -0.4772
vn -0.4808 -0.6895 -0.5417
vn -0.3781 -0.6853 -0.6224
vn -0.2363 -0.6817 -0.6924
vn -0.0639 -0.6802 -0.7302
vn 0.1124 -0.6817 -0.7229
vn 0.2643 -0.6853 -0.6786
vn 0.3794 -0.6896 -0.6169
vn 0.4407 -0.6997 -0.5622
vn 0.4772 -0.6997 -0.5317
vn 0.5416 -0.6896 -0.4808
vn 0.6224 -0.6853 -0.3781
vn 0.6924 -0.6817 -0.2363
vn 0.7302 -0.6802 -0.0639
vn 0.7229 -0.6817 0.1124
vn 0.6786 -0.6853 0.2643
vn 0.6169 -0.6895 0.3795
vn 0.5622 -0.6997 0.4407
vn 0.5317 -0.6997 0.4772
vn 0.4808 -0.6895 0.5417
vn 0.3781 -0.6853 0.6224
vn 0.2363 -0.6817 0.6924
vn 0.0639 -0.6802 0.7302
vn -0.1124 -0.6817 0.7229
vn -0.2643 -0.6853 0.6786
vn -0.3794 -0.6896 0.6169
vn -0.4407 -0.6997 0.5622
vn -0.0468 0.9989 0.0041
vn 0.0041 0.9989 0.0468
vn 0.0468 0.9989 -0.0041
vn -0.0041 0.9989 -0.0468
vn -0.6166 0.0332 0.7866
vn -0.6627 0.0267 0.7484
vn 0.7866 0.0332 0.6166
vn 0.7484 0.0267 0.6628
vn 0.6166 0.0332 -0.7866
vn 0.6627 0.0267 -0.7484
vn -0.7866 0.0332 -0.6166
vn -0.7484 0.0267 -0.6628
vn -0.7486 0.0214 0.6627
vn -0.7490 0.0050 0.6626
vn 0.6627 0.0214 0.7486
vn 0.6626 0.0050 0.7490
vn -0.6627 0.0214 -0.7486
vn -0.6626 0.0050 -0.7490
vn 0.7486 0.0214 -0.6627
vn 0.7490 0.0050 -0.6626
vn -0.1189 0.9888 0.0906
vn -0.0683 0.9887 0.1335
vn 0.0906 0.9888 0.1189
vn 0.1335 0.9887 0.0683
vn 0.1189 0.9888 -0.0906
vn 0.0683 0.9887 -0.1335
vn -0.0906 0.9888 -0.1189
vn -0.1335 0.9887 -0.0683
vn -0.5238 0.0329 0.8512
vn 0.8512 0.0329 0.5238
vn 0.5238 0.0329 -0.8512
vn -0.6395 0.1478 0.7544
vn -0.6520 0.1475 0.7438
vn -0.6166 0.3228 0.7180
vn -0.6441 0.3198 0.6949
vn -0.5626 0.5192 0.6434
vn -0.6073 0.5133 0.6064
vn -0.4716 0.7082 0.5254
vn -0.5333 0.6999 0.4750
vn -0.3536 0.8560 0.3771
vn -0.4287 0.8463 0.3162
vn -0.2299 0.9468 0.2250
vn -0.3130 0.9366 0.1573
vn -0.2053 0.9785 0.0192
vn -0.6715 0.1396 0.7278
vn -0.6870 0.3022 0.6608
vn -0.6774 0.4858 0.5525
vn -0.6303 0.6645 0.4015
vn -0.5465 0.8064 0.2260
vn -0.4428 0.8949 0.0552
vn -0.3395 0.9363 -0.0898
vn -0.2678 0.9465 -0.1802
vn -0.6931 0.1243 0.7100
vn -0.7342 0.2688 0.6234
vn -0.7545 0.4331 0.4931
vn -0.7375 0.5947 0.3201
vn -0.6775 0.7247 0.1256
vn -0.5879 0.8068 -0.0589
vn -0.4900 0.8455 -0.2122
vn -0.4187 0.8551 -0.3058
vn -0.7141 0.1018 0.6927
vn -0.7795 0.2202 0.5864
vn -0.8279 0.3554 0.4339
vn -0.8389 0.4892 0.2388
vn -0.8015 0.5974 0.0258
vn -0.7258 0.6662 -0.1714
vn -0.6340 0.6987 -0.3314
vn -0.5640 0.7067 -0.4273
vn -0.7312 0.0745 0.6780
vn -0.8163 0.1617 0.5546
vn -0.8863 0.2610 0.3825
vn -0.9179 0.3591 0.1687
vn -0.8969 0.4383 -0.0585
vn -0.8319 0.4882 -0.2637
vn -0.7457 0.5117 -0.4268
vn -0.6775 0.5173 -0.5229
vn -0.7427 0.0466 0.6680
vn -0.8407 0.1015 0.5318
vn -0.9240 0.1638 0.3455
vn -0.9671 0.2247 0.1188
vn -0.9548 0.2734 -0.1166
vn -0.8957 0.3037 -0.3248
vn -0.8133 0.3178 -0.4874
vn -0.7470 0.3210 -0.5822
vn -0.8533 0.0467 0.5193
vn -0.9427 0.0754 0.3249
vn -0.9904 0.1032 0.0915
vn -0.9811 0.1252 -0.1474
vn -0.9243 0.1387 -0.3557
vn -0.8439 0.1449 -0.5166
vn -0.7789 0.1462 -0.6099
vn -0.8556 0.0108 0.5175
vn -0.9470 0.0173 0.3209
vn -0.9961 0.0236 0.0853
vn -0.9875 0.0285 -0.1549
vn -0.9311 0.0315 -0.3634
vn -0.8512 0.0329 -0.5238
vn 0.7544 0.1478 0.6395
vn 0.7438 0.1475 0.6520
vn 0.7180 0.3228 0.6166
vn 0.6949 0.3198 0.6441
vn 0.6434 0.5192 0.5626
vn 0.6064 0.5133 0.6073
vn 0.5254 0.7082 0.4716
vn 0.4750 0.6999 0.5333
vn 0.3771 0.8560 0.3536
vn 0.3162 0.8463 0.4287
vn 0.2250 0.9468 0.2299
vn 0.1573 0.9366 0.3130
vn 0.0192 0.9785 0.2053
vn 0.7278 0.1396 0.6715
vn 0.6608 0.3022 0.6870
vn 0.5525 0.4858 0.6774
vn 0.4015 0.6645 0.6303
vn 0.2260 0.8064 0.5465
vn 0.0552 0.8949 0.4428
vn -0.0898 0.9363 0.3395
vn -0.1802 0.9465 0.2678
vn 0.7101 0.1243 0.6931
vn 0.6234 0.2688 0.7342
vn 0.4931 0.4331 0.7545
vn 0.3201 0.5947 0.7375
vn 0.1256 0.7247 0.6775
vn -0.0589 0.8068 0.5879
vn -0.2122 0.8455 0.4899
vn -0.3058 0.8551 0.4187
vn 0.6927 0.1018 0.7141
vn 0.5864 0.2202 0.7795
vn 0.4339 0.3554 0.8279
vn 0.2388 0.4892 0.8389
vn 0.0258 0.5974 0.8015
vn -0.1714 0.6662 0.7258
vn -0.3314 0.6987 0.6340
vn -0.4273 0.7067 0.5640
vn 0.6780 0.0745 0.7312
vn 0.5546 0.1617 0.8163
vn 0.3825 0.2610 0.8863
vn 0.1687 0.3591 0.9179
vn -0.0585 0.4382 0.8970
vn -0.2637 0.4882 0.8319
vn -0.4268 0.5117 0.7457
vn -0.5230 0.5173 0.6775
vn 0.6680 0.0466 0.7427
vn 0.5318 0.1015 0.8407
vn 0.3455 0.1638 0.9240
vn 0.1188 0.2247 0.9671
vn -0.1166 0.2734 0.9548
vn -0.3248 0.3037 0.8957
vn -0.4874 0.3178 0.8133
vn -0.5822 0.3210 0.7470
vn 0.5193 0.0467 0.8533
vn 0.3249 0.0754 0.9427
vn 0.0915 0.1032 0.9904
vn -0.1474 0.1252 0.9811
vn -0.3557 0.1387 0.9243
vn -0.5166 0.1449 0.8439
vn -0.6099 0.1462 0.7789
vn 0.5175 0.0108 0.8556
vn 0.3209 0.0173 0.9470
vn 0.0853 0.0236 0.9961
vn -0.1549 0.0285 0.9875
vn -0.3634 0.0315 0.9311
vn -0.7544 0.1478 -0.6395
vn -0.7438 0.1475 -0.6520
vn -0.7180 0.3228 -0.6166
vn -0.6949 0.3198 -0.6441
vn -0.6434 0.5192 -0.5626
vn -0.6064 0.5133 -0.6073
vn -0.5254 0.7082 -0.4716
vn -0.4750 0.6999 -0.5333
vn -0.3771 0.8560 -0.3536
vn -0.3162 0.8463 -0.4287
vn -0.2250 0.9468 -0.2299
vn -0.1573 0.9366 -0.3130
vn -0.0192 0.9785 -0.2053
vn -0.7278 0.1396 -0.6715
vn -0.6608 0.3022 -0.6870
vn -0.5525 0.4858 -0.6774
vn -0.4015 0.6645 -0.6303
vn -0.2260 0.8064 -0.5465
vn -0.0552 0.8949 -0.4428
vn 0.0898 0.9363 -0.3395
vn 0.1802 0.9465 -0.2678
vn -0.7101 0.1243 -0.6931
vn -0.6234 0.2688 -0.7342
vn -0.4931 0.4331 -0.7545
vn -0.3201 0.5947 -0.7375
vn -0.1256 0.7247 -0.6775
vn 0.0589 0.8068 -0.5879
vn 0.2122 0.8455 -0.4899
vn 0.3058 0.8551 -0.4187
vn -0.6927 0.1018 -0.7141
vn -0.5864 0.2202 -0.7795
vn -0.4339 0.3554 -0.8279
vn -0.2388 0.4892 -0.8389
vn -0.0258 0.5974 -0.8015
vn 0.1714 0.6662 -0.7258
vn 0.3314 0.6987 -0.6340
vn 0.4273 0.7067 -0.5640
vn -0.6780 0.0745 -0.7312
vn -0.5546 0.1617 -0.8163
vn -0.3825 0.2610 -0.8863
vn -0.1687 0.3591 -0.9179
vn 0.0585 0.4382 -0.8970
vn 0.2637 0.4882 -0.8319
vn 0.4268 0.5117 -0.7457
vn 0.5230 0.5173 -0.6775
vn -0.6680 0.0466 -0.7427
vn -0.5318 0.1015 -0.8407
vn -0.3455 0.1638 -0.9240
vn -0.1188 0.2247 -0.9671
vn 0.1166 0.2734 -0.9548
vn 0.3248 0.3037 -0.8957
vn 0.4874 0.3178 -0.8133
vn 0.5822 0.3210 -0.7470
vn -0.5193 0.0467 -0.8533
vn -0.3249 0.0754 -0.9427
vn -0.0915 0.1032 -0.9904
vn 0.1474 0.1252 -0.9811
vn 0.3557 0.1387 -0.9243
vn 0.5166 0.1449 -0.8439
vn 0.6099 0.1462 -0.7789
vn -0.5175 0.0108 -0.8556
vn -0.3209 0.0173 -0.9470
vn -0.0853 0.0236 -0.9961
vn 0.1549 0.0285 -0.9875
vn 0.3634 0.0315 -0.9311
vn 0.6395 0.1478 -0.7544
vn 0.6520 0.1475 -0.7438
vn 0.6166 0.3228 -0.7180
vn 0.6441 0.3198 -0.6949
vn 0.5626 0.5192 -0.6434
vn 0.6073 0.5133 -0.6064
vn 0.4716 0.7082 -0.5254
vn 0.5333 0.6999 -0.4750
vn 0.3536 0.8560 -0.3771
vn 0.4287 0.8463 -0.3162
vn 0.2299 0.9468 -0.2250
vn 0.3130 0.9366 -0.1573
vn 0.2053 0.9785 -0.0192
vn 0.6715 0.1396 -0.7278
vn 0.6870 0.3022 -0.6608
vn 0.6774 0.4858 -0.5525
vn 0.6303 0.6645 -0.4015
vn 0.5465 0.8064 -0.2260
vn 0.4428 0.8949 -0.0552
vn 0.3395 0.9363 0.0898
vn 0.2678 0.9465 0.1802
vn 0.6931 0.1243 -0.7100
vn 0.7342 0.2688 -0.6234
vn 0.7545 0.4331 -0.4931
vn 0.7375 0.5947 -0.3201
vn 0.6775 0.7247 -0.1256
vn 0.5879 0.8068 0.0589
vn 0.4900 0.8455 0.2122
vn 0.4187 0.8551 0.3058
vn 0.7141 0.1018 -0.6927
vn 0.7795 0.2202 -0.5864
vn 0.8279 0.3554 -0.4339
vn 0.8389 0.4892 -0.2388
vn 0.8015 0.5974 -0.0258
vn 0.7258 0.6662 0.1714
vn 0.6340 0.6987 0.3314
vn 0.5640 0.7067 0.4273
vn 0.7312 0.0745 -0.6780
vn 0.8163 0.1617 -0.5546
vn 0.8863 0.2610 -0.3825
vn 0.9179 0.3591 -0.1687
vn 0.8969 0.4383 0.0585
vn 0.8319 0.4882 0.2637
vn 0.7457 0.5117 0.4268
vn 0.6775 0.5173 0.5229
vn 0.7427 0.0466 -0.6680
vn 0.8407 0.1015 -0.5318
vn 0.9240 0.1638 -0.3455
vn 0.9671 0.2247 -0.1188
vn 0.9548 0.2734 0.1166
vn 0.8957 0.3037 0.3248
vn 0.8133 0.3178 0.4874
vn 0.7470 0.3210 0.5822
vn 0.8533 0.0467 -0.5193
vn 0.9427 0.0754 -0.3249
vn 0.9904 0.1032 -0.0915
vn 0.9811 0.1252 0.1474
vn 0.9243 0.1387 0.3557
vn 0.8439 0.1449 0.5166
vn 0.7789 0.1462 0.6099
vn 0.8556 0.0108 -0.5175
vn 0.9470 0.0173 -0.3209
vn 0.9961 0.0236 -0.0853
vn 0.9875 0.0285 0.1549
vn 0.9311 0.0315 0.3634
# 328 vertex normals

vt 0.9011 0.0000 0.0000
vt 0.9243 0.0044 0.0000
vt 0.9444 0.0176 0.0000
vt 0.9614 0.0397 0.0000
vt 0.9753 0.0705 0.0000
vt 0.9861 0.1102 0.0000
vt 0.9938 0.1586 0.0000
vt 0.9985 0.2159 0.0000
vt 1.0000 0.2820 0.0000
vt 1.0000 0.7180 0.0000
vt 0.9985 0.7841 0.0000
vt 0.9938 0.8414 0.0000
vt 0.9861 0.8898 0.0000
vt 0.9753 0.9295 0.0000
vt 0.9614 0.9603 0.0000
vt 0.9444 0.9824 0.0000
vt 0.9243 0.9956 0.0000
vt 0.9011 1.0000 0.0000
vt 0.0989 1.0000 0.0000
vt 0.0757 0.9956 0.0000
vt 0.0556 0.9824 0.0000
vt 0.0386 0.9603 0.0000
vt 0.0247 0.9295 0.0000
vt 0.0139 0.8898 0.0000
vt 0.0062 0.8414 0.0000
vt 0.0015 0.7841 0.0000
vt 0.0000 0.7180 0.0000
vt 0.0000 0.2820 0.0000
vt 0.0015 0.2159 0.0000
vt 0.0062 0.1586 0.0000
vt 0.0139 0.1102 0.0000
vt 0.0247 0.0705 0.0000
vt 0.0386 0.0397 0.0000
vt 0.0556 0.0176 0.0000
vt 0.0757 0.0044 0.0000
vt 0.0989 0.0000 0.0000
vt 0.0989 0.2820 0.0000
vt 0.9011 0.2820 0.0000
vt 0.9011 0.7180 0.0000
vt 0.0989 0.7180 0.0000
vt 0.9011 0.9876 0.0000
vt 0.0989 0.9876 0.0000
vt 0.2820 0.0000 0.0000
vt 0.7180 0.0000 0.0000
vt 0.7180 0.9876 0.0000
vt 0.2820 0.9876 0.0000
vt 0.0000 1.0000 0.0000
vt 0.0989 1.2636 0.0000
vt 0.0989 1.2291 0.0000
vt 0.9011 1.2291 0.0000
vt 0.9011 1.2636 0.0000
vt 0.2820 0.5888 0.0000
vt 0.2820 0.6387 0.0000
vt 0.7180 0.6387 0.0000
vt 0.7180 0.5888 0.0000
vt 0.0858 -0.0039 0.0000
vt 0.1103 -0.0034 0.0000
vt 0.1124 0.9842 0.0000
vt 0.0882 0.9837 0.0000
vt 0.9118 0.9837 0.0000
vt 0.8876 0.9842 0.0000
vt 0.8897 -0.0034 0.0000
vt 0.9142 -0.0039 0.0000
vt 0.2443 -0.0106 0.0000
vt 0.2261 -0.0092 0.0000
vt 0.2204 0.9786 0.0000
vt 0.2378 0.9773 0.0000
vt 0.0730 0.9914 0.0000
vt 0.0448 0.9966 0.0000
vt 0.0143 1.0032 0.0000
vt -0.0186 1.0113 0.0000
vt -0.0537 1.0207 0.0000
vt -0.0912 1.0315 0.0000
vt -0.1310 1.0438 0.0000
vt -0.1732 1.0574 0.0000
vt -0.1353 1.0420 0.0000
vt -0.1082 1.0243 0.0000
vt -0.0920 1.0044 0.0000
vt -0.0866 0.9824 0.0000
vt -0.0920 0.9581 0.0000
vt -0.1082 0.9316 0.0000
vt -0.1353 0.9029 0.0000
vt -0.1732 0.8720 0.0000
vt 0.2188 0.9928 0.0000
vt 0.1702 1.0022 0.0000
vt 0.1362 1.0157 0.0000
vt 0.1168 1.0334 0.0000
vt 0.1121 1.0552 0.0000
vt 0.1219 1.0813 0.0000
vt 0.1463 1.1115 0.0000
vt 0.1854 1.1458 0.0000
vt 0.1411 1.1107 0.0000
vt 0.1009 1.0783 0.0000
vt 0.0648 1.0486 0.0000
vt 0.0328 1.0215 0.0000
vt 0.0049 0.9971 0.0000
vt -0.0189 0.9755 0.0000
vt -0.0387 0.9565 0.0000
vt -0.0543 0.9402 0.0000
vt 0.0989 1.1946 0.0000
vt 0.9011 1.1946 0.0000
vt 0.0989 1.1601 0.0000
vt 0.9011 1.1601 0.0000
vt 0.0989 1.1256 0.0000
vt 0.9011 1.1256 0.0000
vt 0.0989 1.0911 0.0000
vt 0.9011 1.0911 0.0000
vt 0.0989 1.0566 0.0000
vt 0.9011 1.0566 0.0000
vt 0.0989 1.0221 0.0000
vt 0.9011 1.0221 0.0000
vt 0.2820 0.6885 0.0000
vt 0.7180 0.6885 0.0000
vt 0.2820 0.7384 0.0000
vt 0.7180 0.7384 0.0000
vt 0.2820 0.7882 0.0000
vt 0.7180 0.7882 0.0000
vt 0.2820 0.8381 0.0000
vt 0.7180 0.8381 0.0000
vt 0.2820 0.8879 0.0000
vt 0.7180 0.8879 0.0000
vt 0.2820 0.9378 0.0000
vt 0.7180 0.9378 0.0000
vt 0.1349 -0.0029 0.0000
vt 0.1366 0.9847 0.0000
vt 0.1594 -0.0024 0.0000
vt 0.1609 0.9852 0.0000
vt 0.1839 -0.0020 0.0000
vt 0.1851 0.9857 0.0000
vt 0.2084 -0.0015 0.0000
vt 0.2093 0.9862 0.0000
vt 0.2330 -0.0010 0.0000
vt 0.2336 0.9867 0.0000
vt 0.2575 -0.0005 0.0000
vt 0.2578 0.9871 0.0000
vt 0.8634 0.9847 0.0000
vt 0.8651 -0.0029 0.0000
vt 0.8391 0.9852 0.0000
vt 0.8406 -0.0024 0.0000
vt 0.8149 0.9857 0.0000
vt 0.8161 -0.0020 0.0000
vt 0.7907 0.9862 0.0000
vt 0.7916 -0.0015 0.0000
vt 0.7664 0.9867 0.0000
vt 0.7670 -0.0010 0.0000
vt 0.7422 0.9871 0.0000
vt 0.7425 -0.0005 0.0000
vt 0.2079 -0.0079 0.0000
vt 0.2031 0.9799 0.0000
vt 0.1898 -0.0066 0.0000
vt 0.1857 0.9812 0.0000
vt 0.1716 -0.0053 0.0000
vt 0.1684 0.9825 0.0000
vt 0.1534 -0.0040 0.0000
vt 0.1510 0.9838 0.0000
vt 0.1353 -0.0026 0.0000
vt 0.1336 0.9851 0.0000
vt 0.1171 -0.0013 0.0000
vt 0.1163 0.9863 0.0000
# 159 texture coords

o Box029
g Box029
usemtl wire_255255255
s 1
f 329/160/329 330/161/330 331/162/331 332/163/332 333/164/333 334/165/334 335/166/335 336/167/336 337/168/337 338/169/338 339/170/339 340/171/340 341/172/341 342/173/342 343/174/343 344/175/344 345/176/345 346/177/346 347/178/347 348/179/348 349/180/349 350/181/350 351/182/351 352/183/352 353/184/353 354/185/354 355/186/355 356/187/356 357/188/357 358/189/358 359/190/359 360/191/360 361/192/361 362/193/362 363/194/363 364/195/364 
s 2
f 365/196/365 366/197/366 367/198/367 368/199/368 
f 329/195/329 364/160/364 369/200/369 370/201/370 
f 356/202/356 355/203/355 371/204/371 372/205/372 
f 347/195/347 346/160/346 373/200/373 374/201/374 
f 338/202/338 337/203/337 375/204/375 376/205/376 
f 370/201/370 377/206/377 378/206/378 
f 372/205/372 379/206/379 380/206/380 
f 376/205/376 381/206/381 382/206/382 
f 374/201/374 383/206/383 384/206/384 
f 365/207/365 385/208/385 386/209/386 366/210/366 
f 366/211/366 387/212/387 388/213/388 367/214/367 
f 367/207/367 389/208/389 390/209/390 368/210/368 
f 368/211/368 391/212/391 392/213/392 365/214/365 
f 364/215/364 363/216/363 393/217/393 369/218/369 
f 370/219/370 378/220/378 330/221/330 329/222/329 
f 355/223/355 354/224/354 394/225/394 371/226/371 
f 346/215/346 345/216/345 395/217/395 373/218/373 
f 370/201/370 396/227/396 397/206/397 
f 396/227/396 398/228/398 399/206/399 397/206/397 
f 398/228/398 400/229/400 401/206/401 399/206/399 
f 400/229/400 402/230/402 403/206/403 401/206/401 
f 402/230/402 404/231/404 405/206/405 403/206/403 
f 404/231/404 406/232/406 407/206/407 405/206/405 
f 406/232/406 385/233/385 408/206/408 407/206/407 
f 385/233/385 365/234/365 392/235/392 408/206/408 
f 370/201/370 397/206/397 409/206/409 
f 397/206/397 399/206/399 410/206/410 409/206/409 
f 399/206/399 401/206/401 411/206/411 410/206/410 
f 401/206/401 403/206/403 412/206/412 411/206/411 
f 403/206/403 405/206/405 413/206/413 412/206/412 
f 405/206/405 407/206/407 414/206/414 413/206/413 
f 407/206/407 408/206/408 415/206/415 414/206/414 
f 408/206/408 392/235/392 416/236/416 415/206/415 
f 370/201/370 409/206/409 417/206/417 
f 409/206/409 410/206/410 418/206/418 417/206/417 
f 410/206/410 411/206/411 419/206/419 418/206/418 
f 411/206/411 412/206/412 420/206/420 419/206/419 
f 412/206/412 413/206/413 421/206/421 420/206/420 
f 413/206/413 414/206/414 422/206/422 421/206/421 
f 414/206/414 415/206/415 423/206/423 422/206/422 
f 415/206/415 416/236/416 424/237/424 423/206/423 
f 370/201/370 417/206/417 425/206/425 
f 417/206/417 418/206/418 426/206/426 425/206/425 
f 418/206/418 419/206/419 427/206/427 426/206/426 
f 419/206/419 420/206/420 428/206/428 427/206/427 
f 420/206/420 421/206/421 429/206/429 428/206/428 
f 421/206/421 422/206/422 430/206/430 429/206/429 
f 422/206/422 423/206/423 431/206/431 430/206/430 
f 423/206/423 424/237/424 432/238/432 431/206/431 
f 370/201/370 425/206/425 433/206/433 
f 425/206/425 426/206/426 434/206/434 433/206/433 
f 426/206/426 427/206/427 435/206/435 434/206/434 
f 427/206/427 428/206/428 436/206/436 435/206/435 
f 428/206/428 429/206/429 437/206/437 436/206/436 
f 429/206/429 430/206/430 438/206/438 437/206/437 
f 430/206/430 431/206/431 439/206/439 438/206/438 
f 431/206/431 432/238/432 440/239/440 439/206/439 
f 370/201/370 433/206/433 441/206/441 
f 433/206/433 434/206/434 442/206/442 441/206/441 
f 434/206/434 435/206/435 443/206/443 442/206/442 
f 435/206/435 436/206/436 444/206/444 443/206/443 
f 436/206/436 437/206/437 445/206/445 444/206/444 
f 437/206/437 438/206/438 446/206/446 445/206/445 
f 438/206/438 439/206/439 447/206/447 446/206/446 
f 439/206/439 440/239/440 448/240/448 447/206/447 
f 370/201/370 441/206/441 377/206/377 
f 441/206/441 442/206/442 449/206/449 377/206/377 
f 442/206/442 443/206/443 450/206/450 449/206/449 
f 443/206/443 444/206/444 451/206/451 450/206/450 
f 444/206/444 445/206/445 452/206/452 451/206/451 
f 445/206/445 446/206/446 453/206/453 452/206/452 
f 446/206/446 447/206/447 454/206/454 453/206/453 
f 447/206/447 448/240/448 455/241/455 454/206/454 
f 377/206/377 449/206/449 456/206/456 378/206/378 
f 449/206/449 450/206/450 457/206/457 456/206/456 
f 450/206/450 451/206/451 458/206/458 457/206/457 
f 451/206/451 452/206/452 459/206/459 458/206/458 
f 452/206/452 453/206/453 460/206/460 459/206/459 
f 453/206/453 454/206/454 461/206/461 460/206/460 
f 454/206/454 455/241/455 375/242/375 461/206/461 
f 372/205/372 462/243/462 463/206/463 
f 462/243/462 464/244/464 465/206/465 463/206/463 
f 464/244/464 466/245/466 467/206/467 465/206/465 
f 466/245/466 468/246/468 469/206/469 467/206/467 
f 468/246/468 470/247/470 471/206/471 469/206/469 
f 470/247/470 472/248/472 473/206/473 471/206/471 
f 472/248/472 387/249/387 474/206/474 473/206/473 
f 387/249/387 366/250/366 386/251/386 474/206/474 
f 372/205/372 463/206/463 475/206/475 
f 463/206/463 465/206/465 476/206/476 475/206/475 
f 465/206/465 467/206/467 477/206/477 476/206/476 
f 467/206/467 469/206/469 478/206/478 477/206/477 
f 469/206/469 471/206/471 479/206/479 478/206/478 
f 471/206/471 473/206/473 480/206/480 479/206/479 
f 473/206/473 474/206/474 481/206/481 480/206/480 
f 474/206/474 386/251/386 482/252/482 481/206/481 
f 372/205/372 475/206/475 483/206/483 
f 475/206/475 476/206/476 484/206/484 483/206/483 
f 476/206/476 477/206/477 485/206/485 484/206/484 
f 477/206/477 478/206/478 486/206/486 485/206/485 
f 478/206/478 479/206/479 487/206/487 486/206/486 
f 479/206/479 480/206/480 488/206/488 487/206/487 
f 480/206/480 481/206/481 489/206/489 488/206/488 
f 481/206/481 482/252/482 490/253/490 489/206/489 
f 372/205/372 483/206/483 491/206/491 
f 483/206/483 484/206/484 492/206/492 491/206/491 
f 484/206/484 485/206/485 493/206/493 492/206/492 
f 485/206/485 486/206/486 494/206/494 493/206/493 
f 486/206/486 487/206/487 495/206/495 494/206/494 
f 487/206/487 488/206/488 496/206/496 495/206/495 
f 488/206/488 489/206/489 497/206/497 496/206/496 
f 489/206/489 490/253/490 498/254/498 497/206/497 
f 372/205/372 491/206/491 499/206/499 
f 491/206/491 492/206/492 500/206/500 499/206/499 
f 492/206/492 493/206/493 501/206/501 500/206/500 
f 493/206/493 494/206/494 502/206/502 501/206/501 
f 494/206/494 495/206/495 503/206/503 502/206/502 
f 495/206/495 496/206/496 504/206/504 503/206/503 
f 496/206/496 497/206/497 505/206/505 504/206/504 
f 497/206/497 498/254/498 506/255/506 505/206/505 
f 372/205/372 499/206/499 507/206/507 
f 499/206/499 500/206/500 508/206/508 507/206/507 
f 500/206/500 501/206/501 509/206/509 508/206/508 
f 501/206/501 502/206/502 510/206/510 509/206/509 
f 502/206/502 503/206/503 511/206/511 510/206/510 
f 503/206/503 504/206/504 512/206/512 511/206/511 
f 504/206/504 505/206/505 513/206/513 512/206/512 
f 505/206/505 506/255/506 514/256/514 513/206/513 
f 372/205/372 507/206/507 379/206/379 
f 507/206/507 508/206/508 515/206/515 379/206/379 
f 508/206/508 509/206/509 516/206/516 515/206/515 
f 509/206/509 510/206/510 517/206/517 516/206/516 
f 510/206/510 511/206/511 518/206/518 517/206/517 
f 511/206/511 512/206/512 519/206/519 518/206/518 
f 512/206/512 513/206/513 520/206/520 519/206/519 
f 513/206/513 514/256/514 521/257/521 520/206/520 
f 379/206/379 515/206/515 522/206/522 380/206/380 
f 515/206/515 516/206/516 523/206/523 522/206/522 
f 516/206/516 517/206/517 524/206/524 523/206/523 
f 517/206/517 518/206/518 525/206/525 524/206/524 
f 518/206/518 519/206/519 526/206/526 525/206/525 
f 519/206/519 520/206/520 393/206/393 526/206/526 
f 520/206/520 521/257/521 369/258/369 393/206/393 
f 376/205/376 527/243/527 528/206/528 
f 527/243/527 529/244/529 530/206/530 528/206/528 
f 529/244/529 531/245/531 532/206/532 530/206/530 
f 531/245/531 533/246/533 534/206/534 532/206/532 
f 533/246/533 535/247/535 536/206/536 534/206/534 
f 535/247/535 537/248/537 538/206/538 536/206/536 
f 537/248/537 391/249/391 539/206/539 538/206/538 
f 391/249/391 368/250/368 390/251/390 539/206/539 
f 376/205/376 528/206/528 540/206/540 
f 528/206/528 530/206/530 541/206/541 540/206/540 
f 530/206/530 532/206/532 542/206/542 541/206/541 
f 532/206/532 534/206/534 543/206/543 542/206/542 
f 534/206/534 536/206/536 544/206/544 543/206/543 
f 536/206/536 538/206/538 545/206/545 544/206/544 
f 538/206/538 539/206/539 546/206/546 545/206/545 
f 539/206/539 390/251/390 547/252/547 546/206/546 
f 376/205/376 540/206/540 548/206/548 
f 540/206/540 541/206/541 549/206/549 548/206/548 
f 541/206/541 542/206/542 550/206/550 549/206/549 
f 542/206/542 543/206/543 551/206/551 550/206/550 
f 543/206/543 544/206/544 552/206/552 551/206/551 
f 544/206/544 545/206/545 553/206/553 552/206/552 
f 545/206/545 546/206/546 554/206/554 553/206/553 
f 546/206/546 547/252/547 555/253/555 554/206/554 
f 376/205/376 548/206/548 556/206/556 
f 548/206/548 549/206/549 557/206/557 556/206/556 
f 549/206/549 550/206/550 558/206/558 557/206/557 
f 550/206/550 551/206/551 559/206/559 558/206/558 
f 551/206/551 552/206/552 560/206/560 559/206/559 
f 552/206/552 553/206/553 561/206/561 560/206/560 
f 553/206/553 554/206/554 562/206/562 561/206/561 
f 554/206/554 555/253/555 563/254/563 562/206/562 
f 376/205/376 556/206/556 564/206/564 
f 556/206/556 557/206/557 565/206/565 564/206/564 
f 557/206/557 558/206/558 566/206/566 565/206/565 
f 558/206/558 559/206/559 567/206/567 566/206/566 
f 559/206/559 560/206/560 568/206/568 567/206/567 
f 560/206/560 561/206/561 569/206/569 568/206/568 
f 561/206/561 562/206/562 570/206/570 569/206/569 
f 562/206/562 563/254/563 571/255/571 570/206/570 
f 376/205/376 564/206/564 572/206/572 
f 564/206/564 565/206/565 573/206/573 572/206/572 
f 565/206/565 566/206/566 574/206/574 573/206/573 
f 566/206/566 567/206/567 575/206/575 574/206/574 
f 567/206/567 568/206/568 576/206/576 575/206/575 
f 568/206/568 569/206/569 577/206/577 576/206/576 
f 569/206/569 570/206/570 578/206/578 577/206/577 
f 570/206/570 571/255/571 579/256/579 578/206/578 
f 376/205/376 572/206/572 381/206/381 
f 572/206/572 573/206/573 580/206/580 381/206/381 
f 573/206/573 574/206/574 581/206/581 580/206/580 
f 574/206/574 575/206/575 582/206/582 581/206/581 
f 575/206/575 576/206/576 583/206/583 582/206/582 
f 576/206/576 577/206/577 584/206/584 583/206/583 
f 577/206/577 578/206/578 585/206/585 584/206/584 
f 578/206/578 579/256/579 586/257/586 585/206/585 
f 381/206/381 580/206/580 587/206/587 382/206/382 
f 580/206/580 581/206/581 588/206/588 587/206/587 
f 581/206/581 582/206/582 589/206/589 588/206/588 
f 582/206/582 583/206/583 590/206/590 589/206/589 
f 583/206/583 584/206/584 591/206/591 590/206/590 
f 584/206/584 585/206/585 395/206/395 591/206/591 
f 585/206/585 586/257/586 373/258/373 395/206/395 
f 374/201/374 592/227/592 593/206/593 
f 592/227/592 594/228/594 595/206/595 593/206/593 
f 594/228/594 596/229/596 597/206/597 595/206/595 
f 596/229/596 598/230/598 599/206/599 597/206/597 
f 598/230/598 600/231/600 601/206/601 599/206/599 
f 600/231/600 602/232/602 603/206/603 601/206/601 
f 602/232/602 389/233/389 604/206/604 603/206/603 
f 389/233/389 367/234/367 388/235/388 604/206/604 
f 374/201/374 593/206/593 605/206/605 
f 593/206/593 595/206/595 606/206/606 605/206/605 
f 595/206/595 597/206/597 607/206/607 606/206/606 
f 597/206/597 599/206/599 608/206/608 607/206/607 
f 599/206/599 601/206/601 609/206/609 608/206/608 
f 601/206/601 603/206/603 610/206/610 609/206/609 
f 603/206/603 604/206/604 611/206/611 610/206/610 
f 604/206/604 388/235/388 612/236/612 611/206/611 
f 374/201/374 605/206/605 613/206/613 
f 605/206/605 606/206/606 614/206/614 613/206/613 
f 606/206/606 607/206/607 615/206/615 614/206/614 
f 607/206/607 608/206/608 616/206/616 615/206/615 
f 608/206/608 609/206/609 617/206/617 616/206/616 
f 609/206/609 610/206/610 618/206/618 617/206/617 
f 610/206/610 611/206/611 619/206/619 618/206/618 
f 611/206/611 612/236/612 620/237/620 619/206/619 
f 374/201/374 613/206/613 621/206/621 
f 613/206/613 614/206/614 622/206/622 621/206/621 
f 614/206/614 615/206/615 623/206/623 622/206/622 
f 615/206/615 616/206/616 624/206/624 623/206/623 
f 616/206/616 617/206/617 625/206/625 624/206/624 
f 617/206/617 618/206/618 626/206/626 625/206/625 
f 618/206/618 619/206/619 627/206/627 626/206/626 
f 619/206/619 620/237/620 628/238/628 627/206/627 
f 374/201/374 621/206/621 629/206/629 
f 621/206/621 622/206/622 630/206/630 629/206/629 
f 622/206/622 623/206/623 631/206/631 630/206/630 
f 623/206/623 624/206/624 632/206/632 631/206/631 
f 624/206/624 625/206/625 633/206/633 632/206/632 
f 625/206/625 626/206/626 634/206/634 633/206/633 
f 626/206/626 627/206/627 635/206/635 634/206/634 
f 627/206/627 628/238/628 636/239/636 635/206/635 
f 374/201/374 629/206/629 637/206/637 
f 629/206/629 630/206/630 638/206/638 637/206/637 
f 630/206/630 631/206/631 639/206/639 638/206/638 
f 631/206/631 632/206/632 640/206/640 639/206/639 
f 632/206/632 633/206/633 641/206/641 640/206/640 
f 633/206/633 634/206/634 642/206/642 641/206/641 
f 634/206/634 635/206/635 643/206/643 642/206/642 
f 635/206/635 636/239/636 644/240/644 643/206/643 
f 374/201/374 637/206/637 383/206/383 
f 637/206/637 638/206/638 645/206/645 383/206/383 
f 638/206/638 639/206/639 646/206/646 645/206/645 
f 639/206/639 640/206/640 647/206/647 646/206/646 
f 640/206/640 641/206/641 648/206/648 647/206/647 
f 641/206/641 642/206/642 649/206/649 648/206/648 
f 642/206/642 643/206/643 650/206/650 649/206/649 
f 643/206/643 644/240/644 651/241/651 650/206/650 
f 383/206/383 645/206/645 652/206/652 384/206/384 
f 645/206/645 646/206/646 653/206/653 652/206/652 
f 646/206/646 647/206/647 654/206/654 653/206/653 
f 647/206/647 648/206/648 655/206/655 654/206/654 
f 648/206/648 649/206/649 656/206/656 655/206/655 
f 649/206/649 650/206/650 394/206/394 656/206/656 
f 650/206/650 651/241/651 371/242/371 394/206/394 
f 385/208/385 406/259/406 482/260/482 386/209/386 
f 406/259/406 404/261/404 490/262/490 482/260/482 
f 404/261/404 402/263/402 498/264/498 490/262/490 
f 402/263/402 400/265/400 506/266/506 498/264/498 
f 400/265/400 398/267/398 514/268/514 506/266/506 
f 398/267/398 396/269/396 521/270/521 514/268/514 
f 396/269/396 370/201/370 369/200/369 521/270/521 
f 387/212/387 472/271/472 612/272/612 388/213/388 
f 472/271/472 470/273/470 620/274/620 612/272/612 
f 470/273/470 468/275/468 628/276/628 620/274/620 
f 468/275/468 466/277/466 636/278/636 628/276/628 
f 466/277/466 464/279/464 644/280/644 636/278/636 
f 464/279/464 462/281/462 651/282/651 644/280/644 
f 462/281/462 372/205/372 371/204/371 651/282/651 
f 389/208/389 602/259/602 547/260/547 390/209/390 
f 602/259/602 600/261/600 555/262/555 547/260/547 
f 600/261/600 598/263/598 563/264/563 555/262/555 
f 598/263/598 596/265/596 571/266/571 563/264/563 
f 596/265/596 594/267/594 579/268/579 571/266/571 
f 594/267/594 592/269/592 586/270/586 579/268/579 
f 592/269/592 374/201/374 373/200/373 586/270/586 
f 391/212/391 537/271/537 416/272/416 392/213/392 
f 537/271/537 535/273/535 424/274/424 416/272/416 
f 535/273/535 533/275/533 432/276/432 424/274/424 
f 533/275/533 531/277/531 440/278/440 432/276/432 
f 531/277/531 529/279/529 448/280/448 440/278/440 
f 529/279/529 527/281/527 455/282/455 448/280/448 
f 527/281/527 376/205/376 375/204/375 455/282/455 
f 363/216/363 362/283/362 526/284/526 393/217/393 
f 362/283/362 361/285/361 525/286/525 526/284/526 
f 361/285/361 360/287/360 524/288/524 525/286/525 
f 360/287/360 359/289/359 523/290/523 524/288/524 
f 359/289/359 358/291/358 522/292/522 523/290/523 
f 358/291/358 357/293/357 380/294/380 522/292/522 
f 357/293/357 356/202/356 372/205/372 380/294/380 
f 378/220/378 456/295/456 331/296/331 330/221/330 
f 456/295/456 457/297/457 332/298/332 331/296/331 
f 457/297/457 458/299/458 333/300/333 332/298/332 
f 458/299/458 459/301/459 334/302/334 333/300/333 
f 459/301/459 460/303/460 335/304/335 334/302/334 
f 460/303/460 461/305/461 336/306/336 335/304/335 
f 461/305/461 375/204/375 337/203/337 336/306/336 
f 354/224/354 353/307/353 656/308/656 394/225/394 
f 353/307/353 352/309/352 655/310/655 656/308/656 
f 352/309/352 351/311/351 654/312/654 655/310/655 
f 351/311/351 350/313/350 653/314/653 654/312/654 
f 350/313/350 349/315/349 652/316/652 653/314/653 
f 349/315/349 348/317/348 384/318/384 652/316/652 
f 348/317/348 347/195/347 374/201/374 384/318/384 
f 345/216/345 344/283/344 591/284/591 395/217/395 
f 344/283/344 343/285/343 590/286/590 591/284/591 
f 343/285/343 342/287/342 589/288/589 590/286/590 
f 342/287/342 341/289/341 588/290/588 589/288/589 
f 341/289/341 340/291/340 587/292/587 588/290/588 
f 340/291/340 339/293/339 382/294/382 587/292/587 
f 339/293/339 338/202/338 376/205/376 382/294/382 
# 294 polygons - 32 triangles

#
# object Box030
#

v  -51.9739 -0.0000 -5.1994
v  -51.8879 -0.0000 -5.1391
v  -51.6741 -0.0000 -4.9211
v  -51.3327 -0.0000 -4.5452
v  -50.8636 -0.0000 -4.0116
v  -50.2669 -0.0000 -3.3201
v  -49.5425 -0.0000 -2.4709
v  -48.6904 -0.0000 -1.4639
v  -47.7106 -0.0000 -0.2990
v  -41.2574 -0.0000 7.3916
v  -40.2804 -0.0000 8.5588
v  -39.4366 -0.0000 9.5728
v  -38.7261 -0.0000 10.4337
v  -38.1488 -0.0000 11.1414
v  -37.7047 -0.0000 11.6961
v  -37.3938 -0.0000 12.0975
v  -37.2162 -0.0000 12.3459
v  -37.1718 -0.0000 12.4411
v  -37.8926 -0.0000 13.0460
v  -37.9787 -0.0000 12.9857
v  -38.1924 -0.0000 12.7677
v  -38.5338 -0.0000 12.3918
v  -39.0029 -0.0000 11.8582
v  -39.5997 -0.0000 11.1667
v  -40.3241 -0.0000 10.3175
v  -41.1762 -0.0000 9.3105
v  -42.1560 -0.0000 8.1456
v  -48.6092 -0.0000 0.4550
v  -49.5862 -0.0000 -0.7122
v  -50.4300 -0.0000 -1.7262
v  -51.1405 -0.0000 -2.5871
v  -51.7178 -0.0000 -3.2948
v  -52.1619 -0.0000 -3.8495
v  -52.4728 -0.0000 -4.2510
v  -52.6504 -0.0000 -4.4993
v  -52.6948 -0.0000 -4.5945
v  -47.7995 23.1435 -0.2244
v  -48.5203 23.1435 0.3804
v  -42.0671 23.1435 8.0710
v  -41.3463 23.1435 7.4662
v  -52.6948 22.8573 -4.5945
v  -51.9739 22.8573 -5.1994
v  -42.1560 22.8573 8.1456
v  -48.6092 22.8573 0.4550
v  -37.1718 22.8573 12.4411
v  -37.8926 22.8573 13.0460
v  -47.7106 22.8573 -0.2990
v  -41.2574 22.8573 7.3916
v  -51.8882 22.8731 -5.1388
v  -51.8879 22.8573 -5.1391
v  -49.5709 22.8731 -0.6939
v  -49.5862 22.8573 -0.7122
v  -40.2957 22.8731 8.5405
v  -40.2804 22.8573 8.5588
v  -37.9784 22.8731 12.9854
v  -37.9787 22.8573 12.9857
v  -48.7779 23.1390 -1.3904
v  -49.4987 23.1390 -0.7856
v  -48.5411 23.1390 0.3979
v  -42.0879 23.1390 8.0885
v  -41.0887 23.1390 9.2370
v  -40.3679 23.1390 8.6322
v  -41.3254 23.1390 7.4487
v  -47.7786 23.1390 -0.2419
v  -52.6504 22.8573 -4.4993
v  -41.1762 22.8573 9.3105
v  -37.2162 22.8573 12.3459
v  -51.9087 22.9244 -5.1216
v  -51.9038 22.9234 -5.1257
v  -51.7130 22.9825 -4.8884
v  -51.7039 22.9806 -4.8961
v  -51.3869 23.0317 -4.4998
v  -51.3742 23.0290 -4.5104
v  -50.9303 23.0720 -3.9556
v  -50.9147 23.0686 -3.9688
v  -50.3433 23.1033 -3.2560
v  -50.3254 23.0994 -3.2711
v  -49.6258 23.1256 -2.4010
v  -49.6063 23.1214 -2.4174
v  -48.7573 23.1346 -1.4076
v  -51.8996 22.9202 -5.1293
v  -51.6960 22.9747 -4.9027
v  -51.3632 23.0208 -4.5197
v  -50.9011 23.0585 -3.9801
v  -50.3099 23.0879 -3.2841
v  -49.5893 23.1088 -2.4316
v  -48.7396 23.1214 -1.4226
v  -47.7606 23.1256 -0.2571
v  -51.8960 22.9150 -5.1323
v  -51.6893 22.9649 -4.9083
v  -51.3539 23.0072 -4.5275
v  -50.8897 23.0418 -3.9897
v  -50.2967 23.0687 -3.2951
v  -49.5750 23.0879 -2.4436
v  -48.7245 23.0994 -1.4352
v  -47.7453 23.1033 -0.2699
v  -51.8931 22.9076 -5.1348
v  -51.6839 22.9512 -4.9129
v  -51.3463 22.9881 -4.5339
v  -50.8803 23.0183 -3.9976
v  -50.2860 23.0418 -3.3041
v  -49.5633 23.0585 -2.4534
v  -48.7122 23.0686 -1.4455
v  -47.7328 23.0720 -0.2804
v  -51.8908 22.8982 -5.1367
v  -51.6796 22.9336 -4.9165
v  -51.3403 22.9636 -4.5388
v  -50.8730 22.9881 -4.0037
v  -50.2776 23.0072 -3.3111
v  -49.5542 23.0208 -2.4611
v  -48.7027 23.0290 -1.4535
v  -47.7231 23.0317 -0.2885
v  -51.8892 22.8867 -5.1380
v  -51.6766 22.9121 -4.9190
v  -51.3361 22.9336 -4.5424
v  -50.8678 22.9512 -4.0081
v  -50.2717 22.9649 -3.3161
v  -49.5477 22.9747 -2.4665
v  -48.6958 22.9806 -1.4593
v  -47.7161 22.9825 -0.2944
v  -51.6747 22.8867 -4.9206
v  -51.3336 22.8982 -4.5445
v  -50.8647 22.9076 -4.0107
v  -50.2681 22.9150 -3.3191
v  -49.5438 22.9202 -2.4698
v  -48.6917 22.9234 -1.4627
v  -47.7120 22.9244 -0.2979
v  -51.6741 22.8573 -4.9211
v  -51.3327 22.8573 -4.5452
v  -50.8636 22.8573 -4.0116
v  -50.2669 22.8573 -3.3201
v  -49.5425 22.8573 -2.4709
v  -48.6904 22.8573 -1.4639
v  -48.6078 22.9244 0.4538
v  -48.8371 22.9234 0.1806
v  -48.6036 22.9825 0.4503
v  -49.0317 22.9806 -0.0598
v  -48.5967 23.0317 0.4445
v  -49.1929 23.0290 -0.2660
v  -48.5870 23.0720 0.4364
v  -49.3208 23.0686 -0.4381
v  -48.5745 23.1033 0.4259
v  -49.4153 23.0994 -0.5762
v  -48.5592 23.1256 0.4131
v  -49.4764 23.1214 -0.6801
v  -49.5042 23.1346 -0.7499
v  -49.0358 22.9202 -0.0563
v  -49.4027 22.9747 -0.5019
v  -49.7096 23.0208 -0.8818
v  -49.9567 23.0585 -1.1960
v  -50.1440 23.0879 -1.4446
v  -50.2714 23.1088 -1.6274
v  -50.3389 23.1214 -1.7446
v  -50.3466 23.1256 -1.7961
v  -49.2040 22.9150 -0.2567
v  -49.7166 22.9649 -0.8760
v  -50.1468 23.0072 -1.4029
v  -50.4948 23.0418 -1.8373
v  -50.7606 23.0687 -2.1794
v  -50.9440 23.0879 -2.4291
v  -51.0452 23.0994 -2.5863
v  -51.0641 23.1033 -2.6512
v  -49.3416 22.9076 -0.4207
v  -49.9734 22.9512 -1.1821
v  -50.5046 22.9881 -1.8292
v  -50.9351 23.0183 -2.3620
v  -51.2650 23.0418 -2.7806
v  -51.4944 23.0585 -3.0850
v  -51.6231 23.0686 -3.2750
v  -51.6512 23.0720 -3.3508
v  -49.4486 22.8982 -0.5482
v  -50.1731 22.9336 -1.4201
v  -50.7828 22.9636 -2.1608
v  -51.2775 22.9881 -2.7701
v  -51.6574 23.0072 -3.2482
v  -51.9224 23.0208 -3.5951
v  -52.0725 23.0290 -3.8106
v  -52.1077 23.0317 -3.8949
v  -49.5250 22.8867 -0.6393
v  -50.3158 22.9121 -1.5902
v  -50.9815 22.9336 -2.3976
v  -51.5221 22.9512 -3.0616
v  -51.9377 22.9649 -3.5823
v  -52.2282 22.9747 -3.9595
v  -52.3936 22.9806 -4.1932
v  -52.4339 22.9825 -4.2836
v  -50.4014 22.8867 -1.6922
v  -51.1008 22.8982 -2.5397
v  -51.6689 22.9076 -3.2365
v  -52.1059 22.9150 -3.7827
v  -52.4116 22.9202 -4.1781
v  -52.5862 22.9234 -4.4228
v  -52.6295 22.9244 -4.5168
v  -50.4300 22.8573 -1.7262
v  -51.1405 22.8573 -2.5871
v  -51.7178 22.8573 -3.2948
v  -52.1619 22.8573 -3.8495
v  -52.4728 22.8573 -4.2510
v  -41.2588 22.9244 7.3928
v  -41.0295 22.9234 7.6660
v  -41.2629 22.9825 7.3963
v  -40.8349 22.9806 7.9064
v  -41.2699 23.0317 7.4021
v  -40.6737 23.0290 8.1126
v  -41.2796 23.0720 7.4102
v  -40.5458 23.0686 8.2847
v  -41.2921 23.1033 7.4207
v  -40.4513 23.0994 8.4228
v  -41.3074 23.1256 7.4335
v  -40.3901 23.1214 8.5267
v  -40.3623 23.1346 8.5965
v  -40.8307 22.9202 7.9029
v  -40.4639 22.9747 8.3485
v  -40.1570 23.0208 8.7284
v  -39.9099 23.0585 9.0426
v  -39.7226 23.0879 9.2912
v  -39.5952 23.1088 9.4740
v  -39.5276 23.1214 9.5912
v  -39.5199 23.1256 9.6427
v  -40.6626 22.9150 8.1033
v  -40.1500 22.9649 8.7226
v  -39.7197 23.0072 9.2495
v  -39.3717 23.0418 9.6839
v  -39.1060 23.0687 10.0260
v  -38.9226 23.0879 10.2757
v  -38.8214 23.0994 10.4329
v  -38.8025 23.1033 10.4978
v  -40.5250 22.9076 8.2673
v  -39.8932 22.9512 9.0287
v  -39.3620 22.9881 9.6758
v  -38.9315 23.0183 10.2086
v  -38.6015 23.0418 10.6272
v  -38.3722 23.0585 10.9315
v  -38.2435 23.0686 11.1216
v  -38.2154 23.0720 11.1974
v  -40.4180 22.8982 8.3948
v  -39.6934 22.9336 9.2667
v  -39.0838 22.9636 10.0074
v  -38.5890 22.9881 10.6167
v  -38.2092 23.0072 11.0948
v  -37.9442 23.0208 11.4417
v  -37.7941 23.0290 11.6572
v  -37.7588 23.0317 11.7415
v  -40.3415 22.8867 8.4859
v  -39.5508 22.9121 9.4368
v  -38.8851 22.9336 10.2442
v  -38.3444 22.9512 10.9082
v  -37.9289 22.9649 11.4289
v  -37.6384 22.9747 11.8060
v  -37.4730 22.9806 12.0398
v  -37.4327 22.9825 12.1302
v  -39.4651 22.8867 9.5388
v  -38.7658 22.8982 10.3863
v  -38.1977 22.9076 11.0831
v  -37.7607 22.9150 11.6293
v  -37.4550 22.9202 12.0247
v  -37.2804 22.9234 12.2694
v  -37.2370 22.9244 12.3634
v  -39.4366 22.8573 9.5728
v  -38.7261 22.8573 10.4337
v  -38.1488 22.8573 11.1414
v  -37.7047 22.8573 11.6961
v  -37.3938 22.8573 12.0975
v  -37.9579 22.9244 12.9682
v  -37.9627 22.9234 12.9723
v  -38.1535 22.9825 12.7350
v  -38.1627 22.9806 12.7427
v  -38.4797 23.0317 12.3464
v  -38.4924 23.0290 12.3570
v  -38.9363 23.0720 11.8022
v  -38.9519 23.0686 11.8153
v  -39.5233 23.1033 11.1026
v  -39.5412 23.0994 11.1177
v  -40.2408 23.1256 10.2476
v  -40.2603 23.1214 10.2640
v  -41.1092 23.1346 9.2542
v  -37.9670 22.9202 12.9759
v  -38.1706 22.9747 12.7493
v  -38.5034 23.0208 12.3663
v  -38.9654 23.0585 11.8267
v  -39.5567 23.0879 11.1307
v  -40.2772 23.1088 10.2782
v  -41.1270 23.1214 9.2692
v  -42.1060 23.1256 8.1037
v  -37.9706 22.9150 12.9789
v  -38.1772 22.9649 12.7549
v  -38.5127 23.0072 12.3741
v  -38.9769 23.0418 11.8363
v  -39.5698 23.0687 11.1417
v  -40.2916 23.0879 10.2902
v  -41.1420 23.0994 9.2818
v  -42.1213 23.1033 8.1165
v  -37.9735 22.9076 12.9813
v  -38.1827 22.9512 12.7595
v  -38.5203 22.9881 12.3805
v  -38.9863 23.0183 11.8442
v  -39.5806 23.0418 11.1507
v  -40.3033 23.0585 10.3000
v  -41.1543 23.0686 9.2921
v  -42.1338 23.0720 8.1270
v  -37.9758 22.8982 12.9833
v  -38.1870 22.9336 12.7631
v  -38.5262 22.9636 12.3854
v  -38.9935 22.9881 11.8503
v  -39.5889 23.0072 11.1577
v  -40.3124 23.0208 10.3077
v  -41.1639 23.0290 9.3001
v  -42.1435 23.0317 8.1351
v  -37.9774 22.8867 12.9846
v  -38.1900 22.9121 12.7656
v  -38.5305 22.9336 12.3890
v  -38.9988 22.9512 11.8547
v  -39.5949 22.9649 11.1627
v  -40.3189 22.9747 10.3131
v  -41.1707 22.9806 9.3059
v  -42.1504 22.9825 8.1410
v  -38.1918 22.8867 12.7672
v  -38.5330 22.8982 12.3911
v  -39.0019 22.9076 11.8573
v  -39.5985 22.9150 11.1657
v  -40.3228 22.9202 10.3164
v  -41.1749 22.9234 9.3093
v  -42.1546 22.9244 8.1445
v  -38.1924 22.8573 12.7677
v  -38.5338 22.8573 12.3918
v  -39.0029 22.8573 11.8582
v  -39.5997 22.8573 11.1667
v  -40.3241 22.8573 10.3175
# 328 vertices

vn -0.4407 -0.6997 -0.5622
vn -0.3794 -0.6896 -0.6169
vn -0.2643 -0.6853 -0.6786
vn -0.1124 -0.6817 -0.7229
vn 0.0639 -0.6802 -0.7302
vn 0.2363 -0.6817 -0.6924
vn 0.3781 -0.6853 -0.6224
vn 0.4808 -0.6895 -0.5417
vn 0.5317 -0.6997 -0.4772
vn 0.5622 -0.6997 -0.4407
vn 0.6169 -0.6895 -0.3795
vn 0.6786 -0.6853 -0.2643
vn 0.7229 -0.6817 -0.1124
vn 0.7302 -0.6802 0.0639
vn 0.6924 -0.6817 0.2363
vn 0.6224 -0.6853 0.3781
vn 0.5416 -0.6896 0.4808
vn 0.4772 -0.6997 0.5317
vn 0.4407 -0.6997 0.5622
vn 0.3794 -0.6896 0.6169
vn 0.2643 -0.6853 0.6786
vn 0.1124 -0.6817 0.7229
vn -0.0639 -0.6802 0.7302
vn -0.2363 -0.6817 0.6924
vn -0.3781 -0.6853 0.6224
vn -0.4808 -0.6895 0.5417
vn -0.5317 -0.6997 0.4772
vn -0.5622 -0.6997 0.4407
vn -0.6169 -0.6895 0.3795
vn -0.6786 -0.6853 0.2643
vn -0.7229 -0.6817 0.1124
vn -0.7302 -0.6802 -0.0639
vn -0.6924 -0.6817 -0.2363
vn -0.6224 -0.6853 -0.3781
vn -0.5416 -0.6896 -0.4808
vn -0.4772 -0.6997 -0.5317
vn 0.0041 0.9989 -0.0468
vn -0.0468 0.9989 -0.0041
vn -0.0041 0.9989 0.0468
vn 0.0468 0.9989 0.0041
vn -0.6675 0.0332 -0.7438
vn -0.6219 0.0267 -0.7826
vn -0.7438 0.0332 0.6675
vn -0.7826 0.0267 0.6219
vn 0.6675 0.0332 0.7438
vn 0.6219 0.0267 0.7826
vn 0.7438 0.0332 -0.6675
vn 0.7826 0.0267 -0.6219
vn -0.5226 0.0214 -0.8523
vn -0.5225 0.0050 -0.8526
vn -0.8523 0.0214 0.5226
vn -0.8526 0.0050 0.5225
vn 0.8523 0.0214 -0.5226
vn 0.8526 0.0050 -0.5225
vn 0.5226 0.0214 0.8523
vn 0.5225 0.0050 0.8526
vn -0.0686 0.9888 -0.1328
vn -0.1196 0.9887 -0.0905
vn -0.1328 0.9888 0.0686
vn -0.0905 0.9887 0.1196
vn 0.0686 0.9888 0.1328
vn 0.1196 0.9887 0.0905
vn 0.1328 0.9888 -0.0686
vn 0.0905 0.9887 -0.1196
vn -0.7473 0.0329 -0.6637
vn -0.6637 0.0329 0.7473
vn 0.7473 0.0329 0.6637
vn -0.6319 0.1478 -0.7608
vn -0.6192 0.1475 -0.7712
vn -0.6000 0.3228 -0.7319
vn -0.5725 0.3198 -0.7550
vn -0.5360 0.5192 -0.6657
vn -0.4918 0.5133 -0.7033
vn -0.4355 0.7082 -0.5557
vn -0.3752 0.6999 -0.6077
vn -0.3100 0.8560 -0.4137
vn -0.2369 0.8463 -0.4771
vn -0.1817 0.9468 -0.2655
vn -0.1005 0.9366 -0.3356
vn 0.0167 0.9785 -0.2055
vn -0.6001 0.1396 -0.7876
vn -0.5315 0.3022 -0.7913
vn -0.4265 0.4858 -0.7630
vn -0.2859 0.6645 -0.6904
vn -0.1277 0.8064 -0.5774
vn 0.0225 0.8949 -0.4457
vn 0.1474 0.9363 -0.3187
vn 0.2239 0.9465 -0.2325
vn -0.5789 0.1243 -0.8059
vn -0.4865 0.2688 -0.8313
vn -0.3546 0.4331 -0.8287
vn -0.1872 0.5947 -0.7818
vn -0.0061 0.7247 -0.6890
vn 0.1601 0.8068 -0.5687
vn 0.2941 0.8455 -0.4457
vn 0.3738 0.8551 -0.3592
vn -0.5581 0.1018 -0.8235
vn -0.4421 0.2202 -0.8695
vn -0.2835 0.3554 -0.8907
vn -0.0895 0.4892 -0.8676
vn 0.1138 0.5974 -0.7938
vn 0.2948 0.6662 -0.6850
vn 0.4365 0.6987 -0.5668
vn 0.5187 0.7067 -0.4812
vn -0.5408 0.0745 -0.8379
vn -0.4044 0.1617 -0.9002
vn -0.2228 0.2610 -0.9393
vn -0.0068 0.3591 -0.9333
vn 0.2134 0.4383 -0.8732
vn 0.4042 0.4882 -0.7735
vn 0.5498 0.5117 -0.6602
vn 0.6326 0.5173 -0.5764
vn -0.5288 0.0466 -0.8474
vn -0.3778 0.1015 -0.9203
vn -0.1798 0.1638 -0.9700
vn 0.0509 0.2247 -0.9731
vn 0.2806 0.2734 -0.9201
vn 0.4754 0.3037 -0.8257
vn 0.6212 0.3178 -0.7163
vn 0.7031 0.3210 -0.6345
vn -0.3633 0.0467 -0.9305
vn -0.1563 0.0754 -0.9848
vn 0.0819 0.1032 -0.9913
vn 0.3155 0.1252 -0.9406
vn 0.5107 0.1387 -0.8485
vn 0.6553 0.1449 -0.7414
vn 0.7358 0.1462 -0.6612
vn -0.3611 0.0108 -0.9325
vn -0.1516 0.0173 -0.9883
vn 0.0890 0.0236 -0.9958
vn 0.3240 0.0285 -0.9456
vn 0.5195 0.0315 -0.8539
vn 0.6637 0.0329 -0.7473
vn -0.7608 0.1478 0.6319
vn -0.7712 0.1475 0.6192
vn -0.7319 0.3228 0.6000
vn -0.7550 0.3198 0.5725
vn -0.6657 0.5192 0.5360
vn -0.7033 0.5133 0.4918
vn -0.5557 0.7082 0.4355
vn -0.6077 0.6999 0.3752
vn -0.4137 0.8560 0.3099
vn -0.4771 0.8463 0.2369
vn -0.2655 0.9468 0.1817
vn -0.3356 0.9366 0.1005
vn -0.2055 0.9785 -0.0167
vn -0.7876 0.1396 0.6001
vn -0.7913 0.3022 0.5315
vn -0.7630 0.4858 0.4265
vn -0.6904 0.6645 0.2859
vn -0.5774 0.8064 0.1277
vn -0.4457 0.8949 -0.0225
vn -0.3187 0.9363 -0.1474
vn -0.2325 0.9465 -0.2239
vn -0.8059 0.1243 0.5789
vn -0.8313 0.2688 0.4865
vn -0.8287 0.4331 0.3546
vn -0.7818 0.5947 0.1872
vn -0.6890 0.7247 0.0061
vn -0.5687 0.8068 -0.1601
vn -0.4456 0.8455 -0.2941
vn -0.3592 0.8551 -0.3738
vn -0.8235 0.1018 0.5581
vn -0.8695 0.2202 0.4421
vn -0.8907 0.3554 0.2835
vn -0.8676 0.4892 0.0895
vn -0.7938 0.5974 -0.1138
vn -0.6850 0.6662 -0.2948
vn -0.5669 0.6987 -0.4364
vn -0.4812 0.7067 -0.5187
vn -0.8379 0.0745 0.5408
vn -0.9002 0.1617 0.4044
vn -0.9393 0.2610 0.2228
vn -0.9333 0.3591 0.0068
vn -0.8732 0.4382 -0.2134
vn -0.7735 0.4882 -0.4042
vn -0.6602 0.5117 -0.5498
vn -0.5764 0.5173 -0.6326
vn -0.8474 0.0466 0.5288
vn -0.9203 0.1015 0.3778
vn -0.9700 0.1638 0.1798
vn -0.9731 0.2247 -0.0509
vn -0.9201 0.2734 -0.2806
vn -0.8257 0.3037 -0.4754
vn -0.7163 0.3178 -0.6212
vn -0.6345 0.3210 -0.7031
vn -0.9305 0.0467 0.3633
vn -0.9848 0.0754 0.1563
vn -0.9913 0.1032 -0.0819
vn -0.9406 0.1252 -0.3155
vn -0.8485 0.1387 -0.5107
vn -0.7414 0.1449 -0.6553
vn -0.6612 0.1462 -0.7358
vn -0.9325 0.0108 0.3611
vn -0.9883 0.0173 0.1516
vn -0.9958 0.0236 -0.0890
vn -0.9456 0.0285 -0.3240
vn -0.8539 0.0315 -0.5195
vn 0.7608 0.1478 -0.6319
vn 0.7712 0.1475 -0.6192
vn 0.7319 0.3228 -0.6000
vn 0.7550 0.3198 -0.5725
vn 0.6657 0.5192 -0.5360
vn 0.7033 0.5133 -0.4918
vn 0.5557 0.7082 -0.4355
vn 0.6077 0.6999 -0.3752
vn 0.4137 0.8560 -0.3099
vn 0.4771 0.8463 -0.2369
vn 0.2655 0.9468 -0.1817
vn 0.3356 0.9366 -0.1005
vn 0.2055 0.9785 0.0167
vn 0.7876 0.1396 -0.6001
vn 0.7913 0.3022 -0.5315
vn 0.7630 0.4858 -0.4265
vn 0.6904 0.6645 -0.2859
vn 0.5774 0.8064 -0.1277
vn 0.4457 0.8949 0.0225
vn 0.3187 0.9363 0.1474
vn 0.2325 0.9465 0.2239
vn 0.8059 0.1243 -0.5789
vn 0.8313 0.2688 -0.4865
vn 0.8287 0.4331 -0.3546
vn 0.7818 0.5947 -0.1872
vn 0.6890 0.7247 -0.0061
vn 0.5687 0.8068 0.1601
vn 0.4456 0.8455 0.2941
vn 0.3592 0.8551 0.3738
vn 0.8235 0.1018 -0.5581
vn 0.8695 0.2202 -0.4421
vn 0.8907 0.3554 -0.2835
vn 0.8676 0.4892 -0.0895
vn 0.7938 0.5974 0.1138
vn 0.6850 0.6662 0.2948
vn 0.5669 0.6987 0.4364
vn 0.4812 0.7067 0.5187
vn 0.8379 0.0745 -0.5408
vn 0.9002 0.1617 -0.4044
vn 0.9393 0.2610 -0.2228
vn 0.9333 0.3591 -0.0068
vn 0.8732 0.4382 0.2134
vn 0.7735 0.4882 0.4042
vn 0.6602 0.5117 0.5498
vn 0.5764 0.5173 0.6326
vn 0.8474 0.0466 -0.5288
vn 0.9203 0.1015 -0.3778
vn 0.9700 0.1638 -0.1798
vn 0.9731 0.2247 0.0509
vn 0.9201 0.2734 0.2806
vn 0.8257 0.3037 0.4754
vn 0.7163 0.3178 0.6212
vn 0.6345 0.3210 0.7031
vn 0.9305 0.0467 -0.3633
vn 0.9848 0.0754 -0.1563
vn 0.9913 0.1032 0.0819
vn 0.9406 0.1252 0.3155
vn 0.8485 0.1387 0.5107
vn 0.7414 0.1449 0.6553
vn 0.6612 0.1462 0.7358
vn 0.9325 0.0108 -0.3611
vn 0.9883 0.0173 -0.1516
vn 0.9958 0.0236 0.0890
vn 0.9456 0.0285 0.3240
vn 0.8539 0.0315 0.5195
vn 0.6319 0.1478 0.7608
vn 0.6192 0.1475 0.7712
vn 0.6000 0.3228 0.7319
vn 0.5725 0.3198 0.7550
vn 0.5360 0.5192 0.6657
vn 0.4918 0.5133 0.7033
vn 0.4355 0.7082 0.5557
vn 0.3752 0.6999 0.6077
vn 0.3100 0.8560 0.4137
vn 0.2369 0.8463 0.4771
vn 0.1817 0.9468 0.2655
vn 0.1005 0.9366 0.3356
vn -0.0167 0.9785 0.2055
vn 0.6001 0.1396 0.7876
vn 0.5315 0.3022 0.7913
vn 0.4265 0.4858 0.7630
vn 0.2859 0.6645 0.6904
vn 0.1277 0.8064 0.5774
vn -0.0225 0.8949 0.4457
vn -0.1474 0.9363 0.3187
vn -0.2239 0.9465 0.2325
vn 0.5789 0.1243 0.8059
vn 0.4865 0.2688 0.8313
vn 0.3546 0.4331 0.8287
vn 0.1872 0.5947 0.7818
vn 0.0061 0.7247 0.6890
vn -0.1601 0.8068 0.5687
vn -0.2941 0.8455 0.4457
vn -0.3738 0.8551 0.3592
vn 0.5581 0.1018 0.8235
vn 0.4421 0.2202 0.8695
vn 0.2835 0.3554 0.8907
vn 0.0895 0.4892 0.8676
vn -0.1138 0.5974 0.7938
vn -0.2948 0.6662 0.6850
vn -0.4365 0.6987 0.5668
vn -0.5187 0.7067 0.4812
vn 0.5408 0.0745 0.8379
vn 0.4044 0.1617 0.9002
vn 0.2228 0.2610 0.9393
vn 0.0068 0.3591 0.9333
vn -0.2134 0.4383 0.8732
vn -0.4042 0.4882 0.7735
vn -0.5498 0.5117 0.6602
vn -0.6326 0.5173 0.5764
vn 0.5288 0.0466 0.8474
vn 0.3778 0.1015 0.9203
vn 0.1798 0.1638 0.9700
vn -0.0509 0.2247 0.9731
vn -0.2806 0.2734 0.9201
vn -0.4754 0.3037 0.8257
vn -0.6212 0.3178 0.7163
vn -0.7031 0.3210 0.6345
vn 0.3633 0.0467 0.9305
vn 0.1563 0.0754 0.9848
vn -0.0819 0.1032 0.9913
vn -0.3155 0.1252 0.9406
vn -0.5107 0.1387 0.8485
vn -0.6553 0.1449 0.7414
vn -0.7358 0.1462 0.6612
vn 0.3611 0.0108 0.9325
vn 0.1516 0.0173 0.9883
vn -0.0890 0.0236 0.9958
vn -0.3240 0.0285 0.9456
vn -0.5195 0.0315 0.8539
# 328 vertex normals

vt 0.9011 0.0000 0.0000
vt 0.9243 0.0044 0.0000
vt 0.9444 0.0176 0.0000
vt 0.9614 0.0397 0.0000
vt 0.9753 0.0705 0.0000
vt 0.9861 0.1102 0.0000
vt 0.9938 0.1586 0.0000
vt 0.9985 0.2159 0.0000
vt 1.0000 0.2820 0.0000
vt 1.0000 0.7180 0.0000
vt 0.9985 0.7841 0.0000
vt 0.9938 0.8414 0.0000
vt 0.9861 0.8898 0.0000
vt 0.9753 0.9295 0.0000
vt 0.9614 0.9603 0.0000
vt 0.9444 0.9824 0.0000
vt 0.9243 0.9956 0.0000
vt 0.9011 1.0000 0.0000
vt 0.0989 1.0000 0.0000
vt 0.0757 0.9956 0.0000
vt 0.0556 0.9824 0.0000
vt 0.0386 0.9603 0.0000
vt 0.0247 0.9295 0.0000
vt 0.0139 0.8898 0.0000
vt 0.0062 0.8414 0.0000
vt 0.0015 0.7841 0.0000
vt 0.0000 0.7180 0.0000
vt 0.0000 0.2820 0.0000
vt 0.0015 0.2159 0.0000
vt 0.0062 0.1586 0.0000
vt 0.0139 0.1102 0.0000
vt 0.0247 0.0705 0.0000
vt 0.0386 0.0397 0.0000
vt 0.0556 0.0176 0.0000
vt 0.0757 0.0044 0.0000
vt 0.0989 0.0000 0.0000
vt 0.0989 0.2820 0.0000
vt 0.9011 0.2820 0.0000
vt 0.9011 0.7180 0.0000
vt 0.0989 0.7180 0.0000
vt 0.9011 0.9876 0.0000
vt 0.0989 0.9876 0.0000
vt 0.2820 0.0000 0.0000
vt 0.7180 0.0000 0.0000
vt 0.7180 0.9876 0.0000
vt 0.2820 0.9876 0.0000
vt 0.0000 1.0000 0.0000
vt 0.0989 1.2636 0.0000
vt 0.0989 1.2291 0.0000
vt 0.9011 1.2291 0.0000
vt 0.9011 1.2636 0.0000
vt 0.2820 0.5888 0.0000
vt 0.2820 0.6387 0.0000
vt 0.7180 0.6387 0.0000
vt 0.7180 0.5888 0.0000
vt 0.0858 -0.0039 0.0000
vt 0.1103 -0.0034 0.0000
vt 0.1124 0.9842 0.0000
vt 0.0882 0.9837 0.0000
vt 0.9118 0.9837 0.0000
vt 0.8876 0.9842 0.0000
vt 0.8897 -0.0034 0.0000
vt 0.9142 -0.0039 0.0000
vt 0.2443 -0.0106 0.0000
vt 0.2261 -0.0092 0.0000
vt 0.2204 0.9786 0.0000
vt 0.2378 0.9773 0.0000
vt 0.0730 0.9914 0.0000
vt 0.0448 0.9966 0.0000
vt 0.0143 1.0032 0.0000
vt -0.0186 1.0113 0.0000
vt -0.0537 1.0207 0.0000
vt -0.0912 1.0315 0.0000
vt -0.1310 1.0438 0.0000
vt -0.1732 1.0574 0.0000
vt -0.1353 1.0420 0.0000
vt -0.1082 1.0243 0.0000
vt -0.0920 1.0044 0.0000
vt -0.0866 0.9824 0.0000
vt -0.0920 0.9581 0.0000
vt -0.1082 0.9316 0.0000
vt -0.1353 0.9029 0.0000
vt -0.1732 0.8720 0.0000
vt 0.2188 0.9928 0.0000
vt 0.1702 1.0022 0.0000
vt 0.1362 1.0157 0.0000
vt 0.1168 1.0334 0.0000
vt 0.1121 1.0552 0.0000
vt 0.1219 1.0813 0.0000
vt 0.1463 1.1115 0.0000
vt 0.1854 1.1458 0.0000
vt 0.1411 1.1107 0.0000
vt 0.1009 1.0783 0.0000
vt 0.0648 1.0486 0.0000
vt 0.0328 1.0215 0.0000
vt 0.0049 0.9971 0.0000
vt -0.0189 0.9755 0.0000
vt -0.0387 0.9565 0.0000
vt -0.0543 0.9402 0.0000
vt 0.0989 1.1946 0.0000
vt 0.9011 1.1946 0.0000
vt 0.0989 1.1601 0.0000
vt 0.9011 1.1601 0.0000
vt 0.0989 1.1256 0.0000
vt 0.9011 1.1256 0.0000
vt 0.0989 1.0911 0.0000
vt 0.9011 1.0911 0.0000
vt 0.0989 1.0566 0.0000
vt 0.9011 1.0566 0.0000
vt 0.0989 1.0221 0.0000
vt 0.9011 1.0221 0.0000
vt 0.2820 0.6885 0.0000
vt 0.7180 0.6885 0.0000
vt 0.2820 0.7384 0.0000
vt 0.7180 0.7384 0.0000
vt 0.2820 0.7882 0.0000
vt 0.7180 0.7882 0.0000
vt 0.2820 0.8381 0.0000
vt 0.7180 0.8381 0.0000
vt 0.2820 0.8879 0.0000
vt 0.7180 0.8879 0.0000
vt 0.2820 0.9378 0.0000
vt 0.7180 0.9378 0.0000
vt 0.1349 -0.0029 0.0000
vt 0.1366 0.9847 0.0000
vt 0.1594 -0.0024 0.0000
vt 0.1609 0.9852 0.0000
vt 0.1839 -0.0020 0.0000
vt 0.1851 0.9857 0.0000
vt 0.2084 -0.0015 0.0000
vt 0.2093 0.9862 0.0000
vt 0.2330 -0.0010 0.0000
vt 0.2336 0.9867 0.0000
vt 0.2575 -0.0005 0.0000
vt 0.2578 0.9871 0.0000
vt 0.8634 0.9847 0.0000
vt 0.8651 -0.0029 0.0000
vt 0.8391 0.9852 0.0000
vt 0.8406 -0.0024 0.0000
vt 0.8149 0.9857 0.0000
vt 0.8161 -0.0020 0.0000
vt 0.7907 0.9862 0.0000
vt 0.7916 -0.0015 0.0000
vt 0.7664 0.9867 0.0000
vt 0.7670 -0.0010 0.0000
vt 0.7422 0.9871 0.0000
vt 0.7425 -0.0005 0.0000
vt 0.2079 -0.0079 0.0000
vt 0.2031 0.9799 0.0000
vt 0.1898 -0.0066 0.0000
vt 0.1857 0.9812 0.0000
vt 0.1716 -0.0053 0.0000
vt 0.1684 0.9825 0.0000
vt 0.1534 -0.0040 0.0000
vt 0.1510 0.9838 0.0000
vt 0.1353 -0.0026 0.0000
vt 0.1336 0.9851 0.0000
vt 0.1171 -0.0013 0.0000
vt 0.1163 0.9863 0.0000
# 159 texture coords

o Box030
g Box030
usemtl wire_255255255
s 1
f 657/319/657 658/320/658 659/321/659 660/322/660 661/323/661 662/324/662 663/325/663 664/326/664 665/327/665 666/328/666 667/329/667 668/330/668 669/331/669 670/332/670 671/333/671 672/334/672 673/335/673 674/336/674 675/337/675 676/338/676 677/339/677 678/340/678 679/341/679 680/342/680 681/343/681 682/344/682 683/345/683 684/346/684 685/347/685 686/348/686 687/349/687 688/350/688 689/351/689 690/352/690 691/353/691 692/354/692 
s 2
f 693/355/693 694/356/694 695/357/695 696/358/696 
f 657/354/657 692/319/692 697/359/697 698/360/698 
f 684/361/684 683/362/683 699/363/699 700/364/700 
f 675/354/675 674/319/674 701/359/701 702/360/702 
f 666/361/666 665/362/665 703/363/703 704/364/704 
f 698/360/698 705/365/705 706/365/706 
f 700/364/700 707/365/707 708/365/708 
f 704/364/704 709/365/709 710/365/710 
f 702/360/702 711/365/711 712/365/712 
f 693/366/693 713/367/713 714/368/714 694/369/694 
f 694/370/694 715/371/715 716/372/716 695/373/695 
f 695/366/695 717/367/717 718/368/718 696/369/696 
f 696/370/696 719/371/719 720/372/720 693/373/693 
f 692/374/692 691/375/691 721/376/721 697/377/697 
f 698/378/698 706/379/706 658/380/658 657/381/657 
f 683/382/683 682/383/682 722/384/722 699/385/699 
f 674/374/674 673/375/673 723/376/723 701/377/701 
f 698/360/698 724/386/724 725/365/725 
f 724/386/724 726/387/726 727/365/727 725/365/725 
f 726/387/726 728/388/728 729/365/729 727/365/727 
f 728/388/728 730/389/730 731/365/731 729/365/729 
f 730/389/730 732/390/732 733/365/733 731/365/731 
f 732/390/732 734/391/734 735/365/735 733/365/733 
f 734/391/734 713/392/713 736/365/736 735/365/735 
f 713/392/713 693/393/693 720/394/720 736/365/736 
f 698/360/698 725/365/725 737/365/737 
f 725/365/725 727/365/727 738/365/738 737/365/737 
f 727/365/727 729/365/729 739/365/739 738/365/738 
f 729/365/729 731/365/731 740/365/740 739/365/739 
f 731/365/731 733/365/733 741/365/741 740/365/740 
f 733/365/733 735/365/735 742/365/742 741/365/741 
f 735/365/735 736/365/736 743/365/743 742/365/742 
f 736/365/736 720/394/720 744/395/744 743/365/743 
f 698/360/698 737/365/737 745/365/745 
f 737/365/737 738/365/738 746/365/746 745/365/745 
f 738/365/738 739/365/739 747/365/747 746/365/746 
f 739/365/739 740/365/740 748/365/748 747/365/747 
f 740/365/740 741/365/741 749/365/749 748/365/748 
f 741/365/741 742/365/742 750/365/750 749/365/749 
f 742/365/742 743/365/743 751/365/751 750/365/750 
f 743/365/743 744/395/744 752/396/752 751/365/751 
f 698/360/698 745/365/745 753/365/753 
f 745/365/745 746/365/746 754/365/754 753/365/753 
f 746/365/746 747/365/747 755/365/755 754/365/754 
f 747/365/747 748/365/748 756/365/756 755/365/755 
f 748/365/748 749/365/749 757/365/757 756/365/756 
f 749/365/749 750/365/750 758/365/758 757/365/757 
f 750/365/750 751/365/751 759/365/759 758/365/758 
f 751/365/751 752/396/752 760/397/760 759/365/759 
f 698/360/698 753/365/753 761/365/761 
f 753/365/753 754/365/754 762/365/762 761/365/761 
f 754/365/754 755/365/755 763/365/763 762/365/762 
f 755/365/755 756/365/756 764/365/764 763/365/763 
f 756/365/756 757/365/757 765/365/765 764/365/764 
f 757/365/757 758/365/758 766/365/766 765/365/765 
f 758/365/758 759/365/759 767/365/767 766/365/766 
f 759/365/759 760/397/760 768/398/768 767/365/767 
f 698/360/698 761/365/761 769/365/769 
f 761/365/761 762/365/762 770/365/770 769/365/769 
f 762/365/762 763/365/763 771/365/771 770/365/770 
f 763/365/763 764/365/764 772/365/772 771/365/771 
f 764/365/764 765/365/765 773/365/773 772/365/772 
f 765/365/765 766/365/766 774/365/774 773/365/773 
f 766/365/766 767/365/767 775/365/775 774/365/774 
f 767/365/767 768/398/768 776/399/776 775/365/775 
f 698/360/698 769/365/769 705/365/705 
f 769/365/769 770/365/770 777/365/777 705/365/705 
f 770/365/770 771/365/771 778/365/778 777/365/777 
f 771/365/771 772/365/772 779/365/779 778/365/778 
f 772/365/772 773/365/773 780/365/780 779/365/779 
f 773/365/773 774/365/774 781/365/781 780/365/780 
f 774/365/774 775/365/775 782/365/782 781/365/781 
f 775/365/775 776/399/776 783/400/783 782/365/782 
f 705/365/705 777/365/777 784/365/784 706/365/706 
f 777/365/777 778/365/778 785/365/785 784/365/784 
f 778/365/778 779/365/779 786/365/786 785/365/785 
f 779/365/779 780/365/780 787/365/787 786/365/786 
f 780/365/780 781/365/781 788/365/788 787/365/787 
f 781/365/781 782/365/782 789/365/789 788/365/788 
f 782/365/782 783/400/783 703/401/703 789/365/789 
f 700/364/700 790/402/790 791/365/791 
f 790/402/790 792/403/792 793/365/793 791/365/791 
f 792/403/792 794/404/794 795/365/795 793/365/793 
f 794/404/794 796/405/796 797/365/797 795/365/795 
f 796/405/796 798/406/798 799/365/799 797/365/797 
f 798/406/798 800/407/800 801/365/801 799/365/799 
f 800/407/800 715/408/715 802/365/802 801/365/801 
f 715/408/715 694/409/694 714/410/714 802/365/802 
f 700/364/700 791/365/791 803/365/803 
f 791/365/791 793/365/793 804/365/804 803/365/803 
f 793/365/793 795/365/795 805/365/805 804/365/804 
f 795/365/795 797/365/797 806/365/806 805/365/805 
f 797/365/797 799/365/799 807/365/807 806/365/806 
f 799/365/799 801/365/801 808/365/808 807/365/807 
f 801/365/801 802/365/802 809/365/809 808/365/808 
f 802/365/802 714/410/714 810/411/810 809/365/809 
f 700/364/700 803/365/803 811/365/811 
f 803/365/803 804/365/804 812/365/812 811/365/811 
f 804/365/804 805/365/805 813/365/813 812/365/812 
f 805/365/805 806/365/806 814/365/814 813/365/813 
f 806/365/806 807/365/807 815/365/815 814/365/814 
f 807/365/807 808/365/808 816/365/816 815/365/815 
f 808/365/808 809/365/809 817/365/817 816/365/816 
f 809/365/809 810/411/810 818/412/818 817/365/817 
f 700/364/700 811/365/811 819/365/819 
f 811/365/811 812/365/812 820/365/820 819/365/819 
f 812/365/812 813/365/813 821/365/821 820/365/820 
f 813/365/813 814/365/814 822/365/822 821/365/821 
f 814/365/814 815/365/815 823/365/823 822/365/822 
f 815/365/815 816/365/816 824/365/824 823/365/823 
f 816/365/816 817/365/817 825/365/825 824/365/824 
f 817/365/817 818/412/818 826/413/826 825/365/825 
f 700/364/700 819/365/819 827/365/827 
f 819/365/819 820/365/820 828/365/828 827/365/827 
f 820/365/820 821/365/821 829/365/829 828/365/828 
f 821/365/821 822/365/822 830/365/830 829/365/829 
f 822/365/822 823/365/823 831/365/831 830/365/830 
f 823/365/823 824/365/824 832/365/832 831/365/831 
f 824/365/824 825/365/825 833/365/833 832/365/832 
f 825/365/825 826/413/826 834/414/834 833/365/833 
f 700/364/700 827/365/827 835/365/835 
f 827/365/827 828/365/828 836/365/836 835/365/835 
f 828/365/828 829/365/829 837/365/837 836/365/836 
f 829/365/829 830/365/830 838/365/838 837/365/837 
f 830/365/830 831/365/831 839/365/839 838/365/838 
f 831/365/831 832/365/832 840/365/840 839/365/839 
f 832/365/832 833/365/833 841/365/841 840/365/840 
f 833/365/833 834/414/834 842/415/842 841/365/841 
f 700/364/700 835/365/835 707/365/707 
f 835/365/835 836/365/836 843/365/843 707/365/707 
f 836/365/836 837/365/837 844/365/844 843/365/843 
f 837/365/837 838/365/838 845/365/845 844/365/844 
f 838/365/838 839/365/839 846/365/846 845/365/845 
f 839/365/839 840/365/840 847/365/847 846/365/846 
f 840/365/840 841/365/841 848/365/848 847/365/847 
f 841/365/841 842/415/842 849/416/849 848/365/848 
f 707/365/707 843/365/843 850/365/850 708/365/708 
f 843/365/843 844/365/844 851/365/851 850/365/850 
f 844/365/844 845/365/845 852/365/852 851/365/851 
f 845/365/845 846/365/846 853/365/853 852/365/852 
f 846/365/846 847/365/847 854/365/854 853/365/853 
f 847/365/847 848/365/848 721/365/721 854/365/854 
f 848/365/848 849/416/849 697/417/697 721/365/721 
f 704/364/704 855/402/855 856/365/856 
f 855/402/855 857/403/857 858/365/858 856/365/856 
f 857/403/857 859/404/859 860/365/860 858/365/858 
f 859/404/859 861/405/861 862/365/862 860/365/860 
f 861/405/861 863/406/863 864/365/864 862/365/862 
f 863/406/863 865/407/865 866/365/866 864/365/864 
f 865/407/865 719/408/719 867/365/867 866/365/866 
f 719/408/719 696/409/696 718/410/718 867/365/867 
f 704/364/704 856/365/856 868/365/868 
f 856/365/856 858/365/858 869/365/869 868/365/868 
f 858/365/858 860/365/860 870/365/870 869/365/869 
f 860/365/860 862/365/862 871/365/871 870/365/870 
f 862/365/862 864/365/864 872/365/872 871/365/871 
f 864/365/864 866/365/866 873/365/873 872/365/872 
f 866/365/866 867/365/867 874/365/874 873/365/873 
f 867/365/867 718/410/718 875/411/875 874/365/874 
f 704/364/704 868/365/868 876/365/876 
f 868/365/868 869/365/869 877/365/877 876/365/876 
f 869/365/869 870/365/870 878/365/878 877/365/877 
f 870/365/870 871/365/871 879/365/879 878/365/878 
f 871/365/871 872/365/872 880/365/880 879/365/879 
f 872/365/872 873/365/873 881/365/881 880/365/880 
f 873/365/873 874/365/874 882/365/882 881/365/881 
f 874/365/874 875/411/875 883/412/883 882/365/882 
f 704/364/704 876/365/876 884/365/884 
f 876/365/876 877/365/877 885/365/885 884/365/884 
f 877/365/877 878/365/878 886/365/886 885/365/885 
f 878/365/878 879/365/879 887/365/887 886/365/886 
f 879/365/879 880/365/880 888/365/888 887/365/887 
f 880/365/880 881/365/881 889/365/889 888/365/888 
f 881/365/881 882/365/882 890/365/890 889/365/889 
f 882/365/882 883/412/883 891/413/891 890/365/890 
f 704/364/704 884/365/884 892/365/892 
f 884/365/884 885/365/885 893/365/893 892/365/892 
f 885/365/885 886/365/886 894/365/894 893/365/893 
f 886/365/886 887/365/887 895/365/895 894/365/894 
f 887/365/887 888/365/888 896/365/896 895/365/895 
f 888/365/888 889/365/889 897/365/897 896/365/896 
f 889/365/889 890/365/890 898/365/898 897/365/897 
f 890/365/890 891/413/891 899/414/899 898/365/898 
f 704/364/704 892/365/892 900/365/900 
f 892/365/892 893/365/893 901/365/901 900/365/900 
f 893/365/893 894/365/894 902/365/902 901/365/901 
f 894/365/894 895/365/895 903/365/903 902/365/902 
f 895/365/895 896/365/896 904/365/904 903/365/903 
f 896/365/896 897/365/897 905/365/905 904/365/904 
f 897/365/897 898/365/898 906/365/906 905/365/905 
f 898/365/898 899/414/899 907/415/907 906/365/906 
f 704/364/704 900/365/900 709/365/709 
f 900/365/900 901/365/901 908/365/908 709/365/709 
f 901/365/901 902/365/902 909/365/909 908/365/908 
f 902/365/902 903/365/903 910/365/910 909/365/909 
f 903/365/903 904/365/904 911/365/911 910/365/910 
f 904/365/904 905/365/905 912/365/912 911/365/911 
f 905/365/905 906/365/906 913/365/913 912/365/912 
f 906/365/906 907/415/907 914/416/914 913/365/913 
f 709/365/709 908/365/908 915/365/915 710/365/710 
f 908/365/908 909/365/909 916/365/916 915/365/915 
f 909/365/909 910/365/910 917/365/917 916/365/916 
f 910/365/910 911/365/911 918/365/918 917/365/917 
f 911/365/911 912/365/912 919/365/919 918/365/918 
f 912/365/912 913/365/913 723/365/723 919/365/919 
f 913/365/913 914/416/914 701/417/701 723/365/723 
f 702/360/702 920/386/920 921/365/921 
f 920/386/920 922/387/922 923/365/923 921/365/921 
f 922/387/922 924/388/924 925/365/925 923/365/923 
f 924/388/924 926/389/926 927/365/927 925/365/925 
f 926/389/926 928/390/928 929/365/929 927/365/927 
f 928/390/928 930/391/930 931/365/931 929/365/929 
f 930/391/930 717/392/717 932/365/932 931/365/931 
f 717/392/717 695/393/695 716/394/716 932/365/932 
f 702/360/702 921/365/921 933/365/933 
f 921/365/921 923/365/923 934/365/934 933/365/933 
f 923/365/923 925/365/925 935/365/935 934/365/934 
f 925/365/925 927/365/927 936/365/936 935/365/935 
f 927/365/927 929/365/929 937/365/937 936/365/936 
f 929/365/929 931/365/931 938/365/938 937/365/937 
f 931/365/931 932/365/932 939/365/939 938/365/938 
f 932/365/932 716/394/716 940/395/940 939/365/939 
f 702/360/702 933/365/933 941/365/941 
f 933/365/933 934/365/934 942/365/942 941/365/941 
f 934/365/934 935/365/935 943/365/943 942/365/942 
f 935/365/935 936/365/936 944/365/944 943/365/943 
f 936/365/936 937/365/937 945/365/945 944/365/944 
f 937/365/937 938/365/938 946/365/946 945/365/945 
f 938/365/938 939/365/939 947/365/947 946/365/946 
f 939/365/939 940/395/940 948/396/948 947/365/947 
f 702/360/702 941/365/941 949/365/949 
f 941/365/941 942/365/942 950/365/950 949/365/949 
f 942/365/942 943/365/943 951/365/951 950/365/950 
f 943/365/943 944/365/944 952/365/952 951/365/951 
f 944/365/944 945/365/945 953/365/953 952/365/952 
f 945/365/945 946/365/946 954/365/954 953/365/953 
f 946/365/946 947/365/947 955/365/955 954/365/954 
f 947/365/947 948/396/948 956/397/956 955/365/955 
f 702/360/702 949/365/949 957/365/957 
f 949/365/949 950/365/950 958/365/958 957/365/957 
f 950/365/950 951/365/951 959/365/959 958/365/958 
f 951/365/951 952/365/952 960/365/960 959/365/959 
f 952/365/952 953/365/953 961/365/961 960/365/960 
f 953/365/953 954/365/954 962/365/962 961/365/961 
f 954/365/954 955/365/955 963/365/963 962/365/962 
f 955/365/955 956/397/956 964/398/964 963/365/963 
f 702/360/702 957/365/957 965/365/965 
f 957/365/957 958/365/958 966/365/966 965/365/965 
f 958/365/958 959/365/959 967/365/967 966/365/966 
f 959/365/959 960/365/960 968/365/968 967/365/967 
f 960/365/960 961/365/961 969/365/969 968/365/968 
f 961/365/961 962/365/962 970/365/970 969/365/969 
f 962/365/962 963/365/963 971/365/971 970/365/970 
f 963/365/963 964/398/964 972/399/972 971/365/971 
f 702/360/702 965/365/965 711/365/711 
f 965/365/965 966/365/966 973/365/973 711/365/711 
f 966/365/966 967/365/967 974/365/974 973/365/973 
f 967/365/967 968/365/968 975/365/975 974/365/974 
f 968/365/968 969/365/969 976/365/976 975/365/975 
f 969/365/969 970/365/970 977/365/977 976/365/976 
f 970/365/970 971/365/971 978/365/978 977/365/977 
f 971/365/971 972/399/972 979/400/979 978/365/978 
f 711/365/711 973/365/973 980/365/980 712/365/712 
f 973/365/973 974/365/974 981/365/981 980/365/980 
f 974/365/974 975/365/975 982/365/982 981/365/981 
f 975/365/975 976/365/976 983/365/983 982/365/982 
f 976/365/976 977/365/977 984/365/984 983/365/983 
f 977/365/977 978/365/978 722/365/722 984/365/984 
f 978/365/978 979/400/979 699/401/699 722/365/722 
f 713/367/713 734/418/734 810/419/810 714/368/714 
f 734/418/734 732/420/732 818/421/818 810/419/810 
f 732/420/732 730/422/730 826/423/826 818/421/818 
f 730/422/730 728/424/728 834/425/834 826/423/826 
f 728/424/728 726/426/726 842/427/842 834/425/834 
f 726/426/726 724/428/724 849/429/849 842/427/842 
f 724/428/724 698/360/698 697/359/697 849/429/849 
f 715/371/715 800/430/800 940/431/940 716/372/716 
f 800/430/800 798/432/798 948/433/948 940/431/940 
f 798/432/798 796/434/796 956/435/956 948/433/948 
f 796/434/796 794/436/794 964/437/964 956/435/956 
f 794/436/794 792/438/792 972/439/972 964/437/964 
f 792/438/792 790/440/790 979/441/979 972/439/972 
f 790/440/790 700/364/700 699/363/699 979/441/979 
f 717/367/717 930/418/930 875/419/875 718/368/718 
f 930/418/930 928/420/928 883/421/883 875/419/875 
f 928/420/928 926/422/926 891/423/891 883/421/883 
f 926/422/926 924/424/924 899/425/899 891/423/891 
f 924/424/924 922/426/922 907/427/907 899/425/899 
f 922/426/922 920/428/920 914/429/914 907/427/907 
f 920/428/920 702/360/702 701/359/701 914/429/914 
f 719/371/719 865/430/865 744/431/744 720/372/720 
f 865/430/865 863/432/863 752/433/752 744/431/744 
f 863/432/863 861/434/861 760/435/760 752/433/752 
f 861/434/861 859/436/859 768/437/768 760/435/760 
f 859/436/859 857/438/857 776/439/776 768/437/768 
f 857/438/857 855/440/855 783/441/783 776/439/776 
f 855/440/855 704/364/704 703/363/703 783/441/783 
f 691/375/691 690/442/690 854/443/854 721/376/721 
f 690/442/690 689/444/689 853/445/853 854/443/854 
f 689/444/689 688/446/688 852/447/852 853/445/853 
f 688/446/688 687/448/687 851/449/851 852/447/852 
f 687/448/687 686/450/686 850/451/850 851/449/851 
f 686/450/686 685/452/685 708/453/708 850/451/850 
f 685/452/685 684/361/684 700/364/700 708/453/708 
f 706/379/706 784/454/784 659/455/659 658/380/658 
f 784/454/784 785/456/785 660/457/660 659/455/659 
f 785/456/785 786/458/786 661/459/661 660/457/660 
f 786/458/786 787/460/787 662/461/662 661/459/661 
f 787/460/787 788/462/788 663/463/663 662/461/662 
f 788/462/788 789/464/789 664/465/664 663/463/663 
f 789/464/789 703/363/703 665/362/665 664/465/664 
f 682/383/682 681/466/681 984/467/984 722/384/722 
f 681/466/681 680/468/680 983/469/983 984/467/984 
f 680/468/680 679/470/679 982/471/982 983/469/983 
f 679/470/679 678/472/678 981/473/981 982/471/982 
f 678/472/678 677/474/677 980/475/980 981/473/981 
f 677/474/677 676/476/676 712/477/712 980/475/980 
f 676/476/676 675/354/675 702/360/702 712/477/712 
f 673/375/673 672/442/672 919/443/919 723/376/723 
f 672/442/672 671/444/671 918/445/918 919/443/919 
f 671/444/671 670/446/670 917/447/917 918/445/918 
f 670/446/670 669/448/669 916/449/916 917/447/917 
f 669/448/669 668/450/668 915/451/915 916/449/916 
f 668/450/668 667/452/667 710/453/710 915/451/915 
f 667/452/667 666/361/666 704/364/704 710/453/710 
# 294 polygons - 32 triangles

#
# object Box031
#

v  -51.9739 -0.0000 -5.1994
v  -51.8879 -0.0000 -5.1391
v  -51.6741 -0.0000 -4.9211
v  -51.3327 -0.0000 -4.5452
v  -50.8636 -0.0000 -4.0116
v  -50.2669 -0.0000 -3.3201
v  -49.5425 -0.0000 -2.4709
v  -48.6904 -0.0000 -1.4639
v  -47.7106 -0.0000 -0.2990
v  -41.2574 -0.0000 7.3916
v  -40.2804 -0.0000 8.5588
v  -39.4366 -0.0000 9.5728
v  -38.7261 -0.0000 10.4337
v  -38.1488 -0.0000 11.1414
v  -37.7047 -0.0000 11.6961
v  -37.3938 -0.0000 12.0975
v  -37.2162 -0.0000 12.3459
v  -37.1718 -0.0000 12.4411
v  -37.8926 -0.0000 13.0460
v  -37.9787 -0.0000 12.9857
v  -38.1924 -0.0000 12.7677
v  -38.5338 -0.0000 12.3918
v  -39.0029 -0.0000 11.8582
v  -39.5997 -0.0000 11.1667
v  -40.3241 -0.0000 10.3175
v  -41.1762 -0.0000 9.3105
v  -42.1560 -0.0000 8.1456
v  -48.6092 -0.0000 0.4550
v  -49.5862 -0.0000 -0.7122
v  -50.4300 -0.0000 -1.7262
v  -51.1405 -0.0000 -2.5871
v  -51.7178 -0.0000 -3.2948
v  -52.1619 -0.0000 -3.8495
v  -52.4728 -0.0000 -4.2510
v  -52.6504 -0.0000 -4.4993
v  -52.6948 -0.0000 -4.5945
v  -47.7995 23.1435 -0.2244
v  -48.5203 23.1435 0.3804
v  -42.0671 23.1435 8.0710
v  -41.3463 23.1435 7.4662
v  -52.6948 22.8573 -4.5945
v  -51.9739 22.8573 -5.1994
v  -42.1560 22.8573 8.1456
v  -48.6092 22.8573 0.4550
v  -37.1718 22.8573 12.4411
v  -37.8926 22.8573 13.0460
v  -47.7106 22.8573 -0.2990
v  -41.2574 22.8573 7.3916
v  -51.8882 22.8731 -5.1388
v  -51.8879 22.8573 -5.1391
v  -49.5709 22.8731 -0.6939
v  -49.5862 22.8573 -0.7122
v  -40.2957 22.8731 8.5405
v  -40.2804 22.8573 8.5588
v  -37.9784 22.8731 12.9854
v  -37.9787 22.8573 12.9857
v  -48.7779 23.1390 -1.3904
v  -49.4987 23.1390 -0.7856
v  -48.5411 23.1390 0.3979
v  -42.0879 23.1390 8.0885
v  -41.0887 23.1390 9.2370
v  -40.3679 23.1390 8.6322
v  -41.3254 23.1390 7.4487
v  -47.7786 23.1390 -0.2419
v  -52.6504 22.8573 -4.4993
v  -41.1762 22.8573 9.3105
v  -37.2162 22.8573 12.3459
v  -51.9087 22.9244 -5.1216
v  -51.9038 22.9234 -5.1257
v  -51.7130 22.9825 -4.8884
v  -51.7039 22.9806 -4.8961
v  -51.3869 23.0317 -4.4998
v  -51.3742 23.0290 -4.5104
v  -50.9303 23.0720 -3.9556
v  -50.9147 23.0686 -3.9688
v  -50.3433 23.1033 -3.2560
v  -50.3254 23.0994 -3.2711
v  -49.6258 23.1256 -2.4010
v  -49.6063 23.1214 -2.4174
v  -48.7573 23.1346 -1.4076
v  -51.8996 22.9202 -5.1293
v  -51.6960 22.9747 -4.9027
v  -51.3632 23.0208 -4.5197
v  -50.9011 23.0585 -3.9801
v  -50.3099 23.0879 -3.2841
v  -49.5893 23.1088 -2.4316
v  -48.7396 23.1214 -1.4226
v  -47.7606 23.1256 -0.2571
v  -51.8960 22.9150 -5.1323
v  -51.6893 22.9649 -4.9083
v  -51.3539 23.0072 -4.5275
v  -50.8897 23.0418 -3.9897
v  -50.2967 23.0687 -3.2951
v  -49.5750 23.0879 -2.4436
v  -48.7245 23.0994 -1.4352
v  -47.7453 23.1033 -0.2699
v  -51.8931 22.9076 -5.1348
v  -51.6839 22.9512 -4.9129
v  -51.3463 22.9881 -4.5339
v  -50.8803 23.0183 -3.9976
v  -50.2860 23.0418 -3.3041
v  -49.5633 23.0585 -2.4534
v  -48.7122 23.0686 -1.4455
v  -47.7328 23.0720 -0.2804
v  -51.8908 22.8982 -5.1367
v  -51.6796 22.9336 -4.9165
v  -51.3403 22.9636 -4.5388
v  -50.8730 22.9881 -4.0037
v  -50.2776 23.0072 -3.3111
v  -49.5542 23.0208 -2.4611
v  -48.7027 23.0290 -1.4535
v  -47.7231 23.0317 -0.2885
v  -51.8892 22.8867 -5.1380
v  -51.6766 22.9121 -4.9190
v  -51.3361 22.9336 -4.5424
v  -50.8678 22.9512 -4.0081
v  -50.2717 22.9649 -3.3161
v  -49.5477 22.9747 -2.4665
v  -48.6958 22.9806 -1.4593
v  -47.7161 22.9825 -0.2944
v  -51.6747 22.8867 -4.9206
v  -51.3336 22.8982 -4.5445
v  -50.8647 22.9076 -4.0107
v  -50.2681 22.9150 -3.3191
v  -49.5438 22.9202 -2.4698
v  -48.6917 22.9234 -1.4627
v  -47.7120 22.9244 -0.2979
v  -51.6741 22.8573 -4.9211
v  -51.3327 22.8573 -4.5452
v  -50.8636 22.8573 -4.0116
v  -50.2669 22.8573 -3.3201
v  -49.5425 22.8573 -2.4709
v  -48.6904 22.8573 -1.4639
v  -48.6078 22.9244 0.4538
v  -48.8371 22.9234 0.1806
v  -48.6036 22.9825 0.4503
v  -49.0317 22.9806 -0.0598
v  -48.5967 23.0317 0.4445
v  -49.1929 23.0290 -0.2660
v  -48.5870 23.0720 0.4364
v  -49.3208 23.0686 -0.4381
v  -48.5745 23.1033 0.4259
v  -49.4153 23.0994 -0.5762
v  -48.5592 23.1256 0.4131
v  -49.4764 23.1214 -0.6801
v  -49.5042 23.1346 -0.7499
v  -49.0358 22.9202 -0.0563
v  -49.4027 22.9747 -0.5019
v  -49.7096 23.0208 -0.8818
v  -49.9567 23.0585 -1.1960
v  -50.1440 23.0879 -1.4446
v  -50.2714 23.1088 -1.6274
v  -50.3389 23.1214 -1.7446
v  -50.3466 23.1256 -1.7961
v  -49.2040 22.9150 -0.2567
v  -49.7166 22.9649 -0.8760
v  -50.1468 23.0072 -1.4029
v  -50.4948 23.0418 -1.8373
v  -50.7606 23.0687 -2.1794
v  -50.9440 23.0879 -2.4291
v  -51.0452 23.0994 -2.5863
v  -51.0641 23.1033 -2.6512
v  -49.3416 22.9076 -0.4207
v  -49.9734 22.9512 -1.1821
v  -50.5046 22.9881 -1.8292
v  -50.9351 23.0183 -2.3620
v  -51.2650 23.0418 -2.7806
v  -51.4944 23.0585 -3.0850
v  -51.6231 23.0686 -3.2750
v  -51.6512 23.0720 -3.3508
v  -49.4486 22.8982 -0.5482
v  -50.1731 22.9336 -1.4201
v  -50.7828 22.9636 -2.1608
v  -51.2775 22.9881 -2.7701
v  -51.6574 23.0072 -3.2482
v  -51.9224 23.0208 -3.5951
v  -52.0725 23.0290 -3.8106
v  -52.1077 23.0317 -3.8949
v  -49.5250 22.8867 -0.6393
v  -50.3158 22.9121 -1.5902
v  -50.9815 22.9336 -2.3976
v  -51.5221 22.9512 -3.0616
v  -51.9377 22.9649 -3.5823
v  -52.2282 22.9747 -3.9595
v  -52.3936 22.9806 -4.1932
v  -52.4339 22.9825 -4.2836
v  -50.4014 22.8867 -1.6922
v  -51.1008 22.8982 -2.5397
v  -51.6689 22.9076 -3.2365
v  -52.1059 22.9150 -3.7827
v  -52.4116 22.9202 -4.1781
v  -52.5862 22.9234 -4.4228
v  -52.6295 22.9244 -4.5168
v  -50.4300 22.8573 -1.7262
v  -51.1405 22.8573 -2.5871
v  -51.7178 22.8573 -3.2948
v  -52.1619 22.8573 -3.8495
v  -52.4728 22.8573 -4.2510
v  -41.2588 22.9244 7.3928
v  -41.0295 22.9234 7.6660
v  -41.2629 22.9825 7.3963
v  -40.8349 22.9806 7.9064
v  -41.2699 23.0317 7.4021
v  -40.6737 23.0290 8.1126
v  -41.2796 23.0720 7.4102
v  -40.5458 23.0686 8.2847
v  -41.2921 23.1033 7.4207
v  -40.4513 23.0994 8.4228
v  -41.3074 23.1256 7.4335
v  -40.3901 23.1214 8.5267
v  -40.3623 23.1346 8.5965
v  -40.8307 22.9202 7.9029
v  -40.4639 22.9747 8.3485
v  -40.1570 23.0208 8.7284
v  -39.9099 23.0585 9.0426
v  -39.7226 23.0879 9.2912
v  -39.5952 23.1088 9.4740
v  -39.5276 23.1214 9.5912
v  -39.5199 23.1256 9.6427
v  -40.6626 22.9150 8.1033
v  -40.1500 22.9649 8.7226
v  -39.7197 23.0072 9.2495
v  -39.3717 23.0418 9.6839
v  -39.1060 23.0687 10.0260
v  -38.9226 23.0879 10.2757
v  -38.8214 23.0994 10.4329
v  -38.8025 23.1033 10.4978
v  -40.5250 22.9076 8.2673
v  -39.8932 22.9512 9.0287
v  -39.3620 22.9881 9.6758
v  -38.9315 23.0183 10.2086
v  -38.6015 23.0418 10.6272
v  -38.3722 23.0585 10.9315
v  -38.2435 23.0686 11.1216
v  -38.2154 23.0720 11.1974
v  -40.4180 22.8982 8.3948
v  -39.6934 22.9336 9.2667
v  -39.0838 22.9636 10.0074
v  -38.5890 22.9881 10.6167
v  -38.2092 23.0072 11.0948
v  -37.9442 23.0208 11.4417
v  -37.7941 23.0290 11.6572
v  -37.7588 23.0317 11.7415
v  -40.3415 22.8867 8.4859
v  -39.5508 22.9121 9.4368
v  -38.8851 22.9336 10.2442
v  -38.3444 22.9512 10.9082
v  -37.9289 22.9649 11.4289
v  -37.6384 22.9747 11.8060
v  -37.4730 22.9806 12.0398
v  -37.4327 22.9825 12.1302
v  -39.4651 22.8867 9.5388
v  -38.7658 22.8982 10.3863
v  -38.1977 22.9076 11.0831
v  -37.7607 22.9150 11.6293
v  -37.4550 22.9202 12.0247
v  -37.2804 22.9234 12.2694
v  -37.2370 22.9244 12.3634
v  -39.4366 22.8573 9.5728
v  -38.7261 22.8573 10.4337
v  -38.1488 22.8573 11.1414
v  -37.7047 22.8573 11.6961
v  -37.3938 22.8573 12.0975
v  -37.9579 22.9244 12.9682
v  -37.9627 22.9234 12.9723
v  -38.1535 22.9825 12.7350
v  -38.1627 22.9806 12.7427
v  -38.4797 23.0317 12.3464
v  -38.4924 23.0290 12.3570
v  -38.9363 23.0720 11.8022
v  -38.9519 23.0686 11.8153
v  -39.5233 23.1033 11.1026
v  -39.5412 23.0994 11.1177
v  -40.2408 23.1256 10.2476
v  -40.2603 23.1214 10.2640
v  -41.1092 23.1346 9.2542
v  -37.9670 22.9202 12.9759
v  -38.1706 22.9747 12.7493
v  -38.5034 23.0208 12.3663
v  -38.9654 23.0585 11.8267
v  -39.5567 23.0879 11.1307
v  -40.2772 23.1088 10.2782
v  -41.1270 23.1214 9.2692
v  -42.1060 23.1256 8.1037
v  -37.9706 22.9150 12.9789
v  -38.1772 22.9649 12.7549
v  -38.5127 23.0072 12.3741
v  -38.9769 23.0418 11.8363
v  -39.5698 23.0687 11.1417
v  -40.2916 23.0879 10.2902
v  -41.1420 23.0994 9.2818
v  -42.1213 23.1033 8.1165
v  -37.9735 22.9076 12.9813
v  -38.1827 22.9512 12.7595
v  -38.5203 22.9881 12.3805
v  -38.9863 23.0183 11.8442
v  -39.5806 23.0418 11.1507
v  -40.3033 23.0585 10.3000
v  -41.1543 23.0686 9.2921
v  -42.1338 23.0720 8.1270
v  -37.9758 22.8982 12.9833
v  -38.1870 22.9336 12.7631
v  -38.5262 22.9636 12.3854
v  -38.9935 22.9881 11.8503
v  -39.5889 23.0072 11.1577
v  -40.3124 23.0208 10.3077
v  -41.1639 23.0290 9.3001
v  -42.1435 23.0317 8.1351
v  -37.9774 22.8867 12.9846
v  -38.1900 22.9121 12.7656
v  -38.5305 22.9336 12.3890
v  -38.9988 22.9512 11.8547
v  -39.5949 22.9649 11.1627
v  -40.3189 22.9747 10.3131
v  -41.1707 22.9806 9.3059
v  -42.1504 22.9825 8.1410
v  -38.1918 22.8867 12.7672
v  -38.5330 22.8982 12.3911
v  -39.0019 22.9076 11.8573
v  -39.5985 22.9150 11.1657
v  -40.3228 22.9202 10.3164
v  -41.1749 22.9234 9.3093
v  -42.1546 22.9244 8.1445
v  -38.1924 22.8573 12.7677
v  -38.5338 22.8573 12.3918
v  -39.0029 22.8573 11.8582
v  -39.5997 22.8573 11.1667
v  -40.3241 22.8573 10.3175
# 328 vertices

vn -0.4407 -0.6997 -0.5622
vn -0.3794 -0.6896 -0.6169
vn -0.2643 -0.6853 -0.6786
vn -0.1124 -0.6817 -0.7229
vn 0.0639 -0.6802 -0.7302
vn 0.2363 -0.6817 -0.6924
vn 0.3781 -0.6853 -0.6224
vn 0.4808 -0.6895 -0.5417
vn 0.5317 -0.6997 -0.4772
vn 0.5622 -0.6997 -0.4407
vn 0.6169 -0.6895 -0.3795
vn 0.6786 -0.6853 -0.2643
vn 0.7229 -0.6817 -0.1124
vn 0.7302 -0.6802 0.0639
vn 0.6924 -0.6817 0.2363
vn 0.6224 -0.6853 0.3781
vn 0.5416 -0.6896 0.4808
vn 0.4772 -0.6997 0.5317
vn 0.4407 -0.6997 0.5622
vn 0.3794 -0.6896 0.6169
vn 0.2643 -0.6853 0.6786
vn 0.1124 -0.6817 0.7229
vn -0.0639 -0.6802 0.7302
vn -0.2363 -0.6817 0.6924
vn -0.3781 -0.6853 0.6224
vn -0.4808 -0.6895 0.5417
vn -0.5317 -0.6997 0.4772
vn -0.5622 -0.6997 0.4407
vn -0.6169 -0.6895 0.3795
vn -0.6786 -0.6853 0.2643
vn -0.7229 -0.6817 0.1124
vn -0.7302 -0.6802 -0.0639
vn -0.6924 -0.6817 -0.2363
vn -0.6224 -0.6853 -0.3781
vn -0.5416 -0.6896 -0.4808
vn -0.4772 -0.6997 -0.5317
vn 0.0041 0.9989 -0.0468
vn -0.0468 0.9989 -0.0041
vn -0.0041 0.9989 0.0468
vn 0.0468 0.9989 0.0041
vn -0.6675 0.0332 -0.7438
vn -0.6219 0.0267 -0.7826
vn -0.7438 0.0332 0.6675
vn -0.7826 0.0267 0.6219
vn 0.6675 0.0332 0.7438
vn 0.6219 0.0267 0.7826
vn 0.7438 0.0332 -0.6675
vn 0.7826 0.0267 -0.6219
vn -0.5226 0.0214 -0.8523
vn -0.5225 0.0050 -0.8526
vn -0.8523 0.0214 0.5226
vn -0.8526 0.0050 0.5225
vn 0.8523 0.0214 -0.5226
vn 0.8526 0.0050 -0.5225
vn 0.5226 0.0214 0.8523
vn 0.5225 0.0050 0.8526
vn -0.0686 0.9888 -0.1328
vn -0.1196 0.9887 -0.0905
vn -0.1328 0.9888 0.0686
vn -0.0905 0.9887 0.1196
vn 0.0686 0.9888 0.1328
vn 0.1196 0.9887 0.0905
vn 0.1328 0.9888 -0.0686
vn 0.0905 0.9887 -0.1196
vn -0.7473 0.0329 -0.6637
vn -0.6637 0.0329 0.7473
vn 0.7473 0.0329 0.6637
vn -0.6319 0.1478 -0.7608
vn -0.6192 0.1475 -0.7712
vn -0.6000 0.3228 -0.7319
vn -0.5725 0.3198 -0.7550
vn -0.5360 0.5192 -0.6657
vn -0.4918 0.5133 -0.7033
vn -0.4355 0.7082 -0.5557
vn -0.3752 0.6999 -0.6077
vn -0.3100 0.8560 -0.4137
vn -0.2369 0.8463 -0.4771
vn -0.1817 0.9468 -0.2655
vn -0.1005 0.9366 -0.3356
vn 0.0167 0.9785 -0.2055
vn -0.6001 0.1396 -0.7876
vn -0.5315 0.3022 -0.7913
vn -0.4265 0.4858 -0.7630
vn -0.2859 0.6645 -0.6904
vn -0.1277 0.8064 -0.5774
vn 0.0225 0.8949 -0.4457
vn 0.1474 0.9363 -0.3187
vn 0.2239 0.9465 -0.2325
vn -0.5789 0.1243 -0.8059
vn -0.4865 0.2688 -0.8313
vn -0.3546 0.4331 -0.8287
vn -0.1872 0.5947 -0.7818
vn -0.0061 0.7247 -0.6890
vn 0.1601 0.8068 -0.5687
vn 0.2941 0.8455 -0.4457
vn 0.3738 0.8551 -0.3592
vn -0.5581 0.1018 -0.8235
vn -0.4421 0.2202 -0.8695
vn -0.2835 0.3554 -0.8907
vn -0.0895 0.4892 -0.8676
vn 0.1138 0.5974 -0.7938
vn 0.2948 0.6662 -0.6850
vn 0.4365 0.6987 -0.5668
vn 0.5187 0.7067 -0.4812
vn -0.5408 0.0745 -0.8379
vn -0.4044 0.1617 -0.9002
vn -0.2228 0.2610 -0.9393
vn -0.0068 0.3591 -0.9333
vn 0.2134 0.4383 -0.8732
vn 0.4042 0.4882 -0.7735
vn 0.5498 0.5117 -0.6602
vn 0.6326 0.5173 -0.5764
vn -0.5288 0.0466 -0.8474
vn -0.3778 0.1015 -0.9203
vn -0.1798 0.1638 -0.9700
vn 0.0509 0.2247 -0.9731
vn 0.2806 0.2734 -0.9201
vn 0.4754 0.3037 -0.8257
vn 0.6212 0.3178 -0.7163
vn 0.7031 0.3210 -0.6345
vn -0.3633 0.0467 -0.9305
vn -0.1563 0.0754 -0.9848
vn 0.0819 0.1032 -0.9913
vn 0.3155 0.1252 -0.9406
vn 0.5107 0.1387 -0.8485
vn 0.6553 0.1449 -0.7414
vn 0.7358 0.1462 -0.6612
vn -0.3611 0.0108 -0.9325
vn -0.1516 0.0173 -0.9883
vn 0.0890 0.0236 -0.9958
vn 0.3240 0.0285 -0.9456
vn 0.5195 0.0315 -0.8539
vn 0.6637 0.0329 -0.7473
vn -0.7608 0.1478 0.6319
vn -0.7712 0.1475 0.6192
vn -0.7319 0.3228 0.6000
vn -0.7550 0.3198 0.5725
vn -0.6657 0.5192 0.5360
vn -0.7033 0.5133 0.4918
vn -0.5557 0.7082 0.4355
vn -0.6077 0.6999 0.3752
vn -0.4137 0.8560 0.3099
vn -0.4771 0.8463 0.2369
vn -0.2655 0.9468 0.1817
vn -0.3356 0.9366 0.1005
vn -0.2055 0.9785 -0.0167
vn -0.7876 0.1396 0.6001
vn -0.7913 0.3022 0.5315
vn -0.7630 0.4858 0.4265
vn -0.6904 0.6645 0.2859
vn -0.5774 0.8064 0.1277
vn -0.4457 0.8949 -0.0225
vn -0.3187 0.9363 -0.1474
vn -0.2325 0.9465 -0.2239
vn -0.8059 0.1243 0.5789
vn -0.8313 0.2688 0.4865
vn -0.8287 0.4331 0.3546
vn -0.7818 0.5947 0.1872
vn -0.6890 0.7247 0.0061
vn -0.5687 0.8068 -0.1601
vn -0.4456 0.8455 -0.2941
vn -0.3592 0.8551 -0.3738
vn -0.8235 0.1018 0.5581
vn -0.8695 0.2202 0.4421
vn -0.8907 0.3554 0.2835
vn -0.8676 0.4892 0.0895
vn -0.7938 0.5974 -0.1138
vn -0.6850 0.6662 -0.2948
vn -0.5669 0.6987 -0.4364
vn -0.4812 0.7067 -0.5187
vn -0.8379 0.0745 0.5408
vn -0.9002 0.1617 0.4044
vn -0.9393 0.2610 0.2228
vn -0.9333 0.3591 0.0068
vn -0.8732 0.4382 -0.2134
vn -0.7735 0.4882 -0.4042
vn -0.6602 0.5117 -0.5498
vn -0.5764 0.5173 -0.6326
vn -0.8474 0.0466 0.5288
vn -0.9203 0.1015 0.3778
vn -0.9700 0.1638 0.1798
vn -0.9731 0.2247 -0.0509
vn -0.9201 0.2734 -0.2806
vn -0.8257 0.3037 -0.4754
vn -0.7163 0.3178 -0.6212
vn -0.6345 0.3210 -0.7031
vn -0.9305 0.0467 0.3633
vn -0.9848 0.0754 0.1563
vn -0.9913 0.1032 -0.0819
vn -0.9406 0.1252 -0.3155
vn -0.8485 0.1387 -0.5107
vn -0.7414 0.1449 -0.6553
vn -0.6612 0.1462 -0.7358
vn -0.9325 0.0108 0.3611
vn -0.9883 0.0173 0.1516
vn -0.9958 0.0236 -0.0890
vn -0.9456 0.0285 -0.3240
vn -0.8539 0.0315 -0.5195
vn 0.7608 0.1478 -0.6319
vn 0.7712 0.1475 -0.6192
vn 0.7319 0.3228 -0.6000
vn 0.7550 0.3198 -0.5725
vn 0.6657 0.5192 -0.5360
vn 0.7033 0.5133 -0.4918
vn 0.5557 0.7082 -0.4355
vn 0.6077 0.6999 -0.3752
vn 0.4137 0.8560 -0.3099
vn 0.4771 0.8463 -0.2369
vn 0.2655 0.9468 -0.1817
vn 0.3356 0.9366 -0.1005
vn 0.2055 0.9785 0.0167
vn 0.7876 0.1396 -0.6001
vn 0.7913 0.3022 -0.5315
vn 0.7630 0.4858 -0.4265
vn 0.6904 0.6645 -0.2859
vn 0.5774 0.8064 -0.1277
vn 0.4457 0.8949 0.0225
vn 0.3187 0.9363 0.1474
vn 0.2325 0.9465 0.2239
vn 0.8059 0.1243 -0.5789
vn 0.8313 0.2688 -0.4865
vn 0.8287 0.4331 -0.3546
vn 0.7818 0.5947 -0.1872
vn 0.6890 0.7247 -0.0061
vn 0.5687 0.8068 0.1601
vn 0.4456 0.8455 0.2941
vn 0.3592 0.8551 0.3738
vn 0.8235 0.1018 -0.5581
vn 0.8695 0.2202 -0.4421
vn 0.8907 0.3554 -0.2835
vn 0.8676 0.4892 -0.0895
vn 0.7938 0.5974 0.1138
vn 0.6850 0.6662 0.2948
vn 0.5669 0.6987 0.4364
vn 0.4812 0.7067 0.5187
vn 0.8379 0.0745 -0.5408
vn 0.9002 0.1617 -0.4044
vn 0.9393 0.2610 -0.2228
vn 0.9333 0.3591 -0.0068
vn 0.8732 0.4382 0.2134
vn 0.7735 0.4882 0.4042
vn 0.6602 0.5117 0.5498
vn 0.5764 0.5173 0.6326
vn 0.8474 0.0466 -0.5288
vn 0.9203 0.1015 -0.3778
vn 0.9700 0.1638 -0.1798
vn 0.9731 0.2247 0.0509
vn 0.9201 0.2734 0.2806
vn 0.8257 0.3037 0.4754
vn 0.7163 0.3178 0.6212
vn 0.6345 0.3210 0.7031
vn 0.9305 0.0467 -0.3633
vn 0.9848 0.0754 -0.1563
vn 0.9913 0.1032 0.0819
vn 0.9406 0.1252 0.3155
vn 0.8485 0.1387 0.5107
vn 0.7414 0.1449 0.6553
vn 0.6612 0.1462 0.7358
vn 0.9325 0.0108 -0.3611
vn 0.9883 0.0173 -0.1516
vn 0.9958 0.0236 0.0890
vn 0.9456 0.0285 0.3240
vn 0.8539 0.0315 0.5195
vn 0.6319 0.1478 0.7608
vn 0.6192 0.1475 0.7712
vn 0.6000 0.3228 0.7319
vn 0.5725 0.3198 0.7550
vn 0.5360 0.5192 0.6657
vn 0.4918 0.5133 0.7033
vn 0.4355 0.7082 0.5557
vn 0.3752 0.6999 0.6077
vn 0.3100 0.8560 0.4137
vn 0.2369 0.8463 0.4771
vn 0.1817 0.9468 0.2655
vn 0.1005 0.9366 0.3356
vn -0.0167 0.9785 0.2055
vn 0.6001 0.1396 0.7876
vn 0.5315 0.3022 0.7913
vn 0.4265 0.4858 0.7630
vn 0.2859 0.6645 0.6904
vn 0.1277 0.8064 0.5774
vn -0.0225 0.8949 0.4457
vn -0.1474 0.9363 0.3187
vn -0.2239 0.9465 0.2325
vn 0.5789 0.1243 0.8059
vn 0.4865 0.2688 0.8313
vn 0.3546 0.4331 0.8287
vn 0.1872 0.5947 0.7818
vn 0.0061 0.7247 0.6890
vn -0.1601 0.8068 0.5687
vn -0.2941 0.8455 0.4457
vn -0.3738 0.8551 0.3592
vn 0.5581 0.1018 0.8235
vn 0.4421 0.2202 0.8695
vn 0.2835 0.3554 0.8907
vn 0.0895 0.4892 0.8676
vn -0.1138 0.5974 0.7938
vn -0.2948 0.6662 0.6850
vn -0.4365 0.6987 0.5668
vn -0.5187 0.7067 0.4812
vn 0.5408 0.0745 0.8379
vn 0.4044 0.1617 0.9002
vn 0.2228 0.2610 0.9393
vn 0.0068 0.3591 0.9333
vn -0.2134 0.4383 0.8732
vn -0.4042 0.4882 0.7735
vn -0.5498 0.5117 0.6602
vn -0.6326 0.5173 0.5764
vn 0.5288 0.0466 0.8474
vn 0.3778 0.1015 0.9203
vn 0.1798 0.1638 0.9700
vn -0.0509 0.2247 0.9731
vn -0.2806 0.2734 0.9201
vn -0.4754 0.3037 0.8257
vn -0.6212 0.3178 0.7163
vn -0.7031 0.3210 0.6345
vn 0.3633 0.0467 0.9305
vn 0.1563 0.0754 0.9848
vn -0.0819 0.1032 0.9913
vn -0.3155 0.1252 0.9406
vn -0.5107 0.1387 0.8485
vn -0.6553 0.1449 0.7414
vn -0.7358 0.1462 0.6612
vn 0.3611 0.0108 0.9325
vn 0.1516 0.0173 0.9883
vn -0.0890 0.0236 0.9958
vn -0.3240 0.0285 0.9456
vn -0.5195 0.0315 0.8539
# 328 vertex normals

vt 0.9011 0.0000 0.0000
vt 0.9243 0.0044 0.0000
vt 0.9444 0.0176 0.0000
vt 0.9614 0.0397 0.0000
vt 0.9753 0.0705 0.0000
vt 0.9861 0.1102 0.0000
vt 0.9938 0.1586 0.0000
vt 0.9985 0.2159 0.0000
vt 1.0000 0.2820 0.0000
vt 1.0000 0.7180 0.0000
vt 0.9985 0.7841 0.0000
vt 0.9938 0.8414 0.0000
vt 0.9861 0.8898 0.0000
vt 0.9753 0.9295 0.0000
vt 0.9614 0.9603 0.0000
vt 0.9444 0.9824 0.0000
vt 0.9243 0.9956 0.0000
vt 0.9011 1.0000 0.0000
vt 0.0989 1.0000 0.0000
vt 0.0757 0.9956 0.0000
vt 0.0556 0.9824 0.0000
vt 0.0386 0.9603 0.0000
vt 0.0247 0.9295 0.0000
vt 0.0139 0.8898 0.0000
vt 0.0062 0.8414 0.0000
vt 0.0015 0.7841 0.0000
vt 0.0000 0.7180 0.0000
vt 0.0000 0.2820 0.0000
vt 0.0015 0.2159 0.0000
vt 0.0062 0.1586 0.0000
vt 0.0139 0.1102 0.0000
vt 0.0247 0.0705 0.0000
vt 0.0386 0.0397 0.0000
vt 0.0556 0.0176 0.0000
vt 0.0757 0.0044 0.0000
vt 0.0989 0.0000 0.0000
vt 0.0989 0.2820 0.0000
vt 0.9011 0.2820 0.0000
vt 0.9011 0.7180 0.0000
vt 0.0989 0.7180 0.0000
vt 0.9011 0.9876 0.0000
vt 0.0989 0.9876 0.0000
vt 0.2820 0.0000 0.0000
vt 0.7180 0.0000 0.0000
vt 0.7180 0.9876 0.0000
vt 0.2820 0.9876 0.0000
vt 0.0000 1.0000 0.0000
vt 0.0989 1.2636 0.0000
vt 0.0989 1.2291 0.0000
vt 0.9011 1.2291 0.0000
vt 0.9011 1.2636 0.0000
vt 0.2820 0.5888 0.0000
vt 0.2820 0.6387 0.0000
vt 0.7180 0.6387 0.0000
vt 0.7180 0.5888 0.0000
vt 0.0858 -0.0039 0.0000
vt 0.1103 -0.0034 0.0000
vt 0.1124 0.9842 0.0000
vt 0.0882 0.9837 0.0000
vt 0.9118 0.9837 0.0000
vt 0.8876 0.9842 0.0000
vt 0.8897 -0.0034 0.0000
vt 0.9142 -0.0039 0.0000
vt 0.2443 -0.0106 0.0000
vt 0.2261 -0.0092 0.0000
vt 0.2204 0.9786 0.0000
vt 0.2378 0.9773 0.0000
vt 0.0730 0.9914 0.0000
vt 0.0448 0.9966 0.0000
vt 0.0143 1.0032 0.0000
vt -0.0186 1.0113 0.0000
vt -0.0537 1.0207 0.0000
vt -0.0912 1.0315 0.0000
vt -0.1310 1.0438 0.0000
vt -0.1732 1.0574 0.0000
vt -0.1353 1.0420 0.0000
vt -0.1082 1.0243 0.0000
vt -0.0920 1.0044 0.0000
vt -0.0866 0.9824 0.0000
vt -0.0920 0.9581 0.0000
vt -0.1082 0.9316 0.0000
vt -0.1353 0.9029 0.0000
vt -0.1732 0.8720 0.0000
vt 0.2188 0.9928 0.0000
vt 0.1702 1.0022 0.0000
vt 0.1362 1.0157 0.0000
vt 0.1168 1.0334 0.0000
vt 0.1121 1.0552 0.0000
vt 0.1219 1.0813 0.0000
vt 0.1463 1.1115 0.0000
vt 0.1854 1.1458 0.0000
vt 0.1411 1.1107 0.0000
vt 0.1009 1.0783 0.0000
vt 0.0648 1.0486 0.0000
vt 0.0328 1.0215 0.0000
vt 0.0049 0.9971 0.0000
vt -0.0189 0.9755 0.0000
vt -0.0387 0.9565 0.0000
vt -0.0543 0.9402 0.0000
vt 0.0989 1.1946 0.0000
vt 0.9011 1.1946 0.0000
vt 0.0989 1.1601 0.0000
vt 0.9011 1.1601 0.0000
vt 0.0989 1.1256 0.0000
vt 0.9011 1.1256 0.0000
vt 0.0989 1.0911 0.0000
vt 0.9011 1.0911 0.0000
vt 0.0989 1.0566 0.0000
vt 0.9011 1.0566 0.0000
vt 0.0989 1.0221 0.0000
vt 0.9011 1.0221 0.0000
vt 0.2820 0.6885 0.0000
vt 0.7180 0.6885 0.0000
vt 0.2820 0.7384 0.0000
vt 0.7180 0.7384 0.0000
vt 0.2820 0.7882 0.0000
vt 0.7180 0.7882 0.0000
vt 0.2820 0.8381 0.0000
vt 0.7180 0.8381 0.0000
vt 0.2820 0.8879 0.0000
vt 0.7180 0.8879 0.0000
vt 0.2820 0.9378 0.0000
vt 0.7180 0.9378 0.0000
vt 0.1349 -0.0029 0.0000
vt 0.1366 0.9847 0.0000
vt 0.1594 -0.0024 0.0000
vt 0.1609 0.9852 0.0000
vt 0.1839 -0.0020 0.0000
vt 0.1851 0.9857 0.0000
vt 0.2084 -0.0015 0.0000
vt 0.2093 0.9862 0.0000
vt 0.2330 -0.0010 0.0000
vt 0.2336 0.9867 0.0000
vt 0.2575 -0.0005 0.0000
vt 0.2578 0.9871 0.0000
vt 0.8634 0.9847 0.0000
vt 0.8651 -0.0029 0.0000
vt 0.8391 0.9852 0.0000
vt 0.8406 -0.0024 0.0000
vt 0.8149 0.9857 0.0000
vt 0.8161 -0.0020 0.0000
vt 0.7907 0.9862 0.0000
vt 0.7916 -0.0015 0.0000
vt 0.7664 0.9867 0.0000
vt 0.7670 -0.0010 0.0000
vt 0.7422 0.9871 0.0000
vt 0.7425 -0.0005 0.0000
vt 0.2079 -0.0079 0.0000
vt 0.2031 0.9799 0.0000
vt 0.1898 -0.0066 0.0000
vt 0.1857 0.9812 0.0000
vt 0.1716 -0.0053 0.0000
vt 0.1684 0.9825 0.0000
vt 0.1534 -0.0040 0.0000
vt 0.1510 0.9838 0.0000
vt 0.1353 -0.0026 0.0000
vt 0.1336 0.9851 0.0000
vt 0.1171 -0.0013 0.0000
vt 0.1163 0.9863 0.0000
# 159 texture coords

o Box031
g Box031
usemtl wire_255255255
s 1
f 985/478/985 986/479/986 987/480/987 988/481/988 989/482/989 990/483/990 991/484/991 992/485/992 993/486/993 994/487/994 995/488/995 996/489/996 997/490/997 998/491/998 999/492/999 1000/493/1000 1001/494/1001 1002/495/1002 1003/496/1003 1004/497/1004 1005/498/1005 1006/499/1006 1007/500/1007 1008/501/1008 1009/502/1009 1010/503/1010 1011/504/1011 1012/505/1012 1013/506/1013 1014/507/1014 1015/508/1015 1016/509/1016 1017/510/1017 1018/511/1018 1019/512/1019 1020/513/1020 
s 2
f 1021/514/1021 1022/515/1022 1023/516/1023 1024/517/1024 
f 985/513/985 1020/478/1020 1025/518/1025 1026/519/1026 
f 1012/520/1012 1011/521/1011 1027/522/1027 1028/523/1028 
f 1003/513/1003 1002/478/1002 1029/518/1029 1030/519/1030 
f 994/520/994 993/521/993 1031/522/1031 1032/523/1032 
f 1026/519/1026 1033/524/1033 1034/524/1034 
f 1028/523/1028 1035/524/1035 1036/524/1036 
f 1032/523/1032 1037/524/1037 1038/524/1038 
f 1030/519/1030 1039/524/1039 1040/524/1040 
f 1021/525/1021 1041/526/1041 1042/527/1042 1022/528/1022 
f 1022/529/1022 1043/530/1043 1044/531/1044 1023/532/1023 
f 1023/525/1023 1045/526/1045 1046/527/1046 1024/528/1024 
f 1024/529/1024 1047/530/1047 1048/531/1048 1021/532/1021 
f 1020/533/1020 1019/534/1019 1049/535/1049 1025/536/1025 
f 1026/537/1026 1034/538/1034 986/539/986 985/540/985 
f 1011/541/1011 1010/542/1010 1050/543/1050 1027/544/1027 
f 1002/533/1002 1001/534/1001 1051/535/1051 1029/536/1029 
f 1026/519/1026 1052/545/1052 1053/524/1053 
f 1052/545/1052 1054/546/1054 1055/524/1055 1053/524/1053 
f 1054/546/1054 1056/547/1056 1057/524/1057 1055/524/1055 
f 1056/547/1056 1058/548/1058 1059/524/1059 1057/524/1057 
f 1058/548/1058 1060/549/1060 1061/524/1061 1059/524/1059 
f 1060/549/1060 1062/550/1062 1063/524/1063 1061/524/1061 
f 1062/550/1062 1041/551/1041 1064/524/1064 1063/524/1063 
f 1041/551/1041 1021/552/1021 1048/553/1048 1064/524/1064 
f 1026/519/1026 1053/524/1053 1065/524/1065 
f 1053/524/1053 1055/524/1055 1066/524/1066 1065/524/1065 
f 1055/524/1055 1057/524/1057 1067/524/1067 1066/524/1066 
f 1057/524/1057 1059/524/1059 1068/524/1068 1067/524/1067 
f 1059/524/1059 1061/524/1061 1069/524/1069 1068/524/1068 
f 1061/524/1061 1063/524/1063 1070/524/1070 1069/524/1069 
f 1063/524/1063 1064/524/1064 1071/524/1071 1070/524/1070 
f 1064/524/1064 1048/553/1048 1072/554/1072 1071/524/1071 
f 1026/519/1026 1065/524/1065 1073/524/1073 
f 1065/524/1065 1066/524/1066 1074/524/1074 1073/524/1073 
f 1066/524/1066 1067/524/1067 1075/524/1075 1074/524/1074 
f 1067/524/1067 1068/524/1068 1076/524/1076 1075/524/1075 
f 1068/524/1068 1069/524/1069 1077/524/1077 1076/524/1076 
f 1069/524/1069 1070/524/1070 1078/524/1078 1077/524/1077 
f 1070/524/1070 1071/524/1071 1079/524/1079 1078/524/1078 
f 1071/524/1071 1072/554/1072 1080/555/1080 1079/524/1079 
f 1026/519/1026 1073/524/1073 1081/524/1081 
f 1073/524/1073 1074/524/1074 1082/524/1082 1081/524/1081 
f 1074/524/1074 1075/524/1075 1083/524/1083 1082/524/1082 
f 1075/524/1075 1076/524/1076 1084/524/1084 1083/524/1083 
f 1076/524/1076 1077/524/1077 1085/524/1085 1084/524/1084 
f 1077/524/1077 1078/524/1078 1086/524/1086 1085/524/1085 
f 1078/524/1078 1079/524/1079 1087/524/1087 1086/524/1086 
f 1079/524/1079 1080/555/1080 1088/556/1088 1087/524/1087 
f 1026/519/1026 1081/524/1081 1089/524/1089 
f 1081/524/1081 1082/524/1082 1090/524/1090 1089/524/1089 
f 1082/524/1082 1083/524/1083 1091/524/1091 1090/524/1090 
f 1083/524/1083 1084/524/1084 1092/524/1092 1091/524/1091 
f 1084/524/1084 1085/524/1085 1093/524/1093 1092/524/1092 
f 1085/524/1085 1086/524/1086 1094/524/1094 1093/524/1093 
f 1086/524/1086 1087/524/1087 1095/524/1095 1094/524/1094 
f 1087/524/1087 1088/556/1088 1096/557/1096 1095/524/1095 
f 1026/519/1026 1089/524/1089 1097/524/1097 
f 1089/524/1089 1090/524/1090 1098/524/1098 1097/524/1097 
f 1090/524/1090 1091/524/1091 1099/524/1099 1098/524/1098 
f 1091/524/1091 1092/524/1092 1100/524/1100 1099/524/1099 
f 1092/524/1092 1093/524/1093 1101/524/1101 1100/524/1100 
f 1093/524/1093 1094/524/1094 1102/524/1102 1101/524/1101 
f 1094/524/1094 1095/524/1095 1103/524/1103 1102/524/1102 
f 1095/524/1095 1096/557/1096 1104/558/1104 1103/524/1103 
f 1026/519/1026 1097/524/1097 1033/524/1033 
f 1097/524/1097 1098/524/1098 1105/524/1105 1033/524/1033 
f 1098/524/1098 1099/524/1099 1106/524/1106 1105/524/1105 
f 1099/524/1099 1100/524/1100 1107/524/1107 1106/524/1106 
f 1100/524/1100 1101/524/1101 1108/524/1108 1107/524/1107 
f 1101/524/1101 1102/524/1102 1109/524/1109 1108/524/1108 
f 1102/524/1102 1103/524/1103 1110/524/1110 1109/524/1109 
f 1103/524/1103 1104/558/1104 1111/559/1111 1110/524/1110 
f 1033/524/1033 1105/524/1105 1112/524/1112 1034/524/1034 
f 1105/524/1105 1106/524/1106 1113/524/1113 1112/524/1112 
f 1106/524/1106 1107/524/1107 1114/524/1114 1113/524/1113 
f 1107/524/1107 1108/524/1108 1115/524/1115 1114/524/1114 
f 1108/524/1108 1109/524/1109 1116/524/1116 1115/524/1115 
f 1109/524/1109 1110/524/1110 1117/524/1117 1116/524/1116 
f 1110/524/1110 1111/559/1111 1031/560/1031 1117/524/1117 
f 1028/523/1028 1118/561/1118 1119/524/1119 
f 1118/561/1118 1120/562/1120 1121/524/1121 1119/524/1119 
f 1120/562/1120 1122/563/1122 1123/524/1123 1121/524/1121 
f 1122/563/1122 1124/564/1124 1125/524/1125 1123/524/1123 
f 1124/564/1124 1126/565/1126 1127/524/1127 1125/524/1125 
f 1126/565/1126 1128/566/1128 1129/524/1129 1127/524/1127 
f 1128/566/1128 1043/567/1043 1130/524/1130 1129/524/1129 
f 1043/567/1043 1022/568/1022 1042/569/1042 1130/524/1130 
f 1028/523/1028 1119/524/1119 1131/524/1131 
f 1119/524/1119 1121/524/1121 1132/524/1132 1131/524/1131 
f 1121/524/1121 1123/524/1123 1133/524/1133 1132/524/1132 
f 1123/524/1123 1125/524/1125 1134/524/1134 1133/524/1133 
f 1125/524/1125 1127/524/1127 1135/524/1135 1134/524/1134 
f 1127/524/1127 1129/524/1129 1136/524/1136 1135/524/1135 
f 1129/524/1129 1130/524/1130 1137/524/1137 1136/524/1136 
f 1130/524/1130 1042/569/1042 1138/570/1138 1137/524/1137 
f 1028/523/1028 1131/524/1131 1139/524/1139 
f 1131/524/1131 1132/524/1132 1140/524/1140 1139/524/1139 
f 1132/524/1132 1133/524/1133 1141/524/1141 1140/524/1140 
f 1133/524/1133 1134/524/1134 1142/524/1142 1141/524/1141 
f 1134/524/1134 1135/524/1135 1143/524/1143 1142/524/1142 
f 1135/524/1135 1136/524/1136 1144/524/1144 1143/524/1143 
f 1136/524/1136 1137/524/1137 1145/524/1145 1144/524/1144 
f 1137/524/1137 1138/570/1138 1146/571/1146 1145/524/1145 
f 1028/523/1028 1139/524/1139 1147/524/1147 
f 1139/524/1139 1140/524/1140 1148/524/1148 1147/524/1147 
f 1140/524/1140 1141/524/1141 1149/524/1149 1148/524/1148 
f 1141/524/1141 1142/524/1142 1150/524/1150 1149/524/1149 
f 1142/524/1142 1143/524/1143 1151/524/1151 1150/524/1150 
f 1143/524/1143 1144/524/1144 1152/524/1152 1151/524/1151 
f 1144/524/1144 1145/524/1145 1153/524/1153 1152/524/1152 
f 1145/524/1145 1146/571/1146 1154/572/1154 1153/524/1153 
f 1028/523/1028 1147/524/1147 1155/524/1155 
f 1147/524/1147 1148/524/1148 1156/524/1156 1155/524/1155 
f 1148/524/1148 1149/524/1149 1157/524/1157 1156/524/1156 
f 1149/524/1149 1150/524/1150 1158/524/1158 1157/524/1157 
f 1150/524/1150 1151/524/1151 1159/524/1159 1158/524/1158 
f 1151/524/1151 1152/524/1152 1160/524/1160 1159/524/1159 
f 1152/524/1152 1153/524/1153 1161/524/1161 1160/524/1160 
f 1153/524/1153 1154/572/1154 1162/573/1162 1161/524/1161 
f 1028/523/1028 1155/524/1155 1163/524/1163 
f 1155/524/1155 1156/524/1156 1164/524/1164 1163/524/1163 
f 1156/524/1156 1157/524/1157 1165/524/1165 1164/524/1164 
f 1157/524/1157 1158/524/1158 1166/524/1166 1165/524/1165 
f 1158/524/1158 1159/524/1159 1167/524/1167 1166/524/1166 
f 1159/524/1159 1160/524/1160 1168/524/1168 1167/524/1167 
f 1160/524/1160 1161/524/1161 1169/524/1169 1168/524/1168 
f 1161/524/1161 1162/573/1162 1170/574/1170 1169/524/1169 
f 1028/523/1028 1163/524/1163 1035/524/1035 
f 1163/524/1163 1164/524/1164 1171/524/1171 1035/524/1035 
f 1164/524/1164 1165/524/1165 1172/524/1172 1171/524/1171 
f 1165/524/1165 1166/524/1166 1173/524/1173 1172/524/1172 
f 1166/524/1166 1167/524/1167 1174/524/1174 1173/524/1173 
f 1167/524/1167 1168/524/1168 1175/524/1175 1174/524/1174 
f 1168/524/1168 1169/524/1169 1176/524/1176 1175/524/1175 
f 1169/524/1169 1170/574/1170 1177/575/1177 1176/524/1176 
f 1035/524/1035 1171/524/1171 1178/524/1178 1036/524/1036 
f 1171/524/1171 1172/524/1172 1179/524/1179 1178/524/1178 
f 1172/524/1172 1173/524/1173 1180/524/1180 1179/524/1179 
f 1173/524/1173 1174/524/1174 1181/524/1181 1180/524/1180 
f 1174/524/1174 1175/524/1175 1182/524/1182 1181/524/1181 
f 1175/524/1175 1176/524/1176 1049/524/1049 1182/524/1182 
f 1176/524/1176 1177/575/1177 1025/576/1025 1049/524/1049 
f 1032/523/1032 1183/561/1183 1184/524/1184 
f 1183/561/1183 1185/562/1185 1186/524/1186 1184/524/1184 
f 1185/562/1185 1187/563/1187 1188/524/1188 1186/524/1186 
f 1187/563/1187 1189/564/1189 1190/524/1190 1188/524/1188 
f 1189/564/1189 1191/565/1191 1192/524/1192 1190/524/1190 
f 1191/565/1191 1193/566/1193 1194/524/1194 1192/524/1192 
f 1193/566/1193 1047/567/1047 1195/524/1195 1194/524/1194 
f 1047/567/1047 1024/568/1024 1046/569/1046 1195/524/1195 
f 1032/523/1032 1184/524/1184 1196/524/1196 
f 1184/524/1184 1186/524/1186 1197/524/1197 1196/524/1196 
f 1186/524/1186 1188/524/1188 1198/524/1198 1197/524/1197 
f 1188/524/1188 1190/524/1190 1199/524/1199 1198/524/1198 
f 1190/524/1190 1192/524/1192 1200/524/1200 1199/524/1199 
f 1192/524/1192 1194/524/1194 1201/524/1201 1200/524/1200 
f 1194/524/1194 1195/524/1195 1202/524/1202 1201/524/1201 
f 1195/524/1195 1046/569/1046 1203/570/1203 1202/524/1202 
f 1032/523/1032 1196/524/1196 1204/524/1204 
f 1196/524/1196 1197/524/1197 1205/524/1205 1204/524/1204 
f 1197/524/1197 1198/524/1198 1206/524/1206 1205/524/1205 
f 1198/524/1198 1199/524/1199 1207/524/1207 1206/524/1206 
f 1199/524/1199 1200/524/1200 1208/524/1208 1207/524/1207 
f 1200/524/1200 1201/524/1201 1209/524/1209 1208/524/1208 
f 1201/524/1201 1202/524/1202 1210/524/1210 1209/524/1209 
f 1202/524/1202 1203/570/1203 1211/571/1211 1210/524/1210 
f 1032/523/1032 1204/524/1204 1212/524/1212 
f 1204/524/1204 1205/524/1205 1213/524/1213 1212/524/1212 
f 1205/524/1205 1206/524/1206 1214/524/1214 1213/524/1213 
f 1206/524/1206 1207/524/1207 1215/524/1215 1214/524/1214 
f 1207/524/1207 1208/524/1208 1216/524/1216 1215/524/1215 
f 1208/524/1208 1209/524/1209 1217/524/1217 1216/524/1216 
f 1209/524/1209 1210/524/1210 1218/524/1218 1217/524/1217 
f 1210/524/1210 1211/571/1211 1219/572/1219 1218/524/1218 
f 1032/523/1032 1212/524/1212 1220/524/1220 
f 1212/524/1212 1213/524/1213 1221/524/1221 1220/524/1220 
f 1213/524/1213 1214/524/1214 1222/524/1222 1221/524/1221 
f 1214/524/1214 1215/524/1215 1223/524/1223 1222/524/1222 
f 1215/524/1215 1216/524/1216 1224/524/1224 1223/524/1223 
f 1216/524/1216 1217/524/1217 1225/524/1225 1224/524/1224 
f 1217/524/1217 1218/524/1218 1226/524/1226 1225/524/1225 
f 1218/524/1218 1219/572/1219 1227/573/1227 1226/524/1226 
f 1032/523/1032 1220/524/1220 1228/524/1228 
f 1220/524/1220 1221/524/1221 1229/524/1229 1228/524/1228 
f 1221/524/1221 1222/524/1222 1230/524/1230 1229/524/1229 
f 1222/524/1222 1223/524/1223 1231/524/1231 1230/524/1230 
f 1223/524/1223 1224/524/1224 1232/524/1232 1231/524/1231 
f 1224/524/1224 1225/524/1225 1233/524/1233 1232/524/1232 
f 1225/524/1225 1226/524/1226 1234/524/1234 1233/524/1233 
f 1226/524/1226 1227/573/1227 1235/574/1235 1234/524/1234 
f 1032/523/1032 1228/524/1228 1037/524/1037 
f 1228/524/1228 1229/524/1229 1236/524/1236 1037/524/1037 
f 1229/524/1229 1230/524/1230 1237/524/1237 1236/524/1236 
f 1230/524/1230 1231/524/1231 1238/524/1238 1237/524/1237 
f 1231/524/1231 1232/524/1232 1239/524/1239 1238/524/1238 
f 1232/524/1232 1233/524/1233 1240/524/1240 1239/524/1239 
f 1233/524/1233 1234/524/1234 1241/524/1241 1240/524/1240 
f 1234/524/1234 1235/574/1235 1242/575/1242 1241/524/1241 
f 1037/524/1037 1236/524/1236 1243/524/1243 1038/524/1038 
f 1236/524/1236 1237/524/1237 1244/524/1244 1243/524/1243 
f 1237/524/1237 1238/524/1238 1245/524/1245 1244/524/1244 
f 1238/524/1238 1239/524/1239 1246/524/1246 1245/524/1245 
f 1239/524/1239 1240/524/1240 1247/524/1247 1246/524/1246 
f 1240/524/1240 1241/524/1241 1051/524/1051 1247/524/1247 
f 1241/524/1241 1242/575/1242 1029/576/1029 1051/524/1051 
f 1030/519/1030 1248/545/1248 1249/524/1249 
f 1248/545/1248 1250/546/1250 1251/524/1251 1249/524/1249 
f 1250/546/1250 1252/547/1252 1253/524/1253 1251/524/1251 
f 1252/547/1252 1254/548/1254 1255/524/1255 1253/524/1253 
f 1254/548/1254 1256/549/1256 1257/524/1257 1255/524/1255 
f 1256/549/1256 1258/550/1258 1259/524/1259 1257/524/1257 
f 1258/550/1258 1045/551/1045 1260/524/1260 1259/524/1259 
f 1045/551/1045 1023/552/1023 1044/553/1044 1260/524/1260 
f 1030/519/1030 1249/524/1249 1261/524/1261 
f 1249/524/1249 1251/524/1251 1262/524/1262 1261/524/1261 
f 1251/524/1251 1253/524/1253 1263/524/1263 1262/524/1262 
f 1253/524/1253 1255/524/1255 1264/524/1264 1263/524/1263 
f 1255/524/1255 1257/524/1257 1265/524/1265 1264/524/1264 
f 1257/524/1257 1259/524/1259 1266/524/1266 1265/524/1265 
f 1259/524/1259 1260/524/1260 1267/524/1267 1266/524/1266 
f 1260/524/1260 1044/553/1044 1268/554/1268 1267/524/1267 
f 1030/519/1030 1261/524/1261 1269/524/1269 
f 1261/524/1261 1262/524/1262 1270/524/1270 1269/524/1269 
f 1262/524/1262 1263/524/1263 1271/524/1271 1270/524/1270 
f 1263/524/1263 1264/524/1264 1272/524/1272 1271/524/1271 
f 1264/524/1264 1265/524/1265 1273/524/1273 1272/524/1272 
f 1265/524/1265 1266/524/1266 1274/524/1274 1273/524/1273 
f 1266/524/1266 1267/524/1267 1275/524/1275 1274/524/1274 
f 1267/524/1267 1268/554/1268 1276/555/1276 1275/524/1275 
f 1030/519/1030 1269/524/1269 1277/524/1277 
f 1269/524/1269 1270/524/1270 1278/524/1278 1277/524/1277 
f 1270/524/1270 1271/524/1271 1279/524/1279 1278/524/1278 
f 1271/524/1271 1272/524/1272 1280/524/1280 1279/524/1279 
f 1272/524/1272 1273/524/1273 1281/524/1281 1280/524/1280 
f 1273/524/1273 1274/524/1274 1282/524/1282 1281/524/1281 
f 1274/524/1274 1275/524/1275 1283/524/1283 1282/524/1282 
f 1275/524/1275 1276/555/1276 1284/556/1284 1283/524/1283 
f 1030/519/1030 1277/524/1277 1285/524/1285 
f 1277/524/1277 1278/524/1278 1286/524/1286 1285/524/1285 
f 1278/524/1278 1279/524/1279 1287/524/1287 1286/524/1286 
f 1279/524/1279 1280/524/1280 1288/524/1288 1287/524/1287 
f 1280/524/1280 1281/524/1281 1289/524/1289 1288/524/1288 
f 1281/524/1281 1282/524/1282 1290/524/1290 1289/524/1289 
f 1282/524/1282 1283/524/1283 1291/524/1291 1290/524/1290 
f 1283/524/1283 1284/556/1284 1292/557/1292 1291/524/1291 
f 1030/519/1030 1285/524/1285 1293/524/1293 
f 1285/524/1285 1286/524/1286 1294/524/1294 1293/524/1293 
f 1286/524/1286 1287/524/1287 1295/524/1295 1294/524/1294 
f 1287/524/1287 1288/524/1288 1296/524/1296 1295/524/1295 
f 1288/524/1288 1289/524/1289 1297/524/1297 1296/524/1296 
f 1289/524/1289 1290/524/1290 1298/524/1298 1297/524/1297 
f 1290/524/1290 1291/524/1291 1299/524/1299 1298/524/1298 
f 1291/524/1291 1292/557/1292 1300/558/1300 1299/524/1299 
f 1030/519/1030 1293/524/1293 1039/524/1039 
f 1293/524/1293 1294/524/1294 1301/524/1301 1039/524/1039 
f 1294/524/1294 1295/524/1295 1302/524/1302 1301/524/1301 
f 1295/524/1295 1296/524/1296 1303/524/1303 1302/524/1302 
f 1296/524/1296 1297/524/1297 1304/524/1304 1303/524/1303 
f 1297/524/1297 1298/524/1298 1305/524/1305 1304/524/1304 
f 1298/524/1298 1299/524/1299 1306/524/1306 1305/524/1305 
f 1299/524/1299 1300/558/1300 1307/559/1307 1306/524/1306 
f 1039/524/1039 1301/524/1301 1308/524/1308 1040/524/1040 
f 1301/524/1301 1302/524/1302 1309/524/1309 1308/524/1308 
f 1302/524/1302 1303/524/1303 1310/524/1310 1309/524/1309 
f 1303/524/1303 1304/524/1304 1311/524/1311 1310/524/1310 
f 1304/524/1304 1305/524/1305 1312/524/1312 1311/524/1311 
f 1305/524/1305 1306/524/1306 1050/524/1050 1312/524/1312 
f 1306/524/1306 1307/559/1307 1027/560/1027 1050/524/1050 
f 1041/526/1041 1062/577/1062 1138/578/1138 1042/527/1042 
f 1062/577/1062 1060/579/1060 1146/580/1146 1138/578/1138 
f 1060/579/1060 1058/581/1058 1154/582/1154 1146/580/1146 
f 1058/581/1058 1056/583/1056 1162/584/1162 1154/582/1154 
f 1056/583/1056 1054/585/1054 1170/586/1170 1162/584/1162 
f 1054/585/1054 1052/587/1052 1177/588/1177 1170/586/1170 
f 1052/587/1052 1026/519/1026 1025/518/1025 1177/588/1177 
f 1043/530/1043 1128/589/1128 1268/590/1268 1044/531/1044 
f 1128/589/1128 1126/591/1126 1276/592/1276 1268/590/1268 
f 1126/591/1126 1124/593/1124 1284/594/1284 1276/592/1276 
f 1124/593/1124 1122/595/1122 1292/596/1292 1284/594/1284 
f 1122/595/1122 1120/597/1120 1300/598/1300 1292/596/1292 
f 1120/597/1120 1118/599/1118 1307/600/1307 1300/598/1300 
f 1118/599/1118 1028/523/1028 1027/522/1027 1307/600/1307 
f 1045/526/1045 1258/577/1258 1203/578/1203 1046/527/1046 
f 1258/577/1258 1256/579/1256 1211/580/1211 1203/578/1203 
f 1256/579/1256 1254/581/1254 1219/582/1219 1211/580/1211 
f 1254/581/1254 1252/583/1252 1227/584/1227 1219/582/1219 
f 1252/583/1252 1250/585/1250 1235/586/1235 1227/584/1227 
f 1250/585/1250 1248/587/1248 1242/588/1242 1235/586/1235 
f 1248/587/1248 1030/519/1030 1029/518/1029 1242/588/1242 
f 1047/530/1047 1193/589/1193 1072/590/1072 1048/531/1048 
f 1193/589/1193 1191/591/1191 1080/592/1080 1072/590/1072 
f 1191/591/1191 1189/593/1189 1088/594/1088 1080/592/1080 
f 1189/593/1189 1187/595/1187 1096/596/1096 1088/594/1088 
f 1187/595/1187 1185/597/1185 1104/598/1104 1096/596/1096 
f 1185/597/1185 1183/599/1183 1111/600/1111 1104/598/1104 
f 1183/599/1183 1032/523/1032 1031/522/1031 1111/600/1111 
f 1019/534/1019 1018/601/1018 1182/602/1182 1049/535/1049 
f 1018/601/1018 1017/603/1017 1181/604/1181 1182/602/1182 
f 1017/603/1017 1016/605/1016 1180/606/1180 1181/604/1181 
f 1016/605/1016 1015/607/1015 1179/608/1179 1180/606/1180 
f 1015/607/1015 1014/609/1014 1178/610/1178 1179/608/1179 
f 1014/609/1014 1013/611/1013 1036/612/1036 1178/610/1178 
f 1013/611/1013 1012/520/1012 1028/523/1028 1036/612/1036 
f 1034/538/1034 1112/613/1112 987/614/987 986/539/986 
f 1112/613/1112 1113/615/1113 988/616/988 987/614/987 
f 1113/615/1113 1114/617/1114 989/618/989 988/616/988 
f 1114/617/1114 1115/619/1115 990/620/990 989/618/989 
f 1115/619/1115 1116/621/1116 991/622/991 990/620/990 
f 1116/621/1116 1117/623/1117 992/624/992 991/622/991 
f 1117/623/1117 1031/522/1031 993/521/993 992/624/992 
f 1010/542/1010 1009/625/1009 1312/626/1312 1050/543/1050 
f 1009/625/1009 1008/627/1008 1311/628/1311 1312/626/1312 
f 1008/627/1008 1007/629/1007 1310/630/1310 1311/628/1311 
f 1007/629/1007 1006/631/1006 1309/632/1309 1310/630/1310 
f 1006/631/1006 1005/633/1005 1308/634/1308 1309/632/1309 
f 1005/633/1005 1004/635/1004 1040/636/1040 1308/634/1308 
f 1004/635/1004 1003/513/1003 1030/519/1030 1040/636/1040 
f 1001/534/1001 1000/601/1000 1247/602/1247 1051/535/1051 
f 1000/601/1000 999/603/999 1246/604/1246 1247/602/1247 
f 999/603/999 998/605/998 1245/606/1245 1246/604/1246 
f 998/605/998 997/607/997 1244/608/1244 1245/606/1245 
f 997/607/997 996/609/996 1243/610/1243 1244/608/1244 
f 996/609/996 995/611/995 1038/612/1038 1243/610/1243 
f 995/611/995 994/520/994 1032/523/1032 1038/612/1038 
# 294 polygons - 32 triangles

#
# object Box033
#

v  -51.9739 23.2756 -5.1994
v  -51.8879 23.2756 -5.1391
v  -51.6741 23.2756 -4.9211
v  -51.3327 23.2756 -4.5452
v  -50.8636 23.2756 -4.0116
v  -50.2669 23.2756 -3.3201
v  -49.5425 23.2756 -2.4709
v  -48.6904 23.2756 -1.4639
v  -47.7106 23.2756 -0.2990
v  -41.2574 23.2756 7.3916
v  -40.2804 23.2756 8.5588
v  -39.4366 23.2756 9.5728
v  -38.7261 23.2756 10.4337
v  -38.1488 23.2756 11.1414
v  -37.7047 23.2756 11.6961
v  -37.3938 23.2756 12.0975
v  -37.2162 23.2756 12.3459
v  -37.1718 23.2756 12.4411
v  -37.8926 23.2756 13.0460
v  -37.9787 23.2756 12.9857
v  -38.1924 23.2756 12.7677
v  -38.5338 23.2756 12.3918
v  -39.0029 23.2756 11.8582
v  -39.5997 23.2756 11.1667
v  -40.3241 23.2756 10.3175
v  -41.1762 23.2756 9.3105
v  -42.1560 23.2756 8.1456
v  -48.6092 23.2756 0.4550
v  -49.5862 23.2756 -0.7122
v  -50.4300 23.2756 -1.7262
v  -51.1405 23.2756 -2.5871
v  -51.7178 23.2756 -3.2948
v  -52.1619 23.2756 -3.8495
v  -52.4728 23.2756 -4.2510
v  -52.6504 23.2756 -4.4993
v  -52.6948 23.2756 -4.5945
v  -47.7995 46.4191 -0.2244
v  -48.5203 46.4191 0.3804
v  -42.0671 46.4191 8.0710
v  -41.3463 46.4191 7.4662
v  -52.6948 46.1329 -4.5945
v  -51.9739 46.1329 -5.1994
v  -42.1560 46.1329 8.1456
v  -48.6092 46.1329 0.4550
v  -37.1718 46.1329 12.4411
v  -37.8926 46.1329 13.0460
v  -47.7106 46.1329 -0.2990
v  -41.2574 46.1329 7.3916
v  -51.8882 46.1486 -5.1388
v  -51.8879 46.1329 -5.1391
v  -49.5709 46.1486 -0.6939
v  -49.5862 46.1329 -0.7122
v  -40.2957 46.1486 8.5405
v  -40.2804 46.1329 8.5588
v  -37.9784 46.1486 12.9854
v  -37.9787 46.1329 12.9857
v  -48.7779 46.4146 -1.3904
v  -49.4987 46.4146 -0.7856
v  -48.5411 46.4146 0.3979
v  -42.0879 46.4146 8.0885
v  -41.0887 46.4146 9.2370
v  -40.3679 46.4146 8.6322
v  -41.3254 46.4146 7.4487
v  -47.7786 46.4146 -0.2419
v  -52.6504 46.1329 -4.4993
v  -41.1762 46.1329 9.3105
v  -37.2162 46.1329 12.3459
v  -51.9087 46.2000 -5.1216
v  -51.9038 46.1989 -5.1257
v  -51.7130 46.2581 -4.8884
v  -51.7039 46.2561 -4.8961
v  -51.3869 46.3073 -4.4998
v  -51.3742 46.3046 -4.5104
v  -50.9303 46.3475 -3.9556
v  -50.9147 46.3442 -3.9688
v  -50.3433 46.3788 -3.2560
v  -50.3254 46.3750 -3.2711
v  -49.6258 46.4012 -2.4010
v  -49.6063 46.3970 -2.4174
v  -48.7573 46.4102 -1.4076
v  -51.8996 46.1958 -5.1293
v  -51.6960 46.2503 -4.9027
v  -51.3632 46.2964 -4.5197
v  -50.9011 46.3341 -3.9801
v  -50.3099 46.3635 -3.2841
v  -49.5893 46.3844 -2.4316
v  -48.7396 46.3970 -1.4226
v  -47.7606 46.4012 -0.2571
v  -51.8960 46.1905 -5.1323
v  -51.6893 46.2405 -4.9083
v  -51.3539 46.2828 -4.5275
v  -50.8897 46.3173 -3.9897
v  -50.2967 46.3442 -3.2951
v  -49.5750 46.3635 -2.4436
v  -48.7245 46.3750 -1.4352
v  -47.7453 46.3788 -0.2699
v  -51.8931 46.1832 -5.1348
v  -51.6839 46.2268 -4.9129
v  -51.3463 46.2637 -4.5339
v  -50.8803 46.2939 -3.9976
v  -50.2860 46.3173 -3.3041
v  -49.5633 46.3341 -2.4534
v  -48.7122 46.3442 -1.4455
v  -47.7328 46.3475 -0.2804
v  -51.8908 46.1738 -5.1367
v  -51.6796 46.2092 -4.9165
v  -51.3403 46.2392 -4.5388
v  -50.8730 46.2637 -4.0037
v  -50.2776 46.2828 -3.3111
v  -49.5542 46.2964 -2.4611
v  -48.7027 46.3046 -1.4535
v  -47.7231 46.3073 -0.2885
v  -51.8892 46.1622 -5.1380
v  -51.6766 46.1877 -4.9190
v  -51.3361 46.2092 -4.5424
v  -50.8678 46.2268 -4.0081
v  -50.2717 46.2405 -3.3161
v  -49.5477 46.2503 -2.4665
v  -48.6958 46.2561 -1.4593
v  -47.7161 46.2581 -0.2944
v  -51.6747 46.1622 -4.9206
v  -51.3336 46.1738 -4.5445
v  -50.8647 46.1832 -4.0107
v  -50.2681 46.1905 -3.3191
v  -49.5438 46.1958 -2.4698
v  -48.6917 46.1989 -1.4627
v  -47.7120 46.2000 -0.2979
v  -51.6741 46.1329 -4.9211
v  -51.3327 46.1329 -4.5452
v  -50.8636 46.1329 -4.0116
v  -50.2669 46.1329 -3.3201
v  -49.5425 46.1329 -2.4709
v  -48.6904 46.1329 -1.4639
v  -48.6078 46.2000 0.4538
v  -48.8371 46.1989 0.1806
v  -48.6036 46.2581 0.4503
v  -49.0317 46.2561 -0.0598
v  -48.5967 46.3073 0.4445
v  -49.1929 46.3046 -0.2660
v  -48.5870 46.3475 0.4364
v  -49.3208 46.3442 -0.4381
v  -48.5745 46.3788 0.4259
v  -49.4153 46.3750 -0.5762
v  -48.5592 46.4012 0.4131
v  -49.4764 46.3970 -0.6801
v  -49.5042 46.4102 -0.7499
v  -49.0358 46.1958 -0.0563
v  -49.4027 46.2503 -0.5019
v  -49.7096 46.2964 -0.8818
v  -49.9567 46.3341 -1.1960
v  -50.1440 46.3635 -1.4446
v  -50.2714 46.3844 -1.6274
v  -50.3389 46.3970 -1.7446
v  -50.3466 46.4012 -1.7961
v  -49.2040 46.1905 -0.2567
v  -49.7166 46.2405 -0.8760
v  -50.1468 46.2828 -1.4029
v  -50.4948 46.3173 -1.8373
v  -50.7606 46.3442 -2.1794
v  -50.9440 46.3635 -2.4291
v  -51.0452 46.3750 -2.5863
v  -51.0641 46.3788 -2.6512
v  -49.3416 46.1832 -0.4207
v  -49.9734 46.2268 -1.1821
v  -50.5046 46.2637 -1.8292
v  -50.9351 46.2939 -2.3620
v  -51.2650 46.3173 -2.7806
v  -51.4944 46.3341 -3.0850
v  -51.6231 46.3442 -3.2750
v  -51.6512 46.3475 -3.3508
v  -49.4486 46.1738 -0.5482
v  -50.1731 46.2092 -1.4201
v  -50.7828 46.2392 -2.1608
v  -51.2775 46.2637 -2.7701
v  -51.6574 46.2828 -3.2482
v  -51.9224 46.2964 -3.5951
v  -52.0725 46.3046 -3.8106
v  -52.1077 46.3073 -3.8949
v  -49.5250 46.1622 -0.6393
v  -50.3158 46.1877 -1.5902
v  -50.9815 46.2092 -2.3976
v  -51.5221 46.2268 -3.0616
v  -51.9377 46.2405 -3.5823
v  -52.2282 46.2503 -3.9595
v  -52.3936 46.2561 -4.1932
v  -52.4339 46.2581 -4.2836
v  -50.4014 46.1622 -1.6922
v  -51.1008 46.1738 -2.5397
v  -51.6689 46.1832 -3.2365
v  -52.1059 46.1905 -3.7827
v  -52.4116 46.1958 -4.1781
v  -52.5862 46.1989 -4.4228
v  -52.6295 46.2000 -4.5168
v  -50.4300 46.1329 -1.7262
v  -51.1405 46.1329 -2.5871
v  -51.7178 46.1329 -3.2948
v  -52.1619 46.1329 -3.8495
v  -52.4728 46.1329 -4.2510
v  -41.2588 46.2000 7.3928
v  -41.0295 46.1989 7.6660
v  -41.2629 46.2581 7.3963
v  -40.8349 46.2561 7.9064
v  -41.2699 46.3073 7.4021
v  -40.6737 46.3046 8.1126
v  -41.2796 46.3475 7.4102
v  -40.5458 46.3442 8.2847
v  -41.2921 46.3788 7.4207
v  -40.4513 46.3750 8.4228
v  -41.3074 46.4012 7.4335
v  -40.3901 46.3970 8.5267
v  -40.3623 46.4102 8.5965
v  -40.8307 46.1958 7.9029
v  -40.4639 46.2503 8.3485
v  -40.1570 46.2964 8.7284
v  -39.9099 46.3341 9.0426
v  -39.7226 46.3635 9.2912
v  -39.5952 46.3844 9.4740
v  -39.5276 46.3970 9.5912
v  -39.5199 46.4012 9.6427
v  -40.6626 46.1905 8.1033
v  -40.1500 46.2405 8.7226
v  -39.7197 46.2828 9.2495
v  -39.3717 46.3173 9.6839
v  -39.1060 46.3442 10.0260
v  -38.9226 46.3635 10.2757
v  -38.8214 46.3750 10.4329
v  -38.8025 46.3788 10.4978
v  -40.5250 46.1832 8.2673
v  -39.8932 46.2268 9.0287
v  -39.3620 46.2637 9.6758
v  -38.9315 46.2939 10.2086
v  -38.6015 46.3173 10.6272
v  -38.3722 46.3341 10.9315
v  -38.2435 46.3442 11.1216
v  -38.2154 46.3475 11.1974
v  -40.4180 46.1738 8.3948
v  -39.6934 46.2092 9.2667
v  -39.0838 46.2392 10.0074
v  -38.5890 46.2637 10.6167
v  -38.2092 46.2828 11.0948
v  -37.9442 46.2964 11.4417
v  -37.7941 46.3046 11.6572
v  -37.7588 46.3073 11.7415
v  -40.3415 46.1622 8.4859
v  -39.5508 46.1877 9.4368
v  -38.8851 46.2092 10.2442
v  -38.3444 46.2268 10.9082
v  -37.9289 46.2405 11.4289
v  -37.6384 46.2503 11.8060
v  -37.4730 46.2561 12.0398
v  -37.4327 46.2581 12.1302
v  -39.4651 46.1622 9.5388
v  -38.7658 46.1738 10.3863
v  -38.1977 46.1832 11.0831
v  -37.7607 46.1905 11.6293
v  -37.4550 46.1958 12.0247
v  -37.2804 46.1989 12.2694
v  -37.2370 46.2000 12.3634
v  -39.4366 46.1329 9.5728
v  -38.7261 46.1329 10.4337
v  -38.1488 46.1329 11.1414
v  -37.7047 46.1329 11.6961
v  -37.3938 46.1329 12.0975
v  -37.9579 46.2000 12.9682
v  -37.9627 46.1989 12.9723
v  -38.1535 46.2581 12.7350
v  -38.1627 46.2561 12.7427
v  -38.4797 46.3073 12.3464
v  -38.4924 46.3046 12.3570
v  -38.9363 46.3475 11.8022
v  -38.9519 46.3442 11.8153
v  -39.5233 46.3788 11.1026
v  -39.5412 46.3750 11.1177
v  -40.2408 46.4012 10.2476
v  -40.2603 46.3970 10.2640
v  -41.1092 46.4102 9.2542
v  -37.9670 46.1958 12.9759
v  -38.1706 46.2503 12.7493
v  -38.5034 46.2964 12.3663
v  -38.9654 46.3341 11.8267
v  -39.5567 46.3635 11.1307
v  -40.2772 46.3844 10.2782
v  -41.1270 46.3970 9.2692
v  -42.1060 46.4012 8.1037
v  -37.9706 46.1905 12.9789
v  -38.1772 46.2405 12.7549
v  -38.5127 46.2828 12.3741
v  -38.9769 46.3173 11.8363
v  -39.5698 46.3442 11.1417
v  -40.2916 46.3635 10.2902
v  -41.1420 46.3750 9.2818
v  -42.1213 46.3788 8.1165
v  -37.9735 46.1832 12.9813
v  -38.1827 46.2268 12.7595
v  -38.5203 46.2637 12.3805
v  -38.9863 46.2939 11.8442
v  -39.5806 46.3173 11.1507
v  -40.3033 46.3341 10.3000
v  -41.1543 46.3442 9.2921
v  -42.1338 46.3475 8.1270
v  -37.9758 46.1738 12.9833
v  -38.1870 46.2092 12.7631
v  -38.5262 46.2392 12.3854
v  -38.9935 46.2637 11.8503
v  -39.5889 46.2828 11.1577
v  -40.3124 46.2964 10.3077
v  -41.1639 46.3046 9.3001
v  -42.1435 46.3073 8.1351
v  -37.9774 46.1622 12.9846
v  -38.1900 46.1877 12.7656
v  -38.5305 46.2092 12.3890
v  -38.9988 46.2268 11.8547
v  -39.5949 46.2405 11.1627
v  -40.3189 46.2503 10.3131
v  -41.1707 46.2561 9.3059
v  -42.1504 46.2581 8.1410
v  -38.1918 46.1622 12.7672
v  -38.5330 46.1738 12.3911
v  -39.0019 46.1832 11.8573
v  -39.5985 46.1905 11.1657
v  -40.3228 46.1958 10.3164
v  -41.1749 46.1989 9.3093
v  -42.1546 46.2000 8.1445
v  -38.1924 46.1329 12.7677
v  -38.5338 46.1329 12.3918
v  -39.0029 46.1329 11.8582
v  -39.5997 46.1329 11.1667
v  -40.3241 46.1329 10.3175
# 328 vertices

vn -0.4407 -0.6997 -0.5622
vn -0.3794 -0.6896 -0.6169
vn -0.2643 -0.6853 -0.6786
vn -0.1124 -0.6817 -0.7229
vn 0.0639 -0.6802 -0.7302
vn 0.2363 -0.6817 -0.6924
vn 0.3781 -0.6853 -0.6224
vn 0.4808 -0.6895 -0.5417
vn 0.5317 -0.6997 -0.4772
vn 0.5622 -0.6997 -0.4407
vn 0.6169 -0.6895 -0.3795
vn 0.6786 -0.6853 -0.2643
vn 0.7229 -0.6817 -0.1124
vn 0.7302 -0.6802 0.0639
vn 0.6924 -0.6817 0.2363
vn 0.6224 -0.6853 0.3781
vn 0.5416 -0.6896 0.4808
vn 0.4772 -0.6997 0.5317
vn 0.4407 -0.6997 0.5622
vn 0.3794 -0.6896 0.6169
vn 0.2643 -0.6853 0.6786
vn 0.1124 -0.6817 0.7229
vn -0.0639 -0.6802 0.7302
vn -0.2363 -0.6817 0.6924
vn -0.3781 -0.6853 0.6224
vn -0.4808 -0.6895 0.5417
vn -0.5317 -0.6997 0.4772
vn -0.5622 -0.6997 0.4407
vn -0.6169 -0.6895 0.3795
vn -0.6786 -0.6853 0.2643
vn -0.7229 -0.6817 0.1124
vn -0.7302 -0.6802 -0.0639
vn -0.6924 -0.6817 -0.2363
vn -0.6224 -0.6853 -0.3781
vn -0.5416 -0.6896 -0.4808
vn -0.4772 -0.6997 -0.5317
vn 0.0041 0.9989 -0.0468
vn -0.0468 0.9989 -0.0041
vn -0.0041 0.9989 0.0468
vn 0.0468 0.9989 0.0041
vn -0.6675 0.0332 -0.7438
vn -0.6219 0.0267 -0.7826
vn -0.7438 0.0332 0.6675
vn -0.7826 0.0267 0.6219
vn 0.6675 0.0332 0.7438
vn 0.6219 0.0267 0.7826
vn 0.7438 0.0332 -0.6675
vn 0.7826 0.0267 -0.6219
vn -0.5226 0.0214 -0.8523
vn -0.5225 0.0050 -0.8526
vn -0.8523 0.0214 0.5226
vn -0.8526 0.0050 0.5225
vn 0.8523 0.0214 -0.5226
vn 0.8526 0.0050 -0.5225
vn 0.5226 0.0214 0.8523
vn 0.5225 0.0050 0.8526
vn -0.0686 0.9888 -0.1328
vn -0.1196 0.9887 -0.0905
vn -0.1328 0.9888 0.0686
vn -0.0905 0.9887 0.1196
vn 0.0686 0.9888 0.1328
vn 0.1196 0.9887 0.0905
vn 0.1328 0.9888 -0.0686
vn 0.0905 0.9887 -0.1196
vn -0.7473 0.0329 -0.6637
vn -0.6637 0.0329 0.7473
vn 0.7473 0.0329 0.6637
vn -0.6319 0.1478 -0.7608
vn -0.6192 0.1475 -0.7712
vn -0.6000 0.3228 -0.7319
vn -0.5725 0.3198 -0.7550
vn -0.5360 0.5192 -0.6657
vn -0.4918 0.5133 -0.7033
vn -0.4355 0.7082 -0.5557
vn -0.3752 0.6999 -0.6077
vn -0.3100 0.8560 -0.4137
vn -0.2369 0.8463 -0.4771
vn -0.1817 0.9468 -0.2655
vn -0.1005 0.9366 -0.3356
vn 0.0167 0.9785 -0.2055
vn -0.6001 0.1396 -0.7876
vn -0.5315 0.3022 -0.7913
vn -0.4265 0.4858 -0.7630
vn -0.2859 0.6645 -0.6904
vn -0.1277 0.8064 -0.5774
vn 0.0225 0.8949 -0.4457
vn 0.1474 0.9363 -0.3187
vn 0.2239 0.9465 -0.2325
vn -0.5789 0.1243 -0.8059
vn -0.4865 0.2688 -0.8313
vn -0.3546 0.4331 -0.8287
vn -0.1872 0.5947 -0.7818
vn -0.0061 0.7247 -0.6890
vn 0.1601 0.8068 -0.5687
vn 0.2941 0.8455 -0.4457
vn 0.3738 0.8551 -0.3592
vn -0.5581 0.1018 -0.8235
vn -0.4421 0.2202 -0.8695
vn -0.2835 0.3554 -0.8907
vn -0.0895 0.4892 -0.8676
vn 0.1138 0.5974 -0.7938
vn 0.2948 0.6662 -0.6850
vn 0.4365 0.6987 -0.5668
vn 0.5187 0.7067 -0.4812
vn -0.5408 0.0745 -0.8379
vn -0.4044 0.1617 -0.9002
vn -0.2228 0.2610 -0.9393
vn -0.0068 0.3591 -0.9333
vn 0.2134 0.4383 -0.8732
vn 0.4042 0.4882 -0.7735
vn 0.5498 0.5117 -0.6602
vn 0.6326 0.5173 -0.5764
vn -0.5288 0.0466 -0.8474
vn -0.3778 0.1015 -0.9203
vn -0.1798 0.1638 -0.9700
vn 0.0509 0.2247 -0.9731
vn 0.2806 0.2734 -0.9201
vn 0.4754 0.3037 -0.8257
vn 0.6212 0.3178 -0.7163
vn 0.7031 0.3210 -0.6345
vn -0.3633 0.0467 -0.9305
vn -0.1563 0.0754 -0.9848
vn 0.0819 0.1032 -0.9913
vn 0.3155 0.1252 -0.9406
vn 0.5107 0.1387 -0.8485
vn 0.6553 0.1449 -0.7414
vn 0.7358 0.1462 -0.6612
vn -0.3611 0.0108 -0.9325
vn -0.1516 0.0173 -0.9883
vn 0.0890 0.0236 -0.9958
vn 0.3240 0.0285 -0.9456
vn 0.5195 0.0315 -0.8539
vn 0.6637 0.0329 -0.7473
vn -0.7608 0.1478 0.6319
vn -0.7712 0.1475 0.6192
vn -0.7319 0.3228 0.6000
vn -0.7550 0.3198 0.5725
vn -0.6657 0.5192 0.5360
vn -0.7033 0.5133 0.4918
vn -0.5557 0.7082 0.4355
vn -0.6077 0.6999 0.3752
vn -0.4137 0.8560 0.3099
vn -0.4771 0.8463 0.2369
vn -0.2655 0.9468 0.1817
vn -0.3356 0.9366 0.1005
vn -0.2055 0.9785 -0.0167
vn -0.7876 0.1396 0.6001
vn -0.7913 0.3022 0.5315
vn -0.7630 0.4858 0.4265
vn -0.6904 0.6645 0.2859
vn -0.5774 0.8064 0.1277
vn -0.4457 0.8949 -0.0225
vn -0.3187 0.9363 -0.1474
vn -0.2325 0.9465 -0.2239
vn -0.8059 0.1243 0.5789
vn -0.8313 0.2688 0.4865
vn -0.8287 0.4331 0.3546
vn -0.7818 0.5947 0.1872
vn -0.6890 0.7247 0.0061
vn -0.5687 0.8068 -0.1601
vn -0.4456 0.8455 -0.2941
vn -0.3592 0.8551 -0.3738
vn -0.8235 0.1018 0.5581
vn -0.8695 0.2202 0.4421
vn -0.8907 0.3554 0.2835
vn -0.8676 0.4892 0.0895
vn -0.7938 0.5974 -0.1138
vn -0.6850 0.6662 -0.2948
vn -0.5669 0.6987 -0.4364
vn -0.4812 0.7067 -0.5187
vn -0.8379 0.0745 0.5408
vn -0.9002 0.1617 0.4044
vn -0.9393 0.2610 0.2228
vn -0.9333 0.3591 0.0068
vn -0.8732 0.4382 -0.2134
vn -0.7735 0.4882 -0.4042
vn -0.6602 0.5117 -0.5498
vn -0.5764 0.5173 -0.6326
vn -0.8474 0.0466 0.5288
vn -0.9203 0.1015 0.3778
vn -0.9700 0.1638 0.1798
vn -0.9731 0.2247 -0.0509
vn -0.9201 0.2734 -0.2806
vn -0.8257 0.3037 -0.4754
vn -0.7163 0.3178 -0.6212
vn -0.6345 0.3210 -0.7031
vn -0.9305 0.0467 0.3633
vn -0.9848 0.0754 0.1563
vn -0.9913 0.1032 -0.0819
vn -0.9406 0.1252 -0.3155
vn -0.8485 0.1387 -0.5107
vn -0.7414 0.1449 -0.6553
vn -0.6612 0.1462 -0.7358
vn -0.9325 0.0108 0.3611
vn -0.9883 0.0173 0.1516
vn -0.9958 0.0236 -0.0890
vn -0.9456 0.0285 -0.3240
vn -0.8539 0.0315 -0.5195
vn 0.7608 0.1478 -0.6319
vn 0.7712 0.1475 -0.6192
vn 0.7319 0.3228 -0.6000
vn 0.7550 0.3198 -0.5725
vn 0.6657 0.5192 -0.5360
vn 0.7033 0.5133 -0.4918
vn 0.5557 0.7082 -0.4355
vn 0.6077 0.6999 -0.3752
vn 0.4137 0.8560 -0.3099
vn 0.4771 0.8463 -0.2369
vn 0.2655 0.9468 -0.1817
vn 0.3356 0.9366 -0.1005
vn 0.2055 0.9785 0.0167
vn 0.7876 0.1396 -0.6001
vn 0.7913 0.3022 -0.5315
vn 0.7630 0.4858 -0.4265
vn 0.6904 0.6645 -0.2859
vn 0.5774 0.8064 -0.1277
vn 0.4457 0.8949 0.0225
vn 0.3187 0.9363 0.1474
vn 0.2325 0.9465 0.2239
vn 0.8059 0.1243 -0.5789
vn 0.8313 0.2688 -0.4865
vn 0.8287 0.4331 -0.3546
vn 0.7818 0.5947 -0.1872
vn 0.6890 0.7247 -0.0061
vn 0.5687 0.8068 0.1601
vn 0.4456 0.8455 0.2941
vn 0.3592 0.8551 0.3738
vn 0.8235 0.1018 -0.5581
vn 0.8695 0.2202 -0.4421
vn 0.8907 0.3554 -0.2835
vn 0.8676 0.4892 -0.0895
vn 0.7938 0.5974 0.1138
vn 0.6850 0.6662 0.2948
vn 0.5669 0.6987 0.4364
vn 0.4812 0.7067 0.5187
vn 0.8379 0.0745 -0.5408
vn 0.9002 0.1617 -0.4044
vn 0.9393 0.2610 -0.2228
vn 0.9333 0.3591 -0.0068
vn 0.8732 0.4382 0.2134
vn 0.7735 0.4882 0.4042
vn 0.6602 0.5117 0.5498
vn 0.5764 0.5173 0.6326
vn 0.8474 0.0466 -0.5288
vn 0.9203 0.1015 -0.3778
vn 0.9700 0.1638 -0.1798
vn 0.9731 0.2247 0.0509
vn 0.9201 0.2734 0.2806
vn 0.8257 0.3037 0.4754
vn 0.7163 0.3178 0.6212
vn 0.6345 0.3210 0.7031
vn 0.9305 0.0467 -0.3633
vn 0.9848 0.0754 -0.1563
vn 0.9913 0.1032 0.0819
vn 0.9406 0.1252 0.3155
vn 0.8485 0.1387 0.5107
vn 0.7414 0.1449 0.6553
vn 0.6612 0.1462 0.7358
vn 0.9325 0.0108 -0.3611
vn 0.9883 0.0173 -0.1516
vn 0.9958 0.0236 0.0890
vn 0.9456 0.0285 0.3240
vn 0.8539 0.0315 0.5195
vn 0.6319 0.1478 0.7608
vn 0.6192 0.1475 0.7712
vn 0.6000 0.3228 0.7319
vn 0.5725 0.3198 0.7550
vn 0.5360 0.5192 0.6657
vn 0.4918 0.5133 0.7033
vn 0.4355 0.7082 0.5557
vn 0.3752 0.6999 0.6077
vn 0.3100 0.8560 0.4137
vn 0.2369 0.8463 0.4771
vn 0.1817 0.9468 0.2655
vn 0.1005 0.9366 0.3356
vn -0.0167 0.9785 0.2055
vn 0.6001 0.1396 0.7876
vn 0.5315 0.3022 0.7913
vn 0.4265 0.4858 0.7630
vn 0.2859 0.6645 0.6904
vn 0.1277 0.8064 0.5774
vn -0.0225 0.8949 0.4457
vn -0.1474 0.9363 0.3187
vn -0.2239 0.9465 0.2325
vn 0.5789 0.1243 0.8059
vn 0.4865 0.2688 0.8313
vn 0.3546 0.4331 0.8287
vn 0.1872 0.5947 0.7818
vn 0.0061 0.7247 0.6890
vn -0.1601 0.8068 0.5687
vn -0.2941 0.8455 0.4457
vn -0.3738 0.8551 0.3592
vn 0.5581 0.1018 0.8235
vn 0.4421 0.2202 0.8695
vn 0.2835 0.3554 0.8907
vn 0.0895 0.4892 0.8676
vn -0.1138 0.5974 0.7938
vn -0.2948 0.6662 0.6850
vn -0.4365 0.6987 0.5668
vn -0.5187 0.7067 0.4812
vn 0.5408 0.0745 0.8379
vn 0.4044 0.1617 0.9002
vn 0.2228 0.2610 0.9393
vn 0.0068 0.3591 0.9333
vn -0.2134 0.4383 0.8732
vn -0.4042 0.4882 0.7735
vn -0.5498 0.5117 0.6602
vn -0.6326 0.5173 0.5764
vn 0.5288 0.0466 0.8474
vn 0.3778 0.1015 0.9203
vn 0.1798 0.1638 0.9700
vn -0.0509 0.2247 0.9731
vn -0.2806 0.2734 0.9201
vn -0.4754 0.3037 0.8257
vn -0.6212 0.3178 0.7163
vn -0.7031 0.3210 0.6345
vn 0.3633 0.0467 0.9305
vn 0.1563 0.0754 0.9848
vn -0.0819 0.1032 0.9913
vn -0.3155 0.1252 0.9406
vn -0.5107 0.1387 0.8485
vn -0.6553 0.1449 0.7414
vn -0.7358 0.1462 0.6612
vn 0.3611 0.0108 0.9325
vn 0.1516 0.0173 0.9883
vn -0.0890 0.0236 0.9958
vn -0.3240 0.0285 0.9456
vn -0.5195 0.0315 0.8539
# 328 vertex normals

vt 0.9011 0.0000 0.0000
vt 0.9243 0.0044 0.0000
vt 0.9444 0.0176 0.0000
vt 0.9614 0.0397 0.0000
vt 0.9753 0.0705 0.0000
vt 0.9861 0.1102 0.0000
vt 0.9938 0.1586 0.0000
vt 0.9985 0.2159 0.0000
vt 1.0000 0.2820 0.0000
vt 1.0000 0.7180 0.0000
vt 0.9985 0.7841 0.0000
vt 0.9938 0.8414 0.0000
vt 0.9861 0.8898 0.0000
vt 0.9753 0.9295 0.0000
vt 0.9614 0.9603 0.0000
vt 0.9444 0.9824 0.0000
vt 0.9243 0.9956 0.0000
vt 0.9011 1.0000 0.0000
vt 0.0989 1.0000 0.0000
vt 0.0757 0.9956 0.0000
vt 0.0556 0.9824 0.0000
vt 0.0386 0.9603 0.0000
vt 0.0247 0.9295 0.0000
vt 0.0139 0.8898 0.0000
vt 0.0062 0.8414 0.0000
vt 0.0015 0.7841 0.0000
vt 0.0000 0.7180 0.0000
vt 0.0000 0.2820 0.0000
vt 0.0015 0.2159 0.0000
vt 0.0062 0.1586 0.0000
vt 0.0139 0.1102 0.0000
vt 0.0247 0.0705 0.0000
vt 0.0386 0.0397 0.0000
vt 0.0556 0.0176 0.0000
vt 0.0757 0.0044 0.0000
vt 0.0989 0.0000 0.0000
vt 0.0989 0.2820 0.0000
vt 0.9011 0.2820 0.0000
vt 0.9011 0.7180 0.0000
vt 0.0989 0.7180 0.0000
vt 0.9011 0.9876 0.0000
vt 0.0989 0.9876 0.0000
vt 0.2820 0.0000 0.0000
vt 0.7180 0.0000 0.0000
vt 0.7180 0.9876 0.0000
vt 0.2820 0.9876 0.0000
vt 0.0000 1.0000 0.0000
vt 0.0989 1.2636 0.0000
vt 0.0989 1.2291 0.0000
vt 0.9011 1.2291 0.0000
vt 0.9011 1.2636 0.0000
vt 0.2820 0.5888 0.0000
vt 0.2820 0.6387 0.0000
vt 0.7180 0.6387 0.0000
vt 0.7180 0.5888 0.0000
vt 0.0858 -0.0039 0.0000
vt 0.1103 -0.0034 0.0000
vt 0.1124 0.9842 0.0000
vt 0.0882 0.9837 0.0000
vt 0.9118 0.9837 0.0000
vt 0.8876 0.9842 0.0000
vt 0.8897 -0.0034 0.0000
vt 0.9142 -0.0039 0.0000
vt 0.2443 -0.0106 0.0000
vt 0.2261 -0.0092 0.0000
vt 0.2204 0.9786 0.0000
vt 0.2378 0.9773 0.0000
vt 0.0730 0.9914 0.0000
vt 0.0448 0.9966 0.0000
vt 0.0143 1.0032 0.0000
vt -0.0186 1.0113 0.0000
vt -0.0537 1.0207 0.0000
vt -0.0912 1.0315 0.0000
vt -0.1310 1.0438 0.0000
vt -0.1732 1.0574 0.0000
vt -0.1353 1.0420 0.0000
vt -0.1082 1.0243 0.0000
vt -0.0920 1.0044 0.0000
vt -0.0866 0.9824 0.0000
vt -0.0920 0.9581 0.0000
vt -0.1082 0.9316 0.0000
vt -0.1353 0.9029 0.0000
vt -0.1732 0.8720 0.0000
vt 0.2188 0.9928 0.0000
vt 0.1702 1.0022 0.0000
vt 0.1362 1.0157 0.0000
vt 0.1168 1.0334 0.0000
vt 0.1121 1.0552 0.0000
vt 0.1219 1.0813 0.0000
vt 0.1463 1.1115 0.0000
vt 0.1854 1.1458 0.0000
vt 0.1411 1.1107 0.0000
vt 0.1009 1.0783 0.0000
vt 0.0648 1.0486 0.0000
vt 0.0328 1.0215 0.0000
vt 0.0049 0.9971 0.0000
vt -0.0189 0.9755 0.0000
vt -0.0387 0.9565 0.0000
vt -0.0543 0.9402 0.0000
vt 0.0989 1.1946 0.0000
vt 0.9011 1.1946 0.0000
vt 0.0989 1.1601 0.0000
vt 0.9011 1.1601 0.0000
vt 0.0989 1.1256 0.0000
vt 0.9011 1.1256 0.0000
vt 0.0989 1.0911 0.0000
vt 0.9011 1.0911 0.0000
vt 0.0989 1.0566 0.0000
vt 0.9011 1.0566 0.0000
vt 0.0989 1.0221 0.0000
vt 0.9011 1.0221 0.0000
vt 0.2820 0.6885 0.0000
vt 0.7180 0.6885 0.0000
vt 0.2820 0.7384 0.0000
vt 0.7180 0.7384 0.0000
vt 0.2820 0.7882 0.0000
vt 0.7180 0.7882 0.0000
vt 0.2820 0.8381 0.0000
vt 0.7180 0.8381 0.0000
vt 0.2820 0.8879 0.0000
vt 0.7180 0.8879 0.0000
vt 0.2820 0.9378 0.0000
vt 0.7180 0.9378 0.0000
vt 0.1349 -0.0029 0.0000
vt 0.1366 0.9847 0.0000
vt 0.1594 -0.0024 0.0000
vt 0.1609 0.9852 0.0000
vt 0.1839 -0.0020 0.0000
vt 0.1851 0.9857 0.0000
vt 0.2084 -0.0015 0.0000
vt 0.2093 0.9862 0.0000
vt 0.2330 -0.0010 0.0000
vt 0.2336 0.9867 0.0000
vt 0.2575 -0.0005 0.0000
vt 0.2578 0.9871 0.0000
vt 0.8634 0.9847 0.0000
vt 0.8651 -0.0029 0.0000
vt 0.8391 0.9852 0.0000
vt 0.8406 -0.0024 0.0000
vt 0.8149 0.9857 0.0000
vt 0.8161 -0.0020 0.0000
vt 0.7907 0.9862 0.0000
vt 0.7916 -0.0015 0.0000
vt 0.7664 0.9867 0.0000
vt 0.7670 -0.0010 0.0000
vt 0.7422 0.9871 0.0000
vt 0.7425 -0.0005 0.0000
vt 0.2079 -0.0079 0.0000
vt 0.2031 0.9799 0.0000
vt 0.1898 -0.0066 0.0000
vt 0.1857 0.9812 0.0000
vt 0.1716 -0.0053 0.0000
vt 0.1684 0.9825 0.0000
vt 0.1534 -0.0040 0.0000
vt 0.1510 0.9838 0.0000
vt 0.1353 -0.0026 0.0000
vt 0.1336 0.9851 0.0000
vt 0.1171 -0.0013 0.0000
vt 0.1163 0.9863 0.0000
# 159 texture coords

o Box033
g Box033
usemtl 07___Default
s 1
f 1313/637/1313 1314/638/1314 1315/639/1315 1316/640/1316 1317/641/1317 1318/642/1318 1319/643/1319 1320/644/1320 1321/645/1321 1322/646/1322 1323/647/1323 1324/648/1324 1325/649/1325 1326/650/1326 1327/651/1327 1328/652/1328 1329/653/1329 1330/654/1330 1331/655/1331 1332/656/1332 1333/657/1333 1334/658/1334 1335/659/1335 1336/660/1336 1337/661/1337 1338/662/1338 1339/663/1339 1340/664/1340 1341/665/1341 1342/666/1342 1343/667/1343 1344/668/1344 1345/669/1345 1346/670/1346 1347/671/1347 1348/672/1348 
s 2
f 1349/673/1349 1350/674/1350 1351/675/1351 1352/676/1352 
f 1313/672/1313 1348/637/1348 1353/677/1353 1354/678/1354 
f 1340/679/1340 1339/680/1339 1355/681/1355 1356/682/1356 
f 1331/672/1331 1330/637/1330 1357/677/1357 1358/678/1358 
f 1322/679/1322 1321/680/1321 1359/681/1359 1360/682/1360 
f 1354/678/1354 1361/683/1361 1362/683/1362 
f 1356/682/1356 1363/683/1363 1364/683/1364 
f 1360/682/1360 1365/683/1365 1366/683/1366 
f 1358/678/1358 1367/683/1367 1368/683/1368 
f 1349/684/1349 1369/685/1369 1370/686/1370 1350/687/1350 
f 1350/688/1350 1371/689/1371 1372/690/1372 1351/691/1351 
f 1351/684/1351 1373/685/1373 1374/686/1374 1352/687/1352 
f 1352/688/1352 1375/689/1375 1376/690/1376 1349/691/1349 
f 1348/692/1348 1347/693/1347 1377/694/1377 1353/695/1353 
f 1354/696/1354 1362/697/1362 1314/698/1314 1313/699/1313 
f 1339/700/1339 1338/701/1338 1378/702/1378 1355/703/1355 
f 1330/692/1330 1329/693/1329 1379/694/1379 1357/695/1357 
f 1354/678/1354 1380/704/1380 1381/683/1381 
f 1380/704/1380 1382/705/1382 1383/683/1383 1381/683/1381 
f 1382/705/1382 1384/706/1384 1385/683/1385 1383/683/1383 
f 1384/706/1384 1386/707/1386 1387/683/1387 1385/683/1385 
f 1386/707/1386 1388/708/1388 1389/683/1389 1387/683/1387 
f 1388/708/1388 1390/709/1390 1391/683/1391 1389/683/1389 
f 1390/709/1390 1369/710/1369 1392/683/1392 1391/683/1391 
f 1369/710/1369 1349/711/1349 1376/712/1376 1392/683/1392 
f 1354/678/1354 1381/683/1381 1393/683/1393 
f 1381/683/1381 1383/683/1383 1394/683/1394 1393/683/1393 
f 1383/683/1383 1385/683/1385 1395/683/1395 1394/683/1394 
f 1385/683/1385 1387/683/1387 1396/683/1396 1395/683/1395 
f 1387/683/1387 1389/683/1389 1397/683/1397 1396/683/1396 
f 1389/683/1389 1391/683/1391 1398/683/1398 1397/683/1397 
f 1391/683/1391 1392/683/1392 1399/683/1399 1398/683/1398 
f 1392/683/1392 1376/712/1376 1400/713/1400 1399/683/1399 
f 1354/678/1354 1393/683/1393 1401/683/1401 
f 1393/683/1393 1394/683/1394 1402/683/1402 1401/683/1401 
f 1394/683/1394 1395/683/1395 1403/683/1403 1402/683/1402 
f 1395/683/1395 1396/683/1396 1404/683/1404 1403/683/1403 
f 1396/683/1396 1397/683/1397 1405/683/1405 1404/683/1404 
f 1397/683/1397 1398/683/1398 1406/683/1406 1405/683/1405 
f 1398/683/1398 1399/683/1399 1407/683/1407 1406/683/1406 
f 1399/683/1399 1400/713/1400 1408/714/1408 1407/683/1407 
f 1354/678/1354 1401/683/1401 1409/683/1409 
f 1401/683/1401 1402/683/1402 1410/683/1410 1409/683/1409 
f 1402/683/1402 1403/683/1403 1411/683/1411 1410/683/1410 
f 1403/683/1403 1404/683/1404 1412/683/1412 1411/683/1411 
f 1404/683/1404 1405/683/1405 1413/683/1413 1412/683/1412 
f 1405/683/1405 1406/683/1406 1414/683/1414 1413/683/1413 
f 1406/683/1406 1407/683/1407 1415/683/1415 1414/683/1414 
f 1407/683/1407 1408/714/1408 1416/715/1416 1415/683/1415 
f 1354/678/1354 1409/683/1409 1417/683/1417 
f 1409/683/1409 1410/683/1410 1418/683/1418 1417/683/1417 
f 1410/683/1410 1411/683/1411 1419/683/1419 1418/683/1418 
f 1411/683/1411 1412/683/1412 1420/683/1420 1419/683/1419 
f 1412/683/1412 1413/683/1413 1421/683/1421 1420/683/1420 
f 1413/683/1413 1414/683/1414 1422/683/1422 1421/683/1421 
f 1414/683/1414 1415/683/1415 1423/683/1423 1422/683/1422 
f 1415/683/1415 1416/715/1416 1424/716/1424 1423/683/1423 
f 1354/678/1354 1417/683/1417 1425/683/1425 
f 1417/683/1417 1418/683/1418 1426/683/1426 1425/683/1425 
f 1418/683/1418 1419/683/1419 1427/683/1427 1426/683/1426 
f 1419/683/1419 1420/683/1420 1428/683/1428 1427/683/1427 
f 1420/683/1420 1421/683/1421 1429/683/1429 1428/683/1428 
f 1421/683/1421 1422/683/1422 1430/683/1430 1429/683/1429 
f 1422/683/1422 1423/683/1423 1431/683/1431 1430/683/1430 
f 1423/683/1423 1424/716/1424 1432/717/1432 1431/683/1431 
f 1354/678/1354 1425/683/1425 1361/683/1361 
f 1425/683/1425 1426/683/1426 1433/683/1433 1361/683/1361 
f 1426/683/1426 1427/683/1427 1434/683/1434 1433/683/1433 
f 1427/683/1427 1428/683/1428 1435/683/1435 1434/683/1434 
f 1428/683/1428 1429/683/1429 1436/683/1436 1435/683/1435 
f 1429/683/1429 1430/683/1430 1437/683/1437 1436/683/1436 
f 1430/683/1430 1431/683/1431 1438/683/1438 1437/683/1437 
f 1431/683/1431 1432/717/1432 1439/718/1439 1438/683/1438 
f 1361/683/1361 1433/683/1433 1440/683/1440 1362/683/1362 
f 1433/683/1433 1434/683/1434 1441/683/1441 1440/683/1440 
f 1434/683/1434 1435/683/1435 1442/683/1442 1441/683/1441 
f 1435/683/1435 1436/683/1436 1443/683/1443 1442/683/1442 
f 1436/683/1436 1437/683/1437 1444/683/1444 1443/683/1443 
f 1437/683/1437 1438/683/1438 1445/683/1445 1444/683/1444 
f 1438/683/1438 1439/718/1439 1359/719/1359 1445/683/1445 
f 1356/682/1356 1446/720/1446 1447/683/1447 
f 1446/720/1446 1448/721/1448 1449/683/1449 1447/683/1447 
f 1448/721/1448 1450/722/1450 1451/683/1451 1449/683/1449 
f 1450/722/1450 1452/723/1452 1453/683/1453 1451/683/1451 
f 1452/723/1452 1454/724/1454 1455/683/1455 1453/683/1453 
f 1454/724/1454 1456/725/1456 1457/683/1457 1455/683/1455 
f 1456/725/1456 1371/726/1371 1458/683/1458 1457/683/1457 
f 1371/726/1371 1350/727/1350 1370/728/1370 1458/683/1458 
f 1356/682/1356 1447/683/1447 1459/683/1459 
f 1447/683/1447 1449/683/1449 1460/683/1460 1459/683/1459 
f 1449/683/1449 1451/683/1451 1461/683/1461 1460/683/1460 
f 1451/683/1451 1453/683/1453 1462/683/1462 1461/683/1461 
f 1453/683/1453 1455/683/1455 1463/683/1463 1462/683/1462 
f 1455/683/1455 1457/683/1457 1464/683/1464 1463/683/1463 
f 1457/683/1457 1458/683/1458 1465/683/1465 1464/683/1464 
f 1458/683/1458 1370/728/1370 1466/729/1466 1465/683/1465 
f 1356/682/1356 1459/683/1459 1467/683/1467 
f 1459/683/1459 1460/683/1460 1468/683/1468 1467/683/1467 
f 1460/683/1460 1461/683/1461 1469/683/1469 1468/683/1468 
f 1461/683/1461 1462/683/1462 1470/683/1470 1469/683/1469 
f 1462/683/1462 1463/683/1463 1471/683/1471 1470/683/1470 
f 1463/683/1463 1464/683/1464 1472/683/1472 1471/683/1471 
f 1464/683/1464 1465/683/1465 1473/683/1473 1472/683/1472 
f 1465/683/1465 1466/729/1466 1474/730/1474 1473/683/1473 
f 1356/682/1356 1467/683/1467 1475/683/1475 
f 1467/683/1467 1468/683/1468 1476/683/1476 1475/683/1475 
f 1468/683/1468 1469/683/1469 1477/683/1477 1476/683/1476 
f 1469/683/1469 1470/683/1470 1478/683/1478 1477/683/1477 
f 1470/683/1470 1471/683/1471 1479/683/1479 1478/683/1478 
f 1471/683/1471 1472/683/1472 1480/683/1480 1479/683/1479 
f 1472/683/1472 1473/683/1473 1481/683/1481 1480/683/1480 
f 1473/683/1473 1474/730/1474 1482/731/1482 1481/683/1481 
f 1356/682/1356 1475/683/1475 1483/683/1483 
f 1475/683/1475 1476/683/1476 1484/683/1484 1483/683/1483 
f 1476/683/1476 1477/683/1477 1485/683/1485 1484/683/1484 
f 1477/683/1477 1478/683/1478 1486/683/1486 1485/683/1485 
f 1478/683/1478 1479/683/1479 1487/683/1487 1486/683/1486 
f 1479/683/1479 1480/683/1480 1488/683/1488 1487/683/1487 
f 1480/683/1480 1481/683/1481 1489/683/1489 1488/683/1488 
f 1481/683/1481 1482/731/1482 1490/732/1490 1489/683/1489 
f 1356/682/1356 1483/683/1483 1491/683/1491 
f 1483/683/1483 1484/683/1484 1492/683/1492 1491/683/1491 
f 1484/683/1484 1485/683/1485 1493/683/1493 1492/683/1492 
f 1485/683/1485 1486/683/1486 1494/683/1494 1493/683/1493 
f 1486/683/1486 1487/683/1487 1495/683/1495 1494/683/1494 
f 1487/683/1487 1488/683/1488 1496/683/1496 1495/683/1495 
f 1488/683/1488 1489/683/1489 1497/683/1497 1496/683/1496 
f 1489/683/1489 1490/732/1490 1498/733/1498 1497/683/1497 
f 1356/682/1356 1491/683/1491 1363/683/1363 
f 1491/683/1491 1492/683/1492 1499/683/1499 1363/683/1363 
f 1492/683/1492 1493/683/1493 1500/683/1500 1499/683/1499 
f 1493/683/1493 1494/683/1494 1501/683/1501 1500/683/1500 
f 1494/683/1494 1495/683/1495 1502/683/1502 1501/683/1501 
f 1495/683/1495 1496/683/1496 1503/683/1503 1502/683/1502 
f 1496/683/1496 1497/683/1497 1504/683/1504 1503/683/1503 
f 1497/683/1497 1498/733/1498 1505/734/1505 1504/683/1504 
f 1363/683/1363 1499/683/1499 1506/683/1506 1364/683/1364 
f 1499/683/1499 1500/683/1500 1507/683/1507 1506/683/1506 
f 1500/683/1500 1501/683/1501 1508/683/1508 1507/683/1507 
f 1501/683/1501 1502/683/1502 1509/683/1509 1508/683/1508 
f 1502/683/1502 1503/683/1503 1510/683/1510 1509/683/1509 
f 1503/683/1503 1504/683/1504 1377/683/1377 1510/683/1510 
f 1504/683/1504 1505/734/1505 1353/735/1353 1377/683/1377 
f 1360/682/1360 1511/720/1511 1512/683/1512 
f 1511/720/1511 1513/721/1513 1514/683/1514 1512/683/1512 
f 1513/721/1513 1515/722/1515 1516/683/1516 1514/683/1514 
f 1515/722/1515 1517/723/1517 1518/683/1518 1516/683/1516 
f 1517/723/1517 1519/724/1519 1520/683/1520 1518/683/1518 
f 1519/724/1519 1521/725/1521 1522/683/1522 1520/683/1520 
f 1521/725/1521 1375/726/1375 1523/683/1523 1522/683/1522 
f 1375/726/1375 1352/727/1352 1374/728/1374 1523/683/1523 
f 1360/682/1360 1512/683/1512 1524/683/1524 
f 1512/683/1512 1514/683/1514 1525/683/1525 1524/683/1524 
f 1514/683/1514 1516/683/1516 1526/683/1526 1525/683/1525 
f 1516/683/1516 1518/683/1518 1527/683/1527 1526/683/1526 
f 1518/683/1518 1520/683/1520 1528/683/1528 1527/683/1527 
f 1520/683/1520 1522/683/1522 1529/683/1529 1528/683/1528 
f 1522/683/1522 1523/683/1523 1530/683/1530 1529/683/1529 
f 1523/683/1523 1374/728/1374 1531/729/1531 1530/683/1530 
f 1360/682/1360 1524/683/1524 1532/683/1532 
f 1524/683/1524 1525/683/1525 1533/683/1533 1532/683/1532 
f 1525/683/1525 1526/683/1526 1534/683/1534 1533/683/1533 
f 1526/683/1526 1527/683/1527 1535/683/1535 1534/683/1534 
f 1527/683/1527 1528/683/1528 1536/683/1536 1535/683/1535 
f 1528/683/1528 1529/683/1529 1537/683/1537 1536/683/1536 
f 1529/683/1529 1530/683/1530 1538/683/1538 1537/683/1537 
f 1530/683/1530 1531/729/1531 1539/730/1539 1538/683/1538 
f 1360/682/1360 1532/683/1532 1540/683/1540 
f 1532/683/1532 1533/683/1533 1541/683/1541 1540/683/1540 
f 1533/683/1533 1534/683/1534 1542/683/1542 1541/683/1541 
f 1534/683/1534 1535/683/1535 1543/683/1543 1542/683/1542 
f 1535/683/1535 1536/683/1536 1544/683/1544 1543/683/1543 
f 1536/683/1536 1537/683/1537 1545/683/1545 1544/683/1544 
f 1537/683/1537 1538/683/1538 1546/683/1546 1545/683/1545 
f 1538/683/1538 1539/730/1539 1547/731/1547 1546/683/1546 
f 1360/682/1360 1540/683/1540 1548/683/1548 
f 1540/683/1540 1541/683/1541 1549/683/1549 1548/683/1548 
f 1541/683/1541 1542/683/1542 1550/683/1550 1549/683/1549 
f 1542/683/1542 1543/683/1543 1551/683/1551 1550/683/1550 
f 1543/683/1543 1544/683/1544 1552/683/1552 1551/683/1551 
f 1544/683/1544 1545/683/1545 1553/683/1553 1552/683/1552 
f 1545/683/1545 1546/683/1546 1554/683/1554 1553/683/1553 
f 1546/683/1546 1547/731/1547 1555/732/1555 1554/683/1554 
f 1360/682/1360 1548/683/1548 1556/683/1556 
f 1548/683/1548 1549/683/1549 1557/683/1557 1556/683/1556 
f 1549/683/1549 1550/683/1550 1558/683/1558 1557/683/1557 
f 1550/683/1550 1551/683/1551 1559/683/1559 1558/683/1558 
f 1551/683/1551 1552/683/1552 1560/683/1560 1559/683/1559 
f 1552/683/1552 1553/683/1553 1561/683/1561 1560/683/1560 
f 1553/683/1553 1554/683/1554 1562/683/1562 1561/683/1561 
f 1554/683/1554 1555/732/1555 1563/733/1563 1562/683/1562 
f 1360/682/1360 1556/683/1556 1365/683/1365 
f 1556/683/1556 1557/683/1557 1564/683/1564 1365/683/1365 
f 1557/683/1557 1558/683/1558 1565/683/1565 1564/683/1564 
f 1558/683/1558 1559/683/1559 1566/683/1566 1565/683/1565 
f 1559/683/1559 1560/683/1560 1567/683/1567 1566/683/1566 
f 1560/683/1560 1561/683/1561 1568/683/1568 1567/683/1567 
f 1561/683/1561 1562/683/1562 1569/683/1569 1568/683/1568 
f 1562/683/1562 1563/733/1563 1570/734/1570 1569/683/1569 
f 1365/683/1365 1564/683/1564 1571/683/1571 1366/683/1366 
f 1564/683/1564 1565/683/1565 1572/683/1572 1571/683/1571 
f 1565/683/1565 1566/683/1566 1573/683/1573 1572/683/1572 
f 1566/683/1566 1567/683/1567 1574/683/1574 1573/683/1573 
f 1567/683/1567 1568/683/1568 1575/683/1575 1574/683/1574 
f 1568/683/1568 1569/683/1569 1379/683/1379 1575/683/1575 
f 1569/683/1569 1570/734/1570 1357/735/1357 1379/683/1379 
f 1358/678/1358 1576/704/1576 1577/683/1577 
f 1576/704/1576 1578/705/1578 1579/683/1579 1577/683/1577 
f 1578/705/1578 1580/706/1580 1581/683/1581 1579/683/1579 
f 1580/706/1580 1582/707/1582 1583/683/1583 1581/683/1581 
f 1582/707/1582 1584/708/1584 1585/683/1585 1583/683/1583 
f 1584/708/1584 1586/709/1586 1587/683/1587 1585/683/1585 
f 1586/709/1586 1373/710/1373 1588/683/1588 1587/683/1587 
f 1373/710/1373 1351/711/1351 1372/712/1372 1588/683/1588 
f 1358/678/1358 1577/683/1577 1589/683/1589 
f 1577/683/1577 1579/683/1579 1590/683/1590 1589/683/1589 
f 1579/683/1579 1581/683/1581 1591/683/1591 1590/683/1590 
f 1581/683/1581 1583/683/1583 1592/683/1592 1591/683/1591 
f 1583/683/1583 1585/683/1585 1593/683/1593 1592/683/1592 
f 1585/683/1585 1587/683/1587 1594/683/1594 1593/683/1593 
f 1587/683/1587 1588/683/1588 1595/683/1595 1594/683/1594 
f 1588/683/1588 1372/712/1372 1596/713/1596 1595/683/1595 
f 1358/678/1358 1589/683/1589 1597/683/1597 
f 1589/683/1589 1590/683/1590 1598/683/1598 1597/683/1597 
f 1590/683/1590 1591/683/1591 1599/683/1599 1598/683/1598 
f 1591/683/1591 1592/683/1592 1600/683/1600 1599/683/1599 
f 1592/683/1592 1593/683/1593 1601/683/1601 1600/683/1600 
f 1593/683/1593 1594/683/1594 1602/683/1602 1601/683/1601 
f 1594/683/1594 1595/683/1595 1603/683/1603 1602/683/1602 
f 1595/683/1595 1596/713/1596 1604/714/1604 1603/683/1603 
f 1358/678/1358 1597/683/1597 1605/683/1605 
f 1597/683/1597 1598/683/1598 1606/683/1606 1605/683/1605 
f 1598/683/1598 1599/683/1599 1607/683/1607 1606/683/1606 
f 1599/683/1599 1600/683/1600 1608/683/1608 1607/683/1607 
f 1600/683/1600 1601/683/1601 1609/683/1609 1608/683/1608 
f 1601/683/1601 1602/683/1602 1610/683/1610 1609/683/1609 
f 1602/683/1602 1603/683/1603 1611/683/1611 1610/683/1610 
f 1603/683/1603 1604/714/1604 1612/715/1612 1611/683/1611 
f 1358/678/1358 1605/683/1605 1613/683/1613 
f 1605/683/1605 1606/683/1606 1614/683/1614 1613/683/1613 
f 1606/683/1606 1607/683/1607 1615/683/1615 1614/683/1614 
f 1607/683/1607 1608/683/1608 1616/683/1616 1615/683/1615 
f 1608/683/1608 1609/683/1609 1617/683/1617 1616/683/1616 
f 1609/683/1609 1610/683/1610 1618/683/1618 1617/683/1617 
f 1610/683/1610 1611/683/1611 1619/683/1619 1618/683/1618 
f 1611/683/1611 1612/715/1612 1620/716/1620 1619/683/1619 
f 1358/678/1358 1613/683/1613 1621/683/1621 
f 1613/683/1613 1614/683/1614 1622/683/1622 1621/683/1621 
f 1614/683/1614 1615/683/1615 1623/683/1623 1622/683/1622 
f 1615/683/1615 1616/683/1616 1624/683/1624 1623/683/1623 
f 1616/683/1616 1617/683/1617 1625/683/1625 1624/683/1624 
f 1617/683/1617 1618/683/1618 1626/683/1626 1625/683/1625 
f 1618/683/1618 1619/683/1619 1627/683/1627 1626/683/1626 
f 1619/683/1619 1620/716/1620 1628/717/1628 1627/683/1627 
f 1358/678/1358 1621/683/1621 1367/683/1367 
f 1621/683/1621 1622/683/1622 1629/683/1629 1367/683/1367 
f 1622/683/1622 1623/683/1623 1630/683/1630 1629/683/1629 
f 1623/683/1623 1624/683/1624 1631/683/1631 1630/683/1630 
f 1624/683/1624 1625/683/1625 1632/683/1632 1631/683/1631 
f 1625/683/1625 1626/683/1626 1633/683/1633 1632/683/1632 
f 1626/683/1626 1627/683/1627 1634/683/1634 1633/683/1633 
f 1627/683/1627 1628/717/1628 1635/718/1635 1634/683/1634 
f 1367/683/1367 1629/683/1629 1636/683/1636 1368/683/1368 
f 1629/683/1629 1630/683/1630 1637/683/1637 1636/683/1636 
f 1630/683/1630 1631/683/1631 1638/683/1638 1637/683/1637 
f 1631/683/1631 1632/683/1632 1639/683/1639 1638/683/1638 
f 1632/683/1632 1633/683/1633 1640/683/1640 1639/683/1639 
f 1633/683/1633 1634/683/1634 1378/683/1378 1640/683/1640 
f 1634/683/1634 1635/718/1635 1355/719/1355 1378/683/1378 
f 1369/685/1369 1390/736/1390 1466/737/1466 1370/686/1370 
f 1390/736/1390 1388/738/1388 1474/739/1474 1466/737/1466 
f 1388/738/1388 1386/740/1386 1482/741/1482 1474/739/1474 
f 1386/740/1386 1384/742/1384 1490/743/1490 1482/741/1482 
f 1384/742/1384 1382/744/1382 1498/745/1498 1490/743/1490 
f 1382/744/1382 1380/746/1380 1505/747/1505 1498/745/1498 
f 1380/746/1380 1354/678/1354 1353/677/1353 1505/747/1505 
f 1371/689/1371 1456/748/1456 1596/749/1596 1372/690/1372 
f 1456/748/1456 1454/750/1454 1604/751/1604 1596/749/1596 
f 1454/750/1454 1452/752/1452 1612/753/1612 1604/751/1604 
f 1452/752/1452 1450/754/1450 1620/755/1620 1612/753/1612 
f 1450/754/1450 1448/756/1448 1628/757/1628 1620/755/1620 
f 1448/756/1448 1446/758/1446 1635/759/1635 1628/757/1628 
f 1446/758/1446 1356/682/1356 1355/681/1355 1635/759/1635 
f 1373/685/1373 1586/736/1586 1531/737/1531 1374/686/1374 
f 1586/736/1586 1584/738/1584 1539/739/1539 1531/737/1531 
f 1584/738/1584 1582/740/1582 1547/741/1547 1539/739/1539 
f 1582/740/1582 1580/742/1580 1555/743/1555 1547/741/1547 
f 1580/742/1580 1578/744/1578 1563/745/1563 1555/743/1555 
f 1578/744/1578 1576/746/1576 1570/747/1570 1563/745/1563 
f 1576/746/1576 1358/678/1358 1357/677/1357 1570/747/1570 
f 1375/689/1375 1521/748/1521 1400/749/1400 1376/690/1376 
f 1521/748/1521 1519/750/1519 1408/751/1408 1400/749/1400 
f 1519/750/1519 1517/752/1517 1416/753/1416 1408/751/1408 
f 1517/752/1517 1515/754/1515 1424/755/1424 1416/753/1416 
f 1515/754/1515 1513/756/1513 1432/757/1432 1424/755/1424 
f 1513/756/1513 1511/758/1511 1439/759/1439 1432/757/1432 
f 1511/758/1511 1360/682/1360 1359/681/1359 1439/759/1439 
f 1347/693/1347 1346/760/1346 1510/761/1510 1377/694/1377 
f 1346/760/1346 1345/762/1345 1509/763/1509 1510/761/1510 
f 1345/762/1345 1344/764/1344 1508/765/1508 1509/763/1509 
f 1344/764/1344 1343/766/1343 1507/767/1507 1508/765/1508 
f 1343/766/1343 1342/768/1342 1506/769/1506 1507/767/1507 
f 1342/768/1342 1341/770/1341 1364/771/1364 1506/769/1506 
f 1341/770/1341 1340/679/1340 1356/682/1356 1364/771/1364 
f 1362/697/1362 1440/772/1440 1315/773/1315 1314/698/1314 
f 1440/772/1440 1441/774/1441 1316/775/1316 1315/773/1315 
f 1441/774/1441 1442/776/1442 1317/777/1317 1316/775/1316 
f 1442/776/1442 1443/778/1443 1318/779/1318 1317/777/1317 
f 1443/778/1443 1444/780/1444 1319/781/1319 1318/779/1318 
f 1444/780/1444 1445/782/1445 1320/783/1320 1319/781/1319 
f 1445/782/1445 1359/681/1359 1321/680/1321 1320/783/1320 
f 1338/701/1338 1337/784/1337 1640/785/1640 1378/702/1378 
f 1337/784/1337 1336/786/1336 1639/787/1639 1640/785/1640 
f 1336/786/1336 1335/788/1335 1638/789/1638 1639/787/1639 
f 1335/788/1335 1334/790/1334 1637/791/1637 1638/789/1638 
f 1334/790/1334 1333/792/1333 1636/793/1636 1637/791/1637 
f 1333/792/1333 1332/794/1332 1368/795/1368 1636/793/1636 
f 1332/794/1332 1331/672/1331 1358/678/1358 1368/795/1368 
f 1329/693/1329 1328/760/1328 1575/761/1575 1379/694/1379 
f 1328/760/1328 1327/762/1327 1574/763/1574 1575/761/1575 
f 1327/762/1327 1326/764/1326 1573/765/1573 1574/763/1574 
f 1326/764/1326 1325/766/1325 1572/767/1572 1573/765/1573 
f 1325/766/1325 1324/768/1324 1571/769/1571 1572/767/1572 
f 1324/768/1324 1323/770/1323 1366/771/1366 1571/769/1571 
f 1323/770/1323 1322/679/1322 1360/682/1360 1366/771/1366 
# 294 polygons - 32 triangles

#
# object Box034
#

v  -38.0955 23.2756 47.5714
v  -38.1227 23.2756 47.4165
v  -38.1463 23.2756 46.9520
v  -38.1662 23.2756 46.1777
v  -38.1825 23.2756 45.0937
v  -38.1952 23.2756 43.6999
v  -38.2043 23.2756 41.9965
v  -38.2097 23.2756 39.9834
v  -38.2115 23.2756 37.6605
v  -38.2115 23.2756 22.3395
v  -38.2097 23.2756 20.0167
v  -38.2043 23.2756 18.0035
v  -38.1952 23.2756 16.3001
v  -38.1825 23.2756 14.9063
v  -38.1662 23.2756 13.8223
v  -38.1463 23.2756 13.0480
v  -38.1227 23.2756 12.5835
v  -38.0955 23.2756 12.4286
v  -37.1545 23.2756 12.4286
v  -37.1273 23.2756 12.5835
v  -37.1038 23.2756 13.0480
v  -37.0838 23.2756 13.8223
v  -37.0675 23.2756 14.9063
v  -37.0548 23.2756 16.3001
v  -37.0457 23.2756 18.0035
v  -37.0403 23.2756 20.0167
v  -37.0385 23.2756 22.3395
v  -37.0385 23.2756 37.6605
v  -37.0403 23.2756 39.9834
v  -37.0457 23.2756 41.9965
v  -37.0548 23.2756 43.6999
v  -37.0675 23.2756 45.0937
v  -37.0838 23.2756 46.1777
v  -37.1038 23.2756 46.9520
v  -37.1273 23.2756 47.4165
v  -37.1545 23.2756 47.5714
v  -38.0955 46.4191 37.6605
v  -37.1545 46.4191 37.6605
v  -37.1545 46.4191 22.3395
v  -38.0955 46.4191 22.3395
v  -37.1545 46.1329 47.5714
v  -38.0955 46.1329 47.5714
v  -37.0385 46.1329 22.3395
v  -37.0385 46.1329 37.6605
v  -38.0955 46.1329 12.4286
v  -37.1545 46.1329 12.4286
v  -38.2115 46.1329 37.6605
v  -38.2115 46.1329 22.3395
v  -38.1223 46.1486 47.4165
v  -38.1227 46.1329 47.4165
v  -37.0403 46.1486 39.9471
v  -37.0403 46.1329 39.9834
v  -38.2097 46.1486 20.0529
v  -38.2097 46.1329 20.0167
v  -37.1277 46.1486 12.5835
v  -37.1273 46.1329 12.5835
v  -38.0955 46.4146 39.9834
v  -37.1545 46.4146 39.9834
v  -37.1273 46.4146 37.6605
v  -37.1273 46.4146 22.3395
v  -37.1545 46.4146 20.0167
v  -38.0955 46.4146 20.0167
v  -38.1227 46.4146 22.3395
v  -38.1227 46.4146 37.6605
v  -37.1273 46.1329 47.4165
v  -37.0403 46.1329 20.0167
v  -38.1227 46.1329 12.5835
v  -38.0955 46.2000 47.4165
v  -38.1019 46.1989 47.4165
v  -38.0955 46.2581 46.9520
v  -38.1074 46.2561 46.9520
v  -38.0955 46.3073 46.1777
v  -38.1121 46.3046 46.1777
v  -38.0955 46.3475 45.0937
v  -38.1159 46.3442 45.0937
v  -38.0955 46.3788 43.6999
v  -38.1189 46.3750 43.6999
v  -38.0955 46.4012 41.9965
v  -38.1210 46.3970 41.9965
v  -38.1223 46.4102 39.9834
v  -38.1074 46.1958 47.4165
v  -38.1177 46.2503 46.9520
v  -38.1264 46.2964 46.1777
v  -38.1336 46.3341 45.0937
v  -38.1391 46.3635 43.6999
v  -38.1431 46.3844 41.9965
v  -38.1455 46.3970 39.9834
v  -38.1463 46.4012 37.6605
v  -38.1121 46.1905 47.4165
v  -38.1264 46.2405 46.9520
v  -38.1386 46.2828 46.1777
v  -38.1485 46.3173 45.0937
v  -38.1563 46.3442 43.6999
v  -38.1618 46.3635 41.9965
v  -38.1651 46.3750 39.9834
v  -38.1662 46.3788 37.6605
v  -38.1159 46.1832 47.4165
v  -38.1336 46.2268 46.9520
v  -38.1485 46.2637 46.1777
v  -38.1608 46.2939 45.0937
v  -38.1703 46.3173 43.6999
v  -38.1771 46.3341 41.9965
v  -38.1812 46.3442 39.9834
v  -38.1825 46.3475 37.6605
v  -38.1189 46.1738 47.4165
v  -38.1391 46.2092 46.9520
v  -38.1563 46.2392 46.1777
v  -38.1703 46.2637 45.0937
v  -38.1812 46.2828 43.6999
v  -38.1890 46.2964 41.9965
v  -38.1937 46.3046 39.9834
v  -38.1952 46.3073 37.6605
v  -38.1210 46.1622 47.4165
v  -38.1431 46.1877 46.9520
v  -38.1618 46.2092 46.1777
v  -38.1771 46.2268 45.0937
v  -38.1890 46.2405 43.6999
v  -38.1975 46.2503 41.9965
v  -38.2026 46.2561 39.9834
v  -38.2043 46.2581 37.6605
v  -38.1455 46.1622 46.9520
v  -38.1651 46.1738 46.1777
v  -38.1812 46.1832 45.0937
v  -38.1937 46.1905 43.6999
v  -38.2026 46.1958 41.9965
v  -38.2079 46.1989 39.9834
v  -38.2097 46.2000 37.6605
v  -38.1463 46.1329 46.9520
v  -38.1662 46.1329 46.1777
v  -38.1825 46.1329 45.0937
v  -38.1952 46.1329 43.6999
v  -38.2043 46.1329 41.9965
v  -38.2097 46.1329 39.9834
v  -37.0403 46.2000 37.6605
v  -37.0403 46.1989 38.2049
v  -37.0457 46.2581 37.6605
v  -37.0457 46.2561 38.6767
v  -37.0548 46.3073 37.6605
v  -37.0548 46.3046 39.0760
v  -37.0675 46.3475 37.6605
v  -37.0675 46.3442 39.4026
v  -37.0838 46.3788 37.6605
v  -37.0838 46.3750 39.6567
v  -37.1038 46.4012 37.6605
v  -37.1038 46.3970 39.8382
v  -37.1273 46.4102 39.9471
v  -37.0403 46.1958 38.6767
v  -37.0457 46.2503 39.5575
v  -37.0548 46.2964 40.3027
v  -37.0675 46.3341 40.9125
v  -37.0838 46.3635 41.3868
v  -37.1038 46.3844 41.7255
v  -37.1273 46.3970 41.9288
v  -37.1545 46.4012 41.9965
v  -37.0403 46.1905 39.0760
v  -37.0457 46.2405 40.3028
v  -37.0548 46.2828 41.3408
v  -37.0675 46.3173 42.1901
v  -37.0838 46.3442 42.8506
v  -37.1038 46.3635 43.3225
v  -37.1273 46.3750 43.6056
v  -37.1545 46.3788 43.6999
v  -37.0403 46.1832 39.4026
v  -37.0457 46.2268 40.9125
v  -37.0548 46.2637 42.1901
v  -37.0675 46.2939 43.2354
v  -37.0838 46.3173 44.0484
v  -37.1038 46.3341 44.6291
v  -37.1273 46.3442 44.9775
v  -37.1545 46.3475 45.0937
v  -37.0403 46.1738 39.6567
v  -37.0457 46.2092 41.3868
v  -37.0548 46.2392 42.8506
v  -37.0675 46.2637 44.0484
v  -37.0838 46.2828 44.9799
v  -37.1038 46.2964 45.6453
v  -37.1273 46.3046 46.0446
v  -37.1545 46.3073 46.1777
v  -37.0403 46.1622 39.8382
v  -37.0457 46.1877 41.7255
v  -37.0548 46.2092 43.3225
v  -37.0675 46.2268 44.6291
v  -37.0838 46.2405 45.6453
v  -37.1038 46.2503 46.3712
v  -37.1273 46.2561 46.8068
v  -37.1545 46.2581 46.9520
v  -37.0457 46.1622 41.9288
v  -37.0548 46.1738 43.6056
v  -37.0675 46.1832 44.9775
v  -37.0838 46.1905 46.0446
v  -37.1038 46.1958 46.8068
v  -37.1273 46.1989 47.2641
v  -37.1545 46.2000 47.4165
v  -37.0457 46.1329 41.9965
v  -37.0548 46.1329 43.6999
v  -37.0675 46.1329 45.0937
v  -37.0838 46.1329 46.1777
v  -37.1038 46.1329 46.9520
v  -38.2097 46.2000 22.3395
v  -38.2097 46.1989 21.7951
v  -38.2043 46.2581 22.3395
v  -38.2043 46.2561 21.3233
v  -38.1952 46.3073 22.3395
v  -38.1952 46.3046 20.9240
v  -38.1825 46.3475 22.3395
v  -38.1825 46.3442 20.5974
v  -38.1662 46.3788 22.3395
v  -38.1662 46.3750 20.3433
v  -38.1463 46.4012 22.3395
v  -38.1463 46.3970 20.1618
v  -38.1227 46.4102 20.0529
v  -38.2097 46.1958 21.3233
v  -38.2043 46.2503 20.4425
v  -38.1952 46.2964 19.6973
v  -38.1825 46.3341 19.0875
v  -38.1662 46.3635 18.6133
v  -38.1463 46.3844 18.2745
v  -38.1227 46.3970 18.0713
v  -38.0955 46.4012 18.0035
v  -38.2097 46.1905 20.9240
v  -38.2043 46.2405 19.6973
v  -38.1952 46.2828 18.6592
v  -38.1825 46.3173 17.8099
v  -38.1662 46.3442 17.1494
v  -38.1463 46.3635 16.6775
v  -38.1227 46.3750 16.3944
v  -38.0955 46.3788 16.3001
v  -38.2097 46.1832 20.5974
v  -38.2043 46.2268 19.0875
v  -38.1952 46.2637 17.8099
v  -38.1825 46.2939 16.7646
v  -38.1662 46.3173 15.9516
v  -38.1463 46.3341 15.3709
v  -38.1227 46.3442 15.0225
v  -38.0955 46.3475 14.9063
v  -38.2097 46.1738 20.3433
v  -38.2043 46.2092 18.6133
v  -38.1952 46.2392 17.1494
v  -38.1825 46.2637 15.9516
v  -38.1662 46.2828 15.0201
v  -38.1463 46.2964 14.3547
v  -38.1227 46.3046 13.9554
v  -38.0955 46.3073 13.8223
v  -38.2097 46.1622 20.1618
v  -38.2043 46.1877 18.2745
v  -38.1952 46.2092 16.6775
v  -38.1825 46.2268 15.3709
v  -38.1662 46.2405 14.3547
v  -38.1463 46.2503 13.6288
v  -38.1227 46.2561 13.1932
v  -38.0955 46.2581 13.0480
v  -38.2043 46.1622 18.0712
v  -38.1952 46.1738 16.3944
v  -38.1825 46.1832 15.0225
v  -38.1662 46.1905 13.9554
v  -38.1463 46.1958 13.1932
v  -38.1227 46.1989 12.7359
v  -38.0955 46.2000 12.5835
v  -38.2043 46.1329 18.0035
v  -38.1952 46.1329 16.3001
v  -38.1825 46.1329 14.9063
v  -38.1662 46.1329 13.8223
v  -38.1463 46.1329 13.0480
v  -37.1545 46.2000 12.5835
v  -37.1481 46.1989 12.5835
v  -37.1545 46.2581 13.0480
v  -37.1426 46.2561 13.0480
v  -37.1545 46.3073 13.8223
v  -37.1379 46.3046 13.8223
v  -37.1545 46.3475 14.9063
v  -37.1341 46.3442 14.9063
v  -37.1545 46.3788 16.3001
v  -37.1311 46.3750 16.3001
v  -37.1545 46.4012 18.0035
v  -37.1290 46.3970 18.0035
v  -37.1277 46.4102 20.0167
v  -37.1426 46.1958 12.5835
v  -37.1323 46.2503 13.0480
v  -37.1236 46.2964 13.8223
v  -37.1164 46.3341 14.9063
v  -37.1109 46.3635 16.3001
v  -37.1069 46.3844 18.0035
v  -37.1045 46.3970 20.0166
v  -37.1038 46.4012 22.3395
v  -37.1379 46.1905 12.5835
v  -37.1236 46.2405 13.0480
v  -37.1114 46.2828 13.8223
v  -37.1015 46.3173 14.9063
v  -37.0938 46.3442 16.3001
v  -37.0882 46.3635 18.0035
v  -37.0849 46.3750 20.0167
v  -37.0838 46.3788 22.3395
v  -37.1341 46.1832 12.5835
v  -37.1164 46.2268 13.0480
v  -37.1015 46.2637 13.8223
v  -37.0892 46.2939 14.9063
v  -37.0797 46.3173 16.3001
v  -37.0729 46.3341 18.0035
v  -37.0689 46.3442 20.0167
v  -37.0675 46.3475 22.3395
v  -37.1311 46.1738 12.5835
v  -37.1109 46.2092 13.0480
v  -37.0938 46.2392 13.8223
v  -37.0797 46.2637 14.9063
v  -37.0688 46.2828 16.3001
v  -37.0610 46.2964 18.0035
v  -37.0564 46.3046 20.0167
v  -37.0548 46.3073 22.3395
v  -37.1290 46.1622 12.5835
v  -37.1069 46.1877 13.0480
v  -37.0882 46.2092 13.8223
v  -37.0729 46.2268 14.9063
v  -37.0610 46.2405 16.3001
v  -37.0525 46.2503 18.0035
v  -37.0474 46.2561 20.0166
v  -37.0457 46.2581 22.3395
v  -37.1045 46.1622 13.0480
v  -37.0849 46.1738 13.8223
v  -37.0689 46.1832 14.9063
v  -37.0564 46.1905 16.3001
v  -37.0474 46.1958 18.0035
v  -37.0421 46.1989 20.0167
v  -37.0403 46.2000 22.3395
v  -37.1038 46.1329 13.0480
v  -37.0838 46.1329 13.8223
v  -37.0675 46.1329 14.9063
v  -37.0548 46.1329 16.3001
v  -37.0457 46.1329 18.0035
# 328 vertices

vn -0.0238 -0.6997 0.7140
vn -0.1059 -0.6896 0.7164
vn -0.2337 -0.6853 0.6897
vn -0.3786 -0.6817 0.6261
vn -0.5183 -0.6802 0.5183
vn -0.6261 -0.6817 0.3786
vn -0.6897 -0.6853 0.2337
vn -0.7165 -0.6895 0.1059
vn -0.7140 -0.6997 0.0238
vn -0.7140 -0.6997 -0.0238
vn -0.7165 -0.6895 -0.1059
vn -0.6897 -0.6853 -0.2337
vn -0.6261 -0.6817 -0.3786
vn -0.5183 -0.6802 -0.5183
vn -0.3786 -0.6817 -0.6261
vn -0.2337 -0.6853 -0.6897
vn -0.1059 -0.6896 -0.7164
vn -0.0238 -0.6997 -0.7140
vn 0.0238 -0.6997 -0.7140
vn 0.1059 -0.6896 -0.7164
vn 0.2337 -0.6853 -0.6897
vn 0.3786 -0.6817 -0.6261
vn 0.5183 -0.6802 -0.5183
vn 0.6261 -0.6817 -0.3786
vn 0.6897 -0.6853 -0.2337
vn 0.7165 -0.6895 -0.1059
vn 0.7140 -0.6997 -0.0238
vn 0.7140 -0.6997 0.0238
vn 0.7165 -0.6895 0.1059
vn 0.6897 -0.6853 0.2337
vn 0.6261 -0.6817 0.3786
vn 0.5183 -0.6802 0.5183
vn 0.3786 -0.6817 0.6261
vn 0.2337 -0.6853 0.6897
vn 0.1059 -0.6896 0.7164
vn 0.0238 -0.6997 0.7140
vn -0.0332 0.9989 0.0332
vn 0.0332 0.9989 0.0332
vn 0.0332 0.9989 -0.0332
vn -0.0332 0.9989 -0.0332
vn 0.0332 0.0332 0.9989
vn -0.0267 0.0267 0.9993
vn 0.9989 0.0332 -0.0332
vn 0.9993 0.0267 0.0267
vn -0.0332 0.0332 -0.9989
vn 0.0267 0.0267 -0.9993
vn -0.9989 0.0332 0.0332
vn -0.9993 0.0267 -0.0267
vn -0.1475 0.0214 0.9888
vn -0.1478 0.0050 0.9890
vn 0.9888 0.0214 0.1475
vn 0.9890 0.0050 0.1478
vn -0.9888 0.0214 -0.1475
vn -0.9890 0.0050 -0.1478
vn 0.1475 0.0214 -0.9888
vn 0.1478 0.0050 -0.9890
vn -0.0329 0.9888 0.1458
vn 0.0335 0.9887 0.1462
vn 0.1458 0.9888 0.0329
vn 0.1462 0.9887 -0.0335
vn 0.0329 0.9888 -0.1458
vn -0.0335 0.9887 -0.1462
vn -0.1458 0.9888 -0.0329
vn -0.1462 0.9887 0.0335
vn 0.1458 0.0329 0.9888
vn 0.9888 0.0329 -0.1458
vn -0.1458 0.0329 -0.9888
vn -0.0050 0.1478 0.9890
vn -0.0214 0.1475 0.9888
vn -0.0108 0.3228 0.9464
vn -0.0467 0.3198 0.9463
vn -0.0173 0.5192 0.8545
vn -0.0754 0.5133 0.8549
vn -0.0236 0.7082 0.7056
vn -0.1032 0.6999 0.7067
vn -0.0285 0.8560 0.5161
vn -0.1252 0.8463 0.5178
vn -0.0315 0.9468 0.3201
vn -0.1387 0.9366 0.3217
vn -0.1449 0.9785 0.1467
vn -0.0466 0.1396 0.9891
vn -0.1015 0.3022 0.9478
vn -0.1638 0.4858 0.8586
vn -0.2247 0.6645 0.7127
vn -0.2734 0.8064 0.5244
vn -0.3037 0.8949 0.3269
vn -0.3178 0.9363 0.1494
vn -0.3210 0.9465 0.0341
vn -0.0745 0.1243 0.9894
vn -0.1617 0.2688 0.9495
vn -0.2611 0.4331 0.8627
vn -0.3592 0.5947 0.7193
vn -0.4382 0.7247 0.5317
vn -0.4882 0.8068 0.3327
vn -0.5117 0.8455 0.1524
vn -0.5173 0.8551 0.0349
vn -0.1018 0.1018 0.9896
vn -0.2202 0.2202 0.9503
vn -0.3554 0.3554 0.8645
vn -0.4891 0.4892 0.7221
vn -0.5974 0.5974 0.5350
vn -0.6662 0.6662 0.3353
vn -0.6987 0.6987 0.1537
vn -0.7067 0.7067 0.0352
vn -0.1243 0.0745 0.9894
vn -0.2688 0.1617 0.9495
vn -0.4330 0.2610 0.8627
vn -0.5947 0.3591 0.7193
vn -0.7247 0.4383 0.5317
vn -0.8068 0.4882 0.3327
vn -0.8455 0.5117 0.1524
vn -0.8551 0.5173 0.0349
vn -0.1396 0.0466 0.9891
vn -0.3022 0.1015 0.9478
vn -0.4858 0.1638 0.8586
vn -0.6645 0.2247 0.7127
vn -0.8064 0.2734 0.5244
vn -0.8949 0.3037 0.3269
vn -0.9363 0.3178 0.1494
vn -0.9465 0.3210 0.0341
vn -0.3198 0.0467 0.9463
vn -0.5133 0.0754 0.8549
vn -0.6999 0.1032 0.7067
vn -0.8463 0.1252 0.5178
vn -0.9366 0.1387 0.3217
vn -0.9785 0.1449 0.1467
vn -0.9887 0.1462 0.0335
vn -0.3228 0.0108 0.9464
vn -0.5191 0.0173 0.8545
vn -0.7082 0.0236 0.7056
vn -0.8560 0.0285 0.5161
vn -0.9468 0.0315 0.3201
vn -0.9888 0.0329 0.1458
vn 0.9890 0.1478 0.0050
vn 0.9888 0.1475 0.0214
vn 0.9464 0.3228 0.0108
vn 0.9463 0.3198 0.0467
vn 0.8545 0.5192 0.0173
vn 0.8549 0.5133 0.0754
vn 0.7056 0.7082 0.0236
vn 0.7067 0.6999 0.1032
vn 0.5161 0.8560 0.0285
vn 0.5178 0.8463 0.1252
vn 0.3201 0.9468 0.0315
vn 0.3217 0.9366 0.1387
vn 0.1467 0.9785 0.1449
vn 0.9891 0.1396 0.0466
vn 0.9478 0.3022 0.1015
vn 0.8586 0.4858 0.1638
vn 0.7127 0.6645 0.2247
vn 0.5244 0.8064 0.2734
vn 0.3269 0.8949 0.3037
vn 0.1494 0.9363 0.3178
vn 0.0341 0.9465 0.3210
vn 0.9894 0.1243 0.0745
vn 0.9495 0.2688 0.1617
vn 0.8627 0.4331 0.2611
vn 0.7193 0.5947 0.3591
vn 0.5317 0.7247 0.4382
vn 0.3327 0.8068 0.4882
vn 0.1524 0.8455 0.5117
vn 0.0349 0.8551 0.5173
vn 0.9896 0.1018 0.1018
vn 0.9503 0.2202 0.2202
vn 0.8645 0.3554 0.3554
vn 0.7221 0.4892 0.4891
vn 0.5350 0.5974 0.5974
vn 0.3353 0.6662 0.6662
vn 0.1537 0.6987 0.6987
vn 0.0352 0.7067 0.7067
vn 0.9894 0.0745 0.1243
vn 0.9495 0.1617 0.2688
vn 0.8627 0.2610 0.4330
vn 0.7193 0.3591 0.5947
vn 0.5317 0.4382 0.7247
vn 0.3327 0.4882 0.8068
vn 0.1524 0.5117 0.8455
vn 0.0349 0.5173 0.8551
vn 0.9891 0.0466 0.1396
vn 0.9478 0.1015 0.3022
vn 0.8586 0.1638 0.4858
vn 0.7127 0.2247 0.6645
vn 0.5244 0.2734 0.8064
vn 0.3269 0.3037 0.8949
vn 0.1494 0.3178 0.9363
vn 0.0341 0.3210 0.9465
vn 0.9463 0.0467 0.3198
vn 0.8549 0.0754 0.5133
vn 0.7067 0.1032 0.6999
vn 0.5178 0.1252 0.8463
vn 0.3217 0.1387 0.9366
vn 0.1467 0.1449 0.9785
vn 0.0335 0.1462 0.9887
vn 0.9464 0.0108 0.3228
vn 0.8545 0.0173 0.5192
vn 0.7056 0.0236 0.7082
vn 0.5161 0.0285 0.8560
vn 0.3201 0.0315 0.9468
vn -0.9890 0.1478 -0.0050
vn -0.9888 0.1475 -0.0214
vn -0.9464 0.3228 -0.0108
vn -0.9463 0.3198 -0.0467
vn -0.8545 0.5192 -0.0173
vn -0.8549 0.5133 -0.0754
vn -0.7056 0.7082 -0.0236
vn -0.7067 0.6999 -0.1032
vn -0.5161 0.8560 -0.0285
vn -0.5178 0.8463 -0.1252
vn -0.3201 0.9468 -0.0315
vn -0.3217 0.9366 -0.1387
vn -0.1467 0.9785 -0.1449
vn -0.9891 0.1396 -0.0466
vn -0.9478 0.3022 -0.1015
vn -0.8586 0.4858 -0.1638
vn -0.7127 0.6645 -0.2247
vn -0.5244 0.8064 -0.2734
vn -0.3269 0.8949 -0.3037
vn -0.1494 0.9363 -0.3178
vn -0.0341 0.9465 -0.3210
vn -0.9894 0.1243 -0.0745
vn -0.9495 0.2688 -0.1617
vn -0.8627 0.4331 -0.2611
vn -0.7193 0.5947 -0.3591
vn -0.5317 0.7247 -0.4382
vn -0.3327 0.8068 -0.4882
vn -0.1524 0.8455 -0.5117
vn -0.0349 0.8551 -0.5173
vn -0.9896 0.1018 -0.1018
vn -0.9503 0.2202 -0.2202
vn -0.8645 0.3554 -0.3554
vn -0.7221 0.4892 -0.4891
vn -0.5350 0.5974 -0.5974
vn -0.3353 0.6662 -0.6662
vn -0.1537 0.6987 -0.6987
vn -0.0352 0.7067 -0.7067
vn -0.9894 0.0745 -0.1243
vn -0.9495 0.1617 -0.2688
vn -0.8627 0.2610 -0.4330
vn -0.7193 0.3591 -0.5947
vn -0.5317 0.4382 -0.7247
vn -0.3327 0.4882 -0.8068
vn -0.1524 0.5117 -0.8455
vn -0.0349 0.5173 -0.8551
vn -0.9891 0.0466 -0.1396
vn -0.9478 0.1015 -0.3022
vn -0.8586 0.1638 -0.4858
vn -0.7127 0.2247 -0.6645
vn -0.5244 0.2734 -0.8064
vn -0.3269 0.3037 -0.8949
vn -0.1494 0.3178 -0.9363
vn -0.0341 0.3210 -0.9465
vn -0.9463 0.0467 -0.3198
vn -0.8549 0.0754 -0.5133
vn -0.7067 0.1032 -0.6999
vn -0.5178 0.1252 -0.8463
vn -0.3217 0.1387 -0.9366
vn -0.1467 0.1449 -0.9785
vn -0.0335 0.1462 -0.9887
vn -0.9464 0.0108 -0.3228
vn -0.8545 0.0173 -0.5192
vn -0.7056 0.0236 -0.7082
vn -0.5161 0.0285 -0.8560
vn -0.3201 0.0315 -0.9468
vn 0.0050 0.1478 -0.9890
vn 0.0214 0.1475 -0.9888
vn 0.0108 0.3228 -0.9464
vn 0.0467 0.3198 -0.9463
vn 0.0173 0.5192 -0.8545
vn 0.0754 0.5133 -0.8549
vn 0.0236 0.7082 -0.7056
vn 0.1032 0.6999 -0.7067
vn 0.0285 0.8560 -0.5161
vn 0.1252 0.8463 -0.5178
vn 0.0315 0.9468 -0.3201
vn 0.1387 0.9366 -0.3217
vn 0.1449 0.9785 -0.1467
vn 0.0466 0.1396 -0.9891
vn 0.1015 0.3022 -0.9478
vn 0.1638 0.4858 -0.8586
vn 0.2247 0.6645 -0.7127
vn 0.2734 0.8064 -0.5244
vn 0.3037 0.8949 -0.3269
vn 0.3178 0.9363 -0.1494
vn 0.3210 0.9465 -0.0341
vn 0.0745 0.1243 -0.9894
vn 0.1617 0.2688 -0.9495
vn 0.2611 0.4331 -0.8627
vn 0.3592 0.5947 -0.7193
vn 0.4382 0.7247 -0.5317
vn 0.4882 0.8068 -0.3327
vn 0.5117 0.8455 -0.1524
vn 0.5173 0.8551 -0.0349
vn 0.1018 0.1018 -0.9896
vn 0.2202 0.2202 -0.9503
vn 0.3554 0.3554 -0.8645
vn 0.4891 0.4892 -0.7221
vn 0.5974 0.5974 -0.5350
vn 0.6662 0.6662 -0.3353
vn 0.6987 0.6987 -0.1537
vn 0.7067 0.7067 -0.0352
vn 0.1243 0.0745 -0.9894
vn 0.2688 0.1617 -0.9495
vn 0.4330 0.2610 -0.8627
vn 0.5947 0.3591 -0.7193
vn 0.7247 0.4383 -0.5317
vn 0.8068 0.4882 -0.3327
vn 0.8455 0.5117 -0.1524
vn 0.8551 0.5173 -0.0349
vn 0.1396 0.0466 -0.9891
vn 0.3022 0.1015 -0.9478
vn 0.4858 0.1638 -0.8586
vn 0.6645 0.2247 -0.7127
vn 0.8064 0.2734 -0.5244
vn 0.8949 0.3037 -0.3269
vn 0.9363 0.3178 -0.1494
vn 0.9465 0.3210 -0.0341
vn 0.3198 0.0467 -0.9463
vn 0.5133 0.0754 -0.8549
vn 0.6999 0.1032 -0.7067
vn 0.8463 0.1252 -0.5178
vn 0.9366 0.1387 -0.3217
vn 0.9785 0.1449 -0.1467
vn 0.9887 0.1462 -0.0335
vn 0.3228 0.0108 -0.9464
vn 0.5191 0.0173 -0.8545
vn 0.7082 0.0236 -0.7056
vn 0.8560 0.0285 -0.5161
vn 0.9468 0.0315 -0.3201
# 328 vertex normals

vt 0.9011 0.0000 0.0000
vt 0.9243 0.0044 0.0000
vt 0.9444 0.0176 0.0000
vt 0.9614 0.0397 0.0000
vt 0.9753 0.0705 0.0000
vt 0.9861 0.1102 0.0000
vt 0.9938 0.1586 0.0000
vt 0.9985 0.2159 0.0000
vt 1.0000 0.2820 0.0000
vt 1.0000 0.7180 0.0000
vt 0.9985 0.7841 0.0000
vt 0.9938 0.8414 0.0000
vt 0.9861 0.8898 0.0000
vt 0.9753 0.9295 0.0000
vt 0.9614 0.9603 0.0000
vt 0.9444 0.9824 0.0000
vt 0.9243 0.9956 0.0000
vt 0.9011 1.0000 0.0000
vt 0.0989 1.0000 0.0000
vt 0.0757 0.9956 0.0000
vt 0.0556 0.9824 0.0000
vt 0.0386 0.9603 0.0000
vt 0.0247 0.9295 0.0000
vt 0.0139 0.8898 0.0000
vt 0.0062 0.8414 0.0000
vt 0.0015 0.7841 0.0000
vt 0.0000 0.7180 0.0000
vt 0.0000 0.2820 0.0000
vt 0.0015 0.2159 0.0000
vt 0.0062 0.1586 0.0000
vt 0.0139 0.1102 0.0000
vt 0.0247 0.0705 0.0000
vt 0.0386 0.0397 0.0000
vt 0.0556 0.0176 0.0000
vt 0.0757 0.0044 0.0000
vt 0.0989 0.0000 0.0000
vt 0.0989 0.2820 0.0000
vt 0.9011 0.2820 0.0000
vt 0.9011 0.7180 0.0000
vt 0.0989 0.7180 0.0000
vt 0.9011 0.9876 0.0000
vt 0.0989 0.9876 0.0000
vt 0.2820 0.0000 0.0000
vt 0.7180 0.0000 0.0000
vt 0.7180 0.9876 0.0000
vt 0.2820 0.9876 0.0000
vt 0.0000 1.0000 0.0000
vt 0.0989 1.2636 0.0000
vt 0.0989 1.2291 0.0000
vt 0.9011 1.2291 0.0000
vt 0.9011 1.2636 0.0000
vt 0.2820 0.5888 0.0000
vt 0.2820 0.6387 0.0000
vt 0.7180 0.6387 0.0000
vt 0.7180 0.5888 0.0000
vt 0.0858 -0.0039 0.0000
vt 0.1103 -0.0034 0.0000
vt 0.1124 0.9842 0.0000
vt 0.0882 0.9837 0.0000
vt 0.9118 0.9837 0.0000
vt 0.8876 0.9842 0.0000
vt 0.8897 -0.0034 0.0000
vt 0.9142 -0.0039 0.0000
vt 0.2443 -0.0106 0.0000
vt 0.2261 -0.0092 0.0000
vt 0.2204 0.9786 0.0000
vt 0.2378 0.9773 0.0000
vt 0.0730 0.9914 0.0000
vt 0.0448 0.9966 0.0000
vt 0.0143 1.0032 0.0000
vt -0.0186 1.0113 0.0000
vt -0.0537 1.0207 0.0000
vt -0.0912 1.0315 0.0000
vt -0.1310 1.0438 0.0000
vt -0.1732 1.0574 0.0000
vt -0.1353 1.0420 0.0000
vt -0.1082 1.0243 0.0000
vt -0.0920 1.0044 0.0000
vt -0.0866 0.9824 0.0000
vt -0.0920 0.9581 0.0000
vt -0.1082 0.9316 0.0000
vt -0.1353 0.9029 0.0000
vt -0.1732 0.8720 0.0000
vt 0.2188 0.9928 0.0000
vt 0.1702 1.0022 0.0000
vt 0.1362 1.0157 0.0000
vt 0.1168 1.0334 0.0000
vt 0.1121 1.0552 0.0000
vt 0.1219 1.0813 0.0000
vt 0.1463 1.1115 0.0000
vt 0.1854 1.1458 0.0000
vt 0.1411 1.1107 0.0000
vt 0.1009 1.0783 0.0000
vt 0.0648 1.0486 0.0000
vt 0.0328 1.0215 0.0000
vt 0.0049 0.9971 0.0000
vt -0.0189 0.9755 0.0000
vt -0.0387 0.9565 0.0000
vt -0.0543 0.9402 0.0000
vt 0.0989 1.1946 0.0000
vt 0.9011 1.1946 0.0000
vt 0.0989 1.1601 0.0000
vt 0.9011 1.1601 0.0000
vt 0.0989 1.1256 0.0000
vt 0.9011 1.1256 0.0000
vt 0.0989 1.0911 0.0000
vt 0.9011 1.0911 0.0000
vt 0.0989 1.0566 0.0000
vt 0.9011 1.0566 0.0000
vt 0.0989 1.0221 0.0000
vt 0.9011 1.0221 0.0000
vt 0.2820 0.6885 0.0000
vt 0.7180 0.6885 0.0000
vt 0.2820 0.7384 0.0000
vt 0.7180 0.7384 0.0000
vt 0.2820 0.7882 0.0000
vt 0.7180 0.7882 0.0000
vt 0.2820 0.8381 0.0000
vt 0.7180 0.8381 0.0000
vt 0.2820 0.8879 0.0000
vt 0.7180 0.8879 0.0000
vt 0.2820 0.9378 0.0000
vt 0.7180 0.9378 0.0000
vt 0.1349 -0.0029 0.0000
vt 0.1366 0.9847 0.0000
vt 0.1594 -0.0024 0.0000
vt 0.1609 0.9852 0.0000
vt 0.1839 -0.0020 0.0000
vt 0.1851 0.9857 0.0000
vt 0.2084 -0.0015 0.0000
vt 0.2093 0.9862 0.0000
vt 0.2330 -0.0010 0.0000
vt 0.2336 0.9867 0.0000
vt 0.2575 -0.0005 0.0000
vt 0.2578 0.9871 0.0000
vt 0.8634 0.9847 0.0000
vt 0.8651 -0.0029 0.0000
vt 0.8391 0.9852 0.0000
vt 0.8406 -0.0024 0.0000
vt 0.8149 0.9857 0.0000
vt 0.8161 -0.0020 0.0000
vt 0.7907 0.9862 0.0000
vt 0.7916 -0.0015 0.0000
vt 0.7664 0.9867 0.0000
vt 0.7670 -0.0010 0.0000
vt 0.7422 0.9871 0.0000
vt 0.7425 -0.0005 0.0000
vt 0.2079 -0.0079 0.0000
vt 0.2031 0.9799 0.0000
vt 0.1898 -0.0066 0.0000
vt 0.1857 0.9812 0.0000
vt 0.1716 -0.0053 0.0000
vt 0.1684 0.9825 0.0000
vt 0.1534 -0.0040 0.0000
vt 0.1510 0.9838 0.0000
vt 0.1353 -0.0026 0.0000
vt 0.1336 0.9851 0.0000
vt 0.1171 -0.0013 0.0000
vt 0.1163 0.9863 0.0000
# 159 texture coords

o Box034
g Box034
usemtl 07___Default
s 1
f 1641/796/1641 1642/797/1642 1643/798/1643 1644/799/1644 1645/800/1645 1646/801/1646 1647/802/1647 1648/803/1648 1649/804/1649 1650/805/1650 1651/806/1651 1652/807/1652 1653/808/1653 1654/809/1654 1655/810/1655 1656/811/1656 1657/812/1657 1658/813/1658 1659/814/1659 1660/815/1660 1661/816/1661 1662/817/1662 1663/818/1663 1664/819/1664 1665/820/1665 1666/821/1666 1667/822/1667 1668/823/1668 1669/824/1669 1670/825/1670 1671/826/1671 1672/827/1672 1673/828/1673 1674/829/1674 1675/830/1675 1676/831/1676 
s 2
f 1677/832/1677 1678/833/1678 1679/834/1679 1680/835/1680 
f 1641/831/1641 1676/796/1676 1681/836/1681 1682/837/1682 
f 1668/838/1668 1667/839/1667 1683/840/1683 1684/841/1684 
f 1659/831/1659 1658/796/1658 1685/836/1685 1686/837/1686 
f 1650/838/1650 1649/839/1649 1687/840/1687 1688/841/1688 
f 1682/837/1682 1689/842/1689 1690/842/1690 
f 1684/841/1684 1691/842/1691 1692/842/1692 
f 1688/841/1688 1693/842/1693 1694/842/1694 
f 1686/837/1686 1695/842/1695 1696/842/1696 
f 1677/843/1677 1697/844/1697 1698/845/1698 1678/846/1678 
f 1678/847/1678 1699/848/1699 1700/849/1700 1679/850/1679 
f 1679/843/1679 1701/844/1701 1702/845/1702 1680/846/1680 
f 1680/847/1680 1703/848/1703 1704/849/1704 1677/850/1677 
f 1676/851/1676 1675/852/1675 1705/853/1705 1681/854/1681 
f 1682/855/1682 1690/856/1690 1642/857/1642 1641/858/1641 
f 1667/859/1667 1666/860/1666 1706/861/1706 1683/862/1683 
f 1658/851/1658 1657/852/1657 1707/853/1707 1685/854/1685 
f 1682/837/1682 1708/863/1708 1709/842/1709 
f 1708/863/1708 1710/864/1710 1711/842/1711 1709/842/1709 
f 1710/864/1710 1712/865/1712 1713/842/1713 1711/842/1711 
f 1712/865/1712 1714/866/1714 1715/842/1715 1713/842/1713 
f 1714/866/1714 1716/867/1716 1717/842/1717 1715/842/1715 
f 1716/867/1716 1718/868/1718 1719/842/1719 1717/842/1717 
f 1718/868/1718 1697/869/1697 1720/842/1720 1719/842/1719 
f 1697/869/1697 1677/870/1677 1704/871/1704 1720/842/1720 
f 1682/837/1682 1709/842/1709 1721/842/1721 
f 1709/842/1709 1711/842/1711 1722/842/1722 1721/842/1721 
f 1711/842/1711 1713/842/1713 1723/842/1723 1722/842/1722 
f 1713/842/1713 1715/842/1715 1724/842/1724 1723/842/1723 
f 1715/842/1715 1717/842/1717 1725/842/1725 1724/842/1724 
f 1717/842/1717 1719/842/1719 1726/842/1726 1725/842/1725 
f 1719/842/1719 1720/842/1720 1727/842/1727 1726/842/1726 
f 1720/842/1720 1704/871/1704 1728/872/1728 1727/842/1727 
f 1682/837/1682 1721/842/1721 1729/842/1729 
f 1721/842/1721 1722/842/1722 1730/842/1730 1729/842/1729 
f 1722/842/1722 1723/842/1723 1731/842/1731 1730/842/1730 
f 1723/842/1723 1724/842/1724 1732/842/1732 1731/842/1731 
f 1724/842/1724 1725/842/1725 1733/842/1733 1732/842/1732 
f 1725/842/1725 1726/842/1726 1734/842/1734 1733/842/1733 
f 1726/842/1726 1727/842/1727 1735/842/1735 1734/842/1734 
f 1727/842/1727 1728/872/1728 1736/873/1736 1735/842/1735 
f 1682/837/1682 1729/842/1729 1737/842/1737 
f 1729/842/1729 1730/842/1730 1738/842/1738 1737/842/1737 
f 1730/842/1730 1731/842/1731 1739/842/1739 1738/842/1738 
f 1731/842/1731 1732/842/1732 1740/842/1740 1739/842/1739 
f 1732/842/1732 1733/842/1733 1741/842/1741 1740/842/1740 
f 1733/842/1733 1734/842/1734 1742/842/1742 1741/842/1741 
f 1734/842/1734 1735/842/1735 1743/842/1743 1742/842/1742 
f 1735/842/1735 1736/873/1736 1744/874/1744 1743/842/1743 
f 1682/837/1682 1737/842/1737 1745/842/1745 
f 1737/842/1737 1738/842/1738 1746/842/1746 1745/842/1745 
f 1738/842/1738 1739/842/1739 1747/842/1747 1746/842/1746 
f 1739/842/1739 1740/842/1740 1748/842/1748 1747/842/1747 
f 1740/842/1740 1741/842/1741 1749/842/1749 1748/842/1748 
f 1741/842/1741 1742/842/1742 1750/842/1750 1749/842/1749 
f 1742/842/1742 1743/842/1743 1751/842/1751 1750/842/1750 
f 1743/842/1743 1744/874/1744 1752/875/1752 1751/842/1751 
f 1682/837/1682 1745/842/1745 1753/842/1753 
f 1745/842/1745 1746/842/1746 1754/842/1754 1753/842/1753 
f 1746/842/1746 1747/842/1747 1755/842/1755 1754/842/1754 
f 1747/842/1747 1748/842/1748 1756/842/1756 1755/842/1755 
f 1748/842/1748 1749/842/1749 1757/842/1757 1756/842/1756 
f 1749/842/1749 1750/842/1750 1758/842/1758 1757/842/1757 
f 1750/842/1750 1751/842/1751 1759/842/1759 1758/842/1758 
f 1751/842/1751 1752/875/1752 1760/876/1760 1759/842/1759 
f 1682/837/1682 1753/842/1753 1689/842/1689 
f 1753/842/1753 1754/842/1754 1761/842/1761 1689/842/1689 
f 1754/842/1754 1755/842/1755 1762/842/1762 1761/842/1761 
f 1755/842/1755 1756/842/1756 1763/842/1763 1762/842/1762 
f 1756/842/1756 1757/842/1757 1764/842/1764 1763/842/1763 
f 1757/842/1757 1758/842/1758 1765/842/1765 1764/842/1764 
f 1758/842/1758 1759/842/1759 1766/842/1766 1765/842/1765 
f 1759/842/1759 1760/876/1760 1767/877/1767 1766/842/1766 
f 1689/842/1689 1761/842/1761 1768/842/1768 1690/842/1690 
f 1761/842/1761 1762/842/1762 1769/842/1769 1768/842/1768 
f 1762/842/1762 1763/842/1763 1770/842/1770 1769/842/1769 
f 1763/842/1763 1764/842/1764 1771/842/1771 1770/842/1770 
f 1764/842/1764 1765/842/1765 1772/842/1772 1771/842/1771 
f 1765/842/1765 1766/842/1766 1773/842/1773 1772/842/1772 
f 1766/842/1766 1767/877/1767 1687/878/1687 1773/842/1773 
f 1684/841/1684 1774/879/1774 1775/842/1775 
f 1774/879/1774 1776/880/1776 1777/842/1777 1775/842/1775 
f 1776/880/1776 1778/881/1778 1779/842/1779 1777/842/1777 
f 1778/881/1778 1780/882/1780 1781/842/1781 1779/842/1779 
f 1780/882/1780 1782/883/1782 1783/842/1783 1781/842/1781 
f 1782/883/1782 1784/884/1784 1785/842/1785 1783/842/1783 
f 1784/884/1784 1699/885/1699 1786/842/1786 1785/842/1785 
f 1699/885/1699 1678/886/1678 1698/887/1698 1786/842/1786 
f 1684/841/1684 1775/842/1775 1787/842/1787 
f 1775/842/1775 1777/842/1777 1788/842/1788 1787/842/1787 
f 1777/842/1777 1779/842/1779 1789/842/1789 1788/842/1788 
f 1779/842/1779 1781/842/1781 1790/842/1790 1789/842/1789 
f 1781/842/1781 1783/842/1783 1791/842/1791 1790/842/1790 
f 1783/842/1783 1785/842/1785 1792/842/1792 1791/842/1791 
f 1785/842/1785 1786/842/1786 1793/842/1793 1792/842/1792 
f 1786/842/1786 1698/887/1698 1794/888/1794 1793/842/1793 
f 1684/841/1684 1787/842/1787 1795/842/1795 
f 1787/842/1787 1788/842/1788 1796/842/1796 1795/842/1795 
f 1788/842/1788 1789/842/1789 1797/842/1797 1796/842/1796 
f 1789/842/1789 1790/842/1790 1798/842/1798 1797/842/1797 
f 1790/842/1790 1791/842/1791 1799/842/1799 1798/842/1798 
f 1791/842/1791 1792/842/1792 1800/842/1800 1799/842/1799 
f 1792/842/1792 1793/842/1793 1801/842/1801 1800/842/1800 
f 1793/842/1793 1794/888/1794 1802/889/1802 1801/842/1801 
f 1684/841/1684 1795/842/1795 1803/842/1803 
f 1795/842/1795 1796/842/1796 1804/842/1804 1803/842/1803 
f 1796/842/1796 1797/842/1797 1805/842/1805 1804/842/1804 
f 1797/842/1797 1798/842/1798 1806/842/1806 1805/842/1805 
f 1798/842/1798 1799/842/1799 1807/842/1807 1806/842/1806 
f 1799/842/1799 1800/842/1800 1808/842/1808 1807/842/1807 
f 1800/842/1800 1801/842/1801 1809/842/1809 1808/842/1808 
f 1801/842/1801 1802/889/1802 1810/890/1810 1809/842/1809 
f 1684/841/1684 1803/842/1803 1811/842/1811 
f 1803/842/1803 1804/842/1804 1812/842/1812 1811/842/1811 
f 1804/842/1804 1805/842/1805 1813/842/1813 1812/842/1812 
f 1805/842/1805 1806/842/1806 1814/842/1814 1813/842/1813 
f 1806/842/1806 1807/842/1807 1815/842/1815 1814/842/1814 
f 1807/842/1807 1808/842/1808 1816/842/1816 1815/842/1815 
f 1808/842/1808 1809/842/1809 1817/842/1817 1816/842/1816 
f 1809/842/1809 1810/890/1810 1818/891/1818 1817/842/1817 
f 1684/841/1684 1811/842/1811 1819/842/1819 
f 1811/842/1811 1812/842/1812 1820/842/1820 1819/842/1819 
f 1812/842/1812 1813/842/1813 1821/842/1821 1820/842/1820 
f 1813/842/1813 1814/842/1814 1822/842/1822 1821/842/1821 
f 1814/842/1814 1815/842/1815 1823/842/1823 1822/842/1822 
f 1815/842/1815 1816/842/1816 1824/842/1824 1823/842/1823 
f 1816/842/1816 1817/842/1817 1825/842/1825 1824/842/1824 
f 1817/842/1817 1818/891/1818 1826/892/1826 1825/842/1825 
f 1684/841/1684 1819/842/1819 1691/842/1691 
f 1819/842/1819 1820/842/1820 1827/842/1827 1691/842/1691 
f 1820/842/1820 1821/842/1821 1828/842/1828 1827/842/1827 
f 1821/842/1821 1822/842/1822 1829/842/1829 1828/842/1828 
f 1822/842/1822 1823/842/1823 1830/842/1830 1829/842/1829 
f 1823/842/1823 1824/842/1824 1831/842/1831 1830/842/1830 
f 1824/842/1824 1825/842/1825 1832/842/1832 1831/842/1831 
f 1825/842/1825 1826/892/1826 1833/893/1833 1832/842/1832 
f 1691/842/1691 1827/842/1827 1834/842/1834 1692/842/1692 
f 1827/842/1827 1828/842/1828 1835/842/1835 1834/842/1834 
f 1828/842/1828 1829/842/1829 1836/842/1836 1835/842/1835 
f 1829/842/1829 1830/842/1830 1837/842/1837 1836/842/1836 
f 1830/842/1830 1831/842/1831 1838/842/1838 1837/842/1837 
f 1831/842/1831 1832/842/1832 1705/842/1705 1838/842/1838 
f 1832/842/1832 1833/893/1833 1681/894/1681 1705/842/1705 
f 1688/841/1688 1839/879/1839 1840/842/1840 
f 1839/879/1839 1841/880/1841 1842/842/1842 1840/842/1840 
f 1841/880/1841 1843/881/1843 1844/842/1844 1842/842/1842 
f 1843/881/1843 1845/882/1845 1846/842/1846 1844/842/1844 
f 1845/882/1845 1847/883/1847 1848/842/1848 1846/842/1846 
f 1847/883/1847 1849/884/1849 1850/842/1850 1848/842/1848 
f 1849/884/1849 1703/885/1703 1851/842/1851 1850/842/1850 
f 1703/885/1703 1680/886/1680 1702/887/1702 1851/842/1851 
f 1688/841/1688 1840/842/1840 1852/842/1852 
f 1840/842/1840 1842/842/1842 1853/842/1853 1852/842/1852 
f 1842/842/1842 1844/842/1844 1854/842/1854 1853/842/1853 
f 1844/842/1844 1846/842/1846 1855/842/1855 1854/842/1854 
f 1846/842/1846 1848/842/1848 1856/842/1856 1855/842/1855 
f 1848/842/1848 1850/842/1850 1857/842/1857 1856/842/1856 
f 1850/842/1850 1851/842/1851 1858/842/1858 1857/842/1857 
f 1851/842/1851 1702/887/1702 1859/888/1859 1858/842/1858 
f 1688/841/1688 1852/842/1852 1860/842/1860 
f 1852/842/1852 1853/842/1853 1861/842/1861 1860/842/1860 
f 1853/842/1853 1854/842/1854 1862/842/1862 1861/842/1861 
f 1854/842/1854 1855/842/1855 1863/842/1863 1862/842/1862 
f 1855/842/1855 1856/842/1856 1864/842/1864 1863/842/1863 
f 1856/842/1856 1857/842/1857 1865/842/1865 1864/842/1864 
f 1857/842/1857 1858/842/1858 1866/842/1866 1865/842/1865 
f 1858/842/1858 1859/888/1859 1867/889/1867 1866/842/1866 
f 1688/841/1688 1860/842/1860 1868/842/1868 
f 1860/842/1860 1861/842/1861 1869/842/1869 1868/842/1868 
f 1861/842/1861 1862/842/1862 1870/842/1870 1869/842/1869 
f 1862/842/1862 1863/842/1863 1871/842/1871 1870/842/1870 
f 1863/842/1863 1864/842/1864 1872/842/1872 1871/842/1871 
f 1864/842/1864 1865/842/1865 1873/842/1873 1872/842/1872 
f 1865/842/1865 1866/842/1866 1874/842/1874 1873/842/1873 
f 1866/842/1866 1867/889/1867 1875/890/1875 1874/842/1874 
f 1688/841/1688 1868/842/1868 1876/842/1876 
f 1868/842/1868 1869/842/1869 1877/842/1877 1876/842/1876 
f 1869/842/1869 1870/842/1870 1878/842/1878 1877/842/1877 
f 1870/842/1870 1871/842/1871 1879/842/1879 1878/842/1878 
f 1871/842/1871 1872/842/1872 1880/842/1880 1879/842/1879 
f 1872/842/1872 1873/842/1873 1881/842/1881 1880/842/1880 
f 1873/842/1873 1874/842/1874 1882/842/1882 1881/842/1881 
f 1874/842/1874 1875/890/1875 1883/891/1883 1882/842/1882 
f 1688/841/1688 1876/842/1876 1884/842/1884 
f 1876/842/1876 1877/842/1877 1885/842/1885 1884/842/1884 
f 1877/842/1877 1878/842/1878 1886/842/1886 1885/842/1885 
f 1878/842/1878 1879/842/1879 1887/842/1887 1886/842/1886 
f 1879/842/1879 1880/842/1880 1888/842/1888 1887/842/1887 
f 1880/842/1880 1881/842/1881 1889/842/1889 1888/842/1888 
f 1881/842/1881 1882/842/1882 1890/842/1890 1889/842/1889 
f 1882/842/1882 1883/891/1883 1891/892/1891 1890/842/1890 
f 1688/841/1688 1884/842/1884 1693/842/1693 
f 1884/842/1884 1885/842/1885 1892/842/1892 1693/842/1693 
f 1885/842/1885 1886/842/1886 1893/842/1893 1892/842/1892 
f 1886/842/1886 1887/842/1887 1894/842/1894 1893/842/1893 
f 1887/842/1887 1888/842/1888 1895/842/1895 1894/842/1894 
f 1888/842/1888 1889/842/1889 1896/842/1896 1895/842/1895 
f 1889/842/1889 1890/842/1890 1897/842/1897 1896/842/1896 
f 1890/842/1890 1891/892/1891 1898/893/1898 1897/842/1897 
f 1693/842/1693 1892/842/1892 1899/842/1899 1694/842/1694 
f 1892/842/1892 1893/842/1893 1900/842/1900 1899/842/1899 
f 1893/842/1893 1894/842/1894 1901/842/1901 1900/842/1900 
f 1894/842/1894 1895/842/1895 1902/842/1902 1901/842/1901 
f 1895/842/1895 1896/842/1896 1903/842/1903 1902/842/1902 
f 1896/842/1896 1897/842/1897 1707/842/1707 1903/842/1903 
f 1897/842/1897 1898/893/1898 1685/894/1685 1707/842/1707 
f 1686/837/1686 1904/863/1904 1905/842/1905 
f 1904/863/1904 1906/864/1906 1907/842/1907 1905/842/1905 
f 1906/864/1906 1908/865/1908 1909/842/1909 1907/842/1907 
f 1908/865/1908 1910/866/1910 1911/842/1911 1909/842/1909 
f 1910/866/1910 1912/867/1912 1913/842/1913 1911/842/1911 
f 1912/867/1912 1914/868/1914 1915/842/1915 1913/842/1913 
f 1914/868/1914 1701/869/1701 1916/842/1916 1915/842/1915 
f 1701/869/1701 1679/870/1679 1700/871/1700 1916/842/1916 
f 1686/837/1686 1905/842/1905 1917/842/1917 
f 1905/842/1905 1907/842/1907 1918/842/1918 1917/842/1917 
f 1907/842/1907 1909/842/1909 1919/842/1919 1918/842/1918 
f 1909/842/1909 1911/842/1911 1920/842/1920 1919/842/1919 
f 1911/842/1911 1913/842/1913 1921/842/1921 1920/842/1920 
f 1913/842/1913 1915/842/1915 1922/842/1922 1921/842/1921 
f 1915/842/1915 1916/842/1916 1923/842/1923 1922/842/1922 
f 1916/842/1916 1700/871/1700 1924/872/1924 1923/842/1923 
f 1686/837/1686 1917/842/1917 1925/842/1925 
f 1917/842/1917 1918/842/1918 1926/842/1926 1925/842/1925 
f 1918/842/1918 1919/842/1919 1927/842/1927 1926/842/1926 
f 1919/842/1919 1920/842/1920 1928/842/1928 1927/842/1927 
f 1920/842/1920 1921/842/1921 1929/842/1929 1928/842/1928 
f 1921/842/1921 1922/842/1922 1930/842/1930 1929/842/1929 
f 1922/842/1922 1923/842/1923 1931/842/1931 1930/842/1930 
f 1923/842/1923 1924/872/1924 1932/873/1932 1931/842/1931 
f 1686/837/1686 1925/842/1925 1933/842/1933 
f 1925/842/1925 1926/842/1926 1934/842/1934 1933/842/1933 
f 1926/842/1926 1927/842/1927 1935/842/1935 1934/842/1934 
f 1927/842/1927 1928/842/1928 1936/842/1936 1935/842/1935 
f 1928/842/1928 1929/842/1929 1937/842/1937 1936/842/1936 
f 1929/842/1929 1930/842/1930 1938/842/1938 1937/842/1937 
f 1930/842/1930 1931/842/1931 1939/842/1939 1938/842/1938 
f 1931/842/1931 1932/873/1932 1940/874/1940 1939/842/1939 
f 1686/837/1686 1933/842/1933 1941/842/1941 
f 1933/842/1933 1934/842/1934 1942/842/1942 1941/842/1941 
f 1934/842/1934 1935/842/1935 1943/842/1943 1942/842/1942 
f 1935/842/1935 1936/842/1936 1944/842/1944 1943/842/1943 
f 1936/842/1936 1937/842/1937 1945/842/1945 1944/842/1944 
f 1937/842/1937 1938/842/1938 1946/842/1946 1945/842/1945 
f 1938/842/1938 1939/842/1939 1947/842/1947 1946/842/1946 
f 1939/842/1939 1940/874/1940 1948/875/1948 1947/842/1947 
f 1686/837/1686 1941/842/1941 1949/842/1949 
f 1941/842/1941 1942/842/1942 1950/842/1950 1949/842/1949 
f 1942/842/1942 1943/842/1943 1951/842/1951 1950/842/1950 
f 1943/842/1943 1944/842/1944 1952/842/1952 1951/842/1951 
f 1944/842/1944 1945/842/1945 1953/842/1953 1952/842/1952 
f 1945/842/1945 1946/842/1946 1954/842/1954 1953/842/1953 
f 1946/842/1946 1947/842/1947 1955/842/1955 1954/842/1954 
f 1947/842/1947 1948/875/1948 1956/876/1956 1955/842/1955 
f 1686/837/1686 1949/842/1949 1695/842/1695 
f 1949/842/1949 1950/842/1950 1957/842/1957 1695/842/1695 
f 1950/842/1950 1951/842/1951 1958/842/1958 1957/842/1957 
f 1951/842/1951 1952/842/1952 1959/842/1959 1958/842/1958 
f 1952/842/1952 1953/842/1953 1960/842/1960 1959/842/1959 
f 1953/842/1953 1954/842/1954 1961/842/1961 1960/842/1960 
f 1954/842/1954 1955/842/1955 1962/842/1962 1961/842/1961 
f 1955/842/1955 1956/876/1956 1963/877/1963 1962/842/1962 
f 1695/842/1695 1957/842/1957 1964/842/1964 1696/842/1696 
f 1957/842/1957 1958/842/1958 1965/842/1965 1964/842/1964 
f 1958/842/1958 1959/842/1959 1966/842/1966 1965/842/1965 
f 1959/842/1959 1960/842/1960 1967/842/1967 1966/842/1966 
f 1960/842/1960 1961/842/1961 1968/842/1968 1967/842/1967 
f 1961/842/1961 1962/842/1962 1706/842/1706 1968/842/1968 
f 1962/842/1962 1963/877/1963 1683/878/1683 1706/842/1706 
f 1697/844/1697 1718/895/1718 1794/896/1794 1698/845/1698 
f 1718/895/1718 1716/897/1716 1802/898/1802 1794/896/1794 
f 1716/897/1716 1714/899/1714 1810/900/1810 1802/898/1802 
f 1714/899/1714 1712/901/1712 1818/902/1818 1810/900/1810 
f 1712/901/1712 1710/903/1710 1826/904/1826 1818/902/1818 
f 1710/903/1710 1708/905/1708 1833/906/1833 1826/904/1826 
f 1708/905/1708 1682/837/1682 1681/836/1681 1833/906/1833 
f 1699/848/1699 1784/907/1784 1924/908/1924 1700/849/1700 
f 1784/907/1784 1782/909/1782 1932/910/1932 1924/908/1924 
f 1782/909/1782 1780/911/1780 1940/912/1940 1932/910/1932 
f 1780/911/1780 1778/913/1778 1948/914/1948 1940/912/1940 
f 1778/913/1778 1776/915/1776 1956/916/1956 1948/914/1948 
f 1776/915/1776 1774/917/1774 1963/918/1963 1956/916/1956 
f 1774/917/1774 1684/841/1684 1683/840/1683 1963/918/1963 
f 1701/844/1701 1914/895/1914 1859/896/1859 1702/845/1702 
f 1914/895/1914 1912/897/1912 1867/898/1867 1859/896/1859 
f 1912/897/1912 1910/899/1910 1875/900/1875 1867/898/1867 
f 1910/899/1910 1908/901/1908 1883/902/1883 1875/900/1875 
f 1908/901/1908 1906/903/1906 1891/904/1891 1883/902/1883 
f 1906/903/1906 1904/905/1904 1898/906/1898 1891/904/1891 
f 1904/905/1904 1686/837/1686 1685/836/1685 1898/906/1898 
f 1703/848/1703 1849/907/1849 1728/908/1728 1704/849/1704 
f 1849/907/1849 1847/909/1847 1736/910/1736 1728/908/1728 
f 1847/909/1847 1845/911/1845 1744/912/1744 1736/910/1736 
f 1845/911/1845 1843/913/1843 1752/914/1752 1744/912/1744 
f 1843/913/1843 1841/915/1841 1760/916/1760 1752/914/1752 
f 1841/915/1841 1839/917/1839 1767/918/1767 1760/916/1760 
f 1839/917/1839 1688/841/1688 1687/840/1687 1767/918/1767 
f 1675/852/1675 1674/919/1674 1838/920/1838 1705/853/1705 
f 1674/919/1674 1673/921/1673 1837/922/1837 1838/920/1838 
f 1673/921/1673 1672/923/1672 1836/924/1836 1837/922/1837 
f 1672/923/1672 1671/925/1671 1835/926/1835 1836/924/1836 
f 1671/925/1671 1670/927/1670 1834/928/1834 1835/926/1835 
f 1670/927/1670 1669/929/1669 1692/930/1692 1834/928/1834 
f 1669/929/1669 1668/838/1668 1684/841/1684 1692/930/1692 
f 1690/856/1690 1768/931/1768 1643/932/1643 1642/857/1642 
f 1768/931/1768 1769/933/1769 1644/934/1644 1643/932/1643 
f 1769/933/1769 1770/935/1770 1645/936/1645 1644/934/1644 
f 1770/935/1770 1771/937/1771 1646/938/1646 1645/936/1645 
f 1771/937/1771 1772/939/1772 1647/940/1647 1646/938/1646 
f 1772/939/1772 1773/941/1773 1648/942/1648 1647/940/1647 
f 1773/941/1773 1687/840/1687 1649/839/1649 1648/942/1648 
f 1666/860/1666 1665/943/1665 1968/944/1968 1706/861/1706 
f 1665/943/1665 1664/945/1664 1967/946/1967 1968/944/1968 
f 1664/945/1664 1663/947/1663 1966/948/1966 1967/946/1967 
f 1663/947/1663 1662/949/1662 1965/950/1965 1966/948/1966 
f 1662/949/1662 1661/951/1661 1964/952/1964 1965/950/1965 
f 1661/951/1661 1660/953/1660 1696/954/1696 1964/952/1964 
f 1660/953/1660 1659/831/1659 1686/837/1686 1696/954/1696 
f 1657/852/1657 1656/919/1656 1903/920/1903 1707/853/1707 
f 1656/919/1656 1655/921/1655 1902/922/1902 1903/920/1903 
f 1655/921/1655 1654/923/1654 1901/924/1901 1902/922/1902 
f 1654/923/1654 1653/925/1653 1900/926/1900 1901/924/1901 
f 1653/925/1653 1652/927/1652 1899/928/1899 1900/926/1900 
f 1652/927/1652 1651/929/1651 1694/930/1694 1899/928/1899 
f 1651/929/1651 1650/838/1650 1688/841/1688 1694/930/1694 
# 294 polygons - 32 triangles

#
# object Box035
#

v  -52.6948 23.2756 64.5386
v  -52.6504 23.2756 64.4434
v  -52.4728 23.2756 64.1950
v  -52.1619 23.2756 63.7935
v  -51.7178 23.2756 63.2389
v  -51.1405 23.2756 62.5312
v  -50.4300 23.2756 61.6703
v  -49.5862 23.2756 60.6562
v  -48.6092 23.2756 59.4891
v  -42.1560 23.2756 51.7985
v  -41.1762 23.2756 50.6336
v  -40.3241 23.2756 49.6266
v  -39.5997 23.2756 48.7773
v  -39.0029 23.2756 48.0859
v  -38.5338 23.2756 47.5522
v  -38.1924 23.2756 47.1764
v  -37.9787 23.2756 46.9584
v  -37.8926 23.2756 46.8981
v  -37.1718 23.2756 47.5030
v  -37.2162 23.2756 47.5982
v  -37.3938 23.2756 47.8465
v  -37.7047 23.2756 48.2480
v  -38.1488 23.2756 48.8026
v  -38.7261 23.2756 49.5104
v  -39.4366 23.2756 50.3713
v  -40.2804 23.2756 51.3853
v  -41.2574 23.2756 52.5525
v  -47.7106 23.2756 60.2431
v  -48.6904 23.2756 61.4079
v  -49.5425 23.2756 62.4150
v  -50.2669 23.2756 63.2642
v  -50.8636 23.2756 63.9557
v  -51.3327 23.2756 64.4893
v  -51.6741 23.2756 64.8651
v  -51.8879 23.2756 65.0832
v  -51.9739 23.2756 65.1434
v  -48.5203 46.4191 59.5636
v  -47.7995 46.4191 60.1685
v  -41.3463 46.4191 52.4779
v  -42.0671 46.4191 51.8730
v  -51.9739 46.1329 65.1434
v  -52.6948 46.1329 64.5386
v  -41.2574 46.1329 52.5525
v  -47.7106 46.1329 60.2431
v  -37.8926 46.1329 46.8981
v  -37.1718 46.1329 47.5030
v  -48.6092 46.1329 59.4891
v  -42.1560 46.1329 51.7985
v  -52.6501 46.1486 64.4436
v  -52.6504 46.1329 64.4434
v  -48.6751 46.1486 61.3897
v  -48.6904 46.1329 61.4079
v  -41.1915 46.1486 50.6518
v  -41.1762 46.1329 50.6336
v  -37.2165 46.1486 47.5979
v  -37.2162 46.1329 47.5982
v  -49.4987 46.4146 60.7297
v  -48.7779 46.4146 61.3345
v  -47.7786 46.4146 60.1860
v  -41.3254 46.4146 52.4954
v  -40.3679 46.4146 51.3119
v  -41.0887 46.4146 50.7070
v  -42.0879 46.4146 51.8556
v  -48.5411 46.4146 59.5462
v  -51.8879 46.1329 65.0832
v  -40.2804 46.1329 51.3853
v  -37.9787 46.1329 46.9584
v  -52.6295 46.2000 64.4609
v  -52.6344 46.1989 64.4568
v  -52.4339 46.2581 64.2277
v  -52.4430 46.2561 64.2200
v  -52.1077 46.3073 63.8390
v  -52.1204 46.3046 63.8283
v  -51.6512 46.3475 63.2949
v  -51.6668 46.3442 63.2817
v  -51.0641 46.3788 62.5953
v  -51.0820 46.3750 62.5802
v  -50.3466 46.4012 61.7402
v  -50.3662 46.3970 61.7238
v  -49.5192 46.4102 60.7124
v  -52.6387 46.1958 64.4532
v  -52.4509 46.2503 64.2134
v  -52.1314 46.2964 63.8191
v  -51.6803 46.3341 63.2704
v  -51.0975 46.3635 62.5672
v  -50.3831 46.3844 61.7096
v  -49.5370 46.3970 60.6975
v  -48.5592 46.4012 59.5310
v  -52.6422 46.1905 64.4502
v  -52.4576 46.2405 64.2078
v  -52.1407 46.2828 63.8113
v  -51.6918 46.3173 63.2608
v  -51.1107 46.3442 62.5562
v  -50.3974 46.3635 61.6976
v  -49.5520 46.3750 60.6849
v  -48.5745 46.3788 59.5182
v  -52.6452 46.1832 64.4477
v  -52.4630 46.2268 64.2032
v  -52.1484 46.2637 63.8049
v  -51.7012 46.2939 63.2529
v  -51.1214 46.3173 62.5472
v  -50.4091 46.3341 61.6877
v  -49.5643 46.3442 60.6746
v  -48.5870 46.3475 59.5077
v  -52.6474 46.1738 64.4458
v  -52.4673 46.2092 64.1996
v  -52.1543 46.2392 63.7999
v  -51.7084 46.2637 63.2468
v  -51.1298 46.2828 62.5402
v  -50.4182 46.2964 61.6801
v  -49.5739 46.3046 60.6666
v  -48.5967 46.3073 59.4995
v  -52.6491 46.1622 64.4445
v  -52.4703 46.1877 64.1971
v  -52.1585 46.2092 63.7964
v  -51.7136 46.2268 63.2424
v  -51.1357 46.2405 62.5352
v  -50.4248 46.2503 61.6746
v  -49.5807 46.2561 60.6608
v  -48.6036 46.2581 59.4937
v  -52.4721 46.1622 64.1955
v  -52.1611 46.1738 63.7942
v  -51.7168 46.1832 63.2398
v  -51.1393 46.1905 62.5322
v  -50.4287 46.1958 61.6714
v  -49.5848 46.1989 60.6574
v  -48.6078 46.2000 59.4902
v  -52.4728 46.1329 64.1950
v  -52.1619 46.1329 63.7935
v  -51.7178 46.1329 63.2389
v  -51.1405 46.1329 62.5312
v  -50.4300 46.1329 61.6703
v  -49.5862 46.1329 60.6562
v  -47.7120 46.2000 60.2419
v  -47.9413 46.1989 60.5152
v  -47.7161 46.2581 60.2384
v  -48.1442 46.2561 60.7486
v  -47.7231 46.3073 60.2326
v  -48.3193 46.3046 60.9431
v  -47.7328 46.3475 60.2244
v  -48.4666 46.3442 61.0989
v  -47.7453 46.3788 60.2140
v  -48.5861 46.3750 61.2160
v  -47.7606 46.4012 60.2011
v  -48.6778 46.3970 61.2943
v  -48.7417 46.4102 61.3338
v  -48.1400 46.1958 60.7521
v  -48.5151 46.2503 61.1907
v  -48.8360 46.2964 61.5589
v  -49.1025 46.3341 61.8568
v  -49.3148 46.3635 62.0844
v  -49.4728 46.3844 62.2416
v  -49.5764 46.3970 62.3285
v  -49.6258 46.4012 62.3450
v  -48.3082 46.1905 60.9525
v  -48.8290 46.2405 61.5648
v  -49.2732 46.2828 62.0800
v  -49.6407 46.3173 62.4981
v  -49.9314 46.3442 62.8192
v  -50.1454 46.3635 63.0433
v  -50.2827 46.3750 63.1702
v  -50.3433 46.3788 63.2001
v  -48.4458 46.1832 61.1164
v  -49.0859 46.2268 61.8708
v  -49.6309 46.2637 62.5063
v  -50.0809 46.2939 63.0229
v  -50.4359 46.3173 63.4205
v  -50.6957 46.3341 63.6991
v  -50.8606 46.3442 63.8589
v  -50.9303 46.3475 63.8997
v  -48.5528 46.1738 61.2440
v  -49.2856 46.2092 62.1089
v  -49.9092 46.2392 62.8379
v  -50.4234 46.2637 63.4309
v  -50.8282 46.2828 63.8881
v  -51.1238 46.2964 64.2093
v  -51.3100 46.3046 64.3945
v  -51.3869 46.3073 64.4438
v  -48.6292 46.1622 61.3351
v  -49.4283 46.1877 62.2789
v  -50.1079 46.2092 63.0747
v  -50.6680 46.2268 63.7225
v  -51.1085 46.2405 64.2221
v  -51.4295 46.2503 64.5736
v  -51.6310 46.2561 64.7771
v  -51.7130 46.2581 64.8325
v  -49.5139 46.1622 62.3810
v  -50.2271 46.1738 63.2168
v  -50.8147 46.1832 63.8974
v  -51.2767 46.1905 64.4225
v  -51.6130 46.1958 64.7923
v  -51.8237 46.1989 65.0067
v  -51.9087 46.2000 65.0657
v  -49.5425 46.1329 62.4150
v  -50.2669 46.1329 63.2642
v  -50.8636 46.1329 63.9557
v  -51.3327 46.1329 64.4893
v  -51.6741 46.1329 64.8651
v  -42.1546 46.2000 51.7996
v  -41.9253 46.1989 51.5263
v  -42.1504 46.2581 51.8031
v  -41.7224 46.2561 51.2930
v  -42.1435 46.3073 51.8089
v  -41.5473 46.3046 51.0984
v  -42.1338 46.3475 51.8171
v  -41.4000 46.3442 50.9426
v  -42.1213 46.3788 51.8276
v  -41.2805 46.3750 50.8256
v  -42.1060 46.4012 51.8404
v  -41.1888 46.3970 50.7473
v  -41.1248 46.4102 50.7078
v  -41.7266 46.1958 51.2895
v  -41.3514 46.2503 50.8509
v  -41.0306 46.2964 50.4826
v  -40.7640 46.3341 50.1847
v  -40.5518 46.3635 49.9571
v  -40.3938 46.3844 49.7999
v  -40.2901 46.3970 49.7130
v  -40.2408 46.4012 49.6965
v  -41.5584 46.1905 51.0891
v  -41.0375 46.2405 50.4768
v  -40.5934 46.2828 49.9616
v  -40.2259 46.3173 49.5434
v  -39.9352 46.3442 49.2223
v  -39.7212 46.3635 48.9983
v  -39.5839 46.3750 48.8713
v  -39.5233 46.3788 48.8414
v  -41.4208 46.1832 50.9251
v  -40.7807 46.2268 50.1707
v  -40.2356 46.2637 49.5352
v  -39.7856 46.2939 49.0187
v  -39.4307 46.3173 48.6211
v  -39.1708 46.3341 48.3424
v  -39.0060 46.3442 48.1827
v  -38.9363 46.3475 48.1418
v  -41.3138 46.1738 50.7976
v  -40.5809 46.2092 49.9327
v  -39.9574 46.2392 49.2037
v  -39.4432 46.2637 48.6106
v  -39.0383 46.2828 48.1535
v  -38.7428 46.2964 47.8323
v  -38.5566 46.3046 47.6470
v  -38.4797 46.3073 47.5977
v  -41.2374 46.1622 50.7065
v  -40.4383 46.1877 49.7626
v  -39.7587 46.2092 48.9668
v  -39.1986 46.2268 48.3191
v  -38.7581 46.2405 47.8195
v  -38.4370 46.2503 47.4679
v  -38.2355 46.2561 47.2644
v  -38.1535 46.2581 47.2090
v  -40.3526 46.1622 49.6606
v  -39.6394 46.1738 48.8247
v  -39.0518 46.1832 48.1442
v  -38.5899 46.1905 47.6190
v  -38.2536 46.1958 47.2493
v  -38.0429 46.1989 47.0349
v  -37.9579 46.2000 46.9758
v  -40.3241 46.1329 49.6266
v  -39.5997 46.1329 48.7773
v  -39.0029 46.1329 48.0859
v  -38.5338 46.1329 47.5522
v  -38.1924 46.1329 47.1764
v  -37.2370 46.2000 47.5807
v  -37.2321 46.1989 47.5848
v  -37.4327 46.2581 47.8139
v  -37.4236 46.2561 47.8215
v  -37.7588 46.3073 48.2026
v  -37.7461 46.3046 48.2132
v  -38.2154 46.3475 48.7467
v  -38.1998 46.3442 48.7598
v  -38.8025 46.3788 49.4463
v  -38.7845 46.3750 49.4613
v  -39.5199 46.4012 50.3014
v  -39.5004 46.3970 50.3177
v  -40.3474 46.4102 51.3291
v  -37.2279 46.1958 47.5883
v  -37.4157 46.2503 47.8282
v  -37.7351 46.2964 48.2224
v  -38.1863 46.3341 48.7712
v  -38.7690 46.3635 49.4743
v  -39.4835 46.3844 50.3319
v  -40.3296 46.3970 51.3440
v  -41.3074 46.4012 52.5105
v  -37.2243 46.1905 47.5913
v  -37.4090 46.2405 47.8338
v  -37.7258 46.2828 48.2303
v  -38.1748 46.3173 48.7808
v  -38.7559 46.3442 49.4854
v  -39.4692 46.3635 50.3440
v  -40.3146 46.3750 51.3566
v  -41.2921 46.3788 52.5233
v  -37.2214 46.1832 47.5938
v  -37.4035 46.2268 47.8384
v  -37.7182 46.2637 48.2366
v  -38.1654 46.2939 48.7886
v  -38.7452 46.3173 49.4944
v  -39.4574 46.3341 50.3538
v  -40.3023 46.3442 51.3670
v  -41.2796 46.3475 52.5338
v  -37.2191 46.1738 47.5957
v  -37.3993 46.2092 47.8419
v  -37.7123 46.2392 48.2416
v  -38.1581 46.2637 48.7948
v  -38.7368 46.2828 49.5014
v  -39.4483 46.2964 50.3615
v  -40.2927 46.3046 51.3750
v  -41.2699 46.3073 52.5420
v  -37.2175 46.1622 47.5971
v  -37.3962 46.1877 47.8445
v  -37.7081 46.2092 48.2452
v  -38.1529 46.2268 48.7991
v  -38.7308 46.2405 49.5064
v  -39.4418 46.2503 50.3669
v  -40.2858 46.2561 51.3807
v  -41.2629 46.2581 52.5478
v  -37.3944 46.1622 47.8460
v  -37.7055 46.1738 48.2473
v  -38.1498 46.1832 48.8018
v  -38.7273 46.1905 49.5094
v  -39.4379 46.1958 50.3702
v  -40.2817 46.1989 51.3842
v  -41.2588 46.2000 52.5513
v  -37.3938 46.1329 47.8465
v  -37.7047 46.1329 48.2480
v  -38.1488 46.1329 48.8026
v  -38.7261 46.1329 49.5104
v  -39.4366 46.1329 50.3713
# 328 vertices

vn -0.4772 -0.6997 0.5317
vn -0.5416 -0.6896 0.4808
vn -0.6224 -0.6853 0.3781
vn -0.6924 -0.6817 0.2363
vn -0.7302 -0.6802 0.0639
vn -0.7229 -0.6817 -0.1124
vn -0.6786 -0.6853 -0.2643
vn -0.6169 -0.6895 -0.3795
vn -0.5622 -0.6997 -0.4407
vn -0.5317 -0.6997 -0.4772
vn -0.4808 -0.6895 -0.5417
vn -0.3781 -0.6853 -0.6224
vn -0.2363 -0.6817 -0.6924
vn -0.0639 -0.6802 -0.7302
vn 0.1124 -0.6817 -0.7229
vn 0.2643 -0.6853 -0.6786
vn 0.3794 -0.6896 -0.6169
vn 0.4407 -0.6997 -0.5622
vn 0.4772 -0.6997 -0.5317
vn 0.5416 -0.6896 -0.4808
vn 0.6224 -0.6853 -0.3781
vn 0.6924 -0.6817 -0.2363
vn 0.7302 -0.6802 -0.0639
vn 0.7229 -0.6817 0.1124
vn 0.6786 -0.6853 0.2643
vn 0.6169 -0.6895 0.3795
vn 0.5622 -0.6997 0.4407
vn 0.5317 -0.6997 0.4772
vn 0.4808 -0.6895 0.5417
vn 0.3781 -0.6853 0.6224
vn 0.2363 -0.6817 0.6924
vn 0.0639 -0.6802 0.7302
vn -0.1124 -0.6817 0.7229
vn -0.2643 -0.6853 0.6786
vn -0.3794 -0.6896 0.6169
vn -0.4407 -0.6997 0.5622
vn -0.0468 0.9989 0.0041
vn 0.0041 0.9989 0.0468
vn 0.0468 0.9989 -0.0041
vn -0.0041 0.9989 -0.0468
vn -0.6166 0.0332 0.7866
vn -0.6627 0.0267 0.7484
vn 0.7866 0.0332 0.6166
vn 0.7484 0.0267 0.6628
vn 0.6166 0.0332 -0.7866
vn 0.6627 0.0267 -0.7484
vn -0.7866 0.0332 -0.6166
vn -0.7484 0.0267 -0.6628
vn -0.7486 0.0214 0.6627
vn -0.7490 0.0050 0.6626
vn 0.6627 0.0214 0.7486
vn 0.6626 0.0050 0.7490
vn -0.6627 0.0214 -0.7486
vn -0.6626 0.0050 -0.7490
vn 0.7486 0.0214 -0.6627
vn 0.7490 0.0050 -0.6626
vn -0.1189 0.9888 0.0906
vn -0.0683 0.9887 0.1335
vn 0.0906 0.9888 0.1189
vn 0.1335 0.9887 0.0683
vn 0.1189 0.9888 -0.0906
vn 0.0683 0.9887 -0.1335
vn -0.0906 0.9888 -0.1189
vn -0.1335 0.9887 -0.0683
vn -0.5238 0.0329 0.8512
vn 0.8512 0.0329 0.5238
vn 0.5238 0.0329 -0.8512
vn -0.6395 0.1478 0.7544
vn -0.6520 0.1475 0.7438
vn -0.6166 0.3228 0.7180
vn -0.6441 0.3198 0.6949
vn -0.5626 0.5192 0.6434
vn -0.6073 0.5133 0.6064
vn -0.4716 0.7082 0.5254
vn -0.5333 0.6999 0.4750
vn -0.3536 0.8560 0.3771
vn -0.4287 0.8463 0.3162
vn -0.2299 0.9468 0.2250
vn -0.3130 0.9366 0.1573
vn -0.2053 0.9785 0.0192
vn -0.6715 0.1396 0.7278
vn -0.6870 0.3022 0.6608
vn -0.6774 0.4858 0.5525
vn -0.6303 0.6645 0.4015
vn -0.5465 0.8064 0.2260
vn -0.4428 0.8949 0.0552
vn -0.3395 0.9363 -0.0898
vn -0.2678 0.9465 -0.1802
vn -0.6931 0.1243 0.7100
vn -0.7342 0.2688 0.6234
vn -0.7545 0.4331 0.4931
vn -0.7375 0.5947 0.3201
vn -0.6775 0.7247 0.1256
vn -0.5879 0.8068 -0.0589
vn -0.4900 0.8455 -0.2122
vn -0.4187 0.8551 -0.3058
vn -0.7141 0.1018 0.6927
vn -0.7795 0.2202 0.5864
vn -0.8279 0.3554 0.4339
vn -0.8389 0.4892 0.2388
vn -0.8015 0.5974 0.0258
vn -0.7258 0.6662 -0.1714
vn -0.6340 0.6987 -0.3314
vn -0.5640 0.7067 -0.4273
vn -0.7312 0.0745 0.6780
vn -0.8163 0.1617 0.5546
vn -0.8863 0.2610 0.3825
vn -0.9179 0.3591 0.1687
vn -0.8969 0.4383 -0.0585
vn -0.8319 0.4882 -0.2637
vn -0.7457 0.5117 -0.4268
vn -0.6775 0.5173 -0.5229
vn -0.7427 0.0466 0.6680
vn -0.8407 0.1015 0.5318
vn -0.9240 0.1638 0.3455
vn -0.9671 0.2247 0.1188
vn -0.9548 0.2734 -0.1166
vn -0.8957 0.3037 -0.3248
vn -0.8133 0.3178 -0.4874
vn -0.7470 0.3210 -0.5822
vn -0.8533 0.0467 0.5193
vn -0.9427 0.0754 0.3249
vn -0.9904 0.1032 0.0915
vn -0.9811 0.1252 -0.1474
vn -0.9243 0.1387 -0.3557
vn -0.8439 0.1449 -0.5166
vn -0.7789 0.1462 -0.6099
vn -0.8556 0.0108 0.5175
vn -0.9470 0.0173 0.3209
vn -0.9961 0.0236 0.0853
vn -0.9875 0.0285 -0.1549
vn -0.9311 0.0315 -0.3634
vn -0.8512 0.0329 -0.5238
vn 0.7544 0.1478 0.6395
vn 0.7438 0.1475 0.6520
vn 0.7180 0.3228 0.6166
vn 0.6949 0.3198 0.6441
vn 0.6434 0.5192 0.5626
vn 0.6064 0.5133 0.6073
vn 0.5254 0.7082 0.4716
vn 0.4750 0.6999 0.5333
vn 0.3771 0.8560 0.3536
vn 0.3162 0.8463 0.4287
vn 0.2250 0.9468 0.2299
vn 0.1573 0.9366 0.3130
vn 0.0192 0.9785 0.2053
vn 0.7278 0.1396 0.6715
vn 0.6608 0.3022 0.6870
vn 0.5525 0.4858 0.6774
vn 0.4015 0.6645 0.6303
vn 0.2260 0.8064 0.5465
vn 0.0552 0.8949 0.4428
vn -0.0898 0.9363 0.3395
vn -0.1802 0.9465 0.2678
vn 0.7101 0.1243 0.6931
vn 0.6234 0.2688 0.7342
vn 0.4931 0.4331 0.7545
vn 0.3201 0.5947 0.7375
vn 0.1256 0.7247 0.6775
vn -0.0589 0.8068 0.5879
vn -0.2122 0.8455 0.4899
vn -0.3058 0.8551 0.4187
vn 0.6927 0.1018 0.7141
vn 0.5864 0.2202 0.7795
vn 0.4339 0.3554 0.8279
vn 0.2388 0.4892 0.8389
vn 0.0258 0.5974 0.8015
vn -0.1714 0.6662 0.7258
vn -0.3314 0.6987 0.6340
vn -0.4273 0.7067 0.5640
vn 0.6780 0.0745 0.7312
vn 0.5546 0.1617 0.8163
vn 0.3825 0.2610 0.8863
vn 0.1687 0.3591 0.9179
vn -0.0585 0.4382 0.8970
vn -0.2637 0.4882 0.8319
vn -0.4268 0.5117 0.7457
vn -0.5230 0.5173 0.6775
vn 0.6680 0.0466 0.7427
vn 0.5318 0.1015 0.8407
vn 0.3455 0.1638 0.9240
vn 0.1188 0.2247 0.9671
vn -0.1166 0.2734 0.9548
vn -0.3248 0.3037 0.8957
vn -0.4874 0.3178 0.8133
vn -0.5822 0.3210 0.7470
vn 0.5193 0.0467 0.8533
vn 0.3249 0.0754 0.9427
vn 0.0915 0.1032 0.9904
vn -0.1474 0.1252 0.9811
vn -0.3557 0.1387 0.9243
vn -0.5166 0.1449 0.8439
vn -0.6099 0.1462 0.7789
vn 0.5175 0.0108 0.8556
vn 0.3209 0.0173 0.9470
vn 0.0853 0.0236 0.9961
vn -0.1549 0.0285 0.9875
vn -0.3634 0.0315 0.9311
vn -0.7544 0.1478 -0.6395
vn -0.7438 0.1475 -0.6520
vn -0.7180 0.3228 -0.6166
vn -0.6949 0.3198 -0.6441
vn -0.6434 0.5192 -0.5626
vn -0.6064 0.5133 -0.6073
vn -0.5254 0.7082 -0.4716
vn -0.4750 0.6999 -0.5333
vn -0.3771 0.8560 -0.3536
vn -0.3162 0.8463 -0.4287
vn -0.2250 0.9468 -0.2299
vn -0.1573 0.9366 -0.3130
vn -0.0192 0.9785 -0.2053
vn -0.7278 0.1396 -0.6715
vn -0.6608 0.3022 -0.6870
vn -0.5525 0.4858 -0.6774
vn -0.4015 0.6645 -0.6303
vn -0.2260 0.8064 -0.5465
vn -0.0552 0.8949 -0.4428
vn 0.0898 0.9363 -0.3395
vn 0.1802 0.9465 -0.2678
vn -0.7101 0.1243 -0.6931
vn -0.6234 0.2688 -0.7342
vn -0.4931 0.4331 -0.7545
vn -0.3201 0.5947 -0.7375
vn -0.1256 0.7247 -0.6775
vn 0.0589 0.8068 -0.5879
vn 0.2122 0.8455 -0.4899
vn 0.3058 0.8551 -0.4187
vn -0.6927 0.1018 -0.7141
vn -0.5864 0.2202 -0.7795
vn -0.4339 0.3554 -0.8279
vn -0.2388 0.4892 -0.8389
vn -0.0258 0.5974 -0.8015
vn 0.1714 0.6662 -0.7258
vn 0.3314 0.6987 -0.6340
vn 0.4273 0.7067 -0.5640
vn -0.6780 0.0745 -0.7312
vn -0.5546 0.1617 -0.8163
vn -0.3825 0.2610 -0.8863
vn -0.1687 0.3591 -0.9179
vn 0.0585 0.4382 -0.8970
vn 0.2637 0.4882 -0.8319
vn 0.4268 0.5117 -0.7457
vn 0.5230 0.5173 -0.6775
vn -0.6680 0.0466 -0.7427
vn -0.5318 0.1015 -0.8407
vn -0.3455 0.1638 -0.9240
vn -0.1188 0.2247 -0.9671
vn 0.1166 0.2734 -0.9548
vn 0.3248 0.3037 -0.8957
vn 0.4874 0.3178 -0.8133
vn 0.5822 0.3210 -0.7470
vn -0.5193 0.0467 -0.8533
vn -0.3249 0.0754 -0.9427
vn -0.0915 0.1032 -0.9904
vn 0.1474 0.1252 -0.9811
vn 0.3557 0.1387 -0.9243
vn 0.5166 0.1449 -0.8439
vn 0.6099 0.1462 -0.7789
vn -0.5175 0.0108 -0.8556
vn -0.3209 0.0173 -0.9470
vn -0.0853 0.0236 -0.9961
vn 0.1549 0.0285 -0.9875
vn 0.3634 0.0315 -0.9311
vn 0.6395 0.1478 -0.7544
vn 0.6520 0.1475 -0.7438
vn 0.6166 0.3228 -0.7180
vn 0.6441 0.3198 -0.6949
vn 0.5626 0.5192 -0.6434
vn 0.6073 0.5133 -0.6064
vn 0.4716 0.7082 -0.5254
vn 0.5333 0.6999 -0.4750
vn 0.3536 0.8560 -0.3771
vn 0.4287 0.8463 -0.3162
vn 0.2299 0.9468 -0.2250
vn 0.3130 0.9366 -0.1573
vn 0.2053 0.9785 -0.0192
vn 0.6715 0.1396 -0.7278
vn 0.6870 0.3022 -0.6608
vn 0.6774 0.4858 -0.5525
vn 0.6303 0.6645 -0.4015
vn 0.5465 0.8064 -0.2260
vn 0.4428 0.8949 -0.0552
vn 0.3395 0.9363 0.0898
vn 0.2678 0.9465 0.1802
vn 0.6931 0.1243 -0.7100
vn 0.7342 0.2688 -0.6234
vn 0.7545 0.4331 -0.4931
vn 0.7375 0.5947 -0.3201
vn 0.6775 0.7247 -0.1256
vn 0.5879 0.8068 0.0589
vn 0.4900 0.8455 0.2122
vn 0.4187 0.8551 0.3058
vn 0.7141 0.1018 -0.6927
vn 0.7795 0.2202 -0.5864
vn 0.8279 0.3554 -0.4339
vn 0.8389 0.4892 -0.2388
vn 0.8015 0.5974 -0.0258
vn 0.7258 0.6662 0.1714
vn 0.6340 0.6987 0.3314
vn 0.5640 0.7067 0.4273
vn 0.7312 0.0745 -0.6780
vn 0.8163 0.1617 -0.5546
vn 0.8863 0.2610 -0.3825
vn 0.9179 0.3591 -0.1687
vn 0.8969 0.4383 0.0585
vn 0.8319 0.4882 0.2637
vn 0.7457 0.5117 0.4268
vn 0.6775 0.5173 0.5229
vn 0.7427 0.0466 -0.6680
vn 0.8407 0.1015 -0.5318
vn 0.9240 0.1638 -0.3455
vn 0.9671 0.2247 -0.1188
vn 0.9548 0.2734 0.1166
vn 0.8957 0.3037 0.3248
vn 0.8133 0.3178 0.4874
vn 0.7470 0.3210 0.5822
vn 0.8533 0.0467 -0.5193
vn 0.9427 0.0754 -0.3249
vn 0.9904 0.1032 -0.0915
vn 0.9811 0.1252 0.1474
vn 0.9243 0.1387 0.3557
vn 0.8439 0.1449 0.5166
vn 0.7789 0.1462 0.6099
vn 0.8556 0.0108 -0.5175
vn 0.9470 0.0173 -0.3209
vn 0.9961 0.0236 -0.0853
vn 0.9875 0.0285 0.1549
vn 0.9311 0.0315 0.3634
# 328 vertex normals

vt 0.9011 0.0000 0.0000
vt 0.9243 0.0044 0.0000
vt 0.9444 0.0176 0.0000
vt 0.9614 0.0397 0.0000
vt 0.9753 0.0705 0.0000
vt 0.9861 0.1102 0.0000
vt 0.9938 0.1586 0.0000
vt 0.9985 0.2159 0.0000
vt 1.0000 0.2820 0.0000
vt 1.0000 0.7180 0.0000
vt 0.9985 0.7841 0.0000
vt 0.9938 0.8414 0.0000
vt 0.9861 0.8898 0.0000
vt 0.9753 0.9295 0.0000
vt 0.9614 0.9603 0.0000
vt 0.9444 0.9824 0.0000
vt 0.9243 0.9956 0.0000
vt 0.9011 1.0000 0.0000
vt 0.0989 1.0000 0.0000
vt 0.0757 0.9956 0.0000
vt 0.0556 0.9824 0.0000
vt 0.0386 0.9603 0.0000
vt 0.0247 0.9295 0.0000
vt 0.0139 0.8898 0.0000
vt 0.0062 0.8414 0.0000
vt 0.0015 0.7841 0.0000
vt 0.0000 0.7180 0.0000
vt 0.0000 0.2820 0.0000
vt 0.0015 0.2159 0.0000
vt 0.0062 0.1586 0.0000
vt 0.0139 0.1102 0.0000
vt 0.0247 0.0705 0.0000
vt 0.0386 0.0397 0.0000
vt 0.0556 0.0176 0.0000
vt 0.0757 0.0044 0.0000
vt 0.0989 0.0000 0.0000
vt 0.0989 0.2820 0.0000
vt 0.9011 0.2820 0.0000
vt 0.9011 0.7180 0.0000
vt 0.0989 0.7180 0.0000
vt 0.9011 0.9876 0.0000
vt 0.0989 0.9876 0.0000
vt 0.2820 0.0000 0.0000
vt 0.7180 0.0000 0.0000
vt 0.7180 0.9876 0.0000
vt 0.2820 0.9876 0.0000
vt 0.0000 1.0000 0.0000
vt 0.0989 1.2636 0.0000
vt 0.0989 1.2291 0.0000
vt 0.9011 1.2291 0.0000
vt 0.9011 1.2636 0.0000
vt 0.2820 0.5888 0.0000
vt 0.2820 0.6387 0.0000
vt 0.7180 0.6387 0.0000
vt 0.7180 0.5888 0.0000
vt 0.0858 -0.0039 0.0000
vt 0.1103 -0.0034 0.0000
vt 0.1124 0.9842 0.0000
vt 0.0882 0.9837 0.0000
vt 0.9118 0.9837 0.0000
vt 0.8876 0.9842 0.0000
vt 0.8897 -0.0034 0.0000
vt 0.9142 -0.0039 0.0000
vt 0.2443 -0.0106 0.0000
vt 0.2261 -0.0092 0.0000
vt 0.2204 0.9786 0.0000
vt 0.2378 0.9773 0.0000
vt 0.0730 0.9914 0.0000
vt 0.0448 0.9966 0.0000
vt 0.0143 1.0032 0.0000
vt -0.0186 1.0113 0.0000
vt -0.0537 1.0207 0.0000
vt -0.0912 1.0315 0.0000
vt -0.1310 1.0438 0.0000
vt -0.1732 1.0574 0.0000
vt -0.1353 1.0420 0.0000
vt -0.1082 1.0243 0.0000
vt -0.0920 1.0044 0.0000
vt -0.0866 0.9824 0.0000
vt -0.0920 0.9581 0.0000
vt -0.1082 0.9316 0.0000
vt -0.1353 0.9029 0.0000
vt -0.1732 0.8720 0.0000
vt 0.2188 0.9928 0.0000
vt 0.1702 1.0022 0.0000
vt 0.1362 1.0157 0.0000
vt 0.1168 1.0334 0.0000
vt 0.1121 1.0552 0.0000
vt 0.1219 1.0813 0.0000
vt 0.1463 1.1115 0.0000
vt 0.1854 1.1458 0.0000
vt 0.1411 1.1107 0.0000
vt 0.1009 1.0783 0.0000
vt 0.0648 1.0486 0.0000
vt 0.0328 1.0215 0.0000
vt 0.0049 0.9971 0.0000
vt -0.0189 0.9755 0.0000
vt -0.0387 0.9565 0.0000
vt -0.0543 0.9402 0.0000
vt 0.0989 1.1946 0.0000
vt 0.9011 1.1946 0.0000
vt 0.0989 1.1601 0.0000
vt 0.9011 1.1601 0.0000
vt 0.0989 1.1256 0.0000
vt 0.9011 1.1256 0.0000
vt 0.0989 1.0911 0.0000
vt 0.9011 1.0911 0.0000
vt 0.0989 1.0566 0.0000
vt 0.9011 1.0566 0.0000
vt 0.0989 1.0221 0.0000
vt 0.9011 1.0221 0.0000
vt 0.2820 0.6885 0.0000
vt 0.7180 0.6885 0.0000
vt 0.2820 0.7384 0.0000
vt 0.7180 0.7384 0.0000
vt 0.2820 0.7882 0.0000
vt 0.7180 0.7882 0.0000
vt 0.2820 0.8381 0.0000
vt 0.7180 0.8381 0.0000
vt 0.2820 0.8879 0.0000
vt 0.7180 0.8879 0.0000
vt 0.2820 0.9378 0.0000
vt 0.7180 0.9378 0.0000
vt 0.1349 -0.0029 0.0000
vt 0.1366 0.9847 0.0000
vt 0.1594 -0.0024 0.0000
vt 0.1609 0.9852 0.0000
vt 0.1839 -0.0020 0.0000
vt 0.1851 0.9857 0.0000
vt 0.2084 -0.0015 0.0000
vt 0.2093 0.9862 0.0000
vt 0.2330 -0.0010 0.0000
vt 0.2336 0.9867 0.0000
vt 0.2575 -0.0005 0.0000
vt 0.2578 0.9871 0.0000
vt 0.8634 0.9847 0.0000
vt 0.8651 -0.0029 0.0000
vt 0.8391 0.9852 0.0000
vt 0.8406 -0.0024 0.0000
vt 0.8149 0.9857 0.0000
vt 0.8161 -0.0020 0.0000
vt 0.7907 0.9862 0.0000
vt 0.7916 -0.0015 0.0000
vt 0.7664 0.9867 0.0000
vt 0.7670 -0.0010 0.0000
vt 0.7422 0.9871 0.0000
vt 0.7425 -0.0005 0.0000
vt 0.2079 -0.0079 0.0000
vt 0.2031 0.9799 0.0000
vt 0.1898 -0.0066 0.0000
vt 0.1857 0.9812 0.0000
vt 0.1716 -0.0053 0.0000
vt 0.1684 0.9825 0.0000
vt 0.1534 -0.0040 0.0000
vt 0.1510 0.9838 0.0000
vt 0.1353 -0.0026 0.0000
vt 0.1336 0.9851 0.0000
vt 0.1171 -0.0013 0.0000
vt 0.1163 0.9863 0.0000
# 159 texture coords

o Box035
g Box035
usemtl 07___Default
s 1
f 1969/955/1969 1970/956/1970 1971/957/1971 1972/958/1972 1973/959/1973 1974/960/1974 1975/961/1975 1976/962/1976 1977/963/1977 1978/964/1978 1979/965/1979 1980/966/1980 1981/967/1981 1982/968/1982 1983/969/1983 1984/970/1984 1985/971/1985 1986/972/1986 1987/973/1987 1988/974/1988 1989/975/1989 1990/976/1990 1991/977/1991 1992/978/1992 1993/979/1993 1994/980/1994 1995/981/1995 1996/982/1996 1997/983/1997 1998/984/1998 1999/985/1999 2000/986/2000 2001/987/2001 2002/988/2002 2003/989/2003 2004/990/2004 
s 2
f 2005/991/2005 2006/992/2006 2007/993/2007 2008/994/2008 
f 1969/990/1969 2004/955/2004 2009/995/2009 2010/996/2010 
f 1996/997/1996 1995/998/1995 2011/999/2011 2012/1000/2012 
f 1987/990/1987 1986/955/1986 2013/995/2013 2014/996/2014 
f 1978/997/1978 1977/998/1977 2015/999/2015 2016/1000/2016 
f 2010/996/2010 2017/1001/2017 2018/1001/2018 
f 2012/1000/2012 2019/1001/2019 2020/1001/2020 
f 2016/1000/2016 2021/1001/2021 2022/1001/2022 
f 2014/996/2014 2023/1001/2023 2024/1001/2024 
f 2005/1002/2005 2025/1003/2025 2026/1004/2026 2006/1005/2006 
f 2006/1006/2006 2027/1007/2027 2028/1008/2028 2007/1009/2007 
f 2007/1002/2007 2029/1003/2029 2030/1004/2030 2008/1005/2008 
f 2008/1006/2008 2031/1007/2031 2032/1008/2032 2005/1009/2005 
f 2004/1010/2004 2003/1011/2003 2033/1012/2033 2009/1013/2009 
f 2010/1014/2010 2018/1015/2018 1970/1016/1970 1969/1017/1969 
f 1995/1018/1995 1994/1019/1994 2034/1020/2034 2011/1021/2011 
f 1986/1010/1986 1985/1011/1985 2035/1012/2035 2013/1013/2013 
f 2010/996/2010 2036/1022/2036 2037/1001/2037 
f 2036/1022/2036 2038/1023/2038 2039/1001/2039 2037/1001/2037 
f 2038/1023/2038 2040/1024/2040 2041/1001/2041 2039/1001/2039 
f 2040/1024/2040 2042/1025/2042 2043/1001/2043 2041/1001/2041 
f 2042/1025/2042 2044/1026/2044 2045/1001/2045 2043/1001/2043 
f 2044/1026/2044 2046/1027/2046 2047/1001/2047 2045/1001/2045 
f 2046/1027/2046 2025/1028/2025 2048/1001/2048 2047/1001/2047 
f 2025/1028/2025 2005/1029/2005 2032/1030/2032 2048/1001/2048 
f 2010/996/2010 2037/1001/2037 2049/1001/2049 
f 2037/1001/2037 2039/1001/2039 2050/1001/2050 2049/1001/2049 
f 2039/1001/2039 2041/1001/2041 2051/1001/2051 2050/1001/2050 
f 2041/1001/2041 2043/1001/2043 2052/1001/2052 2051/1001/2051 
f 2043/1001/2043 2045/1001/2045 2053/1001/2053 2052/1001/2052 
f 2045/1001/2045 2047/1001/2047 2054/1001/2054 2053/1001/2053 
f 2047/1001/2047 2048/1001/2048 2055/1001/2055 2054/1001/2054 
f 2048/1001/2048 2032/1030/2032 2056/1031/2056 2055/1001/2055 
f 2010/996/2010 2049/1001/2049 2057/1001/2057 
f 2049/1001/2049 2050/1001/2050 2058/1001/2058 2057/1001/2057 
f 2050/1001/2050 2051/1001/2051 2059/1001/2059 2058/1001/2058 
f 2051/1001/2051 2052/1001/2052 2060/1001/2060 2059/1001/2059 
f 2052/1001/2052 2053/1001/2053 2061/1001/2061 2060/1001/2060 
f 2053/1001/2053 2054/1001/2054 2062/1001/2062 2061/1001/2061 
f 2054/1001/2054 2055/1001/2055 2063/1001/2063 2062/1001/2062 
f 2055/1001/2055 2056/1031/2056 2064/1032/2064 2063/1001/2063 
f 2010/996/2010 2057/1001/2057 2065/1001/2065 
f 2057/1001/2057 2058/1001/2058 2066/1001/2066 2065/1001/2065 
f 2058/1001/2058 2059/1001/2059 2067/1001/2067 2066/1001/2066 
f 2059/1001/2059 2060/1001/2060 2068/1001/2068 2067/1001/2067 
f 2060/1001/2060 2061/1001/2061 2069/1001/2069 2068/1001/2068 
f 2061/1001/2061 2062/1001/2062 2070/1001/2070 2069/1001/2069 
f 2062/1001/2062 2063/1001/2063 2071/1001/2071 2070/1001/2070 
f 2063/1001/2063 2064/1032/2064 2072/1033/2072 2071/1001/2071 
f 2010/996/2010 2065/1001/2065 2073/1001/2073 
f 2065/1001/2065 2066/1001/2066 2074/1001/2074 2073/1001/2073 
f 2066/1001/2066 2067/1001/2067 2075/1001/2075 2074/1001/2074 
f 2067/1001/2067 2068/1001/2068 2076/1001/2076 2075/1001/2075 
f 2068/1001/2068 2069/1001/2069 2077/1001/2077 2076/1001/2076 
f 2069/1001/2069 2070/1001/2070 2078/1001/2078 2077/1001/2077 
f 2070/1001/2070 2071/1001/2071 2079/1001/2079 2078/1001/2078 
f 2071/1001/2071 2072/1033/2072 2080/1034/2080 2079/1001/2079 
f 2010/996/2010 2073/1001/2073 2081/1001/2081 
f 2073/1001/2073 2074/1001/2074 2082/1001/2082 2081/1001/2081 
f 2074/1001/2074 2075/1001/2075 2083/1001/2083 2082/1001/2082 
f 2075/1001/2075 2076/1001/2076 2084/1001/2084 2083/1001/2083 
f 2076/1001/2076 2077/1001/2077 2085/1001/2085 2084/1001/2084 
f 2077/1001/2077 2078/1001/2078 2086/1001/2086 2085/1001/2085 
f 2078/1001/2078 2079/1001/2079 2087/1001/2087 2086/1001/2086 
f 2079/1001/2079 2080/1034/2080 2088/1035/2088 2087/1001/2087 
f 2010/996/2010 2081/1001/2081 2017/1001/2017 
f 2081/1001/2081 2082/1001/2082 2089/1001/2089 2017/1001/2017 
f 2082/1001/2082 2083/1001/2083 2090/1001/2090 2089/1001/2089 
f 2083/1001/2083 2084/1001/2084 2091/1001/2091 2090/1001/2090 
f 2084/1001/2084 2085/1001/2085 2092/1001/2092 2091/1001/2091 
f 2085/1001/2085 2086/1001/2086 2093/1001/2093 2092/1001/2092 
f 2086/1001/2086 2087/1001/2087 2094/1001/2094 2093/1001/2093 
f 2087/1001/2087 2088/1035/2088 2095/1036/2095 2094/1001/2094 
f 2017/1001/2017 2089/1001/2089 2096/1001/2096 2018/1001/2018 
f 2089/1001/2089 2090/1001/2090 2097/1001/2097 2096/1001/2096 
f 2090/1001/2090 2091/1001/2091 2098/1001/2098 2097/1001/2097 
f 2091/1001/2091 2092/1001/2092 2099/1001/2099 2098/1001/2098 
f 2092/1001/2092 2093/1001/2093 2100/1001/2100 2099/1001/2099 
f 2093/1001/2093 2094/1001/2094 2101/1001/2101 2100/1001/2100 
f 2094/1001/2094 2095/1036/2095 2015/1037/2015 2101/1001/2101 
f 2012/1000/2012 2102/1038/2102 2103/1001/2103 
f 2102/1038/2102 2104/1039/2104 2105/1001/2105 2103/1001/2103 
f 2104/1039/2104 2106/1040/2106 2107/1001/2107 2105/1001/2105 
f 2106/1040/2106 2108/1041/2108 2109/1001/2109 2107/1001/2107 
f 2108/1041/2108 2110/1042/2110 2111/1001/2111 2109/1001/2109 
f 2110/1042/2110 2112/1043/2112 2113/1001/2113 2111/1001/2111 
f 2112/1043/2112 2027/1044/2027 2114/1001/2114 2113/1001/2113 
f 2027/1044/2027 2006/1045/2006 2026/1046/2026 2114/1001/2114 
f 2012/1000/2012 2103/1001/2103 2115/1001/2115 
f 2103/1001/2103 2105/1001/2105 2116/1001/2116 2115/1001/2115 
f 2105/1001/2105 2107/1001/2107 2117/1001/2117 2116/1001/2116 
f 2107/1001/2107 2109/1001/2109 2118/1001/2118 2117/1001/2117 
f 2109/1001/2109 2111/1001/2111 2119/1001/2119 2118/1001/2118 
f 2111/1001/2111 2113/1001/2113 2120/1001/2120 2119/1001/2119 
f 2113/1001/2113 2114/1001/2114 2121/1001/2121 2120/1001/2120 
f 2114/1001/2114 2026/1046/2026 2122/1047/2122 2121/1001/2121 
f 2012/1000/2012 2115/1001/2115 2123/1001/2123 
f 2115/1001/2115 2116/1001/2116 2124/1001/2124 2123/1001/2123 
f 2116/1001/2116 2117/1001/2117 2125/1001/2125 2124/1001/2124 
f 2117/1001/2117 2118/1001/2118 2126/1001/2126 2125/1001/2125 
f 2118/1001/2118 2119/1001/2119 2127/1001/2127 2126/1001/2126 
f 2119/1001/2119 2120/1001/2120 2128/1001/2128 2127/1001/2127 
f 2120/1001/2120 2121/1001/2121 2129/1001/2129 2128/1001/2128 
f 2121/1001/2121 2122/1047/2122 2130/1048/2130 2129/1001/2129 
f 2012/1000/2012 2123/1001/2123 2131/1001/2131 
f 2123/1001/2123 2124/1001/2124 2132/1001/2132 2131/1001/2131 
f 2124/1001/2124 2125/1001/2125 2133/1001/2133 2132/1001/2132 
f 2125/1001/2125 2126/1001/2126 2134/1001/2134 2133/1001/2133 
f 2126/1001/2126 2127/1001/2127 2135/1001/2135 2134/1001/2134 
f 2127/1001/2127 2128/1001/2128 2136/1001/2136 2135/1001/2135 
f 2128/1001/2128 2129/1001/2129 2137/1001/2137 2136/1001/2136 
f 2129/1001/2129 2130/1048/2130 2138/1049/2138 2137/1001/2137 
f 2012/1000/2012 2131/1001/2131 2139/1001/2139 
f 2131/1001/2131 2132/1001/2132 2140/1001/2140 2139/1001/2139 
f 2132/1001/2132 2133/1001/2133 2141/1001/2141 2140/1001/2140 
f 2133/1001/2133 2134/1001/2134 2142/1001/2142 2141/1001/2141 
f 2134/1001/2134 2135/1001/2135 2143/1001/2143 2142/1001/2142 
f 2135/1001/2135 2136/1001/2136 2144/1001/2144 2143/1001/2143 
f 2136/1001/2136 2137/1001/2137 2145/1001/2145 2144/1001/2144 
f 2137/1001/2137 2138/1049/2138 2146/1050/2146 2145/1001/2145 
f 2012/1000/2012 2139/1001/2139 2147/1001/2147 
f 2139/1001/2139 2140/1001/2140 2148/1001/2148 2147/1001/2147 
f 2140/1001/2140 2141/1001/2141 2149/1001/2149 2148/1001/2148 
f 2141/1001/2141 2142/1001/2142 2150/1001/2150 2149/1001/2149 
f 2142/1001/2142 2143/1001/2143 2151/1001/2151 2150/1001/2150 
f 2143/1001/2143 2144/1001/2144 2152/1001/2152 2151/1001/2151 
f 2144/1001/2144 2145/1001/2145 2153/1001/2153 2152/1001/2152 
f 2145/1001/2145 2146/1050/2146 2154/1051/2154 2153/1001/2153 
f 2012/1000/2012 2147/1001/2147 2019/1001/2019 
f 2147/1001/2147 2148/1001/2148 2155/1001/2155 2019/1001/2019 
f 2148/1001/2148 2149/1001/2149 2156/1001/2156 2155/1001/2155 
f 2149/1001/2149 2150/1001/2150 2157/1001/2157 2156/1001/2156 
f 2150/1001/2150 2151/1001/2151 2158/1001/2158 2157/1001/2157 
f 2151/1001/2151 2152/1001/2152 2159/1001/2159 2158/1001/2158 
f 2152/1001/2152 2153/1001/2153 2160/1001/2160 2159/1001/2159 
f 2153/1001/2153 2154/1051/2154 2161/1052/2161 2160/1001/2160 
f 2019/1001/2019 2155/1001/2155 2162/1001/2162 2020/1001/2020 
f 2155/1001/2155 2156/1001/2156 2163/1001/2163 2162/1001/2162 
f 2156/1001/2156 2157/1001/2157 2164/1001/2164 2163/1001/2163 
f 2157/1001/2157 2158/1001/2158 2165/1001/2165 2164/1001/2164 
f 2158/1001/2158 2159/1001/2159 2166/1001/2166 2165/1001/2165 
f 2159/1001/2159 2160/1001/2160 2033/1001/2033 2166/1001/2166 
f 2160/1001/2160 2161/1052/2161 2009/1053/2009 2033/1001/2033 
f 2016/1000/2016 2167/1038/2167 2168/1001/2168 
f 2167/1038/2167 2169/1039/2169 2170/1001/2170 2168/1001/2168 
f 2169/1039/2169 2171/1040/2171 2172/1001/2172 2170/1001/2170 
f 2171/1040/2171 2173/1041/2173 2174/1001/2174 2172/1001/2172 
f 2173/1041/2173 2175/1042/2175 2176/1001/2176 2174/1001/2174 
f 2175/1042/2175 2177/1043/2177 2178/1001/2178 2176/1001/2176 
f 2177/1043/2177 2031/1044/2031 2179/1001/2179 2178/1001/2178 
f 2031/1044/2031 2008/1045/2008 2030/1046/2030 2179/1001/2179 
f 2016/1000/2016 2168/1001/2168 2180/1001/2180 
f 2168/1001/2168 2170/1001/2170 2181/1001/2181 2180/1001/2180 
f 2170/1001/2170 2172/1001/2172 2182/1001/2182 2181/1001/2181 
f 2172/1001/2172 2174/1001/2174 2183/1001/2183 2182/1001/2182 
f 2174/1001/2174 2176/1001/2176 2184/1001/2184 2183/1001/2183 
f 2176/1001/2176 2178/1001/2178 2185/1001/2185 2184/1001/2184 
f 2178/1001/2178 2179/1001/2179 2186/1001/2186 2185/1001/2185 
f 2179/1001/2179 2030/1046/2030 2187/1047/2187 2186/1001/2186 
f 2016/1000/2016 2180/1001/2180 2188/1001/2188 
f 2180/1001/2180 2181/1001/2181 2189/1001/2189 2188/1001/2188 
f 2181/1001/2181 2182/1001/2182 2190/1001/2190 2189/1001/2189 
f 2182/1001/2182 2183/1001/2183 2191/1001/2191 2190/1001/2190 
f 2183/1001/2183 2184/1001/2184 2192/1001/2192 2191/1001/2191 
f 2184/1001/2184 2185/1001/2185 2193/1001/2193 2192/1001/2192 
f 2185/1001/2185 2186/1001/2186 2194/1001/2194 2193/1001/2193 
f 2186/1001/2186 2187/1047/2187 2195/1048/2195 2194/1001/2194 
f 2016/1000/2016 2188/1001/2188 2196/1001/2196 
f 2188/1001/2188 2189/1001/2189 2197/1001/2197 2196/1001/2196 
f 2189/1001/2189 2190/1001/2190 2198/1001/2198 2197/1001/2197 
f 2190/1001/2190 2191/1001/2191 2199/1001/2199 2198/1001/2198 
f 2191/1001/2191 2192/1001/2192 2200/1001/2200 2199/1001/2199 
f 2192/1001/2192 2193/1001/2193 2201/1001/2201 2200/1001/2200 
f 2193/1001/2193 2194/1001/2194 2202/1001/2202 2201/1001/2201 
f 2194/1001/2194 2195/1048/2195 2203/1049/2203 2202/1001/2202 
f 2016/1000/2016 2196/1001/2196 2204/1001/2204 
f 2196/1001/2196 2197/1001/2197 2205/1001/2205 2204/1001/2204 
f 2197/1001/2197 2198/1001/2198 2206/1001/2206 2205/1001/2205 
f 2198/1001/2198 2199/1001/2199 2207/1001/2207 2206/1001/2206 
f 2199/1001/2199 2200/1001/2200 2208/1001/2208 2207/1001/2207 
f 2200/1001/2200 2201/1001/2201 2209/1001/2209 2208/1001/2208 
f 2201/1001/2201 2202/1001/2202 2210/1001/2210 2209/1001/2209 
f 2202/1001/2202 2203/1049/2203 2211/1050/2211 2210/1001/2210 
f 2016/1000/2016 2204/1001/2204 2212/1001/2212 
f 2204/1001/2204 2205/1001/2205 2213/1001/2213 2212/1001/2212 
f 2205/1001/2205 2206/1001/2206 2214/1001/2214 2213/1001/2213 
f 2206/1001/2206 2207/1001/2207 2215/1001/2215 2214/1001/2214 
f 2207/1001/2207 2208/1001/2208 2216/1001/2216 2215/1001/2215 
f 2208/1001/2208 2209/1001/2209 2217/1001/2217 2216/1001/2216 
f 2209/1001/2209 2210/1001/2210 2218/1001/2218 2217/1001/2217 
f 2210/1001/2210 2211/1050/2211 2219/1051/2219 2218/1001/2218 
f 2016/1000/2016 2212/1001/2212 2021/1001/2021 
f 2212/1001/2212 2213/1001/2213 2220/1001/2220 2021/1001/2021 
f 2213/1001/2213 2214/1001/2214 2221/1001/2221 2220/1001/2220 
f 2214/1001/2214 2215/1001/2215 2222/1001/2222 2221/1001/2221 
f 2215/1001/2215 2216/1001/2216 2223/1001/2223 2222/1001/2222 
f 2216/1001/2216 2217/1001/2217 2224/1001/2224 2223/1001/2223 
f 2217/1001/2217 2218/1001/2218 2225/1001/2225 2224/1001/2224 
f 2218/1001/2218 2219/1051/2219 2226/1052/2226 2225/1001/2225 
f 2021/1001/2021 2220/1001/2220 2227/1001/2227 2022/1001/2022 
f 2220/1001/2220 2221/1001/2221 2228/1001/2228 2227/1001/2227 
f 2221/1001/2221 2222/1001/2222 2229/1001/2229 2228/1001/2228 
f 2222/1001/2222 2223/1001/2223 2230/1001/2230 2229/1001/2229 
f 2223/1001/2223 2224/1001/2224 2231/1001/2231 2230/1001/2230 
f 2224/1001/2224 2225/1001/2225 2035/1001/2035 2231/1001/2231 
f 2225/1001/2225 2226/1052/2226 2013/1053/2013 2035/1001/2035 
f 2014/996/2014 2232/1022/2232 2233/1001/2233 
f 2232/1022/2232 2234/1023/2234 2235/1001/2235 2233/1001/2233 
f 2234/1023/2234 2236/1024/2236 2237/1001/2237 2235/1001/2235 
f 2236/1024/2236 2238/1025/2238 2239/1001/2239 2237/1001/2237 
f 2238/1025/2238 2240/1026/2240 2241/1001/2241 2239/1001/2239 
f 2240/1026/2240 2242/1027/2242 2243/1001/2243 2241/1001/2241 
f 2242/1027/2242 2029/1028/2029 2244/1001/2244 2243/1001/2243 
f 2029/1028/2029 2007/1029/2007 2028/1030/2028 2244/1001/2244 
f 2014/996/2014 2233/1001/2233 2245/1001/2245 
f 2233/1001/2233 2235/1001/2235 2246/1001/2246 2245/1001/2245 
f 2235/1001/2235 2237/1001/2237 2247/1001/2247 2246/1001/2246 
f 2237/1001/2237 2239/1001/2239 2248/1001/2248 2247/1001/2247 
f 2239/1001/2239 2241/1001/2241 2249/1001/2249 2248/1001/2248 
f 2241/1001/2241 2243/1001/2243 2250/1001/2250 2249/1001/2249 
f 2243/1001/2243 2244/1001/2244 2251/1001/2251 2250/1001/2250 
f 2244/1001/2244 2028/1030/2028 2252/1031/2252 2251/1001/2251 
f 2014/996/2014 2245/1001/2245 2253/1001/2253 
f 2245/1001/2245 2246/1001/2246 2254/1001/2254 2253/1001/2253 
f 2246/1001/2246 2247/1001/2247 2255/1001/2255 2254/1001/2254 
f 2247/1001/2247 2248/1001/2248 2256/1001/2256 2255/1001/2255 
f 2248/1001/2248 2249/1001/2249 2257/1001/2257 2256/1001/2256 
f 2249/1001/2249 2250/1001/2250 2258/1001/2258 2257/1001/2257 
f 2250/1001/2250 2251/1001/2251 2259/1001/2259 2258/1001/2258 
f 2251/1001/2251 2252/1031/2252 2260/1032/2260 2259/1001/2259 
f 2014/996/2014 2253/1001/2253 2261/1001/2261 
f 2253/1001/2253 2254/1001/2254 2262/1001/2262 2261/1001/2261 
f 2254/1001/2254 2255/1001/2255 2263/1001/2263 2262/1001/2262 
f 2255/1001/2255 2256/1001/2256 2264/1001/2264 2263/1001/2263 
f 2256/1001/2256 2257/1001/2257 2265/1001/2265 2264/1001/2264 
f 2257/1001/2257 2258/1001/2258 2266/1001/2266 2265/1001/2265 
f 2258/1001/2258 2259/1001/2259 2267/1001/2267 2266/1001/2266 
f 2259/1001/2259 2260/1032/2260 2268/1033/2268 2267/1001/2267 
f 2014/996/2014 2261/1001/2261 2269/1001/2269 
f 2261/1001/2261 2262/1001/2262 2270/1001/2270 2269/1001/2269 
f 2262/1001/2262 2263/1001/2263 2271/1001/2271 2270/1001/2270 
f 2263/1001/2263 2264/1001/2264 2272/1001/2272 2271/1001/2271 
f 2264/1001/2264 2265/1001/2265 2273/1001/2273 2272/1001/2272 
f 2265/1001/2265 2266/1001/2266 2274/1001/2274 2273/1001/2273 
f 2266/1001/2266 2267/1001/2267 2275/1001/2275 2274/1001/2274 
f 2267/1001/2267 2268/1033/2268 2276/1034/2276 2275/1001/2275 
f 2014/996/2014 2269/1001/2269 2277/1001/2277 
f 2269/1001/2269 2270/1001/2270 2278/1001/2278 2277/1001/2277 
f 2270/1001/2270 2271/1001/2271 2279/1001/2279 2278/1001/2278 
f 2271/1001/2271 2272/1001/2272 2280/1001/2280 2279/1001/2279 
f 2272/1001/2272 2273/1001/2273 2281/1001/2281 2280/1001/2280 
f 2273/1001/2273 2274/1001/2274 2282/1001/2282 2281/1001/2281 
f 2274/1001/2274 2275/1001/2275 2283/1001/2283 2282/1001/2282 
f 2275/1001/2275 2276/1034/2276 2284/1035/2284 2283/1001/2283 
f 2014/996/2014 2277/1001/2277 2023/1001/2023 
f 2277/1001/2277 2278/1001/2278 2285/1001/2285 2023/1001/2023 
f 2278/1001/2278 2279/1001/2279 2286/1001/2286 2285/1001/2285 
f 2279/1001/2279 2280/1001/2280 2287/1001/2287 2286/1001/2286 
f 2280/1001/2280 2281/1001/2281 2288/1001/2288 2287/1001/2287 
f 2281/1001/2281 2282/1001/2282 2289/1001/2289 2288/1001/2288 
f 2282/1001/2282 2283/1001/2283 2290/1001/2290 2289/1001/2289 
f 2283/1001/2283 2284/1035/2284 2291/1036/2291 2290/1001/2290 
f 2023/1001/2023 2285/1001/2285 2292/1001/2292 2024/1001/2024 
f 2285/1001/2285 2286/1001/2286 2293/1001/2293 2292/1001/2292 
f 2286/1001/2286 2287/1001/2287 2294/1001/2294 2293/1001/2293 
f 2287/1001/2287 2288/1001/2288 2295/1001/2295 2294/1001/2294 
f 2288/1001/2288 2289/1001/2289 2296/1001/2296 2295/1001/2295 
f 2289/1001/2289 2290/1001/2290 2034/1001/2034 2296/1001/2296 
f 2290/1001/2290 2291/1036/2291 2011/1037/2011 2034/1001/2034 
f 2025/1003/2025 2046/1054/2046 2122/1055/2122 2026/1004/2026 
f 2046/1054/2046 2044/1056/2044 2130/1057/2130 2122/1055/2122 
f 2044/1056/2044 2042/1058/2042 2138/1059/2138 2130/1057/2130 
f 2042/1058/2042 2040/1060/2040 2146/1061/2146 2138/1059/2138 
f 2040/1060/2040 2038/1062/2038 2154/1063/2154 2146/1061/2146 
f 2038/1062/2038 2036/1064/2036 2161/1065/2161 2154/1063/2154 
f 2036/1064/2036 2010/996/2010 2009/995/2009 2161/1065/2161 
f 2027/1007/2027 2112/1066/2112 2252/1067/2252 2028/1008/2028 
f 2112/1066/2112 2110/1068/2110 2260/1069/2260 2252/1067/2252 
f 2110/1068/2110 2108/1070/2108 2268/1071/2268 2260/1069/2260 
f 2108/1070/2108 2106/1072/2106 2276/1073/2276 2268/1071/2268 
f 2106/1072/2106 2104/1074/2104 2284/1075/2284 2276/1073/2276 
f 2104/1074/2104 2102/1076/2102 2291/1077/2291 2284/1075/2284 
f 2102/1076/2102 2012/1000/2012 2011/999/2011 2291/1077/2291 
f 2029/1003/2029 2242/1054/2242 2187/1055/2187 2030/1004/2030 
f 2242/1054/2242 2240/1056/2240 2195/1057/2195 2187/1055/2187 
f 2240/1056/2240 2238/1058/2238 2203/1059/2203 2195/1057/2195 
f 2238/1058/2238 2236/1060/2236 2211/1061/2211 2203/1059/2203 
f 2236/1060/2236 2234/1062/2234 2219/1063/2219 2211/1061/2211 
f 2234/1062/2234 2232/1064/2232 2226/1065/2226 2219/1063/2219 
f 2232/1064/2232 2014/996/2014 2013/995/2013 2226/1065/2226 
f 2031/1007/2031 2177/1066/2177 2056/1067/2056 2032/1008/2032 
f 2177/1066/2177 2175/1068/2175 2064/1069/2064 2056/1067/2056 
f 2175/1068/2175 2173/1070/2173 2072/1071/2072 2064/1069/2064 
f 2173/1070/2173 2171/1072/2171 2080/1073/2080 2072/1071/2072 
f 2171/1072/2171 2169/1074/2169 2088/1075/2088 2080/1073/2080 
f 2169/1074/2169 2167/1076/2167 2095/1077/2095 2088/1075/2088 
f 2167/1076/2167 2016/1000/2016 2015/999/2015 2095/1077/2095 
f 2003/1011/2003 2002/1078/2002 2166/1079/2166 2033/1012/2033 
f 2002/1078/2002 2001/1080/2001 2165/1081/2165 2166/1079/2166 
f 2001/1080/2001 2000/1082/2000 2164/1083/2164 2165/1081/2165 
f 2000/1082/2000 1999/1084/1999 2163/1085/2163 2164/1083/2164 
f 1999/1084/1999 1998/1086/1998 2162/1087/2162 2163/1085/2163 
f 1998/1086/1998 1997/1088/1997 2020/1089/2020 2162/1087/2162 
f 1997/1088/1997 1996/997/1996 2012/1000/2012 2020/1089/2020 
f 2018/1015/2018 2096/1090/2096 1971/1091/1971 1970/1016/1970 
f 2096/1090/2096 2097/1092/2097 1972/1093/1972 1971/1091/1971 
f 2097/1092/2097 2098/1094/2098 1973/1095/1973 1972/1093/1972 
f 2098/1094/2098 2099/1096/2099 1974/1097/1974 1973/1095/1973 
f 2099/1096/2099 2100/1098/2100 1975/1099/1975 1974/1097/1974 
f 2100/1098/2100 2101/1100/2101 1976/1101/1976 1975/1099/1975 
f 2101/1100/2101 2015/999/2015 1977/998/1977 1976/1101/1976 
f 1994/1019/1994 1993/1102/1993 2296/1103/2296 2034/1020/2034 
f 1993/1102/1993 1992/1104/1992 2295/1105/2295 2296/1103/2296 
f 1992/1104/1992 1991/1106/1991 2294/1107/2294 2295/1105/2295 
f 1991/1106/1991 1990/1108/1990 2293/1109/2293 2294/1107/2294 
f 1990/1108/1990 1989/1110/1989 2292/1111/2292 2293/1109/2293 
f 1989/1110/1989 1988/1112/1988 2024/1113/2024 2292/1111/2292 
f 1988/1112/1988 1987/990/1987 2014/996/2014 2024/1113/2024 
f 1985/1011/1985 1984/1078/1984 2231/1079/2231 2035/1012/2035 
f 1984/1078/1984 1983/1080/1983 2230/1081/2230 2231/1079/2231 
f 1983/1080/1983 1982/1082/1982 2229/1083/2229 2230/1081/2230 
f 1982/1082/1982 1981/1084/1981 2228/1085/2228 2229/1083/2229 
f 1981/1084/1981 1980/1086/1980 2227/1087/2227 2228/1085/2228 
f 1980/1086/1980 1979/1088/1979 2022/1089/2022 2227/1087/2227 
f 1979/1088/1979 1978/997/1978 2016/1000/2016 2022/1089/2022 
# 294 polygons - 32 triangles

#
# object Box036
#

v  -38.1914 22.4407 47.5714
v  -38.2241 22.4407 47.4165
v  -38.2525 22.4407 46.9520
v  -38.2765 22.4407 46.1777
v  -38.2961 22.4407 45.0937
v  -38.3114 22.4407 43.6999
v  -38.3223 22.4407 41.9965
v  -38.3289 22.4407 39.9834
v  -38.3310 22.4407 37.6605
v  -38.3310 22.4407 22.3395
v  -38.3289 22.4407 20.0167
v  -38.3223 22.4407 18.0035
v  -38.3114 22.4407 16.3001
v  -38.2961 22.4407 14.9063
v  -38.2765 22.4407 13.8223
v  -38.2525 22.4407 13.0480
v  -38.2241 22.4407 12.5835
v  -38.1914 22.4407 12.4286
v  -37.0587 22.4407 12.4286
v  -37.0259 22.4407 12.5835
v  -36.9976 22.4407 13.0480
v  -36.9735 22.4407 13.8223
v  -36.9539 22.4407 14.9063
v  -36.9386 22.4407 16.3001
v  -36.9277 22.4407 18.0035
v  -36.9212 22.4407 20.0167
v  -36.9190 22.4407 22.3395
v  -36.9190 22.4407 37.6605
v  -36.9212 22.4407 39.9834
v  -36.9277 22.4407 41.9965
v  -36.9386 22.4407 43.6999
v  -36.9539 22.4407 45.0937
v  -36.9735 22.4407 46.1777
v  -36.9976 22.4407 46.9520
v  -37.0259 22.4407 47.4165
v  -37.0587 22.4407 47.5714
v  -38.1914 23.2522 37.6605
v  -37.0587 23.2522 37.6605
v  -37.0587 23.2522 22.3395
v  -38.1914 23.2522 22.3395
v  -37.0587 23.2421 47.5714
v  -38.1914 23.2421 47.5714
v  -36.9190 23.2421 22.3395
v  -36.9190 23.2421 37.6605
v  -38.1914 23.2421 12.4286
v  -37.0587 23.2421 12.4286
v  -38.3310 23.2421 37.6605
v  -38.3310 23.2421 22.3395
v  -38.2236 23.2427 47.4165
v  -38.2241 23.2421 47.4165
v  -36.9212 23.2427 39.9471
v  -36.9212 23.2421 39.9834
v  -38.3289 23.2427 20.0529
v  -38.3289 23.2421 20.0167
v  -37.0264 23.2427 12.5835
v  -37.0259 23.2421 12.5835
v  -38.1914 23.2520 39.9834
v  -37.0587 23.2520 39.9834
v  -37.0259 23.2520 37.6605
v  -37.0259 23.2520 22.3395
v  -37.0587 23.2520 20.0167
v  -38.1914 23.2520 20.0167
v  -38.2241 23.2520 22.3395
v  -38.2241 23.2520 37.6605
v  -37.0259 23.2421 47.4165
v  -36.9212 23.2421 20.0167
v  -38.2241 23.2421 12.5835
v  -38.1914 23.2445 47.4165
v  -38.1990 23.2445 47.4165
v  -38.1914 23.2465 46.9520
v  -38.2057 23.2465 46.9520
v  -38.1914 23.2483 46.1777
v  -38.2113 23.2482 46.1777
v  -38.1914 23.2497 45.0937
v  -38.2159 23.2495 45.0937
v  -38.1914 23.2508 43.6999
v  -38.2195 23.2506 43.6999
v  -38.1914 23.2515 41.9965
v  -38.2221 23.2514 41.9965
v  -38.2236 23.2519 39.9834
v  -38.2057 23.2443 47.4165
v  -38.2181 23.2463 46.9520
v  -38.2286 23.2479 46.1777
v  -38.2372 23.2492 45.0937
v  -38.2439 23.2502 43.6999
v  -38.2486 23.2510 41.9965
v  -38.2515 23.2514 39.9834
v  -38.2525 23.2515 37.6605
v  -38.2113 23.2442 47.4165
v  -38.2286 23.2459 46.9520
v  -38.2432 23.2474 46.1777
v  -38.2552 23.2486 45.0937
v  -38.2645 23.2495 43.6999
v  -38.2712 23.2502 41.9965
v  -38.2751 23.2506 39.9834
v  -38.2765 23.2508 37.6605
v  -38.2159 23.2439 47.4165
v  -38.2372 23.2454 46.9520
v  -38.2552 23.2467 46.1777
v  -38.2699 23.2478 45.0937
v  -38.2814 23.2486 43.6999
v  -38.2896 23.2492 41.9965
v  -38.2945 23.2495 39.9834
v  -38.2961 23.2497 37.6605
v  -38.2195 23.2436 47.4165
v  -38.2439 23.2448 46.9520
v  -38.2645 23.2459 46.1777
v  -38.2814 23.2467 45.0937
v  -38.2945 23.2474 43.6999
v  -38.3039 23.2479 41.9965
v  -38.3095 23.2482 39.9834
v  -38.3114 23.2483 37.6605
v  -38.2221 23.2432 47.4165
v  -38.2486 23.2441 46.9520
v  -38.2712 23.2448 46.1777
v  -38.2896 23.2454 45.0937
v  -38.3039 23.2459 43.6999
v  -38.3141 23.2463 41.9965
v  -38.3203 23.2465 39.9834
v  -38.3223 23.2465 37.6605
v  -38.2515 23.2432 46.9520
v  -38.2751 23.2436 46.1777
v  -38.2945 23.2439 45.0937
v  -38.3095 23.2442 43.6999
v  -38.3203 23.2443 41.9965
v  -38.3267 23.2445 39.9834
v  -38.3289 23.2445 37.6605
v  -38.2525 23.2421 46.9520
v  -38.2765 23.2421 46.1777
v  -38.2961 23.2421 45.0937
v  -38.3114 23.2421 43.6999
v  -38.3223 23.2421 41.9965
v  -38.3289 23.2421 39.9834
v  -36.9212 23.2445 37.6605
v  -36.9212 23.2445 38.2049
v  -36.9277 23.2465 37.6605
v  -36.9277 23.2465 38.6767
v  -36.9386 23.2483 37.6605
v  -36.9386 23.2482 39.0760
v  -36.9539 23.2497 37.6605
v  -36.9539 23.2495 39.4026
v  -36.9735 23.2508 37.6605
v  -36.9735 23.2506 39.6567
v  -36.9976 23.2515 37.6605
v  -36.9976 23.2514 39.8382
v  -37.0259 23.2519 39.9471
v  -36.9212 23.2443 38.6767
v  -36.9277 23.2463 39.5575
v  -36.9386 23.2479 40.3027
v  -36.9539 23.2492 40.9125
v  -36.9735 23.2502 41.3868
v  -36.9976 23.2510 41.7255
v  -37.0259 23.2514 41.9288
v  -37.0587 23.2515 41.9965
v  -36.9212 23.2442 39.0760
v  -36.9277 23.2459 40.3028
v  -36.9386 23.2474 41.3408
v  -36.9539 23.2486 42.1901
v  -36.9735 23.2495 42.8506
v  -36.9976 23.2502 43.3225
v  -37.0259 23.2506 43.6056
v  -37.0587 23.2508 43.6999
v  -36.9212 23.2439 39.4026
v  -36.9277 23.2454 40.9125
v  -36.9386 23.2467 42.1901
v  -36.9539 23.2478 43.2354
v  -36.9735 23.2486 44.0484
v  -36.9976 23.2492 44.6291
v  -37.0259 23.2495 44.9775
v  -37.0587 23.2497 45.0937
v  -36.9212 23.2436 39.6567
v  -36.9277 23.2448 41.3868
v  -36.9386 23.2459 42.8506
v  -36.9539 23.2467 44.0484
v  -36.9735 23.2474 44.9799
v  -36.9976 23.2479 45.6453
v  -37.0259 23.2482 46.0446
v  -37.0587 23.2483 46.1777
v  -36.9212 23.2432 39.8382
v  -36.9277 23.2441 41.7255
v  -36.9386 23.2448 43.3225
v  -36.9539 23.2454 44.6291
v  -36.9735 23.2459 45.6453
v  -36.9976 23.2463 46.3712
v  -37.0259 23.2465 46.8068
v  -37.0587 23.2465 46.9520
v  -36.9277 23.2432 41.9288
v  -36.9386 23.2436 43.6056
v  -36.9539 23.2439 44.9775
v  -36.9735 23.2442 46.0446
v  -36.9976 23.2443 46.8068
v  -37.0259 23.2445 47.2641
v  -37.0587 23.2445 47.4165
v  -36.9277 23.2421 41.9965
v  -36.9386 23.2421 43.6999
v  -36.9539 23.2421 45.0937
v  -36.9735 23.2421 46.1777
v  -36.9976 23.2421 46.9520
v  -38.3289 23.2445 22.3395
v  -38.3289 23.2445 21.7951
v  -38.3223 23.2465 22.3395
v  -38.3223 23.2465 21.3233
v  -38.3114 23.2483 22.3395
v  -38.3114 23.2482 20.9240
v  -38.2961 23.2497 22.3395
v  -38.2961 23.2495 20.5974
v  -38.2765 23.2508 22.3395
v  -38.2765 23.2506 20.3433
v  -38.2525 23.2515 22.3395
v  -38.2525 23.2514 20.1618
v  -38.2241 23.2519 20.0529
v  -38.3289 23.2443 21.3233
v  -38.3223 23.2463 20.4425
v  -38.3114 23.2479 19.6973
v  -38.2961 23.2492 19.0875
v  -38.2765 23.2502 18.6133
v  -38.2525 23.2510 18.2745
v  -38.2241 23.2514 18.0713
v  -38.1914 23.2515 18.0035
v  -38.3289 23.2442 20.9240
v  -38.3223 23.2459 19.6973
v  -38.3114 23.2474 18.6592
v  -38.2961 23.2486 17.8099
v  -38.2765 23.2495 17.1494
v  -38.2525 23.2502 16.6775
v  -38.2241 23.2506 16.3944
v  -38.1914 23.2508 16.3001
v  -38.3289 23.2439 20.5974
v  -38.3223 23.2454 19.0875
v  -38.3114 23.2467 17.8099
v  -38.2961 23.2478 16.7646
v  -38.2765 23.2486 15.9516
v  -38.2525 23.2492 15.3709
v  -38.2241 23.2495 15.0225
v  -38.1914 23.2497 14.9063
v  -38.3289 23.2436 20.3433
v  -38.3223 23.2448 18.6133
v  -38.3114 23.2459 17.1494
v  -38.2961 23.2467 15.9516
v  -38.2765 23.2474 15.0201
v  -38.2525 23.2479 14.3547
v  -38.2241 23.2482 13.9554
v  -38.1914 23.2483 13.8223
v  -38.3289 23.2432 20.1618
v  -38.3223 23.2441 18.2745
v  -38.3114 23.2448 16.6775
v  -38.2961 23.2454 15.3709
v  -38.2765 23.2459 14.3547
v  -38.2525 23.2463 13.6288
v  -38.2241 23.2465 13.1932
v  -38.1914 23.2465 13.0480
v  -38.3223 23.2432 18.0712
v  -38.3114 23.2436 16.3944
v  -38.2961 23.2439 15.0225
v  -38.2765 23.2442 13.9554
v  -38.2525 23.2443 13.1932
v  -38.2241 23.2445 12.7359
v  -38.1914 23.2445 12.5835
v  -38.3223 23.2421 18.0035
v  -38.3114 23.2421 16.3001
v  -38.2961 23.2421 14.9063
v  -38.2765 23.2421 13.8223
v  -38.2525 23.2421 13.0480
v  -37.0587 23.2445 12.5835
v  -37.0510 23.2445 12.5835
v  -37.0587 23.2465 13.0480
v  -37.0443 23.2465 13.0480
v  -37.0587 23.2483 13.8223
v  -37.0387 23.2482 13.8223
v  -37.0587 23.2497 14.9063
v  -37.0341 23.2495 14.9063
v  -37.0587 23.2508 16.3001
v  -37.0305 23.2506 16.3001
v  -37.0587 23.2515 18.0035
v  -37.0280 23.2514 18.0035
v  -37.0264 23.2519 20.0167
v  -37.0443 23.2443 12.5835
v  -37.0319 23.2463 13.0480
v  -37.0214 23.2479 13.8223
v  -37.0128 23.2492 14.9063
v  -37.0061 23.2502 16.3001
v  -37.0014 23.2510 18.0035
v  -36.9985 23.2514 20.0166
v  -36.9976 23.2515 22.3395
v  -37.0387 23.2442 12.5835
v  -37.0214 23.2459 13.0480
v  -37.0068 23.2474 13.8223
v  -36.9948 23.2486 14.9063
v  -36.9855 23.2495 16.3001
v  -36.9789 23.2502 18.0035
v  -36.9749 23.2506 20.0167
v  -36.9735 23.2508 22.3395
v  -37.0341 23.2439 12.5835
v  -37.0128 23.2454 13.0480
v  -36.9948 23.2467 13.8223
v  -36.9801 23.2478 14.9063
v  -36.9686 23.2486 16.3001
v  -36.9605 23.2492 18.0035
v  -36.9555 23.2495 20.0167
v  -36.9539 23.2497 22.3395
v  -37.0305 23.2436 12.5835
v  -37.0061 23.2448 13.0480
v  -36.9855 23.2459 13.8223
v  -36.9686 23.2467 14.9063
v  -36.9555 23.2474 16.3001
v  -36.9461 23.2479 18.0035
v  -36.9405 23.2482 20.0167
v  -36.9386 23.2483 22.3395
v  -37.0280 23.2432 12.5835
v  -37.0014 23.2441 13.0480
v  -36.9789 23.2448 13.8223
v  -36.9605 23.2454 14.9063
v  -36.9461 23.2459 16.3001
v  -36.9359 23.2463 18.0035
v  -36.9298 23.2465 20.0166
v  -36.9277 23.2465 22.3395
v  -36.9985 23.2432 13.0480
v  -36.9749 23.2436 13.8223
v  -36.9555 23.2439 14.9063
v  -36.9405 23.2442 16.3001
v  -36.9298 23.2443 18.0035
v  -36.9233 23.2445 20.0167
v  -36.9212 23.2445 22.3395
v  -36.9976 23.2421 13.0480
v  -36.9735 23.2421 13.8223
v  -36.9539 23.2421 14.9063
v  -36.9386 23.2421 16.3001
v  -36.9277 23.2421 18.0035
# 328 vertices

vn -0.0238 -0.6997 0.7140
vn -0.1059 -0.6896 0.7164
vn -0.2337 -0.6853 0.6897
vn -0.3786 -0.6817 0.6261
vn -0.5183 -0.6802 0.5183
vn -0.6261 -0.6817 0.3786
vn -0.6897 -0.6853 0.2337
vn -0.7165 -0.6895 0.1059
vn -0.7140 -0.6997 0.0238
vn -0.7140 -0.6997 -0.0238
vn -0.7165 -0.6895 -0.1059
vn -0.6897 -0.6853 -0.2337
vn -0.6261 -0.6817 -0.3786
vn -0.5183 -0.6802 -0.5183
vn -0.3786 -0.6817 -0.6261
vn -0.2337 -0.6853 -0.6897
vn -0.1059 -0.6896 -0.7164
vn -0.0238 -0.6997 -0.7140
vn 0.0238 -0.6997 -0.7140
vn 0.1059 -0.6896 -0.7164
vn 0.2337 -0.6853 -0.6897
vn 0.3786 -0.6817 -0.6261
vn 0.5183 -0.6802 -0.5183
vn 0.6261 -0.6817 -0.3786
vn 0.6897 -0.6853 -0.2337
vn 0.7165 -0.6895 -0.1059
vn 0.7140 -0.6997 -0.0238
vn 0.7140 -0.6997 0.0238
vn 0.7165 -0.6895 0.1059
vn 0.6897 -0.6853 0.2337
vn 0.6261 -0.6817 0.3786
vn 0.5183 -0.6802 0.5183
vn 0.3786 -0.6817 0.6261
vn 0.2337 -0.6853 0.6897
vn 0.1059 -0.6896 0.7164
vn 0.0238 -0.6997 0.7140
vn -0.0332 0.9989 0.0332
vn 0.0332 0.9989 0.0332
vn 0.0332 0.9989 -0.0332
vn -0.0332 0.9989 -0.0332
vn 0.0332 0.0332 0.9989
vn -0.0267 0.0267 0.9993
vn 0.9989 0.0332 -0.0332
vn 0.9993 0.0267 0.0267
vn -0.0332 0.0332 -0.9989
vn 0.0267 0.0267 -0.9993
vn -0.9989 0.0332 0.0332
vn -0.9993 0.0267 -0.0267
vn -0.1475 0.0214 0.9888
vn -0.1478 0.0050 0.9890
vn 0.9888 0.0214 0.1475
vn 0.9890 0.0050 0.1478
vn -0.9888 0.0214 -0.1475
vn -0.9890 0.0050 -0.1478
vn 0.1475 0.0214 -0.9888
vn 0.1478 0.0050 -0.9890
vn -0.0329 0.9888 0.1458
vn 0.0335 0.9887 0.1462
vn 0.1458 0.9888 0.0329
vn 0.1462 0.9887 -0.0335
vn 0.0329 0.9888 -0.1458
vn -0.0335 0.9887 -0.1462
vn -0.1458 0.9888 -0.0329
vn -0.1462 0.9887 0.0335
vn 0.1458 0.0329 0.9888
vn 0.9888 0.0329 -0.1458
vn -0.1458 0.0329 -0.9888
vn -0.0050 0.1478 0.9890
vn -0.0214 0.1475 0.9888
vn -0.0108 0.3228 0.9464
vn -0.0467 0.3198 0.9463
vn -0.0173 0.5192 0.8545
vn -0.0754 0.5133 0.8549
vn -0.0236 0.7082 0.7056
vn -0.1032 0.6999 0.7067
vn -0.0285 0.8560 0.5161
vn -0.1252 0.8463 0.5178
vn -0.0315 0.9468 0.3201
vn -0.1387 0.9366 0.3217
vn -0.1449 0.9785 0.1467
vn -0.0466 0.1396 0.9891
vn -0.1015 0.3022 0.9478
vn -0.1638 0.4858 0.8586
vn -0.2247 0.6645 0.7127
vn -0.2734 0.8064 0.5244
vn -0.3037 0.8949 0.3269
vn -0.3178 0.9363 0.1494
vn -0.3210 0.9465 0.0341
vn -0.0745 0.1243 0.9894
vn -0.1617 0.2688 0.9495
vn -0.2611 0.4331 0.8627
vn -0.3592 0.5947 0.7193
vn -0.4382 0.7247 0.5317
vn -0.4882 0.8068 0.3327
vn -0.5117 0.8455 0.1524
vn -0.5173 0.8551 0.0349
vn -0.1018 0.1018 0.9896
vn -0.2202 0.2202 0.9503
vn -0.3554 0.3554 0.8645
vn -0.4891 0.4892 0.7221
vn -0.5974 0.5974 0.5350
vn -0.6662 0.6662 0.3353
vn -0.6987 0.6987 0.1537
vn -0.7067 0.7067 0.0352
vn -0.1243 0.0745 0.9894
vn -0.2688 0.1617 0.9495
vn -0.4330 0.2610 0.8627
vn -0.5947 0.3591 0.7193
vn -0.7247 0.4383 0.5317
vn -0.8068 0.4882 0.3327
vn -0.8455 0.5117 0.1524
vn -0.8551 0.5173 0.0349
vn -0.1396 0.0466 0.9891
vn -0.3022 0.1015 0.9478
vn -0.4858 0.1638 0.8586
vn -0.6645 0.2247 0.7127
vn -0.8064 0.2734 0.5244
vn -0.8949 0.3037 0.3269
vn -0.9363 0.3178 0.1494
vn -0.9465 0.3210 0.0341
vn -0.3198 0.0467 0.9463
vn -0.5133 0.0754 0.8549
vn -0.6999 0.1032 0.7067
vn -0.8463 0.1252 0.5178
vn -0.9366 0.1387 0.3217
vn -0.9785 0.1449 0.1467
vn -0.9887 0.1462 0.0335
vn -0.3228 0.0108 0.9464
vn -0.5191 0.0173 0.8545
vn -0.7082 0.0236 0.7056
vn -0.8560 0.0285 0.5161
vn -0.9468 0.0315 0.3201
vn -0.9888 0.0329 0.1458
vn 0.9890 0.1478 0.0050
vn 0.9888 0.1475 0.0214
vn 0.9464 0.3228 0.0108
vn 0.9463 0.3198 0.0467
vn 0.8545 0.5192 0.0173
vn 0.8549 0.5133 0.0754
vn 0.7056 0.7082 0.0236
vn 0.7067 0.6999 0.1032
vn 0.5161 0.8560 0.0285
vn 0.5178 0.8463 0.1252
vn 0.3201 0.9468 0.0315
vn 0.3217 0.9366 0.1387
vn 0.1467 0.9785 0.1449
vn 0.9891 0.1396 0.0466
vn 0.9478 0.3022 0.1015
vn 0.8586 0.4858 0.1638
vn 0.7127 0.6645 0.2247
vn 0.5244 0.8064 0.2734
vn 0.3269 0.8949 0.3037
vn 0.1494 0.9363 0.3178
vn 0.0341 0.9465 0.3210
vn 0.9894 0.1243 0.0745
vn 0.9495 0.2688 0.1617
vn 0.8627 0.4331 0.2611
vn 0.7193 0.5947 0.3591
vn 0.5317 0.7247 0.4382
vn 0.3327 0.8068 0.4882
vn 0.1524 0.8455 0.5117
vn 0.0349 0.8551 0.5173
vn 0.9896 0.1018 0.1018
vn 0.9503 0.2202 0.2202
vn 0.8645 0.3554 0.3554
vn 0.7221 0.4892 0.4891
vn 0.5350 0.5974 0.5974
vn 0.3353 0.6662 0.6662
vn 0.1537 0.6987 0.6987
vn 0.0352 0.7067 0.7067
vn 0.9894 0.0745 0.1243
vn 0.9495 0.1617 0.2688
vn 0.8627 0.2610 0.4330
vn 0.7193 0.3591 0.5947
vn 0.5317 0.4382 0.7247
vn 0.3327 0.4882 0.8068
vn 0.1524 0.5117 0.8455
vn 0.0349 0.5173 0.8551
vn 0.9891 0.0466 0.1396
vn 0.9478 0.1015 0.3022
vn 0.8586 0.1638 0.4858
vn 0.7127 0.2247 0.6645
vn 0.5244 0.2734 0.8064
vn 0.3269 0.3037 0.8949
vn 0.1494 0.3178 0.9363
vn 0.0341 0.3210 0.9465
vn 0.9463 0.0467 0.3198
vn 0.8549 0.0754 0.5133
vn 0.7067 0.1032 0.6999
vn 0.5178 0.1252 0.8463
vn 0.3217 0.1387 0.9366
vn 0.1467 0.1449 0.9785
vn 0.0335 0.1462 0.9887
vn 0.9464 0.0108 0.3228
vn 0.8545 0.0173 0.5192
vn 0.7056 0.0236 0.7082
vn 0.5161 0.0285 0.8560
vn 0.3201 0.0315 0.9468
vn -0.9890 0.1478 -0.0050
vn -0.9888 0.1475 -0.0214
vn -0.9464 0.3228 -0.0108
vn -0.9463 0.3198 -0.0467
vn -0.8545 0.5192 -0.0173
vn -0.8549 0.5133 -0.0754
vn -0.7056 0.7082 -0.0236
vn -0.7067 0.6999 -0.1032
vn -0.5161 0.8560 -0.0285
vn -0.5178 0.8463 -0.1252
vn -0.3201 0.9468 -0.0315
vn -0.3217 0.9366 -0.1387
vn -0.1467 0.9785 -0.1449
vn -0.9891 0.1396 -0.0466
vn -0.9478 0.3022 -0.1015
vn -0.8586 0.4858 -0.1638
vn -0.7127 0.6645 -0.2247
vn -0.5244 0.8064 -0.2734
vn -0.3269 0.8949 -0.3037
vn -0.1494 0.9363 -0.3178
vn -0.0341 0.9465 -0.3210
vn -0.9894 0.1243 -0.0745
vn -0.9495 0.2688 -0.1617
vn -0.8627 0.4331 -0.2611
vn -0.7193 0.5947 -0.3591
vn -0.5317 0.7247 -0.4382
vn -0.3327 0.8068 -0.4882
vn -0.1524 0.8455 -0.5117
vn -0.0349 0.8551 -0.5173
vn -0.9896 0.1018 -0.1018
vn -0.9503 0.2202 -0.2202
vn -0.8645 0.3554 -0.3554
vn -0.7221 0.4892 -0.4891
vn -0.5350 0.5974 -0.5974
vn -0.3353 0.6662 -0.6662
vn -0.1537 0.6987 -0.6987
vn -0.0352 0.7067 -0.7067
vn -0.9894 0.0745 -0.1243
vn -0.9495 0.1617 -0.2688
vn -0.8627 0.2610 -0.4330
vn -0.7193 0.3591 -0.5947
vn -0.5317 0.4382 -0.7247
vn -0.3327 0.4882 -0.8068
vn -0.1524 0.5117 -0.8455
vn -0.0349 0.5173 -0.8551
vn -0.9891 0.0466 -0.1396
vn -0.9478 0.1015 -0.3022
vn -0.8586 0.1638 -0.4858
vn -0.7127 0.2247 -0.6645
vn -0.5244 0.2734 -0.8064
vn -0.3269 0.3037 -0.8949
vn -0.1494 0.3178 -0.9363
vn -0.0341 0.3210 -0.9465
vn -0.9463 0.0467 -0.3198
vn -0.8549 0.0754 -0.5133
vn -0.7067 0.1032 -0.6999
vn -0.5178 0.1252 -0.8463
vn -0.3217 0.1387 -0.9366
vn -0.1467 0.1449 -0.9785
vn -0.0335 0.1462 -0.9887
vn -0.9464 0.0108 -0.3228
vn -0.8545 0.0173 -0.5192
vn -0.7056 0.0236 -0.7082
vn -0.5161 0.0285 -0.8560
vn -0.3201 0.0315 -0.9468
vn 0.0050 0.1478 -0.9890
vn 0.0214 0.1475 -0.9888
vn 0.0108 0.3228 -0.9464
vn 0.0467 0.3198 -0.9463
vn 0.0173 0.5192 -0.8545
vn 0.0754 0.5133 -0.8549
vn 0.0236 0.7082 -0.7056
vn 0.1032 0.6999 -0.7067
vn 0.0285 0.8560 -0.5161
vn 0.1252 0.8463 -0.5178
vn 0.0315 0.9468 -0.3201
vn 0.1387 0.9366 -0.3217
vn 0.1449 0.9785 -0.1467
vn 0.0466 0.1396 -0.9891
vn 0.1015 0.3022 -0.9478
vn 0.1638 0.4858 -0.8586
vn 0.2247 0.6645 -0.7127
vn 0.2734 0.8064 -0.5244
vn 0.3037 0.8949 -0.3269
vn 0.3178 0.9363 -0.1494
vn 0.3210 0.9465 -0.0341
vn 0.0745 0.1243 -0.9894
vn 0.1617 0.2688 -0.9495
vn 0.2611 0.4331 -0.8627
vn 0.3592 0.5947 -0.7193
vn 0.4382 0.7247 -0.5317
vn 0.4882 0.8068 -0.3327
vn 0.5117 0.8455 -0.1524
vn 0.5173 0.8551 -0.0349
vn 0.1018 0.1018 -0.9896
vn 0.2202 0.2202 -0.9503
vn 0.3554 0.3554 -0.8645
vn 0.4891 0.4892 -0.7221
vn 0.5974 0.5974 -0.5350
vn 0.6662 0.6662 -0.3353
vn 0.6987 0.6987 -0.1537
vn 0.7067 0.7067 -0.0352
vn 0.1243 0.0745 -0.9894
vn 0.2688 0.1617 -0.9495
vn 0.4330 0.2610 -0.8627
vn 0.5947 0.3591 -0.7193
vn 0.7247 0.4383 -0.5317
vn 0.8068 0.4882 -0.3327
vn 0.8455 0.5117 -0.1524
vn 0.8551 0.5173 -0.0349
vn 0.1396 0.0466 -0.9891
vn 0.3022 0.1015 -0.9478
vn 0.4858 0.1638 -0.8586
vn 0.6645 0.2247 -0.7127
vn 0.8064 0.2734 -0.5244
vn 0.8949 0.3037 -0.3269
vn 0.9363 0.3178 -0.1494
vn 0.9465 0.3210 -0.0341
vn 0.3198 0.0467 -0.9463
vn 0.5133 0.0754 -0.8549
vn 0.6999 0.1032 -0.7067
vn 0.8463 0.1252 -0.5178
vn 0.9366 0.1387 -0.3217
vn 0.9785 0.1449 -0.1467
vn 0.9887 0.1462 -0.0335
vn 0.3228 0.0108 -0.9464
vn 0.5191 0.0173 -0.8545
vn 0.7082 0.0236 -0.7056
vn 0.8560 0.0285 -0.5161
vn 0.9468 0.0315 -0.3201
# 328 vertex normals

vt 0.9011 0.0000 0.0000
vt 0.9243 0.0044 0.0000
vt 0.9444 0.0176 0.0000
vt 0.9614 0.0397 0.0000
vt 0.9753 0.0705 0.0000
vt 0.9861 0.1102 0.0000
vt 0.9938 0.1586 0.0000
vt 0.9985 0.2159 0.0000
vt 1.0000 0.2820 0.0000
vt 1.0000 0.7180 0.0000
vt 0.9985 0.7841 0.0000
vt 0.9938 0.8414 0.0000
vt 0.9861 0.8898 0.0000
vt 0.9753 0.9295 0.0000
vt 0.9614 0.9603 0.0000
vt 0.9444 0.9824 0.0000
vt 0.9243 0.9956 0.0000
vt 0.9011 1.0000 0.0000
vt 0.0989 1.0000 0.0000
vt 0.0757 0.9956 0.0000
vt 0.0556 0.9824 0.0000
vt 0.0386 0.9603 0.0000
vt 0.0247 0.9295 0.0000
vt 0.0139 0.8898 0.0000
vt 0.0062 0.8414 0.0000
vt 0.0015 0.7841 0.0000
vt 0.0000 0.7180 0.0000
vt 0.0000 0.2820 0.0000
vt 0.0015 0.2159 0.0000
vt 0.0062 0.1586 0.0000
vt 0.0139 0.1102 0.0000
vt 0.0247 0.0705 0.0000
vt 0.0386 0.0397 0.0000
vt 0.0556 0.0176 0.0000
vt 0.0757 0.0044 0.0000
vt 0.0989 0.0000 0.0000
vt 0.0989 0.2820 0.0000
vt 0.9011 0.2820 0.0000
vt 0.9011 0.7180 0.0000
vt 0.0989 0.7180 0.0000
vt 0.9011 0.9876 0.0000
vt 0.0989 0.9876 0.0000
vt 0.2820 0.0000 0.0000
vt 0.7180 0.0000 0.0000
vt 0.7180 0.9876 0.0000
vt 0.2820 0.9876 0.0000
vt 0.0000 1.0000 0.0000
vt 0.0989 1.2636 0.0000
vt 0.0989 1.2291 0.0000
vt 0.9011 1.2291 0.0000
vt 0.9011 1.2636 0.0000
vt 0.2820 0.5888 0.0000
vt 0.2820 0.6387 0.0000
vt 0.7180 0.6387 0.0000
vt 0.7180 0.5888 0.0000
vt 0.0858 -0.0039 0.0000
vt 0.1103 -0.0034 0.0000
vt 0.1124 0.9842 0.0000
vt 0.0882 0.9837 0.0000
vt 0.9118 0.9837 0.0000
vt 0.8876 0.9842 0.0000
vt 0.8897 -0.0034 0.0000
vt 0.9142 -0.0039 0.0000
vt 0.2443 -0.0106 0.0000
vt 0.2261 -0.0092 0.0000
vt 0.2204 0.9786 0.0000
vt 0.2378 0.9773 0.0000
vt 0.0730 0.9914 0.0000
vt 0.0448 0.9966 0.0000
vt 0.0143 1.0032 0.0000
vt -0.0186 1.0113 0.0000
vt -0.0537 1.0207 0.0000
vt -0.0912 1.0315 0.0000
vt -0.1310 1.0438 0.0000
vt -0.1732 1.0574 0.0000
vt -0.1353 1.0420 0.0000
vt -0.1082 1.0243 0.0000
vt -0.0920 1.0044 0.0000
vt -0.0866 0.9824 0.0000
vt -0.0920 0.9581 0.0000
vt -0.1082 0.9316 0.0000
vt -0.1353 0.9029 0.0000
vt -0.1732 0.8720 0.0000
vt 0.2188 0.9928 0.0000
vt 0.1702 1.0022 0.0000
vt 0.1362 1.0157 0.0000
vt 0.1168 1.0334 0.0000
vt 0.1121 1.0552 0.0000
vt 0.1219 1.0813 0.0000
vt 0.1463 1.1115 0.0000
vt 0.1854 1.1458 0.0000
vt 0.1411 1.1107 0.0000
vt 0.1009 1.0783 0.0000
vt 0.0648 1.0486 0.0000
vt 0.0328 1.0215 0.0000
vt 0.0049 0.9971 0.0000
vt -0.0189 0.9755 0.0000
vt -0.0387 0.9565 0.0000
vt -0.0543 0.9402 0.0000
vt 0.0989 1.1946 0.0000
vt 0.9011 1.1946 0.0000
vt 0.0989 1.1601 0.0000
vt 0.9011 1.1601 0.0000
vt 0.0989 1.1256 0.0000
vt 0.9011 1.1256 0.0000
vt 0.0989 1.0911 0.0000
vt 0.9011 1.0911 0.0000
vt 0.0989 1.0566 0.0000
vt 0.9011 1.0566 0.0000
vt 0.0989 1.0221 0.0000
vt 0.9011 1.0221 0.0000
vt 0.2820 0.6885 0.0000
vt 0.7180 0.6885 0.0000
vt 0.2820 0.7384 0.0000
vt 0.7180 0.7384 0.0000
vt 0.2820 0.7882 0.0000
vt 0.7180 0.7882 0.0000
vt 0.2820 0.8381 0.0000
vt 0.7180 0.8381 0.0000
vt 0.2820 0.8879 0.0000
vt 0.7180 0.8879 0.0000
vt 0.2820 0.9378 0.0000
vt 0.7180 0.9378 0.0000
vt 0.1349 -0.0029 0.0000
vt 0.1366 0.9847 0.0000
vt 0.1594 -0.0024 0.0000
vt 0.1609 0.9852 0.0000
vt 0.1839 -0.0020 0.0000
vt 0.1851 0.9857 0.0000
vt 0.2084 -0.0015 0.0000
vt 0.2093 0.9862 0.0000
vt 0.2330 -0.0010 0.0000
vt 0.2336 0.9867 0.0000
vt 0.2575 -0.0005 0.0000
vt 0.2578 0.9871 0.0000
vt 0.8634 0.9847 0.0000
vt 0.8651 -0.0029 0.0000
vt 0.8391 0.9852 0.0000
vt 0.8406 -0.0024 0.0000
vt 0.8149 0.9857 0.0000
vt 0.8161 -0.0020 0.0000
vt 0.7907 0.9862 0.0000
vt 0.7916 -0.0015 0.0000
vt 0.7664 0.9867 0.0000
vt 0.7670 -0.0010 0.0000
vt 0.7422 0.9871 0.0000
vt 0.7425 -0.0005 0.0000
vt 0.2079 -0.0079 0.0000
vt 0.2031 0.9799 0.0000
vt 0.1898 -0.0066 0.0000
vt 0.1857 0.9812 0.0000
vt 0.1716 -0.0053 0.0000
vt 0.1684 0.9825 0.0000
vt 0.1534 -0.0040 0.0000
vt 0.1510 0.9838 0.0000
vt 0.1353 -0.0026 0.0000
vt 0.1336 0.9851 0.0000
vt 0.1171 -0.0013 0.0000
vt 0.1163 0.9863 0.0000
# 159 texture coords

o Box036
g Box036
usemtl wire_062062062
s 1
f 2297/1114/2297 2298/1115/2298 2299/1116/2299 2300/1117/2300 2301/1118/2301 2302/1119/2302 2303/1120/2303 2304/1121/2304 2305/1122/2305 2306/1123/2306 2307/1124/2307 2308/1125/2308 2309/1126/2309 2310/1127/2310 2311/1128/2311 2312/1129/2312 2313/1130/2313 2314/1131/2314 2315/1132/2315 2316/1133/2316 2317/1134/2317 2318/1135/2318 2319/1136/2319 2320/1137/2320 2321/1138/2321 2322/1139/2322 2323/1140/2323 2324/1141/2324 2325/1142/2325 2326/1143/2326 2327/1144/2327 2328/1145/2328 2329/1146/2329 2330/1147/2330 2331/1148/2331 2332/1149/2332 
s 2
f 2333/1150/2333 2334/1151/2334 2335/1152/2335 2336/1153/2336 
f 2297/1149/2297 2332/1114/2332 2337/1154/2337 2338/1155/2338 
f 2324/1156/2324 2323/1157/2323 2339/1158/2339 2340/1159/2340 
f 2315/1149/2315 2314/1114/2314 2341/1154/2341 2342/1155/2342 
f 2306/1156/2306 2305/1157/2305 2343/1158/2343 2344/1159/2344 
f 2338/1155/2338 2345/1160/2345 2346/1160/2346 
f 2340/1159/2340 2347/1160/2347 2348/1160/2348 
f 2344/1159/2344 2349/1160/2349 2350/1160/2350 
f 2342/1155/2342 2351/1160/2351 2352/1160/2352 
f 2333/1161/2333 2353/1162/2353 2354/1163/2354 2334/1164/2334 
f 2334/1165/2334 2355/1166/2355 2356/1167/2356 2335/1168/2335 
f 2335/1161/2335 2357/1162/2357 2358/1163/2358 2336/1164/2336 
f 2336/1165/2336 2359/1166/2359 2360/1167/2360 2333/1168/2333 
f 2332/1169/2332 2331/1170/2331 2361/1171/2361 2337/1172/2337 
f 2338/1173/2338 2346/1174/2346 2298/1175/2298 2297/1176/2297 
f 2323/1177/2323 2322/1178/2322 2362/1179/2362 2339/1180/2339 
f 2314/1169/2314 2313/1170/2313 2363/1171/2363 2341/1172/2341 
f 2338/1155/2338 2364/1181/2364 2365/1160/2365 
f 2364/1181/2364 2366/1182/2366 2367/1160/2367 2365/1160/2365 
f 2366/1182/2366 2368/1183/2368 2369/1160/2369 2367/1160/2367 
f 2368/1183/2368 2370/1184/2370 2371/1160/2371 2369/1160/2369 
f 2370/1184/2370 2372/1185/2372 2373/1160/2373 2371/1160/2371 
f 2372/1185/2372 2374/1186/2374 2375/1160/2375 2373/1160/2373 
f 2374/1186/2374 2353/1187/2353 2376/1160/2376 2375/1160/2375 
f 2353/1187/2353 2333/1188/2333 2360/1189/2360 2376/1160/2376 
f 2338/1155/2338 2365/1160/2365 2377/1160/2377 
f 2365/1160/2365 2367/1160/2367 2378/1160/2378 2377/1160/2377 
f 2367/1160/2367 2369/1160/2369 2379/1160/2379 2378/1160/2378 
f 2369/1160/2369 2371/1160/2371 2380/1160/2380 2379/1160/2379 
f 2371/1160/2371 2373/1160/2373 2381/1160/2381 2380/1160/2380 
f 2373/1160/2373 2375/1160/2375 2382/1160/2382 2381/1160/2381 
f 2375/1160/2375 2376/1160/2376 2383/1160/2383 2382/1160/2382 
f 2376/1160/2376 2360/1189/2360 2384/1190/2384 2383/1160/2383 
f 2338/1155/2338 2377/1160/2377 2385/1160/2385 
f 2377/1160/2377 2378/1160/2378 2386/1160/2386 2385/1160/2385 
f 2378/1160/2378 2379/1160/2379 2387/1160/2387 2386/1160/2386 
f 2379/1160/2379 2380/1160/2380 2388/1160/2388 2387/1160/2387 
f 2380/1160/2380 2381/1160/2381 2389/1160/2389 2388/1160/2388 
f 2381/1160/2381 2382/1160/2382 2390/1160/2390 2389/1160/2389 
f 2382/1160/2382 2383/1160/2383 2391/1160/2391 2390/1160/2390 
f 2383/1160/2383 2384/1190/2384 2392/1191/2392 2391/1160/2391 
f 2338/1155/2338 2385/1160/2385 2393/1160/2393 
f 2385/1160/2385 2386/1160/2386 2394/1160/2394 2393/1160/2393 
f 2386/1160/2386 2387/1160/2387 2395/1160/2395 2394/1160/2394 
f 2387/1160/2387 2388/1160/2388 2396/1160/2396 2395/1160/2395 
f 2388/1160/2388 2389/1160/2389 2397/1160/2397 2396/1160/2396 
f 2389/1160/2389 2390/1160/2390 2398/1160/2398 2397/1160/2397 
f 2390/1160/2390 2391/1160/2391 2399/1160/2399 2398/1160/2398 
f 2391/1160/2391 2392/1191/2392 2400/1192/2400 2399/1160/2399 
f 2338/1155/2338 2393/1160/2393 2401/1160/2401 
f 2393/1160/2393 2394/1160/2394 2402/1160/2402 2401/1160/2401 
f 2394/1160/2394 2395/1160/2395 2403/1160/2403 2402/1160/2402 
f 2395/1160/2395 2396/1160/2396 2404/1160/2404 2403/1160/2403 
f 2396/1160/2396 2397/1160/2397 2405/1160/2405 2404/1160/2404 
f 2397/1160/2397 2398/1160/2398 2406/1160/2406 2405/1160/2405 
f 2398/1160/2398 2399/1160/2399 2407/1160/2407 2406/1160/2406 
f 2399/1160/2399 2400/1192/2400 2408/1193/2408 2407/1160/2407 
f 2338/1155/2338 2401/1160/2401 2409/1160/2409 
f 2401/1160/2401 2402/1160/2402 2410/1160/2410 2409/1160/2409 
f 2402/1160/2402 2403/1160/2403 2411/1160/2411 2410/1160/2410 
f 2403/1160/2403 2404/1160/2404 2412/1160/2412 2411/1160/2411 
f 2404/1160/2404 2405/1160/2405 2413/1160/2413 2412/1160/2412 
f 2405/1160/2405 2406/1160/2406 2414/1160/2414 2413/1160/2413 
f 2406/1160/2406 2407/1160/2407 2415/1160/2415 2414/1160/2414 
f 2407/1160/2407 2408/1193/2408 2416/1194/2416 2415/1160/2415 
f 2338/1155/2338 2409/1160/2409 2345/1160/2345 
f 2409/1160/2409 2410/1160/2410 2417/1160/2417 2345/1160/2345 
f 2410/1160/2410 2411/1160/2411 2418/1160/2418 2417/1160/2417 
f 2411/1160/2411 2412/1160/2412 2419/1160/2419 2418/1160/2418 
f 2412/1160/2412 2413/1160/2413 2420/1160/2420 2419/1160/2419 
f 2413/1160/2413 2414/1160/2414 2421/1160/2421 2420/1160/2420 
f 2414/1160/2414 2415/1160/2415 2422/1160/2422 2421/1160/2421 
f 2415/1160/2415 2416/1194/2416 2423/1195/2423 2422/1160/2422 
f 2345/1160/2345 2417/1160/2417 2424/1160/2424 2346/1160/2346 
f 2417/1160/2417 2418/1160/2418 2425/1160/2425 2424/1160/2424 
f 2418/1160/2418 2419/1160/2419 2426/1160/2426 2425/1160/2425 
f 2419/1160/2419 2420/1160/2420 2427/1160/2427 2426/1160/2426 
f 2420/1160/2420 2421/1160/2421 2428/1160/2428 2427/1160/2427 
f 2421/1160/2421 2422/1160/2422 2429/1160/2429 2428/1160/2428 
f 2422/1160/2422 2423/1195/2423 2343/1196/2343 2429/1160/2429 
f 2340/1159/2340 2430/1197/2430 2431/1160/2431 
f 2430/1197/2430 2432/1198/2432 2433/1160/2433 2431/1160/2431 
f 2432/1198/2432 2434/1199/2434 2435/1160/2435 2433/1160/2433 
f 2434/1199/2434 2436/1200/2436 2437/1160/2437 2435/1160/2435 
f 2436/1200/2436 2438/1201/2438 2439/1160/2439 2437/1160/2437 
f 2438/1201/2438 2440/1202/2440 2441/1160/2441 2439/1160/2439 
f 2440/1202/2440 2355/1203/2355 2442/1160/2442 2441/1160/2441 
f 2355/1203/2355 2334/1204/2334 2354/1205/2354 2442/1160/2442 
f 2340/1159/2340 2431/1160/2431 2443/1160/2443 
f 2431/1160/2431 2433/1160/2433 2444/1160/2444 2443/1160/2443 
f 2433/1160/2433 2435/1160/2435 2445/1160/2445 2444/1160/2444 
f 2435/1160/2435 2437/1160/2437 2446/1160/2446 2445/1160/2445 
f 2437/1160/2437 2439/1160/2439 2447/1160/2447 2446/1160/2446 
f 2439/1160/2439 2441/1160/2441 2448/1160/2448 2447/1160/2447 
f 2441/1160/2441 2442/1160/2442 2449/1160/2449 2448/1160/2448 
f 2442/1160/2442 2354/1205/2354 2450/1206/2450 2449/1160/2449 
f 2340/1159/2340 2443/1160/2443 2451/1160/2451 
f 2443/1160/2443 2444/1160/2444 2452/1160/2452 2451/1160/2451 
f 2444/1160/2444 2445/1160/2445 2453/1160/2453 2452/1160/2452 
f 2445/1160/2445 2446/1160/2446 2454/1160/2454 2453/1160/2453 
f 2446/1160/2446 2447/1160/2447 2455/1160/2455 2454/1160/2454 
f 2447/1160/2447 2448/1160/2448 2456/1160/2456 2455/1160/2455 
f 2448/1160/2448 2449/1160/2449 2457/1160/2457 2456/1160/2456 
f 2449/1160/2449 2450/1206/2450 2458/1207/2458 2457/1160/2457 
f 2340/1159/2340 2451/1160/2451 2459/1160/2459 
f 2451/1160/2451 2452/1160/2452 2460/1160/2460 2459/1160/2459 
f 2452/1160/2452 2453/1160/2453 2461/1160/2461 2460/1160/2460 
f 2453/1160/2453 2454/1160/2454 2462/1160/2462 2461/1160/2461 
f 2454/1160/2454 2455/1160/2455 2463/1160/2463 2462/1160/2462 
f 2455/1160/2455 2456/1160/2456 2464/1160/2464 2463/1160/2463 
f 2456/1160/2456 2457/1160/2457 2465/1160/2465 2464/1160/2464 
f 2457/1160/2457 2458/1207/2458 2466/1208/2466 2465/1160/2465 
f 2340/1159/2340 2459/1160/2459 2467/1160/2467 
f 2459/1160/2459 2460/1160/2460 2468/1160/2468 2467/1160/2467 
f 2460/1160/2460 2461/1160/2461 2469/1160/2469 2468/1160/2468 
f 2461/1160/2461 2462/1160/2462 2470/1160/2470 2469/1160/2469 
f 2462/1160/2462 2463/1160/2463 2471/1160/2471 2470/1160/2470 
f 2463/1160/2463 2464/1160/2464 2472/1160/2472 2471/1160/2471 
f 2464/1160/2464 2465/1160/2465 2473/1160/2473 2472/1160/2472 
f 2465/1160/2465 2466/1208/2466 2474/1209/2474 2473/1160/2473 
f 2340/1159/2340 2467/1160/2467 2475/1160/2475 
f 2467/1160/2467 2468/1160/2468 2476/1160/2476 2475/1160/2475 
f 2468/1160/2468 2469/1160/2469 2477/1160/2477 2476/1160/2476 
f 2469/1160/2469 2470/1160/2470 2478/1160/2478 2477/1160/2477 
f 2470/1160/2470 2471/1160/2471 2479/1160/2479 2478/1160/2478 
f 2471/1160/2471 2472/1160/2472 2480/1160/2480 2479/1160/2479 
f 2472/1160/2472 2473/1160/2473 2481/1160/2481 2480/1160/2480 
f 2473/1160/2473 2474/1209/2474 2482/1210/2482 2481/1160/2481 
f 2340/1159/2340 2475/1160/2475 2347/1160/2347 
f 2475/1160/2475 2476/1160/2476 2483/1160/2483 2347/1160/2347 
f 2476/1160/2476 2477/1160/2477 2484/1160/2484 2483/1160/2483 
f 2477/1160/2477 2478/1160/2478 2485/1160/2485 2484/1160/2484 
f 2478/1160/2478 2479/1160/2479 2486/1160/2486 2485/1160/2485 
f 2479/1160/2479 2480/1160/2480 2487/1160/2487 2486/1160/2486 
f 2480/1160/2480 2481/1160/2481 2488/1160/2488 2487/1160/2487 
f 2481/1160/2481 2482/1210/2482 2489/1211/2489 2488/1160/2488 
f 2347/1160/2347 2483/1160/2483 2490/1160/2490 2348/1160/2348 
f 2483/1160/2483 2484/1160/2484 2491/1160/2491 2490/1160/2490 
f 2484/1160/2484 2485/1160/2485 2492/1160/2492 2491/1160/2491 
f 2485/1160/2485 2486/1160/2486 2493/1160/2493 2492/1160/2492 
f 2486/1160/2486 2487/1160/2487 2494/1160/2494 2493/1160/2493 
f 2487/1160/2487 2488/1160/2488 2361/1160/2361 2494/1160/2494 
f 2488/1160/2488 2489/1211/2489 2337/1212/2337 2361/1160/2361 
f 2344/1159/2344 2495/1197/2495 2496/1160/2496 
f 2495/1197/2495 2497/1198/2497 2498/1160/2498 2496/1160/2496 
f 2497/1198/2497 2499/1199/2499 2500/1160/2500 2498/1160/2498 
f 2499/1199/2499 2501/1200/2501 2502/1160/2502 2500/1160/2500 
f 2501/1200/2501 2503/1201/2503 2504/1160/2504 2502/1160/2502 
f 2503/1201/2503 2505/1202/2505 2506/1160/2506 2504/1160/2504 
f 2505/1202/2505 2359/1203/2359 2507/1160/2507 2506/1160/2506 
f 2359/1203/2359 2336/1204/2336 2358/1205/2358 2507/1160/2507 
f 2344/1159/2344 2496/1160/2496 2508/1160/2508 
f 2496/1160/2496 2498/1160/2498 2509/1160/2509 2508/1160/2508 
f 2498/1160/2498 2500/1160/2500 2510/1160/2510 2509/1160/2509 
f 2500/1160/2500 2502/1160/2502 2511/1160/2511 2510/1160/2510 
f 2502/1160/2502 2504/1160/2504 2512/1160/2512 2511/1160/2511 
f 2504/1160/2504 2506/1160/2506 2513/1160/2513 2512/1160/2512 
f 2506/1160/2506 2507/1160/2507 2514/1160/2514 2513/1160/2513 
f 2507/1160/2507 2358/1205/2358 2515/1206/2515 2514/1160/2514 
f 2344/1159/2344 2508/1160/2508 2516/1160/2516 
f 2508/1160/2508 2509/1160/2509 2517/1160/2517 2516/1160/2516 
f 2509/1160/2509 2510/1160/2510 2518/1160/2518 2517/1160/2517 
f 2510/1160/2510 2511/1160/2511 2519/1160/2519 2518/1160/2518 
f 2511/1160/2511 2512/1160/2512 2520/1160/2520 2519/1160/2519 
f 2512/1160/2512 2513/1160/2513 2521/1160/2521 2520/1160/2520 
f 2513/1160/2513 2514/1160/2514 2522/1160/2522 2521/1160/2521 
f 2514/1160/2514 2515/1206/2515 2523/1207/2523 2522/1160/2522 
f 2344/1159/2344 2516/1160/2516 2524/1160/2524 
f 2516/1160/2516 2517/1160/2517 2525/1160/2525 2524/1160/2524 
f 2517/1160/2517 2518/1160/2518 2526/1160/2526 2525/1160/2525 
f 2518/1160/2518 2519/1160/2519 2527/1160/2527 2526/1160/2526 
f 2519/1160/2519 2520/1160/2520 2528/1160/2528 2527/1160/2527 
f 2520/1160/2520 2521/1160/2521 2529/1160/2529 2528/1160/2528 
f 2521/1160/2521 2522/1160/2522 2530/1160/2530 2529/1160/2529 
f 2522/1160/2522 2523/1207/2523 2531/1208/2531 2530/1160/2530 
f 2344/1159/2344 2524/1160/2524 2532/1160/2532 
f 2524/1160/2524 2525/1160/2525 2533/1160/2533 2532/1160/2532 
f 2525/1160/2525 2526/1160/2526 2534/1160/2534 2533/1160/2533 
f 2526/1160/2526 2527/1160/2527 2535/1160/2535 2534/1160/2534 
f 2527/1160/2527 2528/1160/2528 2536/1160/2536 2535/1160/2535 
f 2528/1160/2528 2529/1160/2529 2537/1160/2537 2536/1160/2536 
f 2529/1160/2529 2530/1160/2530 2538/1160/2538 2537/1160/2537 
f 2530/1160/2530 2531/1208/2531 2539/1209/2539 2538/1160/2538 
f 2344/1159/2344 2532/1160/2532 2540/1160/2540 
f 2532/1160/2532 2533/1160/2533 2541/1160/2541 2540/1160/2540 
f 2533/1160/2533 2534/1160/2534 2542/1160/2542 2541/1160/2541 
f 2534/1160/2534 2535/1160/2535 2543/1160/2543 2542/1160/2542 
f 2535/1160/2535 2536/1160/2536 2544/1160/2544 2543/1160/2543 
f 2536/1160/2536 2537/1160/2537 2545/1160/2545 2544/1160/2544 
f 2537/1160/2537 2538/1160/2538 2546/1160/2546 2545/1160/2545 
f 2538/1160/2538 2539/1209/2539 2547/1210/2547 2546/1160/2546 
f 2344/1159/2344 2540/1160/2540 2349/1160/2349 
f 2540/1160/2540 2541/1160/2541 2548/1160/2548 2349/1160/2349 
f 2541/1160/2541 2542/1160/2542 2549/1160/2549 2548/1160/2548 
f 2542/1160/2542 2543/1160/2543 2550/1160/2550 2549/1160/2549 
f 2543/1160/2543 2544/1160/2544 2551/1160/2551 2550/1160/2550 
f 2544/1160/2544 2545/1160/2545 2552/1160/2552 2551/1160/2551 
f 2545/1160/2545 2546/1160/2546 2553/1160/2553 2552/1160/2552 
f 2546/1160/2546 2547/1210/2547 2554/1211/2554 2553/1160/2553 
f 2349/1160/2349 2548/1160/2548 2555/1160/2555 2350/1160/2350 
f 2548/1160/2548 2549/1160/2549 2556/1160/2556 2555/1160/2555 
f 2549/1160/2549 2550/1160/2550 2557/1160/2557 2556/1160/2556 
f 2550/1160/2550 2551/1160/2551 2558/1160/2558 2557/1160/2557 
f 2551/1160/2551 2552/1160/2552 2559/1160/2559 2558/1160/2558 
f 2552/1160/2552 2553/1160/2553 2363/1160/2363 2559/1160/2559 
f 2553/1160/2553 2554/1211/2554 2341/1212/2341 2363/1160/2363 
f 2342/1155/2342 2560/1181/2560 2561/1160/2561 
f 2560/1181/2560 2562/1182/2562 2563/1160/2563 2561/1160/2561 
f 2562/1182/2562 2564/1183/2564 2565/1160/2565 2563/1160/2563 
f 2564/1183/2564 2566/1184/2566 2567/1160/2567 2565/1160/2565 
f 2566/1184/2566 2568/1185/2568 2569/1160/2569 2567/1160/2567 
f 2568/1185/2568 2570/1186/2570 2571/1160/2571 2569/1160/2569 
f 2570/1186/2570 2357/1187/2357 2572/1160/2572 2571/1160/2571 
f 2357/1187/2357 2335/1188/2335 2356/1189/2356 2572/1160/2572 
f 2342/1155/2342 2561/1160/2561 2573/1160/2573 
f 2561/1160/2561 2563/1160/2563 2574/1160/2574 2573/1160/2573 
f 2563/1160/2563 2565/1160/2565 2575/1160/2575 2574/1160/2574 
f 2565/1160/2565 2567/1160/2567 2576/1160/2576 2575/1160/2575 
f 2567/1160/2567 2569/1160/2569 2577/1160/2577 2576/1160/2576 
f 2569/1160/2569 2571/1160/2571 2578/1160/2578 2577/1160/2577 
f 2571/1160/2571 2572/1160/2572 2579/1160/2579 2578/1160/2578 
f 2572/1160/2572 2356/1189/2356 2580/1190/2580 2579/1160/2579 
f 2342/1155/2342 2573/1160/2573 2581/1160/2581 
f 2573/1160/2573 2574/1160/2574 2582/1160/2582 2581/1160/2581 
f 2574/1160/2574 2575/1160/2575 2583/1160/2583 2582/1160/2582 
f 2575/1160/2575 2576/1160/2576 2584/1160/2584 2583/1160/2583 
f 2576/1160/2576 2577/1160/2577 2585/1160/2585 2584/1160/2584 
f 2577/1160/2577 2578/1160/2578 2586/1160/2586 2585/1160/2585 
f 2578/1160/2578 2579/1160/2579 2587/1160/2587 2586/1160/2586 
f 2579/1160/2579 2580/1190/2580 2588/1191/2588 2587/1160/2587 
f 2342/1155/2342 2581/1160/2581 2589/1160/2589 
f 2581/1160/2581 2582/1160/2582 2590/1160/2590 2589/1160/2589 
f 2582/1160/2582 2583/1160/2583 2591/1160/2591 2590/1160/2590 
f 2583/1160/2583 2584/1160/2584 2592/1160/2592 2591/1160/2591 
f 2584/1160/2584 2585/1160/2585 2593/1160/2593 2592/1160/2592 
f 2585/1160/2585 2586/1160/2586 2594/1160/2594 2593/1160/2593 
f 2586/1160/2586 2587/1160/2587 2595/1160/2595 2594/1160/2594 
f 2587/1160/2587 2588/1191/2588 2596/1192/2596 2595/1160/2595 
f 2342/1155/2342 2589/1160/2589 2597/1160/2597 
f 2589/1160/2589 2590/1160/2590 2598/1160/2598 2597/1160/2597 
f 2590/1160/2590 2591/1160/2591 2599/1160/2599 2598/1160/2598 
f 2591/1160/2591 2592/1160/2592 2600/1160/2600 2599/1160/2599 
f 2592/1160/2592 2593/1160/2593 2601/1160/2601 2600/1160/2600 
f 2593/1160/2593 2594/1160/2594 2602/1160/2602 2601/1160/2601 
f 2594/1160/2594 2595/1160/2595 2603/1160/2603 2602/1160/2602 
f 2595/1160/2595 2596/1192/2596 2604/1193/2604 2603/1160/2603 
f 2342/1155/2342 2597/1160/2597 2605/1160/2605 
f 2597/1160/2597 2598/1160/2598 2606/1160/2606 2605/1160/2605 
f 2598/1160/2598 2599/1160/2599 2607/1160/2607 2606/1160/2606 
f 2599/1160/2599 2600/1160/2600 2608/1160/2608 2607/1160/2607 
f 2600/1160/2600 2601/1160/2601 2609/1160/2609 2608/1160/2608 
f 2601/1160/2601 2602/1160/2602 2610/1160/2610 2609/1160/2609 
f 2602/1160/2602 2603/1160/2603 2611/1160/2611 2610/1160/2610 
f 2603/1160/2603 2604/1193/2604 2612/1194/2612 2611/1160/2611 
f 2342/1155/2342 2605/1160/2605 2351/1160/2351 
f 2605/1160/2605 2606/1160/2606 2613/1160/2613 2351/1160/2351 
f 2606/1160/2606 2607/1160/2607 2614/1160/2614 2613/1160/2613 
f 2607/1160/2607 2608/1160/2608 2615/1160/2615 2614/1160/2614 
f 2608/1160/2608 2609/1160/2609 2616/1160/2616 2615/1160/2615 
f 2609/1160/2609 2610/1160/2610 2617/1160/2617 2616/1160/2616 
f 2610/1160/2610 2611/1160/2611 2618/1160/2618 2617/1160/2617 
f 2611/1160/2611 2612/1194/2612 2619/1195/2619 2618/1160/2618 
f 2351/1160/2351 2613/1160/2613 2620/1160/2620 2352/1160/2352 
f 2613/1160/2613 2614/1160/2614 2621/1160/2621 2620/1160/2620 
f 2614/1160/2614 2615/1160/2615 2622/1160/2622 2621/1160/2621 
f 2615/1160/2615 2616/1160/2616 2623/1160/2623 2622/1160/2622 
f 2616/1160/2616 2617/1160/2617 2624/1160/2624 2623/1160/2623 
f 2617/1160/2617 2618/1160/2618 2362/1160/2362 2624/1160/2624 
f 2618/1160/2618 2619/1195/2619 2339/1196/2339 2362/1160/2362 
f 2353/1162/2353 2374/1213/2374 2450/1214/2450 2354/1163/2354 
f 2374/1213/2374 2372/1215/2372 2458/1216/2458 2450/1214/2450 
f 2372/1215/2372 2370/1217/2370 2466/1218/2466 2458/1216/2458 
f 2370/1217/2370 2368/1219/2368 2474/1220/2474 2466/1218/2466 
f 2368/1219/2368 2366/1221/2366 2482/1222/2482 2474/1220/2474 
f 2366/1221/2366 2364/1223/2364 2489/1224/2489 2482/1222/2482 
f 2364/1223/2364 2338/1155/2338 2337/1154/2337 2489/1224/2489 
f 2355/1166/2355 2440/1225/2440 2580/1226/2580 2356/1167/2356 
f 2440/1225/2440 2438/1227/2438 2588/1228/2588 2580/1226/2580 
f 2438/1227/2438 2436/1229/2436 2596/1230/2596 2588/1228/2588 
f 2436/1229/2436 2434/1231/2434 2604/1232/2604 2596/1230/2596 
f 2434/1231/2434 2432/1233/2432 2612/1234/2612 2604/1232/2604 
f 2432/1233/2432 2430/1235/2430 2619/1236/2619 2612/1234/2612 
f 2430/1235/2430 2340/1159/2340 2339/1158/2339 2619/1236/2619 
f 2357/1162/2357 2570/1213/2570 2515/1214/2515 2358/1163/2358 
f 2570/1213/2570 2568/1215/2568 2523/1216/2523 2515/1214/2515 
f 2568/1215/2568 2566/1217/2566 2531/1218/2531 2523/1216/2523 
f 2566/1217/2566 2564/1219/2564 2539/1220/2539 2531/1218/2531 
f 2564/1219/2564 2562/1221/2562 2547/1222/2547 2539/1220/2539 
f 2562/1221/2562 2560/1223/2560 2554/1224/2554 2547/1222/2547 
f 2560/1223/2560 2342/1155/2342 2341/1154/2341 2554/1224/2554 
f 2359/1166/2359 2505/1225/2505 2384/1226/2384 2360/1167/2360 
f 2505/1225/2505 2503/1227/2503 2392/1228/2392 2384/1226/2384 
f 2503/1227/2503 2501/1229/2501 2400/1230/2400 2392/1228/2392 
f 2501/1229/2501 2499/1231/2499 2408/1232/2408 2400/1230/2400 
f 2499/1231/2499 2497/1233/2497 2416/1234/2416 2408/1232/2408 
f 2497/1233/2497 2495/1235/2495 2423/1236/2423 2416/1234/2416 
f 2495/1235/2495 2344/1159/2344 2343/1158/2343 2423/1236/2423 
f 2331/1170/2331 2330/1237/2330 2494/1238/2494 2361/1171/2361 
f 2330/1237/2330 2329/1239/2329 2493/1240/2493 2494/1238/2494 
f 2329/1239/2329 2328/1241/2328 2492/1242/2492 2493/1240/2493 
f 2328/1241/2328 2327/1243/2327 2491/1244/2491 2492/1242/2492 
f 2327/1243/2327 2326/1245/2326 2490/1246/2490 2491/1244/2491 
f 2326/1245/2326 2325/1247/2325 2348/1248/2348 2490/1246/2490 
f 2325/1247/2325 2324/1156/2324 2340/1159/2340 2348/1248/2348 
f 2346/1174/2346 2424/1249/2424 2299/1250/2299 2298/1175/2298 
f 2424/1249/2424 2425/1251/2425 2300/1252/2300 2299/1250/2299 
f 2425/1251/2425 2426/1253/2426 2301/1254/2301 2300/1252/2300 
f 2426/1253/2426 2427/1255/2427 2302/1256/2302 2301/1254/2301 
f 2427/1255/2427 2428/1257/2428 2303/1258/2303 2302/1256/2302 
f 2428/1257/2428 2429/1259/2429 2304/1260/2304 2303/1258/2303 
f 2429/1259/2429 2343/1158/2343 2305/1157/2305 2304/1260/2304 
f 2322/1178/2322 2321/1261/2321 2624/1262/2624 2362/1179/2362 
f 2321/1261/2321 2320/1263/2320 2623/1264/2623 2624/1262/2624 
f 2320/1263/2320 2319/1265/2319 2622/1266/2622 2623/1264/2623 
f 2319/1265/2319 2318/1267/2318 2621/1268/2621 2622/1266/2622 
f 2318/1267/2318 2317/1269/2317 2620/1270/2620 2621/1268/2621 
f 2317/1269/2317 2316/1271/2316 2352/1272/2352 2620/1270/2620 
f 2316/1271/2316 2315/1149/2315 2342/1155/2342 2352/1272/2352 
f 2313/1170/2313 2312/1237/2312 2559/1238/2559 2363/1171/2363 
f 2312/1237/2312 2311/1239/2311 2558/1240/2558 2559/1238/2559 
f 2311/1239/2311 2310/1241/2310 2557/1242/2557 2558/1240/2558 
f 2310/1241/2310 2309/1243/2309 2556/1244/2556 2557/1242/2557 
f 2309/1243/2309 2308/1245/2308 2555/1246/2555 2556/1244/2556 
f 2308/1245/2308 2307/1247/2307 2350/1248/2350 2555/1246/2555 
f 2307/1247/2307 2306/1156/2306 2344/1159/2344 2350/1248/2350 
# 294 polygons - 32 triangles

#
# object Box038
#

v  -53.5736 22.4407 65.5721
v  -53.5264 22.4407 65.4710
v  -53.3379 22.4407 65.2074
v  -53.0079 22.4407 64.7812
v  -52.5365 22.4407 64.1925
v  -51.9236 22.4407 63.4411
v  -51.1694 22.4407 62.5273
v  -50.2737 22.4407 61.4508
v  -49.2365 22.4407 60.2118
v  -42.3862 22.4407 52.0479
v  -41.3461 22.4407 50.8114
v  -40.4416 22.4407 49.7424
v  -39.6726 22.4407 48.8409
v  -39.0391 22.4407 48.1069
v  -38.5411 22.4407 47.5404
v  -38.1787 22.4407 47.1414
v  -37.9518 22.4407 46.9100
v  -37.8605 22.4407 46.8460
v  -37.0953 22.4407 47.4881
v  -37.1424 22.4407 47.5892
v  -37.3310 22.4407 47.8528
v  -37.6609 22.4407 48.2790
v  -38.1324 22.4407 48.8677
v  -38.7452 22.4407 49.6191
v  -39.4995 22.4407 50.5329
v  -40.3952 22.4407 51.6094
v  -41.4323 22.4407 52.8484
v  -48.2826 22.4407 61.0123
v  -49.3227 22.4407 62.2488
v  -50.2272 22.4407 63.3178
v  -50.9963 22.4407 64.2193
v  -51.6297 22.4407 64.9533
v  -52.1277 22.4407 65.5198
v  -52.4901 22.4407 65.9188
v  -52.7170 22.4407 66.1502
v  -52.8083 22.4407 66.2142
v  -49.1422 23.2522 60.2910
v  -48.3770 23.2522 60.9331
v  -41.5267 23.2522 52.7692
v  -42.2919 23.2522 52.1271
v  -52.8083 23.2421 66.2142
v  -53.5736 23.2421 65.5721
v  -41.4323 23.2421 52.8484
v  -48.2826 23.2421 61.0123
v  -37.8605 23.2421 46.8460
v  -37.0953 23.2421 47.4881
v  -49.2365 23.2421 60.2118
v  -42.3862 23.2421 52.0479
v  -53.5261 23.2427 65.4713
v  -53.5264 23.2421 65.4710
v  -49.3065 23.2427 62.2295
v  -49.3227 23.2421 62.2488
v  -41.3624 23.2427 50.8308
v  -41.3461 23.2421 50.8114
v  -37.1428 23.2427 47.5889
v  -37.1424 23.2421 47.5892
v  -50.1808 23.2520 61.5288
v  -49.4156 23.2520 62.1708
v  -48.3549 23.2520 60.9516
v  -41.5045 23.2520 52.7878
v  -40.4881 23.2520 51.5314
v  -41.2533 23.2520 50.8894
v  -42.3140 23.2520 52.1086
v  -49.1643 23.2520 60.2725
v  -52.7170 23.2421 66.1502
v  -40.3952 23.2421 51.6094
v  -37.9518 23.2421 46.9100
v  -53.5043 23.2445 65.4896
v  -53.5095 23.2445 65.4852
v  -53.2966 23.2465 65.2420
v  -53.3063 23.2465 65.2339
v  -52.9504 23.2483 64.8295
v  -52.9639 23.2482 64.8181
v  -52.4657 23.2497 64.2518
v  -52.4823 23.2495 64.2379
v  -51.8425 23.2508 63.5092
v  -51.8616 23.2506 63.4932
v  -51.0809 23.2515 62.6015
v  -51.1016 23.2514 62.5841
v  -50.2026 23.2519 61.5105
v  -53.5140 23.2443 65.4815
v  -53.3147 23.2463 65.2269
v  -52.9755 23.2479 64.8083
v  -52.4967 23.2492 64.2259
v  -51.8780 23.2502 63.4794
v  -51.1196 23.2510 62.5690
v  -50.2214 23.2514 61.4947
v  -49.1835 23.2515 60.2564
v  -53.5178 23.2442 65.4783
v  -53.3217 23.2459 65.2209
v  -52.9854 23.2474 64.8001
v  -52.5088 23.2486 64.2157
v  -51.8920 23.2495 63.4677
v  -51.1348 23.2502 62.5563
v  -50.2374 23.2506 61.4813
v  -49.1997 23.2508 60.2428
v  -53.5209 23.2439 65.4757
v  -53.3276 23.2454 65.2161
v  -52.9935 23.2467 64.7933
v  -52.5188 23.2478 64.2073
v  -51.9034 23.2486 63.4581
v  -51.1473 23.2492 62.5458
v  -50.2504 23.2495 61.4703
v  -49.2130 23.2497 60.2316
v  -53.5233 23.2436 65.4736
v  -53.3321 23.2448 65.2123
v  -52.9998 23.2459 64.7880
v  -52.5265 23.2467 64.2008
v  -51.9122 23.2474 63.4507
v  -51.1569 23.2479 62.5377
v  -50.2606 23.2482 61.4618
v  -49.2233 23.2483 60.2230
v  -53.5250 23.2432 65.4722
v  -53.3353 23.2441 65.2096
v  -53.0043 23.2448 64.7842
v  -52.5321 23.2454 64.1962
v  -51.9186 23.2459 63.4454
v  -51.1638 23.2463 62.5319
v  -50.2679 23.2465 61.4557
v  -49.2306 23.2465 60.2168
v  -53.3372 23.2432 65.2079
v  -53.0070 23.2436 64.7820
v  -52.5354 23.2439 64.1934
v  -51.9224 23.2442 63.4422
v  -51.1680 23.2443 62.5284
v  -50.2722 23.2445 61.4520
v  -49.2351 23.2445 60.2131
v  -53.3379 23.2421 65.2074
v  -53.0079 23.2421 64.7812
v  -52.5365 23.2421 64.1925
v  -51.9236 23.2421 63.4411
v  -51.1694 23.2421 62.5273
v  -50.2737 23.2421 61.4508
v  -48.2841 23.2445 61.0110
v  -48.5275 23.2445 61.3011
v  -48.2885 23.2465 61.0073
v  -48.7429 23.2465 61.5488
v  -48.2959 23.2483 61.0011
v  -48.9288 23.2482 61.7554
v  -48.3062 23.2497 60.9925
v  -49.0852 23.2495 61.9208
v  -48.3195 23.2508 60.9813
v  -49.2120 23.2506 62.0450
v  -48.3357 23.2515 60.9677
v  -49.3094 23.2514 62.1281
v  -49.3772 23.2519 62.1701
v  -48.7385 23.2443 61.5526
v  -49.1367 23.2463 62.0182
v  -49.4773 23.2479 62.4091
v  -49.7603 23.2492 62.7253
v  -49.9856 23.2502 62.9669
v  -50.1533 23.2510 63.1338
v  -50.2633 23.2514 63.2260
v  -50.3157 23.2515 63.2436
v  -48.9170 23.2442 61.7653
v  -49.4699 23.2459 62.4153
v  -49.9414 23.2474 62.9622
v  -50.3315 23.2486 63.4061
v  -50.6401 23.2495 63.7470
v  -50.8673 23.2502 63.9848
v  -51.0130 23.2506 64.1195
v  -51.0773 23.2508 64.1513
v  -49.0630 23.2439 61.9394
v  -49.7426 23.2454 62.7402
v  -50.3212 23.2467 63.4148
v  -50.7989 23.2478 63.9631
v  -51.1756 23.2486 64.3852
v  -51.4515 23.2492 64.6810
v  -51.6265 23.2495 64.8506
v  -51.7005 23.2497 64.8939
v  -49.1766 23.2436 62.0747
v  -49.9546 23.2448 62.9929
v  -50.6165 23.2459 63.7667
v  -51.1624 23.2467 64.3963
v  -51.5922 23.2474 64.8816
v  -51.9059 23.2479 65.2225
v  -52.1036 23.2482 65.4192
v  -52.1852 23.2483 65.4715
v  -49.2578 23.2432 62.1714
v  -50.1061 23.2441 63.1734
v  -50.8275 23.2448 64.0182
v  -51.4220 23.2454 64.7057
v  -51.8897 23.2459 65.2361
v  -52.2305 23.2463 65.6093
v  -52.4444 23.2465 65.8253
v  -52.5314 23.2465 65.8841
v  -50.1970 23.2432 63.2817
v  -50.9541 23.2436 64.1690
v  -51.5778 23.2439 64.8914
v  -52.0682 23.2442 65.4489
v  -52.4252 23.2443 65.8414
v  -52.6488 23.2445 66.0690
v  -52.7391 23.2445 66.1317
v  -50.2272 23.2421 63.3178
v  -50.9963 23.2421 64.2193
v  -51.6297 23.2421 64.9533
v  -52.1277 23.2421 65.5198
v  -52.4901 23.2421 65.9188
v  -42.3847 23.2445 52.0492
v  -42.1413 23.2445 51.7591
v  -42.3803 23.2465 52.0529
v  -41.9259 23.2465 51.5114
v  -42.3729 23.2483 52.0591
v  -41.7400 23.2482 51.3048
v  -42.3626 23.2497 52.0677
v  -41.5837 23.2495 51.1394
v  -42.3494 23.2508 52.0789
v  -41.4568 23.2506 51.0152
v  -42.3331 23.2515 52.0925
v  -41.3595 23.2514 50.9321
v  -41.2916 23.2519 50.8901
v  -41.9304 23.2443 51.5077
v  -41.5321 23.2463 51.0420
v  -41.1915 23.2479 50.6511
v  -40.9086 23.2492 50.3349
v  -40.6833 23.2502 50.0933
v  -40.5156 23.2510 49.9264
v  -40.4055 23.2514 49.8342
v  -40.3531 23.2515 49.8166
v  -41.7518 23.2442 51.2949
v  -41.1989 23.2459 50.6449
v  -40.7274 23.2474 50.0980
v  -40.3374 23.2486 49.6541
v  -40.0287 23.2495 49.3132
v  -39.8015 23.2502 49.0754
v  -39.6558 23.2506 48.9407
v  -39.5915 23.2508 48.9089
v  -41.6058 23.2439 51.1209
v  -40.9263 23.2454 50.3200
v  -40.3477 23.2467 49.6454
v  -39.8700 23.2478 49.0971
v  -39.4932 23.2486 48.6750
v  -39.2173 23.2492 48.3792
v  -39.0424 23.2495 48.2096
v  -38.9683 23.2497 48.1663
v  -41.4922 23.2436 50.9855
v  -40.7142 23.2448 50.0673
v  -40.0523 23.2459 49.2935
v  -39.5065 23.2467 48.6639
v  -39.0767 23.2474 48.1786
v  -38.7629 23.2479 47.8377
v  -38.5653 23.2482 47.6410
v  -38.4837 23.2483 47.5887
v  -41.4111 23.2432 50.8888
v  -40.5628 23.2441 49.8868
v  -39.8414 23.2448 49.0420
v  -39.2468 23.2454 48.3545
v  -38.7792 23.2459 47.8241
v  -38.4384 23.2463 47.4509
v  -38.2245 23.2465 47.2349
v  -38.1375 23.2465 47.1761
v  -40.4719 23.2432 49.7785
v  -39.7148 23.2436 48.8912
v  -39.0910 23.2439 48.1688
v  -38.6007 23.2442 47.6113
v  -38.2436 23.2443 47.2188
v  -38.0200 23.2445 46.9912
v  -37.9297 23.2445 46.9285
v  -40.4416 23.2421 49.7424
v  -39.6726 23.2421 48.8409
v  -39.0391 23.2421 48.1069
v  -38.5411 23.2421 47.5404
v  -38.1787 23.2421 47.1414
v  -37.1645 23.2445 47.5706
v  -37.1593 23.2445 47.5750
v  -37.3722 23.2465 47.8182
v  -37.3626 23.2465 47.8263
v  -37.7184 23.2483 48.2307
v  -37.7050 23.2482 48.2421
v  -38.2031 23.2497 48.8084
v  -38.1865 23.2495 48.8223
v  -38.8263 23.2508 49.5510
v  -38.8073 23.2506 49.5670
v  -39.5879 23.2515 50.4587
v  -39.5672 23.2514 50.4761
v  -40.4663 23.2519 51.5497
v  -37.1549 23.2443 47.5787
v  -37.3542 23.2463 47.8333
v  -37.6933 23.2479 48.2519
v  -38.1722 23.2492 48.8343
v  -38.7908 23.2502 49.5808
v  -39.5492 23.2510 50.4912
v  -40.4474 23.2514 51.5655
v  -41.4854 23.2515 52.8038
v  -37.1511 23.2442 47.5819
v  -37.3471 23.2459 47.8393
v  -37.6834 23.2474 48.2601
v  -38.1600 23.2486 48.8446
v  -38.7769 23.2495 49.5925
v  -39.5340 23.2502 50.5039
v  -40.4315 23.2506 51.5789
v  -41.4692 23.2508 52.8174
v  -37.1479 23.2439 47.5845
v  -37.3413 23.2454 47.8441
v  -37.6753 23.2467 48.2669
v  -38.1501 23.2478 48.8529
v  -38.7655 23.2486 49.6021
v  -39.5216 23.2492 50.5144
v  -40.4184 23.2495 51.5899
v  -41.4559 23.2497 52.8286
v  -37.1455 23.2436 47.5866
v  -37.3368 23.2448 47.8479
v  -37.6690 23.2459 48.2722
v  -38.1423 23.2467 48.8594
v  -38.7566 23.2474 49.6095
v  -39.5119 23.2479 50.5225
v  -40.4082 23.2482 51.5984
v  -41.4456 23.2483 52.8372
v  -37.1438 23.2432 47.5880
v  -37.3335 23.2441 47.8506
v  -37.6645 23.2448 48.2760
v  -38.1368 23.2454 48.8640
v  -38.7503 23.2459 49.6148
v  -39.5050 23.2463 50.5283
v  -40.4010 23.2465 51.6045
v  -41.4382 23.2465 52.8434
v  -37.3316 23.2432 47.8523
v  -37.6618 23.2436 48.2782
v  -38.1335 23.2439 48.8668
v  -38.7465 23.2442 49.6180
v  -39.5009 23.2443 50.5318
v  -40.3966 23.2445 51.6082
v  -41.4338 23.2445 52.8471
v  -37.3310 23.2421 47.8528
v  -37.6609 23.2421 48.2790
v  -38.1324 23.2421 48.8677
v  -38.7452 23.2421 49.6191
v  -39.4995 23.2421 50.5329
# 328 vertices

vn -0.4772 -0.6997 0.5317
vn -0.5416 -0.6896 0.4808
vn -0.6224 -0.6853 0.3781
vn -0.6924 -0.6817 0.2363
vn -0.7302 -0.6802 0.0639
vn -0.7229 -0.6817 -0.1124
vn -0.6786 -0.6853 -0.2643
vn -0.6169 -0.6895 -0.3795
vn -0.5622 -0.6997 -0.4407
vn -0.5317 -0.6997 -0.4772
vn -0.4808 -0.6895 -0.5417
vn -0.3781 -0.6853 -0.6224
vn -0.2363 -0.6817 -0.6924
vn -0.0639 -0.6802 -0.7302
vn 0.1124 -0.6817 -0.7229
vn 0.2643 -0.6853 -0.6786
vn 0.3794 -0.6896 -0.6169
vn 0.4407 -0.6997 -0.5622
vn 0.4772 -0.6997 -0.5317
vn 0.5416 -0.6896 -0.4808
vn 0.6224 -0.6853 -0.3781
vn 0.6924 -0.6817 -0.2363
vn 0.7302 -0.6802 -0.0639
vn 0.7229 -0.6817 0.1124
vn 0.6786 -0.6853 0.2643
vn 0.6169 -0.6895 0.3795
vn 0.5622 -0.6997 0.4407
vn 0.5317 -0.6997 0.4772
vn 0.4808 -0.6895 0.5417
vn 0.3781 -0.6853 0.6224
vn 0.2363 -0.6817 0.6924
vn 0.0639 -0.6802 0.7302
vn -0.1124 -0.6817 0.7229
vn -0.2643 -0.6853 0.6786
vn -0.3794 -0.6896 0.6169
vn -0.4407 -0.6997 0.5622
vn -0.0468 0.9989 0.0041
vn 0.0041 0.9989 0.0468
vn 0.0468 0.9989 -0.0041
vn -0.0041 0.9989 -0.0468
vn -0.6166 0.0332 0.7866
vn -0.6627 0.0267 0.7484
vn 0.7866 0.0332 0.6166
vn 0.7484 0.0267 0.6628
vn 0.6166 0.0332 -0.7866
vn 0.6627 0.0267 -0.7484
vn -0.7866 0.0332 -0.6166
vn -0.7484 0.0267 -0.6628
vn -0.7486 0.0214 0.6627
vn -0.7490 0.0050 0.6626
vn 0.6627 0.0214 0.7486
vn 0.6626 0.0050 0.7490
vn -0.6627 0.0214 -0.7486
vn -0.6626 0.0050 -0.7490
vn 0.7486 0.0214 -0.6627
vn 0.7490 0.0050 -0.6626
vn -0.1189 0.9888 0.0906
vn -0.0683 0.9887 0.1335
vn 0.0906 0.9888 0.1189
vn 0.1335 0.9887 0.0683
vn 0.1189 0.9888 -0.0906
vn 0.0683 0.9887 -0.1335
vn -0.0906 0.9888 -0.1189
vn -0.1335 0.9887 -0.0683
vn -0.5238 0.0329 0.8512
vn 0.8512 0.0329 0.5238
vn 0.5238 0.0329 -0.8512
vn -0.6395 0.1478 0.7544
vn -0.6520 0.1475 0.7438
vn -0.6166 0.3228 0.7180
vn -0.6441 0.3198 0.6949
vn -0.5626 0.5192 0.6434
vn -0.6073 0.5133 0.6064
vn -0.4716 0.7082 0.5254
vn -0.5333 0.6999 0.4750
vn -0.3536 0.8560 0.3771
vn -0.4287 0.8463 0.3162
vn -0.2299 0.9468 0.2250
vn -0.3130 0.9366 0.1573
vn -0.2053 0.9785 0.0192
vn -0.6715 0.1396 0.7278
vn -0.6870 0.3022 0.6608
vn -0.6774 0.4858 0.5525
vn -0.6303 0.6645 0.4015
vn -0.5465 0.8064 0.2260
vn -0.4428 0.8949 0.0552
vn -0.3395 0.9363 -0.0898
vn -0.2678 0.9465 -0.1802
vn -0.6931 0.1243 0.7100
vn -0.7342 0.2688 0.6234
vn -0.7545 0.4331 0.4931
vn -0.7375 0.5947 0.3201
vn -0.6775 0.7247 0.1256
vn -0.5879 0.8068 -0.0589
vn -0.4900 0.8455 -0.2122
vn -0.4187 0.8551 -0.3058
vn -0.7141 0.1018 0.6927
vn -0.7795 0.2202 0.5864
vn -0.8279 0.3554 0.4339
vn -0.8389 0.4892 0.2388
vn -0.8015 0.5974 0.0258
vn -0.7258 0.6662 -0.1714
vn -0.6340 0.6987 -0.3314
vn -0.5640 0.7067 -0.4273
vn -0.7312 0.0745 0.6780
vn -0.8163 0.1617 0.5546
vn -0.8863 0.2610 0.3825
vn -0.9179 0.3591 0.1687
vn -0.8969 0.4383 -0.0585
vn -0.8319 0.4882 -0.2637
vn -0.7457 0.5117 -0.4268
vn -0.6775 0.5173 -0.5229
vn -0.7427 0.0466 0.6680
vn -0.8407 0.1015 0.5318
vn -0.9240 0.1638 0.3455
vn -0.9671 0.2247 0.1188
vn -0.9548 0.2734 -0.1166
vn -0.8957 0.3037 -0.3248
vn -0.8133 0.3178 -0.4874
vn -0.7470 0.3210 -0.5822
vn -0.8533 0.0467 0.5193
vn -0.9427 0.0754 0.3249
vn -0.9904 0.1032 0.0915
vn -0.9811 0.1252 -0.1474
vn -0.9243 0.1387 -0.3557
vn -0.8439 0.1449 -0.5166
vn -0.7789 0.1462 -0.6099
vn -0.8556 0.0108 0.5175
vn -0.9470 0.0173 0.3209
vn -0.9961 0.0236 0.0853
vn -0.9875 0.0285 -0.1549
vn -0.9311 0.0315 -0.3634
vn -0.8512 0.0329 -0.5238
vn 0.7544 0.1478 0.6395
vn 0.7438 0.1475 0.6520
vn 0.7180 0.3228 0.6166
vn 0.6949 0.3198 0.6441
vn 0.6434 0.5192 0.5626
vn 0.6064 0.5133 0.6073
vn 0.5254 0.7082 0.4716
vn 0.4750 0.6999 0.5333
vn 0.3771 0.8560 0.3536
vn 0.3162 0.8463 0.4287
vn 0.2250 0.9468 0.2299
vn 0.1573 0.9366 0.3130
vn 0.0192 0.9785 0.2053
vn 0.7278 0.1396 0.6715
vn 0.6608 0.3022 0.6870
vn 0.5525 0.4858 0.6774
vn 0.4015 0.6645 0.6303
vn 0.2260 0.8064 0.5465
vn 0.0552 0.8949 0.4428
vn -0.0898 0.9363 0.3395
vn -0.1802 0.9465 0.2678
vn 0.7101 0.1243 0.6931
vn 0.6234 0.2688 0.7342
vn 0.4931 0.4331 0.7545
vn 0.3201 0.5947 0.7375
vn 0.1256 0.7247 0.6775
vn -0.0589 0.8068 0.5879
vn -0.2122 0.8455 0.4899
vn -0.3058 0.8551 0.4187
vn 0.6927 0.1018 0.7141
vn 0.5864 0.2202 0.7795
vn 0.4339 0.3554 0.8279
vn 0.2388 0.4892 0.8389
vn 0.0258 0.5974 0.8015
vn -0.1714 0.6662 0.7258
vn -0.3314 0.6987 0.6340
vn -0.4273 0.7067 0.5640
vn 0.6780 0.0745 0.7312
vn 0.5546 0.1617 0.8163
vn 0.3825 0.2610 0.8863
vn 0.1687 0.3591 0.9179
vn -0.0585 0.4382 0.8970
vn -0.2637 0.4882 0.8319
vn -0.4268 0.5117 0.7457
vn -0.5230 0.5173 0.6775
vn 0.6680 0.0466 0.7427
vn 0.5318 0.1015 0.8407
vn 0.3455 0.1638 0.9240
vn 0.1188 0.2247 0.9671
vn -0.1166 0.2734 0.9548
vn -0.3248 0.3037 0.8957
vn -0.4874 0.3178 0.8133
vn -0.5822 0.3210 0.7470
vn 0.5193 0.0467 0.8533
vn 0.3249 0.0754 0.9427
vn 0.0915 0.1032 0.9904
vn -0.1474 0.1252 0.9811
vn -0.3557 0.1387 0.9243
vn -0.5166 0.1449 0.8439
vn -0.6099 0.1462 0.7789
vn 0.5175 0.0108 0.8556
vn 0.3209 0.0173 0.9470
vn 0.0853 0.0236 0.9961
vn -0.1549 0.0285 0.9875
vn -0.3634 0.0315 0.9311
vn -0.7544 0.1478 -0.6395
vn -0.7438 0.1475 -0.6520
vn -0.7180 0.3228 -0.6166
vn -0.6949 0.3198 -0.6441
vn -0.6434 0.5192 -0.5626
vn -0.6064 0.5133 -0.6073
vn -0.5254 0.7082 -0.4716
vn -0.4750 0.6999 -0.5333
vn -0.3771 0.8560 -0.3536
vn -0.3162 0.8463 -0.4287
vn -0.2250 0.9468 -0.2299
vn -0.1573 0.9366 -0.3130
vn -0.0192 0.9785 -0.2053
vn -0.7278 0.1396 -0.6715
vn -0.6608 0.3022 -0.6870
vn -0.5525 0.4858 -0.6774
vn -0.4015 0.6645 -0.6303
vn -0.2260 0.8064 -0.5465
vn -0.0552 0.8949 -0.4428
vn 0.0898 0.9363 -0.3395
vn 0.1802 0.9465 -0.2678
vn -0.7101 0.1243 -0.6931
vn -0.6234 0.2688 -0.7342
vn -0.4931 0.4331 -0.7545
vn -0.3201 0.5947 -0.7375
vn -0.1256 0.7247 -0.6775
vn 0.0589 0.8068 -0.5879
vn 0.2122 0.8455 -0.4899
vn 0.3058 0.8551 -0.4187
vn -0.6927 0.1018 -0.7141
vn -0.5864 0.2202 -0.7795
vn -0.4339 0.3554 -0.8279
vn -0.2388 0.4892 -0.8389
vn -0.0258 0.5974 -0.8015
vn 0.1714 0.6662 -0.7258
vn 0.3314 0.6987 -0.6340
vn 0.4273 0.7067 -0.5640
vn -0.6780 0.0745 -0.7312
vn -0.5546 0.1617 -0.8163
vn -0.3825 0.2610 -0.8863
vn -0.1687 0.3591 -0.9179
vn 0.0585 0.4382 -0.8970
vn 0.2637 0.4882 -0.8319
vn 0.4268 0.5117 -0.7457
vn 0.5230 0.5173 -0.6775
vn -0.6680 0.0466 -0.7427
vn -0.5318 0.1015 -0.8407
vn -0.3455 0.1638 -0.9240
vn -0.1188 0.2247 -0.9671
vn 0.1166 0.2734 -0.9548
vn 0.3248 0.3037 -0.8957
vn 0.4874 0.3178 -0.8133
vn 0.5822 0.3210 -0.7470
vn -0.5193 0.0467 -0.8533
vn -0.3249 0.0754 -0.9427
vn -0.0915 0.1032 -0.9904
vn 0.1474 0.1252 -0.9811
vn 0.3557 0.1387 -0.9243
vn 0.5166 0.1449 -0.8439
vn 0.6099 0.1462 -0.7789
vn -0.5175 0.0108 -0.8556
vn -0.3209 0.0173 -0.9470
vn -0.0853 0.0236 -0.9961
vn 0.1549 0.0285 -0.9875
vn 0.3634 0.0315 -0.9311
vn 0.6395 0.1478 -0.7544
vn 0.6520 0.1475 -0.7438
vn 0.6166 0.3228 -0.7180
vn 0.6441 0.3198 -0.6949
vn 0.5626 0.5192 -0.6434
vn 0.6073 0.5133 -0.6064
vn 0.4716 0.7082 -0.5254
vn 0.5333 0.6999 -0.4750
vn 0.3536 0.8560 -0.3771
vn 0.4287 0.8463 -0.3162
vn 0.2299 0.9468 -0.2250
vn 0.3130 0.9366 -0.1573
vn 0.2053 0.9785 -0.0192
vn 0.6715 0.1396 -0.7278
vn 0.6870 0.3022 -0.6608
vn 0.6774 0.4858 -0.5525
vn 0.6303 0.6645 -0.4015
vn 0.5465 0.8064 -0.2260
vn 0.4428 0.8949 -0.0552
vn 0.3395 0.9363 0.0898
vn 0.2678 0.9465 0.1802
vn 0.6931 0.1243 -0.7100
vn 0.7342 0.2688 -0.6234
vn 0.7545 0.4331 -0.4931
vn 0.7375 0.5947 -0.3201
vn 0.6775 0.7247 -0.1256
vn 0.5879 0.8068 0.0589
vn 0.4900 0.8455 0.2122
vn 0.4187 0.8551 0.3058
vn 0.7141 0.1018 -0.6927
vn 0.7795 0.2202 -0.5864
vn 0.8279 0.3554 -0.4339
vn 0.8389 0.4892 -0.2388
vn 0.8015 0.5974 -0.0258
vn 0.7258 0.6662 0.1714
vn 0.6340 0.6987 0.3314
vn 0.5640 0.7067 0.4273
vn 0.7312 0.0745 -0.6780
vn 0.8163 0.1617 -0.5546
vn 0.8863 0.2610 -0.3825
vn 0.9179 0.3591 -0.1687
vn 0.8969 0.4383 0.0585
vn 0.8319 0.4882 0.2637
vn 0.7457 0.5117 0.4268
vn 0.6775 0.5173 0.5229
vn 0.7427 0.0466 -0.6680
vn 0.8407 0.1015 -0.5318
vn 0.9240 0.1638 -0.3455
vn 0.9671 0.2247 -0.1188
vn 0.9548 0.2734 0.1166
vn 0.8957 0.3037 0.3248
vn 0.8133 0.3178 0.4874
vn 0.7470 0.3210 0.5822
vn 0.8533 0.0467 -0.5193
vn 0.9427 0.0754 -0.3249
vn 0.9904 0.1032 -0.0915
vn 0.9811 0.1252 0.1474
vn 0.9243 0.1387 0.3557
vn 0.8439 0.1449 0.5166
vn 0.7789 0.1462 0.6099
vn 0.8556 0.0108 -0.5175
vn 0.9470 0.0173 -0.3209
vn 0.9961 0.0236 -0.0853
vn 0.9875 0.0285 0.1549
vn 0.9311 0.0315 0.3634
# 328 vertex normals

vt 0.9011 0.0000 0.0000
vt 0.9243 0.0044 0.0000
vt 0.9444 0.0176 0.0000
vt 0.9614 0.0397 0.0000
vt 0.9753 0.0705 0.0000
vt 0.9861 0.1102 0.0000
vt 0.9938 0.1586 0.0000
vt 0.9985 0.2159 0.0000
vt 1.0000 0.2820 0.0000
vt 1.0000 0.7180 0.0000
vt 0.9985 0.7841 0.0000
vt 0.9938 0.8414 0.0000
vt 0.9861 0.8898 0.0000
vt 0.9753 0.9295 0.0000
vt 0.9614 0.9603 0.0000
vt 0.9444 0.9824 0.0000
vt 0.9243 0.9956 0.0000
vt 0.9011 1.0000 0.0000
vt 0.0989 1.0000 0.0000
vt 0.0757 0.9956 0.0000
vt 0.0556 0.9824 0.0000
vt 0.0386 0.9603 0.0000
vt 0.0247 0.9295 0.0000
vt 0.0139 0.8898 0.0000
vt 0.0062 0.8414 0.0000
vt 0.0015 0.7841 0.0000
vt 0.0000 0.7180 0.0000
vt 0.0000 0.2820 0.0000
vt 0.0015 0.2159 0.0000
vt 0.0062 0.1586 0.0000
vt 0.0139 0.1102 0.0000
vt 0.0247 0.0705 0.0000
vt 0.0386 0.0397 0.0000
vt 0.0556 0.0176 0.0000
vt 0.0757 0.0044 0.0000
vt 0.0989 0.0000 0.0000
vt 0.0989 0.2820 0.0000
vt 0.9011 0.2820 0.0000
vt 0.9011 0.7180 0.0000
vt 0.0989 0.7180 0.0000
vt 0.9011 0.9876 0.0000
vt 0.0989 0.9876 0.0000
vt 0.2820 0.0000 0.0000
vt 0.7180 0.0000 0.0000
vt 0.7180 0.9876 0.0000
vt 0.2820 0.9876 0.0000
vt 0.0000 1.0000 0.0000
vt 0.0989 1.2636 0.0000
vt 0.0989 1.2291 0.0000
vt 0.9011 1.2291 0.0000
vt 0.9011 1.2636 0.0000
vt 0.2820 0.5888 0.0000
vt 0.2820 0.6387 0.0000
vt 0.7180 0.6387 0.0000
vt 0.7180 0.5888 0.0000
vt 0.0858 -0.0039 0.0000
vt 0.1103 -0.0034 0.0000
vt 0.1124 0.9842 0.0000
vt 0.0882 0.9837 0.0000
vt 0.9118 0.9837 0.0000
vt 0.8876 0.9842 0.0000
vt 0.8897 -0.0034 0.0000
vt 0.9142 -0.0039 0.0000
vt 0.2443 -0.0106 0.0000
vt 0.2261 -0.0092 0.0000
vt 0.2204 0.9786 0.0000
vt 0.2378 0.9773 0.0000
vt 0.0730 0.9914 0.0000
vt 0.0448 0.9966 0.0000
vt 0.0143 1.0032 0.0000
vt -0.0186 1.0113 0.0000
vt -0.0537 1.0207 0.0000
vt -0.0912 1.0315 0.0000
vt -0.1310 1.0438 0.0000
vt -0.1732 1.0574 0.0000
vt -0.1353 1.0420 0.0000
vt -0.1082 1.0243 0.0000
vt -0.0920 1.0044 0.0000
vt -0.0866 0.9824 0.0000
vt -0.0920 0.9581 0.0000
vt -0.1082 0.9316 0.0000
vt -0.1353 0.9029 0.0000
vt -0.1732 0.8720 0.0000
vt 0.2188 0.9928 0.0000
vt 0.1702 1.0022 0.0000
vt 0.1362 1.0157 0.0000
vt 0.1168 1.0334 0.0000
vt 0.1121 1.0552 0.0000
vt 0.1219 1.0813 0.0000
vt 0.1463 1.1115 0.0000
vt 0.1854 1.1458 0.0000
vt 0.1411 1.1107 0.0000
vt 0.1009 1.0783 0.0000
vt 0.0648 1.0486 0.0000
vt 0.0328 1.0215 0.0000
vt 0.0049 0.9971 0.0000
vt -0.0189 0.9755 0.0000
vt -0.0387 0.9565 0.0000
vt -0.0543 0.9402 0.0000
vt 0.0989 1.1946 0.0000
vt 0.9011 1.1946 0.0000
vt 0.0989 1.1601 0.0000
vt 0.9011 1.1601 0.0000
vt 0.0989 1.1256 0.0000
vt 0.9011 1.1256 0.0000
vt 0.0989 1.0911 0.0000
vt 0.9011 1.0911 0.0000
vt 0.0989 1.0566 0.0000
vt 0.9011 1.0566 0.0000
vt 0.0989 1.0221 0.0000
vt 0.9011 1.0221 0.0000
vt 0.2820 0.6885 0.0000
vt 0.7180 0.6885 0.0000
vt 0.2820 0.7384 0.0000
vt 0.7180 0.7384 0.0000
vt 0.2820 0.7882 0.0000
vt 0.7180 0.7882 0.0000
vt 0.2820 0.8381 0.0000
vt 0.7180 0.8381 0.0000
vt 0.2820 0.8879 0.0000
vt 0.7180 0.8879 0.0000
vt 0.2820 0.9378 0.0000
vt 0.7180 0.9378 0.0000
vt 0.1349 -0.0029 0.0000
vt 0.1366 0.9847 0.0000
vt 0.1594 -0.0024 0.0000
vt 0.1609 0.9852 0.0000
vt 0.1839 -0.0020 0.0000
vt 0.1851 0.9857 0.0000
vt 0.2084 -0.0015 0.0000
vt 0.2093 0.9862 0.0000
vt 0.2330 -0.0010 0.0000
vt 0.2336 0.9867 0.0000
vt 0.2575 -0.0005 0.0000
vt 0.2578 0.9871 0.0000
vt 0.8634 0.9847 0.0000
vt 0.8651 -0.0029 0.0000
vt 0.8391 0.9852 0.0000
vt 0.8406 -0.0024 0.0000
vt 0.8149 0.9857 0.0000
vt 0.8161 -0.0020 0.0000
vt 0.7907 0.9862 0.0000
vt 0.7916 -0.0015 0.0000
vt 0.7664 0.9867 0.0000
vt 0.7670 -0.0010 0.0000
vt 0.7422 0.9871 0.0000
vt 0.7425 -0.0005 0.0000
vt 0.2079 -0.0079 0.0000
vt 0.2031 0.9799 0.0000
vt 0.1898 -0.0066 0.0000
vt 0.1857 0.9812 0.0000
vt 0.1716 -0.0053 0.0000
vt 0.1684 0.9825 0.0000
vt 0.1534 -0.0040 0.0000
vt 0.1510 0.9838 0.0000
vt 0.1353 -0.0026 0.0000
vt 0.1336 0.9851 0.0000
vt 0.1171 -0.0013 0.0000
vt 0.1163 0.9863 0.0000
# 159 texture coords

o Box038
g Box038
usemtl wire_062062062
s 1
f 2625/1273/2625 2626/1274/2626 2627/1275/2627 2628/1276/2628 2629/1277/2629 2630/1278/2630 2631/1279/2631 2632/1280/2632 2633/1281/2633 2634/1282/2634 2635/1283/2635 2636/1284/2636 2637/1285/2637 2638/1286/2638 2639/1287/2639 2640/1288/2640 2641/1289/2641 2642/1290/2642 2643/1291/2643 2644/1292/2644 2645/1293/2645 2646/1294/2646 2647/1295/2647 2648/1296/2648 2649/1297/2649 2650/1298/2650 2651/1299/2651 2652/1300/2652 2653/1301/2653 2654/1302/2654 2655/1303/2655 2656/1304/2656 2657/1305/2657 2658/1306/2658 2659/1307/2659 2660/1308/2660 
s 2
f 2661/1309/2661 2662/1310/2662 2663/1311/2663 2664/1312/2664 
f 2625/1308/2625 2660/1273/2660 2665/1313/2665 2666/1314/2666 
f 2652/1315/2652 2651/1316/2651 2667/1317/2667 2668/1318/2668 
f 2643/1308/2643 2642/1273/2642 2669/1313/2669 2670/1314/2670 
f 2634/1315/2634 2633/1316/2633 2671/1317/2671 2672/1318/2672 
f 2666/1314/2666 2673/1319/2673 2674/1319/2674 
f 2668/1318/2668 2675/1319/2675 2676/1319/2676 
f 2672/1318/2672 2677/1319/2677 2678/1319/2678 
f 2670/1314/2670 2679/1319/2679 2680/1319/2680 
f 2661/1320/2661 2681/1321/2681 2682/1322/2682 2662/1323/2662 
f 2662/1324/2662 2683/1325/2683 2684/1326/2684 2663/1327/2663 
f 2663/1320/2663 2685/1321/2685 2686/1322/2686 2664/1323/2664 
f 2664/1324/2664 2687/1325/2687 2688/1326/2688 2661/1327/2661 
f 2660/1328/2660 2659/1329/2659 2689/1330/2689 2665/1331/2665 
f 2666/1332/2666 2674/1333/2674 2626/1334/2626 2625/1335/2625 
f 2651/1336/2651 2650/1337/2650 2690/1338/2690 2667/1339/2667 
f 2642/1328/2642 2641/1329/2641 2691/1330/2691 2669/1331/2669 
f 2666/1314/2666 2692/1340/2692 2693/1319/2693 
f 2692/1340/2692 2694/1341/2694 2695/1319/2695 2693/1319/2693 
f 2694/1341/2694 2696/1342/2696 2697/1319/2697 2695/1319/2695 
f 2696/1342/2696 2698/1343/2698 2699/1319/2699 2697/1319/2697 
f 2698/1343/2698 2700/1344/2700 2701/1319/2701 2699/1319/2699 
f 2700/1344/2700 2702/1345/2702 2703/1319/2703 2701/1319/2701 
f 2702/1345/2702 2681/1346/2681 2704/1319/2704 2703/1319/2703 
f 2681/1346/2681 2661/1347/2661 2688/1348/2688 2704/1319/2704 
f 2666/1314/2666 2693/1319/2693 2705/1319/2705 
f 2693/1319/2693 2695/1319/2695 2706/1319/2706 2705/1319/2705 
f 2695/1319/2695 2697/1319/2697 2707/1319/2707 2706/1319/2706 
f 2697/1319/2697 2699/1319/2699 2708/1319/2708 2707/1319/2707 
f 2699/1319/2699 2701/1319/2701 2709/1319/2709 2708/1319/2708 
f 2701/1319/2701 2703/1319/2703 2710/1319/2710 2709/1319/2709 
f 2703/1319/2703 2704/1319/2704 2711/1319/2711 2710/1319/2710 
f 2704/1319/2704 2688/1348/2688 2712/1349/2712 2711/1319/2711 
f 2666/1314/2666 2705/1319/2705 2713/1319/2713 
f 2705/1319/2705 2706/1319/2706 2714/1319/2714 2713/1319/2713 
f 2706/1319/2706 2707/1319/2707 2715/1319/2715 2714/1319/2714 
f 2707/1319/2707 2708/1319/2708 2716/1319/2716 2715/1319/2715 
f 2708/1319/2708 2709/1319/2709 2717/1319/2717 2716/1319/2716 
f 2709/1319/2709 2710/1319/2710 2718/1319/2718 2717/1319/2717 
f 2710/1319/2710 2711/1319/2711 2719/1319/2719 2718/1319/2718 
f 2711/1319/2711 2712/1349/2712 2720/1350/2720 2719/1319/2719 
f 2666/1314/2666 2713/1319/2713 2721/1319/2721 
f 2713/1319/2713 2714/1319/2714 2722/1319/2722 2721/1319/2721 
f 2714/1319/2714 2715/1319/2715 2723/1319/2723 2722/1319/2722 
f 2715/1319/2715 2716/1319/2716 2724/1319/2724 2723/1319/2723 
f 2716/1319/2716 2717/1319/2717 2725/1319/2725 2724/1319/2724 
f 2717/1319/2717 2718/1319/2718 2726/1319/2726 2725/1319/2725 
f 2718/1319/2718 2719/1319/2719 2727/1319/2727 2726/1319/2726 
f 2719/1319/2719 2720/1350/2720 2728/1351/2728 2727/1319/2727 
f 2666/1314/2666 2721/1319/2721 2729/1319/2729 
f 2721/1319/2721 2722/1319/2722 2730/1319/2730 2729/1319/2729 
f 2722/1319/2722 2723/1319/2723 2731/1319/2731 2730/1319/2730 
f 2723/1319/2723 2724/1319/2724 2732/1319/2732 2731/1319/2731 
f 2724/1319/2724 2725/1319/2725 2733/1319/2733 2732/1319/2732 
f 2725/1319/2725 2726/1319/2726 2734/1319/2734 2733/1319/2733 
f 2726/1319/2726 2727/1319/2727 2735/1319/2735 2734/1319/2734 
f 2727/1319/2727 2728/1351/2728 2736/1352/2736 2735/1319/2735 
f 2666/1314/2666 2729/1319/2729 2737/1319/2737 
f 2729/1319/2729 2730/1319/2730 2738/1319/2738 2737/1319/2737 
f 2730/1319/2730 2731/1319/2731 2739/1319/2739 2738/1319/2738 
f 2731/1319/2731 2732/1319/2732 2740/1319/2740 2739/1319/2739 
f 2732/1319/2732 2733/1319/2733 2741/1319/2741 2740/1319/2740 
f 2733/1319/2733 2734/1319/2734 2742/1319/2742 2741/1319/2741 
f 2734/1319/2734 2735/1319/2735 2743/1319/2743 2742/1319/2742 
f 2735/1319/2735 2736/1352/2736 2744/1353/2744 2743/1319/2743 
f 2666/1314/2666 2737/1319/2737 2673/1319/2673 
f 2737/1319/2737 2738/1319/2738 2745/1319/2745 2673/1319/2673 
f 2738/1319/2738 2739/1319/2739 2746/1319/2746 2745/1319/2745 
f 2739/1319/2739 2740/1319/2740 2747/1319/2747 2746/1319/2746 
f 2740/1319/2740 2741/1319/2741 2748/1319/2748 2747/1319/2747 
f 2741/1319/2741 2742/1319/2742 2749/1319/2749 2748/1319/2748 
f 2742/1319/2742 2743/1319/2743 2750/1319/2750 2749/1319/2749 
f 2743/1319/2743 2744/1353/2744 2751/1354/2751 2750/1319/2750 
f 2673/1319/2673 2745/1319/2745 2752/1319/2752 2674/1319/2674 
f 2745/1319/2745 2746/1319/2746 2753/1319/2753 2752/1319/2752 
f 2746/1319/2746 2747/1319/2747 2754/1319/2754 2753/1319/2753 
f 2747/1319/2747 2748/1319/2748 2755/1319/2755 2754/1319/2754 
f 2748/1319/2748 2749/1319/2749 2756/1319/2756 2755/1319/2755 
f 2749/1319/2749 2750/1319/2750 2757/1319/2757 2756/1319/2756 
f 2750/1319/2750 2751/1354/2751 2671/1355/2671 2757/1319/2757 
f 2668/1318/2668 2758/1356/2758 2759/1319/2759 
f 2758/1356/2758 2760/1357/2760 2761/1319/2761 2759/1319/2759 
f 2760/1357/2760 2762/1358/2762 2763/1319/2763 2761/1319/2761 
f 2762/1358/2762 2764/1359/2764 2765/1319/2765 2763/1319/2763 
f 2764/1359/2764 2766/1360/2766 2767/1319/2767 2765/1319/2765 
f 2766/1360/2766 2768/1361/2768 2769/1319/2769 2767/1319/2767 
f 2768/1361/2768 2683/1362/2683 2770/1319/2770 2769/1319/2769 
f 2683/1362/2683 2662/1363/2662 2682/1364/2682 2770/1319/2770 
f 2668/1318/2668 2759/1319/2759 2771/1319/2771 
f 2759/1319/2759 2761/1319/2761 2772/1319/2772 2771/1319/2771 
f 2761/1319/2761 2763/1319/2763 2773/1319/2773 2772/1319/2772 
f 2763/1319/2763 2765/1319/2765 2774/1319/2774 2773/1319/2773 
f 2765/1319/2765 2767/1319/2767 2775/1319/2775 2774/1319/2774 
f 2767/1319/2767 2769/1319/2769 2776/1319/2776 2775/1319/2775 
f 2769/1319/2769 2770/1319/2770 2777/1319/2777 2776/1319/2776 
f 2770/1319/2770 2682/1364/2682 2778/1365/2778 2777/1319/2777 
f 2668/1318/2668 2771/1319/2771 2779/1319/2779 
f 2771/1319/2771 2772/1319/2772 2780/1319/2780 2779/1319/2779 
f 2772/1319/2772 2773/1319/2773 2781/1319/2781 2780/1319/2780 
f 2773/1319/2773 2774/1319/2774 2782/1319/2782 2781/1319/2781 
f 2774/1319/2774 2775/1319/2775 2783/1319/2783 2782/1319/2782 
f 2775/1319/2775 2776/1319/2776 2784/1319/2784 2783/1319/2783 
f 2776/1319/2776 2777/1319/2777 2785/1319/2785 2784/1319/2784 
f 2777/1319/2777 2778/1365/2778 2786/1366/2786 2785/1319/2785 
f 2668/1318/2668 2779/1319/2779 2787/1319/2787 
f 2779/1319/2779 2780/1319/2780 2788/1319/2788 2787/1319/2787 
f 2780/1319/2780 2781/1319/2781 2789/1319/2789 2788/1319/2788 
f 2781/1319/2781 2782/1319/2782 2790/1319/2790 2789/1319/2789 
f 2782/1319/2782 2783/1319/2783 2791/1319/2791 2790/1319/2790 
f 2783/1319/2783 2784/1319/2784 2792/1319/2792 2791/1319/2791 
f 2784/1319/2784 2785/1319/2785 2793/1319/2793 2792/1319/2792 
f 2785/1319/2785 2786/1366/2786 2794/1367/2794 2793/1319/2793 
f 2668/1318/2668 2787/1319/2787 2795/1319/2795 
f 2787/1319/2787 2788/1319/2788 2796/1319/2796 2795/1319/2795 
f 2788/1319/2788 2789/1319/2789 2797/1319/2797 2796/1319/2796 
f 2789/1319/2789 2790/1319/2790 2798/1319/2798 2797/1319/2797 
f 2790/1319/2790 2791/1319/2791 2799/1319/2799 2798/1319/2798 
f 2791/1319/2791 2792/1319/2792 2800/1319/2800 2799/1319/2799 
f 2792/1319/2792 2793/1319/2793 2801/1319/2801 2800/1319/2800 
f 2793/1319/2793 2794/1367/2794 2802/1368/2802 2801/1319/2801 
f 2668/1318/2668 2795/1319/2795 2803/1319/2803 
f 2795/1319/2795 2796/1319/2796 2804/1319/2804 2803/1319/2803 
f 2796/1319/2796 2797/1319/2797 2805/1319/2805 2804/1319/2804 
f 2797/1319/2797 2798/1319/2798 2806/1319/2806 2805/1319/2805 
f 2798/1319/2798 2799/1319/2799 2807/1319/2807 2806/1319/2806 
f 2799/1319/2799 2800/1319/2800 2808/1319/2808 2807/1319/2807 
f 2800/1319/2800 2801/1319/2801 2809/1319/2809 2808/1319/2808 
f 2801/1319/2801 2802/1368/2802 2810/1369/2810 2809/1319/2809 
f 2668/1318/2668 2803/1319/2803 2675/1319/2675 
f 2803/1319/2803 2804/1319/2804 2811/1319/2811 2675/1319/2675 
f 2804/1319/2804 2805/1319/2805 2812/1319/2812 2811/1319/2811 
f 2805/1319/2805 2806/1319/2806 2813/1319/2813 2812/1319/2812 
f 2806/1319/2806 2807/1319/2807 2814/1319/2814 2813/1319/2813 
f 2807/1319/2807 2808/1319/2808 2815/1319/2815 2814/1319/2814 
f 2808/1319/2808 2809/1319/2809 2816/1319/2816 2815/1319/2815 
f 2809/1319/2809 2810/1369/2810 2817/1370/2817 2816/1319/2816 
f 2675/1319/2675 2811/1319/2811 2818/1319/2818 2676/1319/2676 
f 2811/1319/2811 2812/1319/2812 2819/1319/2819 2818/1319/2818 
f 2812/1319/2812 2813/1319/2813 2820/1319/2820 2819/1319/2819 
f 2813/1319/2813 2814/1319/2814 2821/1319/2821 2820/1319/2820 
f 2814/1319/2814 2815/1319/2815 2822/1319/2822 2821/1319/2821 
f 2815/1319/2815 2816/1319/2816 2689/1319/2689 2822/1319/2822 
f 2816/1319/2816 2817/1370/2817 2665/1371/2665 2689/1319/2689 
f 2672/1318/2672 2823/1356/2823 2824/1319/2824 
f 2823/1356/2823 2825/1357/2825 2826/1319/2826 2824/1319/2824 
f 2825/1357/2825 2827/1358/2827 2828/1319/2828 2826/1319/2826 
f 2827/1358/2827 2829/1359/2829 2830/1319/2830 2828/1319/2828 
f 2829/1359/2829 2831/1360/2831 2832/1319/2832 2830/1319/2830 
f 2831/1360/2831 2833/1361/2833 2834/1319/2834 2832/1319/2832 
f 2833/1361/2833 2687/1362/2687 2835/1319/2835 2834/1319/2834 
f 2687/1362/2687 2664/1363/2664 2686/1364/2686 2835/1319/2835 
f 2672/1318/2672 2824/1319/2824 2836/1319/2836 
f 2824/1319/2824 2826/1319/2826 2837/1319/2837 2836/1319/2836 
f 2826/1319/2826 2828/1319/2828 2838/1319/2838 2837/1319/2837 
f 2828/1319/2828 2830/1319/2830 2839/1319/2839 2838/1319/2838 
f 2830/1319/2830 2832/1319/2832 2840/1319/2840 2839/1319/2839 
f 2832/1319/2832 2834/1319/2834 2841/1319/2841 2840/1319/2840 
f 2834/1319/2834 2835/1319/2835 2842/1319/2842 2841/1319/2841 
f 2835/1319/2835 2686/1364/2686 2843/1365/2843 2842/1319/2842 
f 2672/1318/2672 2836/1319/2836 2844/1319/2844 
f 2836/1319/2836 2837/1319/2837 2845/1319/2845 2844/1319/2844 
f 2837/1319/2837 2838/1319/2838 2846/1319/2846 2845/1319/2845 
f 2838/1319/2838 2839/1319/2839 2847/1319/2847 2846/1319/2846 
f 2839/1319/2839 2840/1319/2840 2848/1319/2848 2847/1319/2847 
f 2840/1319/2840 2841/1319/2841 2849/1319/2849 2848/1319/2848 
f 2841/1319/2841 2842/1319/2842 2850/1319/2850 2849/1319/2849 
f 2842/1319/2842 2843/1365/2843 2851/1366/2851 2850/1319/2850 
f 2672/1318/2672 2844/1319/2844 2852/1319/2852 
f 2844/1319/2844 2845/1319/2845 2853/1319/2853 2852/1319/2852 
f 2845/1319/2845 2846/1319/2846 2854/1319/2854 2853/1319/2853 
f 2846/1319/2846 2847/1319/2847 2855/1319/2855 2854/1319/2854 
f 2847/1319/2847 2848/1319/2848 2856/1319/2856 2855/1319/2855 
f 2848/1319/2848 2849/1319/2849 2857/1319/2857 2856/1319/2856 
f 2849/1319/2849 2850/1319/2850 2858/1319/2858 2857/1319/2857 
f 2850/1319/2850 2851/1366/2851 2859/1367/2859 2858/1319/2858 
f 2672/1318/2672 2852/1319/2852 2860/1319/2860 
f 2852/1319/2852 2853/1319/2853 2861/1319/2861 2860/1319/2860 
f 2853/1319/2853 2854/1319/2854 2862/1319/2862 2861/1319/2861 
f 2854/1319/2854 2855/1319/2855 2863/1319/2863 2862/1319/2862 
f 2855/1319/2855 2856/1319/2856 2864/1319/2864 2863/1319/2863 
f 2856/1319/2856 2857/1319/2857 2865/1319/2865 2864/1319/2864 
f 2857/1319/2857 2858/1319/2858 2866/1319/2866 2865/1319/2865 
f 2858/1319/2858 2859/1367/2859 2867/1368/2867 2866/1319/2866 
f 2672/1318/2672 2860/1319/2860 2868/1319/2868 
f 2860/1319/2860 2861/1319/2861 2869/1319/2869 2868/1319/2868 
f 2861/1319/2861 2862/1319/2862 2870/1319/2870 2869/1319/2869 
f 2862/1319/2862 2863/1319/2863 2871/1319/2871 2870/1319/2870 
f 2863/1319/2863 2864/1319/2864 2872/1319/2872 2871/1319/2871 
f 2864/1319/2864 2865/1319/2865 2873/1319/2873 2872/1319/2872 
f 2865/1319/2865 2866/1319/2866 2874/1319/2874 2873/1319/2873 
f 2866/1319/2866 2867/1368/2867 2875/1369/2875 2874/1319/2874 
f 2672/1318/2672 2868/1319/2868 2677/1319/2677 
f 2868/1319/2868 2869/1319/2869 2876/1319/2876 2677/1319/2677 
f 2869/1319/2869 2870/1319/2870 2877/1319/2877 2876/1319/2876 
f 2870/1319/2870 2871/1319/2871 2878/1319/2878 2877/1319/2877 
f 2871/1319/2871 2872/1319/2872 2879/1319/2879 2878/1319/2878 
f 2872/1319/2872 2873/1319/2873 2880/1319/2880 2879/1319/2879 
f 2873/1319/2873 2874/1319/2874 2881/1319/2881 2880/1319/2880 
f 2874/1319/2874 2875/1369/2875 2882/1370/2882 2881/1319/2881 
f 2677/1319/2677 2876/1319/2876 2883/1319/2883 2678/1319/2678 
f 2876/1319/2876 2877/1319/2877 2884/1319/2884 2883/1319/2883 
f 2877/1319/2877 2878/1319/2878 2885/1319/2885 2884/1319/2884 
f 2878/1319/2878 2879/1319/2879 2886/1319/2886 2885/1319/2885 
f 2879/1319/2879 2880/1319/2880 2887/1319/2887 2886/1319/2886 
f 2880/1319/2880 2881/1319/2881 2691/1319/2691 2887/1319/2887 
f 2881/1319/2881 2882/1370/2882 2669/1371/2669 2691/1319/2691 
f 2670/1314/2670 2888/1340/2888 2889/1319/2889 
f 2888/1340/2888 2890/1341/2890 2891/1319/2891 2889/1319/2889 
f 2890/1341/2890 2892/1342/2892 2893/1319/2893 2891/1319/2891 
f 2892/1342/2892 2894/1343/2894 2895/1319/2895 2893/1319/2893 
f 2894/1343/2894 2896/1344/2896 2897/1319/2897 2895/1319/2895 
f 2896/1344/2896 2898/1345/2898 2899/1319/2899 2897/1319/2897 
f 2898/1345/2898 2685/1346/2685 2900/1319/2900 2899/1319/2899 
f 2685/1346/2685 2663/1347/2663 2684/1348/2684 2900/1319/2900 
f 2670/1314/2670 2889/1319/2889 2901/1319/2901 
f 2889/1319/2889 2891/1319/2891 2902/1319/2902 2901/1319/2901 
f 2891/1319/2891 2893/1319/2893 2903/1319/2903 2902/1319/2902 
f 2893/1319/2893 2895/1319/2895 2904/1319/2904 2903/1319/2903 
f 2895/1319/2895 2897/1319/2897 2905/1319/2905 2904/1319/2904 
f 2897/1319/2897 2899/1319/2899 2906/1319/2906 2905/1319/2905 
f 2899/1319/2899 2900/1319/2900 2907/1319/2907 2906/1319/2906 
f 2900/1319/2900 2684/1348/2684 2908/1349/2908 2907/1319/2907 
f 2670/1314/2670 2901/1319/2901 2909/1319/2909 
f 2901/1319/2901 2902/1319/2902 2910/1319/2910 2909/1319/2909 
f 2902/1319/2902 2903/1319/2903 2911/1319/2911 2910/1319/2910 
f 2903/1319/2903 2904/1319/2904 2912/1319/2912 2911/1319/2911 
f 2904/1319/2904 2905/1319/2905 2913/1319/2913 2912/1319/2912 
f 2905/1319/2905 2906/1319/2906 2914/1319/2914 2913/1319/2913 
f 2906/1319/2906 2907/1319/2907 2915/1319/2915 2914/1319/2914 
f 2907/1319/2907 2908/1349/2908 2916/1350/2916 2915/1319/2915 
f 2670/1314/2670 2909/1319/2909 2917/1319/2917 
f 2909/1319/2909 2910/1319/2910 2918/1319/2918 2917/1319/2917 
f 2910/1319/2910 2911/1319/2911 2919/1319/2919 2918/1319/2918 
f 2911/1319/2911 2912/1319/2912 2920/1319/2920 2919/1319/2919 
f 2912/1319/2912 2913/1319/2913 2921/1319/2921 2920/1319/2920 
f 2913/1319/2913 2914/1319/2914 2922/1319/2922 2921/1319/2921 
f 2914/1319/2914 2915/1319/2915 2923/1319/2923 2922/1319/2922 
f 2915/1319/2915 2916/1350/2916 2924/1351/2924 2923/1319/2923 
f 2670/1314/2670 2917/1319/2917 2925/1319/2925 
f 2917/1319/2917 2918/1319/2918 2926/1319/2926 2925/1319/2925 
f 2918/1319/2918 2919/1319/2919 2927/1319/2927 2926/1319/2926 
f 2919/1319/2919 2920/1319/2920 2928/1319/2928 2927/1319/2927 
f 2920/1319/2920 2921/1319/2921 2929/1319/2929 2928/1319/2928 
f 2921/1319/2921 2922/1319/2922 2930/1319/2930 2929/1319/2929 
f 2922/1319/2922 2923/1319/2923 2931/1319/2931 2930/1319/2930 
f 2923/1319/2923 2924/1351/2924 2932/1352/2932 2931/1319/2931 
f 2670/1314/2670 2925/1319/2925 2933/1319/2933 
f 2925/1319/2925 2926/1319/2926 2934/1319/2934 2933/1319/2933 
f 2926/1319/2926 2927/1319/2927 2935/1319/2935 2934/1319/2934 
f 2927/1319/2927 2928/1319/2928 2936/1319/2936 2935/1319/2935 
f 2928/1319/2928 2929/1319/2929 2937/1319/2937 2936/1319/2936 
f 2929/1319/2929 2930/1319/2930 2938/1319/2938 2937/1319/2937 
f 2930/1319/2930 2931/1319/2931 2939/1319/2939 2938/1319/2938 
f 2931/1319/2931 2932/1352/2932 2940/1353/2940 2939/1319/2939 
f 2670/1314/2670 2933/1319/2933 2679/1319/2679 
f 2933/1319/2933 2934/1319/2934 2941/1319/2941 2679/1319/2679 
f 2934/1319/2934 2935/1319/2935 2942/1319/2942 2941/1319/2941 
f 2935/1319/2935 2936/1319/2936 2943/1319/2943 2942/1319/2942 
f 2936/1319/2936 2937/1319/2937 2944/1319/2944 2943/1319/2943 
f 2937/1319/2937 2938/1319/2938 2945/1319/2945 2944/1319/2944 
f 2938/1319/2938 2939/1319/2939 2946/1319/2946 2945/1319/2945 
f 2939/1319/2939 2940/1353/2940 2947/1354/2947 2946/1319/2946 
f 2679/1319/2679 2941/1319/2941 2948/1319/2948 2680/1319/2680 
f 2941/1319/2941 2942/1319/2942 2949/1319/2949 2948/1319/2948 
f 2942/1319/2942 2943/1319/2943 2950/1319/2950 2949/1319/2949 
f 2943/1319/2943 2944/1319/2944 2951/1319/2951 2950/1319/2950 
f 2944/1319/2944 2945/1319/2945 2952/1319/2952 2951/1319/2951 
f 2945/1319/2945 2946/1319/2946 2690/1319/2690 2952/1319/2952 
f 2946/1319/2946 2947/1354/2947 2667/1355/2667 2690/1319/2690 
f 2681/1321/2681 2702/1372/2702 2778/1373/2778 2682/1322/2682 
f 2702/1372/2702 2700/1374/2700 2786/1375/2786 2778/1373/2778 
f 2700/1374/2700 2698/1376/2698 2794/1377/2794 2786/1375/2786 
f 2698/1376/2698 2696/1378/2696 2802/1379/2802 2794/1377/2794 
f 2696/1378/2696 2694/1380/2694 2810/1381/2810 2802/1379/2802 
f 2694/1380/2694 2692/1382/2692 2817/1383/2817 2810/1381/2810 
f 2692/1382/2692 2666/1314/2666 2665/1313/2665 2817/1383/2817 
f 2683/1325/2683 2768/1384/2768 2908/1385/2908 2684/1326/2684 
f 2768/1384/2768 2766/1386/2766 2916/1387/2916 2908/1385/2908 
f 2766/1386/2766 2764/1388/2764 2924/1389/2924 2916/1387/2916 
f 2764/1388/2764 2762/1390/2762 2932/1391/2932 2924/1389/2924 
f 2762/1390/2762 2760/1392/2760 2940/1393/2940 2932/1391/2932 
f 2760/1392/2760 2758/1394/2758 2947/1395/2947 2940/1393/2940 
f 2758/1394/2758 2668/1318/2668 2667/1317/2667 2947/1395/2947 
f 2685/1321/2685 2898/1372/2898 2843/1373/2843 2686/1322/2686 
f 2898/1372/2898 2896/1374/2896 2851/1375/2851 2843/1373/2843 
f 2896/1374/2896 2894/1376/2894 2859/1377/2859 2851/1375/2851 
f 2894/1376/2894 2892/1378/2892 2867/1379/2867 2859/1377/2859 
f 2892/1378/2892 2890/1380/2890 2875/1381/2875 2867/1379/2867 
f 2890/1380/2890 2888/1382/2888 2882/1383/2882 2875/1381/2875 
f 2888/1382/2888 2670/1314/2670 2669/1313/2669 2882/1383/2882 
f 2687/1325/2687 2833/1384/2833 2712/1385/2712 2688/1326/2688 
f 2833/1384/2833 2831/1386/2831 2720/1387/2720 2712/1385/2712 
f 2831/1386/2831 2829/1388/2829 2728/1389/2728 2720/1387/2720 
f 2829/1388/2829 2827/1390/2827 2736/1391/2736 2728/1389/2728 
f 2827/1390/2827 2825/1392/2825 2744/1393/2744 2736/1391/2736 
f 2825/1392/2825 2823/1394/2823 2751/1395/2751 2744/1393/2744 
f 2823/1394/2823 2672/1318/2672 2671/1317/2671 2751/1395/2751 
f 2659/1329/2659 2658/1396/2658 2822/1397/2822 2689/1330/2689 
f 2658/1396/2658 2657/1398/2657 2821/1399/2821 2822/1397/2822 
f 2657/1398/2657 2656/1400/2656 2820/1401/2820 2821/1399/2821 
f 2656/1400/2656 2655/1402/2655 2819/1403/2819 2820/1401/2820 
f 2655/1402/2655 2654/1404/2654 2818/1405/2818 2819/1403/2819 
f 2654/1404/2654 2653/1406/2653 2676/1407/2676 2818/1405/2818 
f 2653/1406/2653 2652/1315/2652 2668/1318/2668 2676/1407/2676 
f 2674/1333/2674 2752/1408/2752 2627/1409/2627 2626/1334/2626 
f 2752/1408/2752 2753/1410/2753 2628/1411/2628 2627/1409/2627 
f 2753/1410/2753 2754/1412/2754 2629/1413/2629 2628/1411/2628 
f 2754/1412/2754 2755/1414/2755 2630/1415/2630 2629/1413/2629 
f 2755/1414/2755 2756/1416/2756 2631/1417/2631 2630/1415/2630 
f 2756/1416/2756 2757/1418/2757 2632/1419/2632 2631/1417/2631 
f 2757/1418/2757 2671/1317/2671 2633/1316/2633 2632/1419/2632 
f 2650/1337/2650 2649/1420/2649 2952/1421/2952 2690/1338/2690 
f 2649/1420/2649 2648/1422/2648 2951/1423/2951 2952/1421/2952 
f 2648/1422/2648 2647/1424/2647 2950/1425/2950 2951/1423/2951 
f 2647/1424/2647 2646/1426/2646 2949/1427/2949 2950/1425/2950 
f 2646/1426/2646 2645/1428/2645 2948/1429/2948 2949/1427/2949 
f 2645/1428/2645 2644/1430/2644 2680/1431/2680 2948/1429/2948 
f 2644/1430/2644 2643/1308/2643 2670/1314/2670 2680/1431/2680 
f 2641/1329/2641 2640/1396/2640 2887/1397/2887 2691/1330/2691 
f 2640/1396/2640 2639/1398/2639 2886/1399/2886 2887/1397/2887 
f 2639/1398/2639 2638/1400/2638 2885/1401/2885 2886/1399/2886 
f 2638/1400/2638 2637/1402/2637 2884/1403/2884 2885/1401/2885 
f 2637/1402/2637 2636/1404/2636 2883/1405/2883 2884/1403/2884 
f 2636/1404/2636 2635/1406/2635 2678/1407/2678 2883/1405/2883 
f 2635/1406/2635 2634/1315/2634 2672/1318/2672 2678/1407/2678 
# 294 polygons - 32 triangles

#
# object Box039
#

v  -52.8083 22.4407 -6.2197
v  -52.7170 22.4407 -6.1557
v  -52.4901 22.4407 -5.9243
v  -52.1277 22.4407 -5.5253
v  -51.6297 22.4407 -4.9588
v  -50.9963 22.4407 -4.2248
v  -50.2272 22.4407 -3.3233
v  -49.3227 22.4407 -2.2543
v  -48.2826 22.4407 -1.0178
v  -41.4323 22.4407 7.1461
v  -40.3952 22.4407 8.3851
v  -39.4995 22.4407 9.4616
v  -38.7452 22.4407 10.3754
v  -38.1324 22.4407 11.1268
v  -37.6609 22.4407 11.7155
v  -37.3310 22.4407 12.1417
v  -37.1424 22.4407 12.4053
v  -37.0953 22.4407 12.5064
v  -37.8605 22.4407 13.1485
v  -37.9518 22.4407 13.0845
v  -38.1787 22.4407 12.8531
v  -38.5411 22.4407 12.4541
v  -39.0391 22.4407 11.8876
v  -39.6726 22.4407 11.1536
v  -40.4416 22.4407 10.2521
v  -41.3461 22.4407 9.1831
v  -42.3862 22.4407 7.9466
v  -49.2365 22.4407 -0.2173
v  -50.2737 22.4407 -1.4563
v  -51.1694 22.4407 -2.5328
v  -51.9236 22.4407 -3.4466
v  -52.5365 22.4407 -4.1980
v  -53.0079 22.4407 -4.7867
v  -53.3379 22.4407 -5.2129
v  -53.5264 22.4407 -5.4765
v  -53.5736 22.4407 -5.5776
v  -48.3770 23.2522 -0.9386
v  -49.1422 23.2522 -0.2965
v  -42.2919 23.2522 7.8674
v  -41.5267 23.2522 7.2253
v  -53.5736 23.2421 -5.5776
v  -52.8083 23.2421 -6.2197
v  -42.3862 23.2421 7.9466
v  -49.2365 23.2421 -0.2173
v  -37.0953 23.2421 12.5064
v  -37.8605 23.2421 13.1485
v  -48.2826 23.2421 -1.0178
v  -41.4323 23.2421 7.1461
v  -52.7173 23.2427 -6.1554
v  -52.7170 23.2421 -6.1557
v  -50.2574 23.2427 -1.4370
v  -50.2737 23.2421 -1.4563
v  -40.4114 23.2427 8.3658
v  -40.3952 23.2421 8.3851
v  -37.9515 23.2427 13.0842
v  -37.9518 23.2421 13.0845
v  -49.4156 23.2520 -2.1763
v  -50.1808 23.2520 -1.5343
v  -49.1643 23.2520 -0.2780
v  -42.3140 23.2520 7.8859
v  -41.2533 23.2520 9.1051
v  -40.4881 23.2520 8.4631
v  -41.5045 23.2520 7.2068
v  -48.3549 23.2520 -0.9571
v  -53.5264 23.2421 -5.4765
v  -41.3461 23.2421 9.1831
v  -37.1424 23.2421 12.4053
v  -52.7391 23.2445 -6.1372
v  -52.7339 23.2445 -6.1415
v  -52.5314 23.2465 -5.8896
v  -52.5217 23.2465 -5.8977
v  -52.1852 23.2483 -5.4770
v  -52.1717 23.2482 -5.4883
v  -51.7005 23.2497 -4.8994
v  -51.6839 23.2495 -4.9133
v  -51.0773 23.2508 -4.1568
v  -51.0583 23.2506 -4.1727
v  -50.3157 23.2515 -3.2491
v  -50.2950 23.2514 -3.2665
v  -49.3938 23.2519 -2.1946
v  -52.7294 23.2443 -6.1453
v  -52.5133 23.2463 -5.9048
v  -52.1600 23.2479 -5.4981
v  -51.6695 23.2492 -4.9254
v  -51.0419 23.2502 -4.1865
v  -50.2770 23.2510 -3.2815
v  -49.3749 23.2514 -2.2104
v  -48.3357 23.2515 -0.9732
v  -52.7256 23.2442 -6.1485
v  -52.5062 23.2459 -5.9107
v  -52.1502 23.2474 -5.5064
v  -51.6574 23.2486 -4.9356
v  -51.0279 23.2495 -4.1982
v  -50.2618 23.2502 -3.2943
v  -49.3590 23.2506 -2.2238
v  -48.3195 23.2508 -0.9868
v  -52.7225 23.2439 -6.1511
v  -52.5004 23.2454 -5.9156
v  -52.1421 23.2467 -5.5132
v  -51.6474 23.2478 -4.9440
v  -51.0165 23.2486 -4.2078
v  -50.2494 23.2492 -3.3047
v  -49.3459 23.2495 -2.2348
v  -48.3062 23.2497 -0.9980
v  -52.7201 23.2436 -6.1531
v  -52.4959 23.2448 -5.9194
v  -52.1358 23.2459 -5.5185
v  -51.6397 23.2467 -4.9504
v  -51.0077 23.2474 -4.2152
v  -50.2397 23.2479 -3.3129
v  -49.3358 23.2482 -2.2433
v  -48.2959 23.2483 -1.0066
v  -52.7184 23.2432 -6.1546
v  -52.4927 23.2441 -5.9221
v  -52.1313 23.2448 -5.5223
v  -51.6342 23.2454 -4.9551
v  -51.0013 23.2459 -4.2205
v  -50.2328 23.2463 -3.3187
v  -49.3285 23.2465 -2.2494
v  -48.2885 23.2465 -1.0128
v  -52.4908 23.2432 -5.9237
v  -52.1286 23.2436 -5.5245
v  -51.6308 23.2439 -4.9579
v  -50.9975 23.2442 -4.2237
v  -50.2286 23.2443 -3.3221
v  -49.3242 23.2445 -2.2531
v  -48.2841 23.2445 -1.0165
v  -52.4901 23.2421 -5.9243
v  -52.1277 23.2421 -5.5253
v  -51.6297 23.2421 -4.9588
v  -50.9963 23.2421 -4.2248
v  -50.2272 23.2421 -3.3233
v  -49.3227 23.2421 -2.2543
v  -49.2351 23.2445 -0.2186
v  -49.4785 23.2445 -0.5087
v  -49.2306 23.2465 -0.2223
v  -49.6850 23.2465 -0.7638
v  -49.2233 23.2483 -0.2285
v  -49.8562 23.2482 -0.9827
v  -49.2130 23.2497 -0.2371
v  -49.9919 23.2495 -1.1654
v  -49.1997 23.2508 -0.2483
v  -50.0922 23.2506 -1.3120
v  -49.1835 23.2515 -0.2619
v  -50.1572 23.2514 -1.4223
v  -50.1867 23.2519 -1.4964
v  -49.6895 23.2443 -0.7601
v  -50.0788 23.2463 -1.2331
v  -50.4047 23.2479 -1.6364
v  -50.6670 23.2492 -1.9700
v  -50.8658 23.2502 -2.2338
v  -51.0010 23.2510 -2.4279
v  -51.0727 23.2514 -2.5523
v  -51.0809 23.2515 -2.6070
v  -49.8680 23.2442 -0.9728
v  -50.4121 23.2459 -1.6302
v  -50.8688 23.2474 -2.1895
v  -51.2382 23.2486 -2.6508
v  -51.5203 23.2495 -3.0139
v  -51.7151 23.2502 -3.2789
v  -51.8225 23.2506 -3.4458
v  -51.8425 23.2508 -3.5147
v  -50.0140 23.2439 -1.1469
v  -50.6847 23.2454 -1.9551
v  -51.2485 23.2467 -2.6421
v  -51.7056 23.2478 -3.2077
v  -52.0558 23.2486 -3.6521
v  -52.2993 23.2492 -3.9751
v  -52.4359 23.2495 -4.1769
v  -52.4657 23.2497 -4.2573
v  -50.1276 23.2436 -1.2823
v  -50.8967 23.2448 -2.2079
v  -51.5439 23.2459 -2.9941
v  -52.0691 23.2467 -3.6410
v  -52.4724 23.2474 -4.1485
v  -52.7537 23.2479 -4.5167
v  -52.9130 23.2482 -4.7455
v  -52.9504 23.2483 -4.8350
v  -50.2088 23.2432 -1.3790
v  -51.0482 23.2441 -2.3884
v  -51.7549 23.2448 -3.2455
v  -52.3288 23.2454 -3.9504
v  -52.7699 23.2459 -4.5031
v  -53.0782 23.2463 -4.9035
v  -53.2538 23.2465 -5.1516
v  -53.2966 23.2465 -5.2475
v  -51.1391 23.2432 -2.4967
v  -51.8814 23.2436 -3.3964
v  -52.4845 23.2439 -4.1361
v  -52.9484 23.2442 -4.7158
v  -53.2730 23.2443 -5.1355
v  -53.4583 23.2445 -5.3953
v  -53.5043 23.2445 -5.4951
v  -51.1694 23.2421 -2.5328
v  -51.9236 23.2421 -3.4466
v  -52.5365 23.2421 -4.1980
v  -53.0079 23.2421 -4.7867
v  -53.3379 23.2421 -5.2129
v  -41.4338 23.2445 7.1474
v  -41.1903 23.2445 7.4375
v  -41.4382 23.2465 7.1511
v  -40.9838 23.2465 7.6926
v  -41.4456 23.2483 7.1573
v  -40.8127 23.2482 7.9115
v  -41.4559 23.2497 7.1659
v  -40.6769 23.2495 8.0942
v  -41.4692 23.2508 7.1771
v  -40.5766 23.2506 8.2408
v  -41.4854 23.2515 7.1907
v  -40.5117 23.2514 8.3511
v  -40.4822 23.2519 8.4252
v  -40.9794 23.2443 7.6889
v  -40.5900 23.2463 8.1619
v  -40.2642 23.2479 8.5652
v  -40.0018 23.2492 8.8988
v  -39.8031 23.2502 9.1626
v  -39.6678 23.2510 9.3567
v  -39.5961 23.2514 9.4811
v  -39.5879 23.2515 9.5358
v  -40.8009 23.2442 7.9016
v  -40.2568 23.2459 8.5590
v  -39.8000 23.2474 9.1183
v  -39.4306 23.2486 9.5796
v  -39.1485 23.2495 9.9427
v  -38.9538 23.2502 10.2077
v  -38.8464 23.2506 10.3746
v  -38.8263 23.2508 10.4435
v  -40.6548 23.2439 8.0757
v  -39.9841 23.2454 8.8839
v  -39.4203 23.2467 9.5709
v  -38.9632 23.2478 10.1365
v  -38.6130 23.2486 10.5809
v  -38.3696 23.2492 10.9039
v  -38.2329 23.2495 11.1057
v  -38.2031 23.2497 11.1861
v  -40.5412 23.2436 8.2111
v  -39.7721 23.2448 9.1367
v  -39.1249 23.2459 9.9229
v  -38.5997 23.2467 10.5698
v  -38.1965 23.2474 11.0773
v  -37.9152 23.2479 11.4455
v  -37.7558 23.2482 11.6743
v  -37.7184 23.2483 11.7638
v  -40.4601 23.2432 8.3078
v  -39.6206 23.2441 9.3172
v  -38.9140 23.2448 10.1743
v  -38.3401 23.2454 10.8792
v  -37.8990 23.2459 11.4319
v  -37.5906 23.2463 11.8323
v  -37.4150 23.2465 12.0804
v  -37.3722 23.2465 12.1763
v  -39.5298 23.2432 9.4255
v  -38.7874 23.2436 10.3252
v  -38.1843 23.2439 11.0649
v  -37.7205 23.2442 11.6446
v  -37.3959 23.2443 12.0643
v  -37.2106 23.2445 12.3241
v  -37.1645 23.2445 12.4239
v  -39.4995 23.2421 9.4616
v  -38.7452 23.2421 10.3754
v  -38.1324 23.2421 11.1268
v  -37.6609 23.2421 11.7155
v  -37.3310 23.2421 12.1417
v  -37.9297 23.2445 13.0660
v  -37.9349 23.2445 13.0703
v  -38.1374 23.2465 12.8184
v  -38.1471 23.2465 12.8265
v  -38.4837 23.2483 12.4058
v  -38.4971 23.2482 12.4171
v  -38.9683 23.2497 11.8282
v  -38.9849 23.2495 11.8421
v  -39.5915 23.2508 11.0856
v  -39.6105 23.2506 11.1015
v  -40.3531 23.2515 10.1779
v  -40.3739 23.2514 10.1953
v  -41.2750 23.2519 9.1234
v  -37.9394 23.2443 13.0741
v  -38.1555 23.2463 12.8336
v  -38.5088 23.2479 12.4269
v  -38.9993 23.2492 11.8542
v  -39.6270 23.2502 11.1153
v  -40.3918 23.2510 10.2103
v  -41.2939 23.2514 9.1392
v  -42.3331 23.2515 7.9020
v  -37.9432 23.2442 13.0773
v  -38.1626 23.2459 12.8395
v  -38.5187 23.2474 12.4352
v  -39.0115 23.2486 11.8644
v  -39.6409 23.2495 11.1270
v  -40.4070 23.2502 10.2231
v  -41.3099 23.2506 9.1526
v  -42.3494 23.2508 7.9156
v  -37.9463 23.2439 13.0799
v  -38.1684 23.2454 12.8444
v  -38.5268 23.2467 12.4420
v  -39.0214 23.2478 11.8728
v  -39.6523 23.2486 11.1366
v  -40.4195 23.2492 10.2335
v  -41.3229 23.2495 9.1636
v  -42.3626 23.2497 7.9268
v  -37.9487 23.2436 13.0819
v  -38.1729 23.2448 12.8482
v  -38.5331 23.2459 12.4473
v  -39.0291 23.2467 11.8792
v  -39.6612 23.2474 11.1440
v  -40.4292 23.2479 10.2417
v  -41.3331 23.2482 9.1721
v  -42.3729 23.2483 7.9354
v  -37.9505 23.2432 13.0834
v  -38.1762 23.2441 12.8509
v  -38.5376 23.2448 12.4511
v  -39.0347 23.2454 11.8839
v  -39.6675 23.2459 11.1494
v  -40.4361 23.2463 10.2475
v  -41.3403 23.2465 9.1782
v  -42.3803 23.2465 7.9416
v  -38.1781 23.2432 12.8525
v  -38.5402 23.2436 12.4533
v  -39.0380 23.2439 11.8867
v  -39.6713 23.2442 11.1525
v  -40.4402 23.2443 10.2509
v  -41.3447 23.2445 9.1819
v  -42.3847 23.2445 7.9453
v  -38.1787 23.2421 12.8531
v  -38.5411 23.2421 12.4541
v  -39.0391 23.2421 11.8876
v  -39.6726 23.2421 11.1536
v  -40.4416 23.2421 10.2521
# 328 vertices

vn -0.4407 -0.6997 -0.5622
vn -0.3794 -0.6896 -0.6169
vn -0.2643 -0.6853 -0.6786
vn -0.1124 -0.6817 -0.7229
vn 0.0639 -0.6802 -0.7302
vn 0.2363 -0.6817 -0.6924
vn 0.3781 -0.6853 -0.6224
vn 0.4808 -0.6895 -0.5417
vn 0.5317 -0.6997 -0.4772
vn 0.5622 -0.6997 -0.4407
vn 0.6169 -0.6895 -0.3795
vn 0.6786 -0.6853 -0.2643
vn 0.7229 -0.6817 -0.1124
vn 0.7302 -0.6802 0.0639
vn 0.6924 -0.6817 0.2363
vn 0.6224 -0.6853 0.3781
vn 0.5416 -0.6896 0.4808
vn 0.4772 -0.6997 0.5317
vn 0.4407 -0.6997 0.5622
vn 0.3794 -0.6896 0.6169
vn 0.2643 -0.6853 0.6786
vn 0.1124 -0.6817 0.7229
vn -0.0639 -0.6802 0.7302
vn -0.2363 -0.6817 0.6924
vn -0.3781 -0.6853 0.6224
vn -0.4808 -0.6895 0.5417
vn -0.5317 -0.6997 0.4772
vn -0.5622 -0.6997 0.4407
vn -0.6169 -0.6895 0.3795
vn -0.6786 -0.6853 0.2643
vn -0.7229 -0.6817 0.1124
vn -0.7302 -0.6802 -0.0639
vn -0.6924 -0.6817 -0.2363
vn -0.6224 -0.6853 -0.3781
vn -0.5416 -0.6896 -0.4808
vn -0.4772 -0.6997 -0.5317
vn 0.0041 0.9989 -0.0468
vn -0.0468 0.9989 -0.0041
vn -0.0041 0.9989 0.0468
vn 0.0468 0.9989 0.0041
vn -0.6675 0.0332 -0.7438
vn -0.6219 0.0267 -0.7826
vn -0.7438 0.0332 0.6675
vn -0.7826 0.0267 0.6219
vn 0.6675 0.0332 0.7438
vn 0.6219 0.0267 0.7826
vn 0.7438 0.0332 -0.6675
vn 0.7826 0.0267 -0.6219
vn -0.5226 0.0214 -0.8523
vn -0.5225 0.0050 -0.8526
vn -0.8523 0.0214 0.5226
vn -0.8526 0.0050 0.5225
vn 0.8523 0.0214 -0.5226
vn 0.8526 0.0050 -0.5225
vn 0.5226 0.0214 0.8523
vn 0.5225 0.0050 0.8526
vn -0.0686 0.9888 -0.1328
vn -0.1196 0.9887 -0.0905
vn -0.1328 0.9888 0.0686
vn -0.0905 0.9887 0.1196
vn 0.0686 0.9888 0.1328
vn 0.1196 0.9887 0.0905
vn 0.1328 0.9888 -0.0686
vn 0.0905 0.9887 -0.1196
vn -0.7473 0.0329 -0.6637
vn -0.6637 0.0329 0.7473
vn 0.7473 0.0329 0.6637
vn -0.6319 0.1478 -0.7608
vn -0.6192 0.1475 -0.7712
vn -0.6000 0.3228 -0.7319
vn -0.5725 0.3198 -0.7550
vn -0.5360 0.5192 -0.6657
vn -0.4918 0.5133 -0.7033
vn -0.4355 0.7082 -0.5557
vn -0.3752 0.6999 -0.6077
vn -0.3100 0.8560 -0.4137
vn -0.2369 0.8463 -0.4771
vn -0.1817 0.9468 -0.2655
vn -0.1005 0.9366 -0.3356
vn 0.0167 0.9785 -0.2055
vn -0.6001 0.1396 -0.7876
vn -0.5315 0.3022 -0.7913
vn -0.4265 0.4858 -0.7630
vn -0.2859 0.6645 -0.6904
vn -0.1277 0.8064 -0.5774
vn 0.0225 0.8949 -0.4457
vn 0.1474 0.9363 -0.3187
vn 0.2239 0.9465 -0.2325
vn -0.5789 0.1243 -0.8059
vn -0.4865 0.2688 -0.8313
vn -0.3546 0.4331 -0.8287
vn -0.1872 0.5947 -0.7818
vn -0.0061 0.7247 -0.6890
vn 0.1601 0.8068 -0.5687
vn 0.2941 0.8455 -0.4457
vn 0.3738 0.8551 -0.3592
vn -0.5581 0.1018 -0.8235
vn -0.4421 0.2202 -0.8695
vn -0.2835 0.3554 -0.8907
vn -0.0895 0.4892 -0.8676
vn 0.1138 0.5974 -0.7938
vn 0.2948 0.6662 -0.6850
vn 0.4365 0.6987 -0.5668
vn 0.5187 0.7067 -0.4812
vn -0.5408 0.0745 -0.8379
vn -0.4044 0.1617 -0.9002
vn -0.2228 0.2610 -0.9393
vn -0.0068 0.3591 -0.9333
vn 0.2134 0.4383 -0.8732
vn 0.4042 0.4882 -0.7735
vn 0.5498 0.5117 -0.6602
vn 0.6326 0.5173 -0.5764
vn -0.5288 0.0466 -0.8474
vn -0.3778 0.1015 -0.9203
vn -0.1798 0.1638 -0.9700
vn 0.0509 0.2247 -0.9731
vn 0.2806 0.2734 -0.9201
vn 0.4754 0.3037 -0.8257
vn 0.6212 0.3178 -0.7163
vn 0.7031 0.3210 -0.6345
vn -0.3633 0.0467 -0.9305
vn -0.1563 0.0754 -0.9848
vn 0.0819 0.1032 -0.9913
vn 0.3155 0.1252 -0.9406
vn 0.5107 0.1387 -0.8485
vn 0.6553 0.1449 -0.7414
vn 0.7358 0.1462 -0.6612
vn -0.3611 0.0108 -0.9325
vn -0.1516 0.0173 -0.9883
vn 0.0890 0.0236 -0.9958
vn 0.3240 0.0285 -0.9456
vn 0.5195 0.0315 -0.8539
vn 0.6637 0.0329 -0.7473
vn -0.7608 0.1478 0.6319
vn -0.7712 0.1475 0.6192
vn -0.7319 0.3228 0.6000
vn -0.7550 0.3198 0.5725
vn -0.6657 0.5192 0.5360
vn -0.7033 0.5133 0.4918
vn -0.5557 0.7082 0.4355
vn -0.6077 0.6999 0.3752
vn -0.4137 0.8560 0.3099
vn -0.4771 0.8463 0.2369
vn -0.2655 0.9468 0.1817
vn -0.3356 0.9366 0.1005
vn -0.2055 0.9785 -0.0167
vn -0.7876 0.1396 0.6001
vn -0.7913 0.3022 0.5315
vn -0.7630 0.4858 0.4265
vn -0.6904 0.6645 0.2859
vn -0.5774 0.8064 0.1277
vn -0.4457 0.8949 -0.0225
vn -0.3187 0.9363 -0.1474
vn -0.2325 0.9465 -0.2239
vn -0.8059 0.1243 0.5789
vn -0.8313 0.2688 0.4865
vn -0.8287 0.4331 0.3546
vn -0.7818 0.5947 0.1872
vn -0.6890 0.7247 0.0061
vn -0.5687 0.8068 -0.1601
vn -0.4456 0.8455 -0.2941
vn -0.3592 0.8551 -0.3738
vn -0.8235 0.1018 0.5581
vn -0.8695 0.2202 0.4421
vn -0.8907 0.3554 0.2835
vn -0.8676 0.4892 0.0895
vn -0.7938 0.5974 -0.1138
vn -0.6850 0.6662 -0.2948
vn -0.5669 0.6987 -0.4364
vn -0.4812 0.7067 -0.5187
vn -0.8379 0.0745 0.5408
vn -0.9002 0.1617 0.4044
vn -0.9393 0.2610 0.2228
vn -0.9333 0.3591 0.0068
vn -0.8732 0.4382 -0.2134
vn -0.7735 0.4882 -0.4042
vn -0.6602 0.5117 -0.5498
vn -0.5764 0.5173 -0.6326
vn -0.8474 0.0466 0.5288
vn -0.9203 0.1015 0.3778
vn -0.9700 0.1638 0.1798
vn -0.9731 0.2247 -0.0509
vn -0.9201 0.2734 -0.2806
vn -0.8257 0.3037 -0.4754
vn -0.7163 0.3178 -0.6212
vn -0.6345 0.3210 -0.7031
vn -0.9305 0.0467 0.3633
vn -0.9848 0.0754 0.1563
vn -0.9913 0.1032 -0.0819
vn -0.9406 0.1252 -0.3155
vn -0.8485 0.1387 -0.5107
vn -0.7414 0.1449 -0.6553
vn -0.6612 0.1462 -0.7358
vn -0.9325 0.0108 0.3611
vn -0.9883 0.0173 0.1516
vn -0.9958 0.0236 -0.0890
vn -0.9456 0.0285 -0.3240
vn -0.8539 0.0315 -0.5195
vn 0.7608 0.1478 -0.6319
vn 0.7712 0.1475 -0.6192
vn 0.7319 0.3228 -0.6000
vn 0.7550 0.3198 -0.5725
vn 0.6657 0.5192 -0.5360
vn 0.7033 0.5133 -0.4918
vn 0.5557 0.7082 -0.4355
vn 0.6077 0.6999 -0.3752
vn 0.4137 0.8560 -0.3099
vn 0.4771 0.8463 -0.2369
vn 0.2655 0.9468 -0.1817
vn 0.3356 0.9366 -0.1005
vn 0.2055 0.9785 0.0167
vn 0.7876 0.1396 -0.6001
vn 0.7913 0.3022 -0.5315
vn 0.7630 0.4858 -0.4265
vn 0.6904 0.6645 -0.2859
vn 0.5774 0.8064 -0.1277
vn 0.4457 0.8949 0.0225
vn 0.3187 0.9363 0.1474
vn 0.2325 0.9465 0.2239
vn 0.8059 0.1243 -0.5789
vn 0.8313 0.2688 -0.4865
vn 0.8287 0.4331 -0.3546
vn 0.7818 0.5947 -0.1872
vn 0.6890 0.7247 -0.0061
vn 0.5687 0.8068 0.1601
vn 0.4456 0.8455 0.2941
vn 0.3592 0.8551 0.3738
vn 0.8235 0.1018 -0.5581
vn 0.8695 0.2202 -0.4421
vn 0.8907 0.3554 -0.2835
vn 0.8676 0.4892 -0.0895
vn 0.7938 0.5974 0.1138
vn 0.6850 0.6662 0.2948
vn 0.5669 0.6987 0.4364
vn 0.4812 0.7067 0.5187
vn 0.8379 0.0745 -0.5408
vn 0.9002 0.1617 -0.4044
vn 0.9393 0.2610 -0.2228
vn 0.9333 0.3591 -0.0068
vn 0.8732 0.4382 0.2134
vn 0.7735 0.4882 0.4042
vn 0.6602 0.5117 0.5498
vn 0.5764 0.5173 0.6326
vn 0.8474 0.0466 -0.5288
vn 0.9203 0.1015 -0.3778
vn 0.9700 0.1638 -0.1798
vn 0.9731 0.2247 0.0509
vn 0.9201 0.2734 0.2806
vn 0.8257 0.3037 0.4754
vn 0.7163 0.3178 0.6212
vn 0.6345 0.3210 0.7031
vn 0.9305 0.0467 -0.3633
vn 0.9848 0.0754 -0.1563
vn 0.9913 0.1032 0.0819
vn 0.9406 0.1252 0.3155
vn 0.8485 0.1387 0.5107
vn 0.7414 0.1449 0.6553
vn 0.6612 0.1462 0.7358
vn 0.9325 0.0108 -0.3611
vn 0.9883 0.0173 -0.1516
vn 0.9958 0.0236 0.0890
vn 0.9456 0.0285 0.3240
vn 0.8539 0.0315 0.5195
vn 0.6319 0.1478 0.7608
vn 0.6192 0.1475 0.7712
vn 0.6000 0.3228 0.7319
vn 0.5725 0.3198 0.7550
vn 0.5360 0.5192 0.6657
vn 0.4918 0.5133 0.7033
vn 0.4355 0.7082 0.5557
vn 0.3752 0.6999 0.6077
vn 0.3100 0.8560 0.4137
vn 0.2369 0.8463 0.4771
vn 0.1817 0.9468 0.2655
vn 0.1005 0.9366 0.3356
vn -0.0167 0.9785 0.2055
vn 0.6001 0.1396 0.7876
vn 0.5315 0.3022 0.7913
vn 0.4265 0.4858 0.7630
vn 0.2859 0.6645 0.6904
vn 0.1277 0.8064 0.5774
vn -0.0225 0.8949 0.4457
vn -0.1474 0.9363 0.3187
vn -0.2239 0.9465 0.2325
vn 0.5789 0.1243 0.8059
vn 0.4865 0.2688 0.8313
vn 0.3546 0.4331 0.8287
vn 0.1872 0.5947 0.7818
vn 0.0061 0.7247 0.6890
vn -0.1601 0.8068 0.5687
vn -0.2941 0.8455 0.4457
vn -0.3738 0.8551 0.3592
vn 0.5581 0.1018 0.8235
vn 0.4421 0.2202 0.8695
vn 0.2835 0.3554 0.8907
vn 0.0895 0.4892 0.8676
vn -0.1138 0.5974 0.7938
vn -0.2948 0.6662 0.6850
vn -0.4365 0.6987 0.5668
vn -0.5187 0.7067 0.4812
vn 0.5408 0.0745 0.8379
vn 0.4044 0.1617 0.9002
vn 0.2228 0.2610 0.9393
vn 0.0068 0.3591 0.9333
vn -0.2134 0.4383 0.8732
vn -0.4042 0.4882 0.7735
vn -0.5498 0.5117 0.6602
vn -0.6326 0.5173 0.5764
vn 0.5288 0.0466 0.8474
vn 0.3778 0.1015 0.9203
vn 0.1798 0.1638 0.9700
vn -0.0509 0.2247 0.9731
vn -0.2806 0.2734 0.9201
vn -0.4754 0.3037 0.8257
vn -0.6212 0.3178 0.7163
vn -0.7031 0.3210 0.6345
vn 0.3633 0.0467 0.9305
vn 0.1563 0.0754 0.9848
vn -0.0819 0.1032 0.9913
vn -0.3155 0.1252 0.9406
vn -0.5107 0.1387 0.8485
vn -0.6553 0.1449 0.7414
vn -0.7358 0.1462 0.6612
vn 0.3611 0.0108 0.9325
vn 0.1516 0.0173 0.9883
vn -0.0890 0.0236 0.9958
vn -0.3240 0.0285 0.9456
vn -0.5195 0.0315 0.8539
# 328 vertex normals

vt 0.9011 0.0000 0.0000
vt 0.9243 0.0044 0.0000
vt 0.9444 0.0176 0.0000
vt 0.9614 0.0397 0.0000
vt 0.9753 0.0705 0.0000
vt 0.9861 0.1102 0.0000
vt 0.9938 0.1586 0.0000
vt 0.9985 0.2159 0.0000
vt 1.0000 0.2820 0.0000
vt 1.0000 0.7180 0.0000
vt 0.9985 0.7841 0.0000
vt 0.9938 0.8414 0.0000
vt 0.9861 0.8898 0.0000
vt 0.9753 0.9295 0.0000
vt 0.9614 0.9603 0.0000
vt 0.9444 0.9824 0.0000
vt 0.9243 0.9956 0.0000
vt 0.9011 1.0000 0.0000
vt 0.0989 1.0000 0.0000
vt 0.0757 0.9956 0.0000
vt 0.0556 0.9824 0.0000
vt 0.0386 0.9603 0.0000
vt 0.0247 0.9295 0.0000
vt 0.0139 0.8898 0.0000
vt 0.0062 0.8414 0.0000
vt 0.0015 0.7841 0.0000
vt 0.0000 0.7180 0.0000
vt 0.0000 0.2820 0.0000
vt 0.0015 0.2159 0.0000
vt 0.0062 0.1586 0.0000
vt 0.0139 0.1102 0.0000
vt 0.0247 0.0705 0.0000
vt 0.0386 0.0397 0.0000
vt 0.0556 0.0176 0.0000
vt 0.0757 0.0044 0.0000
vt 0.0989 0.0000 0.0000
vt 0.0989 0.2820 0.0000
vt 0.9011 0.2820 0.0000
vt 0.9011 0.7180 0.0000
vt 0.0989 0.7180 0.0000
vt 0.9011 0.9876 0.0000
vt 0.0989 0.9876 0.0000
vt 0.2820 0.0000 0.0000
vt 0.7180 0.0000 0.0000
vt 0.7180 0.9876 0.0000
vt 0.2820 0.9876 0.0000
vt 0.0000 1.0000 0.0000
vt 0.0989 1.2636 0.0000
vt 0.0989 1.2291 0.0000
vt 0.9011 1.2291 0.0000
vt 0.9011 1.2636 0.0000
vt 0.2820 0.5888 0.0000
vt 0.2820 0.6387 0.0000
vt 0.7180 0.6387 0.0000
vt 0.7180 0.5888 0.0000
vt 0.0858 -0.0039 0.0000
vt 0.1103 -0.0034 0.0000
vt 0.1124 0.9842 0.0000
vt 0.0882 0.9837 0.0000
vt 0.9118 0.9837 0.0000
vt 0.8876 0.9842 0.0000
vt 0.8897 -0.0034 0.0000
vt 0.9142 -0.0039 0.0000
vt 0.2443 -0.0106 0.0000
vt 0.2261 -0.0092 0.0000
vt 0.2204 0.9786 0.0000
vt 0.2378 0.9773 0.0000
vt 0.0730 0.9914 0.0000
vt 0.0448 0.9966 0.0000
vt 0.0143 1.0032 0.0000
vt -0.0186 1.0113 0.0000
vt -0.0537 1.0207 0.0000
vt -0.0912 1.0315 0.0000
vt -0.1310 1.0438 0.0000
vt -0.1732 1.0574 0.0000
vt -0.1353 1.0420 0.0000
vt -0.1082 1.0243 0.0000
vt -0.0920 1.0044 0.0000
vt -0.0866 0.9824 0.0000
vt -0.0920 0.9581 0.0000
vt -0.1082 0.9316 0.0000
vt -0.1353 0.9029 0.0000
vt -0.1732 0.8720 0.0000
vt 0.2188 0.9928 0.0000
vt 0.1702 1.0022 0.0000
vt 0.1362 1.0157 0.0000
vt 0.1168 1.0334 0.0000
vt 0.1121 1.0552 0.0000
vt 0.1219 1.0813 0.0000
vt 0.1463 1.1115 0.0000
vt 0.1854 1.1458 0.0000
vt 0.1411 1.1107 0.0000
vt 0.1009 1.0783 0.0000
vt 0.0648 1.0486 0.0000
vt 0.0328 1.0215 0.0000
vt 0.0049 0.9971 0.0000
vt -0.0189 0.9755 0.0000
vt -0.0387 0.9565 0.0000
vt -0.0543 0.9402 0.0000
vt 0.0989 1.1946 0.0000
vt 0.9011 1.1946 0.0000
vt 0.0989 1.1601 0.0000
vt 0.9011 1.1601 0.0000
vt 0.0989 1.1256 0.0000
vt 0.9011 1.1256 0.0000
vt 0.0989 1.0911 0.0000
vt 0.9011 1.0911 0.0000
vt 0.0989 1.0566 0.0000
vt 0.9011 1.0566 0.0000
vt 0.0989 1.0221 0.0000
vt 0.9011 1.0221 0.0000
vt 0.2820 0.6885 0.0000
vt 0.7180 0.6885 0.0000
vt 0.2820 0.7384 0.0000
vt 0.7180 0.7384 0.0000
vt 0.2820 0.7882 0.0000
vt 0.7180 0.7882 0.0000
vt 0.2820 0.8381 0.0000
vt 0.7180 0.8381 0.0000
vt 0.2820 0.8879 0.0000
vt 0.7180 0.8879 0.0000
vt 0.2820 0.9378 0.0000
vt 0.7180 0.9378 0.0000
vt 0.1349 -0.0029 0.0000
vt 0.1366 0.9847 0.0000
vt 0.1594 -0.0024 0.0000
vt 0.1609 0.9852 0.0000
vt 0.1839 -0.0020 0.0000
vt 0.1851 0.9857 0.0000
vt 0.2084 -0.0015 0.0000
vt 0.2093 0.9862 0.0000
vt 0.2330 -0.0010 0.0000
vt 0.2336 0.9867 0.0000
vt 0.2575 -0.0005 0.0000
vt 0.2578 0.9871 0.0000
vt 0.8634 0.9847 0.0000
vt 0.8651 -0.0029 0.0000
vt 0.8391 0.9852 0.0000
vt 0.8406 -0.0024 0.0000
vt 0.8149 0.9857 0.0000
vt 0.8161 -0.0020 0.0000
vt 0.7907 0.9862 0.0000
vt 0.7916 -0.0015 0.0000
vt 0.7664 0.9867 0.0000
vt 0.7670 -0.0010 0.0000
vt 0.7422 0.9871 0.0000
vt 0.7425 -0.0005 0.0000
vt 0.2079 -0.0079 0.0000
vt 0.2031 0.9799 0.0000
vt 0.1898 -0.0066 0.0000
vt 0.1857 0.9812 0.0000
vt 0.1716 -0.0053 0.0000
vt 0.1684 0.9825 0.0000
vt 0.1534 -0.0040 0.0000
vt 0.1510 0.9838 0.0000
vt 0.1353 -0.0026 0.0000
vt 0.1336 0.9851 0.0000
vt 0.1171 -0.0013 0.0000
vt 0.1163 0.9863 0.0000
# 159 texture coords

o Box039
g Box039
usemtl wire_062062062
s 1
f 2953/1432/2953 2954/1433/2954 2955/1434/2955 2956/1435/2956 2957/1436/2957 2958/1437/2958 2959/1438/2959 2960/1439/2960 2961/1440/2961 2962/1441/2962 2963/1442/2963 2964/1443/2964 2965/1444/2965 2966/1445/2966 2967/1446/2967 2968/1447/2968 2969/1448/2969 2970/1449/2970 2971/1450/2971 2972/1451/2972 2973/1452/2973 2974/1453/2974 2975/1454/2975 2976/1455/2976 2977/1456/2977 2978/1457/2978 2979/1458/2979 2980/1459/2980 2981/1460/2981 2982/1461/2982 2983/1462/2983 2984/1463/2984 2985/1464/2985 2986/1465/2986 2987/1466/2987 2988/1467/2988 
s 2
f 2989/1468/2989 2990/1469/2990 2991/1470/2991 2992/1471/2992 
f 2953/1467/2953 2988/1432/2988 2993/1472/2993 2994/1473/2994 
f 2980/1474/2980 2979/1475/2979 2995/1476/2995 2996/1477/2996 
f 2971/1467/2971 2970/1432/2970 2997/1472/2997 2998/1473/2998 
f 2962/1474/2962 2961/1475/2961 2999/1476/2999 3000/1477/3000 
f 2994/1473/2994 3001/1478/3001 3002/1478/3002 
f 2996/1477/2996 3003/1478/3003 3004/1478/3004 
f 3000/1477/3000 3005/1478/3005 3006/1478/3006 
f 2998/1473/2998 3007/1478/3007 3008/1478/3008 
f 2989/1479/2989 3009/1480/3009 3010/1481/3010 2990/1482/2990 
f 2990/1483/2990 3011/1484/3011 3012/1485/3012 2991/1486/2991 
f 2991/1479/2991 3013/1480/3013 3014/1481/3014 2992/1482/2992 
f 2992/1483/2992 3015/1484/3015 3016/1485/3016 2989/1486/2989 
f 2988/1487/2988 2987/1488/2987 3017/1489/3017 2993/1490/2993 
f 2994/1491/2994 3002/1492/3002 2954/1493/2954 2953/1494/2953 
f 2979/1495/2979 2978/1496/2978 3018/1497/3018 2995/1498/2995 
f 2970/1487/2970 2969/1488/2969 3019/1489/3019 2997/1490/2997 
f 2994/1473/2994 3020/1499/3020 3021/1478/3021 
f 3020/1499/3020 3022/1500/3022 3023/1478/3023 3021/1478/3021 
f 3022/1500/3022 3024/1501/3024 3025/1478/3025 3023/1478/3023 
f 3024/1501/3024 3026/1502/3026 3027/1478/3027 3025/1478/3025 
f 3026/1502/3026 3028/1503/3028 3029/1478/3029 3027/1478/3027 
f 3028/1503/3028 3030/1504/3030 3031/1478/3031 3029/1478/3029 
f 3030/1504/3030 3009/1505/3009 3032/1478/3032 3031/1478/3031 
f 3009/1505/3009 2989/1506/2989 3016/1507/3016 3032/1478/3032 
f 2994/1473/2994 3021/1478/3021 3033/1478/3033 
f 3021/1478/3021 3023/1478/3023 3034/1478/3034 3033/1478/3033 
f 3023/1478/3023 3025/1478/3025 3035/1478/3035 3034/1478/3034 
f 3025/1478/3025 3027/1478/3027 3036/1478/3036 3035/1478/3035 
f 3027/1478/3027 3029/1478/3029 3037/1478/3037 3036/1478/3036 
f 3029/1478/3029 3031/1478/3031 3038/1478/3038 3037/1478/3037 
f 3031/1478/3031 3032/1478/3032 3039/1478/3039 3038/1478/3038 
f 3032/1478/3032 3016/1507/3016 3040/1508/3040 3039/1478/3039 
f 2994/1473/2994 3033/1478/3033 3041/1478/3041 
f 3033/1478/3033 3034/1478/3034 3042/1478/3042 3041/1478/3041 
f 3034/1478/3034 3035/1478/3035 3043/1478/3043 3042/1478/3042 
f 3035/1478/3035 3036/1478/3036 3044/1478/3044 3043/1478/3043 
f 3036/1478/3036 3037/1478/3037 3045/1478/3045 3044/1478/3044 
f 3037/1478/3037 3038/1478/3038 3046/1478/3046 3045/1478/3045 
f 3038/1478/3038 3039/1478/3039 3047/1478/3047 3046/1478/3046 
f 3039/1478/3039 3040/1508/3040 3048/1509/3048 3047/1478/3047 
f 2994/1473/2994 3041/1478/3041 3049/1478/3049 
f 3041/1478/3041 3042/1478/3042 3050/1478/3050 3049/1478/3049 
f 3042/1478/3042 3043/1478/3043 3051/1478/3051 3050/1478/3050 
f 3043/1478/3043 3044/1478/3044 3052/1478/3052 3051/1478/3051 
f 3044/1478/3044 3045/1478/3045 3053/1478/3053 3052/1478/3052 
f 3045/1478/3045 3046/1478/3046 3054/1478/3054 3053/1478/3053 
f 3046/1478/3046 3047/1478/3047 3055/1478/3055 3054/1478/3054 
f 3047/1478/3047 3048/1509/3048 3056/1510/3056 3055/1478/3055 
f 2994/1473/2994 3049/1478/3049 3057/1478/3057 
f 3049/1478/3049 3050/1478/3050 3058/1478/3058 3057/1478/3057 
f 3050/1478/3050 3051/1478/3051 3059/1478/3059 3058/1478/3058 
f 3051/1478/3051 3052/1478/3052 3060/1478/3060 3059/1478/3059 
f 3052/1478/3052 3053/1478/3053 3061/1478/3061 3060/1478/3060 
f 3053/1478/3053 3054/1478/3054 3062/1478/3062 3061/1478/3061 
f 3054/1478/3054 3055/1478/3055 3063/1478/3063 3062/1478/3062 
f 3055/1478/3055 3056/1510/3056 3064/1511/3064 3063/1478/3063 
f 2994/1473/2994 3057/1478/3057 3065/1478/3065 
f 3057/1478/3057 3058/1478/3058 3066/1478/3066 3065/1478/3065 
f 3058/1478/3058 3059/1478/3059 3067/1478/3067 3066/1478/3066 
f 3059/1478/3059 3060/1478/3060 3068/1478/3068 3067/1478/3067 
f 3060/1478/3060 3061/1478/3061 3069/1478/3069 3068/1478/3068 
f 3061/1478/3061 3062/1478/3062 3070/1478/3070 3069/1478/3069 
f 3062/1478/3062 3063/1478/3063 3071/1478/3071 3070/1478/3070 
f 3063/1478/3063 3064/1511/3064 3072/1512/3072 3071/1478/3071 
f 2994/1473/2994 3065/1478/3065 3001/1478/3001 
f 3065/1478/3065 3066/1478/3066 3073/1478/3073 3001/1478/3001 
f 3066/1478/3066 3067/1478/3067 3074/1478/3074 3073/1478/3073 
f 3067/1478/3067 3068/1478/3068 3075/1478/3075 3074/1478/3074 
f 3068/1478/3068 3069/1478/3069 3076/1478/3076 3075/1478/3075 
f 3069/1478/3069 3070/1478/3070 3077/1478/3077 3076/1478/3076 
f 3070/1478/3070 3071/1478/3071 3078/1478/3078 3077/1478/3077 
f 3071/1478/3071 3072/1512/3072 3079/1513/3079 3078/1478/3078 
f 3001/1478/3001 3073/1478/3073 3080/1478/3080 3002/1478/3002 
f 3073/1478/3073 3074/1478/3074 3081/1478/3081 3080/1478/3080 
f 3074/1478/3074 3075/1478/3075 3082/1478/3082 3081/1478/3081 
f 3075/1478/3075 3076/1478/3076 3083/1478/3083 3082/1478/3082 
f 3076/1478/3076 3077/1478/3077 3084/1478/3084 3083/1478/3083 
f 3077/1478/3077 3078/1478/3078 3085/1478/3085 3084/1478/3084 
f 3078/1478/3078 3079/1513/3079 2999/1514/2999 3085/1478/3085 
f 2996/1477/2996 3086/1515/3086 3087/1478/3087 
f 3086/1515/3086 3088/1516/3088 3089/1478/3089 3087/1478/3087 
f 3088/1516/3088 3090/1517/3090 3091/1478/3091 3089/1478/3089 
f 3090/1517/3090 3092/1518/3092 3093/1478/3093 3091/1478/3091 
f 3092/1518/3092 3094/1519/3094 3095/1478/3095 3093/1478/3093 
f 3094/1519/3094 3096/1520/3096 3097/1478/3097 3095/1478/3095 
f 3096/1520/3096 3011/1521/3011 3098/1478/3098 3097/1478/3097 
f 3011/1521/3011 2990/1522/2990 3010/1523/3010 3098/1478/3098 
f 2996/1477/2996 3087/1478/3087 3099/1478/3099 
f 3087/1478/3087 3089/1478/3089 3100/1478/3100 3099/1478/3099 
f 3089/1478/3089 3091/1478/3091 3101/1478/3101 3100/1478/3100 
f 3091/1478/3091 3093/1478/3093 3102/1478/3102 3101/1478/3101 
f 3093/1478/3093 3095/1478/3095 3103/1478/3103 3102/1478/3102 
f 3095/1478/3095 3097/1478/3097 3104/1478/3104 3103/1478/3103 
f 3097/1478/3097 3098/1478/3098 3105/1478/3105 3104/1478/3104 
f 3098/1478/3098 3010/1523/3010 3106/1524/3106 3105/1478/3105 
f 2996/1477/2996 3099/1478/3099 3107/1478/3107 
f 3099/1478/3099 3100/1478/3100 3108/1478/3108 3107/1478/3107 
f 3100/1478/3100 3101/1478/3101 3109/1478/3109 3108/1478/3108 
f 3101/1478/3101 3102/1478/3102 3110/1478/3110 3109/1478/3109 
f 3102/1478/3102 3103/1478/3103 3111/1478/3111 3110/1478/3110 
f 3103/1478/3103 3104/1478/3104 3112/1478/3112 3111/1478/3111 
f 3104/1478/3104 3105/1478/3105 3113/1478/3113 3112/1478/3112 
f 3105/1478/3105 3106/1524/3106 3114/1525/3114 3113/1478/3113 
f 2996/1477/2996 3107/1478/3107 3115/1478/3115 
f 3107/1478/3107 3108/1478/3108 3116/1478/3116 3115/1478/3115 
f 3108/1478/3108 3109/1478/3109 3117/1478/3117 3116/1478/3116 
f 3109/1478/3109 3110/1478/3110 3118/1478/3118 3117/1478/3117 
f 3110/1478/3110 3111/1478/3111 3119/1478/3119 3118/1478/3118 
f 3111/1478/3111 3112/1478/3112 3120/1478/3120 3119/1478/3119 
f 3112/1478/3112 3113/1478/3113 3121/1478/3121 3120/1478/3120 
f 3113/1478/3113 3114/1525/3114 3122/1526/3122 3121/1478/3121 
f 2996/1477/2996 3115/1478/3115 3123/1478/3123 
f 3115/1478/3115 3116/1478/3116 3124/1478/3124 3123/1478/3123 
f 3116/1478/3116 3117/1478/3117 3125/1478/3125 3124/1478/3124 
f 3117/1478/3117 3118/1478/3118 3126/1478/3126 3125/1478/3125 
f 3118/1478/3118 3119/1478/3119 3127/1478/3127 3126/1478/3126 
f 3119/1478/3119 3120/1478/3120 3128/1478/3128 3127/1478/3127 
f 3120/1478/3120 3121/1478/3121 3129/1478/3129 3128/1478/3128 
f 3121/1478/3121 3122/1526/3122 3130/1527/3130 3129/1478/3129 
f 2996/1477/2996 3123/1478/3123 3131/1478/3131 
f 3123/1478/3123 3124/1478/3124 3132/1478/3132 3131/1478/3131 
f 3124/1478/3124 3125/1478/3125 3133/1478/3133 3132/1478/3132 
f 3125/1478/3125 3126/1478/3126 3134/1478/3134 3133/1478/3133 
f 3126/1478/3126 3127/1478/3127 3135/1478/3135 3134/1478/3134 
f 3127/1478/3127 3128/1478/3128 3136/1478/3136 3135/1478/3135 
f 3128/1478/3128 3129/1478/3129 3137/1478/3137 3136/1478/3136 
f 3129/1478/3129 3130/1527/3130 3138/1528/3138 3137/1478/3137 
f 2996/1477/2996 3131/1478/3131 3003/1478/3003 
f 3131/1478/3131 3132/1478/3132 3139/1478/3139 3003/1478/3003 
f 3132/1478/3132 3133/1478/3133 3140/1478/3140 3139/1478/3139 
f 3133/1478/3133 3134/1478/3134 3141/1478/3141 3140/1478/3140 
f 3134/1478/3134 3135/1478/3135 3142/1478/3142 3141/1478/3141 
f 3135/1478/3135 3136/1478/3136 3143/1478/3143 3142/1478/3142 
f 3136/1478/3136 3137/1478/3137 3144/1478/3144 3143/1478/3143 
f 3137/1478/3137 3138/1528/3138 3145/1529/3145 3144/1478/3144 
f 3003/1478/3003 3139/1478/3139 3146/1478/3146 3004/1478/3004 
f 3139/1478/3139 3140/1478/3140 3147/1478/3147 3146/1478/3146 
f 3140/1478/3140 3141/1478/3141 3148/1478/3148 3147/1478/3147 
f 3141/1478/3141 3142/1478/3142 3149/1478/3149 3148/1478/3148 
f 3142/1478/3142 3143/1478/3143 3150/1478/3150 3149/1478/3149 
f 3143/1478/3143 3144/1478/3144 3017/1478/3017 3150/1478/3150 
f 3144/1478/3144 3145/1529/3145 2993/1530/2993 3017/1478/3017 
f 3000/1477/3000 3151/1515/3151 3152/1478/3152 
f 3151/1515/3151 3153/1516/3153 3154/1478/3154 3152/1478/3152 
f 3153/1516/3153 3155/1517/3155 3156/1478/3156 3154/1478/3154 
f 3155/1517/3155 3157/1518/3157 3158/1478/3158 3156/1478/3156 
f 3157/1518/3157 3159/1519/3159 3160/1478/3160 3158/1478/3158 
f 3159/1519/3159 3161/1520/3161 3162/1478/3162 3160/1478/3160 
f 3161/1520/3161 3015/1521/3015 3163/1478/3163 3162/1478/3162 
f 3015/1521/3015 2992/1522/2992 3014/1523/3014 3163/1478/3163 
f 3000/1477/3000 3152/1478/3152 3164/1478/3164 
f 3152/1478/3152 3154/1478/3154 3165/1478/3165 3164/1478/3164 
f 3154/1478/3154 3156/1478/3156 3166/1478/3166 3165/1478/3165 
f 3156/1478/3156 3158/1478/3158 3167/1478/3167 3166/1478/3166 
f 3158/1478/3158 3160/1478/3160 3168/1478/3168 3167/1478/3167 
f 3160/1478/3160 3162/1478/3162 3169/1478/3169 3168/1478/3168 
f 3162/1478/3162 3163/1478/3163 3170/1478/3170 3169/1478/3169 
f 3163/1478/3163 3014/1523/3014 3171/1524/3171 3170/1478/3170 
f 3000/1477/3000 3164/1478/3164 3172/1478/3172 
f 3164/1478/3164 3165/1478/3165 3173/1478/3173 3172/1478/3172 
f 3165/1478/3165 3166/1478/3166 3174/1478/3174 3173/1478/3173 
f 3166/1478/3166 3167/1478/3167 3175/1478/3175 3174/1478/3174 
f 3167/1478/3167 3168/1478/3168 3176/1478/3176 3175/1478/3175 
f 3168/1478/3168 3169/1478/3169 3177/1478/3177 3176/1478/3176 
f 3169/1478/3169 3170/1478/3170 3178/1478/3178 3177/1478/3177 
f 3170/1478/3170 3171/1524/3171 3179/1525/3179 3178/1478/3178 
f 3000/1477/3000 3172/1478/3172 3180/1478/3180 
f 3172/1478/3172 3173/1478/3173 3181/1478/3181 3180/1478/3180 
f 3173/1478/3173 3174/1478/3174 3182/1478/3182 3181/1478/3181 
f 3174/1478/3174 3175/1478/3175 3183/1478/3183 3182/1478/3182 
f 3175/1478/3175 3176/1478/3176 3184/1478/3184 3183/1478/3183 
f 3176/1478/3176 3177/1478/3177 3185/1478/3185 3184/1478/3184 
f 3177/1478/3177 3178/1478/3178 3186/1478/3186 3185/1478/3185 
f 3178/1478/3178 3179/1525/3179 3187/1526/3187 3186/1478/3186 
f 3000/1477/3000 3180/1478/3180 3188/1478/3188 
f 3180/1478/3180 3181/1478/3181 3189/1478/3189 3188/1478/3188 
f 3181/1478/3181 3182/1478/3182 3190/1478/3190 3189/1478/3189 
f 3182/1478/3182 3183/1478/3183 3191/1478/3191 3190/1478/3190 
f 3183/1478/3183 3184/1478/3184 3192/1478/3192 3191/1478/3191 
f 3184/1478/3184 3185/1478/3185 3193/1478/3193 3192/1478/3192 
f 3185/1478/3185 3186/1478/3186 3194/1478/3194 3193/1478/3193 
f 3186/1478/3186 3187/1526/3187 3195/1527/3195 3194/1478/3194 
f 3000/1477/3000 3188/1478/3188 3196/1478/3196 
f 3188/1478/3188 3189/1478/3189 3197/1478/3197 3196/1478/3196 
f 3189/1478/3189 3190/1478/3190 3198/1478/3198 3197/1478/3197 
f 3190/1478/3190 3191/1478/3191 3199/1478/3199 3198/1478/3198 
f 3191/1478/3191 3192/1478/3192 3200/1478/3200 3199/1478/3199 
f 3192/1478/3192 3193/1478/3193 3201/1478/3201 3200/1478/3200 
f 3193/1478/3193 3194/1478/3194 3202/1478/3202 3201/1478/3201 
f 3194/1478/3194 3195/1527/3195 3203/1528/3203 3202/1478/3202 
f 3000/1477/3000 3196/1478/3196 3005/1478/3005 
f 3196/1478/3196 3197/1478/3197 3204/1478/3204 3005/1478/3005 
f 3197/1478/3197 3198/1478/3198 3205/1478/3205 3204/1478/3204 
f 3198/1478/3198 3199/1478/3199 3206/1478/3206 3205/1478/3205 
f 3199/1478/3199 3200/1478/3200 3207/1478/3207 3206/1478/3206 
f 3200/1478/3200 3201/1478/3201 3208/1478/3208 3207/1478/3207 
f 3201/1478/3201 3202/1478/3202 3209/1478/3209 3208/1478/3208 
f 3202/1478/3202 3203/1528/3203 3210/1529/3210 3209/1478/3209 
f 3005/1478/3005 3204/1478/3204 3211/1478/3211 3006/1478/3006 
f 3204/1478/3204 3205/1478/3205 3212/1478/3212 3211/1478/3211 
f 3205/1478/3205 3206/1478/3206 3213/1478/3213 3212/1478/3212 
f 3206/1478/3206 3207/1478/3207 3214/1478/3214 3213/1478/3213 
f 3207/1478/3207 3208/1478/3208 3215/1478/3215 3214/1478/3214 
f 3208/1478/3208 3209/1478/3209 3019/1478/3019 3215/1478/3215 
f 3209/1478/3209 3210/1529/3210 2997/1530/2997 3019/1478/3019 
f 2998/1473/2998 3216/1499/3216 3217/1478/3217 
f 3216/1499/3216 3218/1500/3218 3219/1478/3219 3217/1478/3217 
f 3218/1500/3218 3220/1501/3220 3221/1478/3221 3219/1478/3219 
f 3220/1501/3220 3222/1502/3222 3223/1478/3223 3221/1478/3221 
f 3222/1502/3222 3224/1503/3224 3225/1478/3225 3223/1478/3223 
f 3224/1503/3224 3226/1504/3226 3227/1478/3227 3225/1478/3225 
f 3226/1504/3226 3013/1505/3013 3228/1478/3228 3227/1478/3227 
f 3013/1505/3013 2991/1506/2991 3012/1507/3012 3228/1478/3228 
f 2998/1473/2998 3217/1478/3217 3229/1478/3229 
f 3217/1478/3217 3219/1478/3219 3230/1478/3230 3229/1478/3229 
f 3219/1478/3219 3221/1478/3221 3231/1478/3231 3230/1478/3230 
f 3221/1478/3221 3223/1478/3223 3232/1478/3232 3231/1478/3231 
f 3223/1478/3223 3225/1478/3225 3233/1478/3233 3232/1478/3232 
f 3225/1478/3225 3227/1478/3227 3234/1478/3234 3233/1478/3233 
f 3227/1478/3227 3228/1478/3228 3235/1478/3235 3234/1478/3234 
f 3228/1478/3228 3012/1507/3012 3236/1508/3236 3235/1478/3235 
f 2998/1473/2998 3229/1478/3229 3237/1478/3237 
f 3229/1478/3229 3230/1478/3230 3238/1478/3238 3237/1478/3237 
f 3230/1478/3230 3231/1478/3231 3239/1478/3239 3238/1478/3238 
f 3231/1478/3231 3232/1478/3232 3240/1478/3240 3239/1478/3239 
f 3232/1478/3232 3233/1478/3233 3241/1478/3241 3240/1478/3240 
f 3233/1478/3233 3234/1478/3234 3242/1478/3242 3241/1478/3241 
f 3234/1478/3234 3235/1478/3235 3243/1478/3243 3242/1478/3242 
f 3235/1478/3235 3236/1508/3236 3244/1509/3244 3243/1478/3243 
f 2998/1473/2998 3237/1478/3237 3245/1478/3245 
f 3237/1478/3237 3238/1478/3238 3246/1478/3246 3245/1478/3245 
f 3238/1478/3238 3239/1478/3239 3247/1478/3247 3246/1478/3246 
f 3239/1478/3239 3240/1478/3240 3248/1478/3248 3247/1478/3247 
f 3240/1478/3240 3241/1478/3241 3249/1478/3249 3248/1478/3248 
f 3241/1478/3241 3242/1478/3242 3250/1478/3250 3249/1478/3249 
f 3242/1478/3242 3243/1478/3243 3251/1478/3251 3250/1478/3250 
f 3243/1478/3243 3244/1509/3244 3252/1510/3252 3251/1478/3251 
f 2998/1473/2998 3245/1478/3245 3253/1478/3253 
f 3245/1478/3245 3246/1478/3246 3254/1478/3254 3253/1478/3253 
f 3246/1478/3246 3247/1478/3247 3255/1478/3255 3254/1478/3254 
f 3247/1478/3247 3248/1478/3248 3256/1478/3256 3255/1478/3255 
f 3248/1478/3248 3249/1478/3249 3257/1478/3257 3256/1478/3256 
f 3249/1478/3249 3250/1478/3250 3258/1478/3258 3257/1478/3257 
f 3250/1478/3250 3251/1478/3251 3259/1478/3259 3258/1478/3258 
f 3251/1478/3251 3252/1510/3252 3260/1511/3260 3259/1478/3259 
f 2998/1473/2998 3253/1478/3253 3261/1478/3261 
f 3253/1478/3253 3254/1478/3254 3262/1478/3262 3261/1478/3261 
f 3254/1478/3254 3255/1478/3255 3263/1478/3263 3262/1478/3262 
f 3255/1478/3255 3256/1478/3256 3264/1478/3264 3263/1478/3263 
f 3256/1478/3256 3257/1478/3257 3265/1478/3265 3264/1478/3264 
f 3257/1478/3257 3258/1478/3258 3266/1478/3266 3265/1478/3265 
f 3258/1478/3258 3259/1478/3259 3267/1478/3267 3266/1478/3266 
f 3259/1478/3259 3260/1511/3260 3268/1512/3268 3267/1478/3267 
f 2998/1473/2998 3261/1478/3261 3007/1478/3007 
f 3261/1478/3261 3262/1478/3262 3269/1478/3269 3007/1478/3007 
f 3262/1478/3262 3263/1478/3263 3270/1478/3270 3269/1478/3269 
f 3263/1478/3263 3264/1478/3264 3271/1478/3271 3270/1478/3270 
f 3264/1478/3264 3265/1478/3265 3272/1478/3272 3271/1478/3271 
f 3265/1478/3265 3266/1478/3266 3273/1478/3273 3272/1478/3272 
f 3266/1478/3266 3267/1478/3267 3274/1478/3274 3273/1478/3273 
f 3267/1478/3267 3268/1512/3268 3275/1513/3275 3274/1478/3274 
f 3007/1478/3007 3269/1478/3269 3276/1478/3276 3008/1478/3008 
f 3269/1478/3269 3270/1478/3270 3277/1478/3277 3276/1478/3276 
f 3270/1478/3270 3271/1478/3271 3278/1478/3278 3277/1478/3277 
f 3271/1478/3271 3272/1478/3272 3279/1478/3279 3278/1478/3278 
f 3272/1478/3272 3273/1478/3273 3280/1478/3280 3279/1478/3279 
f 3273/1478/3273 3274/1478/3274 3018/1478/3018 3280/1478/3280 
f 3274/1478/3274 3275/1513/3275 2995/1514/2995 3018/1478/3018 
f 3009/1480/3009 3030/1531/3030 3106/1532/3106 3010/1481/3010 
f 3030/1531/3030 3028/1533/3028 3114/1534/3114 3106/1532/3106 
f 3028/1533/3028 3026/1535/3026 3122/1536/3122 3114/1534/3114 
f 3026/1535/3026 3024/1537/3024 3130/1538/3130 3122/1536/3122 
f 3024/1537/3024 3022/1539/3022 3138/1540/3138 3130/1538/3130 
f 3022/1539/3022 3020/1541/3020 3145/1542/3145 3138/1540/3138 
f 3020/1541/3020 2994/1473/2994 2993/1472/2993 3145/1542/3145 
f 3011/1484/3011 3096/1543/3096 3236/1544/3236 3012/1485/3012 
f 3096/1543/3096 3094/1545/3094 3244/1546/3244 3236/1544/3236 
f 3094/1545/3094 3092/1547/3092 3252/1548/3252 3244/1546/3244 
f 3092/1547/3092 3090/1549/3090 3260/1550/3260 3252/1548/3252 
f 3090/1549/3090 3088/1551/3088 3268/1552/3268 3260/1550/3260 
f 3088/1551/3088 3086/1553/3086 3275/1554/3275 3268/1552/3268 
f 3086/1553/3086 2996/1477/2996 2995/1476/2995 3275/1554/3275 
f 3013/1480/3013 3226/1531/3226 3171/1532/3171 3014/1481/3014 
f 3226/1531/3226 3224/1533/3224 3179/1534/3179 3171/1532/3171 
f 3224/1533/3224 3222/1535/3222 3187/1536/3187 3179/1534/3179 
f 3222/1535/3222 3220/1537/3220 3195/1538/3195 3187/1536/3187 
f 3220/1537/3220 3218/1539/3218 3203/1540/3203 3195/1538/3195 
f 3218/1539/3218 3216/1541/3216 3210/1542/3210 3203/1540/3203 
f 3216/1541/3216 2998/1473/2998 2997/1472/2997 3210/1542/3210 
f 3015/1484/3015 3161/1543/3161 3040/1544/3040 3016/1485/3016 
f 3161/1543/3161 3159/1545/3159 3048/1546/3048 3040/1544/3040 
f 3159/1545/3159 3157/1547/3157 3056/1548/3056 3048/1546/3048 
f 3157/1547/3157 3155/1549/3155 3064/1550/3064 3056/1548/3056 
f 3155/1549/3155 3153/1551/3153 3072/1552/3072 3064/1550/3064 
f 3153/1551/3153 3151/1553/3151 3079/1554/3079 3072/1552/3072 
f 3151/1553/3151 3000/1477/3000 2999/1476/2999 3079/1554/3079 
f 2987/1488/2987 2986/1555/2986 3150/1556/3150 3017/1489/3017 
f 2986/1555/2986 2985/1557/2985 3149/1558/3149 3150/1556/3150 
f 2985/1557/2985 2984/1559/2984 3148/1560/3148 3149/1558/3149 
f 2984/1559/2984 2983/1561/2983 3147/1562/3147 3148/1560/3148 
f 2983/1561/2983 2982/1563/2982 3146/1564/3146 3147/1562/3147 
f 2982/1563/2982 2981/1565/2981 3004/1566/3004 3146/1564/3146 
f 2981/1565/2981 2980/1474/2980 2996/1477/2996 3004/1566/3004 
f 3002/1492/3002 3080/1567/3080 2955/1568/2955 2954/1493/2954 
f 3080/1567/3080 3081/1569/3081 2956/1570/2956 2955/1568/2955 
f 3081/1569/3081 3082/1571/3082 2957/1572/2957 2956/1570/2956 
f 3082/1571/3082 3083/1573/3083 2958/1574/2958 2957/1572/2957 
f 3083/1573/3083 3084/1575/3084 2959/1576/2959 2958/1574/2958 
f 3084/1575/3084 3085/1577/3085 2960/1578/2960 2959/1576/2959 
f 3085/1577/3085 2999/1476/2999 2961/1475/2961 2960/1578/2960 
f 2978/1496/2978 2977/1579/2977 3280/1580/3280 3018/1497/3018 
f 2977/1579/2977 2976/1581/2976 3279/1582/3279 3280/1580/3280 
f 2976/1581/2976 2975/1583/2975 3278/1584/3278 3279/1582/3279 
f 2975/1583/2975 2974/1585/2974 3277/1586/3277 3278/1584/3278 
f 2974/1585/2974 2973/1587/2973 3276/1588/3276 3277/1586/3277 
f 2973/1587/2973 2972/1589/2972 3008/1590/3008 3276/1588/3276 
f 2972/1589/2972 2971/1467/2971 2998/1473/2998 3008/1590/3008 
f 2969/1488/2969 2968/1555/2968 3215/1556/3215 3019/1489/3019 
f 2968/1555/2968 2967/1557/2967 3214/1558/3214 3215/1556/3215 
f 2967/1557/2967 2966/1559/2966 3213/1560/3213 3214/1558/3214 
f 2966/1559/2966 2965/1561/2965 3212/1562/3212 3213/1560/3213 
f 2965/1561/2965 2964/1563/2964 3211/1564/3211 3212/1562/3212 
f 2964/1563/2964 2963/1565/2963 3006/1566/3006 3211/1564/3211 
f 2963/1565/2963 2962/1474/2962 3000/1477/3000 3006/1566/3006 
# 294 polygons - 32 triangles

#
# object Box040
#

v  -37.7876 -0.4615 46.5740
v  -37.8173 -0.2555 46.5601
v  -37.8430 0.3626 46.5481
v  -37.8648 1.3928 46.5380
v  -37.8826 2.8351 46.5297
v  -37.8964 4.6894 46.5232
v  -37.9063 6.9559 46.5186
v  -37.9122 9.6344 46.5159
v  -37.9142 12.7249 46.5149
v  -37.9142 33.1096 46.5149
v  -37.9122 36.2001 46.5159
v  -37.9063 38.8786 46.5186
v  -37.8964 41.1451 46.5232
v  -37.8826 42.9994 46.5297
v  -37.8648 44.4417 46.5380
v  -37.8430 45.4719 46.5481
v  -37.8173 46.0900 46.5601
v  -37.7876 46.2960 46.5740
v  -36.7611 46.2960 47.0527
v  -36.7314 46.0900 47.0665
v  -36.7057 45.4719 47.0785
v  -36.6839 44.4417 47.0886
v  -36.6661 42.9994 47.0969
v  -36.6523 41.1451 47.1034
v  -36.6424 38.8786 47.1080
v  -36.6364 36.2001 47.1108
v  -36.6345 33.1096 47.1117
v  -36.6345 12.7249 47.1117
v  -36.6364 9.6344 47.1108
v  -36.6424 6.9559 47.1080
v  -36.6523 4.6894 47.1034
v  -36.6661 2.8351 47.0969
v  -36.6839 1.3928 47.0886
v  -36.7057 0.3626 47.0785
v  -36.7314 -0.2555 47.0665
v  -36.7611 -0.4615 47.0527
v  -38.1306 12.7249 47.3094
v  -37.1040 12.7249 47.7881
v  -37.1040 33.1096 47.7881
v  -38.1306 33.1096 47.3094
v  -37.0997 -0.4615 47.7790
v  -38.1263 -0.4615 47.3003
v  -36.9732 33.1096 47.8380
v  -36.9732 12.7249 47.8380
v  -38.1263 46.2960 47.3003
v  -37.0997 46.2960 47.7790
v  -38.2529 12.7249 47.2413
v  -38.2529 33.1096 47.2413
v  -38.1558 -0.2555 47.2872
v  -38.1560 -0.2555 47.2865
v  -36.9754 9.6827 47.8376
v  -36.9751 9.6344 47.8371
v  -38.2512 36.1518 47.2427
v  -38.2509 36.2001 47.2422
v  -37.0708 46.0900 47.7931
v  -37.0701 46.0900 47.7928
v  -38.1305 9.6344 47.3092
v  -37.1039 9.6344 47.7879
v  -37.0742 12.7249 47.8018
v  -37.0742 33.1096 47.8018
v  -37.1039 36.2001 47.7879
v  -38.1305 36.2001 47.3092
v  -38.1602 33.1096 47.2954
v  -38.1602 12.7249 47.2954
v  -37.0701 -0.2555 47.7928
v  -36.9751 36.2001 47.8371
v  -38.1560 46.0900 47.2865
v  -38.1273 -0.2555 47.3024
v  -38.1342 -0.2555 47.2991
v  -38.1282 0.3626 47.3043
v  -38.1411 0.3626 47.2982
v  -38.1289 1.3928 47.3058
v  -38.1469 1.3928 47.2973
v  -38.1295 2.8351 47.3071
v  -38.1517 2.8351 47.2966
v  -38.1300 4.6894 47.3081
v  -38.1554 4.6894 47.2961
v  -38.1303 6.9559 47.3088
v  -38.1580 6.9559 47.2957
v  -38.1596 9.6344 47.2955
v  -38.1402 -0.2555 47.2962
v  -38.1523 0.3626 47.2927
v  -38.1625 1.3928 47.2897
v  -38.1708 2.8351 47.2873
v  -38.1773 4.6894 47.2854
v  -38.1820 6.9559 47.2841
v  -38.1847 9.6344 47.2833
v  -38.1857 12.7249 47.2830
v  -38.1452 -0.2555 47.2937
v  -38.1617 0.3626 47.2880
v  -38.1755 1.3928 47.2831
v  -38.1869 2.8351 47.2792
v  -38.1957 4.6894 47.2761
v  -38.2020 6.9559 47.2739
v  -38.2058 9.6344 47.2726
v  -38.2071 12.7249 47.2721
v  -38.1493 -0.2555 47.2915
v  -38.1692 0.3626 47.2839
v  -38.1861 1.3928 47.2775
v  -38.1999 2.8351 47.2722
v  -38.2106 4.6894 47.2681
v  -38.2183 6.9559 47.2652
v  -38.2229 9.6344 47.2634
v  -38.2244 12.7249 47.2628
v  -38.1524 -0.2555 47.2897
v  -38.1750 0.3626 47.2805
v  -38.1942 1.3928 47.2728
v  -38.2098 2.8351 47.2664
v  -38.2220 4.6894 47.2615
v  -38.2307 6.9559 47.2579
v  -38.2359 9.6344 47.2558
v  -38.2377 12.7249 47.2551
v  -38.1546 -0.2555 47.2883
v  -38.1791 0.3626 47.2778
v  -38.1998 1.3928 47.2690
v  -38.2167 2.8351 47.2618
v  -38.2299 4.6894 47.2562
v  -38.2393 6.9559 47.2521
v  -38.2450 9.6344 47.2497
v  -38.2468 12.7249 47.2489
v  -38.1813 0.3626 47.2758
v  -38.2029 1.3928 47.2662
v  -38.2205 2.8351 47.2583
v  -38.2343 4.6894 47.2522
v  -38.2441 6.9559 47.2478
v  -38.2500 9.6344 47.2452
v  -38.2519 12.7249 47.2443
v  -38.1817 0.3626 47.2745
v  -38.2035 1.3928 47.2643
v  -38.2213 2.8351 47.2560
v  -38.2351 4.6894 47.2496
v  -38.2450 6.9559 47.2449
v  -38.2509 9.6344 47.2422
v  -36.9761 12.7249 47.8392
v  -36.9761 12.0006 47.8392
v  -36.9829 12.7249 47.8383
v  -36.9829 11.3728 47.8382
v  -36.9935 12.7249 47.8353
v  -36.9935 10.8416 47.8352
v  -37.0080 12.7249 47.8301
v  -37.0079 10.4070 47.8300
v  -37.0262 12.7249 47.8228
v  -37.0262 10.0690 47.8227
v  -37.0483 12.7249 47.8133
v  -37.0483 9.8275 47.8132
v  -37.0742 9.6827 47.8016
v  -36.9761 11.3728 47.8391
v  -36.9828 10.2010 47.8381
v  -36.9934 9.2094 47.8349
v  -37.0078 8.3981 47.8297
v  -37.0260 7.7671 47.8223
v  -37.0481 7.3164 47.8128
v  -37.0740 7.0460 47.8012
v  -37.1037 6.9559 47.7875
v  -36.9760 10.8416 47.8389
v  -36.9827 9.2094 47.8377
v  -36.9932 7.8283 47.8345
v  -37.0075 6.6983 47.8291
v  -37.0257 5.8194 47.8217
v  -37.0478 5.1917 47.8121
v  -37.0737 4.8150 47.8005
v  -37.1034 4.6894 47.7868
v  -36.9759 10.4070 47.8387
v  -36.9825 8.3981 47.8373
v  -36.9929 6.6983 47.8339
v  -37.0072 5.3076 47.8284
v  -37.0253 4.2258 47.8208
v  -37.0473 3.4532 47.8112
v  -37.0732 2.9896 47.7995
v  -37.1029 2.8351 47.7858
v  -36.9757 10.0690 47.8384
v  -36.9822 7.7671 47.8368
v  -36.9925 5.8194 47.8331
v  -37.0067 4.2258 47.8274
v  -37.0248 2.9864 47.8197
v  -37.0468 2.1011 47.8100
v  -37.0726 1.5699 47.7983
v  -37.1023 1.3928 47.7845
v  -36.9756 9.8275 47.8380
v  -36.9819 7.3164 47.8361
v  -36.9921 5.1917 47.8321
v  -37.0062 3.4532 47.8262
v  -37.0242 2.1011 47.8184
v  -37.0461 1.1353 47.8085
v  -37.0719 0.5558 47.7967
v  -37.1016 0.3626 47.7830
v  -36.9815 7.0460 47.8353
v  -36.9916 4.8150 47.8310
v  -37.0055 2.9896 47.8249
v  -37.0235 1.5699 47.8168
v  -37.0453 0.5558 47.8068
v  -37.0710 -0.0527 47.7949
v  -37.1007 -0.2555 47.7811
v  -36.9811 6.9559 47.8343
v  -36.9910 4.6894 47.8297
v  -37.0048 2.8351 47.8233
v  -37.0226 1.3928 47.8150
v  -37.0444 0.3626 47.8048
v  -38.2519 33.1096 47.2443
v  -38.2519 33.8339 47.2443
v  -38.2468 33.1096 47.2489
v  -38.2468 34.4617 47.2489
v  -38.2377 33.1096 47.2551
v  -38.2376 34.9929 47.2550
v  -38.2244 33.1096 47.2628
v  -38.2244 35.4275 47.2627
v  -38.2071 33.1096 47.2721
v  -38.2070 35.7655 47.2720
v  -38.1857 33.1096 47.2830
v  -38.1856 36.0070 47.2829
v  -38.1601 36.1518 47.2953
v  -38.2519 34.4617 47.2442
v  -38.2467 35.6335 47.2487
v  -38.2375 36.6251 47.2548
v  -38.2242 37.4364 47.2624
v  -38.2069 38.0674 47.2716
v  -38.1854 38.5181 47.2825
v  -38.1599 38.7885 47.2948
v  -38.1303 38.8786 47.3088
v  -38.2518 34.9929 47.2440
v  -38.2466 36.6251 47.2484
v  -38.2373 38.0062 47.2543
v  -38.2240 39.1362 47.2619
v  -38.2066 40.0151 47.2710
v  -38.1851 40.6428 47.2818
v  -38.1596 41.0195 47.2942
v  -38.1300 41.1451 47.3081
v  -38.2517 35.4275 47.2438
v  -38.2464 37.4364 47.2479
v  -38.2370 39.1362 47.2537
v  -38.2236 40.5269 47.2611
v  -38.2062 41.6087 47.2702
v  -38.1847 42.3813 47.2809
v  -38.1591 42.8449 47.2932
v  -38.1295 42.9994 47.3071
v  -38.2515 35.7655 47.2435
v  -38.2461 38.0674 47.2474
v  -38.2367 40.0151 47.2529
v  -38.2232 41.6087 47.2602
v  -38.2057 42.8481 47.2691
v  -38.1841 43.7334 47.2797
v  -38.1585 44.2646 47.2919
v  -38.1289 44.4417 47.3058
v  -38.2514 36.0070 47.2431
v  -38.2458 38.5181 47.2467
v  -38.2362 40.6428 47.2520
v  -38.2226 42.3813 47.2590
v  -38.2051 43.7334 47.2677
v  -38.1834 44.6992 47.2782
v  -38.1578 45.2787 47.2904
v  -38.1282 45.4719 47.3043
v  -38.2454 38.7885 47.2459
v  -38.2357 41.0195 47.2509
v  -38.2220 42.8449 47.2576
v  -38.2043 44.2646 47.2662
v  -38.1826 45.2787 47.2765
v  -38.1570 45.8872 47.2886
v  -38.1273 46.0900 47.3024
v  -38.2450 38.8786 47.2450
v  -38.2351 41.1451 47.2496
v  -38.2213 42.9994 47.2560
v  -38.2035 44.4417 47.2643
v  -38.1817 45.4719 47.2745
v  -37.1007 46.0900 47.7811
v  -37.0938 46.0900 47.7843
v  -37.1016 45.4719 47.7830
v  -37.0886 45.4719 47.7890
v  -37.1023 44.4417 47.7845
v  -37.0842 44.4417 47.7929
v  -37.1029 42.9994 47.7858
v  -37.0806 42.9994 47.7961
v  -37.1034 41.1451 47.7868
v  -37.0778 41.1451 47.7986
v  -37.1037 38.8786 47.7875
v  -37.0758 38.8786 47.8004
v  -37.0746 36.2001 47.8014
v  -37.0877 46.0900 47.7870
v  -37.0773 45.4719 47.7940
v  -37.0684 44.4417 47.7999
v  -37.0612 42.9994 47.8048
v  -37.0556 41.1451 47.8085
v  -37.0515 38.8786 47.8112
v  -37.0491 36.2001 47.8128
v  -37.0483 33.1096 47.8133
v  -37.0825 46.0900 47.7893
v  -37.0676 45.4719 47.7981
v  -37.0550 44.4417 47.8057
v  -37.0446 42.9994 47.8118
v  -37.0366 41.1451 47.8166
v  -37.0308 38.8786 47.8200
v  -37.0274 36.2001 47.8221
v  -37.0262 33.1096 47.8228
v  -37.0782 46.0900 47.7910
v  -37.0596 45.4719 47.8013
v  -37.0438 44.4417 47.8101
v  -37.0309 42.9994 47.8173
v  -37.0209 41.1451 47.8229
v  -37.0137 38.8786 47.8269
v  -37.0094 36.2001 47.8293
v  -37.0080 33.1096 47.8301
v  -37.0749 46.0900 47.7922
v  -37.0533 45.4719 47.8036
v  -37.0350 44.4417 47.8133
v  -37.0201 42.9994 47.8212
v  -37.0085 41.1451 47.8274
v  -37.0002 38.8786 47.8317
v  -36.9952 36.2001 47.8344
v  -36.9935 33.1096 47.8353
v  -37.0724 46.0900 47.7929
v  -37.0486 45.4719 47.8049
v  -37.0286 44.4417 47.8151
v  -37.0121 42.9994 47.8235
v  -36.9993 41.1451 47.8300
v  -36.9902 38.8786 47.8346
v  -36.9847 36.2001 47.8374
v  -36.9829 33.1096 47.8383
v  -37.0457 45.4719 47.8053
v  -37.0244 44.4417 47.8157
v  -37.0070 42.9994 47.8242
v  -36.9935 41.1451 47.8308
v  -36.9838 38.8786 47.8355
v  -36.9781 36.2001 47.8383
v  -36.9761 33.1096 47.8392
v  -37.0444 45.4719 47.8048
v  -37.0226 44.4417 47.8150
v  -37.0048 42.9994 47.8233
v  -36.9910 41.1451 47.8297
v  -36.9811 38.8786 47.8343
# 328 vertices

vn 0.2742 -0.7140 -0.6442
vn 0.1955 -0.7164 -0.6697
vn 0.0778 -0.6897 -0.7199
vn -0.0550 -0.6261 -0.7778
vn -0.1823 -0.5183 -0.8355
vn -0.2793 -0.3786 -0.8824
vn -0.3355 -0.2337 -0.9126
vn -0.3580 -0.1059 -0.9277
vn -0.3514 -0.0238 -0.9359
vn -0.3514 0.0238 -0.9359
vn -0.3580 0.1059 -0.9277
vn -0.3355 0.2337 -0.9126
vn -0.2793 0.3786 -0.8824
vn -0.1823 0.5183 -0.8355
vn -0.0550 0.6261 -0.7778
vn 0.0778 0.6897 -0.7199
vn 0.1955 0.7164 -0.6697
vn 0.2742 0.7140 -0.6442
vn 0.3173 0.7140 -0.6241
vn 0.3874 0.7164 -0.5802
vn 0.5014 0.6897 -0.5223
vn 0.6312 0.6261 -0.4579
vn 0.7572 0.5183 -0.3974
vn 0.8555 0.3786 -0.3532
vn 0.9147 0.2337 -0.3296
vn 0.9408 0.1059 -0.3221
vn 0.9428 0.0238 -0.3324
vn 0.9428 -0.0238 -0.3324
vn 0.9408 -0.1059 -0.3221
vn 0.9147 -0.2337 -0.3296
vn 0.8555 -0.3786 -0.3532
vn 0.7572 -0.5183 -0.3974
vn 0.6312 -0.6261 -0.4579
vn 0.5014 -0.6897 -0.5223
vn 0.3874 -0.7164 -0.5802
vn 0.3173 -0.7140 -0.6241
vn -0.4523 -0.0332 0.8913
vn -0.3920 -0.0332 0.9194
vn -0.3920 0.0332 0.9194
vn -0.4523 0.0332 0.8913
vn 0.0161 -0.9989 0.0442
vn -0.0354 -0.9993 0.0129
vn 0.8913 0.0332 0.4523
vn 0.8944 -0.0267 0.4465
vn -0.0442 0.9989 0.0161
vn 0.0129 0.9993 0.0354
vn -0.9194 -0.0332 -0.3920
vn -0.9169 0.0267 -0.3982
vn -0.1427 -0.9888 -0.0430
vn -0.1361 -0.9890 -0.0580
vn 0.8872 -0.1475 0.4373
vn 0.8942 -0.1478 0.4225
vn -0.9052 0.1475 -0.3985
vn -0.8984 0.1478 -0.4135
vn 0.1246 0.9888 0.0817
vn 0.1319 0.9890 0.0670
vn -0.4477 -0.1458 0.8822
vn -0.3875 -0.1462 0.9102
vn -0.2857 -0.0329 0.9578
vn -0.2853 0.0335 0.9578
vn -0.3881 0.1458 0.9100
vn -0.4482 0.1462 0.8819
vn -0.5500 0.0329 0.8345
vn -0.5504 -0.0335 0.8343
vn 0.1183 -0.9888 0.0914
vn 0.8822 0.1458 0.4477
vn -0.1461 0.9888 -0.0318
vn -0.0670 -0.9890 0.1319
vn -0.0817 -0.9888 0.1246
vn -0.1462 -0.9464 0.2880
vn -0.1775 -0.9463 0.2701
vn -0.2351 -0.8545 0.4632
vn -0.2853 -0.8549 0.4334
vn -0.3207 -0.7056 0.6319
vn -0.3893 -0.7067 0.5907
vn -0.3876 -0.5161 0.7638
vn -0.4711 -0.5178 0.7141
vn -0.4287 -0.3201 0.8448
vn -0.5215 -0.3217 0.7903
vn -0.5449 -0.1467 0.8256
vn -0.1012 -0.9891 0.1068
vn -0.2197 -0.9478 0.2310
vn -0.3537 -0.8586 0.3710
vn -0.4845 -0.7127 0.5073
vn -0.5886 -0.5244 0.6153
vn -0.6535 -0.3269 0.6827
vn -0.6837 -0.1494 0.7143
vn -0.6909 -0.0341 0.7221
vn -0.1201 -0.9894 0.0812
vn -0.2602 -0.9495 0.1753
vn -0.4196 -0.8627 0.2822
vn -0.5768 -0.7193 0.3872
vn -0.7035 -0.5317 0.4716
vn -0.7835 -0.3327 0.5249
vn -0.8211 -0.1524 0.5500
vn -0.8302 -0.0349 0.5564
vn -0.1352 -0.9896 0.0492
vn -0.2927 -0.9503 0.1065
vn -0.4723 -0.8645 0.1719
vn -0.6500 -0.7221 0.2366
vn -0.7939 -0.5350 0.2890
vn -0.8853 -0.3353 0.3222
vn -0.9285 -0.1537 0.3380
vn -0.9391 -0.0352 0.3418
vn -0.1442 -0.9894 0.0150
vn -0.3120 -0.9495 0.0330
vn -0.5028 -0.8627 0.0536
vn -0.6908 -0.7193 0.0742
vn -0.8420 -0.5317 0.0909
vn -0.9376 -0.3327 0.1015
vn -0.9826 -0.1524 0.1064
vn -0.9936 -0.0349 0.1074
vn -0.1462 -0.9891 -0.0168
vn -0.3168 -0.9478 -0.0357
vn -0.5095 -0.8586 -0.0569
vn -0.6972 -0.7127 -0.0771
vn -0.8464 -0.5244 -0.0930
vn -0.9394 -0.3269 -0.1029
vn -0.9829 -0.1494 -0.1077
vn -0.9934 -0.0341 -0.1091
vn -0.3096 -0.9463 -0.0928
vn -0.4971 -0.8549 -0.1486
vn -0.6780 -0.7067 -0.2023
vn -0.8199 -0.5178 -0.2442
vn -0.9075 -0.3217 -0.2702
vn -0.9481 -0.1467 -0.2822
vn -0.9579 -0.0335 -0.2853
vn -0.2971 -0.9464 -0.1266
vn -0.4778 -0.8545 -0.2037
vn -0.6518 -0.7056 -0.2779
vn -0.7879 -0.5161 -0.3360
vn -0.8714 -0.3201 -0.3716
vn -0.9100 -0.1458 -0.3881
vn 0.8339 -0.0050 0.5519
vn 0.8339 -0.0214 0.5516
vn 0.7213 -0.0108 0.6925
vn 0.7225 -0.0467 0.6898
vn 0.5550 -0.0173 0.8316
vn 0.5578 -0.0754 0.8265
vn 0.3402 -0.0236 0.9401
vn 0.3447 -0.1032 0.9330
vn 0.1060 -0.0285 0.9940
vn 0.1116 -0.1252 0.9858
vn -0.1100 -0.0315 0.9934
vn -0.1043 -0.1387 0.9848
vn -0.2806 -0.1449 0.9488
vn 0.8374 -0.0466 0.5446
vn 0.7313 -0.1015 0.6745
vn 0.5729 -0.1638 0.8031
vn 0.3651 -0.2247 0.9034
vn 0.1345 -0.2734 0.9525
vn -0.0819 -0.3037 0.9492
vn -0.2603 -0.3178 0.9117
vn -0.3690 -0.3210 0.8722
vn 0.8442 -0.0745 0.5308
vn 0.7470 -0.1617 0.6449
vn 0.5989 -0.2611 0.7571
vn 0.4005 -0.3591 0.8430
vn 0.1756 -0.4382 0.8815
vn -0.0394 -0.4882 0.8718
vn -0.2192 -0.5117 0.8307
vn -0.3298 -0.5173 0.7897
vn 0.8539 -0.1018 0.5105
vn 0.7682 -0.2202 0.6012
vn 0.6334 -0.3554 0.6874
vn 0.4477 -0.4891 0.7485
vn 0.2324 -0.5974 0.7675
vn 0.0223 -0.6662 0.7455
vn -0.1560 -0.6987 0.6982
vn -0.2668 -0.7067 0.6553
vn 0.8652 -0.1243 0.4857
vn 0.7922 -0.2688 0.5478
vn 0.6716 -0.4330 0.6012
vn 0.5001 -0.5947 0.6295
vn 0.2967 -0.7247 0.6219
vn 0.0952 -0.8068 0.5831
vn -0.0782 -0.8455 0.5282
vn -0.1870 -0.8551 0.4835
vn 0.8767 -0.1396 0.4602
vn 0.8161 -0.3022 0.4926
vn 0.7090 -0.4858 0.5113
vn 0.5509 -0.6645 0.5049
vn 0.3598 -0.8064 0.4694
vn 0.1679 -0.8949 0.4134
vn 0.0011 -0.9363 0.3512
vn -0.1047 -0.9465 0.3053
vn 0.8379 -0.3198 0.4423
vn 0.7429 -0.5133 0.4296
vn 0.5969 -0.6999 0.3922
vn 0.4164 -0.8463 0.3322
vn 0.2329 -0.9366 0.2616
vn 0.0717 -0.9785 0.1933
vn -0.0314 -0.9887 0.1467
vn 0.8532 -0.3228 0.4098
vn 0.7671 -0.5192 0.3768
vn 0.6295 -0.7082 0.3196
vn 0.4557 -0.8560 0.2439
vn 0.2768 -0.9468 0.1638
vn -0.9588 0.0050 -0.2840
vn -0.9585 0.0214 -0.2842
vn -0.9942 0.0108 -0.1074
vn -0.9928 0.0467 -0.1101
vn -0.9938 0.0173 0.1094
vn -0.9917 0.0754 0.1039
vn -0.9388 0.0236 0.3437
vn -0.9363 0.1032 0.3357
vn -0.8296 0.0285 0.5577
vn -0.8269 0.1252 0.5482
vn -0.6903 0.0315 0.7228
vn -0.6874 0.1387 0.7129
vn -0.5465 0.1449 0.8248
vn -0.9554 0.0466 -0.2915
vn -0.9867 0.1015 -0.1267
vn -0.9835 0.1638 0.0774
vn -0.9267 0.2247 0.3010
vn -0.8161 0.2734 0.5092
vn -0.6745 0.3037 0.6729
vn -0.5311 0.3178 0.7854
vn -0.4309 0.3210 0.8434
vn -0.9493 0.0745 -0.3055
vn -0.9742 0.1617 -0.1577
vn -0.9649 0.2611 0.0279
vn -0.9032 0.3591 0.2350
vn -0.7882 0.4382 0.4321
vn -0.6425 0.4882 0.5906
vn -0.4954 0.5117 0.7019
vn -0.3930 0.5173 0.7603
vn -0.9399 0.1018 -0.3260
vn -0.9543 0.2202 -0.2020
vn -0.9337 0.3554 -0.0433
vn -0.8612 0.4891 0.1381
vn -0.7373 0.5974 0.3154
vn -0.5854 0.6662 0.4621
vn -0.4346 0.6987 0.5683
vn -0.3305 0.7067 0.6256
vn -0.9282 0.1243 -0.3506
vn -0.9289 0.2688 -0.2547
vn -0.8922 0.4330 -0.1280
vn -0.8037 0.5947 0.0215
vn -0.6671 0.7247 0.1725
vn -0.5079 0.8068 0.3019
vn -0.3544 0.8455 0.3994
vn -0.2502 0.8551 0.4541
vn -0.9161 0.1396 -0.3758
vn -0.9019 0.3022 -0.3086
vn -0.8474 0.4858 -0.2144
vn -0.7409 0.6645 -0.0975
vn -0.5908 0.8064 0.0261
vn -0.4246 0.8949 0.1371
vn -0.2697 0.9363 0.2249
vn -0.1666 0.9465 0.2765
vn -0.8774 0.3198 -0.3576
vn -0.8066 0.5133 -0.2930
vn -0.6841 0.6999 -0.2051
vn -0.5221 0.8463 -0.1054
vn -0.3501 0.9366 -0.0103
vn -0.1942 0.9785 0.0693
vn -0.0922 0.9887 0.1184
vn -0.8623 0.3228 -0.3902
vn -0.7818 0.5192 -0.3454
vn -0.6495 0.7082 -0.2768
vn -0.4798 0.8560 -0.1923
vn -0.3034 0.9468 -0.1068
vn -0.0580 0.9890 0.1361
vn -0.0430 0.9888 0.1427
vn -0.1266 0.9464 0.2971
vn -0.0928 0.9463 0.3096
vn -0.2037 0.8545 0.4778
vn -0.1486 0.8549 0.4971
vn -0.2779 0.7056 0.6518
vn -0.2023 0.7067 0.6780
vn -0.3360 0.5161 0.7879
vn -0.2442 0.5178 0.8199
vn -0.3716 0.3201 0.8714
vn -0.2701 0.3217 0.9075
vn -0.2822 0.1467 0.9481
vn -0.0168 0.9891 0.1462
vn -0.0357 0.9478 0.3168
vn -0.0569 0.8586 0.5094
vn -0.0771 0.7127 0.6972
vn -0.0930 0.5244 0.8464
vn -0.1029 0.3269 0.9394
vn -0.1077 0.1494 0.9829
vn -0.1091 0.0341 0.9934
vn 0.0150 0.9894 0.1442
vn 0.0330 0.9495 0.3120
vn 0.0536 0.8627 0.5028
vn 0.0742 0.7193 0.6908
vn 0.0909 0.5317 0.8420
vn 0.1015 0.3327 0.9375
vn 0.1065 0.1524 0.9826
vn 0.1074 0.0349 0.9936
vn 0.0492 0.9896 0.1352
vn 0.1065 0.9503 0.2927
vn 0.1719 0.8645 0.4722
vn 0.2366 0.7221 0.6500
vn 0.2890 0.5350 0.7939
vn 0.3222 0.3353 0.8853
vn 0.3380 0.1537 0.9285
vn 0.3418 0.0352 0.9391
vn 0.0812 0.9894 0.1201
vn 0.1753 0.9495 0.2602
vn 0.2822 0.8627 0.4196
vn 0.3872 0.7193 0.5768
vn 0.4716 0.5317 0.7035
vn 0.5249 0.3327 0.7835
vn 0.5500 0.1524 0.8211
vn 0.5564 0.0349 0.8302
vn 0.1068 0.9891 0.1012
vn 0.2310 0.9478 0.2197
vn 0.3710 0.8586 0.3537
vn 0.5073 0.7127 0.4845
vn 0.6153 0.5244 0.5885
vn 0.6827 0.3269 0.6535
vn 0.7143 0.1494 0.6837
vn 0.7221 0.0341 0.6909
vn 0.2701 0.9463 0.1775
vn 0.4334 0.8549 0.2853
vn 0.5907 0.7067 0.3893
vn 0.7141 0.5178 0.4711
vn 0.7903 0.3217 0.5215
vn 0.8256 0.1467 0.5449
vn 0.8343 0.0335 0.5504
vn 0.2880 0.9464 0.1462
vn 0.4632 0.8545 0.2351
vn 0.6319 0.7056 0.3207
vn 0.7638 0.5161 0.3876
vn 0.8448 0.3201 0.4287
# 328 vertex normals

vt 0.9011 0.0000 0.0000
vt 0.9243 0.0044 0.0000
vt 0.9444 0.0176 0.0000
vt 0.9614 0.0397 0.0000
vt 0.9753 0.0705 0.0000
vt 0.9861 0.1102 0.0000
vt 0.9938 0.1586 0.0000
vt 0.9985 0.2159 0.0000
vt 1.0000 0.2820 0.0000
vt 1.0000 0.7180 0.0000
vt 0.9985 0.7841 0.0000
vt 0.9938 0.8414 0.0000
vt 0.9861 0.8898 0.0000
vt 0.9753 0.9295 0.0000
vt 0.9614 0.9603 0.0000
vt 0.9444 0.9824 0.0000
vt 0.9243 0.9956 0.0000
vt 0.9011 1.0000 0.0000
vt 0.0989 1.0000 0.0000
vt 0.0757 0.9956 0.0000
vt 0.0556 0.9824 0.0000
vt 0.0386 0.9603 0.0000
vt 0.0247 0.9295 0.0000
vt 0.0139 0.8898 0.0000
vt 0.0062 0.8414 0.0000
vt 0.0015 0.7841 0.0000
vt 0.0000 0.7180 0.0000
vt 0.0000 0.2820 0.0000
vt 0.0015 0.2159 0.0000
vt 0.0062 0.1586 0.0000
vt 0.0139 0.1102 0.0000
vt 0.0247 0.0705 0.0000
vt 0.0386 0.0397 0.0000
vt 0.0556 0.0176 0.0000
vt 0.0757 0.0044 0.0000
vt 0.0989 0.0000 0.0000
vt 0.0989 0.2820 0.0000
vt 0.9011 0.2820 0.0000
vt 0.9011 0.7180 0.0000
vt 0.0989 0.7180 0.0000
vt 0.9011 0.9876 0.0000
vt 0.0989 0.9876 0.0000
vt 0.2820 0.0000 0.0000
vt 0.7180 0.0000 0.0000
vt 0.7180 0.9876 0.0000
vt 0.2820 0.9876 0.0000
vt 0.0000 1.0000 0.0000
vt 0.0989 1.2636 0.0000
vt 0.0989 1.2291 0.0000
vt 0.9011 1.2291 0.0000
vt 0.9011 1.2636 0.0000
vt 0.2820 0.5888 0.0000
vt 0.2820 0.6387 0.0000
vt 0.7180 0.6387 0.0000
vt 0.7180 0.5888 0.0000
vt 0.0858 -0.0039 0.0000
vt 0.1103 -0.0034 0.0000
vt 0.1124 0.9842 0.0000
vt 0.0882 0.9837 0.0000
vt 0.9118 0.9837 0.0000
vt 0.8876 0.9842 0.0000
vt 0.8897 -0.0034 0.0000
vt 0.9142 -0.0039 0.0000
vt 0.2443 -0.0106 0.0000
vt 0.2261 -0.0092 0.0000
vt 0.2204 0.9786 0.0000
vt 0.2378 0.9773 0.0000
vt 0.0730 0.9914 0.0000
vt 0.0448 0.9966 0.0000
vt 0.0143 1.0032 0.0000
vt -0.0186 1.0113 0.0000
vt -0.0537 1.0207 0.0000
vt -0.0912 1.0315 0.0000
vt -0.1310 1.0438 0.0000
vt -0.1732 1.0574 0.0000
vt -0.1353 1.0420 0.0000
vt -0.1082 1.0243 0.0000
vt -0.0920 1.0044 0.0000
vt -0.0866 0.9824 0.0000
vt -0.0920 0.9581 0.0000
vt -0.1082 0.9316 0.0000
vt -0.1353 0.9029 0.0000
vt -0.1732 0.8720 0.0000
vt 0.2188 0.9928 0.0000
vt 0.1702 1.0022 0.0000
vt 0.1362 1.0157 0.0000
vt 0.1168 1.0334 0.0000
vt 0.1121 1.0552 0.0000
vt 0.1219 1.0813 0.0000
vt 0.1463 1.1115 0.0000
vt 0.1854 1.1458 0.0000
vt 0.1411 1.1107 0.0000
vt 0.1009 1.0783 0.0000
vt 0.0648 1.0486 0.0000
vt 0.0328 1.0215 0.0000
vt 0.0049 0.9971 0.0000
vt -0.0189 0.9755 0.0000
vt -0.0387 0.9565 0.0000
vt -0.0543 0.9402 0.0000
vt 0.0989 1.1946 0.0000
vt 0.9011 1.1946 0.0000
vt 0.0989 1.1601 0.0000
vt 0.9011 1.1601 0.0000
vt 0.0989 1.1256 0.0000
vt 0.9011 1.1256 0.0000
vt 0.0989 1.0911 0.0000
vt 0.9011 1.0911 0.0000
vt 0.0989 1.0566 0.0000
vt 0.9011 1.0566 0.0000
vt 0.0989 1.0221 0.0000
vt 0.9011 1.0221 0.0000
vt 0.2820 0.6885 0.0000
vt 0.7180 0.6885 0.0000
vt 0.2820 0.7384 0.0000
vt 0.7180 0.7384 0.0000
vt 0.2820 0.7882 0.0000
vt 0.7180 0.7882 0.0000
vt 0.2820 0.8381 0.0000
vt 0.7180 0.8381 0.0000
vt 0.2820 0.8879 0.0000
vt 0.7180 0.8879 0.0000
vt 0.2820 0.9378 0.0000
vt 0.7180 0.9378 0.0000
vt 0.1349 -0.0029 0.0000
vt 0.1366 0.9847 0.0000
vt 0.1594 -0.0024 0.0000
vt 0.1609 0.9852 0.0000
vt 0.1839 -0.0020 0.0000
vt 0.1851 0.9857 0.0000
vt 0.2084 -0.0015 0.0000
vt 0.2093 0.9862 0.0000
vt 0.2330 -0.0010 0.0000
vt 0.2336 0.9867 0.0000
vt 0.2575 -0.0005 0.0000
vt 0.2578 0.9871 0.0000
vt 0.8634 0.9847 0.0000
vt 0.8651 -0.0029 0.0000
vt 0.8391 0.9852 0.0000
vt 0.8406 -0.0024 0.0000
vt 0.8149 0.9857 0.0000
vt 0.8161 -0.0020 0.0000
vt 0.7907 0.9862 0.0000
vt 0.7916 -0.0015 0.0000
vt 0.7664 0.9867 0.0000
vt 0.7670 -0.0010 0.0000
vt 0.7422 0.9871 0.0000
vt 0.7425 -0.0005 0.0000
vt 0.2079 -0.0079 0.0000
vt 0.2031 0.9799 0.0000
vt 0.1898 -0.0066 0.0000
vt 0.1857 0.9812 0.0000
vt 0.1716 -0.0053 0.0000
vt 0.1684 0.9825 0.0000
vt 0.1534 -0.0040 0.0000
vt 0.1510 0.9838 0.0000
vt 0.1353 -0.0026 0.0000
vt 0.1336 0.9851 0.0000
vt 0.1171 -0.0013 0.0000
vt 0.1163 0.9863 0.0000
# 159 texture coords

o Box040
g Box040
usemtl wire_062062062
s 1
f 3281/1591/3281 3282/1592/3282 3283/1593/3283 3284/1594/3284 3285/1595/3285 3286/1596/3286 3287/1597/3287 3288/1598/3288 3289/1599/3289 3290/1600/3290 3291/1601/3291 3292/1602/3292 3293/1603/3293 3294/1604/3294 3295/1605/3295 3296/1606/3296 3297/1607/3297 3298/1608/3298 3299/1609/3299 3300/1610/3300 3301/1611/3301 3302/1612/3302 3303/1613/3303 3304/1614/3304 3305/1615/3305 3306/1616/3306 3307/1617/3307 3308/1618/3308 3309/1619/3309 3310/1620/3310 3311/1621/3311 3312/1622/3312 3313/1623/3313 3314/1624/3314 3315/1625/3315 3316/1626/3316 
s 2
f 3317/1627/3317 3318/1628/3318 3319/1629/3319 3320/1630/3320 
f 3281/1626/3281 3316/1591/3316 3321/1631/3321 3322/1632/3322 
f 3308/1633/3308 3307/1634/3307 3323/1635/3323 3324/1636/3324 
f 3299/1626/3299 3298/1591/3298 3325/1631/3325 3326/1632/3326 
f 3290/1633/3290 3289/1634/3289 3327/1635/3327 3328/1636/3328 
f 3322/1632/3322 3329/1637/3329 3330/1637/3330 
f 3324/1636/3324 3331/1637/3331 3332/1637/3332 
f 3328/1636/3328 3333/1637/3333 3334/1637/3334 
f 3326/1632/3326 3335/1637/3335 3336/1637/3336 
f 3317/1638/3317 3337/1639/3337 3338/1640/3338 3318/1641/3318 
f 3318/1642/3318 3339/1643/3339 3340/1644/3340 3319/1645/3319 
f 3319/1638/3319 3341/1639/3341 3342/1640/3342 3320/1641/3320 
f 3320/1642/3320 3343/1643/3343 3344/1644/3344 3317/1645/3317 
f 3316/1646/3316 3315/1647/3315 3345/1648/3345 3321/1649/3321 
f 3322/1650/3322 3330/1651/3330 3282/1652/3282 3281/1653/3281 
f 3307/1654/3307 3306/1655/3306 3346/1656/3346 3323/1657/3323 
f 3298/1646/3298 3297/1647/3297 3347/1648/3347 3325/1649/3325 
f 3322/1632/3322 3348/1658/3348 3349/1637/3349 
f 3348/1658/3348 3350/1659/3350 3351/1637/3351 3349/1637/3349 
f 3350/1659/3350 3352/1660/3352 3353/1637/3353 3351/1637/3351 
f 3352/1660/3352 3354/1661/3354 3355/1637/3355 3353/1637/3353 
f 3354/1661/3354 3356/1662/3356 3357/1637/3357 3355/1637/3355 
f 3356/1662/3356 3358/1663/3358 3359/1637/3359 3357/1637/3357 
f 3358/1663/3358 3337/1664/3337 3360/1637/3360 3359/1637/3359 
f 3337/1664/3337 3317/1665/3317 3344/1666/3344 3360/1637/3360 
f 3322/1632/3322 3349/1637/3349 3361/1637/3361 
f 3349/1637/3349 3351/1637/3351 3362/1637/3362 3361/1637/3361 
f 3351/1637/3351 3353/1637/3353 3363/1637/3363 3362/1637/3362 
f 3353/1637/3353 3355/1637/3355 3364/1637/3364 3363/1637/3363 
f 3355/1637/3355 3357/1637/3357 3365/1637/3365 3364/1637/3364 
f 3357/1637/3357 3359/1637/3359 3366/1637/3366 3365/1637/3365 
f 3359/1637/3359 3360/1637/3360 3367/1637/3367 3366/1637/3366 
f 3360/1637/3360 3344/1666/3344 3368/1667/3368 3367/1637/3367 
f 3322/1632/3322 3361/1637/3361 3369/1637/3369 
f 3361/1637/3361 3362/1637/3362 3370/1637/3370 3369/1637/3369 
f 3362/1637/3362 3363/1637/3363 3371/1637/3371 3370/1637/3370 
f 3363/1637/3363 3364/1637/3364 3372/1637/3372 3371/1637/3371 
f 3364/1637/3364 3365/1637/3365 3373/1637/3373 3372/1637/3372 
f 3365/1637/3365 3366/1637/3366 3374/1637/3374 3373/1637/3373 
f 3366/1637/3366 3367/1637/3367 3375/1637/3375 3374/1637/3374 
f 3367/1637/3367 3368/1667/3368 3376/1668/3376 3375/1637/3375 
f 3322/1632/3322 3369/1637/3369 3377/1637/3377 
f 3369/1637/3369 3370/1637/3370 3378/1637/3378 3377/1637/3377 
f 3370/1637/3370 3371/1637/3371 3379/1637/3379 3378/1637/3378 
f 3371/1637/3371 3372/1637/3372 3380/1637/3380 3379/1637/3379 
f 3372/1637/3372 3373/1637/3373 3381/1637/3381 3380/1637/3380 
f 3373/1637/3373 3374/1637/3374 3382/1637/3382 3381/1637/3381 
f 3374/1637/3374 3375/1637/3375 3383/1637/3383 3382/1637/3382 
f 3375/1637/3375 3376/1668/3376 3384/1669/3384 3383/1637/3383 
f 3322/1632/3322 3377/1637/3377 3385/1637/3385 
f 3377/1637/3377 3378/1637/3378 3386/1637/3386 3385/1637/3385 
f 3378/1637/3378 3379/1637/3379 3387/1637/3387 3386/1637/3386 
f 3379/1637/3379 3380/1637/3380 3388/1637/3388 3387/1637/3387 
f 3380/1637/3380 3381/1637/3381 3389/1637/3389 3388/1637/3388 
f 3381/1637/3381 3382/1637/3382 3390/1637/3390 3389/1637/3389 
f 3382/1637/3382 3383/1637/3383 3391/1637/3391 3390/1637/3390 
f 3383/1637/3383 3384/1669/3384 3392/1670/3392 3391/1637/3391 
f 3322/1632/3322 3385/1637/3385 3393/1637/3393 
f 3385/1637/3385 3386/1637/3386 3394/1637/3394 3393/1637/3393 
f 3386/1637/3386 3387/1637/3387 3395/1637/3395 3394/1637/3394 
f 3387/1637/3387 3388/1637/3388 3396/1637/3396 3395/1637/3395 
f 3388/1637/3388 3389/1637/3389 3397/1637/3397 3396/1637/3396 
f 3389/1637/3389 3390/1637/3390 3398/1637/3398 3397/1637/3397 
f 3390/1637/3390 3391/1637/3391 3399/1637/3399 3398/1637/3398 
f 3391/1637/3391 3392/1670/3392 3400/1671/3400 3399/1637/3399 
f 3322/1632/3322 3393/1637/3393 3329/1637/3329 
f 3393/1637/3393 3394/1637/3394 3401/1637/3401 3329/1637/3329 
f 3394/1637/3394 3395/1637/3395 3402/1637/3402 3401/1637/3401 
f 3395/1637/3395 3396/1637/3396 3403/1637/3403 3402/1637/3402 
f 3396/1637/3396 3397/1637/3397 3404/1637/3404 3403/1637/3403 
f 3397/1637/3397 3398/1637/3398 3405/1637/3405 3404/1637/3404 
f 3398/1637/3398 3399/1637/3399 3406/1637/3406 3405/1637/3405 
f 3399/1637/3399 3400/1671/3400 3407/1672/3407 3406/1637/3406 
f 3329/1637/3329 3401/1637/3401 3408/1637/3408 3330/1637/3330 
f 3401/1637/3401 3402/1637/3402 3409/1637/3409 3408/1637/3408 
f 3402/1637/3402 3403/1637/3403 3410/1637/3410 3409/1637/3409 
f 3403/1637/3403 3404/1637/3404 3411/1637/3411 3410/1637/3410 
f 3404/1637/3404 3405/1637/3405 3412/1637/3412 3411/1637/3411 
f 3405/1637/3405 3406/1637/3406 3413/1637/3413 3412/1637/3412 
f 3406/1637/3406 3407/1672/3407 3327/1673/3327 3413/1637/3413 
f 3324/1636/3324 3414/1674/3414 3415/1637/3415 
f 3414/1674/3414 3416/1675/3416 3417/1637/3417 3415/1637/3415 
f 3416/1675/3416 3418/1676/3418 3419/1637/3419 3417/1637/3417 
f 3418/1676/3418 3420/1677/3420 3421/1637/3421 3419/1637/3419 
f 3420/1677/3420 3422/1678/3422 3423/1637/3423 3421/1637/3421 
f 3422/1678/3422 3424/1679/3424 3425/1637/3425 3423/1637/3423 
f 3424/1679/3424 3339/1680/3339 3426/1637/3426 3425/1637/3425 
f 3339/1680/3339 3318/1681/3318 3338/1682/3338 3426/1637/3426 
f 3324/1636/3324 3415/1637/3415 3427/1637/3427 
f 3415/1637/3415 3417/1637/3417 3428/1637/3428 3427/1637/3427 
f 3417/1637/3417 3419/1637/3419 3429/1637/3429 3428/1637/3428 
f 3419/1637/3419 3421/1637/3421 3430/1637/3430 3429/1637/3429 
f 3421/1637/3421 3423/1637/3423 3431/1637/3431 3430/1637/3430 
f 3423/1637/3423 3425/1637/3425 3432/1637/3432 3431/1637/3431 
f 3425/1637/3425 3426/1637/3426 3433/1637/3433 3432/1637/3432 
f 3426/1637/3426 3338/1682/3338 3434/1683/3434 3433/1637/3433 
f 3324/1636/3324 3427/1637/3427 3435/1637/3435 
f 3427/1637/3427 3428/1637/3428 3436/1637/3436 3435/1637/3435 
f 3428/1637/3428 3429/1637/3429 3437/1637/3437 3436/1637/3436 
f 3429/1637/3429 3430/1637/3430 3438/1637/3438 3437/1637/3437 
f 3430/1637/3430 3431/1637/3431 3439/1637/3439 3438/1637/3438 
f 3431/1637/3431 3432/1637/3432 3440/1637/3440 3439/1637/3439 
f 3432/1637/3432 3433/1637/3433 3441/1637/3441 3440/1637/3440 
f 3433/1637/3433 3434/1683/3434 3442/1684/3442 3441/1637/3441 
f 3324/1636/3324 3435/1637/3435 3443/1637/3443 
f 3435/1637/3435 3436/1637/3436 3444/1637/3444 3443/1637/3443 
f 3436/1637/3436 3437/1637/3437 3445/1637/3445 3444/1637/3444 
f 3437/1637/3437 3438/1637/3438 3446/1637/3446 3445/1637/3445 
f 3438/1637/3438 3439/1637/3439 3447/1637/3447 3446/1637/3446 
f 3439/1637/3439 3440/1637/3440 3448/1637/3448 3447/1637/3447 
f 3440/1637/3440 3441/1637/3441 3449/1637/3449 3448/1637/3448 
f 3441/1637/3441 3442/1684/3442 3450/1685/3450 3449/1637/3449 
f 3324/1636/3324 3443/1637/3443 3451/1637/3451 
f 3443/1637/3443 3444/1637/3444 3452/1637/3452 3451/1637/3451 
f 3444/1637/3444 3445/1637/3445 3453/1637/3453 3452/1637/3452 
f 3445/1637/3445 3446/1637/3446 3454/1637/3454 3453/1637/3453 
f 3446/1637/3446 3447/1637/3447 3455/1637/3455 3454/1637/3454 
f 3447/1637/3447 3448/1637/3448 3456/1637/3456 3455/1637/3455 
f 3448/1637/3448 3449/1637/3449 3457/1637/3457 3456/1637/3456 
f 3449/1637/3449 3450/1685/3450 3458/1686/3458 3457/1637/3457 
f 3324/1636/3324 3451/1637/3451 3459/1637/3459 
f 3451/1637/3451 3452/1637/3452 3460/1637/3460 3459/1637/3459 
f 3452/1637/3452 3453/1637/3453 3461/1637/3461 3460/1637/3460 
f 3453/1637/3453 3454/1637/3454 3462/1637/3462 3461/1637/3461 
f 3454/1637/3454 3455/1637/3455 3463/1637/3463 3462/1637/3462 
f 3455/1637/3455 3456/1637/3456 3464/1637/3464 3463/1637/3463 
f 3456/1637/3456 3457/1637/3457 3465/1637/3465 3464/1637/3464 
f 3457/1637/3457 3458/1686/3458 3466/1687/3466 3465/1637/3465 
f 3324/1636/3324 3459/1637/3459 3331/1637/3331 
f 3459/1637/3459 3460/1637/3460 3467/1637/3467 3331/1637/3331 
f 3460/1637/3460 3461/1637/3461 3468/1637/3468 3467/1637/3467 
f 3461/1637/3461 3462/1637/3462 3469/1637/3469 3468/1637/3468 
f 3462/1637/3462 3463/1637/3463 3470/1637/3470 3469/1637/3469 
f 3463/1637/3463 3464/1637/3464 3471/1637/3471 3470/1637/3470 
f 3464/1637/3464 3465/1637/3465 3472/1637/3472 3471/1637/3471 
f 3465/1637/3465 3466/1687/3466 3473/1688/3473 3472/1637/3472 
f 3331/1637/3331 3467/1637/3467 3474/1637/3474 3332/1637/3332 
f 3467/1637/3467 3468/1637/3468 3475/1637/3475 3474/1637/3474 
f 3468/1637/3468 3469/1637/3469 3476/1637/3476 3475/1637/3475 
f 3469/1637/3469 3470/1637/3470 3477/1637/3477 3476/1637/3476 
f 3470/1637/3470 3471/1637/3471 3478/1637/3478 3477/1637/3477 
f 3471/1637/3471 3472/1637/3472 3345/1637/3345 3478/1637/3478 
f 3472/1637/3472 3473/1688/3473 3321/1689/3321 3345/1637/3345 
f 3328/1636/3328 3479/1674/3479 3480/1637/3480 
f 3479/1674/3479 3481/1675/3481 3482/1637/3482 3480/1637/3480 
f 3481/1675/3481 3483/1676/3483 3484/1637/3484 3482/1637/3482 
f 3483/1676/3483 3485/1677/3485 3486/1637/3486 3484/1637/3484 
f 3485/1677/3485 3487/1678/3487 3488/1637/3488 3486/1637/3486 
f 3487/1678/3487 3489/1679/3489 3490/1637/3490 3488/1637/3488 
f 3489/1679/3489 3343/1680/3343 3491/1637/3491 3490/1637/3490 
f 3343/1680/3343 3320/1681/3320 3342/1682/3342 3491/1637/3491 
f 3328/1636/3328 3480/1637/3480 3492/1637/3492 
f 3480/1637/3480 3482/1637/3482 3493/1637/3493 3492/1637/3492 
f 3482/1637/3482 3484/1637/3484 3494/1637/3494 3493/1637/3493 
f 3484/1637/3484 3486/1637/3486 3495/1637/3495 3494/1637/3494 
f 3486/1637/3486 3488/1637/3488 3496/1637/3496 3495/1637/3495 
f 3488/1637/3488 3490/1637/3490 3497/1637/3497 3496/1637/3496 
f 3490/1637/3490 3491/1637/3491 3498/1637/3498 3497/1637/3497 
f 3491/1637/3491 3342/1682/3342 3499/1683/3499 3498/1637/3498 
f 3328/1636/3328 3492/1637/3492 3500/1637/3500 
f 3492/1637/3492 3493/1637/3493 3501/1637/3501 3500/1637/3500 
f 3493/1637/3493 3494/1637/3494 3502/1637/3502 3501/1637/3501 
f 3494/1637/3494 3495/1637/3495 3503/1637/3503 3502/1637/3502 
f 3495/1637/3495 3496/1637/3496 3504/1637/3504 3503/1637/3503 
f 3496/1637/3496 3497/1637/3497 3505/1637/3505 3504/1637/3504 
f 3497/1637/3497 3498/1637/3498 3506/1637/3506 3505/1637/3505 
f 3498/1637/3498 3499/1683/3499 3507/1684/3507 3506/1637/3506 
f 3328/1636/3328 3500/1637/3500 3508/1637/3508 
f 3500/1637/3500 3501/1637/3501 3509/1637/3509 3508/1637/3508 
f 3501/1637/3501 3502/1637/3502 3510/1637/3510 3509/1637/3509 
f 3502/1637/3502 3503/1637/3503 3511/1637/3511 3510/1637/3510 
f 3503/1637/3503 3504/1637/3504 3512/1637/3512 3511/1637/3511 
f 3504/1637/3504 3505/1637/3505 3513/1637/3513 3512/1637/3512 
f 3505/1637/3505 3506/1637/3506 3514/1637/3514 3513/1637/3513 
f 3506/1637/3506 3507/1684/3507 3515/1685/3515 3514/1637/3514 
f 3328/1636/3328 3508/1637/3508 3516/1637/3516 
f 3508/1637/3508 3509/1637/3509 3517/1637/3517 3516/1637/3516 
f 3509/1637/3509 3510/1637/3510 3518/1637/3518 3517/1637/3517 
f 3510/1637/3510 3511/1637/3511 3519/1637/3519 3518/1637/3518 
f 3511/1637/3511 3512/1637/3512 3520/1637/3520 3519/1637/3519 
f 3512/1637/3512 3513/1637/3513 3521/1637/3521 3520/1637/3520 
f 3513/1637/3513 3514/1637/3514 3522/1637/3522 3521/1637/3521 
f 3514/1637/3514 3515/1685/3515 3523/1686/3523 3522/1637/3522 
f 3328/1636/3328 3516/1637/3516 3524/1637/3524 
f 3516/1637/3516 3517/1637/3517 3525/1637/3525 3524/1637/3524 
f 3517/1637/3517 3518/1637/3518 3526/1637/3526 3525/1637/3525 
f 3518/1637/3518 3519/1637/3519 3527/1637/3527 3526/1637/3526 
f 3519/1637/3519 3520/1637/3520 3528/1637/3528 3527/1637/3527 
f 3520/1637/3520 3521/1637/3521 3529/1637/3529 3528/1637/3528 
f 3521/1637/3521 3522/1637/3522 3530/1637/3530 3529/1637/3529 
f 3522/1637/3522 3523/1686/3523 3531/1687/3531 3530/1637/3530 
f 3328/1636/3328 3524/1637/3524 3333/1637/3333 
f 3524/1637/3524 3525/1637/3525 3532/1637/3532 3333/1637/3333 
f 3525/1637/3525 3526/1637/3526 3533/1637/3533 3532/1637/3532 
f 3526/1637/3526 3527/1637/3527 3534/1637/3534 3533/1637/3533 
f 3527/1637/3527 3528/1637/3528 3535/1637/3535 3534/1637/3534 
f 3528/1637/3528 3529/1637/3529 3536/1637/3536 3535/1637/3535 
f 3529/1637/3529 3530/1637/3530 3537/1637/3537 3536/1637/3536 
f 3530/1637/3530 3531/1687/3531 3538/1688/3538 3537/1637/3537 
f 3333/1637/3333 3532/1637/3532 3539/1637/3539 3334/1637/3334 
f 3532/1637/3532 3533/1637/3533 3540/1637/3540 3539/1637/3539 
f 3533/1637/3533 3534/1637/3534 3541/1637/3541 3540/1637/3540 
f 3534/1637/3534 3535/1637/3535 3542/1637/3542 3541/1637/3541 
f 3535/1637/3535 3536/1637/3536 3543/1637/3543 3542/1637/3542 
f 3536/1637/3536 3537/1637/3537 3347/1637/3347 3543/1637/3543 
f 3537/1637/3537 3538/1688/3538 3325/1689/3325 3347/1637/3347 
f 3326/1632/3326 3544/1658/3544 3545/1637/3545 
f 3544/1658/3544 3546/1659/3546 3547/1637/3547 3545/1637/3545 
f 3546/1659/3546 3548/1660/3548 3549/1637/3549 3547/1637/3547 
f 3548/1660/3548 3550/1661/3550 3551/1637/3551 3549/1637/3549 
f 3550/1661/3550 3552/1662/3552 3553/1637/3553 3551/1637/3551 
f 3552/1662/3552 3554/1663/3554 3555/1637/3555 3553/1637/3553 
f 3554/1663/3554 3341/1664/3341 3556/1637/3556 3555/1637/3555 
f 3341/1664/3341 3319/1665/3319 3340/1666/3340 3556/1637/3556 
f 3326/1632/3326 3545/1637/3545 3557/1637/3557 
f 3545/1637/3545 3547/1637/3547 3558/1637/3558 3557/1637/3557 
f 3547/1637/3547 3549/1637/3549 3559/1637/3559 3558/1637/3558 
f 3549/1637/3549 3551/1637/3551 3560/1637/3560 3559/1637/3559 
f 3551/1637/3551 3553/1637/3553 3561/1637/3561 3560/1637/3560 
f 3553/1637/3553 3555/1637/3555 3562/1637/3562 3561/1637/3561 
f 3555/1637/3555 3556/1637/3556 3563/1637/3563 3562/1637/3562 
f 3556/1637/3556 3340/1666/3340 3564/1667/3564 3563/1637/3563 
f 3326/1632/3326 3557/1637/3557 3565/1637/3565 
f 3557/1637/3557 3558/1637/3558 3566/1637/3566 3565/1637/3565 
f 3558/1637/3558 3559/1637/3559 3567/1637/3567 3566/1637/3566 
f 3559/1637/3559 3560/1637/3560 3568/1637/3568 3567/1637/3567 
f 3560/1637/3560 3561/1637/3561 3569/1637/3569 3568/1637/3568 
f 3561/1637/3561 3562/1637/3562 3570/1637/3570 3569/1637/3569 
f 3562/1637/3562 3563/1637/3563 3571/1637/3571 3570/1637/3570 
f 3563/1637/3563 3564/1667/3564 3572/1668/3572 3571/1637/3571 
f 3326/1632/3326 3565/1637/3565 3573/1637/3573 
f 3565/1637/3565 3566/1637/3566 3574/1637/3574 3573/1637/3573 
f 3566/1637/3566 3567/1637/3567 3575/1637/3575 3574/1637/3574 
f 3567/1637/3567 3568/1637/3568 3576/1637/3576 3575/1637/3575 
f 3568/1637/3568 3569/1637/3569 3577/1637/3577 3576/1637/3576 
f 3569/1637/3569 3570/1637/3570 3578/1637/3578 3577/1637/3577 
f 3570/1637/3570 3571/1637/3571 3579/1637/3579 3578/1637/3578 
f 3571/1637/3571 3572/1668/3572 3580/1669/3580 3579/1637/3579 
f 3326/1632/3326 3573/1637/3573 3581/1637/3581 
f 3573/1637/3573 3574/1637/3574 3582/1637/3582 3581/1637/3581 
f 3574/1637/3574 3575/1637/3575 3583/1637/3583 3582/1637/3582 
f 3575/1637/3575 3576/1637/3576 3584/1637/3584 3583/1637/3583 
f 3576/1637/3576 3577/1637/3577 3585/1637/3585 3584/1637/3584 
f 3577/1637/3577 3578/1637/3578 3586/1637/3586 3585/1637/3585 
f 3578/1637/3578 3579/1637/3579 3587/1637/3587 3586/1637/3586 
f 3579/1637/3579 3580/1669/3580 3588/1670/3588 3587/1637/3587 
f 3326/1632/3326 3581/1637/3581 3589/1637/3589 
f 3581/1637/3581 3582/1637/3582 3590/1637/3590 3589/1637/3589 
f 3582/1637/3582 3583/1637/3583 3591/1637/3591 3590/1637/3590 
f 3583/1637/3583 3584/1637/3584 3592/1637/3592 3591/1637/3591 
f 3584/1637/3584 3585/1637/3585 3593/1637/3593 3592/1637/3592 
f 3585/1637/3585 3586/1637/3586 3594/1637/3594 3593/1637/3593 
f 3586/1637/3586 3587/1637/3587 3595/1637/3595 3594/1637/3594 
f 3587/1637/3587 3588/1670/3588 3596/1671/3596 3595/1637/3595 
f 3326/1632/3326 3589/1637/3589 3335/1637/3335 
f 3589/1637/3589 3590/1637/3590 3597/1637/3597 3335/1637/3335 
f 3590/1637/3590 3591/1637/3591 3598/1637/3598 3597/1637/3597 
f 3591/1637/3591 3592/1637/3592 3599/1637/3599 3598/1637/3598 
f 3592/1637/3592 3593/1637/3593 3600/1637/3600 3599/1637/3599 
f 3593/1637/3593 3594/1637/3594 3601/1637/3601 3600/1637/3600 
f 3594/1637/3594 3595/1637/3595 3602/1637/3602 3601/1637/3601 
f 3595/1637/3595 3596/1671/3596 3603/1672/3603 3602/1637/3602 
f 3335/1637/3335 3597/1637/3597 3604/1637/3604 3336/1637/3336 
f 3597/1637/3597 3598/1637/3598 3605/1637/3605 3604/1637/3604 
f 3598/1637/3598 3599/1637/3599 3606/1637/3606 3605/1637/3605 
f 3599/1637/3599 3600/1637/3600 3607/1637/3607 3606/1637/3606 
f 3600/1637/3600 3601/1637/3601 3608/1637/3608 3607/1637/3607 
f 3601/1637/3601 3602/1637/3602 3346/1637/3346 3608/1637/3608 
f 3602/1637/3602 3603/1672/3603 3323/1673/3323 3346/1637/3346 
f 3337/1639/3337 3358/1690/3358 3434/1691/3434 3338/1640/3338 
f 3358/1690/3358 3356/1692/3356 3442/1693/3442 3434/1691/3434 
f 3356/1692/3356 3354/1694/3354 3450/1695/3450 3442/1693/3442 
f 3354/1694/3354 3352/1696/3352 3458/1697/3458 3450/1695/3450 
f 3352/1696/3352 3350/1698/3350 3466/1699/3466 3458/1697/3458 
f 3350/1698/3350 3348/1700/3348 3473/1701/3473 3466/1699/3466 
f 3348/1700/3348 3322/1632/3322 3321/1631/3321 3473/1701/3473 
f 3339/1643/3339 3424/1702/3424 3564/1703/3564 3340/1644/3340 
f 3424/1702/3424 3422/1704/3422 3572/1705/3572 3564/1703/3564 
f 3422/1704/3422 3420/1706/3420 3580/1707/3580 3572/1705/3572 
f 3420/1706/3420 3418/1708/3418 3588/1709/3588 3580/1707/3580 
f 3418/1708/3418 3416/1710/3416 3596/1711/3596 3588/1709/3588 
f 3416/1710/3416 3414/1712/3414 3603/1713/3603 3596/1711/3596 
f 3414/1712/3414 3324/1636/3324 3323/1635/3323 3603/1713/3603 
f 3341/1639/3341 3554/1690/3554 3499/1691/3499 3342/1640/3342 
f 3554/1690/3554 3552/1692/3552 3507/1693/3507 3499/1691/3499 
f 3552/1692/3552 3550/1694/3550 3515/1695/3515 3507/1693/3507 
f 3550/1694/3550 3548/1696/3548 3523/1697/3523 3515/1695/3515 
f 3548/1696/3548 3546/1698/3546 3531/1699/3531 3523/1697/3523 
f 3546/1698/3546 3544/1700/3544 3538/1701/3538 3531/1699/3531 
f 3544/1700/3544 3326/1632/3326 3325/1631/3325 3538/1701/3538 
f 3343/1643/3343 3489/1702/3489 3368/1703/3368 3344/1644/3344 
f 3489/1702/3489 3487/1704/3487 3376/1705/3376 3368/1703/3368 
f 3487/1704/3487 3485/1706/3485 3384/1707/3384 3376/1705/3376 
f 3485/1706/3485 3483/1708/3483 3392/1709/3392 3384/1707/3384 
f 3483/1708/3483 3481/1710/3481 3400/1711/3400 3392/1709/3392 
f 3481/1710/3481 3479/1712/3479 3407/1713/3407 3400/1711/3400 
f 3479/1712/3479 3328/1636/3328 3327/1635/3327 3407/1713/3407 
f 3315/1647/3315 3314/1714/3314 3478/1715/3478 3345/1648/3345 
f 3314/1714/3314 3313/1716/3313 3477/1717/3477 3478/1715/3478 
f 3313/1716/3313 3312/1718/3312 3476/1719/3476 3477/1717/3477 
f 3312/1718/3312 3311/1720/3311 3475/1721/3475 3476/1719/3476 
f 3311/1720/3311 3310/1722/3310 3474/1723/3474 3475/1721/3475 
f 3310/1722/3310 3309/1724/3309 3332/1725/3332 3474/1723/3474 
f 3309/1724/3309 3308/1633/3308 3324/1636/3324 3332/1725/3332 
f 3330/1651/3330 3408/1726/3408 3283/1727/3283 3282/1652/3282 
f 3408/1726/3408 3409/1728/3409 3284/1729/3284 3283/1727/3283 
f 3409/1728/3409 3410/1730/3410 3285/1731/3285 3284/1729/3284 
f 3410/1730/3410 3411/1732/3411 3286/1733/3286 3285/1731/3285 
f 3411/1732/3411 3412/1734/3412 3287/1735/3287 3286/1733/3286 
f 3412/1734/3412 3413/1736/3413 3288/1737/3288 3287/1735/3287 
f 3413/1736/3413 3327/1635/3327 3289/1634/3289 3288/1737/3288 
f 3306/1655/3306 3305/1738/3305 3608/1739/3608 3346/1656/3346 
f 3305/1738/3305 3304/1740/3304 3607/1741/3607 3608/1739/3608 
f 3304/1740/3304 3303/1742/3303 3606/1743/3606 3607/1741/3607 
f 3303/1742/3303 3302/1744/3302 3605/1745/3605 3606/1743/3606 
f 3302/1744/3302 3301/1746/3301 3604/1747/3604 3605/1745/3605 
f 3301/1746/3301 3300/1748/3300 3336/1749/3336 3604/1747/3604 
f 3300/1748/3300 3299/1626/3299 3326/1632/3326 3336/1749/3336 
f 3297/1647/3297 3296/1714/3296 3543/1715/3543 3347/1648/3347 
f 3296/1714/3296 3295/1716/3295 3542/1717/3542 3543/1715/3543 
f 3295/1716/3295 3294/1718/3294 3541/1719/3541 3542/1717/3542 
f 3294/1718/3294 3293/1720/3293 3540/1721/3540 3541/1719/3541 
f 3293/1720/3293 3292/1722/3292 3539/1723/3539 3540/1721/3540 
f 3292/1722/3292 3291/1724/3291 3334/1725/3334 3539/1723/3539 
f 3291/1724/3291 3290/1633/3290 3328/1636/3328 3334/1725/3334 
# 294 polygons - 32 triangles

#
# object Box041
#

v  -38.3537 -0.4615 12.6440
v  -38.3747 -0.2555 12.6691
v  -38.3930 0.3626 12.6908
v  -38.4084 1.3928 12.7092
v  -38.4210 2.8351 12.7243
v  -38.4308 4.6894 12.7360
v  -38.4379 6.9559 12.7443
v  -38.4421 9.6344 12.7493
v  -38.4435 12.7249 12.7510
v  -38.4435 33.1096 12.7510
v  -38.4421 36.2001 12.7493
v  -38.4379 38.8786 12.7443
v  -38.4308 41.1451 12.7360
v  -38.4210 42.9994 12.7243
v  -38.4084 44.4417 12.7092
v  -38.3930 45.4719 12.6908
v  -38.3747 46.0900 12.6691
v  -38.3537 46.2960 12.6440
v  -37.6256 46.2960 11.7763
v  -37.6046 46.0900 11.7512
v  -37.5863 45.4719 11.7295
v  -37.5709 44.4417 11.7111
v  -37.5583 42.9994 11.6961
v  -37.5484 41.1451 11.6844
v  -37.5414 38.8786 11.6760
v  -37.5372 36.2001 11.6710
v  -37.5358 33.1096 11.6693
v  -37.5358 12.7249 11.6693
v  -37.5372 9.6344 11.6710
v  -37.5414 6.9559 11.6760
v  -37.5484 4.6894 11.6844
v  -37.5583 2.8351 11.6961
v  -37.5709 1.3928 11.7111
v  -37.5863 0.3626 11.7295
v  -37.6046 -0.2555 11.7512
v  -37.6256 -0.4615 11.7763
v  -37.7321 12.7249 13.1656
v  -37.0040 12.7249 12.2979
v  -37.0040 33.1096 12.2979
v  -37.7321 33.1096 13.1656
v  -37.0117 -0.4615 12.2914
v  -37.7398 -0.4615 13.1591
v  -36.9219 33.1096 12.1845
v  -36.9219 12.7249 12.1845
v  -37.7398 46.2960 13.1591
v  -37.0117 46.2960 12.2914
v  -37.8296 12.7249 13.2661
v  -37.8296 33.1096 13.2661
v  -37.7601 -0.2555 13.1842
v  -37.7608 -0.2555 13.1842
v  -36.9229 9.6827 12.1865
v  -36.9233 9.6344 12.1861
v  -37.8277 36.1518 13.2648
v  -37.8281 36.2001 13.2645
v  -36.9905 46.0900 12.2671
v  -36.9906 46.0900 12.2664
v  -37.7322 9.6344 13.1655
v  -37.0041 9.6344 12.2978
v  -36.9831 12.7249 12.2727
v  -36.9831 33.1096 12.2727
v  -37.0041 36.2001 12.2978
v  -37.7322 36.2001 13.1655
v  -37.7532 33.1096 13.1906
v  -37.7532 12.7249 13.1906
v  -36.9906 -0.2555 12.2664
v  -36.9233 36.2001 12.1861
v  -37.7608 46.0900 13.1842
v  -37.7380 -0.2555 13.1607
v  -37.7429 -0.2555 13.1665
v  -37.7364 0.3626 13.1620
v  -37.7457 0.3626 13.1729
v  -37.7351 1.3928 13.1631
v  -37.7480 1.3928 13.1783
v  -37.7340 2.8351 13.1640
v  -37.7499 2.8351 13.1827
v  -37.7332 4.6894 13.1647
v  -37.7514 4.6894 13.1862
v  -37.7326 6.9559 13.1652
v  -37.7524 6.9559 13.1886
v  -37.7530 9.6344 13.1901
v  -37.7473 -0.2555 13.1715
v  -37.7538 0.3626 13.1823
v  -37.7593 1.3928 13.1914
v  -37.7638 2.8351 13.1988
v  -37.7673 4.6894 13.2046
v  -37.7698 6.9559 13.2087
v  -37.7713 9.6344 13.2112
v  -37.7718 12.7249 13.2120
v  -37.7510 -0.2555 13.1757
v  -37.7608 0.3626 13.1901
v  -37.7691 1.3928 13.2023
v  -37.7758 2.8351 13.2122
v  -37.7811 4.6894 13.2199
v  -37.7849 6.9559 13.2255
v  -37.7871 9.6344 13.2288
v  -37.7879 12.7249 13.2299
v  -37.7542 -0.2555 13.1791
v  -37.7667 0.3626 13.1964
v  -37.7773 1.3928 13.2110
v  -37.7859 2.8351 13.2230
v  -37.7927 4.6894 13.2323
v  -37.7975 6.9559 13.2389
v  -37.8004 9.6344 13.2429
v  -37.8013 12.7249 13.2442
v  -37.7568 -0.2555 13.1816
v  -37.7715 0.3626 13.2011
v  -37.7839 1.3928 13.2176
v  -37.7941 2.8351 13.2311
v  -37.8021 4.6894 13.2415
v  -37.8077 6.9559 13.2490
v  -37.8111 9.6344 13.2535
v  -37.8122 12.7249 13.2550
v  -37.7587 -0.2555 13.1833
v  -37.7751 0.3626 13.2043
v  -37.7890 1.3928 13.2220
v  -37.8004 2.8351 13.2365
v  -37.8092 4.6894 13.2478
v  -37.8155 6.9559 13.2558
v  -37.8193 9.6344 13.2607
v  -37.8206 12.7249 13.2623
v  -37.7776 0.3626 13.2059
v  -37.7925 1.3928 13.2242
v  -37.8047 2.8351 13.2393
v  -37.8142 4.6894 13.2510
v  -37.8209 6.9559 13.2593
v  -37.8250 9.6344 13.2643
v  -37.8263 12.7249 13.2660
v  -37.7790 0.3626 13.2060
v  -37.7945 1.3928 13.2243
v  -37.8071 2.8351 13.2394
v  -37.8169 4.6894 13.2511
v  -37.8239 6.9559 13.2595
v  -37.8281 9.6344 13.2645
v  -36.9215 12.7249 12.1876
v  -36.9215 12.0006 12.1876
v  -36.9242 12.7249 12.1940
v  -36.9242 11.3728 12.1939
v  -36.9298 12.7249 12.2034
v  -36.9299 10.8416 12.2034
v  -36.9386 12.7249 12.2160
v  -36.9387 10.4070 12.2160
v  -36.9504 12.7249 12.2318
v  -36.9505 10.0690 12.2317
v  -36.9652 12.7249 12.2507
v  -36.9653 9.8275 12.2506
v  -36.9832 9.6827 12.2726
v  -36.9216 11.3728 12.1875
v  -36.9244 10.2010 12.1938
v  -36.9301 9.2094 12.2032
v  -36.9389 8.3981 12.2157
v  -36.9508 7.7671 12.2314
v  -36.9656 7.3164 12.2503
v  -36.9835 7.0460 12.2723
v  -37.0045 6.9559 12.2975
v  -36.9218 10.8416 12.1874
v  -36.9246 9.2094 12.1936
v  -36.9305 7.8283 12.2029
v  -36.9394 6.6983 12.2154
v  -36.9513 5.8194 12.2310
v  -36.9662 5.1917 12.2498
v  -36.9841 4.8150 12.2718
v  -37.0051 4.6894 12.2970
v  -36.9220 10.4070 12.1873
v  -36.9250 8.3981 12.1933
v  -36.9310 6.6983 12.2024
v  -36.9400 5.3076 12.2148
v  -36.9520 4.2258 12.2304
v  -36.9670 3.4532 12.2492
v  -36.9850 2.9896 12.2711
v  -37.0059 2.8351 12.2963
v  -36.9222 10.0690 12.1870
v  -36.9255 7.7671 12.1929
v  -36.9317 5.8194 12.2019
v  -36.9408 4.2258 12.2141
v  -36.9529 2.9864 12.2296
v  -36.9680 2.1011 12.2483
v  -36.9860 1.5699 12.2702
v  -37.0070 1.3928 12.2954
v  -36.9225 9.8275 12.1868
v  -36.9260 7.3164 12.1924
v  -36.9325 5.1917 12.2012
v  -36.9418 3.4532 12.2133
v  -36.9541 2.1011 12.2287
v  -36.9693 1.1353 12.2473
v  -36.9873 0.5558 12.2691
v  -37.0083 0.3626 12.2943
v  -36.9267 7.0460 12.1918
v  -36.9334 4.8150 12.2004
v  -36.9430 2.9896 12.2123
v  -36.9554 1.5699 12.2275
v  -36.9707 0.5558 12.2461
v  -36.9889 -0.0527 12.2679
v  -37.0099 -0.2555 12.2930
v  -36.9275 6.9559 12.1911
v  -36.9345 4.6894 12.1995
v  -36.9443 2.8351 12.2112
v  -36.9570 1.3928 12.2262
v  -36.9724 0.3626 12.2446
v  -37.8263 33.1096 13.2660
v  -37.8264 33.8339 13.2660
v  -37.8206 33.1096 13.2623
v  -37.8206 34.4617 13.2622
v  -37.8122 33.1096 13.2550
v  -37.8123 34.9929 13.2550
v  -37.8013 33.1096 13.2442
v  -37.8014 35.4275 13.2442
v  -37.7879 33.1096 13.2299
v  -37.7880 35.7655 13.2298
v  -37.7718 33.1096 13.2120
v  -37.7720 36.0070 13.2119
v  -37.7534 36.1518 13.1905
v  -37.8265 34.4617 13.2659
v  -37.8208 35.6335 13.2621
v  -37.8125 36.6251 13.2548
v  -37.8017 37.4364 13.2439
v  -37.7883 38.0674 13.2295
v  -37.7723 38.5181 13.2116
v  -37.7537 38.7885 13.1902
v  -37.7326 38.8786 13.1652
v  -37.8266 34.9929 13.2658
v  -37.8210 36.6251 13.2619
v  -37.8129 38.0062 13.2545
v  -37.8022 39.1362 13.2436
v  -37.7888 40.0151 13.2291
v  -37.7729 40.6428 13.2112
v  -37.7543 41.0195 13.1897
v  -37.7332 41.1451 13.1647
v  -37.8268 35.4275 13.2656
v  -37.8214 37.4364 13.2616
v  -37.8134 39.1362 13.2540
v  -37.8028 40.5269 13.2430
v  -37.7895 41.6087 13.2285
v  -37.7736 42.3813 13.2105
v  -37.7551 42.8449 13.1890
v  -37.7340 42.9994 13.1640
v  -37.8270 35.7655 13.2654
v  -37.8219 38.0674 13.2612
v  -37.8141 40.0151 13.2535
v  -37.8036 41.6087 13.2423
v  -37.7905 42.8481 13.2277
v  -37.7747 43.7334 13.2096
v  -37.7562 44.2646 13.1881
v  -37.7351 44.4417 13.1631
v  -37.8274 36.0070 13.2651
v  -37.8225 38.5181 13.2607
v  -37.8149 40.6428 13.2528
v  -37.8046 42.3813 13.2415
v  -37.7916 43.7334 13.2268
v  -37.7759 44.6992 13.2086
v  -37.7575 45.2787 13.1870
v  -37.7364 45.4719 13.1620
v  -37.8232 38.7885 13.2601
v  -37.8158 41.0195 13.2520
v  -37.8058 42.8449 13.2405
v  -37.7929 44.2646 13.2256
v  -37.7774 45.2787 13.2074
v  -37.7590 45.8872 13.1857
v  -37.7380 46.0900 13.1607
v  -37.8239 38.8786 13.2595
v  -37.8169 41.1451 13.2511
v  -37.8071 42.9994 13.2394
v  -37.7945 44.4417 13.2243
v  -37.7790 45.4719 13.2060
v  -37.0099 46.0900 12.2930
v  -37.0050 46.0900 12.2871
v  -37.0083 45.4719 12.2943
v  -36.9992 45.4719 12.2833
v  -37.0070 44.4417 12.2954
v  -36.9943 44.4417 12.2800
v  -37.0059 42.9994 12.2963
v  -36.9902 42.9994 12.2774
v  -37.0051 41.1451 12.2970
v  -36.9871 41.1451 12.2754
v  -37.0045 38.8786 12.2975
v  -36.9849 38.8786 12.2739
v  -36.9835 36.2001 12.2730
v  -37.0008 46.0900 12.2819
v  -36.9913 45.4719 12.2736
v  -36.9834 44.4417 12.2666
v  -36.9768 42.9994 12.2609
v  -36.9717 41.1451 12.2564
v  -36.9681 38.8786 12.2532
v  -36.9659 36.2001 12.2513
v  -36.9652 33.1096 12.2507
v  -36.9973 46.0900 12.2775
v  -36.9849 45.4719 12.2653
v  -36.9743 44.4417 12.2551
v  -36.9657 42.9994 12.2467
v  -36.9590 41.1451 12.2402
v  -36.9542 38.8786 12.2355
v  -36.9513 36.2001 12.2327
v  -36.9504 33.1096 12.2318
v  -36.9945 46.0900 12.2738
v  -36.9797 45.4719 12.2585
v  -36.9671 44.4417 12.2455
v  -36.9569 42.9994 12.2349
v  -36.9489 41.1451 12.2266
v  -36.9431 38.8786 12.2208
v  -36.9397 36.2001 12.2172
v  -36.9386 33.1096 12.2160
v  -36.9925 46.0900 12.2708
v  -36.9759 45.4719 12.2529
v  -36.9618 44.4417 12.2378
v  -36.9503 42.9994 12.2254
v  -36.9414 41.1451 12.2158
v  -36.9350 38.8786 12.2089
v  -36.9311 36.2001 12.2048
v  -36.9298 33.1096 12.2034
v  -36.9912 46.0900 12.2686
v  -36.9734 45.4719 12.2488
v  -36.9583 44.4417 12.2320
v  -36.9460 42.9994 12.2183
v  -36.9365 41.1451 12.2077
v  -36.9296 38.8786 12.2001
v  -36.9255 36.2001 12.1955
v  -36.9241 33.1096 12.1940
v  -36.9722 45.4719 12.2460
v  -36.9567 44.4417 12.2282
v  -36.9440 42.9994 12.2136
v  -36.9342 41.1451 12.2022
v  -36.9271 38.8786 12.1941
v  -36.9229 36.2001 12.1893
v  -36.9215 33.1096 12.1876
v  -36.9724 45.4719 12.2446
v  -36.9570 44.4417 12.2262
v  -36.9443 42.9994 12.2112
v  -36.9345 41.1451 12.1995
v  -36.9275 38.8786 12.1911
# 328 vertices

vn -0.5513 -0.7140 -0.4316
vn -0.5963 -0.7164 -0.3622
vn -0.6752 -0.6897 -0.2615
vn -0.7656 -0.6261 -0.1482
vn -0.8542 -0.5183 -0.0402
vn -0.9247 -0.3786 0.0414
vn -0.9683 -0.2337 0.0878
vn -0.9887 -0.1059 0.1057
vn -0.9950 -0.0238 0.0972
vn -0.9950 0.0238 0.0972
vn -0.9887 0.1059 0.1057
vn -0.9683 0.2337 0.0878
vn -0.9247 0.3786 0.0414
vn -0.8542 0.5183 -0.0402
vn -0.7656 0.6261 -0.1482
vn -0.6752 0.6897 -0.2615
vn -0.5963 0.7164 -0.3622
vn -0.5513 0.7140 -0.4316
vn -0.5207 0.7140 -0.4680
vn -0.4602 0.7164 -0.5243
vn -0.3748 0.6897 -0.6196
vn -0.2789 0.6261 -0.7282
vn -0.1879 0.5183 -0.8343
vn -0.1198 0.3786 -0.9178
vn -0.0817 0.2337 -0.9689
vn -0.0676 0.1059 -0.9921
vn -0.0771 0.0238 -0.9967
vn -0.0771 -0.0238 -0.9967
vn -0.0676 -0.1059 -0.9921
vn -0.0817 -0.2337 -0.9689
vn -0.1198 -0.3786 -0.9178
vn -0.1879 -0.5183 -0.8343
vn -0.2789 -0.6261 -0.7282
vn -0.3748 -0.6897 -0.6196
vn -0.4602 -0.7164 -0.5243
vn -0.5207 -0.7140 -0.4680
vn 0.7438 -0.0332 0.6675
vn 0.7866 -0.0332 0.6166
vn 0.7866 0.0332 0.6166
vn 0.7438 0.0332 0.6675
vn 0.0468 -0.9989 -0.0041
vn 0.0033 -0.9993 0.0376
vn 0.6675 0.0332 -0.7438
vn 0.6627 -0.0267 -0.7484
vn 0.0041 0.9989 0.0468
vn 0.0376 0.9993 -0.0033
vn -0.6166 -0.0332 0.7866
vn -0.6219 0.0267 0.7826
vn -0.0784 -0.9888 0.1267
vn -0.0912 -0.9890 0.1164
vn 0.6520 -0.1475 -0.7438
vn 0.6395 -0.1478 -0.7544
vn -0.6192 0.1475 0.7712
vn -0.6319 0.1478 0.7608
vn 0.1112 0.9888 -0.0992
vn 0.0988 0.9890 -0.1100
vn 0.7363 -0.1458 0.6607
vn 0.7789 -0.1462 0.6099
vn 0.8512 -0.0329 0.5239
vn 0.8514 0.0335 0.5235
vn 0.7786 0.1458 0.6104
vn 0.7358 0.1462 0.6612
vn 0.6637 0.0329 0.7473
vn 0.6634 -0.0335 0.7475
vn 0.1189 -0.9888 -0.0906
vn 0.6607 0.1458 -0.7363
vn -0.0686 0.9888 0.1328
vn 0.1100 -0.9890 0.0988
vn 0.0992 -0.9888 0.1112
vn 0.2403 -0.9464 0.2158
vn 0.2150 -0.9463 0.2414
vn 0.3865 -0.8545 0.3470
vn 0.3448 -0.8549 0.3877
vn 0.5274 -0.7056 0.4733
vn 0.4698 -0.7067 0.5290
vn 0.6375 -0.5161 0.5721
vn 0.5679 -0.5178 0.6399
vn 0.7051 -0.3201 0.6327
vn 0.6284 -0.3217 0.7083
vn 0.6564 -0.1467 0.7400
vn 0.0770 -0.9891 0.1254
vn 0.1663 -0.9478 0.2720
vn 0.2669 -0.8586 0.4377
vn 0.3646 -0.7127 0.5993
vn 0.4420 -0.5244 0.7277
vn 0.4903 -0.3269 0.8079
vn 0.5130 -0.1494 0.8453
vn 0.5187 -0.0341 0.8543
vn 0.0473 -0.9894 0.1370
vn 0.1020 -0.9495 0.2967
vn 0.1639 -0.8627 0.4783
vn 0.2247 -0.7193 0.6574
vn 0.2735 -0.5317 0.8015
vn 0.3042 -0.3327 0.8926
vn 0.3188 -0.1524 0.9355
vn 0.3226 -0.0349 0.9459
vn 0.0125 -0.9896 0.1434
vn 0.0271 -0.9503 0.3102
vn 0.0438 -0.8645 0.5006
vn 0.0603 -0.7221 0.6891
vn 0.0736 -0.5350 0.8417
vn 0.0821 -0.3353 0.9385
vn 0.0861 -0.1537 0.9844
vn 0.0871 -0.0352 0.9956
vn -0.0228 -0.9894 0.1431
vn -0.0489 -0.9495 0.3099
vn -0.0784 -0.8627 0.4995
vn -0.1071 -0.7193 0.6864
vn -0.1301 -0.5317 0.8369
vn -0.1446 -0.3327 0.9319
vn -0.1515 -0.1524 0.9766
vn -0.1534 -0.0349 0.9875
vn -0.0541 -0.9891 0.1369
vn -0.1165 -0.9478 0.2967
vn -0.1868 -0.8586 0.4774
vn -0.2550 -0.7127 0.6535
vn -0.3089 -0.5244 0.7934
vn -0.3426 -0.3269 0.8808
vn -0.3584 -0.1494 0.9215
vn -0.3625 -0.0341 0.9314
vn -0.1698 -0.9463 0.2751
vn -0.2722 -0.8549 0.4417
vn -0.3708 -0.7067 0.6025
vn -0.4481 -0.5178 0.7288
vn -0.4958 -0.3217 0.8067
vn -0.5180 -0.1467 0.8427
vn -0.5235 -0.0335 0.8514
vn -0.1992 -0.9464 0.2542
vn -0.3204 -0.8545 0.4088
vn -0.4372 -0.7056 0.5577
vn -0.5284 -0.5161 0.6741
vn -0.5845 -0.3201 0.7456
vn -0.6104 -0.1458 0.7786
vn 0.7490 -0.0050 -0.6626
vn 0.7486 -0.0214 -0.6627
vn 0.8556 -0.0108 -0.5175
vn 0.8533 -0.0467 -0.5193
vn 0.9470 -0.0173 -0.3209
vn 0.9427 -0.0754 -0.3249
vn 0.9961 -0.0236 -0.0853
vn 0.9904 -0.1032 -0.0915
vn 0.9875 -0.0285 0.1549
vn 0.9811 -0.1252 0.1474
vn 0.9311 -0.0315 0.3634
vn 0.9243 -0.1387 0.3556
vn 0.8439 -0.1449 0.5166
vn 0.7427 -0.0466 -0.6680
vn 0.8407 -0.1015 -0.5318
vn 0.9240 -0.1638 -0.3455
vn 0.9671 -0.2247 -0.1188
vn 0.9548 -0.2734 0.1166
vn 0.8957 -0.3037 0.3248
vn 0.8133 -0.3178 0.4874
vn 0.7470 -0.3210 0.5822
vn 0.7312 -0.0745 -0.6780
vn 0.8163 -0.1617 -0.5546
vn 0.8863 -0.2611 -0.3825
vn 0.9179 -0.3591 -0.1687
vn 0.8970 -0.4382 0.0585
vn 0.8319 -0.4882 0.2637
vn 0.7457 -0.5117 0.4268
vn 0.6775 -0.5173 0.5230
vn 0.7141 -0.1018 -0.6926
vn 0.7795 -0.2202 -0.5864
vn 0.8279 -0.3554 -0.4339
vn 0.8389 -0.4891 -0.2388
vn 0.8015 -0.5974 -0.0258
vn 0.7258 -0.6662 0.1714
vn 0.6340 -0.6987 0.3314
vn 0.5640 -0.7067 0.4273
vn 0.6931 -0.1243 -0.7100
vn 0.7342 -0.2688 -0.6234
vn 0.7545 -0.4330 -0.4931
vn 0.7375 -0.5947 -0.3201
vn 0.6775 -0.7247 -0.1256
vn 0.5879 -0.8068 0.0590
vn 0.4899 -0.8455 0.2122
vn 0.4187 -0.8551 0.3058
vn 0.6715 -0.1396 -0.7278
vn 0.6870 -0.3022 -0.6608
vn 0.6774 -0.4858 -0.5525
vn 0.6303 -0.6645 -0.4015
vn 0.5465 -0.8064 -0.2260
vn 0.4428 -0.8949 -0.0552
vn 0.3395 -0.9363 0.0898
vn 0.2678 -0.9465 0.1802
vn 0.6441 -0.3198 -0.6949
vn 0.6073 -0.5133 -0.6064
vn 0.5333 -0.6999 -0.4750
vn 0.4287 -0.8463 -0.3162
vn 0.3130 -0.9366 -0.1573
vn 0.2053 -0.9785 -0.0192
vn 0.1335 -0.9887 0.0683
vn 0.6166 -0.3228 -0.7180
vn 0.5625 -0.5192 -0.6434
vn 0.4716 -0.7082 -0.5254
vn 0.3536 -0.8560 -0.3771
vn 0.2299 -0.9468 -0.2250
vn -0.5225 0.0050 0.8526
vn -0.5226 0.0214 0.8523
vn -0.3611 0.0108 0.9325
vn -0.3633 0.0467 0.9305
vn -0.1516 0.0173 0.9883
vn -0.1563 0.0754 0.9848
vn 0.0890 0.0236 0.9958
vn 0.0819 0.1032 0.9913
vn 0.3240 0.0285 0.9456
vn 0.3155 0.1252 0.9406
vn 0.5195 0.0315 0.8539
vn 0.5107 0.1387 0.8485
vn 0.6553 0.1449 0.7414
vn -0.5288 0.0466 0.8474
vn -0.3778 0.1015 0.9203
vn -0.1798 0.1638 0.9700
vn 0.0509 0.2247 0.9731
vn 0.2806 0.2734 0.9201
vn 0.4754 0.3037 0.8257
vn 0.6212 0.3178 0.7163
vn 0.7031 0.3210 0.6345
vn -0.5408 0.0745 0.8379
vn -0.4044 0.1617 0.9002
vn -0.2228 0.2611 0.9393
vn -0.0068 0.3591 0.9333
vn 0.2134 0.4382 0.8732
vn 0.4042 0.4882 0.7735
vn 0.5498 0.5117 0.6602
vn 0.6326 0.5173 0.5764
vn -0.5581 0.1018 0.8235
vn -0.4421 0.2202 0.8695
vn -0.2835 0.3554 0.8907
vn -0.0895 0.4891 0.8676
vn 0.1138 0.5974 0.7938
vn 0.2948 0.6662 0.6850
vn 0.4364 0.6987 0.5669
vn 0.5187 0.7067 0.4812
vn -0.5789 0.1243 0.8059
vn -0.4865 0.2688 0.8313
vn -0.3546 0.4330 0.8287
vn -0.1872 0.5947 0.7818
vn -0.0061 0.7247 0.6890
vn 0.1601 0.8068 0.5687
vn 0.2941 0.8455 0.4457
vn 0.3738 0.8551 0.3592
vn -0.6001 0.1396 0.7876
vn -0.5315 0.3022 0.7913
vn -0.4265 0.4858 0.7630
vn -0.2859 0.6645 0.6904
vn -0.1277 0.8064 0.5774
vn 0.0225 0.8949 0.4457
vn 0.1474 0.9363 0.3187
vn 0.2239 0.9465 0.2325
vn -0.5725 0.3198 0.7550
vn -0.4918 0.5133 0.7033
vn -0.3752 0.6999 0.6077
vn -0.2369 0.8463 0.4771
vn -0.1005 0.9366 0.3356
vn 0.0167 0.9785 0.2055
vn 0.0905 0.9887 0.1196
vn -0.6001 0.3228 0.7319
vn -0.5360 0.5192 0.6657
vn -0.4355 0.7082 0.5557
vn -0.3099 0.8560 0.4137
vn -0.1817 0.9468 0.2655
vn 0.1164 0.9890 0.0912
vn 0.1267 0.9888 0.0784
vn 0.2542 0.9464 0.1992
vn 0.2751 0.9463 0.1698
vn 0.4088 0.8545 0.3204
vn 0.4417 0.8549 0.2722
vn 0.5577 0.7056 0.4372
vn 0.6025 0.7067 0.3708
vn 0.6741 0.5161 0.5284
vn 0.7288 0.5178 0.4481
vn 0.7456 0.3201 0.5845
vn 0.8067 0.3217 0.4958
vn 0.8427 0.1467 0.5180
vn 0.1369 0.9891 0.0541
vn 0.2967 0.9478 0.1165
vn 0.4774 0.8586 0.1868
vn 0.6535 0.7127 0.2550
vn 0.7934 0.5244 0.3089
vn 0.8808 0.3269 0.3426
vn 0.9215 0.1494 0.3584
vn 0.9314 0.0341 0.3625
vn 0.1431 0.9894 0.0228
vn 0.3099 0.9495 0.0489
vn 0.4995 0.8627 0.0784
vn 0.6864 0.7193 0.1071
vn 0.8369 0.5317 0.1301
vn 0.9319 0.3327 0.1446
vn 0.9766 0.1524 0.1515
vn 0.9875 0.0349 0.1534
vn 0.1434 0.9896 -0.0125
vn 0.3102 0.9503 -0.0271
vn 0.5006 0.8645 -0.0438
vn 0.6891 0.7221 -0.0603
vn 0.8417 0.5350 -0.0736
vn 0.9385 0.3353 -0.0821
vn 0.9844 0.1537 -0.0861
vn 0.9956 0.0352 -0.0871
vn 0.1370 0.9894 -0.0473
vn 0.2967 0.9495 -0.1020
vn 0.4783 0.8627 -0.1639
vn 0.6574 0.7193 -0.2247
vn 0.8015 0.5317 -0.2734
vn 0.8926 0.3327 -0.3042
vn 0.9355 0.1524 -0.3188
vn 0.9459 0.0349 -0.3226
vn 0.1254 0.9891 -0.0770
vn 0.2720 0.9478 -0.1663
vn 0.4377 0.8586 -0.2668
vn 0.5993 0.7127 -0.3646
vn 0.7277 0.5244 -0.4420
vn 0.8079 0.3269 -0.4903
vn 0.8453 0.1494 -0.5130
vn 0.8543 0.0341 -0.5187
vn 0.2414 0.9463 -0.2150
vn 0.3877 0.8549 -0.3448
vn 0.5290 0.7067 -0.4698
vn 0.6399 0.5178 -0.5679
vn 0.7083 0.3217 -0.6284
vn 0.7400 0.1467 -0.6564
vn 0.7475 0.0335 -0.6634
vn 0.2158 0.9464 -0.2403
vn 0.3470 0.8545 -0.3865
vn 0.4733 0.7056 -0.5274
vn 0.5721 0.5161 -0.6375
vn 0.6327 0.3201 -0.7051
# 328 vertex normals

vt 0.9011 0.0000 0.0000
vt 0.9243 0.0044 0.0000
vt 0.9444 0.0176 0.0000
vt 0.9614 0.0397 0.0000
vt 0.9753 0.0705 0.0000
vt 0.9861 0.1102 0.0000
vt 0.9938 0.1586 0.0000
vt 0.9985 0.2159 0.0000
vt 1.0000 0.2820 0.0000
vt 1.0000 0.7180 0.0000
vt 0.9985 0.7841 0.0000
vt 0.9938 0.8414 0.0000
vt 0.9861 0.8898 0.0000
vt 0.9753 0.9295 0.0000
vt 0.9614 0.9603 0.0000
vt 0.9444 0.9824 0.0000
vt 0.9243 0.9956 0.0000
vt 0.9011 1.0000 0.0000
vt 0.0989 1.0000 0.0000
vt 0.0757 0.9956 0.0000
vt 0.0556 0.9824 0.0000
vt 0.0386 0.9603 0.0000
vt 0.0247 0.9295 0.0000
vt 0.0139 0.8898 0.0000
vt 0.0062 0.8414 0.0000
vt 0.0015 0.7841 0.0000
vt 0.0000 0.7180 0.0000
vt 0.0000 0.2820 0.0000
vt 0.0015 0.2159 0.0000
vt 0.0062 0.1586 0.0000
vt 0.0139 0.1102 0.0000
vt 0.0247 0.0705 0.0000
vt 0.0386 0.0397 0.0000
vt 0.0556 0.0176 0.0000
vt 0.0757 0.0044 0.0000
vt 0.0989 0.0000 0.0000
vt 0.0989 0.2820 0.0000
vt 0.9011 0.2820 0.0000
vt 0.9011 0.7180 0.0000
vt 0.0989 0.7180 0.0000
vt 0.9011 0.9876 0.0000
vt 0.0989 0.9876 0.0000
vt 0.2820 0.0000 0.0000
vt 0.7180 0.0000 0.0000
vt 0.7180 0.9876 0.0000
vt 0.2820 0.9876 0.0000
vt 0.0000 1.0000 0.0000
vt 0.0989 1.2636 0.0000
vt 0.0989 1.2291 0.0000
vt 0.9011 1.2291 0.0000
vt 0.9011 1.2636 0.0000
vt 0.2820 0.5888 0.0000
vt 0.2820 0.6387 0.0000
vt 0.7180 0.6387 0.0000
vt 0.7180 0.5888 0.0000
vt 0.0858 -0.0039 0.0000
vt 0.1103 -0.0034 0.0000
vt 0.1124 0.9842 0.0000
vt 0.0882 0.9837 0.0000
vt 0.9118 0.9837 0.0000
vt 0.8876 0.9842 0.0000
vt 0.8897 -0.0034 0.0000
vt 0.9142 -0.0039 0.0000
vt 0.2443 -0.0106 0.0000
vt 0.2261 -0.0092 0.0000
vt 0.2204 0.9786 0.0000
vt 0.2378 0.9773 0.0000
vt 0.0730 0.9914 0.0000
vt 0.0448 0.9966 0.0000
vt 0.0143 1.0032 0.0000
vt -0.0186 1.0113 0.0000
vt -0.0537 1.0207 0.0000
vt -0.0912 1.0315 0.0000
vt -0.1310 1.0438 0.0000
vt -0.1732 1.0574 0.0000
vt -0.1353 1.0420 0.0000
vt -0.1082 1.0243 0.0000
vt -0.0920 1.0044 0.0000
vt -0.0866 0.9824 0.0000
vt -0.0920 0.9581 0.0000
vt -0.1082 0.9316 0.0000
vt -0.1353 0.9029 0.0000
vt -0.1732 0.8720 0.0000
vt 0.2188 0.9928 0.0000
vt 0.1702 1.0022 0.0000
vt 0.1362 1.0157 0.0000
vt 0.1168 1.0334 0.0000
vt 0.1121 1.0552 0.0000
vt 0.1219 1.0813 0.0000
vt 0.1463 1.1115 0.0000
vt 0.1854 1.1458 0.0000
vt 0.1411 1.1107 0.0000
vt 0.1009 1.0783 0.0000
vt 0.0648 1.0486 0.0000
vt 0.0328 1.0215 0.0000
vt 0.0049 0.9971 0.0000
vt -0.0189 0.9755 0.0000
vt -0.0387 0.9565 0.0000
vt -0.0543 0.9402 0.0000
vt 0.0989 1.1946 0.0000
vt 0.9011 1.1946 0.0000
vt 0.0989 1.1601 0.0000
vt 0.9011 1.1601 0.0000
vt 0.0989 1.1256 0.0000
vt 0.9011 1.1256 0.0000
vt 0.0989 1.0911 0.0000
vt 0.9011 1.0911 0.0000
vt 0.0989 1.0566 0.0000
vt 0.9011 1.0566 0.0000
vt 0.0989 1.0221 0.0000
vt 0.9011 1.0221 0.0000
vt 0.2820 0.6885 0.0000
vt 0.7180 0.6885 0.0000
vt 0.2820 0.7384 0.0000
vt 0.7180 0.7384 0.0000
vt 0.2820 0.7882 0.0000
vt 0.7180 0.7882 0.0000
vt 0.2820 0.8381 0.0000
vt 0.7180 0.8381 0.0000
vt 0.2820 0.8879 0.0000
vt 0.7180 0.8879 0.0000
vt 0.2820 0.9378 0.0000
vt 0.7180 0.9378 0.0000
vt 0.1349 -0.0029 0.0000
vt 0.1366 0.9847 0.0000
vt 0.1594 -0.0024 0.0000
vt 0.1609 0.9852 0.0000
vt 0.1839 -0.0020 0.0000
vt 0.1851 0.9857 0.0000
vt 0.2084 -0.0015 0.0000
vt 0.2093 0.9862 0.0000
vt 0.2330 -0.0010 0.0000
vt 0.2336 0.9867 0.0000
vt 0.2575 -0.0005 0.0000
vt 0.2578 0.9871 0.0000
vt 0.8634 0.9847 0.0000
vt 0.8651 -0.0029 0.0000
vt 0.8391 0.9852 0.0000
vt 0.8406 -0.0024 0.0000
vt 0.8149 0.9857 0.0000
vt 0.8161 -0.0020 0.0000
vt 0.7907 0.9862 0.0000
vt 0.7916 -0.0015 0.0000
vt 0.7664 0.9867 0.0000
vt 0.7670 -0.0010 0.0000
vt 0.7422 0.9871 0.0000
vt 0.7425 -0.0005 0.0000
vt 0.2079 -0.0079 0.0000
vt 0.2031 0.9799 0.0000
vt 0.1898 -0.0066 0.0000
vt 0.1857 0.9812 0.0000
vt 0.1716 -0.0053 0.0000
vt 0.1684 0.9825 0.0000
vt 0.1534 -0.0040 0.0000
vt 0.1510 0.9838 0.0000
vt 0.1353 -0.0026 0.0000
vt 0.1336 0.9851 0.0000
vt 0.1171 -0.0013 0.0000
vt 0.1163 0.9863 0.0000
# 159 texture coords

o Box041
g Box041
usemtl wire_062062062
s 1
f 3609/1750/3609 3610/1751/3610 3611/1752/3611 3612/1753/3612 3613/1754/3613 3614/1755/3614 3615/1756/3615 3616/1757/3616 3617/1758/3617 3618/1759/3618 3619/1760/3619 3620/1761/3620 3621/1762/3621 3622/1763/3622 3623/1764/3623 3624/1765/3624 3625/1766/3625 3626/1767/3626 3627/1768/3627 3628/1769/3628 3629/1770/3629 3630/1771/3630 3631/1772/3631 3632/1773/3632 3633/1774/3633 3634/1775/3634 3635/1776/3635 3636/1777/3636 3637/1778/3637 3638/1779/3638 3639/1780/3639 3640/1781/3640 3641/1782/3641 3642/1783/3642 3643/1784/3643 3644/1785/3644 
s 2
f 3645/1786/3645 3646/1787/3646 3647/1788/3647 3648/1789/3648 
f 3609/1785/3609 3644/1750/3644 3649/1790/3649 3650/1791/3650 
f 3636/1792/3636 3635/1793/3635 3651/1794/3651 3652/1795/3652 
f 3627/1785/3627 3626/1750/3626 3653/1790/3653 3654/1791/3654 
f 3618/1792/3618 3617/1793/3617 3655/1794/3655 3656/1795/3656 
f 3650/1791/3650 3657/1796/3657 3658/1796/3658 
f 3652/1795/3652 3659/1796/3659 3660/1796/3660 
f 3656/1795/3656 3661/1796/3661 3662/1796/3662 
f 3654/1791/3654 3663/1796/3663 3664/1796/3664 
f 3645/1797/3645 3665/1798/3665 3666/1799/3666 3646/1800/3646 
f 3646/1801/3646 3667/1802/3667 3668/1803/3668 3647/1804/3647 
f 3647/1797/3647 3669/1798/3669 3670/1799/3670 3648/1800/3648 
f 3648/1801/3648 3671/1802/3671 3672/1803/3672 3645/1804/3645 
f 3644/1805/3644 3643/1806/3643 3673/1807/3673 3649/1808/3649 
f 3650/1809/3650 3658/1810/3658 3610/1811/3610 3609/1812/3609 
f 3635/1813/3635 3634/1814/3634 3674/1815/3674 3651/1816/3651 
f 3626/1805/3626 3625/1806/3625 3675/1807/3675 3653/1808/3653 
f 3650/1791/3650 3676/1817/3676 3677/1796/3677 
f 3676/1817/3676 3678/1818/3678 3679/1796/3679 3677/1796/3677 
f 3678/1818/3678 3680/1819/3680 3681/1796/3681 3679/1796/3679 
f 3680/1819/3680 3682/1820/3682 3683/1796/3683 3681/1796/3681 
f 3682/1820/3682 3684/1821/3684 3685/1796/3685 3683/1796/3683 
f 3684/1821/3684 3686/1822/3686 3687/1796/3687 3685/1796/3685 
f 3686/1822/3686 3665/1823/3665 3688/1796/3688 3687/1796/3687 
f 3665/1823/3665 3645/1824/3645 3672/1825/3672 3688/1796/3688 
f 3650/1791/3650 3677/1796/3677 3689/1796/3689 
f 3677/1796/3677 3679/1796/3679 3690/1796/3690 3689/1796/3689 
f 3679/1796/3679 3681/1796/3681 3691/1796/3691 3690/1796/3690 
f 3681/1796/3681 3683/1796/3683 3692/1796/3692 3691/1796/3691 
f 3683/1796/3683 3685/1796/3685 3693/1796/3693 3692/1796/3692 
f 3685/1796/3685 3687/1796/3687 3694/1796/3694 3693/1796/3693 
f 3687/1796/3687 3688/1796/3688 3695/1796/3695 3694/1796/3694 
f 3688/1796/3688 3672/1825/3672 3696/1826/3696 3695/1796/3695 
f 3650/1791/3650 3689/1796/3689 3697/1796/3697 
f 3689/1796/3689 3690/1796/3690 3698/1796/3698 3697/1796/3697 
f 3690/1796/3690 3691/1796/3691 3699/1796/3699 3698/1796/3698 
f 3691/1796/3691 3692/1796/3692 3700/1796/3700 3699/1796/3699 
f 3692/1796/3692 3693/1796/3693 3701/1796/3701 3700/1796/3700 
f 3693/1796/3693 3694/1796/3694 3702/1796/3702 3701/1796/3701 
f 3694/1796/3694 3695/1796/3695 3703/1796/3703 3702/1796/3702 
f 3695/1796/3695 3696/1826/3696 3704/1827/3704 3703/1796/3703 
f 3650/1791/3650 3697/1796/3697 3705/1796/3705 
f 3697/1796/3697 3698/1796/3698 3706/1796/3706 3705/1796/3705 
f 3698/1796/3698 3699/1796/3699 3707/1796/3707 3706/1796/3706 
f 3699/1796/3699 3700/1796/3700 3708/1796/3708 3707/1796/3707 
f 3700/1796/3700 3701/1796/3701 3709/1796/3709 3708/1796/3708 
f 3701/1796/3701 3702/1796/3702 3710/1796/3710 3709/1796/3709 
f 3702/1796/3702 3703/1796/3703 3711/1796/3711 3710/1796/3710 
f 3703/1796/3703 3704/1827/3704 3712/1828/3712 3711/1796/3711 
f 3650/1791/3650 3705/1796/3705 3713/1796/3713 
f 3705/1796/3705 3706/1796/3706 3714/1796/3714 3713/1796/3713 
f 3706/1796/3706 3707/1796/3707 3715/1796/3715 3714/1796/3714 
f 3707/1796/3707 3708/1796/3708 3716/1796/3716 3715/1796/3715 
f 3708/1796/3708 3709/1796/3709 3717/1796/3717 3716/1796/3716 
f 3709/1796/3709 3710/1796/3710 3718/1796/3718 3717/1796/3717 
f 3710/1796/3710 3711/1796/3711 3719/1796/3719 3718/1796/3718 
f 3711/1796/3711 3712/1828/3712 3720/1829/3720 3719/1796/3719 
f 3650/1791/3650 3713/1796/3713 3721/1796/3721 
f 3713/1796/3713 3714/1796/3714 3722/1796/3722 3721/1796/3721 
f 3714/1796/3714 3715/1796/3715 3723/1796/3723 3722/1796/3722 
f 3715/1796/3715 3716/1796/3716 3724/1796/3724 3723/1796/3723 
f 3716/1796/3716 3717/1796/3717 3725/1796/3725 3724/1796/3724 
f 3717/1796/3717 3718/1796/3718 3726/1796/3726 3725/1796/3725 
f 3718/1796/3718 3719/1796/3719 3727/1796/3727 3726/1796/3726 
f 3719/1796/3719 3720/1829/3720 3728/1830/3728 3727/1796/3727 
f 3650/1791/3650 3721/1796/3721 3657/1796/3657 
f 3721/1796/3721 3722/1796/3722 3729/1796/3729 3657/1796/3657 
f 3722/1796/3722 3723/1796/3723 3730/1796/3730 3729/1796/3729 
f 3723/1796/3723 3724/1796/3724 3731/1796/3731 3730/1796/3730 
f 3724/1796/3724 3725/1796/3725 3732/1796/3732 3731/1796/3731 
f 3725/1796/3725 3726/1796/3726 3733/1796/3733 3732/1796/3732 
f 3726/1796/3726 3727/1796/3727 3734/1796/3734 3733/1796/3733 
f 3727/1796/3727 3728/1830/3728 3735/1831/3735 3734/1796/3734 
f 3657/1796/3657 3729/1796/3729 3736/1796/3736 3658/1796/3658 
f 3729/1796/3729 3730/1796/3730 3737/1796/3737 3736/1796/3736 
f 3730/1796/3730 3731/1796/3731 3738/1796/3738 3737/1796/3737 
f 3731/1796/3731 3732/1796/3732 3739/1796/3739 3738/1796/3738 
f 3732/1796/3732 3733/1796/3733 3740/1796/3740 3739/1796/3739 
f 3733/1796/3733 3734/1796/3734 3741/1796/3741 3740/1796/3740 
f 3734/1796/3734 3735/1831/3735 3655/1832/3655 3741/1796/3741 
f 3652/1795/3652 3742/1833/3742 3743/1796/3743 
f 3742/1833/3742 3744/1834/3744 3745/1796/3745 3743/1796/3743 
f 3744/1834/3744 3746/1835/3746 3747/1796/3747 3745/1796/3745 
f 3746/1835/3746 3748/1836/3748 3749/1796/3749 3747/1796/3747 
f 3748/1836/3748 3750/1837/3750 3751/1796/3751 3749/1796/3749 
f 3750/1837/3750 3752/1838/3752 3753/1796/3753 3751/1796/3751 
f 3752/1838/3752 3667/1839/3667 3754/1796/3754 3753/1796/3753 
f 3667/1839/3667 3646/1840/3646 3666/1841/3666 3754/1796/3754 
f 3652/1795/3652 3743/1796/3743 3755/1796/3755 
f 3743/1796/3743 3745/1796/3745 3756/1796/3756 3755/1796/3755 
f 3745/1796/3745 3747/1796/3747 3757/1796/3757 3756/1796/3756 
f 3747/1796/3747 3749/1796/3749 3758/1796/3758 3757/1796/3757 
f 3749/1796/3749 3751/1796/3751 3759/1796/3759 3758/1796/3758 
f 3751/1796/3751 3753/1796/3753 3760/1796/3760 3759/1796/3759 
f 3753/1796/3753 3754/1796/3754 3761/1796/3761 3760/1796/3760 
f 3754/1796/3754 3666/1841/3666 3762/1842/3762 3761/1796/3761 
f 3652/1795/3652 3755/1796/3755 3763/1796/3763 
f 3755/1796/3755 3756/1796/3756 3764/1796/3764 3763/1796/3763 
f 3756/1796/3756 3757/1796/3757 3765/1796/3765 3764/1796/3764 
f 3757/1796/3757 3758/1796/3758 3766/1796/3766 3765/1796/3765 
f 3758/1796/3758 3759/1796/3759 3767/1796/3767 3766/1796/3766 
f 3759/1796/3759 3760/1796/3760 3768/1796/3768 3767/1796/3767 
f 3760/1796/3760 3761/1796/3761 3769/1796/3769 3768/1796/3768 
f 3761/1796/3761 3762/1842/3762 3770/1843/3770 3769/1796/3769 
f 3652/1795/3652 3763/1796/3763 3771/1796/3771 
f 3763/1796/3763 3764/1796/3764 3772/1796/3772 3771/1796/3771 
f 3764/1796/3764 3765/1796/3765 3773/1796/3773 3772/1796/3772 
f 3765/1796/3765 3766/1796/3766 3774/1796/3774 3773/1796/3773 
f 3766/1796/3766 3767/1796/3767 3775/1796/3775 3774/1796/3774 
f 3767/1796/3767 3768/1796/3768 3776/1796/3776 3775/1796/3775 
f 3768/1796/3768 3769/1796/3769 3777/1796/3777 3776/1796/3776 
f 3769/1796/3769 3770/1843/3770 3778/1844/3778 3777/1796/3777 
f 3652/1795/3652 3771/1796/3771 3779/1796/3779 
f 3771/1796/3771 3772/1796/3772 3780/1796/3780 3779/1796/3779 
f 3772/1796/3772 3773/1796/3773 3781/1796/3781 3780/1796/3780 
f 3773/1796/3773 3774/1796/3774 3782/1796/3782 3781/1796/3781 
f 3774/1796/3774 3775/1796/3775 3783/1796/3783 3782/1796/3782 
f 3775/1796/3775 3776/1796/3776 3784/1796/3784 3783/1796/3783 
f 3776/1796/3776 3777/1796/3777 3785/1796/3785 3784/1796/3784 
f 3777/1796/3777 3778/1844/3778 3786/1845/3786 3785/1796/3785 
f 3652/1795/3652 3779/1796/3779 3787/1796/3787 
f 3779/1796/3779 3780/1796/3780 3788/1796/3788 3787/1796/3787 
f 3780/1796/3780 3781/1796/3781 3789/1796/3789 3788/1796/3788 
f 3781/1796/3781 3782/1796/3782 3790/1796/3790 3789/1796/3789 
f 3782/1796/3782 3783/1796/3783 3791/1796/3791 3790/1796/3790 
f 3783/1796/3783 3784/1796/3784 3792/1796/3792 3791/1796/3791 
f 3784/1796/3784 3785/1796/3785 3793/1796/3793 3792/1796/3792 
f 3785/1796/3785 3786/1845/3786 3794/1846/3794 3793/1796/3793 
f 3652/1795/3652 3787/1796/3787 3659/1796/3659 
f 3787/1796/3787 3788/1796/3788 3795/1796/3795 3659/1796/3659 
f 3788/1796/3788 3789/1796/3789 3796/1796/3796 3795/1796/3795 
f 3789/1796/3789 3790/1796/3790 3797/1796/3797 3796/1796/3796 
f 3790/1796/3790 3791/1796/3791 3798/1796/3798 3797/1796/3797 
f 3791/1796/3791 3792/1796/3792 3799/1796/3799 3798/1796/3798 
f 3792/1796/3792 3793/1796/3793 3800/1796/3800 3799/1796/3799 
f 3793/1796/3793 3794/1846/3794 3801/1847/3801 3800/1796/3800 
f 3659/1796/3659 3795/1796/3795 3802/1796/3802 3660/1796/3660 
f 3795/1796/3795 3796/1796/3796 3803/1796/3803 3802/1796/3802 
f 3796/1796/3796 3797/1796/3797 3804/1796/3804 3803/1796/3803 
f 3797/1796/3797 3798/1796/3798 3805/1796/3805 3804/1796/3804 
f 3798/1796/3798 3799/1796/3799 3806/1796/3806 3805/1796/3805 
f 3799/1796/3799 3800/1796/3800 3673/1796/3673 3806/1796/3806 
f 3800/1796/3800 3801/1847/3801 3649/1848/3649 3673/1796/3673 
f 3656/1795/3656 3807/1833/3807 3808/1796/3808 
f 3807/1833/3807 3809/1834/3809 3810/1796/3810 3808/1796/3808 
f 3809/1834/3809 3811/1835/3811 3812/1796/3812 3810/1796/3810 
f 3811/1835/3811 3813/1836/3813 3814/1796/3814 3812/1796/3812 
f 3813/1836/3813 3815/1837/3815 3816/1796/3816 3814/1796/3814 
f 3815/1837/3815 3817/1838/3817 3818/1796/3818 3816/1796/3816 
f 3817/1838/3817 3671/1839/3671 3819/1796/3819 3818/1796/3818 
f 3671/1839/3671 3648/1840/3648 3670/1841/3670 3819/1796/3819 
f 3656/1795/3656 3808/1796/3808 3820/1796/3820 
f 3808/1796/3808 3810/1796/3810 3821/1796/3821 3820/1796/3820 
f 3810/1796/3810 3812/1796/3812 3822/1796/3822 3821/1796/3821 
f 3812/1796/3812 3814/1796/3814 3823/1796/3823 3822/1796/3822 
f 3814/1796/3814 3816/1796/3816 3824/1796/3824 3823/1796/3823 
f 3816/1796/3816 3818/1796/3818 3825/1796/3825 3824/1796/3824 
f 3818/1796/3818 3819/1796/3819 3826/1796/3826 3825/1796/3825 
f 3819/1796/3819 3670/1841/3670 3827/1842/3827 3826/1796/3826 
f 3656/1795/3656 3820/1796/3820 3828/1796/3828 
f 3820/1796/3820 3821/1796/3821 3829/1796/3829 3828/1796/3828 
f 3821/1796/3821 3822/1796/3822 3830/1796/3830 3829/1796/3829 
f 3822/1796/3822 3823/1796/3823 3831/1796/3831 3830/1796/3830 
f 3823/1796/3823 3824/1796/3824 3832/1796/3832 3831/1796/3831 
f 3824/1796/3824 3825/1796/3825 3833/1796/3833 3832/1796/3832 
f 3825/1796/3825 3826/1796/3826 3834/1796/3834 3833/1796/3833 
f 3826/1796/3826 3827/1842/3827 3835/1843/3835 3834/1796/3834 
f 3656/1795/3656 3828/1796/3828 3836/1796/3836 
f 3828/1796/3828 3829/1796/3829 3837/1796/3837 3836/1796/3836 
f 3829/1796/3829 3830/1796/3830 3838/1796/3838 3837/1796/3837 
f 3830/1796/3830 3831/1796/3831 3839/1796/3839 3838/1796/3838 
f 3831/1796/3831 3832/1796/3832 3840/1796/3840 3839/1796/3839 
f 3832/1796/3832 3833/1796/3833 3841/1796/3841 3840/1796/3840 
f 3833/1796/3833 3834/1796/3834 3842/1796/3842 3841/1796/3841 
f 3834/1796/3834 3835/1843/3835 3843/1844/3843 3842/1796/3842 
f 3656/1795/3656 3836/1796/3836 3844/1796/3844 
f 3836/1796/3836 3837/1796/3837 3845/1796/3845 3844/1796/3844 
f 3837/1796/3837 3838/1796/3838 3846/1796/3846 3845/1796/3845 
f 3838/1796/3838 3839/1796/3839 3847/1796/3847 3846/1796/3846 
f 3839/1796/3839 3840/1796/3840 3848/1796/3848 3847/1796/3847 
f 3840/1796/3840 3841/1796/3841 3849/1796/3849 3848/1796/3848 
f 3841/1796/3841 3842/1796/3842 3850/1796/3850 3849/1796/3849 
f 3842/1796/3842 3843/1844/3843 3851/1845/3851 3850/1796/3850 
f 3656/1795/3656 3844/1796/3844 3852/1796/3852 
f 3844/1796/3844 3845/1796/3845 3853/1796/3853 3852/1796/3852 
f 3845/1796/3845 3846/1796/3846 3854/1796/3854 3853/1796/3853 
f 3846/1796/3846 3847/1796/3847 3855/1796/3855 3854/1796/3854 
f 3847/1796/3847 3848/1796/3848 3856/1796/3856 3855/1796/3855 
f 3848/1796/3848 3849/1796/3849 3857/1796/3857 3856/1796/3856 
f 3849/1796/3849 3850/1796/3850 3858/1796/3858 3857/1796/3857 
f 3850/1796/3850 3851/1845/3851 3859/1846/3859 3858/1796/3858 
f 3656/1795/3656 3852/1796/3852 3661/1796/3661 
f 3852/1796/3852 3853/1796/3853 3860/1796/3860 3661/1796/3661 
f 3853/1796/3853 3854/1796/3854 3861/1796/3861 3860/1796/3860 
f 3854/1796/3854 3855/1796/3855 3862/1796/3862 3861/1796/3861 
f 3855/1796/3855 3856/1796/3856 3863/1796/3863 3862/1796/3862 
f 3856/1796/3856 3857/1796/3857 3864/1796/3864 3863/1796/3863 
f 3857/1796/3857 3858/1796/3858 3865/1796/3865 3864/1796/3864 
f 3858/1796/3858 3859/1846/3859 3866/1847/3866 3865/1796/3865 
f 3661/1796/3661 3860/1796/3860 3867/1796/3867 3662/1796/3662 
f 3860/1796/3860 3861/1796/3861 3868/1796/3868 3867/1796/3867 
f 3861/1796/3861 3862/1796/3862 3869/1796/3869 3868/1796/3868 
f 3862/1796/3862 3863/1796/3863 3870/1796/3870 3869/1796/3869 
f 3863/1796/3863 3864/1796/3864 3871/1796/3871 3870/1796/3870 
f 3864/1796/3864 3865/1796/3865 3675/1796/3675 3871/1796/3871 
f 3865/1796/3865 3866/1847/3866 3653/1848/3653 3675/1796/3675 
f 3654/1791/3654 3872/1817/3872 3873/1796/3873 
f 3872/1817/3872 3874/1818/3874 3875/1796/3875 3873/1796/3873 
f 3874/1818/3874 3876/1819/3876 3877/1796/3877 3875/1796/3875 
f 3876/1819/3876 3878/1820/3878 3879/1796/3879 3877/1796/3877 
f 3878/1820/3878 3880/1821/3880 3881/1796/3881 3879/1796/3879 
f 3880/1821/3880 3882/1822/3882 3883/1796/3883 3881/1796/3881 
f 3882/1822/3882 3669/1823/3669 3884/1796/3884 3883/1796/3883 
f 3669/1823/3669 3647/1824/3647 3668/1825/3668 3884/1796/3884 
f 3654/1791/3654 3873/1796/3873 3885/1796/3885 
f 3873/1796/3873 3875/1796/3875 3886/1796/3886 3885/1796/3885 
f 3875/1796/3875 3877/1796/3877 3887/1796/3887 3886/1796/3886 
f 3877/1796/3877 3879/1796/3879 3888/1796/3888 3887/1796/3887 
f 3879/1796/3879 3881/1796/3881 3889/1796/3889 3888/1796/3888 
f 3881/1796/3881 3883/1796/3883 3890/1796/3890 3889/1796/3889 
f 3883/1796/3883 3884/1796/3884 3891/1796/3891 3890/1796/3890 
f 3884/1796/3884 3668/1825/3668 3892/1826/3892 3891/1796/3891 
f 3654/1791/3654 3885/1796/3885 3893/1796/3893 
f 3885/1796/3885 3886/1796/3886 3894/1796/3894 3893/1796/3893 
f 3886/1796/3886 3887/1796/3887 3895/1796/3895 3894/1796/3894 
f 3887/1796/3887 3888/1796/3888 3896/1796/3896 3895/1796/3895 
f 3888/1796/3888 3889/1796/3889 3897/1796/3897 3896/1796/3896 
f 3889/1796/3889 3890/1796/3890 3898/1796/3898 3897/1796/3897 
f 3890/1796/3890 3891/1796/3891 3899/1796/3899 3898/1796/3898 
f 3891/1796/3891 3892/1826/3892 3900/1827/3900 3899/1796/3899 
f 3654/1791/3654 3893/1796/3893 3901/1796/3901 
f 3893/1796/3893 3894/1796/3894 3902/1796/3902 3901/1796/3901 
f 3894/1796/3894 3895/1796/3895 3903/1796/3903 3902/1796/3902 
f 3895/1796/3895 3896/1796/3896 3904/1796/3904 3903/1796/3903 
f 3896/1796/3896 3897/1796/3897 3905/1796/3905 3904/1796/3904 
f 3897/1796/3897 3898/1796/3898 3906/1796/3906 3905/1796/3905 
f 3898/1796/3898 3899/1796/3899 3907/1796/3907 3906/1796/3906 
f 3899/1796/3899 3900/1827/3900 3908/1828/3908 3907/1796/3907 
f 3654/1791/3654 3901/1796/3901 3909/1796/3909 
f 3901/1796/3901 3902/1796/3902 3910/1796/3910 3909/1796/3909 
f 3902/1796/3902 3903/1796/3903 3911/1796/3911 3910/1796/3910 
f 3903/1796/3903 3904/1796/3904 3912/1796/3912 3911/1796/3911 
f 3904/1796/3904 3905/1796/3905 3913/1796/3913 3912/1796/3912 
f 3905/1796/3905 3906/1796/3906 3914/1796/3914 3913/1796/3913 
f 3906/1796/3906 3907/1796/3907 3915/1796/3915 3914/1796/3914 
f 3907/1796/3907 3908/1828/3908 3916/1829/3916 3915/1796/3915 
f 3654/1791/3654 3909/1796/3909 3917/1796/3917 
f 3909/1796/3909 3910/1796/3910 3918/1796/3918 3917/1796/3917 
f 3910/1796/3910 3911/1796/3911 3919/1796/3919 3918/1796/3918 
f 3911/1796/3911 3912/1796/3912 3920/1796/3920 3919/1796/3919 
f 3912/1796/3912 3913/1796/3913 3921/1796/3921 3920/1796/3920 
f 3913/1796/3913 3914/1796/3914 3922/1796/3922 3921/1796/3921 
f 3914/1796/3914 3915/1796/3915 3923/1796/3923 3922/1796/3922 
f 3915/1796/3915 3916/1829/3916 3924/1830/3924 3923/1796/3923 
f 3654/1791/3654 3917/1796/3917 3663/1796/3663 
f 3917/1796/3917 3918/1796/3918 3925/1796/3925 3663/1796/3663 
f 3918/1796/3918 3919/1796/3919 3926/1796/3926 3925/1796/3925 
f 3919/1796/3919 3920/1796/3920 3927/1796/3927 3926/1796/3926 
f 3920/1796/3920 3921/1796/3921 3928/1796/3928 3927/1796/3927 
f 3921/1796/3921 3922/1796/3922 3929/1796/3929 3928/1796/3928 
f 3922/1796/3922 3923/1796/3923 3930/1796/3930 3929/1796/3929 
f 3923/1796/3923 3924/1830/3924 3931/1831/3931 3930/1796/3930 
f 3663/1796/3663 3925/1796/3925 3932/1796/3932 3664/1796/3664 
f 3925/1796/3925 3926/1796/3926 3933/1796/3933 3932/1796/3932 
f 3926/1796/3926 3927/1796/3927 3934/1796/3934 3933/1796/3933 
f 3927/1796/3927 3928/1796/3928 3935/1796/3935 3934/1796/3934 
f 3928/1796/3928 3929/1796/3929 3936/1796/3936 3935/1796/3935 
f 3929/1796/3929 3930/1796/3930 3674/1796/3674 3936/1796/3936 
f 3930/1796/3930 3931/1831/3931 3651/1832/3651 3674/1796/3674 
f 3665/1798/3665 3686/1849/3686 3762/1850/3762 3666/1799/3666 
f 3686/1849/3686 3684/1851/3684 3770/1852/3770 3762/1850/3762 
f 3684/1851/3684 3682/1853/3682 3778/1854/3778 3770/1852/3770 
f 3682/1853/3682 3680/1855/3680 3786/1856/3786 3778/1854/3778 
f 3680/1855/3680 3678/1857/3678 3794/1858/3794 3786/1856/3786 
f 3678/1857/3678 3676/1859/3676 3801/1860/3801 3794/1858/3794 
f 3676/1859/3676 3650/1791/3650 3649/1790/3649 3801/1860/3801 
f 3667/1802/3667 3752/1861/3752 3892/1862/3892 3668/1803/3668 
f 3752/1861/3752 3750/1863/3750 3900/1864/3900 3892/1862/3892 
f 3750/1863/3750 3748/1865/3748 3908/1866/3908 3900/1864/3900 
f 3748/1865/3748 3746/1867/3746 3916/1868/3916 3908/1866/3908 
f 3746/1867/3746 3744/1869/3744 3924/1870/3924 3916/1868/3916 
f 3744/1869/3744 3742/1871/3742 3931/1872/3931 3924/1870/3924 
f 3742/1871/3742 3652/1795/3652 3651/1794/3651 3931/1872/3931 
f 3669/1798/3669 3882/1849/3882 3827/1850/3827 3670/1799/3670 
f 3882/1849/3882 3880/1851/3880 3835/1852/3835 3827/1850/3827 
f 3880/1851/3880 3878/1853/3878 3843/1854/3843 3835/1852/3835 
f 3878/1853/3878 3876/1855/3876 3851/1856/3851 3843/1854/3843 
f 3876/1855/3876 3874/1857/3874 3859/1858/3859 3851/1856/3851 
f 3874/1857/3874 3872/1859/3872 3866/1860/3866 3859/1858/3859 
f 3872/1859/3872 3654/1791/3654 3653/1790/3653 3866/1860/3866 
f 3671/1802/3671 3817/1861/3817 3696/1862/3696 3672/1803/3672 
f 3817/1861/3817 3815/1863/3815 3704/1864/3704 3696/1862/3696 
f 3815/1863/3815 3813/1865/3813 3712/1866/3712 3704/1864/3704 
f 3813/1865/3813 3811/1867/3811 3720/1868/3720 3712/1866/3712 
f 3811/1867/3811 3809/1869/3809 3728/1870/3728 3720/1868/3720 
f 3809/1869/3809 3807/1871/3807 3735/1872/3735 3728/1870/3728 
f 3807/1871/3807 3656/1795/3656 3655/1794/3655 3735/1872/3735 
f 3643/1806/3643 3642/1873/3642 3806/1874/3806 3673/1807/3673 
f 3642/1873/3642 3641/1875/3641 3805/1876/3805 3806/1874/3806 
f 3641/1875/3641 3640/1877/3640 3804/1878/3804 3805/1876/3805 
f 3640/1877/3640 3639/1879/3639 3803/1880/3803 3804/1878/3804 
f 3639/1879/3639 3638/1881/3638 3802/1882/3802 3803/1880/3803 
f 3638/1881/3638 3637/1883/3637 3660/1884/3660 3802/1882/3802 
f 3637/1883/3637 3636/1792/3636 3652/1795/3652 3660/1884/3660 
f 3658/1810/3658 3736/1885/3736 3611/1886/3611 3610/1811/3610 
f 3736/1885/3736 3737/1887/3737 3612/1888/3612 3611/1886/3611 
f 3737/1887/3737 3738/1889/3738 3613/1890/3613 3612/1888/3612 
f 3738/1889/3738 3739/1891/3739 3614/1892/3614 3613/1890/3613 
f 3739/1891/3739 3740/1893/3740 3615/1894/3615 3614/1892/3614 
f 3740/1893/3740 3741/1895/3741 3616/1896/3616 3615/1894/3615 
f 3741/1895/3741 3655/1794/3655 3617/1793/3617 3616/1896/3616 
f 3634/1814/3634 3633/1897/3633 3936/1898/3936 3674/1815/3674 
f 3633/1897/3633 3632/1899/3632 3935/1900/3935 3936/1898/3936 
f 3632/1899/3632 3631/1901/3631 3934/1902/3934 3935/1900/3935 
f 3631/1901/3631 3630/1903/3630 3933/1904/3933 3934/1902/3934 
f 3630/1903/3630 3629/1905/3629 3932/1906/3932 3933/1904/3933 
f 3629/1905/3629 3628/1907/3628 3664/1908/3664 3932/1906/3932 
f 3628/1907/3628 3627/1785/3627 3654/1791/3654 3664/1908/3664 
f 3625/1806/3625 3624/1873/3624 3871/1874/3871 3675/1807/3675 
f 3624/1873/3624 3623/1875/3623 3870/1876/3870 3871/1874/3871 
f 3623/1875/3623 3622/1877/3622 3869/1878/3869 3870/1876/3870 
f 3622/1877/3622 3621/1879/3621 3868/1880/3868 3869/1878/3869 
f 3621/1879/3621 3620/1881/3620 3867/1882/3867 3868/1880/3868 
f 3620/1881/3620 3619/1883/3619 3662/1884/3662 3867/1882/3867 
f 3619/1883/3619 3618/1792/3618 3656/1795/3656 3662/1884/3662 
# 294 polygons - 32 triangles

#
# object Box042
#

v  -52.8083 45.6446 -6.2197
v  -52.7170 45.6446 -6.1557
v  -52.4901 45.6446 -5.9243
v  -52.1277 45.6446 -5.5253
v  -51.6297 45.6446 -4.9588
v  -50.9963 45.6446 -4.2248
v  -50.2272 45.6446 -3.3233
v  -49.3227 45.6446 -2.2543
v  -48.2826 45.6446 -1.0178
v  -41.4323 45.6446 7.1461
v  -40.3952 45.6446 8.3851
v  -39.4995 45.6446 9.4616
v  -38.7452 45.6446 10.3754
v  -38.1324 45.6446 11.1268
v  -37.6609 45.6446 11.7155
v  -37.3310 45.6446 12.1417
v  -37.1424 45.6446 12.4053
v  -37.0953 45.6446 12.5064
v  -37.8605 45.6446 13.1485
v  -37.9518 45.6446 13.0845
v  -38.1787 45.6446 12.8531
v  -38.5411 45.6446 12.4541
v  -39.0391 45.6446 11.8876
v  -39.6726 45.6446 11.1536
v  -40.4416 45.6446 10.2521
v  -41.3461 45.6446 9.1831
v  -42.3862 45.6446 7.9466
v  -49.2365 45.6446 -0.2173
v  -50.2737 45.6446 -1.4563
v  -51.1694 45.6446 -2.5328
v  -51.9236 45.6446 -3.4466
v  -52.5365 45.6446 -4.1980
v  -53.0079 45.6446 -4.7867
v  -53.3379 45.6446 -5.2129
v  -53.5264 45.6446 -5.4765
v  -53.5736 45.6446 -5.5776
v  -48.3770 46.4561 -0.9386
v  -49.1422 46.4561 -0.2965
v  -42.2919 46.4561 7.8674
v  -41.5267 46.4561 7.2253
v  -53.5736 46.4460 -5.5776
v  -52.8083 46.4460 -6.2197
v  -42.3862 46.4460 7.9466
v  -49.2365 46.4460 -0.2173
v  -37.0953 46.4460 12.5064
v  -37.8605 46.4460 13.1485
v  -48.2826 46.4460 -1.0178
v  -41.4323 46.4460 7.1461
v  -52.7173 46.4466 -6.1554
v  -52.7170 46.4460 -6.1557
v  -50.2574 46.4466 -1.4370
v  -50.2737 46.4460 -1.4563
v  -40.4114 46.4466 8.3658
v  -40.3952 46.4460 8.3851
v  -37.9515 46.4466 13.0842
v  -37.9518 46.4460 13.0845
v  -49.4156 46.4559 -2.1763
v  -50.1808 46.4559 -1.5343
v  -49.1643 46.4559 -0.2780
v  -42.3140 46.4559 7.8859
v  -41.2533 46.4559 9.1051
v  -40.4881 46.4559 8.4631
v  -41.5045 46.4559 7.2068
v  -48.3549 46.4559 -0.9571
v  -53.5264 46.4460 -5.4765
v  -41.3461 46.4460 9.1831
v  -37.1424 46.4460 12.4053
v  -52.7391 46.4484 -6.1372
v  -52.7339 46.4483 -6.1415
v  -52.5314 46.4504 -5.8896
v  -52.5217 46.4503 -5.8977
v  -52.1852 46.4521 -5.4770
v  -52.1717 46.4520 -5.4883
v  -51.7005 46.4536 -4.8994
v  -51.6839 46.4534 -4.9133
v  -51.0773 46.4546 -4.1568
v  -51.0583 46.4545 -4.1727
v  -50.3157 46.4554 -3.2491
v  -50.2950 46.4553 -3.2665
v  -49.3938 46.4557 -2.1946
v  -52.7294 46.4482 -6.1453
v  -52.5133 46.4501 -5.9048
v  -52.1600 46.4518 -5.4981
v  -51.6695 46.4531 -4.9254
v  -51.0419 46.4541 -4.1865
v  -50.2770 46.4548 -3.2815
v  -49.3749 46.4553 -2.2104
v  -48.3357 46.4554 -0.9732
v  -52.7256 46.4480 -6.1485
v  -52.5062 46.4498 -5.9107
v  -52.1502 46.4513 -5.5064
v  -51.6574 46.4525 -4.9356
v  -51.0279 46.4534 -4.1982
v  -50.2618 46.4541 -3.2943
v  -49.3590 46.4545 -2.2238
v  -48.3195 46.4546 -0.9868
v  -52.7225 46.4478 -6.1511
v  -52.5004 46.4493 -5.9156
v  -52.1421 46.4506 -5.5132
v  -51.6474 46.4517 -4.9440
v  -51.0165 46.4525 -4.2078
v  -50.2494 46.4531 -3.3047
v  -49.3459 46.4534 -2.2348
v  -48.3062 46.4536 -0.9980
v  -52.7201 46.4475 -6.1531
v  -52.4959 46.4487 -5.9194
v  -52.1358 46.4498 -5.5185
v  -51.6397 46.4506 -4.9504
v  -51.0077 46.4513 -4.2152
v  -50.2397 46.4518 -3.3129
v  -49.3358 46.4520 -2.2433
v  -48.2959 46.4521 -1.0066
v  -52.7184 46.4471 -6.1546
v  -52.4927 46.4479 -5.9221
v  -52.1313 46.4487 -5.5223
v  -51.6342 46.4493 -4.9551
v  -51.0013 46.4498 -4.2205
v  -50.2328 46.4501 -3.3187
v  -49.3285 46.4503 -2.2494
v  -48.2885 46.4504 -1.0128
v  -52.4908 46.4471 -5.9237
v  -52.1286 46.4475 -5.5245
v  -51.6308 46.4478 -4.9579
v  -50.9975 46.4480 -4.2237
v  -50.2286 46.4482 -3.3221
v  -49.3242 46.4483 -2.2531
v  -48.2841 46.4484 -1.0165
v  -52.4901 46.4460 -5.9243
v  -52.1277 46.4460 -5.5253
v  -51.6297 46.4460 -4.9588
v  -50.9963 46.4460 -4.2248
v  -50.2272 46.4460 -3.3233
v  -49.3227 46.4460 -2.2543
v  -49.2351 46.4484 -0.2186
v  -49.4785 46.4483 -0.5087
v  -49.2306 46.4504 -0.2223
v  -49.6850 46.4503 -0.7638
v  -49.2233 46.4521 -0.2285
v  -49.8562 46.4520 -0.9827
v  -49.2130 46.4536 -0.2371
v  -49.9919 46.4534 -1.1654
v  -49.1997 46.4546 -0.2483
v  -50.0922 46.4545 -1.3120
v  -49.1835 46.4554 -0.2619
v  -50.1572 46.4553 -1.4223
v  -50.1867 46.4557 -1.4964
v  -49.6895 46.4482 -0.7601
v  -50.0788 46.4501 -1.2331
v  -50.4047 46.4518 -1.6364
v  -50.6670 46.4531 -1.9700
v  -50.8658 46.4541 -2.2338
v  -51.0010 46.4548 -2.4279
v  -51.0727 46.4553 -2.5523
v  -51.0809 46.4554 -2.6070
v  -49.8680 46.4480 -0.9728
v  -50.4121 46.4498 -1.6302
v  -50.8688 46.4513 -2.1895
v  -51.2382 46.4525 -2.6508
v  -51.5203 46.4534 -3.0139
v  -51.7151 46.4541 -3.2789
v  -51.8225 46.4545 -3.4458
v  -51.8425 46.4546 -3.5147
v  -50.0140 46.4478 -1.1469
v  -50.6847 46.4493 -1.9551
v  -51.2485 46.4506 -2.6421
v  -51.7056 46.4517 -3.2077
v  -52.0558 46.4525 -3.6521
v  -52.2993 46.4531 -3.9751
v  -52.4359 46.4534 -4.1769
v  -52.4657 46.4536 -4.2573
v  -50.1276 46.4475 -1.2823
v  -50.8967 46.4487 -2.2079
v  -51.5439 46.4498 -2.9941
v  -52.0691 46.4506 -3.6410
v  -52.4724 46.4513 -4.1485
v  -52.7537 46.4518 -4.5167
v  -52.9130 46.4520 -4.7455
v  -52.9504 46.4521 -4.8350
v  -50.2088 46.4471 -1.3790
v  -51.0482 46.4479 -2.3884
v  -51.7549 46.4487 -3.2455
v  -52.3288 46.4493 -3.9504
v  -52.7699 46.4498 -4.5031
v  -53.0782 46.4501 -4.9035
v  -53.2538 46.4503 -5.1516
v  -53.2966 46.4504 -5.2475
v  -51.1391 46.4471 -2.4967
v  -51.8814 46.4475 -3.3964
v  -52.4845 46.4478 -4.1361
v  -52.9484 46.4480 -4.7158
v  -53.2730 46.4482 -5.1355
v  -53.4583 46.4483 -5.3953
v  -53.5043 46.4484 -5.4951
v  -51.1694 46.4460 -2.5328
v  -51.9236 46.4460 -3.4466
v  -52.5365 46.4460 -4.1980
v  -53.0079 46.4460 -4.7867
v  -53.3379 46.4460 -5.2129
v  -41.4338 46.4484 7.1474
v  -41.1903 46.4483 7.4375
v  -41.4382 46.4504 7.1511
v  -40.9838 46.4503 7.6926
v  -41.4456 46.4521 7.1573
v  -40.8127 46.4520 7.9115
v  -41.4559 46.4536 7.1659
v  -40.6769 46.4534 8.0942
v  -41.4692 46.4546 7.1771
v  -40.5766 46.4545 8.2408
v  -41.4854 46.4554 7.1907
v  -40.5117 46.4553 8.3511
v  -40.4822 46.4557 8.4252
v  -40.9794 46.4482 7.6889
v  -40.5900 46.4501 8.1619
v  -40.2642 46.4518 8.5652
v  -40.0018 46.4531 8.8988
v  -39.8031 46.4541 9.1626
v  -39.6678 46.4548 9.3567
v  -39.5961 46.4553 9.4811
v  -39.5879 46.4554 9.5358
v  -40.8009 46.4480 7.9016
v  -40.2568 46.4498 8.5590
v  -39.8000 46.4513 9.1183
v  -39.4306 46.4525 9.5796
v  -39.1485 46.4534 9.9427
v  -38.9538 46.4541 10.2077
v  -38.8464 46.4545 10.3746
v  -38.8263 46.4546 10.4435
v  -40.6548 46.4478 8.0757
v  -39.9841 46.4493 8.8839
v  -39.4203 46.4506 9.5709
v  -38.9632 46.4517 10.1365
v  -38.6130 46.4525 10.5809
v  -38.3696 46.4531 10.9039
v  -38.2329 46.4534 11.1057
v  -38.2031 46.4536 11.1861
v  -40.5412 46.4475 8.2111
v  -39.7721 46.4487 9.1367
v  -39.1249 46.4498 9.9229
v  -38.5997 46.4506 10.5698
v  -38.1965 46.4513 11.0773
v  -37.9152 46.4518 11.4455
v  -37.7558 46.4520 11.6743
v  -37.7184 46.4521 11.7638
v  -40.4601 46.4471 8.3078
v  -39.6206 46.4479 9.3172
v  -38.9140 46.4487 10.1743
v  -38.3401 46.4493 10.8792
v  -37.8990 46.4498 11.4319
v  -37.5906 46.4501 11.8323
v  -37.4150 46.4503 12.0804
v  -37.3722 46.4504 12.1763
v  -39.5298 46.4471 9.4255
v  -38.7874 46.4475 10.3252
v  -38.1843 46.4478 11.0649
v  -37.7205 46.4480 11.6446
v  -37.3959 46.4482 12.0643
v  -37.2106 46.4483 12.3241
v  -37.1645 46.4484 12.4239
v  -39.4995 46.4460 9.4616
v  -38.7452 46.4460 10.3754
v  -38.1324 46.4460 11.1268
v  -37.6609 46.4460 11.7155
v  -37.3310 46.4460 12.1417
v  -37.9297 46.4484 13.0660
v  -37.9349 46.4483 13.0703
v  -38.1374 46.4504 12.8184
v  -38.1471 46.4503 12.8265
v  -38.4837 46.4521 12.4058
v  -38.4971 46.4520 12.4171
v  -38.9683 46.4536 11.8282
v  -38.9849 46.4534 11.8421
v  -39.5915 46.4546 11.0856
v  -39.6105 46.4545 11.1015
v  -40.3531 46.4554 10.1779
v  -40.3739 46.4553 10.1953
v  -41.2750 46.4557 9.1234
v  -37.9394 46.4482 13.0741
v  -38.1555 46.4501 12.8336
v  -38.5088 46.4518 12.4269
v  -38.9993 46.4531 11.8542
v  -39.6270 46.4541 11.1153
v  -40.3918 46.4548 10.2103
v  -41.2939 46.4553 9.1392
v  -42.3331 46.4554 7.9020
v  -37.9432 46.4480 13.0773
v  -38.1626 46.4498 12.8395
v  -38.5187 46.4513 12.4352
v  -39.0115 46.4525 11.8644
v  -39.6409 46.4534 11.1270
v  -40.4070 46.4541 10.2231
v  -41.3099 46.4545 9.1526
v  -42.3494 46.4546 7.9156
v  -37.9463 46.4478 13.0799
v  -38.1684 46.4493 12.8444
v  -38.5268 46.4506 12.4420
v  -39.0214 46.4517 11.8728
v  -39.6523 46.4525 11.1366
v  -40.4195 46.4531 10.2335
v  -41.3229 46.4534 9.1636
v  -42.3626 46.4536 7.9268
v  -37.9487 46.4475 13.0819
v  -38.1729 46.4487 12.8482
v  -38.5331 46.4498 12.4473
v  -39.0291 46.4506 11.8792
v  -39.6612 46.4513 11.1440
v  -40.4292 46.4518 10.2417
v  -41.3331 46.4520 9.1721
v  -42.3729 46.4521 7.9354
v  -37.9505 46.4471 13.0834
v  -38.1762 46.4479 12.8509
v  -38.5376 46.4487 12.4511
v  -39.0347 46.4493 11.8839
v  -39.6675 46.4498 11.1494
v  -40.4361 46.4501 10.2475
v  -41.3403 46.4503 9.1782
v  -42.3803 46.4504 7.9416
v  -38.1781 46.4471 12.8525
v  -38.5402 46.4475 12.4533
v  -39.0380 46.4478 11.8867
v  -39.6713 46.4480 11.1525
v  -40.4402 46.4482 10.2509
v  -41.3447 46.4483 9.1819
v  -42.3847 46.4484 7.9453
v  -38.1787 46.4460 12.8531
v  -38.5411 46.4460 12.4541
v  -39.0391 46.4460 11.8876
v  -39.6726 46.4460 11.1536
v  -40.4416 46.4460 10.2521
# 328 vertices

vn -0.4407 -0.6997 -0.5622
vn -0.3794 -0.6896 -0.6169
vn -0.2643 -0.6853 -0.6786
vn -0.1124 -0.6817 -0.7229
vn 0.0639 -0.6802 -0.7302
vn 0.2363 -0.6817 -0.6924
vn 0.3781 -0.6853 -0.6224
vn 0.4808 -0.6895 -0.5417
vn 0.5317 -0.6997 -0.4772
vn 0.5622 -0.6997 -0.4407
vn 0.6169 -0.6895 -0.3795
vn 0.6786 -0.6853 -0.2643
vn 0.7229 -0.6817 -0.1124
vn 0.7302 -0.6802 0.0639
vn 0.6924 -0.6817 0.2363
vn 0.6224 -0.6853 0.3781
vn 0.5416 -0.6896 0.4808
vn 0.4772 -0.6997 0.5317
vn 0.4407 -0.6997 0.5622
vn 0.3794 -0.6896 0.6169
vn 0.2643 -0.6853 0.6786
vn 0.1124 -0.6817 0.7229
vn -0.0639 -0.6802 0.7302
vn -0.2363 -0.6817 0.6924
vn -0.3781 -0.6853 0.6224
vn -0.4808 -0.6895 0.5417
vn -0.5317 -0.6997 0.4772
vn -0.5622 -0.6997 0.4407
vn -0.6169 -0.6895 0.3795
vn -0.6786 -0.6853 0.2643
vn -0.7229 -0.6817 0.1124
vn -0.7302 -0.6802 -0.0639
vn -0.6924 -0.6817 -0.2363
vn -0.6224 -0.6853 -0.3781
vn -0.5416 -0.6896 -0.4808
vn -0.4772 -0.6997 -0.5317
vn 0.0041 0.9989 -0.0468
vn -0.0468 0.9989 -0.0041
vn -0.0041 0.9989 0.0468
vn 0.0468 0.9989 0.0041
vn -0.6675 0.0332 -0.7438
vn -0.6219 0.0267 -0.7826
vn -0.7438 0.0332 0.6675
vn -0.7826 0.0267 0.6219
vn 0.6675 0.0332 0.7438
vn 0.6219 0.0267 0.7826
vn 0.7438 0.0332 -0.6675
vn 0.7826 0.0267 -0.6219
vn -0.5226 0.0214 -0.8523
vn -0.5225 0.0050 -0.8526
vn -0.8523 0.0214 0.5226
vn -0.8526 0.0050 0.5225
vn 0.8523 0.0214 -0.5226
vn 0.8526 0.0050 -0.5225
vn 0.5226 0.0214 0.8523
vn 0.5225 0.0050 0.8526
vn -0.0686 0.9888 -0.1328
vn -0.1196 0.9887 -0.0905
vn -0.1328 0.9888 0.0686
vn -0.0905 0.9887 0.1196
vn 0.0686 0.9888 0.1328
vn 0.1196 0.9887 0.0905
vn 0.1328 0.9888 -0.0686
vn 0.0905 0.9887 -0.1196
vn -0.7473 0.0329 -0.6637
vn -0.6637 0.0329 0.7473
vn 0.7473 0.0329 0.6637
vn -0.6319 0.1478 -0.7608
vn -0.6192 0.1475 -0.7712
vn -0.6000 0.3228 -0.7319
vn -0.5725 0.3198 -0.7550
vn -0.5360 0.5192 -0.6657
vn -0.4918 0.5133 -0.7033
vn -0.4355 0.7082 -0.5557
vn -0.3752 0.6999 -0.6077
vn -0.3100 0.8560 -0.4137
vn -0.2369 0.8463 -0.4771
vn -0.1817 0.9468 -0.2655
vn -0.1005 0.9366 -0.3356
vn 0.0167 0.9785 -0.2055
vn -0.6001 0.1396 -0.7876
vn -0.5315 0.3022 -0.7913
vn -0.4265 0.4858 -0.7630
vn -0.2859 0.6645 -0.6904
vn -0.1277 0.8064 -0.5774
vn 0.0225 0.8949 -0.4457
vn 0.1474 0.9363 -0.3187
vn 0.2239 0.9465 -0.2325
vn -0.5789 0.1243 -0.8059
vn -0.4865 0.2688 -0.8313
vn -0.3546 0.4331 -0.8287
vn -0.1872 0.5947 -0.7818
vn -0.0061 0.7247 -0.6890
vn 0.1601 0.8068 -0.5687
vn 0.2941 0.8455 -0.4457
vn 0.3738 0.8551 -0.3592
vn -0.5581 0.1018 -0.8235
vn -0.4421 0.2202 -0.8695
vn -0.2835 0.3554 -0.8907
vn -0.0895 0.4892 -0.8676
vn 0.1138 0.5974 -0.7938
vn 0.2948 0.6662 -0.6850
vn 0.4365 0.6987 -0.5668
vn 0.5187 0.7067 -0.4812
vn -0.5408 0.0745 -0.8379
vn -0.4044 0.1617 -0.9002
vn -0.2228 0.2610 -0.9393
vn -0.0068 0.3591 -0.9333
vn 0.2134 0.4383 -0.8732
vn 0.4042 0.4882 -0.7735
vn 0.5498 0.5117 -0.6602
vn 0.6326 0.5173 -0.5764
vn -0.5288 0.0466 -0.8474
vn -0.3778 0.1015 -0.9203
vn -0.1798 0.1638 -0.9700
vn 0.0509 0.2247 -0.9731
vn 0.2806 0.2734 -0.9201
vn 0.4754 0.3037 -0.8257
vn 0.6212 0.3178 -0.7163
vn 0.7031 0.3210 -0.6345
vn -0.3633 0.0467 -0.9305
vn -0.1563 0.0754 -0.9848
vn 0.0819 0.1032 -0.9913
vn 0.3155 0.1252 -0.9406
vn 0.5107 0.1387 -0.8485
vn 0.6553 0.1449 -0.7414
vn 0.7358 0.1462 -0.6612
vn -0.3611 0.0108 -0.9325
vn -0.1516 0.0173 -0.9883
vn 0.0890 0.0236 -0.9958
vn 0.3240 0.0285 -0.9456
vn 0.5195 0.0315 -0.8539
vn 0.6637 0.0329 -0.7473
vn -0.7608 0.1478 0.6319
vn -0.7712 0.1475 0.6192
vn -0.7319 0.3228 0.6000
vn -0.7550 0.3198 0.5725
vn -0.6657 0.5192 0.5360
vn -0.7033 0.5133 0.4918
vn -0.5557 0.7082 0.4355
vn -0.6077 0.6999 0.3752
vn -0.4137 0.8560 0.3099
vn -0.4771 0.8463 0.2369
vn -0.2655 0.9468 0.1817
vn -0.3356 0.9366 0.1005
vn -0.2055 0.9785 -0.0167
vn -0.7876 0.1396 0.6001
vn -0.7913 0.3022 0.5315
vn -0.7630 0.4858 0.4265
vn -0.6904 0.6645 0.2859
vn -0.5774 0.8064 0.1277
vn -0.4457 0.8949 -0.0225
vn -0.3187 0.9363 -0.1474
vn -0.2325 0.9465 -0.2239
vn -0.8059 0.1243 0.5789
vn -0.8313 0.2688 0.4865
vn -0.8287 0.4331 0.3546
vn -0.7818 0.5947 0.1872
vn -0.6890 0.7247 0.0061
vn -0.5687 0.8068 -0.1601
vn -0.4456 0.8455 -0.2941
vn -0.3592 0.8551 -0.3738
vn -0.8235 0.1018 0.5581
vn -0.8695 0.2202 0.4421
vn -0.8907 0.3554 0.2835
vn -0.8676 0.4892 0.0895
vn -0.7938 0.5974 -0.1138
vn -0.6850 0.6662 -0.2948
vn -0.5669 0.6987 -0.4364
vn -0.4812 0.7067 -0.5187
vn -0.8379 0.0745 0.5408
vn -0.9002 0.1617 0.4044
vn -0.9393 0.2610 0.2228
vn -0.9333 0.3591 0.0068
vn -0.8732 0.4382 -0.2134
vn -0.7735 0.4882 -0.4042
vn -0.6602 0.5117 -0.5498
vn -0.5764 0.5173 -0.6326
vn -0.8474 0.0466 0.5288
vn -0.9203 0.1015 0.3778
vn -0.9700 0.1638 0.1798
vn -0.9731 0.2247 -0.0509
vn -0.9201 0.2734 -0.2806
vn -0.8257 0.3037 -0.4754
vn -0.7163 0.3178 -0.6212
vn -0.6345 0.3210 -0.7031
vn -0.9305 0.0467 0.3633
vn -0.9848 0.0754 0.1563
vn -0.9913 0.1032 -0.0819
vn -0.9406 0.1252 -0.3155
vn -0.8485 0.1387 -0.5107
vn -0.7414 0.1449 -0.6553
vn -0.6612 0.1462 -0.7358
vn -0.9325 0.0108 0.3611
vn -0.9883 0.0173 0.1516
vn -0.9958 0.0236 -0.0890
vn -0.9456 0.0285 -0.3240
vn -0.8539 0.0315 -0.5195
vn 0.7608 0.1478 -0.6319
vn 0.7712 0.1475 -0.6192
vn 0.7319 0.3228 -0.6000
vn 0.7550 0.3198 -0.5725
vn 0.6657 0.5192 -0.5360
vn 0.7033 0.5133 -0.4918
vn 0.5557 0.7082 -0.4355
vn 0.6077 0.6999 -0.3752
vn 0.4137 0.8560 -0.3099
vn 0.4771 0.8463 -0.2369
vn 0.2655 0.9468 -0.1817
vn 0.3356 0.9366 -0.1005
vn 0.2055 0.9785 0.0167
vn 0.7876 0.1396 -0.6001
vn 0.7913 0.3022 -0.5315
vn 0.7630 0.4858 -0.4265
vn 0.6904 0.6645 -0.2859
vn 0.5774 0.8064 -0.1277
vn 0.4457 0.8949 0.0225
vn 0.3187 0.9363 0.1474
vn 0.2325 0.9465 0.2239
vn 0.8059 0.1243 -0.5789
vn 0.8313 0.2688 -0.4865
vn 0.8287 0.4331 -0.3546
vn 0.7818 0.5947 -0.1872
vn 0.6890 0.7247 -0.0061
vn 0.5687 0.8068 0.1601
vn 0.4456 0.8455 0.2941
vn 0.3592 0.8551 0.3738
vn 0.8235 0.1018 -0.5581
vn 0.8695 0.2202 -0.4421
vn 0.8907 0.3554 -0.2835
vn 0.8676 0.4892 -0.0895
vn 0.7938 0.5974 0.1138
vn 0.6850 0.6662 0.2948
vn 0.5669 0.6987 0.4364
vn 0.4812 0.7067 0.5187
vn 0.8379 0.0745 -0.5408
vn 0.9002 0.1617 -0.4044
vn 0.9393 0.2610 -0.2228
vn 0.9333 0.3591 -0.0068
vn 0.8732 0.4382 0.2134
vn 0.7735 0.4882 0.4042
vn 0.6602 0.5117 0.5498
vn 0.5764 0.5173 0.6326
vn 0.8474 0.0466 -0.5288
vn 0.9203 0.1015 -0.3778
vn 0.9700 0.1638 -0.1798
vn 0.9731 0.2247 0.0509
vn 0.9201 0.2734 0.2806
vn 0.8257 0.3037 0.4754
vn 0.7163 0.3178 0.6212
vn 0.6345 0.3210 0.7031
vn 0.9305 0.0467 -0.3633
vn 0.9848 0.0754 -0.1563
vn 0.9913 0.1032 0.0819
vn 0.9406 0.1252 0.3155
vn 0.8485 0.1387 0.5107
vn 0.7414 0.1449 0.6553
vn 0.6612 0.1462 0.7358
vn 0.9325 0.0108 -0.3611
vn 0.9883 0.0173 -0.1516
vn 0.9958 0.0236 0.0890
vn 0.9456 0.0285 0.3240
vn 0.8539 0.0315 0.5195
vn 0.6319 0.1478 0.7608
vn 0.6192 0.1475 0.7712
vn 0.6000 0.3228 0.7319
vn 0.5725 0.3198 0.7550
vn 0.5360 0.5192 0.6657
vn 0.4918 0.5133 0.7033
vn 0.4355 0.7082 0.5557
vn 0.3752 0.6999 0.6077
vn 0.3100 0.8560 0.4137
vn 0.2369 0.8463 0.4771
vn 0.1817 0.9468 0.2655
vn 0.1005 0.9366 0.3356
vn -0.0167 0.9785 0.2055
vn 0.6001 0.1396 0.7876
vn 0.5315 0.3022 0.7913
vn 0.4265 0.4858 0.7630
vn 0.2859 0.6645 0.6904
vn 0.1277 0.8064 0.5774
vn -0.0225 0.8949 0.4457
vn -0.1474 0.9363 0.3187
vn -0.2239 0.9465 0.2325
vn 0.5789 0.1243 0.8059
vn 0.4865 0.2688 0.8313
vn 0.3546 0.4331 0.8287
vn 0.1872 0.5947 0.7818
vn 0.0061 0.7247 0.6890
vn -0.1601 0.8068 0.5687
vn -0.2941 0.8455 0.4457
vn -0.3738 0.8551 0.3592
vn 0.5581 0.1018 0.8235
vn 0.4421 0.2202 0.8695
vn 0.2835 0.3554 0.8907
vn 0.0895 0.4892 0.8676
vn -0.1138 0.5974 0.7938
vn -0.2948 0.6662 0.6850
vn -0.4365 0.6987 0.5668
vn -0.5187 0.7067 0.4812
vn 0.5408 0.0745 0.8379
vn 0.4044 0.1617 0.9002
vn 0.2228 0.2610 0.9393
vn 0.0068 0.3591 0.9333
vn -0.2134 0.4383 0.8732
vn -0.4042 0.4882 0.7735
vn -0.5498 0.5117 0.6602
vn -0.6326 0.5173 0.5764
vn 0.5288 0.0466 0.8474
vn 0.3778 0.1015 0.9203
vn 0.1798 0.1638 0.9700
vn -0.0509 0.2247 0.9731
vn -0.2806 0.2734 0.9201
vn -0.4754 0.3037 0.8257
vn -0.6212 0.3178 0.7163
vn -0.7031 0.3210 0.6345
vn 0.3633 0.0467 0.9305
vn 0.1563 0.0754 0.9848
vn -0.0819 0.1032 0.9913
vn -0.3155 0.1252 0.9406
vn -0.5107 0.1387 0.8485
vn -0.6553 0.1449 0.7414
vn -0.7358 0.1462 0.6612
vn 0.3611 0.0108 0.9325
vn 0.1516 0.0173 0.9883
vn -0.0890 0.0236 0.9958
vn -0.3240 0.0285 0.9456
vn -0.5195 0.0315 0.8539
# 328 vertex normals

vt 0.9011 0.0000 0.0000
vt 0.9243 0.0044 0.0000
vt 0.9444 0.0176 0.0000
vt 0.9614 0.0397 0.0000
vt 0.9753 0.0705 0.0000
vt 0.9861 0.1102 0.0000
vt 0.9938 0.1586 0.0000
vt 0.9985 0.2159 0.0000
vt 1.0000 0.2820 0.0000
vt 1.0000 0.7180 0.0000
vt 0.9985 0.7841 0.0000
vt 0.9938 0.8414 0.0000
vt 0.9861 0.8898 0.0000
vt 0.9753 0.9295 0.0000
vt 0.9614 0.9603 0.0000
vt 0.9444 0.9824 0.0000
vt 0.9243 0.9956 0.0000
vt 0.9011 1.0000 0.0000
vt 0.0989 1.0000 0.0000
vt 0.0757 0.9956 0.0000
vt 0.0556 0.9824 0.0000
vt 0.0386 0.9603 0.0000
vt 0.0247 0.9295 0.0000
vt 0.0139 0.8898 0.0000
vt 0.0062 0.8414 0.0000
vt 0.0015 0.7841 0.0000
vt 0.0000 0.7180 0.0000
vt 0.0000 0.2820 0.0000
vt 0.0015 0.2159 0.0000
vt 0.0062 0.1586 0.0000
vt 0.0139 0.1102 0.0000
vt 0.0247 0.0705 0.0000
vt 0.0386 0.0397 0.0000
vt 0.0556 0.0176 0.0000
vt 0.0757 0.0044 0.0000
vt 0.0989 0.0000 0.0000
vt 0.0989 0.2820 0.0000
vt 0.9011 0.2820 0.0000
vt 0.9011 0.7180 0.0000
vt 0.0989 0.7180 0.0000
vt 0.9011 0.9876 0.0000
vt 0.0989 0.9876 0.0000
vt 0.2820 0.0000 0.0000
vt 0.7180 0.0000 0.0000
vt 0.7180 0.9876 0.0000
vt 0.2820 0.9876 0.0000
vt 0.0000 1.0000 0.0000
vt 0.0989 1.2636 0.0000
vt 0.0989 1.2291 0.0000
vt 0.9011 1.2291 0.0000
vt 0.9011 1.2636 0.0000
vt 0.2820 0.5888 0.0000
vt 0.2820 0.6387 0.0000
vt 0.7180 0.6387 0.0000
vt 0.7180 0.5888 0.0000
vt 0.0858 -0.0039 0.0000
vt 0.1103 -0.0034 0.0000
vt 0.1124 0.9842 0.0000
vt 0.0882 0.9837 0.0000
vt 0.9118 0.9837 0.0000
vt 0.8876 0.9842 0.0000
vt 0.8897 -0.0034 0.0000
vt 0.9142 -0.0039 0.0000
vt 0.2443 -0.0106 0.0000
vt 0.2261 -0.0092 0.0000
vt 0.2204 0.9786 0.0000
vt 0.2378 0.9773 0.0000
vt 0.0730 0.9914 0.0000
vt 0.0448 0.9966 0.0000
vt 0.0143 1.0032 0.0000
vt -0.0186 1.0113 0.0000
vt -0.0537 1.0207 0.0000
vt -0.0912 1.0315 0.0000
vt -0.1310 1.0438 0.0000
vt -0.1732 1.0574 0.0000
vt -0.1353 1.0420 0.0000
vt -0.1082 1.0243 0.0000
vt -0.0920 1.0044 0.0000
vt -0.0866 0.9824 0.0000
vt -0.0920 0.9581 0.0000
vt -0.1082 0.9316 0.0000
vt -0.1353 0.9029 0.0000
vt -0.1732 0.8720 0.0000
vt 0.2188 0.9928 0.0000
vt 0.1702 1.0022 0.0000
vt 0.1362 1.0157 0.0000
vt 0.1168 1.0334 0.0000
vt 0.1121 1.0552 0.0000
vt 0.1219 1.0813 0.0000
vt 0.1463 1.1115 0.0000
vt 0.1854 1.1458 0.0000
vt 0.1411 1.1107 0.0000
vt 0.1009 1.0783 0.0000
vt 0.0648 1.0486 0.0000
vt 0.0328 1.0215 0.0000
vt 0.0049 0.9971 0.0000
vt -0.0189 0.9755 0.0000
vt -0.0387 0.9565 0.0000
vt -0.0543 0.9402 0.0000
vt 0.0989 1.1946 0.0000
vt 0.9011 1.1946 0.0000
vt 0.0989 1.1601 0.0000
vt 0.9011 1.1601 0.0000
vt 0.0989 1.1256 0.0000
vt 0.9011 1.1256 0.0000
vt 0.0989 1.0911 0.0000
vt 0.9011 1.0911 0.0000
vt 0.0989 1.0566 0.0000
vt 0.9011 1.0566 0.0000
vt 0.0989 1.0221 0.0000
vt 0.9011 1.0221 0.0000
vt 0.2820 0.6885 0.0000
vt 0.7180 0.6885 0.0000
vt 0.2820 0.7384 0.0000
vt 0.7180 0.7384 0.0000
vt 0.2820 0.7882 0.0000
vt 0.7180 0.7882 0.0000
vt 0.2820 0.8381 0.0000
vt 0.7180 0.8381 0.0000
vt 0.2820 0.8879 0.0000
vt 0.7180 0.8879 0.0000
vt 0.2820 0.9378 0.0000
vt 0.7180 0.9378 0.0000
vt 0.1349 -0.0029 0.0000
vt 0.1366 0.9847 0.0000
vt 0.1594 -0.0024 0.0000
vt 0.1609 0.9852 0.0000
vt 0.1839 -0.0020 0.0000
vt 0.1851 0.9857 0.0000
vt 0.2084 -0.0015 0.0000
vt 0.2093 0.9862 0.0000
vt 0.2330 -0.0010 0.0000
vt 0.2336 0.9867 0.0000
vt 0.2575 -0.0005 0.0000
vt 0.2578 0.9871 0.0000
vt 0.8634 0.9847 0.0000
vt 0.8651 -0.0029 0.0000
vt 0.8391 0.9852 0.0000
vt 0.8406 -0.0024 0.0000
vt 0.8149 0.9857 0.0000
vt 0.8161 -0.0020 0.0000
vt 0.7907 0.9862 0.0000
vt 0.7916 -0.0015 0.0000
vt 0.7664 0.9867 0.0000
vt 0.7670 -0.0010 0.0000
vt 0.7422 0.9871 0.0000
vt 0.7425 -0.0005 0.0000
vt 0.2079 -0.0079 0.0000
vt 0.2031 0.9799 0.0000
vt 0.1898 -0.0066 0.0000
vt 0.1857 0.9812 0.0000
vt 0.1716 -0.0053 0.0000
vt 0.1684 0.9825 0.0000
vt 0.1534 -0.0040 0.0000
vt 0.1510 0.9838 0.0000
vt 0.1353 -0.0026 0.0000
vt 0.1336 0.9851 0.0000
vt 0.1171 -0.0013 0.0000
vt 0.1163 0.9863 0.0000
# 159 texture coords

o Box042
g Box042
usemtl wire_062062062
s 1
f 3937/1909/3937 3938/1910/3938 3939/1911/3939 3940/1912/3940 3941/1913/3941 3942/1914/3942 3943/1915/3943 3944/1916/3944 3945/1917/3945 3946/1918/3946 3947/1919/3947 3948/1920/3948 3949/1921/3949 3950/1922/3950 3951/1923/3951 3952/1924/3952 3953/1925/3953 3954/1926/3954 3955/1927/3955 3956/1928/3956 3957/1929/3957 3958/1930/3958 3959/1931/3959 3960/1932/3960 3961/1933/3961 3962/1934/3962 3963/1935/3963 3964/1936/3964 3965/1937/3965 3966/1938/3966 3967/1939/3967 3968/1940/3968 3969/1941/3969 3970/1942/3970 3971/1943/3971 3972/1944/3972 
s 2
f 3973/1945/3973 3974/1946/3974 3975/1947/3975 3976/1948/3976 
f 3937/1944/3937 3972/1909/3972 3977/1949/3977 3978/1950/3978 
f 3964/1951/3964 3963/1952/3963 3979/1953/3979 3980/1954/3980 
f 3955/1944/3955 3954/1909/3954 3981/1949/3981 3982/1950/3982 
f 3946/1951/3946 3945/1952/3945 3983/1953/3983 3984/1954/3984 
f 3978/1950/3978 3985/1955/3985 3986/1955/3986 
f 3980/1954/3980 3987/1955/3987 3988/1955/3988 
f 3984/1954/3984 3989/1955/3989 3990/1955/3990 
f 3982/1950/3982 3991/1955/3991 3992/1955/3992 
f 3973/1956/3973 3993/1957/3993 3994/1958/3994 3974/1959/3974 
f 3974/1960/3974 3995/1961/3995 3996/1962/3996 3975/1963/3975 
f 3975/1956/3975 3997/1957/3997 3998/1958/3998 3976/1959/3976 
f 3976/1960/3976 3999/1961/3999 4000/1962/4000 3973/1963/3973 
f 3972/1964/3972 3971/1965/3971 4001/1966/4001 3977/1967/3977 
f 3978/1968/3978 3986/1969/3986 3938/1970/3938 3937/1971/3937 
f 3963/1972/3963 3962/1973/3962 4002/1974/4002 3979/1975/3979 
f 3954/1964/3954 3953/1965/3953 4003/1966/4003 3981/1967/3981 
f 3978/1950/3978 4004/1976/4004 4005/1955/4005 
f 4004/1976/4004 4006/1977/4006 4007/1955/4007 4005/1955/4005 
f 4006/1977/4006 4008/1978/4008 4009/1955/4009 4007/1955/4007 
f 4008/1978/4008 4010/1979/4010 4011/1955/4011 4009/1955/4009 
f 4010/1979/4010 4012/1980/4012 4013/1955/4013 4011/1955/4011 
f 4012/1980/4012 4014/1981/4014 4015/1955/4015 4013/1955/4013 
f 4014/1981/4014 3993/1982/3993 4016/1955/4016 4015/1955/4015 
f 3993/1982/3993 3973/1983/3973 4000/1984/4000 4016/1955/4016 
f 3978/1950/3978 4005/1955/4005 4017/1955/4017 
f 4005/1955/4005 4007/1955/4007 4018/1955/4018 4017/1955/4017 
f 4007/1955/4007 4009/1955/4009 4019/1955/4019 4018/1955/4018 
f 4009/1955/4009 4011/1955/4011 4020/1955/4020 4019/1955/4019 
f 4011/1955/4011 4013/1955/4013 4021/1955/4021 4020/1955/4020 
f 4013/1955/4013 4015/1955/4015 4022/1955/4022 4021/1955/4021 
f 4015/1955/4015 4016/1955/4016 4023/1955/4023 4022/1955/4022 
f 4016/1955/4016 4000/1984/4000 4024/1985/4024 4023/1955/4023 
f 3978/1950/3978 4017/1955/4017 4025/1955/4025 
f 4017/1955/4017 4018/1955/4018 4026/1955/4026 4025/1955/4025 
f 4018/1955/4018 4019/1955/4019 4027/1955/4027 4026/1955/4026 
f 4019/1955/4019 4020/1955/4020 4028/1955/4028 4027/1955/4027 
f 4020/1955/4020 4021/1955/4021 4029/1955/4029 4028/1955/4028 
f 4021/1955/4021 4022/1955/4022 4030/1955/4030 4029/1955/4029 
f 4022/1955/4022 4023/1955/4023 4031/1955/4031 4030/1955/4030 
f 4023/1955/4023 4024/1985/4024 4032/1986/4032 4031/1955/4031 
f 3978/1950/3978 4025/1955/4025 4033/1955/4033 
f 4025/1955/4025 4026/1955/4026 4034/1955/4034 4033/1955/4033 
f 4026/1955/4026 4027/1955/4027 4035/1955/4035 4034/1955/4034 
f 4027/1955/4027 4028/1955/4028 4036/1955/4036 4035/1955/4035 
f 4028/1955/4028 4029/1955/4029 4037/1955/4037 4036/1955/4036 
f 4029/1955/4029 4030/1955/4030 4038/1955/4038 4037/1955/4037 
f 4030/1955/4030 4031/1955/4031 4039/1955/4039 4038/1955/4038 
f 4031/1955/4031 4032/1986/4032 4040/1987/4040 4039/1955/4039 
f 3978/1950/3978 4033/1955/4033 4041/1955/4041 
f 4033/1955/4033 4034/1955/4034 4042/1955/4042 4041/1955/4041 
f 4034/1955/4034 4035/1955/4035 4043/1955/4043 4042/1955/4042 
f 4035/1955/4035 4036/1955/4036 4044/1955/4044 4043/1955/4043 
f 4036/1955/4036 4037/1955/4037 4045/1955/4045 4044/1955/4044 
f 4037/1955/4037 4038/1955/4038 4046/1955/4046 4045/1955/4045 
f 4038/1955/4038 4039/1955/4039 4047/1955/4047 4046/1955/4046 
f 4039/1955/4039 4040/1987/4040 4048/1988/4048 4047/1955/4047 
f 3978/1950/3978 4041/1955/4041 4049/1955/4049 
f 4041/1955/4041 4042/1955/4042 4050/1955/4050 4049/1955/4049 
f 4042/1955/4042 4043/1955/4043 4051/1955/4051 4050/1955/4050 
f 4043/1955/4043 4044/1955/4044 4052/1955/4052 4051/1955/4051 
f 4044/1955/4044 4045/1955/4045 4053/1955/4053 4052/1955/4052 
f 4045/1955/4045 4046/1955/4046 4054/1955/4054 4053/1955/4053 
f 4046/1955/4046 4047/1955/4047 4055/1955/4055 4054/1955/4054 
f 4047/1955/4047 4048/1988/4048 4056/1989/4056 4055/1955/4055 
f 3978/1950/3978 4049/1955/4049 3985/1955/3985 
f 4049/1955/4049 4050/1955/4050 4057/1955/4057 3985/1955/3985 
f 4050/1955/4050 4051/1955/4051 4058/1955/4058 4057/1955/4057 
f 4051/1955/4051 4052/1955/4052 4059/1955/4059 4058/1955/4058 
f 4052/1955/4052 4053/1955/4053 4060/1955/4060 4059/1955/4059 
f 4053/1955/4053 4054/1955/4054 4061/1955/4061 4060/1955/4060 
f 4054/1955/4054 4055/1955/4055 4062/1955/4062 4061/1955/4061 
f 4055/1955/4055 4056/1989/4056 4063/1990/4063 4062/1955/4062 
f 3985/1955/3985 4057/1955/4057 4064/1955/4064 3986/1955/3986 
f 4057/1955/4057 4058/1955/4058 4065/1955/4065 4064/1955/4064 
f 4058/1955/4058 4059/1955/4059 4066/1955/4066 4065/1955/4065 
f 4059/1955/4059 4060/1955/4060 4067/1955/4067 4066/1955/4066 
f 4060/1955/4060 4061/1955/4061 4068/1955/4068 4067/1955/4067 
f 4061/1955/4061 4062/1955/4062 4069/1955/4069 4068/1955/4068 
f 4062/1955/4062 4063/1990/4063 3983/1991/3983 4069/1955/4069 
f 3980/1954/3980 4070/1992/4070 4071/1955/4071 
f 4070/1992/4070 4072/1993/4072 4073/1955/4073 4071/1955/4071 
f 4072/1993/4072 4074/1994/4074 4075/1955/4075 4073/1955/4073 
f 4074/1994/4074 4076/1995/4076 4077/1955/4077 4075/1955/4075 
f 4076/1995/4076 4078/1996/4078 4079/1955/4079 4077/1955/4077 
f 4078/1996/4078 4080/1997/4080 4081/1955/4081 4079/1955/4079 
f 4080/1997/4080 3995/1998/3995 4082/1955/4082 4081/1955/4081 
f 3995/1998/3995 3974/1999/3974 3994/2000/3994 4082/1955/4082 
f 3980/1954/3980 4071/1955/4071 4083/1955/4083 
f 4071/1955/4071 4073/1955/4073 4084/1955/4084 4083/1955/4083 
f 4073/1955/4073 4075/1955/4075 4085/1955/4085 4084/1955/4084 
f 4075/1955/4075 4077/1955/4077 4086/1955/4086 4085/1955/4085 
f 4077/1955/4077 4079/1955/4079 4087/1955/4087 4086/1955/4086 
f 4079/1955/4079 4081/1955/4081 4088/1955/4088 4087/1955/4087 
f 4081/1955/4081 4082/1955/4082 4089/1955/4089 4088/1955/4088 
f 4082/1955/4082 3994/2000/3994 4090/2001/4090 4089/1955/4089 
f 3980/1954/3980 4083/1955/4083 4091/1955/4091 
f 4083/1955/4083 4084/1955/4084 4092/1955/4092 4091/1955/4091 
f 4084/1955/4084 4085/1955/4085 4093/1955/4093 4092/1955/4092 
f 4085/1955/4085 4086/1955/4086 4094/1955/4094 4093/1955/4093 
f 4086/1955/4086 4087/1955/4087 4095/1955/4095 4094/1955/4094 
f 4087/1955/4087 4088/1955/4088 4096/1955/4096 4095/1955/4095 
f 4088/1955/4088 4089/1955/4089 4097/1955/4097 4096/1955/4096 
f 4089/1955/4089 4090/2001/4090 4098/2002/4098 4097/1955/4097 
f 3980/1954/3980 4091/1955/4091 4099/1955/4099 
f 4091/1955/4091 4092/1955/4092 4100/1955/4100 4099/1955/4099 
f 4092/1955/4092 4093/1955/4093 4101/1955/4101 4100/1955/4100 
f 4093/1955/4093 4094/1955/4094 4102/1955/4102 4101/1955/4101 
f 4094/1955/4094 4095/1955/4095 4103/1955/4103 4102/1955/4102 
f 4095/1955/4095 4096/1955/4096 4104/1955/4104 4103/1955/4103 
f 4096/1955/4096 4097/1955/4097 4105/1955/4105 4104/1955/4104 
f 4097/1955/4097 4098/2002/4098 4106/2003/4106 4105/1955/4105 
f 3980/1954/3980 4099/1955/4099 4107/1955/4107 
f 4099/1955/4099 4100/1955/4100 4108/1955/4108 4107/1955/4107 
f 4100/1955/4100 4101/1955/4101 4109/1955/4109 4108/1955/4108 
f 4101/1955/4101 4102/1955/4102 4110/1955/4110 4109/1955/4109 
f 4102/1955/4102 4103/1955/4103 4111/1955/4111 4110/1955/4110 
f 4103/1955/4103 4104/1955/4104 4112/1955/4112 4111/1955/4111 
f 4104/1955/4104 4105/1955/4105 4113/1955/4113 4112/1955/4112 
f 4105/1955/4105 4106/2003/4106 4114/2004/4114 4113/1955/4113 
f 3980/1954/3980 4107/1955/4107 4115/1955/4115 
f 4107/1955/4107 4108/1955/4108 4116/1955/4116 4115/1955/4115 
f 4108/1955/4108 4109/1955/4109 4117/1955/4117 4116/1955/4116 
f 4109/1955/4109 4110/1955/4110 4118/1955/4118 4117/1955/4117 
f 4110/1955/4110 4111/1955/4111 4119/1955/4119 4118/1955/4118 
f 4111/1955/4111 4112/1955/4112 4120/1955/4120 4119/1955/4119 
f 4112/1955/4112 4113/1955/4113 4121/1955/4121 4120/1955/4120 
f 4113/1955/4113 4114/2004/4114 4122/2005/4122 4121/1955/4121 
f 3980/1954/3980 4115/1955/4115 3987/1955/3987 
f 4115/1955/4115 4116/1955/4116 4123/1955/4123 3987/1955/3987 
f 4116/1955/4116 4117/1955/4117 4124/1955/4124 4123/1955/4123 
f 4117/1955/4117 4118/1955/4118 4125/1955/4125 4124/1955/4124 
f 4118/1955/4118 4119/1955/4119 4126/1955/4126 4125/1955/4125 
f 4119/1955/4119 4120/1955/4120 4127/1955/4127 4126/1955/4126 
f 4120/1955/4120 4121/1955/4121 4128/1955/4128 4127/1955/4127 
f 4121/1955/4121 4122/2005/4122 4129/2006/4129 4128/1955/4128 
f 3987/1955/3987 4123/1955/4123 4130/1955/4130 3988/1955/3988 
f 4123/1955/4123 4124/1955/4124 4131/1955/4131 4130/1955/4130 
f 4124/1955/4124 4125/1955/4125 4132/1955/4132 4131/1955/4131 
f 4125/1955/4125 4126/1955/4126 4133/1955/4133 4132/1955/4132 
f 4126/1955/4126 4127/1955/4127 4134/1955/4134 4133/1955/4133 
f 4127/1955/4127 4128/1955/4128 4001/1955/4001 4134/1955/4134 
f 4128/1955/4128 4129/2006/4129 3977/2007/3977 4001/1955/4001 
f 3984/1954/3984 4135/1992/4135 4136/1955/4136 
f 4135/1992/4135 4137/1993/4137 4138/1955/4138 4136/1955/4136 
f 4137/1993/4137 4139/1994/4139 4140/1955/4140 4138/1955/4138 
f 4139/1994/4139 4141/1995/4141 4142/1955/4142 4140/1955/4140 
f 4141/1995/4141 4143/1996/4143 4144/1955/4144 4142/1955/4142 
f 4143/1996/4143 4145/1997/4145 4146/1955/4146 4144/1955/4144 
f 4145/1997/4145 3999/1998/3999 4147/1955/4147 4146/1955/4146 
f 3999/1998/3999 3976/1999/3976 3998/2000/3998 4147/1955/4147 
f 3984/1954/3984 4136/1955/4136 4148/1955/4148 
f 4136/1955/4136 4138/1955/4138 4149/1955/4149 4148/1955/4148 
f 4138/1955/4138 4140/1955/4140 4150/1955/4150 4149/1955/4149 
f 4140/1955/4140 4142/1955/4142 4151/1955/4151 4150/1955/4150 
f 4142/1955/4142 4144/1955/4144 4152/1955/4152 4151/1955/4151 
f 4144/1955/4144 4146/1955/4146 4153/1955/4153 4152/1955/4152 
f 4146/1955/4146 4147/1955/4147 4154/1955/4154 4153/1955/4153 
f 4147/1955/4147 3998/2000/3998 4155/2001/4155 4154/1955/4154 
f 3984/1954/3984 4148/1955/4148 4156/1955/4156 
f 4148/1955/4148 4149/1955/4149 4157/1955/4157 4156/1955/4156 
f 4149/1955/4149 4150/1955/4150 4158/1955/4158 4157/1955/4157 
f 4150/1955/4150 4151/1955/4151 4159/1955/4159 4158/1955/4158 
f 4151/1955/4151 4152/1955/4152 4160/1955/4160 4159/1955/4159 
f 4152/1955/4152 4153/1955/4153 4161/1955/4161 4160/1955/4160 
f 4153/1955/4153 4154/1955/4154 4162/1955/4162 4161/1955/4161 
f 4154/1955/4154 4155/2001/4155 4163/2002/4163 4162/1955/4162 
f 3984/1954/3984 4156/1955/4156 4164/1955/4164 
f 4156/1955/4156 4157/1955/4157 4165/1955/4165 4164/1955/4164 
f 4157/1955/4157 4158/1955/4158 4166/1955/4166 4165/1955/4165 
f 4158/1955/4158 4159/1955/4159 4167/1955/4167 4166/1955/4166 
f 4159/1955/4159 4160/1955/4160 4168/1955/4168 4167/1955/4167 
f 4160/1955/4160 4161/1955/4161 4169/1955/4169 4168/1955/4168 
f 4161/1955/4161 4162/1955/4162 4170/1955/4170 4169/1955/4169 
f 4162/1955/4162 4163/2002/4163 4171/2003/4171 4170/1955/4170 
f 3984/1954/3984 4164/1955/4164 4172/1955/4172 
f 4164/1955/4164 4165/1955/4165 4173/1955/4173 4172/1955/4172 
f 4165/1955/4165 4166/1955/4166 4174/1955/4174 4173/1955/4173 
f 4166/1955/4166 4167/1955/4167 4175/1955/4175 4174/1955/4174 
f 4167/1955/4167 4168/1955/4168 4176/1955/4176 4175/1955/4175 
f 4168/1955/4168 4169/1955/4169 4177/1955/4177 4176/1955/4176 
f 4169/1955/4169 4170/1955/4170 4178/1955/4178 4177/1955/4177 
f 4170/1955/4170 4171/2003/4171 4179/2004/4179 4178/1955/4178 
f 3984/1954/3984 4172/1955/4172 4180/1955/4180 
f 4172/1955/4172 4173/1955/4173 4181/1955/4181 4180/1955/4180 
f 4173/1955/4173 4174/1955/4174 4182/1955/4182 4181/1955/4181 
f 4174/1955/4174 4175/1955/4175 4183/1955/4183 4182/1955/4182 
f 4175/1955/4175 4176/1955/4176 4184/1955/4184 4183/1955/4183 
f 4176/1955/4176 4177/1955/4177 4185/1955/4185 4184/1955/4184 
f 4177/1955/4177 4178/1955/4178 4186/1955/4186 4185/1955/4185 
f 4178/1955/4178 4179/2004/4179 4187/2005/4187 4186/1955/4186 
f 3984/1954/3984 4180/1955/4180 3989/1955/3989 
f 4180/1955/4180 4181/1955/4181 4188/1955/4188 3989/1955/3989 
f 4181/1955/4181 4182/1955/4182 4189/1955/4189 4188/1955/4188 
f 4182/1955/4182 4183/1955/4183 4190/1955/4190 4189/1955/4189 
f 4183/1955/4183 4184/1955/4184 4191/1955/4191 4190/1955/4190 
f 4184/1955/4184 4185/1955/4185 4192/1955/4192 4191/1955/4191 
f 4185/1955/4185 4186/1955/4186 4193/1955/4193 4192/1955/4192 
f 4186/1955/4186 4187/2005/4187 4194/2006/4194 4193/1955/4193 
f 3989/1955/3989 4188/1955/4188 4195/1955/4195 3990/1955/3990 
f 4188/1955/4188 4189/1955/4189 4196/1955/4196 4195/1955/4195 
f 4189/1955/4189 4190/1955/4190 4197/1955/4197 4196/1955/4196 
f 4190/1955/4190 4191/1955/4191 4198/1955/4198 4197/1955/4197 
f 4191/1955/4191 4192/1955/4192 4199/1955/4199 4198/1955/4198 
f 4192/1955/4192 4193/1955/4193 4003/1955/4003 4199/1955/4199 
f 4193/1955/4193 4194/2006/4194 3981/2007/3981 4003/1955/4003 
f 3982/1950/3982 4200/1976/4200 4201/1955/4201 
f 4200/1976/4200 4202/1977/4202 4203/1955/4203 4201/1955/4201 
f 4202/1977/4202 4204/1978/4204 4205/1955/4205 4203/1955/4203 
f 4204/1978/4204 4206/1979/4206 4207/1955/4207 4205/1955/4205 
f 4206/1979/4206 4208/1980/4208 4209/1955/4209 4207/1955/4207 
f 4208/1980/4208 4210/1981/4210 4211/1955/4211 4209/1955/4209 
f 4210/1981/4210 3997/1982/3997 4212/1955/4212 4211/1955/4211 
f 3997/1982/3997 3975/1983/3975 3996/1984/3996 4212/1955/4212 
f 3982/1950/3982 4201/1955/4201 4213/1955/4213 
f 4201/1955/4201 4203/1955/4203 4214/1955/4214 4213/1955/4213 
f 4203/1955/4203 4205/1955/4205 4215/1955/4215 4214/1955/4214 
f 4205/1955/4205 4207/1955/4207 4216/1955/4216 4215/1955/4215 
f 4207/1955/4207 4209/1955/4209 4217/1955/4217 4216/1955/4216 
f 4209/1955/4209 4211/1955/4211 4218/1955/4218 4217/1955/4217 
f 4211/1955/4211 4212/1955/4212 4219/1955/4219 4218/1955/4218 
f 4212/1955/4212 3996/1984/3996 4220/1985/4220 4219/1955/4219 
f 3982/1950/3982 4213/1955/4213 4221/1955/4221 
f 4213/1955/4213 4214/1955/4214 4222/1955/4222 4221/1955/4221 
f 4214/1955/4214 4215/1955/4215 4223/1955/4223 4222/1955/4222 
f 4215/1955/4215 4216/1955/4216 4224/1955/4224 4223/1955/4223 
f 4216/1955/4216 4217/1955/4217 4225/1955/4225 4224/1955/4224 
f 4217/1955/4217 4218/1955/4218 4226/1955/4226 4225/1955/4225 
f 4218/1955/4218 4219/1955/4219 4227/1955/4227 4226/1955/4226 
f 4219/1955/4219 4220/1985/4220 4228/1986/4228 4227/1955/4227 
f 3982/1950/3982 4221/1955/4221 4229/1955/4229 
f 4221/1955/4221 4222/1955/4222 4230/1955/4230 4229/1955/4229 
f 4222/1955/4222 4223/1955/4223 4231/1955/4231 4230/1955/4230 
f 4223/1955/4223 4224/1955/4224 4232/1955/4232 4231/1955/4231 
f 4224/1955/4224 4225/1955/4225 4233/1955/4233 4232/1955/4232 
f 4225/1955/4225 4226/1955/4226 4234/1955/4234 4233/1955/4233 
f 4226/1955/4226 4227/1955/4227 4235/1955/4235 4234/1955/4234 
f 4227/1955/4227 4228/1986/4228 4236/1987/4236 4235/1955/4235 
f 3982/1950/3982 4229/1955/4229 4237/1955/4237 
f 4229/1955/4229 4230/1955/4230 4238/1955/4238 4237/1955/4237 
f 4230/1955/4230 4231/1955/4231 4239/1955/4239 4238/1955/4238 
f 4231/1955/4231 4232/1955/4232 4240/1955/4240 4239/1955/4239 
f 4232/1955/4232 4233/1955/4233 4241/1955/4241 4240/1955/4240 
f 4233/1955/4233 4234/1955/4234 4242/1955/4242 4241/1955/4241 
f 4234/1955/4234 4235/1955/4235 4243/1955/4243 4242/1955/4242 
f 4235/1955/4235 4236/1987/4236 4244/1988/4244 4243/1955/4243 
f 3982/1950/3982 4237/1955/4237 4245/1955/4245 
f 4237/1955/4237 4238/1955/4238 4246/1955/4246 4245/1955/4245 
f 4238/1955/4238 4239/1955/4239 4247/1955/4247 4246/1955/4246 
f 4239/1955/4239 4240/1955/4240 4248/1955/4248 4247/1955/4247 
f 4240/1955/4240 4241/1955/4241 4249/1955/4249 4248/1955/4248 
f 4241/1955/4241 4242/1955/4242 4250/1955/4250 4249/1955/4249 
f 4242/1955/4242 4243/1955/4243 4251/1955/4251 4250/1955/4250 
f 4243/1955/4243 4244/1988/4244 4252/1989/4252 4251/1955/4251 
f 3982/1950/3982 4245/1955/4245 3991/1955/3991 
f 4245/1955/4245 4246/1955/4246 4253/1955/4253 3991/1955/3991 
f 4246/1955/4246 4247/1955/4247 4254/1955/4254 4253/1955/4253 
f 4247/1955/4247 4248/1955/4248 4255/1955/4255 4254/1955/4254 
f 4248/1955/4248 4249/1955/4249 4256/1955/4256 4255/1955/4255 
f 4249/1955/4249 4250/1955/4250 4257/1955/4257 4256/1955/4256 
f 4250/1955/4250 4251/1955/4251 4258/1955/4258 4257/1955/4257 
f 4251/1955/4251 4252/1989/4252 4259/1990/4259 4258/1955/4258 
f 3991/1955/3991 4253/1955/4253 4260/1955/4260 3992/1955/3992 
f 4253/1955/4253 4254/1955/4254 4261/1955/4261 4260/1955/4260 
f 4254/1955/4254 4255/1955/4255 4262/1955/4262 4261/1955/4261 
f 4255/1955/4255 4256/1955/4256 4263/1955/4263 4262/1955/4262 
f 4256/1955/4256 4257/1955/4257 4264/1955/4264 4263/1955/4263 
f 4257/1955/4257 4258/1955/4258 4002/1955/4002 4264/1955/4264 
f 4258/1955/4258 4259/1990/4259 3979/1991/3979 4002/1955/4002 
f 3993/1957/3993 4014/2008/4014 4090/2009/4090 3994/1958/3994 
f 4014/2008/4014 4012/2010/4012 4098/2011/4098 4090/2009/4090 
f 4012/2010/4012 4010/2012/4010 4106/2013/4106 4098/2011/4098 
f 4010/2012/4010 4008/2014/4008 4114/2015/4114 4106/2013/4106 
f 4008/2014/4008 4006/2016/4006 4122/2017/4122 4114/2015/4114 
f 4006/2016/4006 4004/2018/4004 4129/2019/4129 4122/2017/4122 
f 4004/2018/4004 3978/1950/3978 3977/1949/3977 4129/2019/4129 
f 3995/1961/3995 4080/2020/4080 4220/2021/4220 3996/1962/3996 
f 4080/2020/4080 4078/2022/4078 4228/2023/4228 4220/2021/4220 
f 4078/2022/4078 4076/2024/4076 4236/2025/4236 4228/2023/4228 
f 4076/2024/4076 4074/2026/4074 4244/2027/4244 4236/2025/4236 
f 4074/2026/4074 4072/2028/4072 4252/2029/4252 4244/2027/4244 
f 4072/2028/4072 4070/2030/4070 4259/2031/4259 4252/2029/4252 
f 4070/2030/4070 3980/1954/3980 3979/1953/3979 4259/2031/4259 
f 3997/1957/3997 4210/2008/4210 4155/2009/4155 3998/1958/3998 
f 4210/2008/4210 4208/2010/4208 4163/2011/4163 4155/2009/4155 
f 4208/2010/4208 4206/2012/4206 4171/2013/4171 4163/2011/4163 
f 4206/2012/4206 4204/2014/4204 4179/2015/4179 4171/2013/4171 
f 4204/2014/4204 4202/2016/4202 4187/2017/4187 4179/2015/4179 
f 4202/2016/4202 4200/2018/4200 4194/2019/4194 4187/2017/4187 
f 4200/2018/4200 3982/1950/3982 3981/1949/3981 4194/2019/4194 
f 3999/1961/3999 4145/2020/4145 4024/2021/4024 4000/1962/4000 
f 4145/2020/4145 4143/2022/4143 4032/2023/4032 4024/2021/4024 
f 4143/2022/4143 4141/2024/4141 4040/2025/4040 4032/2023/4032 
f 4141/2024/4141 4139/2026/4139 4048/2027/4048 4040/2025/4040 
f 4139/2026/4139 4137/2028/4137 4056/2029/4056 4048/2027/4048 
f 4137/2028/4137 4135/2030/4135 4063/2031/4063 4056/2029/4056 
f 4135/2030/4135 3984/1954/3984 3983/1953/3983 4063/2031/4063 
f 3971/1965/3971 3970/2032/3970 4134/2033/4134 4001/1966/4001 
f 3970/2032/3970 3969/2034/3969 4133/2035/4133 4134/2033/4134 
f 3969/2034/3969 3968/2036/3968 4132/2037/4132 4133/2035/4133 
f 3968/2036/3968 3967/2038/3967 4131/2039/4131 4132/2037/4132 
f 3967/2038/3967 3966/2040/3966 4130/2041/4130 4131/2039/4131 
f 3966/2040/3966 3965/2042/3965 3988/2043/3988 4130/2041/4130 
f 3965/2042/3965 3964/1951/3964 3980/1954/3980 3988/2043/3988 
f 3986/1969/3986 4064/2044/4064 3939/2045/3939 3938/1970/3938 
f 4064/2044/4064 4065/2046/4065 3940/2047/3940 3939/2045/3939 
f 4065/2046/4065 4066/2048/4066 3941/2049/3941 3940/2047/3940 
f 4066/2048/4066 4067/2050/4067 3942/2051/3942 3941/2049/3941 
f 4067/2050/4067 4068/2052/4068 3943/2053/3943 3942/2051/3942 
f 4068/2052/4068 4069/2054/4069 3944/2055/3944 3943/2053/3943 
f 4069/2054/4069 3983/1953/3983 3945/1952/3945 3944/2055/3944 
f 3962/1973/3962 3961/2056/3961 4264/2057/4264 4002/1974/4002 
f 3961/2056/3961 3960/2058/3960 4263/2059/4263 4264/2057/4264 
f 3960/2058/3960 3959/2060/3959 4262/2061/4262 4263/2059/4263 
f 3959/2060/3959 3958/2062/3958 4261/2063/4261 4262/2061/4262 
f 3958/2062/3958 3957/2064/3957 4260/2065/4260 4261/2063/4261 
f 3957/2064/3957 3956/2066/3956 3992/2067/3992 4260/2065/4260 
f 3956/2066/3956 3955/1944/3955 3982/1950/3982 3992/2067/3992 
f 3953/1965/3953 3952/2032/3952 4199/2033/4199 4003/1966/4003 
f 3952/2032/3952 3951/2034/3951 4198/2035/4198 4199/2033/4199 
f 3951/2034/3951 3950/2036/3950 4197/2037/4197 4198/2035/4198 
f 3950/2036/3950 3949/2038/3949 4196/2039/4196 4197/2037/4197 
f 3949/2038/3949 3948/2040/3948 4195/2041/4195 4196/2039/4196 
f 3948/2040/3948 3947/2042/3947 3990/2043/3990 4195/2041/4195 
f 3947/2042/3947 3946/1951/3946 3984/1954/3984 3990/2043/3990 
# 294 polygons - 32 triangles

#
# object Box043
#

v  -38.1914 45.6446 47.5714
v  -38.2241 45.6446 47.4165
v  -38.2525 45.6446 46.9520
v  -38.2765 45.6446 46.1777
v  -38.2961 45.6446 45.0937
v  -38.3114 45.6446 43.6999
v  -38.3223 45.6446 41.9965
v  -38.3289 45.6446 39.9834
v  -38.3310 45.6446 37.6605
v  -38.3310 45.6446 22.3395
v  -38.3289 45.6446 20.0167
v  -38.3223 45.6446 18.0035
v  -38.3114 45.6446 16.3001
v  -38.2961 45.6446 14.9063
v  -38.2765 45.6446 13.8223
v  -38.2525 45.6446 13.0480
v  -38.2241 45.6446 12.5835
v  -38.1914 45.6446 12.4286
v  -37.0587 45.6446 12.4286
v  -37.0259 45.6446 12.5835
v  -36.9976 45.6446 13.0480
v  -36.9735 45.6446 13.8223
v  -36.9539 45.6446 14.9063
v  -36.9386 45.6446 16.3001
v  -36.9277 45.6446 18.0035
v  -36.9212 45.6446 20.0167
v  -36.9190 45.6446 22.3395
v  -36.9190 45.6446 37.6605
v  -36.9212 45.6446 39.9834
v  -36.9277 45.6446 41.9965
v  -36.9386 45.6446 43.6999
v  -36.9539 45.6446 45.0937
v  -36.9735 45.6446 46.1777
v  -36.9976 45.6446 46.9520
v  -37.0259 45.6446 47.4165
v  -37.0587 45.6446 47.5714
v  -38.1914 46.4561 37.6605
v  -37.0587 46.4561 37.6605
v  -37.0587 46.4561 22.3395
v  -38.1914 46.4561 22.3395
v  -37.0587 46.4460 47.5714
v  -38.1914 46.4460 47.5714
v  -36.9190 46.4460 22.3395
v  -36.9190 46.4460 37.6605
v  -38.1914 46.4460 12.4286
v  -37.0587 46.4460 12.4286
v  -38.3310 46.4460 37.6605
v  -38.3310 46.4460 22.3395
v  -38.2236 46.4466 47.4165
v  -38.2241 46.4460 47.4165
v  -36.9212 46.4466 39.9471
v  -36.9212 46.4460 39.9834
v  -38.3289 46.4466 20.0529
v  -38.3289 46.4460 20.0167
v  -37.0264 46.4466 12.5835
v  -37.0259 46.4460 12.5835
v  -38.1914 46.4559 39.9834
v  -37.0587 46.4559 39.9834
v  -37.0259 46.4559 37.6605
v  -37.0259 46.4559 22.3395
v  -37.0587 46.4559 20.0167
v  -38.1914 46.4559 20.0167
v  -38.2241 46.4559 22.3395
v  -38.2241 46.4559 37.6605
v  -37.0259 46.4460 47.4165
v  -36.9212 46.4460 20.0167
v  -38.2241 46.4460 12.5835
v  -38.1914 46.4484 47.4165
v  -38.1990 46.4483 47.4165
v  -38.1914 46.4504 46.9520
v  -38.2057 46.4503 46.9520
v  -38.1914 46.4521 46.1777
v  -38.2113 46.4520 46.1777
v  -38.1914 46.4536 45.0937
v  -38.2159 46.4534 45.0937
v  -38.1914 46.4546 43.6999
v  -38.2195 46.4545 43.6999
v  -38.1914 46.4554 41.9965
v  -38.2221 46.4553 41.9965
v  -38.2236 46.4557 39.9834
v  -38.2057 46.4482 47.4165
v  -38.2181 46.4501 46.9520
v  -38.2286 46.4518 46.1777
v  -38.2372 46.4531 45.0937
v  -38.2439 46.4541 43.6999
v  -38.2486 46.4548 41.9965
v  -38.2515 46.4553 39.9834
v  -38.2525 46.4554 37.6605
v  -38.2113 46.4480 47.4165
v  -38.2286 46.4498 46.9520
v  -38.2432 46.4513 46.1777
v  -38.2552 46.4525 45.0937
v  -38.2645 46.4534 43.6999
v  -38.2712 46.4541 41.9965
v  -38.2751 46.4545 39.9834
v  -38.2765 46.4546 37.6605
v  -38.2159 46.4478 47.4165
v  -38.2372 46.4493 46.9520
v  -38.2552 46.4506 46.1777
v  -38.2699 46.4517 45.0937
v  -38.2814 46.4525 43.6999
v  -38.2896 46.4531 41.9965
v  -38.2945 46.4534 39.9834
v  -38.2961 46.4536 37.6605
v  -38.2195 46.4475 47.4165
v  -38.2439 46.4487 46.9520
v  -38.2645 46.4498 46.1777
v  -38.2814 46.4506 45.0937
v  -38.2945 46.4513 43.6999
v  -38.3039 46.4518 41.9965
v  -38.3095 46.4520 39.9834
v  -38.3114 46.4521 37.6605
v  -38.2221 46.4471 47.4165
v  -38.2486 46.4479 46.9520
v  -38.2712 46.4487 46.1777
v  -38.2896 46.4493 45.0937
v  -38.3039 46.4498 43.6999
v  -38.3141 46.4501 41.9965
v  -38.3203 46.4503 39.9834
v  -38.3223 46.4504 37.6605
v  -38.2515 46.4471 46.9520
v  -38.2751 46.4475 46.1777
v  -38.2945 46.4478 45.0937
v  -38.3095 46.4480 43.6999
v  -38.3203 46.4482 41.9965
v  -38.3267 46.4483 39.9834
v  -38.3289 46.4484 37.6605
v  -38.2525 46.4460 46.9520
v  -38.2765 46.4460 46.1777
v  -38.2961 46.4460 45.0937
v  -38.3114 46.4460 43.6999
v  -38.3223 46.4460 41.9965
v  -38.3289 46.4460 39.9834
v  -36.9212 46.4484 37.6605
v  -36.9212 46.4483 38.2049
v  -36.9277 46.4504 37.6605
v  -36.9277 46.4503 38.6767
v  -36.9386 46.4521 37.6605
v  -36.9386 46.4520 39.0760
v  -36.9539 46.4536 37.6605
v  -36.9539 46.4534 39.4026
v  -36.9735 46.4546 37.6605
v  -36.9735 46.4545 39.6567
v  -36.9976 46.4554 37.6605
v  -36.9976 46.4553 39.8382
v  -37.0259 46.4557 39.9471
v  -36.9212 46.4482 38.6767
v  -36.9277 46.4501 39.5575
v  -36.9386 46.4518 40.3027
v  -36.9539 46.4531 40.9125
v  -36.9735 46.4541 41.3868
v  -36.9976 46.4548 41.7255
v  -37.0259 46.4553 41.9288
v  -37.0587 46.4554 41.9965
v  -36.9212 46.4480 39.0760
v  -36.9277 46.4498 40.3028
v  -36.9386 46.4513 41.3408
v  -36.9539 46.4525 42.1901
v  -36.9735 46.4534 42.8506
v  -36.9976 46.4541 43.3225
v  -37.0259 46.4545 43.6056
v  -37.0587 46.4546 43.6999
v  -36.9212 46.4478 39.4026
v  -36.9277 46.4493 40.9125
v  -36.9386 46.4506 42.1901
v  -36.9539 46.4517 43.2354
v  -36.9735 46.4525 44.0484
v  -36.9976 46.4531 44.6291
v  -37.0259 46.4534 44.9775
v  -37.0587 46.4536 45.0937
v  -36.9212 46.4475 39.6567
v  -36.9277 46.4487 41.3868
v  -36.9386 46.4498 42.8506
v  -36.9539 46.4506 44.0484
v  -36.9735 46.4513 44.9799
v  -36.9976 46.4518 45.6453
v  -37.0259 46.4520 46.0446
v  -37.0587 46.4521 46.1777
v  -36.9212 46.4471 39.8382
v  -36.9277 46.4479 41.7255
v  -36.9386 46.4487 43.3225
v  -36.9539 46.4493 44.6291
v  -36.9735 46.4498 45.6453
v  -36.9976 46.4501 46.3712
v  -37.0259 46.4503 46.8068
v  -37.0587 46.4504 46.9520
v  -36.9277 46.4471 41.9288
v  -36.9386 46.4475 43.6056
v  -36.9539 46.4478 44.9775
v  -36.9735 46.4480 46.0446
v  -36.9976 46.4482 46.8068
v  -37.0259 46.4483 47.2641
v  -37.0587 46.4484 47.4165
v  -36.9277 46.4460 41.9965
v  -36.9386 46.4460 43.6999
v  -36.9539 46.4460 45.0937
v  -36.9735 46.4460 46.1777
v  -36.9976 46.4460 46.9520
v  -38.3289 46.4484 22.3395
v  -38.3289 46.4483 21.7951
v  -38.3223 46.4504 22.3395
v  -38.3223 46.4503 21.3233
v  -38.3114 46.4521 22.3395
v  -38.3114 46.4520 20.9240
v  -38.2961 46.4536 22.3395
v  -38.2961 46.4534 20.5974
v  -38.2765 46.4546 22.3395
v  -38.2765 46.4545 20.3433
v  -38.2525 46.4554 22.3395
v  -38.2525 46.4553 20.1618
v  -38.2241 46.4557 20.0529
v  -38.3289 46.4482 21.3233
v  -38.3223 46.4501 20.4425
v  -38.3114 46.4518 19.6973
v  -38.2961 46.4531 19.0875
v  -38.2765 46.4541 18.6133
v  -38.2525 46.4548 18.2745
v  -38.2241 46.4553 18.0713
v  -38.1914 46.4554 18.0035
v  -38.3289 46.4480 20.9240
v  -38.3223 46.4498 19.6973
v  -38.3114 46.4513 18.6592
v  -38.2961 46.4525 17.8099
v  -38.2765 46.4534 17.1494
v  -38.2525 46.4541 16.6775
v  -38.2241 46.4545 16.3944
v  -38.1914 46.4546 16.3001
v  -38.3289 46.4478 20.5974
v  -38.3223 46.4493 19.0875
v  -38.3114 46.4506 17.8099
v  -38.2961 46.4517 16.7646
v  -38.2765 46.4525 15.9516
v  -38.2525 46.4531 15.3709
v  -38.2241 46.4534 15.0225
v  -38.1914 46.4536 14.9063
v  -38.3289 46.4475 20.3433
v  -38.3223 46.4487 18.6133
v  -38.3114 46.4498 17.1494
v  -38.2961 46.4506 15.9516
v  -38.2765 46.4513 15.0201
v  -38.2525 46.4518 14.3547
v  -38.2241 46.4520 13.9554
v  -38.1914 46.4521 13.8223
v  -38.3289 46.4471 20.1618
v  -38.3223 46.4479 18.2745
v  -38.3114 46.4487 16.6775
v  -38.2961 46.4493 15.3709
v  -38.2765 46.4498 14.3547
v  -38.2525 46.4501 13.6288
v  -38.2241 46.4503 13.1932
v  -38.1914 46.4504 13.0480
v  -38.3223 46.4471 18.0712
v  -38.3114 46.4475 16.3944
v  -38.2961 46.4478 15.0225
v  -38.2765 46.4480 13.9554
v  -38.2525 46.4482 13.1932
v  -38.2241 46.4483 12.7359
v  -38.1914 46.4484 12.5835
v  -38.3223 46.4460 18.0035
v  -38.3114 46.4460 16.3001
v  -38.2961 46.4460 14.9063
v  -38.2765 46.4460 13.8223
v  -38.2525 46.4460 13.0480
v  -37.0587 46.4484 12.5835
v  -37.0510 46.4483 12.5835
v  -37.0587 46.4504 13.0480
v  -37.0443 46.4503 13.0480
v  -37.0587 46.4521 13.8223
v  -37.0387 46.4520 13.8223
v  -37.0587 46.4536 14.9063
v  -37.0341 46.4534 14.9063
v  -37.0587 46.4546 16.3001
v  -37.0305 46.4545 16.3001
v  -37.0587 46.4554 18.0035
v  -37.0280 46.4553 18.0035
v  -37.0264 46.4557 20.0167
v  -37.0443 46.4482 12.5835
v  -37.0319 46.4501 13.0480
v  -37.0214 46.4518 13.8223
v  -37.0128 46.4531 14.9063
v  -37.0061 46.4541 16.3001
v  -37.0014 46.4548 18.0035
v  -36.9985 46.4553 20.0166
v  -36.9976 46.4554 22.3395
v  -37.0387 46.4480 12.5835
v  -37.0214 46.4498 13.0480
v  -37.0068 46.4513 13.8223
v  -36.9948 46.4525 14.9063
v  -36.9855 46.4534 16.3001
v  -36.9789 46.4541 18.0035
v  -36.9749 46.4545 20.0167
v  -36.9735 46.4546 22.3395
v  -37.0341 46.4478 12.5835
v  -37.0128 46.4493 13.0480
v  -36.9948 46.4506 13.8223
v  -36.9801 46.4517 14.9063
v  -36.9686 46.4525 16.3001
v  -36.9605 46.4531 18.0035
v  -36.9555 46.4534 20.0167
v  -36.9539 46.4536 22.3395
v  -37.0305 46.4475 12.5835
v  -37.0061 46.4487 13.0480
v  -36.9855 46.4498 13.8223
v  -36.9686 46.4506 14.9063
v  -36.9555 46.4513 16.3001
v  -36.9461 46.4518 18.0035
v  -36.9405 46.4520 20.0167
v  -36.9386 46.4521 22.3395
v  -37.0280 46.4471 12.5835
v  -37.0014 46.4479 13.0480
v  -36.9789 46.4487 13.8223
v  -36.9605 46.4493 14.9063
v  -36.9461 46.4498 16.3001
v  -36.9359 46.4501 18.0035
v  -36.9298 46.4503 20.0166
v  -36.9277 46.4504 22.3395
v  -36.9985 46.4471 13.0480
v  -36.9749 46.4475 13.8223
v  -36.9555 46.4478 14.9063
v  -36.9405 46.4480 16.3001
v  -36.9298 46.4482 18.0035
v  -36.9233 46.4483 20.0167
v  -36.9212 46.4484 22.3395
v  -36.9976 46.4460 13.0480
v  -36.9735 46.4460 13.8223
v  -36.9539 46.4460 14.9063
v  -36.9386 46.4460 16.3001
v  -36.9277 46.4460 18.0035
# 328 vertices

vn -0.0238 -0.6997 0.7140
vn -0.1059 -0.6896 0.7164
vn -0.2337 -0.6853 0.6897
vn -0.3786 -0.6817 0.6261
vn -0.5183 -0.6802 0.5183
vn -0.6261 -0.6817 0.3786
vn -0.6897 -0.6853 0.2337
vn -0.7165 -0.6895 0.1059
vn -0.7140 -0.6997 0.0238
vn -0.7140 -0.6997 -0.0238
vn -0.7165 -0.6895 -0.1059
vn -0.6897 -0.6853 -0.2337
vn -0.6261 -0.6817 -0.3786
vn -0.5183 -0.6802 -0.5183
vn -0.3786 -0.6817 -0.6261
vn -0.2337 -0.6853 -0.6897
vn -0.1059 -0.6896 -0.7164
vn -0.0238 -0.6997 -0.7140
vn 0.0238 -0.6997 -0.7140
vn 0.1059 -0.6896 -0.7164
vn 0.2337 -0.6853 -0.6897
vn 0.3786 -0.6817 -0.6261
vn 0.5183 -0.6802 -0.5183
vn 0.6261 -0.6817 -0.3786
vn 0.6897 -0.6853 -0.2337
vn 0.7165 -0.6895 -0.1059
vn 0.7140 -0.6997 -0.0238
vn 0.7140 -0.6997 0.0238
vn 0.7165 -0.6895 0.1059
vn 0.6897 -0.6853 0.2337
vn 0.6261 -0.6817 0.3786
vn 0.5183 -0.6802 0.5183
vn 0.3786 -0.6817 0.6261
vn 0.2337 -0.6853 0.6897
vn 0.1059 -0.6896 0.7164
vn 0.0238 -0.6997 0.7140
vn -0.0332 0.9989 0.0332
vn 0.0332 0.9989 0.0332
vn 0.0332 0.9989 -0.0332
vn -0.0332 0.9989 -0.0332
vn 0.0332 0.0332 0.9989
vn -0.0267 0.0267 0.9993
vn 0.9989 0.0332 -0.0332
vn 0.9993 0.0267 0.0267
vn -0.0332 0.0332 -0.9989
vn 0.0267 0.0267 -0.9993
vn -0.9989 0.0332 0.0332
vn -0.9993 0.0267 -0.0267
vn -0.1475 0.0214 0.9888
vn -0.1478 0.0050 0.9890
vn 0.9888 0.0214 0.1475
vn 0.9890 0.0050 0.1478
vn -0.9888 0.0214 -0.1475
vn -0.9890 0.0050 -0.1478
vn 0.1475 0.0214 -0.9888
vn 0.1478 0.0050 -0.9890
vn -0.0329 0.9888 0.1458
vn 0.0335 0.9887 0.1462
vn 0.1458 0.9888 0.0329
vn 0.1462 0.9887 -0.0335
vn 0.0329 0.9888 -0.1458
vn -0.0335 0.9887 -0.1462
vn -0.1458 0.9888 -0.0329
vn -0.1462 0.9887 0.0335
vn 0.1458 0.0329 0.9888
vn 0.9888 0.0329 -0.1458
vn -0.1458 0.0329 -0.9888
vn -0.0050 0.1478 0.9890
vn -0.0214 0.1475 0.9888
vn -0.0108 0.3228 0.9464
vn -0.0467 0.3198 0.9463
vn -0.0173 0.5192 0.8545
vn -0.0754 0.5133 0.8549
vn -0.0236 0.7082 0.7056
vn -0.1032 0.6999 0.7067
vn -0.0285 0.8560 0.5161
vn -0.1252 0.8463 0.5178
vn -0.0315 0.9468 0.3201
vn -0.1387 0.9366 0.3217
vn -0.1449 0.9785 0.1467
vn -0.0466 0.1396 0.9891
vn -0.1015 0.3022 0.9478
vn -0.1638 0.4858 0.8586
vn -0.2247 0.6645 0.7127
vn -0.2734 0.8064 0.5244
vn -0.3037 0.8949 0.3269
vn -0.3178 0.9363 0.1494
vn -0.3210 0.9465 0.0341
vn -0.0745 0.1243 0.9894
vn -0.1617 0.2688 0.9495
vn -0.2611 0.4331 0.8627
vn -0.3592 0.5947 0.7193
vn -0.4382 0.7247 0.5317
vn -0.4882 0.8068 0.3327
vn -0.5117 0.8455 0.1524
vn -0.5173 0.8551 0.0349
vn -0.1018 0.1018 0.9896
vn -0.2202 0.2202 0.9503
vn -0.3554 0.3554 0.8645
vn -0.4891 0.4892 0.7221
vn -0.5974 0.5974 0.5350
vn -0.6662 0.6662 0.3353
vn -0.6987 0.6987 0.1537
vn -0.7067 0.7067 0.0352
vn -0.1243 0.0745 0.9894
vn -0.2688 0.1617 0.9495
vn -0.4330 0.2610 0.8627
vn -0.5947 0.3591 0.7193
vn -0.7247 0.4383 0.5317
vn -0.8068 0.4882 0.3327
vn -0.8455 0.5117 0.1524
vn -0.8551 0.5173 0.0349
vn -0.1396 0.0466 0.9891
vn -0.3022 0.1015 0.9478
vn -0.4858 0.1638 0.8586
vn -0.6645 0.2247 0.7127
vn -0.8064 0.2734 0.5244
vn -0.8949 0.3037 0.3269
vn -0.9363 0.3178 0.1494
vn -0.9465 0.3210 0.0341
vn -0.3198 0.0467 0.9463
vn -0.5133 0.0754 0.8549
vn -0.6999 0.1032 0.7067
vn -0.8463 0.1252 0.5178
vn -0.9366 0.1387 0.3217
vn -0.9785 0.1449 0.1467
vn -0.9887 0.1462 0.0335
vn -0.3228 0.0108 0.9464
vn -0.5191 0.0173 0.8545
vn -0.7082 0.0236 0.7056
vn -0.8560 0.0285 0.5161
vn -0.9468 0.0315 0.3201
vn -0.9888 0.0329 0.1458
vn 0.9890 0.1478 0.0050
vn 0.9888 0.1475 0.0214
vn 0.9464 0.3228 0.0108
vn 0.9463 0.3198 0.0467
vn 0.8545 0.5192 0.0173
vn 0.8549 0.5133 0.0754
vn 0.7056 0.7082 0.0236
vn 0.7067 0.6999 0.1032
vn 0.5161 0.8560 0.0285
vn 0.5178 0.8463 0.1252
vn 0.3201 0.9468 0.0315
vn 0.3217 0.9366 0.1387
vn 0.1467 0.9785 0.1449
vn 0.9891 0.1396 0.0466
vn 0.9478 0.3022 0.1015
vn 0.8586 0.4858 0.1638
vn 0.7127 0.6645 0.2247
vn 0.5244 0.8064 0.2734
vn 0.3269 0.8949 0.3037
vn 0.1494 0.9363 0.3178
vn 0.0341 0.9465 0.3210
vn 0.9894 0.1243 0.0745
vn 0.9495 0.2688 0.1617
vn 0.8627 0.4331 0.2611
vn 0.7193 0.5947 0.3591
vn 0.5317 0.7247 0.4382
vn 0.3327 0.8068 0.4882
vn 0.1524 0.8455 0.5117
vn 0.0349 0.8551 0.5173
vn 0.9896 0.1018 0.1018
vn 0.9503 0.2202 0.2202
vn 0.8645 0.3554 0.3554
vn 0.7221 0.4892 0.4891
vn 0.5350 0.5974 0.5974
vn 0.3353 0.6662 0.6662
vn 0.1537 0.6987 0.6987
vn 0.0352 0.7067 0.7067
vn 0.9894 0.0745 0.1243
vn 0.9495 0.1617 0.2688
vn 0.8627 0.2610 0.4330
vn 0.7193 0.3591 0.5947
vn 0.5317 0.4382 0.7247
vn 0.3327 0.4882 0.8068
vn 0.1524 0.5117 0.8455
vn 0.0349 0.5173 0.8551
vn 0.9891 0.0466 0.1396
vn 0.9478 0.1015 0.3022
vn 0.8586 0.1638 0.4858
vn 0.7127 0.2247 0.6645
vn 0.5244 0.2734 0.8064
vn 0.3269 0.3037 0.8949
vn 0.1494 0.3178 0.9363
vn 0.0341 0.3210 0.9465
vn 0.9463 0.0467 0.3198
vn 0.8549 0.0754 0.5133
vn 0.7067 0.1032 0.6999
vn 0.5178 0.1252 0.8463
vn 0.3217 0.1387 0.9366
vn 0.1467 0.1449 0.9785
vn 0.0335 0.1462 0.9887
vn 0.9464 0.0108 0.3228
vn 0.8545 0.0173 0.5192
vn 0.7056 0.0236 0.7082
vn 0.5161 0.0285 0.8560
vn 0.3201 0.0315 0.9468
vn -0.9890 0.1478 -0.0050
vn -0.9888 0.1475 -0.0214
vn -0.9464 0.3228 -0.0108
vn -0.9463 0.3198 -0.0467
vn -0.8545 0.5192 -0.0173
vn -0.8549 0.5133 -0.0754
vn -0.7056 0.7082 -0.0236
vn -0.7067 0.6999 -0.1032
vn -0.5161 0.8560 -0.0285
vn -0.5178 0.8463 -0.1252
vn -0.3201 0.9468 -0.0315
vn -0.3217 0.9366 -0.1387
vn -0.1467 0.9785 -0.1449
vn -0.9891 0.1396 -0.0466
vn -0.9478 0.3022 -0.1015
vn -0.8586 0.4858 -0.1638
vn -0.7127 0.6645 -0.2247
vn -0.5244 0.8064 -0.2734
vn -0.3269 0.8949 -0.3037
vn -0.1494 0.9363 -0.3178
vn -0.0341 0.9465 -0.3210
vn -0.9894 0.1243 -0.0745
vn -0.9495 0.2688 -0.1617
vn -0.8627 0.4331 -0.2611
vn -0.7193 0.5947 -0.3591
vn -0.5317 0.7247 -0.4382
vn -0.3327 0.8068 -0.4882
vn -0.1524 0.8455 -0.5117
vn -0.0349 0.8551 -0.5173
vn -0.9896 0.1018 -0.1018
vn -0.9503 0.2202 -0.2202
vn -0.8645 0.3554 -0.3554
vn -0.7221 0.4892 -0.4891
vn -0.5350 0.5974 -0.5974
vn -0.3353 0.6662 -0.6662
vn -0.1537 0.6987 -0.6987
vn -0.0352 0.7067 -0.7067
vn -0.9894 0.0745 -0.1243
vn -0.9495 0.1617 -0.2688
vn -0.8627 0.2610 -0.4330
vn -0.7193 0.3591 -0.5947
vn -0.5317 0.4382 -0.7247
vn -0.3327 0.4882 -0.8068
vn -0.1524 0.5117 -0.8455
vn -0.0349 0.5173 -0.8551
vn -0.9891 0.0466 -0.1396
vn -0.9478 0.1015 -0.3022
vn -0.8586 0.1638 -0.4858
vn -0.7127 0.2247 -0.6645
vn -0.5244 0.2734 -0.8064
vn -0.3269 0.3037 -0.8949
vn -0.1494 0.3178 -0.9363
vn -0.0341 0.3210 -0.9465
vn -0.9463 0.0467 -0.3198
vn -0.8549 0.0754 -0.5133
vn -0.7067 0.1032 -0.6999
vn -0.5178 0.1252 -0.8463
vn -0.3217 0.1387 -0.9366
vn -0.1467 0.1449 -0.9785
vn -0.0335 0.1462 -0.9887
vn -0.9464 0.0108 -0.3228
vn -0.8545 0.0173 -0.5192
vn -0.7056 0.0236 -0.7082
vn -0.5161 0.0285 -0.8560
vn -0.3201 0.0315 -0.9468
vn 0.0050 0.1478 -0.9890
vn 0.0214 0.1475 -0.9888
vn 0.0108 0.3228 -0.9464
vn 0.0467 0.3198 -0.9463
vn 0.0173 0.5192 -0.8545
vn 0.0754 0.5133 -0.8549
vn 0.0236 0.7082 -0.7056
vn 0.1032 0.6999 -0.7067
vn 0.0285 0.8560 -0.5161
vn 0.1252 0.8463 -0.5178
vn 0.0315 0.9468 -0.3201
vn 0.1387 0.9366 -0.3217
vn 0.1449 0.9785 -0.1467
vn 0.0466 0.1396 -0.9891
vn 0.1015 0.3022 -0.9478
vn 0.1638 0.4858 -0.8586
vn 0.2247 0.6645 -0.7127
vn 0.2734 0.8064 -0.5244
vn 0.3037 0.8949 -0.3269
vn 0.3178 0.9363 -0.1494
vn 0.3210 0.9465 -0.0341
vn 0.0745 0.1243 -0.9894
vn 0.1617 0.2688 -0.9495
vn 0.2611 0.4331 -0.8627
vn 0.3592 0.5947 -0.7193
vn 0.4382 0.7247 -0.5317
vn 0.4882 0.8068 -0.3327
vn 0.5117 0.8455 -0.1524
vn 0.5173 0.8551 -0.0349
vn 0.1018 0.1018 -0.9896
vn 0.2202 0.2202 -0.9503
vn 0.3554 0.3554 -0.8645
vn 0.4891 0.4892 -0.7221
vn 0.5974 0.5974 -0.5350
vn 0.6662 0.6662 -0.3353
vn 0.6987 0.6987 -0.1537
vn 0.7067 0.7067 -0.0352
vn 0.1243 0.0745 -0.9894
vn 0.2688 0.1617 -0.9495
vn 0.4330 0.2610 -0.8627
vn 0.5947 0.3591 -0.7193
vn 0.7247 0.4383 -0.5317
vn 0.8068 0.4882 -0.3327
vn 0.8455 0.5117 -0.1524
vn 0.8551 0.5173 -0.0349
vn 0.1396 0.0466 -0.9891
vn 0.3022 0.1015 -0.9478
vn 0.4858 0.1638 -0.8586
vn 0.6645 0.2247 -0.7127
vn 0.8064 0.2734 -0.5244
vn 0.8949 0.3037 -0.3269
vn 0.9363 0.3178 -0.1494
vn 0.9465 0.3210 -0.0341
vn 0.3198 0.0467 -0.9463
vn 0.5133 0.0754 -0.8549
vn 0.6999 0.1032 -0.7067
vn 0.8463 0.1252 -0.5178
vn 0.9366 0.1387 -0.3217
vn 0.9785 0.1449 -0.1467
vn 0.9887 0.1462 -0.0335
vn 0.3228 0.0108 -0.9464
vn 0.5191 0.0173 -0.8545
vn 0.7082 0.0236 -0.7056
vn 0.8560 0.0285 -0.5161
vn 0.9468 0.0315 -0.3201
# 328 vertex normals

vt 0.9011 0.0000 0.0000
vt 0.9243 0.0044 0.0000
vt 0.9444 0.0176 0.0000
vt 0.9614 0.0397 0.0000
vt 0.9753 0.0705 0.0000
vt 0.9861 0.1102 0.0000
vt 0.9938 0.1586 0.0000
vt 0.9985 0.2159 0.0000
vt 1.0000 0.2820 0.0000
vt 1.0000 0.7180 0.0000
vt 0.9985 0.7841 0.0000
vt 0.9938 0.8414 0.0000
vt 0.9861 0.8898 0.0000
vt 0.9753 0.9295 0.0000
vt 0.9614 0.9603 0.0000
vt 0.9444 0.9824 0.0000
vt 0.9243 0.9956 0.0000
vt 0.9011 1.0000 0.0000
vt 0.0989 1.0000 0.0000
vt 0.0757 0.9956 0.0000
vt 0.0556 0.9824 0.0000
vt 0.0386 0.9603 0.0000
vt 0.0247 0.9295 0.0000
vt 0.0139 0.8898 0.0000
vt 0.0062 0.8414 0.0000
vt 0.0015 0.7841 0.0000
vt 0.0000 0.7180 0.0000
vt 0.0000 0.2820 0.0000
vt 0.0015 0.2159 0.0000
vt 0.0062 0.1586 0.0000
vt 0.0139 0.1102 0.0000
vt 0.0247 0.0705 0.0000
vt 0.0386 0.0397 0.0000
vt 0.0556 0.0176 0.0000
vt 0.0757 0.0044 0.0000
vt 0.0989 0.0000 0.0000
vt 0.0989 0.2820 0.0000
vt 0.9011 0.2820 0.0000
vt 0.9011 0.7180 0.0000
vt 0.0989 0.7180 0.0000
vt 0.9011 0.9876 0.0000
vt 0.0989 0.9876 0.0000
vt 0.2820 0.0000 0.0000
vt 0.7180 0.0000 0.0000
vt 0.7180 0.9876 0.0000
vt 0.2820 0.9876 0.0000
vt 0.0000 1.0000 0.0000
vt 0.0989 1.2636 0.0000
vt 0.0989 1.2291 0.0000
vt 0.9011 1.2291 0.0000
vt 0.9011 1.2636 0.0000
vt 0.2820 0.5888 0.0000
vt 0.2820 0.6387 0.0000
vt 0.7180 0.6387 0.0000
vt 0.7180 0.5888 0.0000
vt 0.0858 -0.0039 0.0000
vt 0.1103 -0.0034 0.0000
vt 0.1124 0.9842 0.0000
vt 0.0882 0.9837 0.0000
vt 0.9118 0.9837 0.0000
vt 0.8876 0.9842 0.0000
vt 0.8897 -0.0034 0.0000
vt 0.9142 -0.0039 0.0000
vt 0.2443 -0.0106 0.0000
vt 0.2261 -0.0092 0.0000
vt 0.2204 0.9786 0.0000
vt 0.2378 0.9773 0.0000
vt 0.0730 0.9914 0.0000
vt 0.0448 0.9966 0.0000
vt 0.0143 1.0032 0.0000
vt -0.0186 1.0113 0.0000
vt -0.0537 1.0207 0.0000
vt -0.0912 1.0315 0.0000
vt -0.1310 1.0438 0.0000
vt -0.1732 1.0574 0.0000
vt -0.1353 1.0420 0.0000
vt -0.1082 1.0243 0.0000
vt -0.0920 1.0044 0.0000
vt -0.0866 0.9824 0.0000
vt -0.0920 0.9581 0.0000
vt -0.1082 0.9316 0.0000
vt -0.1353 0.9029 0.0000
vt -0.1732 0.8720 0.0000
vt 0.2188 0.9928 0.0000
vt 0.1702 1.0022 0.0000
vt 0.1362 1.0157 0.0000
vt 0.1168 1.0334 0.0000
vt 0.1121 1.0552 0.0000
vt 0.1219 1.0813 0.0000
vt 0.1463 1.1115 0.0000
vt 0.1854 1.1458 0.0000
vt 0.1411 1.1107 0.0000
vt 0.1009 1.0783 0.0000
vt 0.0648 1.0486 0.0000
vt 0.0328 1.0215 0.0000
vt 0.0049 0.9971 0.0000
vt -0.0189 0.9755 0.0000
vt -0.0387 0.9565 0.0000
vt -0.0543 0.9402 0.0000
vt 0.0989 1.1946 0.0000
vt 0.9011 1.1946 0.0000
vt 0.0989 1.1601 0.0000
vt 0.9011 1.1601 0.0000
vt 0.0989 1.1256 0.0000
vt 0.9011 1.1256 0.0000
vt 0.0989 1.0911 0.0000
vt 0.9011 1.0911 0.0000
vt 0.0989 1.0566 0.0000
vt 0.9011 1.0566 0.0000
vt 0.0989 1.0221 0.0000
vt 0.9011 1.0221 0.0000
vt 0.2820 0.6885 0.0000
vt 0.7180 0.6885 0.0000
vt 0.2820 0.7384 0.0000
vt 0.7180 0.7384 0.0000
vt 0.2820 0.7882 0.0000
vt 0.7180 0.7882 0.0000
vt 0.2820 0.8381 0.0000
vt 0.7180 0.8381 0.0000
vt 0.2820 0.8879 0.0000
vt 0.7180 0.8879 0.0000
vt 0.2820 0.9378 0.0000
vt 0.7180 0.9378 0.0000
vt 0.1349 -0.0029 0.0000
vt 0.1366 0.9847 0.0000
vt 0.1594 -0.0024 0.0000
vt 0.1609 0.9852 0.0000
vt 0.1839 -0.0020 0.0000
vt 0.1851 0.9857 0.0000
vt 0.2084 -0.0015 0.0000
vt 0.2093 0.9862 0.0000
vt 0.2330 -0.0010 0.0000
vt 0.2336 0.9867 0.0000
vt 0.2575 -0.0005 0.0000
vt 0.2578 0.9871 0.0000
vt 0.8634 0.9847 0.0000
vt 0.8651 -0.0029 0.0000
vt 0.8391 0.9852 0.0000
vt 0.8406 -0.0024 0.0000
vt 0.8149 0.9857 0.0000
vt 0.8161 -0.0020 0.0000
vt 0.7907 0.9862 0.0000
vt 0.7916 -0.0015 0.0000
vt 0.7664 0.9867 0.0000
vt 0.7670 -0.0010 0.0000
vt 0.7422 0.9871 0.0000
vt 0.7425 -0.0005 0.0000
vt 0.2079 -0.0079 0.0000
vt 0.2031 0.9799 0.0000
vt 0.1898 -0.0066 0.0000
vt 0.1857 0.9812 0.0000
vt 0.1716 -0.0053 0.0000
vt 0.1684 0.9825 0.0000
vt 0.1534 -0.0040 0.0000
vt 0.1510 0.9838 0.0000
vt 0.1353 -0.0026 0.0000
vt 0.1336 0.9851 0.0000
vt 0.1171 -0.0013 0.0000
vt 0.1163 0.9863 0.0000
# 159 texture coords

o Box043
g Box043
usemtl wire_062062062
s 1
f 4265/2068/4265 4266/2069/4266 4267/2070/4267 4268/2071/4268 4269/2072/4269 4270/2073/4270 4271/2074/4271 4272/2075/4272 4273/2076/4273 4274/2077/4274 4275/2078/4275 4276/2079/4276 4277/2080/4277 4278/2081/4278 4279/2082/4279 4280/2083/4280 4281/2084/4281 4282/2085/4282 4283/2086/4283 4284/2087/4284 4285/2088/4285 4286/2089/4286 4287/2090/4287 4288/2091/4288 4289/2092/4289 4290/2093/4290 4291/2094/4291 4292/2095/4292 4293/2096/4293 4294/2097/4294 4295/2098/4295 4296/2099/4296 4297/2100/4297 4298/2101/4298 4299/2102/4299 4300/2103/4300 
s 2
f 4301/2104/4301 4302/2105/4302 4303/2106/4303 4304/2107/4304 
f 4265/2103/4265 4300/2068/4300 4305/2108/4305 4306/2109/4306 
f 4292/2110/4292 4291/2111/4291 4307/2112/4307 4308/2113/4308 
f 4283/2103/4283 4282/2068/4282 4309/2108/4309 4310/2109/4310 
f 4274/2110/4274 4273/2111/4273 4311/2112/4311 4312/2113/4312 
f 4306/2109/4306 4313/2114/4313 4314/2114/4314 
f 4308/2113/4308 4315/2114/4315 4316/2114/4316 
f 4312/2113/4312 4317/2114/4317 4318/2114/4318 
f 4310/2109/4310 4319/2114/4319 4320/2114/4320 
f 4301/2115/4301 4321/2116/4321 4322/2117/4322 4302/2118/4302 
f 4302/2119/4302 4323/2120/4323 4324/2121/4324 4303/2122/4303 
f 4303/2115/4303 4325/2116/4325 4326/2117/4326 4304/2118/4304 
f 4304/2119/4304 4327/2120/4327 4328/2121/4328 4301/2122/4301 
f 4300/2123/4300 4299/2124/4299 4329/2125/4329 4305/2126/4305 
f 4306/2127/4306 4314/2128/4314 4266/2129/4266 4265/2130/4265 
f 4291/2131/4291 4290/2132/4290 4330/2133/4330 4307/2134/4307 
f 4282/2123/4282 4281/2124/4281 4331/2125/4331 4309/2126/4309 
f 4306/2109/4306 4332/2135/4332 4333/2114/4333 
f 4332/2135/4332 4334/2136/4334 4335/2114/4335 4333/2114/4333 
f 4334/2136/4334 4336/2137/4336 4337/2114/4337 4335/2114/4335 
f 4336/2137/4336 4338/2138/4338 4339/2114/4339 4337/2114/4337 
f 4338/2138/4338 4340/2139/4340 4341/2114/4341 4339/2114/4339 
f 4340/2139/4340 4342/2140/4342 4343/2114/4343 4341/2114/4341 
f 4342/2140/4342 4321/2141/4321 4344/2114/4344 4343/2114/4343 
f 4321/2141/4321 4301/2142/4301 4328/2143/4328 4344/2114/4344 
f 4306/2109/4306 4333/2114/4333 4345/2114/4345 
f 4333/2114/4333 4335/2114/4335 4346/2114/4346 4345/2114/4345 
f 4335/2114/4335 4337/2114/4337 4347/2114/4347 4346/2114/4346 
f 4337/2114/4337 4339/2114/4339 4348/2114/4348 4347/2114/4347 
f 4339/2114/4339 4341/2114/4341 4349/2114/4349 4348/2114/4348 
f 4341/2114/4341 4343/2114/4343 4350/2114/4350 4349/2114/4349 
f 4343/2114/4343 4344/2114/4344 4351/2114/4351 4350/2114/4350 
f 4344/2114/4344 4328/2143/4328 4352/2144/4352 4351/2114/4351 
f 4306/2109/4306 4345/2114/4345 4353/2114/4353 
f 4345/2114/4345 4346/2114/4346 4354/2114/4354 4353/2114/4353 
f 4346/2114/4346 4347/2114/4347 4355/2114/4355 4354/2114/4354 
f 4347/2114/4347 4348/2114/4348 4356/2114/4356 4355/2114/4355 
f 4348/2114/4348 4349/2114/4349 4357/2114/4357 4356/2114/4356 
f 4349/2114/4349 4350/2114/4350 4358/2114/4358 4357/2114/4357 
f 4350/2114/4350 4351/2114/4351 4359/2114/4359 4358/2114/4358 
f 4351/2114/4351 4352/2144/4352 4360/2145/4360 4359/2114/4359 
f 4306/2109/4306 4353/2114/4353 4361/2114/4361 
f 4353/2114/4353 4354/2114/4354 4362/2114/4362 4361/2114/4361 
f 4354/2114/4354 4355/2114/4355 4363/2114/4363 4362/2114/4362 
f 4355/2114/4355 4356/2114/4356 4364/2114/4364 4363/2114/4363 
f 4356/2114/4356 4357/2114/4357 4365/2114/4365 4364/2114/4364 
f 4357/2114/4357 4358/2114/4358 4366/2114/4366 4365/2114/4365 
f 4358/2114/4358 4359/2114/4359 4367/2114/4367 4366/2114/4366 
f 4359/2114/4359 4360/2145/4360 4368/2146/4368 4367/2114/4367 
f 4306/2109/4306 4361/2114/4361 4369/2114/4369 
f 4361/2114/4361 4362/2114/4362 4370/2114/4370 4369/2114/4369 
f 4362/2114/4362 4363/2114/4363 4371/2114/4371 4370/2114/4370 
f 4363/2114/4363 4364/2114/4364 4372/2114/4372 4371/2114/4371 
f 4364/2114/4364 4365/2114/4365 4373/2114/4373 4372/2114/4372 
f 4365/2114/4365 4366/2114/4366 4374/2114/4374 4373/2114/4373 
f 4366/2114/4366 4367/2114/4367 4375/2114/4375 4374/2114/4374 
f 4367/2114/4367 4368/2146/4368 4376/2147/4376 4375/2114/4375 
f 4306/2109/4306 4369/2114/4369 4377/2114/4377 
f 4369/2114/4369 4370/2114/4370 4378/2114/4378 4377/2114/4377 
f 4370/2114/4370 4371/2114/4371 4379/2114/4379 4378/2114/4378 
f 4371/2114/4371 4372/2114/4372 4380/2114/4380 4379/2114/4379 
f 4372/2114/4372 4373/2114/4373 4381/2114/4381 4380/2114/4380 
f 4373/2114/4373 4374/2114/4374 4382/2114/4382 4381/2114/4381 
f 4374/2114/4374 4375/2114/4375 4383/2114/4383 4382/2114/4382 
f 4375/2114/4375 4376/2147/4376 4384/2148/4384 4383/2114/4383 
f 4306/2109/4306 4377/2114/4377 4313/2114/4313 
f 4377/2114/4377 4378/2114/4378 4385/2114/4385 4313/2114/4313 
f 4378/2114/4378 4379/2114/4379 4386/2114/4386 4385/2114/4385 
f 4379/2114/4379 4380/2114/4380 4387/2114/4387 4386/2114/4386 
f 4380/2114/4380 4381/2114/4381 4388/2114/4388 4387/2114/4387 
f 4381/2114/4381 4382/2114/4382 4389/2114/4389 4388/2114/4388 
f 4382/2114/4382 4383/2114/4383 4390/2114/4390 4389/2114/4389 
f 4383/2114/4383 4384/2148/4384 4391/2149/4391 4390/2114/4390 
f 4313/2114/4313 4385/2114/4385 4392/2114/4392 4314/2114/4314 
f 4385/2114/4385 4386/2114/4386 4393/2114/4393 4392/2114/4392 
f 4386/2114/4386 4387/2114/4387 4394/2114/4394 4393/2114/4393 
f 4387/2114/4387 4388/2114/4388 4395/2114/4395 4394/2114/4394 
f 4388/2114/4388 4389/2114/4389 4396/2114/4396 4395/2114/4395 
f 4389/2114/4389 4390/2114/4390 4397/2114/4397 4396/2114/4396 
f 4390/2114/4390 4391/2149/4391 4311/2150/4311 4397/2114/4397 
f 4308/2113/4308 4398/2151/4398 4399/2114/4399 
f 4398/2151/4398 4400/2152/4400 4401/2114/4401 4399/2114/4399 
f 4400/2152/4400 4402/2153/4402 4403/2114/4403 4401/2114/4401 
f 4402/2153/4402 4404/2154/4404 4405/2114/4405 4403/2114/4403 
f 4404/2154/4404 4406/2155/4406 4407/2114/4407 4405/2114/4405 
f 4406/2155/4406 4408/2156/4408 4409/2114/4409 4407/2114/4407 
f 4408/2156/4408 4323/2157/4323 4410/2114/4410 4409/2114/4409 
f 4323/2157/4323 4302/2158/4302 4322/2159/4322 4410/2114/4410 
f 4308/2113/4308 4399/2114/4399 4411/2114/4411 
f 4399/2114/4399 4401/2114/4401 4412/2114/4412 4411/2114/4411 
f 4401/2114/4401 4403/2114/4403 4413/2114/4413 4412/2114/4412 
f 4403/2114/4403 4405/2114/4405 4414/2114/4414 4413/2114/4413 
f 4405/2114/4405 4407/2114/4407 4415/2114/4415 4414/2114/4414 
f 4407/2114/4407 4409/2114/4409 4416/2114/4416 4415/2114/4415 
f 4409/2114/4409 4410/2114/4410 4417/2114/4417 4416/2114/4416 
f 4410/2114/4410 4322/2159/4322 4418/2160/4418 4417/2114/4417 
f 4308/2113/4308 4411/2114/4411 4419/2114/4419 
f 4411/2114/4411 4412/2114/4412 4420/2114/4420 4419/2114/4419 
f 4412/2114/4412 4413/2114/4413 4421/2114/4421 4420/2114/4420 
f 4413/2114/4413 4414/2114/4414 4422/2114/4422 4421/2114/4421 
f 4414/2114/4414 4415/2114/4415 4423/2114/4423 4422/2114/4422 
f 4415/2114/4415 4416/2114/4416 4424/2114/4424 4423/2114/4423 
f 4416/2114/4416 4417/2114/4417 4425/2114/4425 4424/2114/4424 
f 4417/2114/4417 4418/2160/4418 4426/2161/4426 4425/2114/4425 
f 4308/2113/4308 4419/2114/4419 4427/2114/4427 
f 4419/2114/4419 4420/2114/4420 4428/2114/4428 4427/2114/4427 
f 4420/2114/4420 4421/2114/4421 4429/2114/4429 4428/2114/4428 
f 4421/2114/4421 4422/2114/4422 4430/2114/4430 4429/2114/4429 
f 4422/2114/4422 4423/2114/4423 4431/2114/4431 4430/2114/4430 
f 4423/2114/4423 4424/2114/4424 4432/2114/4432 4431/2114/4431 
f 4424/2114/4424 4425/2114/4425 4433/2114/4433 4432/2114/4432 
f 4425/2114/4425 4426/2161/4426 4434/2162/4434 4433/2114/4433 
f 4308/2113/4308 4427/2114/4427 4435/2114/4435 
f 4427/2114/4427 4428/2114/4428 4436/2114/4436 4435/2114/4435 
f 4428/2114/4428 4429/2114/4429 4437/2114/4437 4436/2114/4436 
f 4429/2114/4429 4430/2114/4430 4438/2114/4438 4437/2114/4437 
f 4430/2114/4430 4431/2114/4431 4439/2114/4439 4438/2114/4438 
f 4431/2114/4431 4432/2114/4432 4440/2114/4440 4439/2114/4439 
f 4432/2114/4432 4433/2114/4433 4441/2114/4441 4440/2114/4440 
f 4433/2114/4433 4434/2162/4434 4442/2163/4442 4441/2114/4441 
f 4308/2113/4308 4435/2114/4435 4443/2114/4443 
f 4435/2114/4435 4436/2114/4436 4444/2114/4444 4443/2114/4443 
f 4436/2114/4436 4437/2114/4437 4445/2114/4445 4444/2114/4444 
f 4437/2114/4437 4438/2114/4438 4446/2114/4446 4445/2114/4445 
f 4438/2114/4438 4439/2114/4439 4447/2114/4447 4446/2114/4446 
f 4439/2114/4439 4440/2114/4440 4448/2114/4448 4447/2114/4447 
f 4440/2114/4440 4441/2114/4441 4449/2114/4449 4448/2114/4448 
f 4441/2114/4441 4442/2163/4442 4450/2164/4450 4449/2114/4449 
f 4308/2113/4308 4443/2114/4443 4315/2114/4315 
f 4443/2114/4443 4444/2114/4444 4451/2114/4451 4315/2114/4315 
f 4444/2114/4444 4445/2114/4445 4452/2114/4452 4451/2114/4451 
f 4445/2114/4445 4446/2114/4446 4453/2114/4453 4452/2114/4452 
f 4446/2114/4446 4447/2114/4447 4454/2114/4454 4453/2114/4453 
f 4447/2114/4447 4448/2114/4448 4455/2114/4455 4454/2114/4454 
f 4448/2114/4448 4449/2114/4449 4456/2114/4456 4455/2114/4455 
f 4449/2114/4449 4450/2164/4450 4457/2165/4457 4456/2114/4456 
f 4315/2114/4315 4451/2114/4451 4458/2114/4458 4316/2114/4316 
f 4451/2114/4451 4452/2114/4452 4459/2114/4459 4458/2114/4458 
f 4452/2114/4452 4453/2114/4453 4460/2114/4460 4459/2114/4459 
f 4453/2114/4453 4454/2114/4454 4461/2114/4461 4460/2114/4460 
f 4454/2114/4454 4455/2114/4455 4462/2114/4462 4461/2114/4461 
f 4455/2114/4455 4456/2114/4456 4329/2114/4329 4462/2114/4462 
f 4456/2114/4456 4457/2165/4457 4305/2166/4305 4329/2114/4329 
f 4312/2113/4312 4463/2151/4463 4464/2114/4464 
f 4463/2151/4463 4465/2152/4465 4466/2114/4466 4464/2114/4464 
f 4465/2152/4465 4467/2153/4467 4468/2114/4468 4466/2114/4466 
f 4467/2153/4467 4469/2154/4469 4470/2114/4470 4468/2114/4468 
f 4469/2154/4469 4471/2155/4471 4472/2114/4472 4470/2114/4470 
f 4471/2155/4471 4473/2156/4473 4474/2114/4474 4472/2114/4472 
f 4473/2156/4473 4327/2157/4327 4475/2114/4475 4474/2114/4474 
f 4327/2157/4327 4304/2158/4304 4326/2159/4326 4475/2114/4475 
f 4312/2113/4312 4464/2114/4464 4476/2114/4476 
f 4464/2114/4464 4466/2114/4466 4477/2114/4477 4476/2114/4476 
f 4466/2114/4466 4468/2114/4468 4478/2114/4478 4477/2114/4477 
f 4468/2114/4468 4470/2114/4470 4479/2114/4479 4478/2114/4478 
f 4470/2114/4470 4472/2114/4472 4480/2114/4480 4479/2114/4479 
f 4472/2114/4472 4474/2114/4474 4481/2114/4481 4480/2114/4480 
f 4474/2114/4474 4475/2114/4475 4482/2114/4482 4481/2114/4481 
f 4475/2114/4475 4326/2159/4326 4483/2160/4483 4482/2114/4482 
f 4312/2113/4312 4476/2114/4476 4484/2114/4484 
f 4476/2114/4476 4477/2114/4477 4485/2114/4485 4484/2114/4484 
f 4477/2114/4477 4478/2114/4478 4486/2114/4486 4485/2114/4485 
f 4478/2114/4478 4479/2114/4479 4487/2114/4487 4486/2114/4486 
f 4479/2114/4479 4480/2114/4480 4488/2114/4488 4487/2114/4487 
f 4480/2114/4480 4481/2114/4481 4489/2114/4489 4488/2114/4488 
f 4481/2114/4481 4482/2114/4482 4490/2114/4490 4489/2114/4489 
f 4482/2114/4482 4483/2160/4483 4491/2161/4491 4490/2114/4490 
f 4312/2113/4312 4484/2114/4484 4492/2114/4492 
f 4484/2114/4484 4485/2114/4485 4493/2114/4493 4492/2114/4492 
f 4485/2114/4485 4486/2114/4486 4494/2114/4494 4493/2114/4493 
f 4486/2114/4486 4487/2114/4487 4495/2114/4495 4494/2114/4494 
f 4487/2114/4487 4488/2114/4488 4496/2114/4496 4495/2114/4495 
f 4488/2114/4488 4489/2114/4489 4497/2114/4497 4496/2114/4496 
f 4489/2114/4489 4490/2114/4490 4498/2114/4498 4497/2114/4497 
f 4490/2114/4490 4491/2161/4491 4499/2162/4499 4498/2114/4498 
f 4312/2113/4312 4492/2114/4492 4500/2114/4500 
f 4492/2114/4492 4493/2114/4493 4501/2114/4501 4500/2114/4500 
f 4493/2114/4493 4494/2114/4494 4502/2114/4502 4501/2114/4501 
f 4494/2114/4494 4495/2114/4495 4503/2114/4503 4502/2114/4502 
f 4495/2114/4495 4496/2114/4496 4504/2114/4504 4503/2114/4503 
f 4496/2114/4496 4497/2114/4497 4505/2114/4505 4504/2114/4504 
f 4497/2114/4497 4498/2114/4498 4506/2114/4506 4505/2114/4505 
f 4498/2114/4498 4499/2162/4499 4507/2163/4507 4506/2114/4506 
f 4312/2113/4312 4500/2114/4500 4508/2114/4508 
f 4500/2114/4500 4501/2114/4501 4509/2114/4509 4508/2114/4508 
f 4501/2114/4501 4502/2114/4502 4510/2114/4510 4509/2114/4509 
f 4502/2114/4502 4503/2114/4503 4511/2114/4511 4510/2114/4510 
f 4503/2114/4503 4504/2114/4504 4512/2114/4512 4511/2114/4511 
f 4504/2114/4504 4505/2114/4505 4513/2114/4513 4512/2114/4512 
f 4505/2114/4505 4506/2114/4506 4514/2114/4514 4513/2114/4513 
f 4506/2114/4506 4507/2163/4507 4515/2164/4515 4514/2114/4514 
f 4312/2113/4312 4508/2114/4508 4317/2114/4317 
f 4508/2114/4508 4509/2114/4509 4516/2114/4516 4317/2114/4317 
f 4509/2114/4509 4510/2114/4510 4517/2114/4517 4516/2114/4516 
f 4510/2114/4510 4511/2114/4511 4518/2114/4518 4517/2114/4517 
f 4511/2114/4511 4512/2114/4512 4519/2114/4519 4518/2114/4518 
f 4512/2114/4512 4513/2114/4513 4520/2114/4520 4519/2114/4519 
f 4513/2114/4513 4514/2114/4514 4521/2114/4521 4520/2114/4520 
f 4514/2114/4514 4515/2164/4515 4522/2165/4522 4521/2114/4521 
f 4317/2114/4317 4516/2114/4516 4523/2114/4523 4318/2114/4318 
f 4516/2114/4516 4517/2114/4517 4524/2114/4524 4523/2114/4523 
f 4517/2114/4517 4518/2114/4518 4525/2114/4525 4524/2114/4524 
f 4518/2114/4518 4519/2114/4519 4526/2114/4526 4525/2114/4525 
f 4519/2114/4519 4520/2114/4520 4527/2114/4527 4526/2114/4526 
f 4520/2114/4520 4521/2114/4521 4331/2114/4331 4527/2114/4527 
f 4521/2114/4521 4522/2165/4522 4309/2166/4309 4331/2114/4331 
f 4310/2109/4310 4528/2135/4528 4529/2114/4529 
f 4528/2135/4528 4530/2136/4530 4531/2114/4531 4529/2114/4529 
f 4530/2136/4530 4532/2137/4532 4533/2114/4533 4531/2114/4531 
f 4532/2137/4532 4534/2138/4534 4535/2114/4535 4533/2114/4533 
f 4534/2138/4534 4536/2139/4536 4537/2114/4537 4535/2114/4535 
f 4536/2139/4536 4538/2140/4538 4539/2114/4539 4537/2114/4537 
f 4538/2140/4538 4325/2141/4325 4540/2114/4540 4539/2114/4539 
f 4325/2141/4325 4303/2142/4303 4324/2143/4324 4540/2114/4540 
f 4310/2109/4310 4529/2114/4529 4541/2114/4541 
f 4529/2114/4529 4531/2114/4531 4542/2114/4542 4541/2114/4541 
f 4531/2114/4531 4533/2114/4533 4543/2114/4543 4542/2114/4542 
f 4533/2114/4533 4535/2114/4535 4544/2114/4544 4543/2114/4543 
f 4535/2114/4535 4537/2114/4537 4545/2114/4545 4544/2114/4544 
f 4537/2114/4537 4539/2114/4539 4546/2114/4546 4545/2114/4545 
f 4539/2114/4539 4540/2114/4540 4547/2114/4547 4546/2114/4546 
f 4540/2114/4540 4324/2143/4324 4548/2144/4548 4547/2114/4547 
f 4310/2109/4310 4541/2114/4541 4549/2114/4549 
f 4541/2114/4541 4542/2114/4542 4550/2114/4550 4549/2114/4549 
f 4542/2114/4542 4543/2114/4543 4551/2114/4551 4550/2114/4550 
f 4543/2114/4543 4544/2114/4544 4552/2114/4552 4551/2114/4551 
f 4544/2114/4544 4545/2114/4545 4553/2114/4553 4552/2114/4552 
f 4545/2114/4545 4546/2114/4546 4554/2114/4554 4553/2114/4553 
f 4546/2114/4546 4547/2114/4547 4555/2114/4555 4554/2114/4554 
f 4547/2114/4547 4548/2144/4548 4556/2145/4556 4555/2114/4555 
f 4310/2109/4310 4549/2114/4549 4557/2114/4557 
f 4549/2114/4549 4550/2114/4550 4558/2114/4558 4557/2114/4557 
f 4550/2114/4550 4551/2114/4551 4559/2114/4559 4558/2114/4558 
f 4551/2114/4551 4552/2114/4552 4560/2114/4560 4559/2114/4559 
f 4552/2114/4552 4553/2114/4553 4561/2114/4561 4560/2114/4560 
f 4553/2114/4553 4554/2114/4554 4562/2114/4562 4561/2114/4561 
f 4554/2114/4554 4555/2114/4555 4563/2114/4563 4562/2114/4562 
f 4555/2114/4555 4556/2145/4556 4564/2146/4564 4563/2114/4563 
f 4310/2109/4310 4557/2114/4557 4565/2114/4565 
f 4557/2114/4557 4558/2114/4558 4566/2114/4566 4565/2114/4565 
f 4558/2114/4558 4559/2114/4559 4567/2114/4567 4566/2114/4566 
f 4559/2114/4559 4560/2114/4560 4568/2114/4568 4567/2114/4567 
f 4560/2114/4560 4561/2114/4561 4569/2114/4569 4568/2114/4568 
f 4561/2114/4561 4562/2114/4562 4570/2114/4570 4569/2114/4569 
f 4562/2114/4562 4563/2114/4563 4571/2114/4571 4570/2114/4570 
f 4563/2114/4563 4564/2146/4564 4572/2147/4572 4571/2114/4571 
f 4310/2109/4310 4565/2114/4565 4573/2114/4573 
f 4565/2114/4565 4566/2114/4566 4574/2114/4574 4573/2114/4573 
f 4566/2114/4566 4567/2114/4567 4575/2114/4575 4574/2114/4574 
f 4567/2114/4567 4568/2114/4568 4576/2114/4576 4575/2114/4575 
f 4568/2114/4568 4569/2114/4569 4577/2114/4577 4576/2114/4576 
f 4569/2114/4569 4570/2114/4570 4578/2114/4578 4577/2114/4577 
f 4570/2114/4570 4571/2114/4571 4579/2114/4579 4578/2114/4578 
f 4571/2114/4571 4572/2147/4572 4580/2148/4580 4579/2114/4579 
f 4310/2109/4310 4573/2114/4573 4319/2114/4319 
f 4573/2114/4573 4574/2114/4574 4581/2114/4581 4319/2114/4319 
f 4574/2114/4574 4575/2114/4575 4582/2114/4582 4581/2114/4581 
f 4575/2114/4575 4576/2114/4576 4583/2114/4583 4582/2114/4582 
f 4576/2114/4576 4577/2114/4577 4584/2114/4584 4583/2114/4583 
f 4577/2114/4577 4578/2114/4578 4585/2114/4585 4584/2114/4584 
f 4578/2114/4578 4579/2114/4579 4586/2114/4586 4585/2114/4585 
f 4579/2114/4579 4580/2148/4580 4587/2149/4587 4586/2114/4586 
f 4319/2114/4319 4581/2114/4581 4588/2114/4588 4320/2114/4320 
f 4581/2114/4581 4582/2114/4582 4589/2114/4589 4588/2114/4588 
f 4582/2114/4582 4583/2114/4583 4590/2114/4590 4589/2114/4589 
f 4583/2114/4583 4584/2114/4584 4591/2114/4591 4590/2114/4590 
f 4584/2114/4584 4585/2114/4585 4592/2114/4592 4591/2114/4591 
f 4585/2114/4585 4586/2114/4586 4330/2114/4330 4592/2114/4592 
f 4586/2114/4586 4587/2149/4587 4307/2150/4307 4330/2114/4330 
f 4321/2116/4321 4342/2167/4342 4418/2168/4418 4322/2117/4322 
f 4342/2167/4342 4340/2169/4340 4426/2170/4426 4418/2168/4418 
f 4340/2169/4340 4338/2171/4338 4434/2172/4434 4426/2170/4426 
f 4338/2171/4338 4336/2173/4336 4442/2174/4442 4434/2172/4434 
f 4336/2173/4336 4334/2175/4334 4450/2176/4450 4442/2174/4442 
f 4334/2175/4334 4332/2177/4332 4457/2178/4457 4450/2176/4450 
f 4332/2177/4332 4306/2109/4306 4305/2108/4305 4457/2178/4457 
f 4323/2120/4323 4408/2179/4408 4548/2180/4548 4324/2121/4324 
f 4408/2179/4408 4406/2181/4406 4556/2182/4556 4548/2180/4548 
f 4406/2181/4406 4404/2183/4404 4564/2184/4564 4556/2182/4556 
f 4404/2183/4404 4402/2185/4402 4572/2186/4572 4564/2184/4564 
f 4402/2185/4402 4400/2187/4400 4580/2188/4580 4572/2186/4572 
f 4400/2187/4400 4398/2189/4398 4587/2190/4587 4580/2188/4580 
f 4398/2189/4398 4308/2113/4308 4307/2112/4307 4587/2190/4587 
f 4325/2116/4325 4538/2167/4538 4483/2168/4483 4326/2117/4326 
f 4538/2167/4538 4536/2169/4536 4491/2170/4491 4483/2168/4483 
f 4536/2169/4536 4534/2171/4534 4499/2172/4499 4491/2170/4491 
f 4534/2171/4534 4532/2173/4532 4507/2174/4507 4499/2172/4499 
f 4532/2173/4532 4530/2175/4530 4515/2176/4515 4507/2174/4507 
f 4530/2175/4530 4528/2177/4528 4522/2178/4522 4515/2176/4515 
f 4528/2177/4528 4310/2109/4310 4309/2108/4309 4522/2178/4522 
f 4327/2120/4327 4473/2179/4473 4352/2180/4352 4328/2121/4328 
f 4473/2179/4473 4471/2181/4471 4360/2182/4360 4352/2180/4352 
f 4471/2181/4471 4469/2183/4469 4368/2184/4368 4360/2182/4360 
f 4469/2183/4469 4467/2185/4467 4376/2186/4376 4368/2184/4368 
f 4467/2185/4467 4465/2187/4465 4384/2188/4384 4376/2186/4376 
f 4465/2187/4465 4463/2189/4463 4391/2190/4391 4384/2188/4384 
f 4463/2189/4463 4312/2113/4312 4311/2112/4311 4391/2190/4391 
f 4299/2124/4299 4298/2191/4298 4462/2192/4462 4329/2125/4329 
f 4298/2191/4298 4297/2193/4297 4461/2194/4461 4462/2192/4462 
f 4297/2193/4297 4296/2195/4296 4460/2196/4460 4461/2194/4461 
f 4296/2195/4296 4295/2197/4295 4459/2198/4459 4460/2196/4460 
f 4295/2197/4295 4294/2199/4294 4458/2200/4458 4459/2198/4459 
f 4294/2199/4294 4293/2201/4293 4316/2202/4316 4458/2200/4458 
f 4293/2201/4293 4292/2110/4292 4308/2113/4308 4316/2202/4316 
f 4314/2128/4314 4392/2203/4392 4267/2204/4267 4266/2129/4266 
f 4392/2203/4392 4393/2205/4393 4268/2206/4268 4267/2204/4267 
f 4393/2205/4393 4394/2207/4394 4269/2208/4269 4268/2206/4268 
f 4394/2207/4394 4395/2209/4395 4270/2210/4270 4269/2208/4269 
f 4395/2209/4395 4396/2211/4396 4271/2212/4271 4270/2210/4270 
f 4396/2211/4396 4397/2213/4397 4272/2214/4272 4271/2212/4271 
f 4397/2213/4397 4311/2112/4311 4273/2111/4273 4272/2214/4272 
f 4290/2132/4290 4289/2215/4289 4592/2216/4592 4330/2133/4330 
f 4289/2215/4289 4288/2217/4288 4591/2218/4591 4592/2216/4592 
f 4288/2217/4288 4287/2219/4287 4590/2220/4590 4591/2218/4591 
f 4287/2219/4287 4286/2221/4286 4589/2222/4589 4590/2220/4590 
f 4286/2221/4286 4285/2223/4285 4588/2224/4588 4589/2222/4589 
f 4285/2223/4285 4284/2225/4284 4320/2226/4320 4588/2224/4588 
f 4284/2225/4284 4283/2103/4283 4310/2109/4310 4320/2226/4320 
f 4281/2124/4281 4280/2191/4280 4527/2192/4527 4331/2125/4331 
f 4280/2191/4280 4279/2193/4279 4526/2194/4526 4527/2192/4527 
f 4279/2193/4279 4278/2195/4278 4525/2196/4525 4526/2194/4526 
f 4278/2195/4278 4277/2197/4277 4524/2198/4524 4525/2196/4525 
f 4277/2197/4277 4276/2199/4276 4523/2200/4523 4524/2198/4524 
f 4276/2199/4276 4275/2201/4275 4318/2202/4318 4523/2200/4523 
f 4275/2201/4275 4274/2110/4274 4312/2113/4312 4318/2202/4318 
# 294 polygons - 32 triangles

#
# object Box044
#

v  -53.5736 45.6446 65.5721
v  -53.5264 45.6446 65.4710
v  -53.3379 45.6446 65.2074
v  -53.0079 45.6446 64.7812
v  -52.5365 45.6446 64.1925
v  -51.9236 45.6446 63.4411
v  -51.1694 45.6446 62.5273
v  -50.2737 45.6446 61.4508
v  -49.2365 45.6446 60.2118
v  -42.3862 45.6446 52.0479
v  -41.3461 45.6446 50.8114
v  -40.4416 45.6446 49.7424
v  -39.6726 45.6446 48.8409
v  -39.0391 45.6446 48.1069
v  -38.5411 45.6446 47.5404
v  -38.1787 45.6446 47.1414
v  -37.9518 45.6446 46.9100
v  -37.8605 45.6446 46.8460
v  -37.0953 45.6446 47.4881
v  -37.1424 45.6446 47.5892
v  -37.3310 45.6446 47.8528
v  -37.6609 45.6446 48.2790
v  -38.1324 45.6446 48.8677
v  -38.7452 45.6446 49.6191
v  -39.4995 45.6446 50.5329
v  -40.3952 45.6446 51.6094
v  -41.4323 45.6446 52.8484
v  -48.2826 45.6446 61.0123
v  -49.3227 45.6446 62.2488
v  -50.2272 45.6446 63.3178
v  -50.9963 45.6446 64.2193
v  -51.6297 45.6446 64.9533
v  -52.1277 45.6446 65.5198
v  -52.4901 45.6446 65.9188
v  -52.7170 45.6446 66.1502
v  -52.8083 45.6446 66.2142
v  -49.1422 46.4561 60.2910
v  -48.3770 46.4561 60.9331
v  -41.5267 46.4561 52.7692
v  -42.2919 46.4561 52.1271
v  -52.8083 46.4460 66.2142
v  -53.5736 46.4460 65.5721
v  -41.4323 46.4460 52.8484
v  -48.2826 46.4460 61.0123
v  -37.8605 46.4460 46.8460
v  -37.0953 46.4460 47.4881
v  -49.2365 46.4460 60.2118
v  -42.3862 46.4460 52.0479
v  -53.5261 46.4466 65.4713
v  -53.5264 46.4460 65.4710
v  -49.3065 46.4466 62.2295
v  -49.3227 46.4460 62.2488
v  -41.3624 46.4466 50.8308
v  -41.3461 46.4460 50.8114
v  -37.1428 46.4466 47.5889
v  -37.1424 46.4460 47.5892
v  -50.1808 46.4559 61.5288
v  -49.4156 46.4559 62.1708
v  -48.3549 46.4559 60.9516
v  -41.5045 46.4559 52.7878
v  -40.4881 46.4559 51.5314
v  -41.2533 46.4559 50.8894
v  -42.3140 46.4559 52.1086
v  -49.1643 46.4559 60.2725
v  -52.7170 46.4460 66.1502
v  -40.3952 46.4460 51.6094
v  -37.9518 46.4460 46.9100
v  -53.5043 46.4484 65.4896
v  -53.5095 46.4483 65.4852
v  -53.2966 46.4504 65.2420
v  -53.3063 46.4503 65.2339
v  -52.9504 46.4521 64.8295
v  -52.9639 46.4520 64.8181
v  -52.4657 46.4536 64.2518
v  -52.4823 46.4534 64.2379
v  -51.8425 46.4546 63.5092
v  -51.8616 46.4545 63.4932
v  -51.0809 46.4554 62.6015
v  -51.1016 46.4553 62.5841
v  -50.2026 46.4557 61.5105
v  -53.5140 46.4482 65.4815
v  -53.3147 46.4501 65.2269
v  -52.9755 46.4518 64.8083
v  -52.4967 46.4531 64.2259
v  -51.8780 46.4541 63.4794
v  -51.1196 46.4548 62.5690
v  -50.2214 46.4553 61.4947
v  -49.1835 46.4554 60.2564
v  -53.5178 46.4480 65.4783
v  -53.3217 46.4498 65.2209
v  -52.9854 46.4513 64.8001
v  -52.5088 46.4525 64.2157
v  -51.8920 46.4534 63.4677
v  -51.1348 46.4541 62.5563
v  -50.2374 46.4545 61.4813
v  -49.1997 46.4546 60.2428
v  -53.5209 46.4478 65.4757
v  -53.3276 46.4493 65.2161
v  -52.9935 46.4506 64.7933
v  -52.5188 46.4517 64.2073
v  -51.9034 46.4525 63.4581
v  -51.1473 46.4531 62.5458
v  -50.2504 46.4534 61.4703
v  -49.2130 46.4536 60.2316
v  -53.5233 46.4475 65.4736
v  -53.3321 46.4487 65.2123
v  -52.9998 46.4498 64.7880
v  -52.5265 46.4506 64.2008
v  -51.9122 46.4513 63.4507
v  -51.1569 46.4518 62.5377
v  -50.2606 46.4520 61.4618
v  -49.2233 46.4521 60.2230
v  -53.5250 46.4471 65.4722
v  -53.3353 46.4479 65.2096
v  -53.0043 46.4487 64.7842
v  -52.5321 46.4493 64.1962
v  -51.9186 46.4498 63.4454
v  -51.1638 46.4501 62.5319
v  -50.2679 46.4503 61.4557
v  -49.2306 46.4504 60.2168
v  -53.3372 46.4471 65.2079
v  -53.0070 46.4475 64.7820
v  -52.5354 46.4478 64.1934
v  -51.9224 46.4480 63.4422
v  -51.1680 46.4482 62.5284
v  -50.2722 46.4483 61.4520
v  -49.2351 46.4484 60.2131
v  -53.3379 46.4460 65.2074
v  -53.0079 46.4460 64.7812
v  -52.5365 46.4460 64.1925
v  -51.9236 46.4460 63.4411
v  -51.1694 46.4460 62.5273
v  -50.2737 46.4460 61.4508
v  -48.2841 46.4484 61.0110
v  -48.5275 46.4483 61.3011
v  -48.2885 46.4504 61.0073
v  -48.7429 46.4503 61.5488
v  -48.2959 46.4521 61.0011
v  -48.9288 46.4520 61.7554
v  -48.3062 46.4536 60.9925
v  -49.0852 46.4534 61.9208
v  -48.3195 46.4546 60.9813
v  -49.2120 46.4545 62.0450
v  -48.3357 46.4554 60.9677
v  -49.3094 46.4553 62.1281
v  -49.3772 46.4557 62.1701
v  -48.7385 46.4482 61.5526
v  -49.1367 46.4501 62.0182
v  -49.4773 46.4518 62.4091
v  -49.7603 46.4531 62.7253
v  -49.9856 46.4541 62.9669
v  -50.1533 46.4548 63.1338
v  -50.2633 46.4553 63.2260
v  -50.3157 46.4554 63.2436
v  -48.9170 46.4480 61.7653
v  -49.4699 46.4498 62.4153
v  -49.9414 46.4513 62.9622
v  -50.3315 46.4525 63.4061
v  -50.6401 46.4534 63.7470
v  -50.8673 46.4541 63.9848
v  -51.0130 46.4545 64.1195
v  -51.0773 46.4546 64.1513
v  -49.0630 46.4478 61.9394
v  -49.7426 46.4493 62.7402
v  -50.3212 46.4506 63.4148
v  -50.7989 46.4517 63.9631
v  -51.1756 46.4525 64.3852
v  -51.4515 46.4531 64.6810
v  -51.6265 46.4534 64.8506
v  -51.7005 46.4536 64.8939
v  -49.1766 46.4475 62.0747
v  -49.9546 46.4487 62.9929
v  -50.6165 46.4498 63.7667
v  -51.1624 46.4506 64.3963
v  -51.5922 46.4513 64.8816
v  -51.9059 46.4518 65.2225
v  -52.1036 46.4520 65.4192
v  -52.1852 46.4521 65.4715
v  -49.2578 46.4471 62.1714
v  -50.1061 46.4479 63.1734
v  -50.8275 46.4487 64.0182
v  -51.4220 46.4493 64.7057
v  -51.8897 46.4498 65.2361
v  -52.2305 46.4501 65.6093
v  -52.4444 46.4503 65.8253
v  -52.5314 46.4504 65.8841
v  -50.1970 46.4471 63.2817
v  -50.9541 46.4475 64.1690
v  -51.5778 46.4478 64.8914
v  -52.0682 46.4480 65.4489
v  -52.4252 46.4482 65.8414
v  -52.6488 46.4483 66.0690
v  -52.7391 46.4484 66.1317
v  -50.2272 46.4460 63.3178
v  -50.9963 46.4460 64.2193
v  -51.6297 46.4460 64.9533
v  -52.1277 46.4460 65.5198
v  -52.4901 46.4460 65.9188
v  -42.3847 46.4484 52.0492
v  -42.1413 46.4483 51.7591
v  -42.3803 46.4504 52.0529
v  -41.9259 46.4503 51.5114
v  -42.3729 46.4521 52.0591
v  -41.7400 46.4520 51.3048
v  -42.3626 46.4536 52.0677
v  -41.5837 46.4534 51.1394
v  -42.3494 46.4546 52.0789
v  -41.4568 46.4545 51.0152
v  -42.3331 46.4554 52.0925
v  -41.3595 46.4553 50.9321
v  -41.2916 46.4557 50.8901
v  -41.9304 46.4482 51.5077
v  -41.5321 46.4501 51.0420
v  -41.1915 46.4518 50.6511
v  -40.9086 46.4531 50.3349
v  -40.6833 46.4541 50.0933
v  -40.5156 46.4548 49.9264
v  -40.4055 46.4553 49.8342
v  -40.3531 46.4554 49.8166
v  -41.7518 46.4480 51.2949
v  -41.1989 46.4498 50.6449
v  -40.7274 46.4513 50.0980
v  -40.3374 46.4525 49.6541
v  -40.0287 46.4534 49.3132
v  -39.8015 46.4541 49.0754
v  -39.6558 46.4545 48.9407
v  -39.5915 46.4546 48.9089
v  -41.6058 46.4478 51.1209
v  -40.9263 46.4493 50.3200
v  -40.3477 46.4506 49.6454
v  -39.8700 46.4517 49.0971
v  -39.4932 46.4525 48.6750
v  -39.2173 46.4531 48.3792
v  -39.0424 46.4534 48.2096
v  -38.9683 46.4536 48.1663
v  -41.4922 46.4475 50.9855
v  -40.7142 46.4487 50.0673
v  -40.0523 46.4498 49.2935
v  -39.5065 46.4506 48.6639
v  -39.0767 46.4513 48.1786
v  -38.7629 46.4518 47.8377
v  -38.5653 46.4520 47.6410
v  -38.4837 46.4521 47.5887
v  -41.4111 46.4471 50.8888
v  -40.5628 46.4479 49.8868
v  -39.8414 46.4487 49.0420
v  -39.2468 46.4493 48.3545
v  -38.7792 46.4498 47.8241
v  -38.4384 46.4501 47.4509
v  -38.2245 46.4503 47.2349
v  -38.1375 46.4504 47.1761
v  -40.4719 46.4471 49.7785
v  -39.7148 46.4475 48.8912
v  -39.0910 46.4478 48.1688
v  -38.6007 46.4480 47.6113
v  -38.2436 46.4482 47.2188
v  -38.0200 46.4483 46.9912
v  -37.9297 46.4484 46.9285
v  -40.4416 46.4460 49.7424
v  -39.6726 46.4460 48.8409
v  -39.0391 46.4460 48.1069
v  -38.5411 46.4460 47.5404
v  -38.1787 46.4460 47.1414
v  -37.1645 46.4484 47.5706
v  -37.1593 46.4483 47.5750
v  -37.3722 46.4504 47.8182
v  -37.3626 46.4503 47.8263
v  -37.7184 46.4521 48.2307
v  -37.7050 46.4520 48.2421
v  -38.2031 46.4536 48.8084
v  -38.1865 46.4534 48.8223
v  -38.8263 46.4546 49.5510
v  -38.8073 46.4545 49.5670
v  -39.5879 46.4554 50.4587
v  -39.5672 46.4553 50.4761
v  -40.4663 46.4557 51.5497
v  -37.1549 46.4482 47.5787
v  -37.3542 46.4501 47.8333
v  -37.6933 46.4518 48.2519
v  -38.1722 46.4531 48.8343
v  -38.7908 46.4541 49.5808
v  -39.5492 46.4548 50.4912
v  -40.4474 46.4553 51.5655
v  -41.4854 46.4554 52.8038
v  -37.1511 46.4480 47.5819
v  -37.3471 46.4498 47.8393
v  -37.6834 46.4513 48.2601
v  -38.1600 46.4525 48.8446
v  -38.7769 46.4534 49.5925
v  -39.5340 46.4541 50.5039
v  -40.4315 46.4545 51.5789
v  -41.4692 46.4546 52.8174
v  -37.1479 46.4478 47.5845
v  -37.3413 46.4493 47.8441
v  -37.6753 46.4506 48.2669
v  -38.1501 46.4517 48.8529
v  -38.7655 46.4525 49.6021
v  -39.5216 46.4531 50.5144
v  -40.4184 46.4534 51.5899
v  -41.4559 46.4536 52.8286
v  -37.1455 46.4475 47.5866
v  -37.3368 46.4487 47.8479
v  -37.6690 46.4498 48.2722
v  -38.1423 46.4506 48.8594
v  -38.7566 46.4513 49.6095
v  -39.5119 46.4518 50.5225
v  -40.4082 46.4520 51.5984
v  -41.4456 46.4521 52.8372
v  -37.1438 46.4471 47.5880
v  -37.3335 46.4479 47.8506
v  -37.6645 46.4487 48.2760
v  -38.1368 46.4493 48.8640
v  -38.7503 46.4498 49.6148
v  -39.5050 46.4501 50.5283
v  -40.4010 46.4503 51.6045
v  -41.4382 46.4504 52.8434
v  -37.3316 46.4471 47.8523
v  -37.6618 46.4475 48.2782
v  -38.1335 46.4478 48.8668
v  -38.7465 46.4480 49.6180
v  -39.5009 46.4482 50.5318
v  -40.3966 46.4483 51.6082
v  -41.4338 46.4484 52.8471
v  -37.3310 46.4460 47.8528
v  -37.6609 46.4460 48.2790
v  -38.1324 46.4460 48.8677
v  -38.7452 46.4460 49.6191
v  -39.4995 46.4460 50.5329
# 328 vertices

vn -0.4772 -0.6997 0.5317
vn -0.5416 -0.6896 0.4808
vn -0.6224 -0.6853 0.3781
vn -0.6924 -0.6817 0.2363
vn -0.7302 -0.6802 0.0639
vn -0.7229 -0.6817 -0.1124
vn -0.6786 -0.6853 -0.2643
vn -0.6169 -0.6895 -0.3795
vn -0.5622 -0.6997 -0.4407
vn -0.5317 -0.6997 -0.4772
vn -0.4808 -0.6895 -0.5417
vn -0.3781 -0.6853 -0.6224
vn -0.2363 -0.6817 -0.6924
vn -0.0639 -0.6802 -0.7302
vn 0.1124 -0.6817 -0.7229
vn 0.2643 -0.6853 -0.6786
vn 0.3794 -0.6896 -0.6169
vn 0.4407 -0.6997 -0.5622
vn 0.4772 -0.6997 -0.5317
vn 0.5416 -0.6896 -0.4808
vn 0.6224 -0.6853 -0.3781
vn 0.6924 -0.6817 -0.2363
vn 0.7302 -0.6802 -0.0639
vn 0.7229 -0.6817 0.1124
vn 0.6786 -0.6853 0.2643
vn 0.6169 -0.6895 0.3795
vn 0.5622 -0.6997 0.4407
vn 0.5317 -0.6997 0.4772
vn 0.4808 -0.6895 0.5417
vn 0.3781 -0.6853 0.6224
vn 0.2363 -0.6817 0.6924
vn 0.0639 -0.6802 0.7302
vn -0.1124 -0.6817 0.7229
vn -0.2643 -0.6853 0.6786
vn -0.3794 -0.6896 0.6169
vn -0.4407 -0.6997 0.5622
vn -0.0468 0.9989 0.0041
vn 0.0041 0.9989 0.0468
vn 0.0468 0.9989 -0.0041
vn -0.0041 0.9989 -0.0468
vn -0.6166 0.0332 0.7866
vn -0.6627 0.0267 0.7484
vn 0.7866 0.0332 0.6166
vn 0.7484 0.0267 0.6628
vn 0.6166 0.0332 -0.7866
vn 0.6627 0.0267 -0.7484
vn -0.7866 0.0332 -0.6166
vn -0.7484 0.0267 -0.6628
vn -0.7486 0.0214 0.6627
vn -0.7490 0.0050 0.6626
vn 0.6627 0.0214 0.7486
vn 0.6626 0.0050 0.7490
vn -0.6627 0.0214 -0.7486
vn -0.6626 0.0050 -0.7490
vn 0.7486 0.0214 -0.6627
vn 0.7490 0.0050 -0.6626
vn -0.1189 0.9888 0.0906
vn -0.0683 0.9887 0.1335
vn 0.0906 0.9888 0.1189
vn 0.1335 0.9887 0.0683
vn 0.1189 0.9888 -0.0906
vn 0.0683 0.9887 -0.1335
vn -0.0906 0.9888 -0.1189
vn -0.1335 0.9887 -0.0683
vn -0.5238 0.0329 0.8512
vn 0.8512 0.0329 0.5238
vn 0.5238 0.0329 -0.8512
vn -0.6395 0.1478 0.7544
vn -0.6520 0.1475 0.7438
vn -0.6166 0.3228 0.7180
vn -0.6441 0.3198 0.6949
vn -0.5626 0.5192 0.6434
vn -0.6073 0.5133 0.6064
vn -0.4716 0.7082 0.5254
vn -0.5333 0.6999 0.4750
vn -0.3536 0.8560 0.3771
vn -0.4287 0.8463 0.3162
vn -0.2299 0.9468 0.2250
vn -0.3130 0.9366 0.1573
vn -0.2053 0.9785 0.0192
vn -0.6715 0.1396 0.7278
vn -0.6870 0.3022 0.6608
vn -0.6774 0.4858 0.5525
vn -0.6303 0.6645 0.4015
vn -0.5465 0.8064 0.2260
vn -0.4428 0.8949 0.0552
vn -0.3395 0.9363 -0.0898
vn -0.2678 0.9465 -0.1802
vn -0.6931 0.1243 0.7100
vn -0.7342 0.2688 0.6234
vn -0.7545 0.4331 0.4931
vn -0.7375 0.5947 0.3201
vn -0.6775 0.7247 0.1256
vn -0.5879 0.8068 -0.0589
vn -0.4900 0.8455 -0.2122
vn -0.4187 0.8551 -0.3058
vn -0.7141 0.1018 0.6927
vn -0.7795 0.2202 0.5864
vn -0.8279 0.3554 0.4339
vn -0.8389 0.4892 0.2388
vn -0.8015 0.5974 0.0258
vn -0.7258 0.6662 -0.1714
vn -0.6340 0.6987 -0.3314
vn -0.5640 0.7067 -0.4273
vn -0.7312 0.0745 0.6780
vn -0.8163 0.1617 0.5546
vn -0.8863 0.2610 0.3825
vn -0.9179 0.3591 0.1687
vn -0.8969 0.4383 -0.0585
vn -0.8319 0.4882 -0.2637
vn -0.7457 0.5117 -0.4268
vn -0.6775 0.5173 -0.5229
vn -0.7427 0.0466 0.6680
vn -0.8407 0.1015 0.5318
vn -0.9240 0.1638 0.3455
vn -0.9671 0.2247 0.1188
vn -0.9548 0.2734 -0.1166
vn -0.8957 0.3037 -0.3248
vn -0.8133 0.3178 -0.4874
vn -0.7470 0.3210 -0.5822
vn -0.8533 0.0467 0.5193
vn -0.9427 0.0754 0.3249
vn -0.9904 0.1032 0.0915
vn -0.9811 0.1252 -0.1474
vn -0.9243 0.1387 -0.3557
vn -0.8439 0.1449 -0.5166
vn -0.7789 0.1462 -0.6099
vn -0.8556 0.0108 0.5175
vn -0.9470 0.0173 0.3209
vn -0.9961 0.0236 0.0853
vn -0.9875 0.0285 -0.1549
vn -0.9311 0.0315 -0.3634
vn -0.8512 0.0329 -0.5238
vn 0.7544 0.1478 0.6395
vn 0.7438 0.1475 0.6520
vn 0.7180 0.3228 0.6166
vn 0.6949 0.3198 0.6441
vn 0.6434 0.5192 0.5626
vn 0.6064 0.5133 0.6073
vn 0.5254 0.7082 0.4716
vn 0.4750 0.6999 0.5333
vn 0.3771 0.8560 0.3536
vn 0.3162 0.8463 0.4287
vn 0.2250 0.9468 0.2299
vn 0.1573 0.9366 0.3130
vn 0.0192 0.9785 0.2053
vn 0.7278 0.1396 0.6715
vn 0.6608 0.3022 0.6870
vn 0.5525 0.4858 0.6774
vn 0.4015 0.6645 0.6303
vn 0.2260 0.8064 0.5465
vn 0.0552 0.8949 0.4428
vn -0.0898 0.9363 0.3395
vn -0.1802 0.9465 0.2678
vn 0.7101 0.1243 0.6931
vn 0.6234 0.2688 0.7342
vn 0.4931 0.4331 0.7545
vn 0.3201 0.5947 0.7375
vn 0.1256 0.7247 0.6775
vn -0.0589 0.8068 0.5879
vn -0.2122 0.8455 0.4899
vn -0.3058 0.8551 0.4187
vn 0.6927 0.1018 0.7141
vn 0.5864 0.2202 0.7795
vn 0.4339 0.3554 0.8279
vn 0.2388 0.4892 0.8389
vn 0.0258 0.5974 0.8015
vn -0.1714 0.6662 0.7258
vn -0.3314 0.6987 0.6340
vn -0.4273 0.7067 0.5640
vn 0.6780 0.0745 0.7312
vn 0.5546 0.1617 0.8163
vn 0.3825 0.2610 0.8863
vn 0.1687 0.3591 0.9179
vn -0.0585 0.4382 0.8970
vn -0.2637 0.4882 0.8319
vn -0.4268 0.5117 0.7457
vn -0.5230 0.5173 0.6775
vn 0.6680 0.0466 0.7427
vn 0.5318 0.1015 0.8407
vn 0.3455 0.1638 0.9240
vn 0.1188 0.2247 0.9671
vn -0.1166 0.2734 0.9548
vn -0.3248 0.3037 0.8957
vn -0.4874 0.3178 0.8133
vn -0.5822 0.3210 0.7470
vn 0.5193 0.0467 0.8533
vn 0.3249 0.0754 0.9427
vn 0.0915 0.1032 0.9904
vn -0.1474 0.1252 0.9811
vn -0.3557 0.1387 0.9243
vn -0.5166 0.1449 0.8439
vn -0.6099 0.1462 0.7789
vn 0.5175 0.0108 0.8556
vn 0.3209 0.0173 0.9470
vn 0.0853 0.0236 0.9961
vn -0.1549 0.0285 0.9875
vn -0.3634 0.0315 0.9311
vn -0.7544 0.1478 -0.6395
vn -0.7438 0.1475 -0.6520
vn -0.7180 0.3228 -0.6166
vn -0.6949 0.3198 -0.6441
vn -0.6434 0.5192 -0.5626
vn -0.6064 0.5133 -0.6073
vn -0.5254 0.7082 -0.4716
vn -0.4750 0.6999 -0.5333
vn -0.3771 0.8560 -0.3536
vn -0.3162 0.8463 -0.4287
vn -0.2250 0.9468 -0.2299
vn -0.1573 0.9366 -0.3130
vn -0.0192 0.9785 -0.2053
vn -0.7278 0.1396 -0.6715
vn -0.6608 0.3022 -0.6870
vn -0.5525 0.4858 -0.6774
vn -0.4015 0.6645 -0.6303
vn -0.2260 0.8064 -0.5465
vn -0.0552 0.8949 -0.4428
vn 0.0898 0.9363 -0.3395
vn 0.1802 0.9465 -0.2678
vn -0.7101 0.1243 -0.6931
vn -0.6234 0.2688 -0.7342
vn -0.4931 0.4331 -0.7545
vn -0.3201 0.5947 -0.7375
vn -0.1256 0.7247 -0.6775
vn 0.0589 0.8068 -0.5879
vn 0.2122 0.8455 -0.4899
vn 0.3058 0.8551 -0.4187
vn -0.6927 0.1018 -0.7141
vn -0.5864 0.2202 -0.7795
vn -0.4339 0.3554 -0.8279
vn -0.2388 0.4892 -0.8389
vn -0.0258 0.5974 -0.8015
vn 0.1714 0.6662 -0.7258
vn 0.3314 0.6987 -0.6340
vn 0.4273 0.7067 -0.5640
vn -0.6780 0.0745 -0.7312
vn -0.5546 0.1617 -0.8163
vn -0.3825 0.2610 -0.8863
vn -0.1687 0.3591 -0.9179
vn 0.0585 0.4382 -0.8970
vn 0.2637 0.4882 -0.8319
vn 0.4268 0.5117 -0.7457
vn 0.5230 0.5173 -0.6775
vn -0.6680 0.0466 -0.7427
vn -0.5318 0.1015 -0.8407
vn -0.3455 0.1638 -0.9240
vn -0.1188 0.2247 -0.9671
vn 0.1166 0.2734 -0.9548
vn 0.3248 0.3037 -0.8957
vn 0.4874 0.3178 -0.8133
vn 0.5822 0.3210 -0.7470
vn -0.5193 0.0467 -0.8533
vn -0.3249 0.0754 -0.9427
vn -0.0915 0.1032 -0.9904
vn 0.1474 0.1252 -0.9811
vn 0.3557 0.1387 -0.9243
vn 0.5166 0.1449 -0.8439
vn 0.6099 0.1462 -0.7789
vn -0.5175 0.0108 -0.8556
vn -0.3209 0.0173 -0.9470
vn -0.0853 0.0236 -0.9961
vn 0.1549 0.0285 -0.9875
vn 0.3634 0.0315 -0.9311
vn 0.6395 0.1478 -0.7544
vn 0.6520 0.1475 -0.7438
vn 0.6166 0.3228 -0.7180
vn 0.6441 0.3198 -0.6949
vn 0.5626 0.5192 -0.6434
vn 0.6073 0.5133 -0.6064
vn 0.4716 0.7082 -0.5254
vn 0.5333 0.6999 -0.4750
vn 0.3536 0.8560 -0.3771
vn 0.4287 0.8463 -0.3162
vn 0.2299 0.9468 -0.2250
vn 0.3130 0.9366 -0.1573
vn 0.2053 0.9785 -0.0192
vn 0.6715 0.1396 -0.7278
vn 0.6870 0.3022 -0.6608
vn 0.6774 0.4858 -0.5525
vn 0.6303 0.6645 -0.4015
vn 0.5465 0.8064 -0.2260
vn 0.4428 0.8949 -0.0552
vn 0.3395 0.9363 0.0898
vn 0.2678 0.9465 0.1802
vn 0.6931 0.1243 -0.7100
vn 0.7342 0.2688 -0.6234
vn 0.7545 0.4331 -0.4931
vn 0.7375 0.5947 -0.3201
vn 0.6775 0.7247 -0.1256
vn 0.5879 0.8068 0.0589
vn 0.4900 0.8455 0.2122
vn 0.4187 0.8551 0.3058
vn 0.7141 0.1018 -0.6927
vn 0.7795 0.2202 -0.5864
vn 0.8279 0.3554 -0.4339
vn 0.8389 0.4892 -0.2388
vn 0.8015 0.5974 -0.0258
vn 0.7258 0.6662 0.1714
vn 0.6340 0.6987 0.3314
vn 0.5640 0.7067 0.4273
vn 0.7312 0.0745 -0.6780
vn 0.8163 0.1617 -0.5546
vn 0.8863 0.2610 -0.3825
vn 0.9179 0.3591 -0.1687
vn 0.8969 0.4383 0.0585
vn 0.8319 0.4882 0.2637
vn 0.7457 0.5117 0.4268
vn 0.6775 0.5173 0.5229
vn 0.7427 0.0466 -0.6680
vn 0.8407 0.1015 -0.5318
vn 0.9240 0.1638 -0.3455
vn 0.9671 0.2247 -0.1188
vn 0.9548 0.2734 0.1166
vn 0.8957 0.3037 0.3248
vn 0.8133 0.3178 0.4874
vn 0.7470 0.3210 0.5822
vn 0.8533 0.0467 -0.5193
vn 0.9427 0.0754 -0.3249
vn 0.9904 0.1032 -0.0915
vn 0.9811 0.1252 0.1474
vn 0.9243 0.1387 0.3557
vn 0.8439 0.1449 0.5166
vn 0.7789 0.1462 0.6099
vn 0.8556 0.0108 -0.5175
vn 0.9470 0.0173 -0.3209
vn 0.9961 0.0236 -0.0853
vn 0.9875 0.0285 0.1549
vn 0.9311 0.0315 0.3634
# 328 vertex normals

vt 0.9011 0.0000 0.0000
vt 0.9243 0.0044 0.0000
vt 0.9444 0.0176 0.0000
vt 0.9614 0.0397 0.0000
vt 0.9753 0.0705 0.0000
vt 0.9861 0.1102 0.0000
vt 0.9938 0.1586 0.0000
vt 0.9985 0.2159 0.0000
vt 1.0000 0.2820 0.0000
vt 1.0000 0.7180 0.0000
vt 0.9985 0.7841 0.0000
vt 0.9938 0.8414 0.0000
vt 0.9861 0.8898 0.0000
vt 0.9753 0.9295 0.0000
vt 0.9614 0.9603 0.0000
vt 0.9444 0.9824 0.0000
vt 0.9243 0.9956 0.0000
vt 0.9011 1.0000 0.0000
vt 0.0989 1.0000 0.0000
vt 0.0757 0.9956 0.0000
vt 0.0556 0.9824 0.0000
vt 0.0386 0.9603 0.0000
vt 0.0247 0.9295 0.0000
vt 0.0139 0.8898 0.0000
vt 0.0062 0.8414 0.0000
vt 0.0015 0.7841 0.0000
vt 0.0000 0.7180 0.0000
vt 0.0000 0.2820 0.0000
vt 0.0015 0.2159 0.0000
vt 0.0062 0.1586 0.0000
vt 0.0139 0.1102 0.0000
vt 0.0247 0.0705 0.0000
vt 0.0386 0.0397 0.0000
vt 0.0556 0.0176 0.0000
vt 0.0757 0.0044 0.0000
vt 0.0989 0.0000 0.0000
vt 0.0989 0.2820 0.0000
vt 0.9011 0.2820 0.0000
vt 0.9011 0.7180 0.0000
vt 0.0989 0.7180 0.0000
vt 0.9011 0.9876 0.0000
vt 0.0989 0.9876 0.0000
vt 0.2820 0.0000 0.0000
vt 0.7180 0.0000 0.0000
vt 0.7180 0.9876 0.0000
vt 0.2820 0.9876 0.0000
vt 0.0000 1.0000 0.0000
vt 0.0989 1.2636 0.0000
vt 0.0989 1.2291 0.0000
vt 0.9011 1.2291 0.0000
vt 0.9011 1.2636 0.0000
vt 0.2820 0.5888 0.0000
vt 0.2820 0.6387 0.0000
vt 0.7180 0.6387 0.0000
vt 0.7180 0.5888 0.0000
vt 0.0858 -0.0039 0.0000
vt 0.1103 -0.0034 0.0000
vt 0.1124 0.9842 0.0000
vt 0.0882 0.9837 0.0000
vt 0.9118 0.9837 0.0000
vt 0.8876 0.9842 0.0000
vt 0.8897 -0.0034 0.0000
vt 0.9142 -0.0039 0.0000
vt 0.2443 -0.0106 0.0000
vt 0.2261 -0.0092 0.0000
vt 0.2204 0.9786 0.0000
vt 0.2378 0.9773 0.0000
vt 0.0730 0.9914 0.0000
vt 0.0448 0.9966 0.0000
vt 0.0143 1.0032 0.0000
vt -0.0186 1.0113 0.0000
vt -0.0537 1.0207 0.0000
vt -0.0912 1.0315 0.0000
vt -0.1310 1.0438 0.0000
vt -0.1732 1.0574 0.0000
vt -0.1353 1.0420 0.0000
vt -0.1082 1.0243 0.0000
vt -0.0920 1.0044 0.0000
vt -0.0866 0.9824 0.0000
vt -0.0920 0.9581 0.0000
vt -0.1082 0.9316 0.0000
vt -0.1353 0.9029 0.0000
vt -0.1732 0.8720 0.0000
vt 0.2188 0.9928 0.0000
vt 0.1702 1.0022 0.0000
vt 0.1362 1.0157 0.0000
vt 0.1168 1.0334 0.0000
vt 0.1121 1.0552 0.0000
vt 0.1219 1.0813 0.0000
vt 0.1463 1.1115 0.0000
vt 0.1854 1.1458 0.0000
vt 0.1411 1.1107 0.0000
vt 0.1009 1.0783 0.0000
vt 0.0648 1.0486 0.0000
vt 0.0328 1.0215 0.0000
vt 0.0049 0.9971 0.0000
vt -0.0189 0.9755 0.0000
vt -0.0387 0.9565 0.0000
vt -0.0543 0.9402 0.0000
vt 0.0989 1.1946 0.0000
vt 0.9011 1.1946 0.0000
vt 0.0989 1.1601 0.0000
vt 0.9011 1.1601 0.0000
vt 0.0989 1.1256 0.0000
vt 0.9011 1.1256 0.0000
vt 0.0989 1.0911 0.0000
vt 0.9011 1.0911 0.0000
vt 0.0989 1.0566 0.0000
vt 0.9011 1.0566 0.0000
vt 0.0989 1.0221 0.0000
vt 0.9011 1.0221 0.0000
vt 0.2820 0.6885 0.0000
vt 0.7180 0.6885 0.0000
vt 0.2820 0.7384 0.0000
vt 0.7180 0.7384 0.0000
vt 0.2820 0.7882 0.0000
vt 0.7180 0.7882 0.0000
vt 0.2820 0.8381 0.0000
vt 0.7180 0.8381 0.0000
vt 0.2820 0.8879 0.0000
vt 0.7180 0.8879 0.0000
vt 0.2820 0.9378 0.0000
vt 0.7180 0.9378 0.0000
vt 0.1349 -0.0029 0.0000
vt 0.1366 0.9847 0.0000
vt 0.1594 -0.0024 0.0000
vt 0.1609 0.9852 0.0000
vt 0.1839 -0.0020 0.0000
vt 0.1851 0.9857 0.0000
vt 0.2084 -0.0015 0.0000
vt 0.2093 0.9862 0.0000
vt 0.2330 -0.0010 0.0000
vt 0.2336 0.9867 0.0000
vt 0.2575 -0.0005 0.0000
vt 0.2578 0.9871 0.0000
vt 0.8634 0.9847 0.0000
vt 0.8651 -0.0029 0.0000
vt 0.8391 0.9852 0.0000
vt 0.8406 -0.0024 0.0000
vt 0.8149 0.9857 0.0000
vt 0.8161 -0.0020 0.0000
vt 0.7907 0.9862 0.0000
vt 0.7916 -0.0015 0.0000
vt 0.7664 0.9867 0.0000
vt 0.7670 -0.0010 0.0000
vt 0.7422 0.9871 0.0000
vt 0.7425 -0.0005 0.0000
vt 0.2079 -0.0079 0.0000
vt 0.2031 0.9799 0.0000
vt 0.1898 -0.0066 0.0000
vt 0.1857 0.9812 0.0000
vt 0.1716 -0.0053 0.0000
vt 0.1684 0.9825 0.0000
vt 0.1534 -0.0040 0.0000
vt 0.1510 0.9838 0.0000
vt 0.1353 -0.0026 0.0000
vt 0.1336 0.9851 0.0000
vt 0.1171 -0.0013 0.0000
vt 0.1163 0.9863 0.0000
# 159 texture coords

o Box044
g Box044
usemtl wire_062062062
s 1
f 4593/2227/4593 4594/2228/4594 4595/2229/4595 4596/2230/4596 4597/2231/4597 4598/2232/4598 4599/2233/4599 4600/2234/4600 4601/2235/4601 4602/2236/4602 4603/2237/4603 4604/2238/4604 4605/2239/4605 4606/2240/4606 4607/2241/4607 4608/2242/4608 4609/2243/4609 4610/2244/4610 4611/2245/4611 4612/2246/4612 4613/2247/4613 4614/2248/4614 4615/2249/4615 4616/2250/4616 4617/2251/4617 4618/2252/4618 4619/2253/4619 4620/2254/4620 4621/2255/4621 4622/2256/4622 4623/2257/4623 4624/2258/4624 4625/2259/4625 4626/2260/4626 4627/2261/4627 4628/2262/4628 
s 2
f 4629/2263/4629 4630/2264/4630 4631/2265/4631 4632/2266/4632 
f 4593/2262/4593 4628/2227/4628 4633/2267/4633 4634/2268/4634 
f 4620/2269/4620 4619/2270/4619 4635/2271/4635 4636/2272/4636 
f 4611/2262/4611 4610/2227/4610 4637/2267/4637 4638/2268/4638 
f 4602/2269/4602 4601/2270/4601 4639/2271/4639 4640/2272/4640 
f 4634/2268/4634 4641/2273/4641 4642/2273/4642 
f 4636/2272/4636 4643/2273/4643 4644/2273/4644 
f 4640/2272/4640 4645/2273/4645 4646/2273/4646 
f 4638/2268/4638 4647/2273/4647 4648/2273/4648 
f 4629/2274/4629 4649/2275/4649 4650/2276/4650 4630/2277/4630 
f 4630/2278/4630 4651/2279/4651 4652/2280/4652 4631/2281/4631 
f 4631/2274/4631 4653/2275/4653 4654/2276/4654 4632/2277/4632 
f 4632/2278/4632 4655/2279/4655 4656/2280/4656 4629/2281/4629 
f 4628/2282/4628 4627/2283/4627 4657/2284/4657 4633/2285/4633 
f 4634/2286/4634 4642/2287/4642 4594/2288/4594 4593/2289/4593 
f 4619/2290/4619 4618/2291/4618 4658/2292/4658 4635/2293/4635 
f 4610/2282/4610 4609/2283/4609 4659/2284/4659 4637/2285/4637 
f 4634/2268/4634 4660/2294/4660 4661/2273/4661 
f 4660/2294/4660 4662/2295/4662 4663/2273/4663 4661/2273/4661 
f 4662/2295/4662 4664/2296/4664 4665/2273/4665 4663/2273/4663 
f 4664/2296/4664 4666/2297/4666 4667/2273/4667 4665/2273/4665 
f 4666/2297/4666 4668/2298/4668 4669/2273/4669 4667/2273/4667 
f 4668/2298/4668 4670/2299/4670 4671/2273/4671 4669/2273/4669 
f 4670/2299/4670 4649/2300/4649 4672/2273/4672 4671/2273/4671 
f 4649/2300/4649 4629/2301/4629 4656/2302/4656 4672/2273/4672 
f 4634/2268/4634 4661/2273/4661 4673/2273/4673 
f 4661/2273/4661 4663/2273/4663 4674/2273/4674 4673/2273/4673 
f 4663/2273/4663 4665/2273/4665 4675/2273/4675 4674/2273/4674 
f 4665/2273/4665 4667/2273/4667 4676/2273/4676 4675/2273/4675 
f 4667/2273/4667 4669/2273/4669 4677/2273/4677 4676/2273/4676 
f 4669/2273/4669 4671/2273/4671 4678/2273/4678 4677/2273/4677 
f 4671/2273/4671 4672/2273/4672 4679/2273/4679 4678/2273/4678 
f 4672/2273/4672 4656/2302/4656 4680/2303/4680 4679/2273/4679 
f 4634/2268/4634 4673/2273/4673 4681/2273/4681 
f 4673/2273/4673 4674/2273/4674 4682/2273/4682 4681/2273/4681 
f 4674/2273/4674 4675/2273/4675 4683/2273/4683 4682/2273/4682 
f 4675/2273/4675 4676/2273/4676 4684/2273/4684 4683/2273/4683 
f 4676/2273/4676 4677/2273/4677 4685/2273/4685 4684/2273/4684 
f 4677/2273/4677 4678/2273/4678 4686/2273/4686 4685/2273/4685 
f 4678/2273/4678 4679/2273/4679 4687/2273/4687 4686/2273/4686 
f 4679/2273/4679 4680/2303/4680 4688/2304/4688 4687/2273/4687 
f 4634/2268/4634 4681/2273/4681 4689/2273/4689 
f 4681/2273/4681 4682/2273/4682 4690/2273/4690 4689/2273/4689 
f 4682/2273/4682 4683/2273/4683 4691/2273/4691 4690/2273/4690 
f 4683/2273/4683 4684/2273/4684 4692/2273/4692 4691/2273/4691 
f 4684/2273/4684 4685/2273/4685 4693/2273/4693 4692/2273/4692 
f 4685/2273/4685 4686/2273/4686 4694/2273/4694 4693/2273/4693 
f 4686/2273/4686 4687/2273/4687 4695/2273/4695 4694/2273/4694 
f 4687/2273/4687 4688/2304/4688 4696/2305/4696 4695/2273/4695 
f 4634/2268/4634 4689/2273/4689 4697/2273/4697 
f 4689/2273/4689 4690/2273/4690 4698/2273/4698 4697/2273/4697 
f 4690/2273/4690 4691/2273/4691 4699/2273/4699 4698/2273/4698 
f 4691/2273/4691 4692/2273/4692 4700/2273/4700 4699/2273/4699 
f 4692/2273/4692 4693/2273/4693 4701/2273/4701 4700/2273/4700 
f 4693/2273/4693 4694/2273/4694 4702/2273/4702 4701/2273/4701 
f 4694/2273/4694 4695/2273/4695 4703/2273/4703 4702/2273/4702 
f 4695/2273/4695 4696/2305/4696 4704/2306/4704 4703/2273/4703 
f 4634/2268/4634 4697/2273/4697 4705/2273/4705 
f 4697/2273/4697 4698/2273/4698 4706/2273/4706 4705/2273/4705 
f 4698/2273/4698 4699/2273/4699 4707/2273/4707 4706/2273/4706 
f 4699/2273/4699 4700/2273/4700 4708/2273/4708 4707/2273/4707 
f 4700/2273/4700 4701/2273/4701 4709/2273/4709 4708/2273/4708 
f 4701/2273/4701 4702/2273/4702 4710/2273/4710 4709/2273/4709 
f 4702/2273/4702 4703/2273/4703 4711/2273/4711 4710/2273/4710 
f 4703/2273/4703 4704/2306/4704 4712/2307/4712 4711/2273/4711 
f 4634/2268/4634 4705/2273/4705 4641/2273/4641 
f 4705/2273/4705 4706/2273/4706 4713/2273/4713 4641/2273/4641 
f 4706/2273/4706 4707/2273/4707 4714/2273/4714 4713/2273/4713 
f 4707/2273/4707 4708/2273/4708 4715/2273/4715 4714/2273/4714 
f 4708/2273/4708 4709/2273/4709 4716/2273/4716 4715/2273/4715 
f 4709/2273/4709 4710/2273/4710 4717/2273/4717 4716/2273/4716 
f 4710/2273/4710 4711/2273/4711 4718/2273/4718 4717/2273/4717 
f 4711/2273/4711 4712/2307/4712 4719/2308/4719 4718/2273/4718 
f 4641/2273/4641 4713/2273/4713 4720/2273/4720 4642/2273/4642 
f 4713/2273/4713 4714/2273/4714 4721/2273/4721 4720/2273/4720 
f 4714/2273/4714 4715/2273/4715 4722/2273/4722 4721/2273/4721 
f 4715/2273/4715 4716/2273/4716 4723/2273/4723 4722/2273/4722 
f 4716/2273/4716 4717/2273/4717 4724/2273/4724 4723/2273/4723 
f 4717/2273/4717 4718/2273/4718 4725/2273/4725 4724/2273/4724 
f 4718/2273/4718 4719/2308/4719 4639/2309/4639 4725/2273/4725 
f 4636/2272/4636 4726/2310/4726 4727/2273/4727 
f 4726/2310/4726 4728/2311/4728 4729/2273/4729 4727/2273/4727 
f 4728/2311/4728 4730/2312/4730 4731/2273/4731 4729/2273/4729 
f 4730/2312/4730 4732/2313/4732 4733/2273/4733 4731/2273/4731 
f 4732/2313/4732 4734/2314/4734 4735/2273/4735 4733/2273/4733 
f 4734/2314/4734 4736/2315/4736 4737/2273/4737 4735/2273/4735 
f 4736/2315/4736 4651/2316/4651 4738/2273/4738 4737/2273/4737 
f 4651/2316/4651 4630/2317/4630 4650/2318/4650 4738/2273/4738 
f 4636/2272/4636 4727/2273/4727 4739/2273/4739 
f 4727/2273/4727 4729/2273/4729 4740/2273/4740 4739/2273/4739 
f 4729/2273/4729 4731/2273/4731 4741/2273/4741 4740/2273/4740 
f 4731/2273/4731 4733/2273/4733 4742/2273/4742 4741/2273/4741 
f 4733/2273/4733 4735/2273/4735 4743/2273/4743 4742/2273/4742 
f 4735/2273/4735 4737/2273/4737 4744/2273/4744 4743/2273/4743 
f 4737/2273/4737 4738/2273/4738 4745/2273/4745 4744/2273/4744 
f 4738/2273/4738 4650/2318/4650 4746/2319/4746 4745/2273/4745 
f 4636/2272/4636 4739/2273/4739 4747/2273/4747 
f 4739/2273/4739 4740/2273/4740 4748/2273/4748 4747/2273/4747 
f 4740/2273/4740 4741/2273/4741 4749/2273/4749 4748/2273/4748 
f 4741/2273/4741 4742/2273/4742 4750/2273/4750 4749/2273/4749 
f 4742/2273/4742 4743/2273/4743 4751/2273/4751 4750/2273/4750 
f 4743/2273/4743 4744/2273/4744 4752/2273/4752 4751/2273/4751 
f 4744/2273/4744 4745/2273/4745 4753/2273/4753 4752/2273/4752 
f 4745/2273/4745 4746/2319/4746 4754/2320/4754 4753/2273/4753 
f 4636/2272/4636 4747/2273/4747 4755/2273/4755 
f 4747/2273/4747 4748/2273/4748 4756/2273/4756 4755/2273/4755 
f 4748/2273/4748 4749/2273/4749 4757/2273/4757 4756/2273/4756 
f 4749/2273/4749 4750/2273/4750 4758/2273/4758 4757/2273/4757 
f 4750/2273/4750 4751/2273/4751 4759/2273/4759 4758/2273/4758 
f 4751/2273/4751 4752/2273/4752 4760/2273/4760 4759/2273/4759 
f 4752/2273/4752 4753/2273/4753 4761/2273/4761 4760/2273/4760 
f 4753/2273/4753 4754/2320/4754 4762/2321/4762 4761/2273/4761 
f 4636/2272/4636 4755/2273/4755 4763/2273/4763 
f 4755/2273/4755 4756/2273/4756 4764/2273/4764 4763/2273/4763 
f 4756/2273/4756 4757/2273/4757 4765/2273/4765 4764/2273/4764 
f 4757/2273/4757 4758/2273/4758 4766/2273/4766 4765/2273/4765 
f 4758/2273/4758 4759/2273/4759 4767/2273/4767 4766/2273/4766 
f 4759/2273/4759 4760/2273/4760 4768/2273/4768 4767/2273/4767 
f 4760/2273/4760 4761/2273/4761 4769/2273/4769 4768/2273/4768 
f 4761/2273/4761 4762/2321/4762 4770/2322/4770 4769/2273/4769 
f 4636/2272/4636 4763/2273/4763 4771/2273/4771 
f 4763/2273/4763 4764/2273/4764 4772/2273/4772 4771/2273/4771 
f 4764/2273/4764 4765/2273/4765 4773/2273/4773 4772/2273/4772 
f 4765/2273/4765 4766/2273/4766 4774/2273/4774 4773/2273/4773 
f 4766/2273/4766 4767/2273/4767 4775/2273/4775 4774/2273/4774 
f 4767/2273/4767 4768/2273/4768 4776/2273/4776 4775/2273/4775 
f 4768/2273/4768 4769/2273/4769 4777/2273/4777 4776/2273/4776 
f 4769/2273/4769 4770/2322/4770 4778/2323/4778 4777/2273/4777 
f 4636/2272/4636 4771/2273/4771 4643/2273/4643 
f 4771/2273/4771 4772/2273/4772 4779/2273/4779 4643/2273/4643 
f 4772/2273/4772 4773/2273/4773 4780/2273/4780 4779/2273/4779 
f 4773/2273/4773 4774/2273/4774 4781/2273/4781 4780/2273/4780 
f 4774/2273/4774 4775/2273/4775 4782/2273/4782 4781/2273/4781 
f 4775/2273/4775 4776/2273/4776 4783/2273/4783 4782/2273/4782 
f 4776/2273/4776 4777/2273/4777 4784/2273/4784 4783/2273/4783 
f 4777/2273/4777 4778/2323/4778 4785/2324/4785 4784/2273/4784 
f 4643/2273/4643 4779/2273/4779 4786/2273/4786 4644/2273/4644 
f 4779/2273/4779 4780/2273/4780 4787/2273/4787 4786/2273/4786 
f 4780/2273/4780 4781/2273/4781 4788/2273/4788 4787/2273/4787 
f 4781/2273/4781 4782/2273/4782 4789/2273/4789 4788/2273/4788 
f 4782/2273/4782 4783/2273/4783 4790/2273/4790 4789/2273/4789 
f 4783/2273/4783 4784/2273/4784 4657/2273/4657 4790/2273/4790 
f 4784/2273/4784 4785/2324/4785 4633/2325/4633 4657/2273/4657 
f 4640/2272/4640 4791/2310/4791 4792/2273/4792 
f 4791/2310/4791 4793/2311/4793 4794/2273/4794 4792/2273/4792 
f 4793/2311/4793 4795/2312/4795 4796/2273/4796 4794/2273/4794 
f 4795/2312/4795 4797/2313/4797 4798/2273/4798 4796/2273/4796 
f 4797/2313/4797 4799/2314/4799 4800/2273/4800 4798/2273/4798 
f 4799/2314/4799 4801/2315/4801 4802/2273/4802 4800/2273/4800 
f 4801/2315/4801 4655/2316/4655 4803/2273/4803 4802/2273/4802 
f 4655/2316/4655 4632/2317/4632 4654/2318/4654 4803/2273/4803 
f 4640/2272/4640 4792/2273/4792 4804/2273/4804 
f 4792/2273/4792 4794/2273/4794 4805/2273/4805 4804/2273/4804 
f 4794/2273/4794 4796/2273/4796 4806/2273/4806 4805/2273/4805 
f 4796/2273/4796 4798/2273/4798 4807/2273/4807 4806/2273/4806 
f 4798/2273/4798 4800/2273/4800 4808/2273/4808 4807/2273/4807 
f 4800/2273/4800 4802/2273/4802 4809/2273/4809 4808/2273/4808 
f 4802/2273/4802 4803/2273/4803 4810/2273/4810 4809/2273/4809 
f 4803/2273/4803 4654/2318/4654 4811/2319/4811 4810/2273/4810 
f 4640/2272/4640 4804/2273/4804 4812/2273/4812 
f 4804/2273/4804 4805/2273/4805 4813/2273/4813 4812/2273/4812 
f 4805/2273/4805 4806/2273/4806 4814/2273/4814 4813/2273/4813 
f 4806/2273/4806 4807/2273/4807 4815/2273/4815 4814/2273/4814 
f 4807/2273/4807 4808/2273/4808 4816/2273/4816 4815/2273/4815 
f 4808/2273/4808 4809/2273/4809 4817/2273/4817 4816/2273/4816 
f 4809/2273/4809 4810/2273/4810 4818/2273/4818 4817/2273/4817 
f 4810/2273/4810 4811/2319/4811 4819/2320/4819 4818/2273/4818 
f 4640/2272/4640 4812/2273/4812 4820/2273/4820 
f 4812/2273/4812 4813/2273/4813 4821/2273/4821 4820/2273/4820 
f 4813/2273/4813 4814/2273/4814 4822/2273/4822 4821/2273/4821 
f 4814/2273/4814 4815/2273/4815 4823/2273/4823 4822/2273/4822 
f 4815/2273/4815 4816/2273/4816 4824/2273/4824 4823/2273/4823 
f 4816/2273/4816 4817/2273/4817 4825/2273/4825 4824/2273/4824 
f 4817/2273/4817 4818/2273/4818 4826/2273/4826 4825/2273/4825 
f 4818/2273/4818 4819/2320/4819 4827/2321/4827 4826/2273/4826 
f 4640/2272/4640 4820/2273/4820 4828/2273/4828 
f 4820/2273/4820 4821/2273/4821 4829/2273/4829 4828/2273/4828 
f 4821/2273/4821 4822/2273/4822 4830/2273/4830 4829/2273/4829 
f 4822/2273/4822 4823/2273/4823 4831/2273/4831 4830/2273/4830 
f 4823/2273/4823 4824/2273/4824 4832/2273/4832 4831/2273/4831 
f 4824/2273/4824 4825/2273/4825 4833/2273/4833 4832/2273/4832 
f 4825/2273/4825 4826/2273/4826 4834/2273/4834 4833/2273/4833 
f 4826/2273/4826 4827/2321/4827 4835/2322/4835 4834/2273/4834 
f 4640/2272/4640 4828/2273/4828 4836/2273/4836 
f 4828/2273/4828 4829/2273/4829 4837/2273/4837 4836/2273/4836 
f 4829/2273/4829 4830/2273/4830 4838/2273/4838 4837/2273/4837 
f 4830/2273/4830 4831/2273/4831 4839/2273/4839 4838/2273/4838 
f 4831/2273/4831 4832/2273/4832 4840/2273/4840 4839/2273/4839 
f 4832/2273/4832 4833/2273/4833 4841/2273/4841 4840/2273/4840 
f 4833/2273/4833 4834/2273/4834 4842/2273/4842 4841/2273/4841 
f 4834/2273/4834 4835/2322/4835 4843/2323/4843 4842/2273/4842 
f 4640/2272/4640 4836/2273/4836 4645/2273/4645 
f 4836/2273/4836 4837/2273/4837 4844/2273/4844 4645/2273/4645 
f 4837/2273/4837 4838/2273/4838 4845/2273/4845 4844/2273/4844 
f 4838/2273/4838 4839/2273/4839 4846/2273/4846 4845/2273/4845 
f 4839/2273/4839 4840/2273/4840 4847/2273/4847 4846/2273/4846 
f 4840/2273/4840 4841/2273/4841 4848/2273/4848 4847/2273/4847 
f 4841/2273/4841 4842/2273/4842 4849/2273/4849 4848/2273/4848 
f 4842/2273/4842 4843/2323/4843 4850/2324/4850 4849/2273/4849 
f 4645/2273/4645 4844/2273/4844 4851/2273/4851 4646/2273/4646 
f 4844/2273/4844 4845/2273/4845 4852/2273/4852 4851/2273/4851 
f 4845/2273/4845 4846/2273/4846 4853/2273/4853 4852/2273/4852 
f 4846/2273/4846 4847/2273/4847 4854/2273/4854 4853/2273/4853 
f 4847/2273/4847 4848/2273/4848 4855/2273/4855 4854/2273/4854 
f 4848/2273/4848 4849/2273/4849 4659/2273/4659 4855/2273/4855 
f 4849/2273/4849 4850/2324/4850 4637/2325/4637 4659/2273/4659 
f 4638/2268/4638 4856/2294/4856 4857/2273/4857 
f 4856/2294/4856 4858/2295/4858 4859/2273/4859 4857/2273/4857 
f 4858/2295/4858 4860/2296/4860 4861/2273/4861 4859/2273/4859 
f 4860/2296/4860 4862/2297/4862 4863/2273/4863 4861/2273/4861 
f 4862/2297/4862 4864/2298/4864 4865/2273/4865 4863/2273/4863 
f 4864/2298/4864 4866/2299/4866 4867/2273/4867 4865/2273/4865 
f 4866/2299/4866 4653/2300/4653 4868/2273/4868 4867/2273/4867 
f 4653/2300/4653 4631/2301/4631 4652/2302/4652 4868/2273/4868 
f 4638/2268/4638 4857/2273/4857 4869/2273/4869 
f 4857/2273/4857 4859/2273/4859 4870/2273/4870 4869/2273/4869 
f 4859/2273/4859 4861/2273/4861 4871/2273/4871 4870/2273/4870 
f 4861/2273/4861 4863/2273/4863 4872/2273/4872 4871/2273/4871 
f 4863/2273/4863 4865/2273/4865 4873/2273/4873 4872/2273/4872 
f 4865/2273/4865 4867/2273/4867 4874/2273/4874 4873/2273/4873 
f 4867/2273/4867 4868/2273/4868 4875/2273/4875 4874/2273/4874 
f 4868/2273/4868 4652/2302/4652 4876/2303/4876 4875/2273/4875 
f 4638/2268/4638 4869/2273/4869 4877/2273/4877 
f 4869/2273/4869 4870/2273/4870 4878/2273/4878 4877/2273/4877 
f 4870/2273/4870 4871/2273/4871 4879/2273/4879 4878/2273/4878 
f 4871/2273/4871 4872/2273/4872 4880/2273/4880 4879/2273/4879 
f 4872/2273/4872 4873/2273/4873 4881/2273/4881 4880/2273/4880 
f 4873/2273/4873 4874/2273/4874 4882/2273/4882 4881/2273/4881 
f 4874/2273/4874 4875/2273/4875 4883/2273/4883 4882/2273/4882 
f 4875/2273/4875 4876/2303/4876 4884/2304/4884 4883/2273/4883 
f 4638/2268/4638 4877/2273/4877 4885/2273/4885 
f 4877/2273/4877 4878/2273/4878 4886/2273/4886 4885/2273/4885 
f 4878/2273/4878 4879/2273/4879 4887/2273/4887 4886/2273/4886 
f 4879/2273/4879 4880/2273/4880 4888/2273/4888 4887/2273/4887 
f 4880/2273/4880 4881/2273/4881 4889/2273/4889 4888/2273/4888 
f 4881/2273/4881 4882/2273/4882 4890/2273/4890 4889/2273/4889 
f 4882/2273/4882 4883/2273/4883 4891/2273/4891 4890/2273/4890 
f 4883/2273/4883 4884/2304/4884 4892/2305/4892 4891/2273/4891 
f 4638/2268/4638 4885/2273/4885 4893/2273/4893 
f 4885/2273/4885 4886/2273/4886 4894/2273/4894 4893/2273/4893 
f 4886/2273/4886 4887/2273/4887 4895/2273/4895 4894/2273/4894 
f 4887/2273/4887 4888/2273/4888 4896/2273/4896 4895/2273/4895 
f 4888/2273/4888 4889/2273/4889 4897/2273/4897 4896/2273/4896 
f 4889/2273/4889 4890/2273/4890 4898/2273/4898 4897/2273/4897 
f 4890/2273/4890 4891/2273/4891 4899/2273/4899 4898/2273/4898 
f 4891/2273/4891 4892/2305/4892 4900/2306/4900 4899/2273/4899 
f 4638/2268/4638 4893/2273/4893 4901/2273/4901 
f 4893/2273/4893 4894/2273/4894 4902/2273/4902 4901/2273/4901 
f 4894/2273/4894 4895/2273/4895 4903/2273/4903 4902/2273/4902 
f 4895/2273/4895 4896/2273/4896 4904/2273/4904 4903/2273/4903 
f 4896/2273/4896 4897/2273/4897 4905/2273/4905 4904/2273/4904 
f 4897/2273/4897 4898/2273/4898 4906/2273/4906 4905/2273/4905 
f 4898/2273/4898 4899/2273/4899 4907/2273/4907 4906/2273/4906 
f 4899/2273/4899 4900/2306/4900 4908/2307/4908 4907/2273/4907 
f 4638/2268/4638 4901/2273/4901 4647/2273/4647 
f 4901/2273/4901 4902/2273/4902 4909/2273/4909 4647/2273/4647 
f 4902/2273/4902 4903/2273/4903 4910/2273/4910 4909/2273/4909 
f 4903/2273/4903 4904/2273/4904 4911/2273/4911 4910/2273/4910 
f 4904/2273/4904 4905/2273/4905 4912/2273/4912 4911/2273/4911 
f 4905/2273/4905 4906/2273/4906 4913/2273/4913 4912/2273/4912 
f 4906/2273/4906 4907/2273/4907 4914/2273/4914 4913/2273/4913 
f 4907/2273/4907 4908/2307/4908 4915/2308/4915 4914/2273/4914 
f 4647/2273/4647 4909/2273/4909 4916/2273/4916 4648/2273/4648 
f 4909/2273/4909 4910/2273/4910 4917/2273/4917 4916/2273/4916 
f 4910/2273/4910 4911/2273/4911 4918/2273/4918 4917/2273/4917 
f 4911/2273/4911 4912/2273/4912 4919/2273/4919 4918/2273/4918 
f 4912/2273/4912 4913/2273/4913 4920/2273/4920 4919/2273/4919 
f 4913/2273/4913 4914/2273/4914 4658/2273/4658 4920/2273/4920 
f 4914/2273/4914 4915/2308/4915 4635/2309/4635 4658/2273/4658 
f 4649/2275/4649 4670/2326/4670 4746/2327/4746 4650/2276/4650 
f 4670/2326/4670 4668/2328/4668 4754/2329/4754 4746/2327/4746 
f 4668/2328/4668 4666/2330/4666 4762/2331/4762 4754/2329/4754 
f 4666/2330/4666 4664/2332/4664 4770/2333/4770 4762/2331/4762 
f 4664/2332/4664 4662/2334/4662 4778/2335/4778 4770/2333/4770 
f 4662/2334/4662 4660/2336/4660 4785/2337/4785 4778/2335/4778 
f 4660/2336/4660 4634/2268/4634 4633/2267/4633 4785/2337/4785 
f 4651/2279/4651 4736/2338/4736 4876/2339/4876 4652/2280/4652 
f 4736/2338/4736 4734/2340/4734 4884/2341/4884 4876/2339/4876 
f 4734/2340/4734 4732/2342/4732 4892/2343/4892 4884/2341/4884 
f 4732/2342/4732 4730/2344/4730 4900/2345/4900 4892/2343/4892 
f 4730/2344/4730 4728/2346/4728 4908/2347/4908 4900/2345/4900 
f 4728/2346/4728 4726/2348/4726 4915/2349/4915 4908/2347/4908 
f 4726/2348/4726 4636/2272/4636 4635/2271/4635 4915/2349/4915 
f 4653/2275/4653 4866/2326/4866 4811/2327/4811 4654/2276/4654 
f 4866/2326/4866 4864/2328/4864 4819/2329/4819 4811/2327/4811 
f 4864/2328/4864 4862/2330/4862 4827/2331/4827 4819/2329/4819 
f 4862/2330/4862 4860/2332/4860 4835/2333/4835 4827/2331/4827 
f 4860/2332/4860 4858/2334/4858 4843/2335/4843 4835/2333/4835 
f 4858/2334/4858 4856/2336/4856 4850/2337/4850 4843/2335/4843 
f 4856/2336/4856 4638/2268/4638 4637/2267/4637 4850/2337/4850 
f 4655/2279/4655 4801/2338/4801 4680/2339/4680 4656/2280/4656 
f 4801/2338/4801 4799/2340/4799 4688/2341/4688 4680/2339/4680 
f 4799/2340/4799 4797/2342/4797 4696/2343/4696 4688/2341/4688 
f 4797/2342/4797 4795/2344/4795 4704/2345/4704 4696/2343/4696 
f 4795/2344/4795 4793/2346/4793 4712/2347/4712 4704/2345/4704 
f 4793/2346/4793 4791/2348/4791 4719/2349/4719 4712/2347/4712 
f 4791/2348/4791 4640/2272/4640 4639/2271/4639 4719/2349/4719 
f 4627/2283/4627 4626/2350/4626 4790/2351/4790 4657/2284/4657 
f 4626/2350/4626 4625/2352/4625 4789/2353/4789 4790/2351/4790 
f 4625/2352/4625 4624/2354/4624 4788/2355/4788 4789/2353/4789 
f 4624/2354/4624 4623/2356/4623 4787/2357/4787 4788/2355/4788 
f 4623/2356/4623 4622/2358/4622 4786/2359/4786 4787/2357/4787 
f 4622/2358/4622 4621/2360/4621 4644/2361/4644 4786/2359/4786 
f 4621/2360/4621 4620/2269/4620 4636/2272/4636 4644/2361/4644 
f 4642/2287/4642 4720/2362/4720 4595/2363/4595 4594/2288/4594 
f 4720/2362/4720 4721/2364/4721 4596/2365/4596 4595/2363/4595 
f 4721/2364/4721 4722/2366/4722 4597/2367/4597 4596/2365/4596 
f 4722/2366/4722 4723/2368/4723 4598/2369/4598 4597/2367/4597 
f 4723/2368/4723 4724/2370/4724 4599/2371/4599 4598/2369/4598 
f 4724/2370/4724 4725/2372/4725 4600/2373/4600 4599/2371/4599 
f 4725/2372/4725 4639/2271/4639 4601/2270/4601 4600/2373/4600 
f 4618/2291/4618 4617/2374/4617 4920/2375/4920 4658/2292/4658 
f 4617/2374/4617 4616/2376/4616 4919/2377/4919 4920/2375/4920 
f 4616/2376/4616 4615/2378/4615 4918/2379/4918 4919/2377/4919 
f 4615/2378/4615 4614/2380/4614 4917/2381/4917 4918/2379/4918 
f 4614/2380/4614 4613/2382/4613 4916/2383/4916 4917/2381/4917 
f 4613/2382/4613 4612/2384/4612 4648/2385/4648 4916/2383/4916 
f 4612/2384/4612 4611/2262/4611 4638/2268/4638 4648/2385/4648 
f 4609/2283/4609 4608/2350/4608 4855/2351/4855 4659/2284/4659 
f 4608/2350/4608 4607/2352/4607 4854/2353/4854 4855/2351/4855 
f 4607/2352/4607 4606/2354/4606 4853/2355/4853 4854/2353/4854 
f 4606/2354/4606 4605/2356/4605 4852/2357/4852 4853/2355/4853 
f 4605/2356/4605 4604/2358/4604 4851/2359/4851 4852/2357/4852 
f 4604/2358/4604 4603/2360/4603 4646/2361/4646 4851/2359/4851 
f 4603/2360/4603 4602/2269/4602 4640/2272/4640 4646/2361/4646 
# 294 polygons - 32 triangles

#
# object Box045
#

v  -52.8083 -0.3840 -6.2197
v  -52.7170 -0.3840 -6.1557
v  -52.4901 -0.3840 -5.9243
v  -52.1277 -0.3840 -5.5253
v  -51.6297 -0.3840 -4.9588
v  -50.9963 -0.3840 -4.2248
v  -50.2272 -0.3840 -3.3233
v  -49.3227 -0.3840 -2.2543
v  -48.2826 -0.3840 -1.0178
v  -41.4323 -0.3840 7.1461
v  -40.3952 -0.3840 8.3851
v  -39.4995 -0.3840 9.4616
v  -38.7452 -0.3840 10.3754
v  -38.1324 -0.3840 11.1268
v  -37.6609 -0.3840 11.7155
v  -37.3310 -0.3840 12.1417
v  -37.1424 -0.3840 12.4053
v  -37.0953 -0.3840 12.5064
v  -37.8605 -0.3840 13.1485
v  -37.9518 -0.3840 13.0845
v  -38.1787 -0.3840 12.8531
v  -38.5411 -0.3840 12.4541
v  -39.0391 -0.3840 11.8876
v  -39.6726 -0.3840 11.1536
v  -40.4416 -0.3840 10.2521
v  -41.3461 -0.3840 9.1831
v  -42.3862 -0.3840 7.9466
v  -49.2365 -0.3840 -0.2173
v  -50.2737 -0.3840 -1.4563
v  -51.1694 -0.3840 -2.5328
v  -51.9236 -0.3840 -3.4466
v  -52.5365 -0.3840 -4.1980
v  -53.0079 -0.3840 -4.7867
v  -53.3379 -0.3840 -5.2129
v  -53.5264 -0.3840 -5.4765
v  -53.5736 -0.3840 -5.5776
v  -48.3770 0.4274 -0.9386
v  -49.1422 0.4274 -0.2965
v  -42.2919 0.4274 7.8674
v  -41.5267 0.4274 7.2253
v  -53.5736 0.4174 -5.5776
v  -52.8083 0.4174 -6.2197
v  -42.3862 0.4174 7.9466
v  -49.2365 0.4174 -0.2173
v  -37.0953 0.4174 12.5064
v  -37.8605 0.4174 13.1485
v  -48.2826 0.4174 -1.0178
v  -41.4323 0.4174 7.1461
v  -52.7173 0.4180 -6.1554
v  -52.7170 0.4174 -6.1557
v  -50.2574 0.4180 -1.4370
v  -50.2737 0.4174 -1.4563
v  -40.4114 0.4180 8.3658
v  -40.3952 0.4174 8.3851
v  -37.9515 0.4180 13.0842
v  -37.9518 0.4174 13.0845
v  -49.4156 0.4273 -2.1763
v  -50.1808 0.4273 -1.5343
v  -49.1643 0.4273 -0.2780
v  -42.3140 0.4273 7.8859
v  -41.2533 0.4273 9.1051
v  -40.4881 0.4273 8.4631
v  -41.5045 0.4273 7.2068
v  -48.3549 0.4273 -0.9571
v  -53.5264 0.4174 -5.4765
v  -41.3461 0.4174 9.1831
v  -37.1424 0.4174 12.4053
v  -52.7391 0.4198 -6.1372
v  -52.7339 0.4197 -6.1415
v  -52.5314 0.4218 -5.8896
v  -52.5217 0.4217 -5.8977
v  -52.1852 0.4235 -5.4770
v  -52.1717 0.4234 -5.4883
v  -51.7005 0.4249 -4.8994
v  -51.6839 0.4248 -4.9133
v  -51.0773 0.4260 -4.1568
v  -51.0583 0.4259 -4.1727
v  -50.3157 0.4268 -3.2491
v  -50.2950 0.4267 -3.2665
v  -49.3938 0.4271 -2.1946
v  -52.7294 0.4196 -6.1453
v  -52.5133 0.4215 -5.9048
v  -52.1600 0.4231 -5.4981
v  -51.6695 0.4245 -4.9254
v  -51.0419 0.4255 -4.1865
v  -50.2770 0.4262 -3.2815
v  -49.3749 0.4267 -2.2104
v  -48.3357 0.4268 -0.9732
v  -52.7256 0.4194 -6.1485
v  -52.5062 0.4212 -5.9107
v  -52.1502 0.4227 -5.5064
v  -51.6574 0.4239 -4.9356
v  -51.0279 0.4248 -4.1982
v  -50.2618 0.4255 -3.2943
v  -49.3590 0.4259 -2.2238
v  -48.3195 0.4260 -0.9868
v  -52.7225 0.4192 -6.1511
v  -52.5004 0.4207 -5.9156
v  -52.1421 0.4220 -5.5132
v  -51.6474 0.4231 -4.9440
v  -51.0165 0.4239 -4.2078
v  -50.2494 0.4245 -3.3047
v  -49.3459 0.4248 -2.2348
v  -48.3062 0.4249 -0.9980
v  -52.7201 0.4188 -6.1531
v  -52.4959 0.4201 -5.9194
v  -52.1358 0.4211 -5.5185
v  -51.6397 0.4220 -4.9504
v  -51.0077 0.4227 -4.2152
v  -50.2397 0.4231 -3.3129
v  -49.3358 0.4234 -2.2433
v  -48.2959 0.4235 -1.0066
v  -52.7184 0.4184 -6.1546
v  -52.4927 0.4193 -5.9221
v  -52.1313 0.4201 -5.5223
v  -51.6342 0.4207 -4.9551
v  -51.0013 0.4212 -4.2205
v  -50.2328 0.4215 -3.3187
v  -49.3285 0.4217 -2.2494
v  -48.2885 0.4218 -1.0128
v  -52.4908 0.4184 -5.9237
v  -52.1286 0.4188 -5.5245
v  -51.6308 0.4192 -4.9579
v  -50.9975 0.4194 -4.2237
v  -50.2286 0.4196 -3.3221
v  -49.3242 0.4197 -2.2531
v  -48.2841 0.4198 -1.0165
v  -52.4901 0.4174 -5.9243
v  -52.1277 0.4174 -5.5253
v  -51.6297 0.4174 -4.9588
v  -50.9963 0.4174 -4.2248
v  -50.2272 0.4174 -3.3233
v  -49.3227 0.4174 -2.2543
v  -49.2351 0.4198 -0.2186
v  -49.4785 0.4197 -0.5087
v  -49.2306 0.4218 -0.2223
v  -49.6850 0.4217 -0.7638
v  -49.2233 0.4235 -0.2285
v  -49.8562 0.4234 -0.9827
v  -49.2130 0.4249 -0.2371
v  -49.9919 0.4248 -1.1654
v  -49.1997 0.4260 -0.2483
v  -50.0922 0.4259 -1.3120
v  -49.1835 0.4268 -0.2619
v  -50.1572 0.4267 -1.4223
v  -50.1867 0.4271 -1.4964
v  -49.6895 0.4196 -0.7601
v  -50.0788 0.4215 -1.2331
v  -50.4047 0.4231 -1.6364
v  -50.6670 0.4245 -1.9700
v  -50.8658 0.4255 -2.2338
v  -51.0010 0.4262 -2.4279
v  -51.0727 0.4267 -2.5523
v  -51.0809 0.4268 -2.6070
v  -49.8680 0.4194 -0.9728
v  -50.4121 0.4212 -1.6302
v  -50.8688 0.4227 -2.1895
v  -51.2382 0.4239 -2.6508
v  -51.5203 0.4248 -3.0139
v  -51.7151 0.4255 -3.2789
v  -51.8225 0.4259 -3.4458
v  -51.8425 0.4260 -3.5147
v  -50.0140 0.4192 -1.1469
v  -50.6847 0.4207 -1.9551
v  -51.2485 0.4220 -2.6421
v  -51.7056 0.4231 -3.2077
v  -52.0558 0.4239 -3.6521
v  -52.2993 0.4245 -3.9751
v  -52.4359 0.4248 -4.1769
v  -52.4657 0.4249 -4.2573
v  -50.1276 0.4188 -1.2823
v  -50.8967 0.4201 -2.2079
v  -51.5439 0.4211 -2.9941
v  -52.0691 0.4220 -3.6410
v  -52.4724 0.4227 -4.1485
v  -52.7537 0.4231 -4.5167
v  -52.9130 0.4234 -4.7455
v  -52.9504 0.4235 -4.8350
v  -50.2088 0.4184 -1.3790
v  -51.0482 0.4193 -2.3884
v  -51.7549 0.4201 -3.2455
v  -52.3288 0.4207 -3.9504
v  -52.7699 0.4212 -4.5031
v  -53.0782 0.4215 -4.9035
v  -53.2538 0.4217 -5.1516
v  -53.2966 0.4218 -5.2475
v  -51.1391 0.4184 -2.4967
v  -51.8814 0.4188 -3.3964
v  -52.4845 0.4192 -4.1361
v  -52.9484 0.4194 -4.7158
v  -53.2730 0.4196 -5.1355
v  -53.4583 0.4197 -5.3953
v  -53.5043 0.4198 -5.4951
v  -51.1694 0.4174 -2.5328
v  -51.9236 0.4174 -3.4466
v  -52.5365 0.4174 -4.1980
v  -53.0079 0.4174 -4.7867
v  -53.3379 0.4174 -5.2129
v  -41.4338 0.4198 7.1474
v  -41.1903 0.4197 7.4375
v  -41.4382 0.4218 7.1511
v  -40.9838 0.4217 7.6926
v  -41.4456 0.4235 7.1573
v  -40.8127 0.4234 7.9115
v  -41.4559 0.4249 7.1659
v  -40.6769 0.4248 8.0942
v  -41.4692 0.4260 7.1771
v  -40.5766 0.4259 8.2408
v  -41.4854 0.4268 7.1907
v  -40.5117 0.4267 8.3511
v  -40.4822 0.4271 8.4252
v  -40.9794 0.4196 7.6889
v  -40.5900 0.4215 8.1619
v  -40.2642 0.4231 8.5652
v  -40.0018 0.4245 8.8988
v  -39.8031 0.4255 9.1626
v  -39.6678 0.4262 9.3567
v  -39.5961 0.4267 9.4811
v  -39.5879 0.4268 9.5358
v  -40.8009 0.4194 7.9016
v  -40.2568 0.4212 8.5590
v  -39.8000 0.4227 9.1183
v  -39.4306 0.4239 9.5796
v  -39.1485 0.4248 9.9427
v  -38.9538 0.4255 10.2077
v  -38.8464 0.4259 10.3746
v  -38.8263 0.4260 10.4435
v  -40.6548 0.4192 8.0757
v  -39.9841 0.4207 8.8839
v  -39.4203 0.4220 9.5709
v  -38.9632 0.4231 10.1365
v  -38.6130 0.4239 10.5809
v  -38.3696 0.4245 10.9039
v  -38.2329 0.4248 11.1057
v  -38.2031 0.4249 11.1861
v  -40.5412 0.4188 8.2111
v  -39.7721 0.4201 9.1367
v  -39.1249 0.4211 9.9229
v  -38.5997 0.4220 10.5698
v  -38.1965 0.4227 11.0773
v  -37.9152 0.4231 11.4455
v  -37.7558 0.4234 11.6743
v  -37.7184 0.4235 11.7638
v  -40.4601 0.4184 8.3078
v  -39.6206 0.4193 9.3172
v  -38.9140 0.4201 10.1743
v  -38.3401 0.4207 10.8792
v  -37.8990 0.4212 11.4319
v  -37.5906 0.4215 11.8323
v  -37.4150 0.4217 12.0804
v  -37.3722 0.4218 12.1763
v  -39.5298 0.4184 9.4255
v  -38.7874 0.4188 10.3252
v  -38.1843 0.4192 11.0649
v  -37.7205 0.4194 11.6446
v  -37.3959 0.4196 12.0643
v  -37.2106 0.4197 12.3241
v  -37.1645 0.4198 12.4239
v  -39.4995 0.4174 9.4616
v  -38.7452 0.4174 10.3754
v  -38.1324 0.4174 11.1268
v  -37.6609 0.4174 11.7155
v  -37.3310 0.4174 12.1417
v  -37.9297 0.4198 13.0660
v  -37.9349 0.4197 13.0703
v  -38.1374 0.4218 12.8184
v  -38.1471 0.4217 12.8265
v  -38.4837 0.4235 12.4058
v  -38.4971 0.4234 12.4171
v  -38.9683 0.4249 11.8282
v  -38.9849 0.4248 11.8421
v  -39.5915 0.4260 11.0856
v  -39.6105 0.4259 11.1015
v  -40.3531 0.4268 10.1779
v  -40.3739 0.4267 10.1953
v  -41.2750 0.4271 9.1234
v  -37.9394 0.4196 13.0741
v  -38.1555 0.4215 12.8336
v  -38.5088 0.4231 12.4269
v  -38.9993 0.4245 11.8542
v  -39.6270 0.4255 11.1153
v  -40.3918 0.4262 10.2103
v  -41.2939 0.4267 9.1392
v  -42.3331 0.4268 7.9020
v  -37.9432 0.4194 13.0773
v  -38.1626 0.4212 12.8395
v  -38.5187 0.4227 12.4352
v  -39.0115 0.4239 11.8644
v  -39.6409 0.4248 11.1270
v  -40.4070 0.4255 10.2231
v  -41.3099 0.4259 9.1526
v  -42.3494 0.4260 7.9156
v  -37.9463 0.4192 13.0799
v  -38.1684 0.4207 12.8444
v  -38.5268 0.4220 12.4420
v  -39.0214 0.4231 11.8728
v  -39.6523 0.4239 11.1366
v  -40.4195 0.4245 10.2335
v  -41.3229 0.4248 9.1636
v  -42.3626 0.4249 7.9268
v  -37.9487 0.4188 13.0819
v  -38.1729 0.4201 12.8482
v  -38.5331 0.4211 12.4473
v  -39.0291 0.4220 11.8792
v  -39.6612 0.4227 11.1440
v  -40.4292 0.4231 10.2417
v  -41.3331 0.4234 9.1721
v  -42.3729 0.4235 7.9354
v  -37.9505 0.4184 13.0834
v  -38.1762 0.4193 12.8509
v  -38.5376 0.4201 12.4511
v  -39.0347 0.4207 11.8839
v  -39.6675 0.4212 11.1494
v  -40.4361 0.4215 10.2475
v  -41.3403 0.4217 9.1782
v  -42.3803 0.4218 7.9416
v  -38.1781 0.4184 12.8525
v  -38.5402 0.4188 12.4533
v  -39.0380 0.4192 11.8867
v  -39.6713 0.4194 11.1525
v  -40.4402 0.4196 10.2509
v  -41.3447 0.4197 9.1819
v  -42.3847 0.4198 7.9453
v  -38.1787 0.4174 12.8531
v  -38.5411 0.4174 12.4541
v  -39.0391 0.4174 11.8876
v  -39.6726 0.4174 11.1536
v  -40.4416 0.4174 10.2521
# 328 vertices

vn -0.4407 -0.6997 -0.5622
vn -0.3794 -0.6896 -0.6169
vn -0.2643 -0.6853 -0.6786
vn -0.1124 -0.6817 -0.7229
vn 0.0639 -0.6802 -0.7302
vn 0.2363 -0.6817 -0.6924
vn 0.3781 -0.6853 -0.6224
vn 0.4808 -0.6895 -0.5417
vn 0.5317 -0.6997 -0.4772
vn 0.5622 -0.6997 -0.4407
vn 0.6169 -0.6895 -0.3795
vn 0.6786 -0.6853 -0.2643
vn 0.7229 -0.6817 -0.1124
vn 0.7302 -0.6802 0.0639
vn 0.6924 -0.6817 0.2363
vn 0.6224 -0.6853 0.3781
vn 0.5416 -0.6896 0.4808
vn 0.4772 -0.6997 0.5317
vn 0.4407 -0.6997 0.5622
vn 0.3794 -0.6896 0.6169
vn 0.2643 -0.6853 0.6786
vn 0.1124 -0.6817 0.7229
vn -0.0639 -0.6802 0.7302
vn -0.2363 -0.6817 0.6924
vn -0.3781 -0.6853 0.6224
vn -0.4808 -0.6895 0.5417
vn -0.5317 -0.6997 0.4772
vn -0.5622 -0.6997 0.4407
vn -0.6169 -0.6895 0.3795
vn -0.6786 -0.6853 0.2643
vn -0.7229 -0.6817 0.1124
vn -0.7302 -0.6802 -0.0639
vn -0.6924 -0.6817 -0.2363
vn -0.6224 -0.6853 -0.3781
vn -0.5416 -0.6896 -0.4808
vn -0.4772 -0.6997 -0.5317
vn 0.0041 0.9989 -0.0468
vn -0.0468 0.9989 -0.0041
vn -0.0041 0.9989 0.0468
vn 0.0468 0.9989 0.0041
vn -0.6675 0.0332 -0.7438
vn -0.6219 0.0267 -0.7826
vn -0.7438 0.0332 0.6675
vn -0.7826 0.0267 0.6219
vn 0.6675 0.0332 0.7438
vn 0.6219 0.0267 0.7826
vn 0.7438 0.0332 -0.6675
vn 0.7826 0.0267 -0.6219
vn -0.5226 0.0214 -0.8523
vn -0.5225 0.0050 -0.8526
vn -0.8523 0.0214 0.5226
vn -0.8526 0.0050 0.5225
vn 0.8523 0.0214 -0.5226
vn 0.8526 0.0050 -0.5225
vn 0.5226 0.0214 0.8523
vn 0.5225 0.0050 0.8526
vn -0.0686 0.9888 -0.1328
vn -0.1196 0.9887 -0.0905
vn -0.1328 0.9888 0.0686
vn -0.0905 0.9887 0.1196
vn 0.0686 0.9888 0.1328
vn 0.1196 0.9887 0.0905
vn 0.1328 0.9888 -0.0686
vn 0.0905 0.9887 -0.1196
vn -0.7473 0.0329 -0.6637
vn -0.6637 0.0329 0.7473
vn 0.7473 0.0329 0.6637
vn -0.6319 0.1478 -0.7608
vn -0.6192 0.1475 -0.7712
vn -0.6000 0.3228 -0.7319
vn -0.5725 0.3198 -0.7550
vn -0.5360 0.5192 -0.6657
vn -0.4918 0.5133 -0.7033
vn -0.4355 0.7082 -0.5557
vn -0.3752 0.6999 -0.6077
vn -0.3100 0.8560 -0.4137
vn -0.2369 0.8463 -0.4771
vn -0.1817 0.9468 -0.2655
vn -0.1005 0.9366 -0.3356
vn 0.0167 0.9785 -0.2055
vn -0.6001 0.1396 -0.7876
vn -0.5315 0.3022 -0.7913
vn -0.4265 0.4858 -0.7630
vn -0.2859 0.6645 -0.6904
vn -0.1277 0.8064 -0.5774
vn 0.0225 0.8949 -0.4457
vn 0.1474 0.9363 -0.3187
vn 0.2239 0.9465 -0.2325
vn -0.5789 0.1243 -0.8059
vn -0.4865 0.2688 -0.8313
vn -0.3546 0.4331 -0.8287
vn -0.1872 0.5947 -0.7818
vn -0.0061 0.7247 -0.6890
vn 0.1601 0.8068 -0.5687
vn 0.2941 0.8455 -0.4457
vn 0.3738 0.8551 -0.3592
vn -0.5581 0.1018 -0.8235
vn -0.4421 0.2202 -0.8695
vn -0.2835 0.3554 -0.8907
vn -0.0895 0.4892 -0.8676
vn 0.1138 0.5974 -0.7938
vn 0.2948 0.6662 -0.6850
vn 0.4365 0.6987 -0.5668
vn 0.5187 0.7067 -0.4812
vn -0.5408 0.0745 -0.8379
vn -0.4044 0.1617 -0.9002
vn -0.2228 0.2610 -0.9393
vn -0.0068 0.3591 -0.9333
vn 0.2134 0.4383 -0.8732
vn 0.4042 0.4882 -0.7735
vn 0.5498 0.5117 -0.6602
vn 0.6326 0.5173 -0.5764
vn -0.5288 0.0466 -0.8474
vn -0.3778 0.1015 -0.9203
vn -0.1798 0.1638 -0.9700
vn 0.0509 0.2247 -0.9731
vn 0.2806 0.2734 -0.9201
vn 0.4754 0.3037 -0.8257
vn 0.6212 0.3178 -0.7163
vn 0.7031 0.3210 -0.6345
vn -0.3633 0.0467 -0.9305
vn -0.1563 0.0754 -0.9848
vn 0.0819 0.1032 -0.9913
vn 0.3155 0.1252 -0.9406
vn 0.5107 0.1387 -0.8485
vn 0.6553 0.1449 -0.7414
vn 0.7358 0.1462 -0.6612
vn -0.3611 0.0108 -0.9325
vn -0.1516 0.0173 -0.9883
vn 0.0890 0.0236 -0.9958
vn 0.3240 0.0285 -0.9456
vn 0.5195 0.0315 -0.8539
vn 0.6637 0.0329 -0.7473
vn -0.7608 0.1478 0.6319
vn -0.7712 0.1475 0.6192
vn -0.7319 0.3228 0.6000
vn -0.7550 0.3198 0.5725
vn -0.6657 0.5192 0.5360
vn -0.7033 0.5133 0.4918
vn -0.5557 0.7082 0.4355
vn -0.6077 0.6999 0.3752
vn -0.4137 0.8560 0.3099
vn -0.4771 0.8463 0.2369
vn -0.2655 0.9468 0.1817
vn -0.3356 0.9366 0.1005
vn -0.2055 0.9785 -0.0167
vn -0.7876 0.1396 0.6001
vn -0.7913 0.3022 0.5315
vn -0.7630 0.4858 0.4265
vn -0.6904 0.6645 0.2859
vn -0.5774 0.8064 0.1277
vn -0.4457 0.8949 -0.0225
vn -0.3187 0.9363 -0.1474
vn -0.2325 0.9465 -0.2239
vn -0.8059 0.1243 0.5789
vn -0.8313 0.2688 0.4865
vn -0.8287 0.4331 0.3546
vn -0.7818 0.5947 0.1872
vn -0.6890 0.7247 0.0061
vn -0.5687 0.8068 -0.1601
vn -0.4456 0.8455 -0.2941
vn -0.3592 0.8551 -0.3738
vn -0.8235 0.1018 0.5581
vn -0.8695 0.2202 0.4421
vn -0.8907 0.3554 0.2835
vn -0.8676 0.4892 0.0895
vn -0.7938 0.5974 -0.1138
vn -0.6850 0.6662 -0.2948
vn -0.5669 0.6987 -0.4364
vn -0.4812 0.7067 -0.5187
vn -0.8379 0.0745 0.5408
vn -0.9002 0.1617 0.4044
vn -0.9393 0.2610 0.2228
vn -0.9333 0.3591 0.0068
vn -0.8732 0.4382 -0.2134
vn -0.7735 0.4882 -0.4042
vn -0.6602 0.5117 -0.5498
vn -0.5764 0.5173 -0.6326
vn -0.8474 0.0466 0.5288
vn -0.9203 0.1015 0.3778
vn -0.9700 0.1638 0.1798
vn -0.9731 0.2247 -0.0509
vn -0.9201 0.2734 -0.2806
vn -0.8257 0.3037 -0.4754
vn -0.7163 0.3178 -0.6212
vn -0.6345 0.3210 -0.7031
vn -0.9305 0.0467 0.3633
vn -0.9848 0.0754 0.1563
vn -0.9913 0.1032 -0.0819
vn -0.9406 0.1252 -0.3155
vn -0.8485 0.1387 -0.5107
vn -0.7414 0.1449 -0.6553
vn -0.6612 0.1462 -0.7358
vn -0.9325 0.0108 0.3611
vn -0.9883 0.0173 0.1516
vn -0.9958 0.0236 -0.0890
vn -0.9456 0.0285 -0.3240
vn -0.8539 0.0315 -0.5195
vn 0.7608 0.1478 -0.6319
vn 0.7712 0.1475 -0.6192
vn 0.7319 0.3228 -0.6000
vn 0.7550 0.3198 -0.5725
vn 0.6657 0.5192 -0.5360
vn 0.7033 0.5133 -0.4918
vn 0.5557 0.7082 -0.4355
vn 0.6077 0.6999 -0.3752
vn 0.4137 0.8560 -0.3099
vn 0.4771 0.8463 -0.2369
vn 0.2655 0.9468 -0.1817
vn 0.3356 0.9366 -0.1005
vn 0.2055 0.9785 0.0167
vn 0.7876 0.1396 -0.6001
vn 0.7913 0.3022 -0.5315
vn 0.7630 0.4858 -0.4265
vn 0.6904 0.6645 -0.2859
vn 0.5774 0.8064 -0.1277
vn 0.4457 0.8949 0.0225
vn 0.3187 0.9363 0.1474
vn 0.2325 0.9465 0.2239
vn 0.8059 0.1243 -0.5789
vn 0.8313 0.2688 -0.4865
vn 0.8287 0.4331 -0.3546
vn 0.7818 0.5947 -0.1872
vn 0.6890 0.7247 -0.0061
vn 0.5687 0.8068 0.1601
vn 0.4456 0.8455 0.2941
vn 0.3592 0.8551 0.3738
vn 0.8235 0.1018 -0.5581
vn 0.8695 0.2202 -0.4421
vn 0.8907 0.3554 -0.2835
vn 0.8676 0.4892 -0.0895
vn 0.7938 0.5974 0.1138
vn 0.6850 0.6662 0.2948
vn 0.5669 0.6987 0.4364
vn 0.4812 0.7067 0.5187
vn 0.8379 0.0745 -0.5408
vn 0.9002 0.1617 -0.4044
vn 0.9393 0.2610 -0.2228
vn 0.9333 0.3591 -0.0068
vn 0.8732 0.4382 0.2134
vn 0.7735 0.4882 0.4042
vn 0.6602 0.5117 0.5498
vn 0.5764 0.5173 0.6326
vn 0.8474 0.0466 -0.5288
vn 0.9203 0.1015 -0.3778
vn 0.9700 0.1638 -0.1798
vn 0.9731 0.2247 0.0509
vn 0.9201 0.2734 0.2806
vn 0.8257 0.3037 0.4754
vn 0.7163 0.3178 0.6212
vn 0.6345 0.3210 0.7031
vn 0.9305 0.0467 -0.3633
vn 0.9848 0.0754 -0.1563
vn 0.9913 0.1032 0.0819
vn 0.9406 0.1252 0.3155
vn 0.8485 0.1387 0.5107
vn 0.7414 0.1449 0.6553
vn 0.6612 0.1462 0.7358
vn 0.9325 0.0108 -0.3611
vn 0.9883 0.0173 -0.1516
vn 0.9958 0.0236 0.0890
vn 0.9456 0.0285 0.3240
vn 0.8539 0.0315 0.5195
vn 0.6319 0.1478 0.7608
vn 0.6192 0.1475 0.7712
vn 0.6000 0.3228 0.7319
vn 0.5725 0.3198 0.7550
vn 0.5360 0.5192 0.6657
vn 0.4918 0.5133 0.7033
vn 0.4355 0.7082 0.5557
vn 0.3752 0.6999 0.6077
vn 0.3100 0.8560 0.4137
vn 0.2369 0.8463 0.4771
vn 0.1817 0.9468 0.2655
vn 0.1005 0.9366 0.3356
vn -0.0167 0.9785 0.2055
vn 0.6001 0.1396 0.7876
vn 0.5315 0.3022 0.7913
vn 0.4265 0.4858 0.7630
vn 0.2859 0.6645 0.6904
vn 0.1277 0.8064 0.5774
vn -0.0225 0.8949 0.4457
vn -0.1474 0.9363 0.3187
vn -0.2239 0.9465 0.2325
vn 0.5789 0.1243 0.8059
vn 0.4865 0.2688 0.8313
vn 0.3546 0.4331 0.8287
vn 0.1872 0.5947 0.7818
vn 0.0061 0.7247 0.6890
vn -0.1601 0.8068 0.5687
vn -0.2941 0.8455 0.4457
vn -0.3738 0.8551 0.3592
vn 0.5581 0.1018 0.8235
vn 0.4421 0.2202 0.8695
vn 0.2835 0.3554 0.8907
vn 0.0895 0.4892 0.8676
vn -0.1138 0.5974 0.7938
vn -0.2948 0.6662 0.6850
vn -0.4365 0.6987 0.5668
vn -0.5187 0.7067 0.4812
vn 0.5408 0.0745 0.8379
vn 0.4044 0.1617 0.9002
vn 0.2228 0.2610 0.9393
vn 0.0068 0.3591 0.9333
vn -0.2134 0.4383 0.8732
vn -0.4042 0.4882 0.7735
vn -0.5498 0.5117 0.6602
vn -0.6326 0.5173 0.5764
vn 0.5288 0.0466 0.8474
vn 0.3778 0.1015 0.9203
vn 0.1798 0.1638 0.9700
vn -0.0509 0.2247 0.9731
vn -0.2806 0.2734 0.9201
vn -0.4754 0.3037 0.8257
vn -0.6212 0.3178 0.7163
vn -0.7031 0.3210 0.6345
vn 0.3633 0.0467 0.9305
vn 0.1563 0.0754 0.9848
vn -0.0819 0.1032 0.9913
vn -0.3155 0.1252 0.9406
vn -0.5107 0.1387 0.8485
vn -0.6553 0.1449 0.7414
vn -0.7358 0.1462 0.6612
vn 0.3611 0.0108 0.9325
vn 0.1516 0.0173 0.9883
vn -0.0890 0.0236 0.9958
vn -0.3240 0.0285 0.9456
vn -0.5195 0.0315 0.8539
# 328 vertex normals

vt 0.9011 0.0000 0.0000
vt 0.9243 0.0044 0.0000
vt 0.9444 0.0176 0.0000
vt 0.9614 0.0397 0.0000
vt 0.9753 0.0705 0.0000
vt 0.9861 0.1102 0.0000
vt 0.9938 0.1586 0.0000
vt 0.9985 0.2159 0.0000
vt 1.0000 0.2820 0.0000
vt 1.0000 0.7180 0.0000
vt 0.9985 0.7841 0.0000
vt 0.9938 0.8414 0.0000
vt 0.9861 0.8898 0.0000
vt 0.9753 0.9295 0.0000
vt 0.9614 0.9603 0.0000
vt 0.9444 0.9824 0.0000
vt 0.9243 0.9956 0.0000
vt 0.9011 1.0000 0.0000
vt 0.0989 1.0000 0.0000
vt 0.0757 0.9956 0.0000
vt 0.0556 0.9824 0.0000
vt 0.0386 0.9603 0.0000
vt 0.0247 0.9295 0.0000
vt 0.0139 0.8898 0.0000
vt 0.0062 0.8414 0.0000
vt 0.0015 0.7841 0.0000
vt 0.0000 0.7180 0.0000
vt 0.0000 0.2820 0.0000
vt 0.0015 0.2159 0.0000
vt 0.0062 0.1586 0.0000
vt 0.0139 0.1102 0.0000
vt 0.0247 0.0705 0.0000
vt 0.0386 0.0397 0.0000
vt 0.0556 0.0176 0.0000
vt 0.0757 0.0044 0.0000
vt 0.0989 0.0000 0.0000
vt 0.0989 0.2820 0.0000
vt 0.9011 0.2820 0.0000
vt 0.9011 0.7180 0.0000
vt 0.0989 0.7180 0.0000
vt 0.9011 0.9876 0.0000
vt 0.0989 0.9876 0.0000
vt 0.2820 0.0000 0.0000
vt 0.7180 0.0000 0.0000
vt 0.7180 0.9876 0.0000
vt 0.2820 0.9876 0.0000
vt 0.0000 1.0000 0.0000
vt 0.0989 1.2636 0.0000
vt 0.0989 1.2291 0.0000
vt 0.9011 1.2291 0.0000
vt 0.9011 1.2636 0.0000
vt 0.2820 0.5888 0.0000
vt 0.2820 0.6387 0.0000
vt 0.7180 0.6387 0.0000
vt 0.7180 0.5888 0.0000
vt 0.0858 -0.0039 0.0000
vt 0.1103 -0.0034 0.0000
vt 0.1124 0.9842 0.0000
vt 0.0882 0.9837 0.0000
vt 0.9118 0.9837 0.0000
vt 0.8876 0.9842 0.0000
vt 0.8897 -0.0034 0.0000
vt 0.9142 -0.0039 0.0000
vt 0.2443 -0.0106 0.0000
vt 0.2261 -0.0092 0.0000
vt 0.2204 0.9786 0.0000
vt 0.2378 0.9773 0.0000
vt 0.0730 0.9914 0.0000
vt 0.0448 0.9966 0.0000
vt 0.0143 1.0032 0.0000
vt -0.0186 1.0113 0.0000
vt -0.0537 1.0207 0.0000
vt -0.0912 1.0315 0.0000
vt -0.1310 1.0438 0.0000
vt -0.1732 1.0574 0.0000
vt -0.1353 1.0420 0.0000
vt -0.1082 1.0243 0.0000
vt -0.0920 1.0044 0.0000
vt -0.0866 0.9824 0.0000
vt -0.0920 0.9581 0.0000
vt -0.1082 0.9316 0.0000
vt -0.1353 0.9029 0.0000
vt -0.1732 0.8720 0.0000
vt 0.2188 0.9928 0.0000
vt 0.1702 1.0022 0.0000
vt 0.1362 1.0157 0.0000
vt 0.1168 1.0334 0.0000
vt 0.1121 1.0552 0.0000
vt 0.1219 1.0813 0.0000
vt 0.1463 1.1115 0.0000
vt 0.1854 1.1458 0.0000
vt 0.1411 1.1107 0.0000
vt 0.1009 1.0783 0.0000
vt 0.0648 1.0486 0.0000
vt 0.0328 1.0215 0.0000
vt 0.0049 0.9971 0.0000
vt -0.0189 0.9755 0.0000
vt -0.0387 0.9565 0.0000
vt -0.0543 0.9402 0.0000
vt 0.0989 1.1946 0.0000
vt 0.9011 1.1946 0.0000
vt 0.0989 1.1601 0.0000
vt 0.9011 1.1601 0.0000
vt 0.0989 1.1256 0.0000
vt 0.9011 1.1256 0.0000
vt 0.0989 1.0911 0.0000
vt 0.9011 1.0911 0.0000
vt 0.0989 1.0566 0.0000
vt 0.9011 1.0566 0.0000
vt 0.0989 1.0221 0.0000
vt 0.9011 1.0221 0.0000
vt 0.2820 0.6885 0.0000
vt 0.7180 0.6885 0.0000
vt 0.2820 0.7384 0.0000
vt 0.7180 0.7384 0.0000
vt 0.2820 0.7882 0.0000
vt 0.7180 0.7882 0.0000
vt 0.2820 0.8381 0.0000
vt 0.7180 0.8381 0.0000
vt 0.2820 0.8879 0.0000
vt 0.7180 0.8879 0.0000
vt 0.2820 0.9378 0.0000
vt 0.7180 0.9378 0.0000
vt 0.1349 -0.0029 0.0000
vt 0.1366 0.9847 0.0000
vt 0.1594 -0.0024 0.0000
vt 0.1609 0.9852 0.0000
vt 0.1839 -0.0020 0.0000
vt 0.1851 0.9857 0.0000
vt 0.2084 -0.0015 0.0000
vt 0.2093 0.9862 0.0000
vt 0.2330 -0.0010 0.0000
vt 0.2336 0.9867 0.0000
vt 0.2575 -0.0005 0.0000
vt 0.2578 0.9871 0.0000
vt 0.8634 0.9847 0.0000
vt 0.8651 -0.0029 0.0000
vt 0.8391 0.9852 0.0000
vt 0.8406 -0.0024 0.0000
vt 0.8149 0.9857 0.0000
vt 0.8161 -0.0020 0.0000
vt 0.7907 0.9862 0.0000
vt 0.7916 -0.0015 0.0000
vt 0.7664 0.9867 0.0000
vt 0.7670 -0.0010 0.0000
vt 0.7422 0.9871 0.0000
vt 0.7425 -0.0005 0.0000
vt 0.2079 -0.0079 0.0000
vt 0.2031 0.9799 0.0000
vt 0.1898 -0.0066 0.0000
vt 0.1857 0.9812 0.0000
vt 0.1716 -0.0053 0.0000
vt 0.1684 0.9825 0.0000
vt 0.1534 -0.0040 0.0000
vt 0.1510 0.9838 0.0000
vt 0.1353 -0.0026 0.0000
vt 0.1336 0.9851 0.0000
vt 0.1171 -0.0013 0.0000
vt 0.1163 0.9863 0.0000
# 159 texture coords

o Box045
g Box045
usemtl wire_062062062
s 1
f 4921/2386/4921 4922/2387/4922 4923/2388/4923 4924/2389/4924 4925/2390/4925 4926/2391/4926 4927/2392/4927 4928/2393/4928 4929/2394/4929 4930/2395/4930 4931/2396/4931 4932/2397/4932 4933/2398/4933 4934/2399/4934 4935/2400/4935 4936/2401/4936 4937/2402/4937 4938/2403/4938 4939/2404/4939 4940/2405/4940 4941/2406/4941 4942/2407/4942 4943/2408/4943 4944/2409/4944 4945/2410/4945 4946/2411/4946 4947/2412/4947 4948/2413/4948 4949/2414/4949 4950/2415/4950 4951/2416/4951 4952/2417/4952 4953/2418/4953 4954/2419/4954 4955/2420/4955 4956/2421/4956 
s 2
f 4957/2422/4957 4958/2423/4958 4959/2424/4959 4960/2425/4960 
f 4921/2421/4921 4956/2386/4956 4961/2426/4961 4962/2427/4962 
f 4948/2428/4948 4947/2429/4947 4963/2430/4963 4964/2431/4964 
f 4939/2421/4939 4938/2386/4938 4965/2426/4965 4966/2427/4966 
f 4930/2428/4930 4929/2429/4929 4967/2430/4967 4968/2431/4968 
f 4962/2427/4962 4969/2432/4969 4970/2432/4970 
f 4964/2431/4964 4971/2432/4971 4972/2432/4972 
f 4968/2431/4968 4973/2432/4973 4974/2432/4974 
f 4966/2427/4966 4975/2432/4975 4976/2432/4976 
f 4957/2433/4957 4977/2434/4977 4978/2435/4978 4958/2436/4958 
f 4958/2437/4958 4979/2438/4979 4980/2439/4980 4959/2440/4959 
f 4959/2433/4959 4981/2434/4981 4982/2435/4982 4960/2436/4960 
f 4960/2437/4960 4983/2438/4983 4984/2439/4984 4957/2440/4957 
f 4956/2441/4956 4955/2442/4955 4985/2443/4985 4961/2444/4961 
f 4962/2445/4962 4970/2446/4970 4922/2447/4922 4921/2448/4921 
f 4947/2449/4947 4946/2450/4946 4986/2451/4986 4963/2452/4963 
f 4938/2441/4938 4937/2442/4937 4987/2443/4987 4965/2444/4965 
f 4962/2427/4962 4988/2453/4988 4989/2432/4989 
f 4988/2453/4988 4990/2454/4990 4991/2432/4991 4989/2432/4989 
f 4990/2454/4990 4992/2455/4992 4993/2432/4993 4991/2432/4991 
f 4992/2455/4992 4994/2456/4994 4995/2432/4995 4993/2432/4993 
f 4994/2456/4994 4996/2457/4996 4997/2432/4997 4995/2432/4995 
f 4996/2457/4996 4998/2458/4998 4999/2432/4999 4997/2432/4997 
f 4998/2458/4998 4977/2459/4977 5000/2432/5000 4999/2432/4999 
f 4977/2459/4977 4957/2460/4957 4984/2461/4984 5000/2432/5000 
f 4962/2427/4962 4989/2432/4989 5001/2432/5001 
f 4989/2432/4989 4991/2432/4991 5002/2432/5002 5001/2432/5001 
f 4991/2432/4991 4993/2432/4993 5003/2432/5003 5002/2432/5002 
f 4993/2432/4993 4995/2432/4995 5004/2432/5004 5003/2432/5003 
f 4995/2432/4995 4997/2432/4997 5005/2432/5005 5004/2432/5004 
f 4997/2432/4997 4999/2432/4999 5006/2432/5006 5005/2432/5005 
f 4999/2432/4999 5000/2432/5000 5007/2432/5007 5006/2432/5006 
f 5000/2432/5000 4984/2461/4984 5008/2462/5008 5007/2432/5007 
f 4962/2427/4962 5001/2432/5001 5009/2432/5009 
f 5001/2432/5001 5002/2432/5002 5010/2432/5010 5009/2432/5009 
f 5002/2432/5002 5003/2432/5003 5011/2432/5011 5010/2432/5010 
f 5003/2432/5003 5004/2432/5004 5012/2432/5012 5011/2432/5011 
f 5004/2432/5004 5005/2432/5005 5013/2432/5013 5012/2432/5012 
f 5005/2432/5005 5006/2432/5006 5014/2432/5014 5013/2432/5013 
f 5006/2432/5006 5007/2432/5007 5015/2432/5015 5014/2432/5014 
f 5007/2432/5007 5008/2462/5008 5016/2463/5016 5015/2432/5015 
f 4962/2427/4962 5009/2432/5009 5017/2432/5017 
f 5009/2432/5009 5010/2432/5010 5018/2432/5018 5017/2432/5017 
f 5010/2432/5010 5011/2432/5011 5019/2432/5019 5018/2432/5018 
f 5011/2432/5011 5012/2432/5012 5020/2432/5020 5019/2432/5019 
f 5012/2432/5012 5013/2432/5013 5021/2432/5021 5020/2432/5020 
f 5013/2432/5013 5014/2432/5014 5022/2432/5022 5021/2432/5021 
f 5014/2432/5014 5015/2432/5015 5023/2432/5023 5022/2432/5022 
f 5015/2432/5015 5016/2463/5016 5024/2464/5024 5023/2432/5023 
f 4962/2427/4962 5017/2432/5017 5025/2432/5025 
f 5017/2432/5017 5018/2432/5018 5026/2432/5026 5025/2432/5025 
f 5018/2432/5018 5019/2432/5019 5027/2432/5027 5026/2432/5026 
f 5019/2432/5019 5020/2432/5020 5028/2432/5028 5027/2432/5027 
f 5020/2432/5020 5021/2432/5021 5029/2432/5029 5028/2432/5028 
f 5021/2432/5021 5022/2432/5022 5030/2432/5030 5029/2432/5029 
f 5022/2432/5022 5023/2432/5023 5031/2432/5031 5030/2432/5030 
f 5023/2432/5023 5024/2464/5024 5032/2465/5032 5031/2432/5031 
f 4962/2427/4962 5025/2432/5025 5033/2432/5033 
f 5025/2432/5025 5026/2432/5026 5034/2432/5034 5033/2432/5033 
f 5026/2432/5026 5027/2432/5027 5035/2432/5035 5034/2432/5034 
f 5027/2432/5027 5028/2432/5028 5036/2432/5036 5035/2432/5035 
f 5028/2432/5028 5029/2432/5029 5037/2432/5037 5036/2432/5036 
f 5029/2432/5029 5030/2432/5030 5038/2432/5038 5037/2432/5037 
f 5030/2432/5030 5031/2432/5031 5039/2432/5039 5038/2432/5038 
f 5031/2432/5031 5032/2465/5032 5040/2466/5040 5039/2432/5039 
f 4962/2427/4962 5033/2432/5033 4969/2432/4969 
f 5033/2432/5033 5034/2432/5034 5041/2432/5041 4969/2432/4969 
f 5034/2432/5034 5035/2432/5035 5042/2432/5042 5041/2432/5041 
f 5035/2432/5035 5036/2432/5036 5043/2432/5043 5042/2432/5042 
f 5036/2432/5036 5037/2432/5037 5044/2432/5044 5043/2432/5043 
f 5037/2432/5037 5038/2432/5038 5045/2432/5045 5044/2432/5044 
f 5038/2432/5038 5039/2432/5039 5046/2432/5046 5045/2432/5045 
f 5039/2432/5039 5040/2466/5040 5047/2467/5047 5046/2432/5046 
f 4969/2432/4969 5041/2432/5041 5048/2432/5048 4970/2432/4970 
f 5041/2432/5041 5042/2432/5042 5049/2432/5049 5048/2432/5048 
f 5042/2432/5042 5043/2432/5043 5050/2432/5050 5049/2432/5049 
f 5043/2432/5043 5044/2432/5044 5051/2432/5051 5050/2432/5050 
f 5044/2432/5044 5045/2432/5045 5052/2432/5052 5051/2432/5051 
f 5045/2432/5045 5046/2432/5046 5053/2432/5053 5052/2432/5052 
f 5046/2432/5046 5047/2467/5047 4967/2468/4967 5053/2432/5053 
f 4964/2431/4964 5054/2469/5054 5055/2432/5055 
f 5054/2469/5054 5056/2470/5056 5057/2432/5057 5055/2432/5055 
f 5056/2470/5056 5058/2471/5058 5059/2432/5059 5057/2432/5057 
f 5058/2471/5058 5060/2472/5060 5061/2432/5061 5059/2432/5059 
f 5060/2472/5060 5062/2473/5062 5063/2432/5063 5061/2432/5061 
f 5062/2473/5062 5064/2474/5064 5065/2432/5065 5063/2432/5063 
f 5064/2474/5064 4979/2475/4979 5066/2432/5066 5065/2432/5065 
f 4979/2475/4979 4958/2476/4958 4978/2477/4978 5066/2432/5066 
f 4964/2431/4964 5055/2432/5055 5067/2432/5067 
f 5055/2432/5055 5057/2432/5057 5068/2432/5068 5067/2432/5067 
f 5057/2432/5057 5059/2432/5059 5069/2432/5069 5068/2432/5068 
f 5059/2432/5059 5061/2432/5061 5070/2432/5070 5069/2432/5069 
f 5061/2432/5061 5063/2432/5063 5071/2432/5071 5070/2432/5070 
f 5063/2432/5063 5065/2432/5065 5072/2432/5072 5071/2432/5071 
f 5065/2432/5065 5066/2432/5066 5073/2432/5073 5072/2432/5072 
f 5066/2432/5066 4978/2477/4978 5074/2478/5074 5073/2432/5073 
f 4964/2431/4964 5067/2432/5067 5075/2432/5075 
f 5067/2432/5067 5068/2432/5068 5076/2432/5076 5075/2432/5075 
f 5068/2432/5068 5069/2432/5069 5077/2432/5077 5076/2432/5076 
f 5069/2432/5069 5070/2432/5070 5078/2432/5078 5077/2432/5077 
f 5070/2432/5070 5071/2432/5071 5079/2432/5079 5078/2432/5078 
f 5071/2432/5071 5072/2432/5072 5080/2432/5080 5079/2432/5079 
f 5072/2432/5072 5073/2432/5073 5081/2432/5081 5080/2432/5080 
f 5073/2432/5073 5074/2478/5074 5082/2479/5082 5081/2432/5081 
f 4964/2431/4964 5075/2432/5075 5083/2432/5083 
f 5075/2432/5075 5076/2432/5076 5084/2432/5084 5083/2432/5083 
f 5076/2432/5076 5077/2432/5077 5085/2432/5085 5084/2432/5084 
f 5077/2432/5077 5078/2432/5078 5086/2432/5086 5085/2432/5085 
f 5078/2432/5078 5079/2432/5079 5087/2432/5087 5086/2432/5086 
f 5079/2432/5079 5080/2432/5080 5088/2432/5088 5087/2432/5087 
f 5080/2432/5080 5081/2432/5081 5089/2432/5089 5088/2432/5088 
f 5081/2432/5081 5082/2479/5082 5090/2480/5090 5089/2432/5089 
f 4964/2431/4964 5083/2432/5083 5091/2432/5091 
f 5083/2432/5083 5084/2432/5084 5092/2432/5092 5091/2432/5091 
f 5084/2432/5084 5085/2432/5085 5093/2432/5093 5092/2432/5092 
f 5085/2432/5085 5086/2432/5086 5094/2432/5094 5093/2432/5093 
f 5086/2432/5086 5087/2432/5087 5095/2432/5095 5094/2432/5094 
f 5087/2432/5087 5088/2432/5088 5096/2432/5096 5095/2432/5095 
f 5088/2432/5088 5089/2432/5089 5097/2432/5097 5096/2432/5096 
f 5089/2432/5089 5090/2480/5090 5098/2481/5098 5097/2432/5097 
f 4964/2431/4964 5091/2432/5091 5099/2432/5099 
f 5091/2432/5091 5092/2432/5092 5100/2432/5100 5099/2432/5099 
f 5092/2432/5092 5093/2432/5093 5101/2432/5101 5100/2432/5100 
f 5093/2432/5093 5094/2432/5094 5102/2432/5102 5101/2432/5101 
f 5094/2432/5094 5095/2432/5095 5103/2432/5103 5102/2432/5102 
f 5095/2432/5095 5096/2432/5096 5104/2432/5104 5103/2432/5103 
f 5096/2432/5096 5097/2432/5097 5105/2432/5105 5104/2432/5104 
f 5097/2432/5097 5098/2481/5098 5106/2482/5106 5105/2432/5105 
f 4964/2431/4964 5099/2432/5099 4971/2432/4971 
f 5099/2432/5099 5100/2432/5100 5107/2432/5107 4971/2432/4971 
f 5100/2432/5100 5101/2432/5101 5108/2432/5108 5107/2432/5107 
f 5101/2432/5101 5102/2432/5102 5109/2432/5109 5108/2432/5108 
f 5102/2432/5102 5103/2432/5103 5110/2432/5110 5109/2432/5109 
f 5103/2432/5103 5104/2432/5104 5111/2432/5111 5110/2432/5110 
f 5104/2432/5104 5105/2432/5105 5112/2432/5112 5111/2432/5111 
f 5105/2432/5105 5106/2482/5106 5113/2483/5113 5112/2432/5112 
f 4971/2432/4971 5107/2432/5107 5114/2432/5114 4972/2432/4972 
f 5107/2432/5107 5108/2432/5108 5115/2432/5115 5114/2432/5114 
f 5108/2432/5108 5109/2432/5109 5116/2432/5116 5115/2432/5115 
f 5109/2432/5109 5110/2432/5110 5117/2432/5117 5116/2432/5116 
f 5110/2432/5110 5111/2432/5111 5118/2432/5118 5117/2432/5117 
f 5111/2432/5111 5112/2432/5112 4985/2432/4985 5118/2432/5118 
f 5112/2432/5112 5113/2483/5113 4961/2484/4961 4985/2432/4985 
f 4968/2431/4968 5119/2469/5119 5120/2432/5120 
f 5119/2469/5119 5121/2470/5121 5122/2432/5122 5120/2432/5120 
f 5121/2470/5121 5123/2471/5123 5124/2432/5124 5122/2432/5122 
f 5123/2471/5123 5125/2472/5125 5126/2432/5126 5124/2432/5124 
f 5125/2472/5125 5127/2473/5127 5128/2432/5128 5126/2432/5126 
f 5127/2473/5127 5129/2474/5129 5130/2432/5130 5128/2432/5128 
f 5129/2474/5129 4983/2475/4983 5131/2432/5131 5130/2432/5130 
f 4983/2475/4983 4960/2476/4960 4982/2477/4982 5131/2432/5131 
f 4968/2431/4968 5120/2432/5120 5132/2432/5132 
f 5120/2432/5120 5122/2432/5122 5133/2432/5133 5132/2432/5132 
f 5122/2432/5122 5124/2432/5124 5134/2432/5134 5133/2432/5133 
f 5124/2432/5124 5126/2432/5126 5135/2432/5135 5134/2432/5134 
f 5126/2432/5126 5128/2432/5128 5136/2432/5136 5135/2432/5135 
f 5128/2432/5128 5130/2432/5130 5137/2432/5137 5136/2432/5136 
f 5130/2432/5130 5131/2432/5131 5138/2432/5138 5137/2432/5137 
f 5131/2432/5131 4982/2477/4982 5139/2478/5139 5138/2432/5138 
f 4968/2431/4968 5132/2432/5132 5140/2432/5140 
f 5132/2432/5132 5133/2432/5133 5141/2432/5141 5140/2432/5140 
f 5133/2432/5133 5134/2432/5134 5142/2432/5142 5141/2432/5141 
f 5134/2432/5134 5135/2432/5135 5143/2432/5143 5142/2432/5142 
f 5135/2432/5135 5136/2432/5136 5144/2432/5144 5143/2432/5143 
f 5136/2432/5136 5137/2432/5137 5145/2432/5145 5144/2432/5144 
f 5137/2432/5137 5138/2432/5138 5146/2432/5146 5145/2432/5145 
f 5138/2432/5138 5139/2478/5139 5147/2479/5147 5146/2432/5146 
f 4968/2431/4968 5140/2432/5140 5148/2432/5148 
f 5140/2432/5140 5141/2432/5141 5149/2432/5149 5148/2432/5148 
f 5141/2432/5141 5142/2432/5142 5150/2432/5150 5149/2432/5149 
f 5142/2432/5142 5143/2432/5143 5151/2432/5151 5150/2432/5150 
f 5143/2432/5143 5144/2432/5144 5152/2432/5152 5151/2432/5151 
f 5144/2432/5144 5145/2432/5145 5153/2432/5153 5152/2432/5152 
f 5145/2432/5145 5146/2432/5146 5154/2432/5154 5153/2432/5153 
f 5146/2432/5146 5147/2479/5147 5155/2480/5155 5154/2432/5154 
f 4968/2431/4968 5148/2432/5148 5156/2432/5156 
f 5148/2432/5148 5149/2432/5149 5157/2432/5157 5156/2432/5156 
f 5149/2432/5149 5150/2432/5150 5158/2432/5158 5157/2432/5157 
f 5150/2432/5150 5151/2432/5151 5159/2432/5159 5158/2432/5158 
f 5151/2432/5151 5152/2432/5152 5160/2432/5160 5159/2432/5159 
f 5152/2432/5152 5153/2432/5153 5161/2432/5161 5160/2432/5160 
f 5153/2432/5153 5154/2432/5154 5162/2432/5162 5161/2432/5161 
f 5154/2432/5154 5155/2480/5155 5163/2481/5163 5162/2432/5162 
f 4968/2431/4968 5156/2432/5156 5164/2432/5164 
f 5156/2432/5156 5157/2432/5157 5165/2432/5165 5164/2432/5164 
f 5157/2432/5157 5158/2432/5158 5166/2432/5166 5165/2432/5165 
f 5158/2432/5158 5159/2432/5159 5167/2432/5167 5166/2432/5166 
f 5159/2432/5159 5160/2432/5160 5168/2432/5168 5167/2432/5167 
f 5160/2432/5160 5161/2432/5161 5169/2432/5169 5168/2432/5168 
f 5161/2432/5161 5162/2432/5162 5170/2432/5170 5169/2432/5169 
f 5162/2432/5162 5163/2481/5163 5171/2482/5171 5170/2432/5170 
f 4968/2431/4968 5164/2432/5164 4973/2432/4973 
f 5164/2432/5164 5165/2432/5165 5172/2432/5172 4973/2432/4973 
f 5165/2432/5165 5166/2432/5166 5173/2432/5173 5172/2432/5172 
f 5166/2432/5166 5167/2432/5167 5174/2432/5174 5173/2432/5173 
f 5167/2432/5167 5168/2432/5168 5175/2432/5175 5174/2432/5174 
f 5168/2432/5168 5169/2432/5169 5176/2432/5176 5175/2432/5175 
f 5169/2432/5169 5170/2432/5170 5177/2432/5177 5176/2432/5176 
f 5170/2432/5170 5171/2482/5171 5178/2483/5178 5177/2432/5177 
f 4973/2432/4973 5172/2432/5172 5179/2432/5179 4974/2432/4974 
f 5172/2432/5172 5173/2432/5173 5180/2432/5180 5179/2432/5179 
f 5173/2432/5173 5174/2432/5174 5181/2432/5181 5180/2432/5180 
f 5174/2432/5174 5175/2432/5175 5182/2432/5182 5181/2432/5181 
f 5175/2432/5175 5176/2432/5176 5183/2432/5183 5182/2432/5182 
f 5176/2432/5176 5177/2432/5177 4987/2432/4987 5183/2432/5183 
f 5177/2432/5177 5178/2483/5178 4965/2484/4965 4987/2432/4987 
f 4966/2427/4966 5184/2453/5184 5185/2432/5185 
f 5184/2453/5184 5186/2454/5186 5187/2432/5187 5185/2432/5185 
f 5186/2454/5186 5188/2455/5188 5189/2432/5189 5187/2432/5187 
f 5188/2455/5188 5190/2456/5190 5191/2432/5191 5189/2432/5189 
f 5190/2456/5190 5192/2457/5192 5193/2432/5193 5191/2432/5191 
f 5192/2457/5192 5194/2458/5194 5195/2432/5195 5193/2432/5193 
f 5194/2458/5194 4981/2459/4981 5196/2432/5196 5195/2432/5195 
f 4981/2459/4981 4959/2460/4959 4980/2461/4980 5196/2432/5196 
f 4966/2427/4966 5185/2432/5185 5197/2432/5197 
f 5185/2432/5185 5187/2432/5187 5198/2432/5198 5197/2432/5197 
f 5187/2432/5187 5189/2432/5189 5199/2432/5199 5198/2432/5198 
f 5189/2432/5189 5191/2432/5191 5200/2432/5200 5199/2432/5199 
f 5191/2432/5191 5193/2432/5193 5201/2432/5201 5200/2432/5200 
f 5193/2432/5193 5195/2432/5195 5202/2432/5202 5201/2432/5201 
f 5195/2432/5195 5196/2432/5196 5203/2432/5203 5202/2432/5202 
f 5196/2432/5196 4980/2461/4980 5204/2462/5204 5203/2432/5203 
f 4966/2427/4966 5197/2432/5197 5205/2432/5205 
f 5197/2432/5197 5198/2432/5198 5206/2432/5206 5205/2432/5205 
f 5198/2432/5198 5199/2432/5199 5207/2432/5207 5206/2432/5206 
f 5199/2432/5199 5200/2432/5200 5208/2432/5208 5207/2432/5207 
f 5200/2432/5200 5201/2432/5201 5209/2432/5209 5208/2432/5208 
f 5201/2432/5201 5202/2432/5202 5210/2432/5210 5209/2432/5209 
f 5202/2432/5202 5203/2432/5203 5211/2432/5211 5210/2432/5210 
f 5203/2432/5203 5204/2462/5204 5212/2463/5212 5211/2432/5211 
f 4966/2427/4966 5205/2432/5205 5213/2432/5213 
f 5205/2432/5205 5206/2432/5206 5214/2432/5214 5213/2432/5213 
f 5206/2432/5206 5207/2432/5207 5215/2432/5215 5214/2432/5214 
f 5207/2432/5207 5208/2432/5208 5216/2432/5216 5215/2432/5215 
f 5208/2432/5208 5209/2432/5209 5217/2432/5217 5216/2432/5216 
f 5209/2432/5209 5210/2432/5210 5218/2432/5218 5217/2432/5217 
f 5210/2432/5210 5211/2432/5211 5219/2432/5219 5218/2432/5218 
f 5211/2432/5211 5212/2463/5212 5220/2464/5220 5219/2432/5219 
f 4966/2427/4966 5213/2432/5213 5221/2432/5221 
f 5213/2432/5213 5214/2432/5214 5222/2432/5222 5221/2432/5221 
f 5214/2432/5214 5215/2432/5215 5223/2432/5223 5222/2432/5222 
f 5215/2432/5215 5216/2432/5216 5224/2432/5224 5223/2432/5223 
f 5216/2432/5216 5217/2432/5217 5225/2432/5225 5224/2432/5224 
f 5217/2432/5217 5218/2432/5218 5226/2432/5226 5225/2432/5225 
f 5218/2432/5218 5219/2432/5219 5227/2432/5227 5226/2432/5226 
f 5219/2432/5219 5220/2464/5220 5228/2465/5228 5227/2432/5227 
f 4966/2427/4966 5221/2432/5221 5229/2432/5229 
f 5221/2432/5221 5222/2432/5222 5230/2432/5230 5229/2432/5229 
f 5222/2432/5222 5223/2432/5223 5231/2432/5231 5230/2432/5230 
f 5223/2432/5223 5224/2432/5224 5232/2432/5232 5231/2432/5231 
f 5224/2432/5224 5225/2432/5225 5233/2432/5233 5232/2432/5232 
f 5225/2432/5225 5226/2432/5226 5234/2432/5234 5233/2432/5233 
f 5226/2432/5226 5227/2432/5227 5235/2432/5235 5234/2432/5234 
f 5227/2432/5227 5228/2465/5228 5236/2466/5236 5235/2432/5235 
f 4966/2427/4966 5229/2432/5229 4975/2432/4975 
f 5229/2432/5229 5230/2432/5230 5237/2432/5237 4975/2432/4975 
f 5230/2432/5230 5231/2432/5231 5238/2432/5238 5237/2432/5237 
f 5231/2432/5231 5232/2432/5232 5239/2432/5239 5238/2432/5238 
f 5232/2432/5232 5233/2432/5233 5240/2432/5240 5239/2432/5239 
f 5233/2432/5233 5234/2432/5234 5241/2432/5241 5240/2432/5240 
f 5234/2432/5234 5235/2432/5235 5242/2432/5242 5241/2432/5241 
f 5235/2432/5235 5236/2466/5236 5243/2467/5243 5242/2432/5242 
f 4975/2432/4975 5237/2432/5237 5244/2432/5244 4976/2432/4976 
f 5237/2432/5237 5238/2432/5238 5245/2432/5245 5244/2432/5244 
f 5238/2432/5238 5239/2432/5239 5246/2432/5246 5245/2432/5245 
f 5239/2432/5239 5240/2432/5240 5247/2432/5247 5246/2432/5246 
f 5240/2432/5240 5241/2432/5241 5248/2432/5248 5247/2432/5247 
f 5241/2432/5241 5242/2432/5242 4986/2432/4986 5248/2432/5248 
f 5242/2432/5242 5243/2467/5243 4963/2468/4963 4986/2432/4986 
f 4977/2434/4977 4998/2485/4998 5074/2486/5074 4978/2435/4978 
f 4998/2485/4998 4996/2487/4996 5082/2488/5082 5074/2486/5074 
f 4996/2487/4996 4994/2489/4994 5090/2490/5090 5082/2488/5082 
f 4994/2489/4994 4992/2491/4992 5098/2492/5098 5090/2490/5090 
f 4992/2491/4992 4990/2493/4990 5106/2494/5106 5098/2492/5098 
f 4990/2493/4990 4988/2495/4988 5113/2496/5113 5106/2494/5106 
f 4988/2495/4988 4962/2427/4962 4961/2426/4961 5113/2496/5113 
f 4979/2438/4979 5064/2497/5064 5204/2498/5204 4980/2439/4980 
f 5064/2497/5064 5062/2499/5062 5212/2500/5212 5204/2498/5204 
f 5062/2499/5062 5060/2501/5060 5220/2502/5220 5212/2500/5212 
f 5060/2501/5060 5058/2503/5058 5228/2504/5228 5220/2502/5220 
f 5058/2503/5058 5056/2505/5056 5236/2506/5236 5228/2504/5228 
f 5056/2505/5056 5054/2507/5054 5243/2508/5243 5236/2506/5236 
f 5054/2507/5054 4964/2431/4964 4963/2430/4963 5243/2508/5243 
f 4981/2434/4981 5194/2485/5194 5139/2486/5139 4982/2435/4982 
f 5194/2485/5194 5192/2487/5192 5147/2488/5147 5139/2486/5139 
f 5192/2487/5192 5190/2489/5190 5155/2490/5155 5147/2488/5147 
f 5190/2489/5190 5188/2491/5188 5163/2492/5163 5155/2490/5155 
f 5188/2491/5188 5186/2493/5186 5171/2494/5171 5163/2492/5163 
f 5186/2493/5186 5184/2495/5184 5178/2496/5178 5171/2494/5171 
f 5184/2495/5184 4966/2427/4966 4965/2426/4965 5178/2496/5178 
f 4983/2438/4983 5129/2497/5129 5008/2498/5008 4984/2439/4984 
f 5129/2497/5129 5127/2499/5127 5016/2500/5016 5008/2498/5008 
f 5127/2499/5127 5125/2501/5125 5024/2502/5024 5016/2500/5016 
f 5125/2501/5125 5123/2503/5123 5032/2504/5032 5024/2502/5024 
f 5123/2503/5123 5121/2505/5121 5040/2506/5040 5032/2504/5032 
f 5121/2505/5121 5119/2507/5119 5047/2508/5047 5040/2506/5040 
f 5119/2507/5119 4968/2431/4968 4967/2430/4967 5047/2508/5047 
f 4955/2442/4955 4954/2509/4954 5118/2510/5118 4985/2443/4985 
f 4954/2509/4954 4953/2511/4953 5117/2512/5117 5118/2510/5118 
f 4953/2511/4953 4952/2513/4952 5116/2514/5116 5117/2512/5117 
f 4952/2513/4952 4951/2515/4951 5115/2516/5115 5116/2514/5116 
f 4951/2515/4951 4950/2517/4950 5114/2518/5114 5115/2516/5115 
f 4950/2517/4950 4949/2519/4949 4972/2520/4972 5114/2518/5114 
f 4949/2519/4949 4948/2428/4948 4964/2431/4964 4972/2520/4972 
f 4970/2446/4970 5048/2521/5048 4923/2522/4923 4922/2447/4922 
f 5048/2521/5048 5049/2523/5049 4924/2524/4924 4923/2522/4923 
f 5049/2523/5049 5050/2525/5050 4925/2526/4925 4924/2524/4924 
f 5050/2525/5050 5051/2527/5051 4926/2528/4926 4925/2526/4925 
f 5051/2527/5051 5052/2529/5052 4927/2530/4927 4926/2528/4926 
f 5052/2529/5052 5053/2531/5053 4928/2532/4928 4927/2530/4927 
f 5053/2531/5053 4967/2430/4967 4929/2429/4929 4928/2532/4928 
f 4946/2450/4946 4945/2533/4945 5248/2534/5248 4986/2451/4986 
f 4945/2533/4945 4944/2535/4944 5247/2536/5247 5248/2534/5248 
f 4944/2535/4944 4943/2537/4943 5246/2538/5246 5247/2536/5247 
f 4943/2537/4943 4942/2539/4942 5245/2540/5245 5246/2538/5246 
f 4942/2539/4942 4941/2541/4941 5244/2542/5244 5245/2540/5245 
f 4941/2541/4941 4940/2543/4940 4976/2544/4976 5244/2542/5244 
f 4940/2543/4940 4939/2421/4939 4966/2427/4966 4976/2544/4976 
f 4937/2442/4937 4936/2509/4936 5183/2510/5183 4987/2443/4987 
f 4936/2509/4936 4935/2511/4935 5182/2512/5182 5183/2510/5183 
f 4935/2511/4935 4934/2513/4934 5181/2514/5181 5182/2512/5182 
f 4934/2513/4934 4933/2515/4933 5180/2516/5180 5181/2514/5181 
f 4933/2515/4933 4932/2517/4932 5179/2518/5179 5180/2516/5180 
f 4932/2517/4932 4931/2519/4931 4974/2520/4974 5179/2518/5179 
f 4931/2519/4931 4930/2428/4930 4968/2431/4968 4974/2520/4974 
# 294 polygons - 32 triangles

#
# object Box046
#

v  -38.1914 -0.3840 47.5714
v  -38.2241 -0.3840 47.4165
v  -38.2525 -0.3840 46.9520
v  -38.2765 -0.3840 46.1777
v  -38.2961 -0.3840 45.0937
v  -38.3114 -0.3840 43.6999
v  -38.3223 -0.3840 41.9965
v  -38.3289 -0.3840 39.9834
v  -38.3310 -0.3840 37.6605
v  -38.3310 -0.3840 22.3395
v  -38.3289 -0.3840 20.0167
v  -38.3223 -0.3840 18.0035
v  -38.3114 -0.3840 16.3001
v  -38.2961 -0.3840 14.9063
v  -38.2765 -0.3840 13.8223
v  -38.2525 -0.3840 13.0480
v  -38.2241 -0.3840 12.5835
v  -38.1914 -0.3840 12.4286
v  -37.0587 -0.3840 12.4286
v  -37.0259 -0.3840 12.5835
v  -36.9976 -0.3840 13.0480
v  -36.9735 -0.3840 13.8223
v  -36.9539 -0.3840 14.9063
v  -36.9386 -0.3840 16.3001
v  -36.9277 -0.3840 18.0035
v  -36.9212 -0.3840 20.0167
v  -36.9190 -0.3840 22.3395
v  -36.9190 -0.3840 37.6605
v  -36.9212 -0.3840 39.9834
v  -36.9277 -0.3840 41.9965
v  -36.9386 -0.3840 43.6999
v  -36.9539 -0.3840 45.0937
v  -36.9735 -0.3840 46.1777
v  -36.9976 -0.3840 46.9520
v  -37.0259 -0.3840 47.4165
v  -37.0587 -0.3840 47.5714
v  -38.1914 0.4274 37.6605
v  -37.0587 0.4274 37.6605
v  -37.0587 0.4274 22.3395
v  -38.1914 0.4274 22.3395
v  -37.0587 0.4174 47.5714
v  -38.1914 0.4174 47.5714
v  -36.9190 0.4174 22.3395
v  -36.9190 0.4174 37.6605
v  -38.1914 0.4174 12.4286
v  -37.0587 0.4174 12.4286
v  -38.3310 0.4174 37.6605
v  -38.3310 0.4174 22.3395
v  -38.2236 0.4180 47.4165
v  -38.2241 0.4174 47.4165
v  -36.9212 0.4180 39.9471
v  -36.9212 0.4174 39.9834
v  -38.3289 0.4180 20.0529
v  -38.3289 0.4174 20.0167
v  -37.0264 0.4180 12.5835
v  -37.0259 0.4174 12.5835
v  -38.1914 0.4273 39.9834
v  -37.0587 0.4273 39.9834
v  -37.0259 0.4273 37.6605
v  -37.0259 0.4273 22.3395
v  -37.0587 0.4273 20.0167
v  -38.1914 0.4273 20.0167
v  -38.2241 0.4273 22.3395
v  -38.2241 0.4273 37.6605
v  -37.0259 0.4174 47.4165
v  -36.9212 0.4174 20.0167
v  -38.2241 0.4174 12.5835
v  -38.1914 0.4198 47.4165
v  -38.1990 0.4197 47.4165
v  -38.1914 0.4218 46.9520
v  -38.2057 0.4217 46.9520
v  -38.1914 0.4235 46.1777
v  -38.2113 0.4234 46.1777
v  -38.1914 0.4249 45.0937
v  -38.2159 0.4248 45.0937
v  -38.1914 0.4260 43.6999
v  -38.2195 0.4259 43.6999
v  -38.1914 0.4268 41.9965
v  -38.2221 0.4267 41.9965
v  -38.2236 0.4271 39.9834
v  -38.2057 0.4196 47.4165
v  -38.2181 0.4215 46.9520
v  -38.2286 0.4231 46.1777
v  -38.2372 0.4245 45.0937
v  -38.2439 0.4255 43.6999
v  -38.2486 0.4262 41.9965
v  -38.2515 0.4267 39.9834
v  -38.2525 0.4268 37.6605
v  -38.2113 0.4194 47.4165
v  -38.2286 0.4212 46.9520
v  -38.2432 0.4227 46.1777
v  -38.2552 0.4239 45.0937
v  -38.2645 0.4248 43.6999
v  -38.2712 0.4255 41.9965
v  -38.2751 0.4259 39.9834
v  -38.2765 0.4260 37.6605
v  -38.2159 0.4192 47.4165
v  -38.2372 0.4207 46.9520
v  -38.2552 0.4220 46.1777
v  -38.2699 0.4231 45.0937
v  -38.2814 0.4239 43.6999
v  -38.2896 0.4245 41.9965
v  -38.2945 0.4248 39.9834
v  -38.2961 0.4249 37.6605
v  -38.2195 0.4188 47.4165
v  -38.2439 0.4201 46.9520
v  -38.2645 0.4211 46.1777
v  -38.2814 0.4220 45.0937
v  -38.2945 0.4227 43.6999
v  -38.3039 0.4231 41.9965
v  -38.3095 0.4234 39.9834
v  -38.3114 0.4235 37.6605
v  -38.2221 0.4184 47.4165
v  -38.2486 0.4193 46.9520
v  -38.2712 0.4201 46.1777
v  -38.2896 0.4207 45.0937
v  -38.3039 0.4212 43.6999
v  -38.3141 0.4215 41.9965
v  -38.3203 0.4217 39.9834
v  -38.3223 0.4218 37.6605
v  -38.2515 0.4184 46.9520
v  -38.2751 0.4188 46.1777
v  -38.2945 0.4192 45.0937
v  -38.3095 0.4194 43.6999
v  -38.3203 0.4196 41.9965
v  -38.3267 0.4197 39.9834
v  -38.3289 0.4198 37.6605
v  -38.2525 0.4174 46.9520
v  -38.2765 0.4174 46.1777
v  -38.2961 0.4174 45.0937
v  -38.3114 0.4174 43.6999
v  -38.3223 0.4174 41.9965
v  -38.3289 0.4174 39.9834
v  -36.9212 0.4198 37.6605
v  -36.9212 0.4197 38.2049
v  -36.9277 0.4218 37.6605
v  -36.9277 0.4217 38.6767
v  -36.9386 0.4235 37.6605
v  -36.9386 0.4234 39.0760
v  -36.9539 0.4249 37.6605
v  -36.9539 0.4248 39.4026
v  -36.9735 0.4260 37.6605
v  -36.9735 0.4259 39.6567
v  -36.9976 0.4268 37.6605
v  -36.9976 0.4267 39.8382
v  -37.0259 0.4271 39.9471
v  -36.9212 0.4196 38.6767
v  -36.9277 0.4215 39.5575
v  -36.9386 0.4231 40.3027
v  -36.9539 0.4245 40.9125
v  -36.9735 0.4255 41.3868
v  -36.9976 0.4262 41.7255
v  -37.0259 0.4267 41.9288
v  -37.0587 0.4268 41.9965
v  -36.9212 0.4194 39.0760
v  -36.9277 0.4212 40.3028
v  -36.9386 0.4227 41.3408
v  -36.9539 0.4239 42.1901
v  -36.9735 0.4248 42.8506
v  -36.9976 0.4255 43.3225
v  -37.0259 0.4259 43.6056
v  -37.0587 0.4260 43.6999
v  -36.9212 0.4192 39.4026
v  -36.9277 0.4207 40.9125
v  -36.9386 0.4220 42.1901
v  -36.9539 0.4231 43.2354
v  -36.9735 0.4239 44.0484
v  -36.9976 0.4245 44.6291
v  -37.0259 0.4248 44.9775
v  -37.0587 0.4249 45.0937
v  -36.9212 0.4188 39.6567
v  -36.9277 0.4201 41.3868
v  -36.9386 0.4211 42.8506
v  -36.9539 0.4220 44.0484
v  -36.9735 0.4227 44.9799
v  -36.9976 0.4231 45.6453
v  -37.0259 0.4234 46.0446
v  -37.0587 0.4235 46.1777
v  -36.9212 0.4184 39.8382
v  -36.9277 0.4193 41.7255
v  -36.9386 0.4201 43.3225
v  -36.9539 0.4207 44.6291
v  -36.9735 0.4212 45.6453
v  -36.9976 0.4215 46.3712
v  -37.0259 0.4217 46.8068
v  -37.0587 0.4218 46.9520
v  -36.9277 0.4184 41.9288
v  -36.9386 0.4188 43.6056
v  -36.9539 0.4192 44.9775
v  -36.9735 0.4194 46.0446
v  -36.9976 0.4196 46.8068
v  -37.0259 0.4197 47.2641
v  -37.0587 0.4198 47.4165
v  -36.9277 0.4174 41.9965
v  -36.9386 0.4174 43.6999
v  -36.9539 0.4174 45.0937
v  -36.9735 0.4174 46.1777
v  -36.9976 0.4174 46.9520
v  -38.3289 0.4198 22.3395
v  -38.3289 0.4197 21.7951
v  -38.3223 0.4218 22.3395
v  -38.3223 0.4217 21.3233
v  -38.3114 0.4235 22.3395
v  -38.3114 0.4234 20.9240
v  -38.2961 0.4249 22.3395
v  -38.2961 0.4248 20.5974
v  -38.2765 0.4260 22.3395
v  -38.2765 0.4259 20.3433
v  -38.2525 0.4268 22.3395
v  -38.2525 0.4267 20.1618
v  -38.2241 0.4271 20.0529
v  -38.3289 0.4196 21.3233
v  -38.3223 0.4215 20.4425
v  -38.3114 0.4231 19.6973
v  -38.2961 0.4245 19.0875
v  -38.2765 0.4255 18.6133
v  -38.2525 0.4262 18.2745
v  -38.2241 0.4267 18.0713
v  -38.1914 0.4268 18.0035
v  -38.3289 0.4194 20.9240
v  -38.3223 0.4212 19.6973
v  -38.3114 0.4227 18.6592
v  -38.2961 0.4239 17.8099
v  -38.2765 0.4248 17.1494
v  -38.2525 0.4255 16.6775
v  -38.2241 0.4259 16.3944
v  -38.1914 0.4260 16.3001
v  -38.3289 0.4192 20.5974
v  -38.3223 0.4207 19.0875
v  -38.3114 0.4220 17.8099
v  -38.2961 0.4231 16.7646
v  -38.2765 0.4239 15.9516
v  -38.2525 0.4245 15.3709
v  -38.2241 0.4248 15.0225
v  -38.1914 0.4249 14.9063
v  -38.3289 0.4188 20.3433
v  -38.3223 0.4201 18.6133
v  -38.3114 0.4211 17.1494
v  -38.2961 0.4220 15.9516
v  -38.2765 0.4227 15.0201
v  -38.2525 0.4231 14.3547
v  -38.2241 0.4234 13.9554
v  -38.1914 0.4235 13.8223
v  -38.3289 0.4184 20.1618
v  -38.3223 0.4193 18.2745
v  -38.3114 0.4201 16.6775
v  -38.2961 0.4207 15.3709
v  -38.2765 0.4212 14.3547
v  -38.2525 0.4215 13.6288
v  -38.2241 0.4217 13.1932
v  -38.1914 0.4218 13.0480
v  -38.3223 0.4184 18.0712
v  -38.3114 0.4188 16.3944
v  -38.2961 0.4192 15.0225
v  -38.2765 0.4194 13.9554
v  -38.2525 0.4196 13.1932
v  -38.2241 0.4197 12.7359
v  -38.1914 0.4198 12.5835
v  -38.3223 0.4174 18.0035
v  -38.3114 0.4174 16.3001
v  -38.2961 0.4174 14.9063
v  -38.2765 0.4174 13.8223
v  -38.2525 0.4174 13.0480
v  -37.0587 0.4198 12.5835
v  -37.0510 0.4197 12.5835
v  -37.0587 0.4218 13.0480
v  -37.0443 0.4217 13.0480
v  -37.0587 0.4235 13.8223
v  -37.0387 0.4234 13.8223
v  -37.0587 0.4249 14.9063
v  -37.0341 0.4248 14.9063
v  -37.0587 0.4260 16.3001
v  -37.0305 0.4259 16.3001
v  -37.0587 0.4268 18.0035
v  -37.0280 0.4267 18.0035
v  -37.0264 0.4271 20.0167
v  -37.0443 0.4196 12.5835
v  -37.0319 0.4215 13.0480
v  -37.0214 0.4231 13.8223
v  -37.0128 0.4245 14.9063
v  -37.0061 0.4255 16.3001
v  -37.0014 0.4262 18.0035
v  -36.9985 0.4267 20.0166
v  -36.9976 0.4268 22.3395
v  -37.0387 0.4194 12.5835
v  -37.0214 0.4212 13.0480
v  -37.0068 0.4227 13.8223
v  -36.9948 0.4239 14.9063
v  -36.9855 0.4248 16.3001
v  -36.9789 0.4255 18.0035
v  -36.9749 0.4259 20.0167
v  -36.9735 0.4260 22.3395
v  -37.0341 0.4192 12.5835
v  -37.0128 0.4207 13.0480
v  -36.9948 0.4220 13.8223
v  -36.9801 0.4231 14.9063
v  -36.9686 0.4239 16.3001
v  -36.9605 0.4245 18.0035
v  -36.9555 0.4248 20.0167
v  -36.9539 0.4249 22.3395
v  -37.0305 0.4188 12.5835
v  -37.0061 0.4201 13.0480
v  -36.9855 0.4211 13.8223
v  -36.9686 0.4220 14.9063
v  -36.9555 0.4227 16.3001
v  -36.9461 0.4231 18.0035
v  -36.9405 0.4234 20.0167
v  -36.9386 0.4235 22.3395
v  -37.0280 0.4184 12.5835
v  -37.0014 0.4193 13.0480
v  -36.9789 0.4201 13.8223
v  -36.9605 0.4207 14.9063
v  -36.9461 0.4212 16.3001
v  -36.9359 0.4215 18.0035
v  -36.9298 0.4217 20.0166
v  -36.9277 0.4218 22.3395
v  -36.9985 0.4184 13.0480
v  -36.9749 0.4188 13.8223
v  -36.9555 0.4192 14.9063
v  -36.9405 0.4194 16.3001
v  -36.9298 0.4196 18.0035
v  -36.9233 0.4197 20.0167
v  -36.9212 0.4198 22.3395
v  -36.9976 0.4174 13.0480
v  -36.9735 0.4174 13.8223
v  -36.9539 0.4174 14.9063
v  -36.9386 0.4174 16.3001
v  -36.9277 0.4174 18.0035
# 328 vertices

vn -0.0238 -0.6997 0.7140
vn -0.1059 -0.6896 0.7164
vn -0.2337 -0.6853 0.6897
vn -0.3786 -0.6817 0.6261
vn -0.5183 -0.6802 0.5183
vn -0.6261 -0.6817 0.3786
vn -0.6897 -0.6853 0.2337
vn -0.7165 -0.6895 0.1059
vn -0.7140 -0.6997 0.0238
vn -0.7140 -0.6997 -0.0238
vn -0.7165 -0.6895 -0.1059
vn -0.6897 -0.6853 -0.2337
vn -0.6261 -0.6817 -0.3786
vn -0.5183 -0.6802 -0.5183
vn -0.3786 -0.6817 -0.6261
vn -0.2337 -0.6853 -0.6897
vn -0.1059 -0.6896 -0.7164
vn -0.0238 -0.6997 -0.7140
vn 0.0238 -0.6997 -0.7140
vn 0.1059 -0.6896 -0.7164
vn 0.2337 -0.6853 -0.6897
vn 0.3786 -0.6817 -0.6261
vn 0.5183 -0.6802 -0.5183
vn 0.6261 -0.6817 -0.3786
vn 0.6897 -0.6853 -0.2337
vn 0.7165 -0.6895 -0.1059
vn 0.7140 -0.6997 -0.0238
vn 0.7140 -0.6997 0.0238
vn 0.7165 -0.6895 0.1059
vn 0.6897 -0.6853 0.2337
vn 0.6261 -0.6817 0.3786
vn 0.5183 -0.6802 0.5183
vn 0.3786 -0.6817 0.6261
vn 0.2337 -0.6853 0.6897
vn 0.1059 -0.6896 0.7164
vn 0.0238 -0.6997 0.7140
vn -0.0332 0.9989 0.0332
vn 0.0332 0.9989 0.0332
vn 0.0332 0.9989 -0.0332
vn -0.0332 0.9989 -0.0332
vn 0.0332 0.0332 0.9989
vn -0.0267 0.0267 0.9993
vn 0.9989 0.0332 -0.0332
vn 0.9993 0.0267 0.0267
vn -0.0332 0.0332 -0.9989
vn 0.0267 0.0267 -0.9993
vn -0.9989 0.0332 0.0332
vn -0.9993 0.0267 -0.0267
vn -0.1475 0.0214 0.9888
vn -0.1478 0.0050 0.9890
vn 0.9888 0.0214 0.1475
vn 0.9890 0.0050 0.1478
vn -0.9888 0.0214 -0.1475
vn -0.9890 0.0050 -0.1478
vn 0.1475 0.0214 -0.9888
vn 0.1478 0.0050 -0.9890
vn -0.0329 0.9888 0.1458
vn 0.0335 0.9887 0.1462
vn 0.1458 0.9888 0.0329
vn 0.1462 0.9887 -0.0335
vn 0.0329 0.9888 -0.1458
vn -0.0335 0.9887 -0.1462
vn -0.1458 0.9888 -0.0329
vn -0.1462 0.9887 0.0335
vn 0.1458 0.0329 0.9888
vn 0.9888 0.0329 -0.1458
vn -0.1458 0.0329 -0.9888
vn -0.0050 0.1478 0.9890
vn -0.0214 0.1475 0.9888
vn -0.0108 0.3228 0.9464
vn -0.0467 0.3198 0.9463
vn -0.0173 0.5192 0.8545
vn -0.0754 0.5133 0.8549
vn -0.0236 0.7082 0.7056
vn -0.1032 0.6999 0.7067
vn -0.0285 0.8560 0.5161
vn -0.1252 0.8463 0.5178
vn -0.0315 0.9468 0.3201
vn -0.1387 0.9366 0.3217
vn -0.1449 0.9785 0.1467
vn -0.0466 0.1396 0.9891
vn -0.1015 0.3022 0.9478
vn -0.1638 0.4858 0.8586
vn -0.2247 0.6645 0.7127
vn -0.2734 0.8064 0.5244
vn -0.3037 0.8949 0.3269
vn -0.3178 0.9363 0.1494
vn -0.3210 0.9465 0.0341
vn -0.0745 0.1243 0.9894
vn -0.1617 0.2688 0.9495
vn -0.2611 0.4331 0.8627
vn -0.3592 0.5947 0.7193
vn -0.4382 0.7247 0.5317
vn -0.4882 0.8068 0.3327
vn -0.5117 0.8455 0.1524
vn -0.5173 0.8551 0.0349
vn -0.1018 0.1018 0.9896
vn -0.2202 0.2202 0.9503
vn -0.3554 0.3554 0.8645
vn -0.4891 0.4892 0.7221
vn -0.5974 0.5974 0.5350
vn -0.6662 0.6662 0.3353
vn -0.6987 0.6987 0.1537
vn -0.7067 0.7067 0.0352
vn -0.1243 0.0745 0.9894
vn -0.2688 0.1617 0.9495
vn -0.4330 0.2610 0.8627
vn -0.5947 0.3591 0.7193
vn -0.7247 0.4383 0.5317
vn -0.8068 0.4882 0.3327
vn -0.8455 0.5117 0.1524
vn -0.8551 0.5173 0.0349
vn -0.1396 0.0466 0.9891
vn -0.3022 0.1015 0.9478
vn -0.4858 0.1638 0.8586
vn -0.6645 0.2247 0.7127
vn -0.8064 0.2734 0.5244
vn -0.8949 0.3037 0.3269
vn -0.9363 0.3178 0.1494
vn -0.9465 0.3210 0.0341
vn -0.3198 0.0467 0.9463
vn -0.5133 0.0754 0.8549
vn -0.6999 0.1032 0.7067
vn -0.8463 0.1252 0.5178
vn -0.9366 0.1387 0.3217
vn -0.9785 0.1449 0.1467
vn -0.9887 0.1462 0.0335
vn -0.3228 0.0108 0.9464
vn -0.5191 0.0173 0.8545
vn -0.7082 0.0236 0.7056
vn -0.8560 0.0285 0.5161
vn -0.9468 0.0315 0.3201
vn -0.9888 0.0329 0.1458
vn 0.9890 0.1478 0.0050
vn 0.9888 0.1475 0.0214
vn 0.9464 0.3228 0.0108
vn 0.9463 0.3198 0.0467
vn 0.8545 0.5192 0.0173
vn 0.8549 0.5133 0.0754
vn 0.7056 0.7082 0.0236
vn 0.7067 0.6999 0.1032
vn 0.5161 0.8560 0.0285
vn 0.5178 0.8463 0.1252
vn 0.3201 0.9468 0.0315
vn 0.3217 0.9366 0.1387
vn 0.1467 0.9785 0.1449
vn 0.9891 0.1396 0.0466
vn 0.9478 0.3022 0.1015
vn 0.8586 0.4858 0.1638
vn 0.7127 0.6645 0.2247
vn 0.5244 0.8064 0.2734
vn 0.3269 0.8949 0.3037
vn 0.1494 0.9363 0.3178
vn 0.0341 0.9465 0.3210
vn 0.9894 0.1243 0.0745
vn 0.9495 0.2688 0.1617
vn 0.8627 0.4331 0.2611
vn 0.7193 0.5947 0.3591
vn 0.5317 0.7247 0.4382
vn 0.3327 0.8068 0.4882
vn 0.1524 0.8455 0.5117
vn 0.0349 0.8551 0.5173
vn 0.9896 0.1018 0.1018
vn 0.9503 0.2202 0.2202
vn 0.8645 0.3554 0.3554
vn 0.7221 0.4892 0.4891
vn 0.5350 0.5974 0.5974
vn 0.3353 0.6662 0.6662
vn 0.1537 0.6987 0.6987
vn 0.0352 0.7067 0.7067
vn 0.9894 0.0745 0.1243
vn 0.9495 0.1617 0.2688
vn 0.8627 0.2610 0.4330
vn 0.7193 0.3591 0.5947
vn 0.5317 0.4382 0.7247
vn 0.3327 0.4882 0.8068
vn 0.1524 0.5117 0.8455
vn 0.0349 0.5173 0.8551
vn 0.9891 0.0466 0.1396
vn 0.9478 0.1015 0.3022
vn 0.8586 0.1638 0.4858
vn 0.7127 0.2247 0.6645
vn 0.5244 0.2734 0.8064
vn 0.3269 0.3037 0.8949
vn 0.1494 0.3178 0.9363
vn 0.0341 0.3210 0.9465
vn 0.9463 0.0467 0.3198
vn 0.8549 0.0754 0.5133
vn 0.7067 0.1032 0.6999
vn 0.5178 0.1252 0.8463
vn 0.3217 0.1387 0.9366
vn 0.1467 0.1449 0.9785
vn 0.0335 0.1462 0.9887
vn 0.9464 0.0108 0.3228
vn 0.8545 0.0173 0.5192
vn 0.7056 0.0236 0.7082
vn 0.5161 0.0285 0.8560
vn 0.3201 0.0315 0.9468
vn -0.9890 0.1478 -0.0050
vn -0.9888 0.1475 -0.0214
vn -0.9464 0.3228 -0.0108
vn -0.9463 0.3198 -0.0467
vn -0.8545 0.5192 -0.0173
vn -0.8549 0.5133 -0.0754
vn -0.7056 0.7082 -0.0236
vn -0.7067 0.6999 -0.1032
vn -0.5161 0.8560 -0.0285
vn -0.5178 0.8463 -0.1252
vn -0.3201 0.9468 -0.0315
vn -0.3217 0.9366 -0.1387
vn -0.1467 0.9785 -0.1449
vn -0.9891 0.1396 -0.0466
vn -0.9478 0.3022 -0.1015
vn -0.8586 0.4858 -0.1638
vn -0.7127 0.6645 -0.2247
vn -0.5244 0.8064 -0.2734
vn -0.3269 0.8949 -0.3037
vn -0.1494 0.9363 -0.3178
vn -0.0341 0.9465 -0.3210
vn -0.9894 0.1243 -0.0745
vn -0.9495 0.2688 -0.1617
vn -0.8627 0.4331 -0.2611
vn -0.7193 0.5947 -0.3591
vn -0.5317 0.7247 -0.4382
vn -0.3327 0.8068 -0.4882
vn -0.1524 0.8455 -0.5117
vn -0.0349 0.8551 -0.5173
vn -0.9896 0.1018 -0.1018
vn -0.9503 0.2202 -0.2202
vn -0.8645 0.3554 -0.3554
vn -0.7221 0.4892 -0.4891
vn -0.5350 0.5974 -0.5974
vn -0.3353 0.6662 -0.6662
vn -0.1537 0.6987 -0.6987
vn -0.0352 0.7067 -0.7067
vn -0.9894 0.0745 -0.1243
vn -0.9495 0.1617 -0.2688
vn -0.8627 0.2610 -0.4330
vn -0.7193 0.3591 -0.5947
vn -0.5317 0.4382 -0.7247
vn -0.3327 0.4882 -0.8068
vn -0.1524 0.5117 -0.8455
vn -0.0349 0.5173 -0.8551
vn -0.9891 0.0466 -0.1396
vn -0.9478 0.1015 -0.3022
vn -0.8586 0.1638 -0.4858
vn -0.7127 0.2247 -0.6645
vn -0.5244 0.2734 -0.8064
vn -0.3269 0.3037 -0.8949
vn -0.1494 0.3178 -0.9363
vn -0.0341 0.3210 -0.9465
vn -0.9463 0.0467 -0.3198
vn -0.8549 0.0754 -0.5133
vn -0.7067 0.1032 -0.6999
vn -0.5178 0.1252 -0.8463
vn -0.3217 0.1387 -0.9366
vn -0.1467 0.1449 -0.9785
vn -0.0335 0.1462 -0.9887
vn -0.9464 0.0108 -0.3228
vn -0.8545 0.0173 -0.5192
vn -0.7056 0.0236 -0.7082
vn -0.5161 0.0285 -0.8560
vn -0.3201 0.0315 -0.9468
vn 0.0050 0.1478 -0.9890
vn 0.0214 0.1475 -0.9888
vn 0.0108 0.3228 -0.9464
vn 0.0467 0.3198 -0.9463
vn 0.0173 0.5192 -0.8545
vn 0.0754 0.5133 -0.8549
vn 0.0236 0.7082 -0.7056
vn 0.1032 0.6999 -0.7067
vn 0.0285 0.8560 -0.5161
vn 0.1252 0.8463 -0.5178
vn 0.0315 0.9468 -0.3201
vn 0.1387 0.9366 -0.3217
vn 0.1449 0.9785 -0.1467
vn 0.0466 0.1396 -0.9891
vn 0.1015 0.3022 -0.9478
vn 0.1638 0.4858 -0.8586
vn 0.2247 0.6645 -0.7127
vn 0.2734 0.8064 -0.5244
vn 0.3037 0.8949 -0.3269
vn 0.3178 0.9363 -0.1494
vn 0.3210 0.9465 -0.0341
vn 0.0745 0.1243 -0.9894
vn 0.1617 0.2688 -0.9495
vn 0.2611 0.4331 -0.8627
vn 0.3592 0.5947 -0.7193
vn 0.4382 0.7247 -0.5317
vn 0.4882 0.8068 -0.3327
vn 0.5117 0.8455 -0.1524
vn 0.5173 0.8551 -0.0349
vn 0.1018 0.1018 -0.9896
vn 0.2202 0.2202 -0.9503
vn 0.3554 0.3554 -0.8645
vn 0.4891 0.4892 -0.7221
vn 0.5974 0.5974 -0.5350
vn 0.6662 0.6662 -0.3353
vn 0.6987 0.6987 -0.1537
vn 0.7067 0.7067 -0.0352
vn 0.1243 0.0745 -0.9894
vn 0.2688 0.1617 -0.9495
vn 0.4330 0.2610 -0.8627
vn 0.5947 0.3591 -0.7193
vn 0.7247 0.4383 -0.5317
vn 0.8068 0.4882 -0.3327
vn 0.8455 0.5117 -0.1524
vn 0.8551 0.5173 -0.0349
vn 0.1396 0.0466 -0.9891
vn 0.3022 0.1015 -0.9478
vn 0.4858 0.1638 -0.8586
vn 0.6645 0.2247 -0.7127
vn 0.8064 0.2734 -0.5244
vn 0.8949 0.3037 -0.3269
vn 0.9363 0.3178 -0.1494
vn 0.9465 0.3210 -0.0341
vn 0.3198 0.0467 -0.9463
vn 0.5133 0.0754 -0.8549
vn 0.6999 0.1032 -0.7067
vn 0.8463 0.1252 -0.5178
vn 0.9366 0.1387 -0.3217
vn 0.9785 0.1449 -0.1467
vn 0.9887 0.1462 -0.0335
vn 0.3228 0.0108 -0.9464
vn 0.5191 0.0173 -0.8545
vn 0.7082 0.0236 -0.7056
vn 0.8560 0.0285 -0.5161
vn 0.9468 0.0315 -0.3201
# 328 vertex normals

vt 0.9011 0.0000 0.0000
vt 0.9243 0.0044 0.0000
vt 0.9444 0.0176 0.0000
vt 0.9614 0.0397 0.0000
vt 0.9753 0.0705 0.0000
vt 0.9861 0.1102 0.0000
vt 0.9938 0.1586 0.0000
vt 0.9985 0.2159 0.0000
vt 1.0000 0.2820 0.0000
vt 1.0000 0.7180 0.0000
vt 0.9985 0.7841 0.0000
vt 0.9938 0.8414 0.0000
vt 0.9861 0.8898 0.0000
vt 0.9753 0.9295 0.0000
vt 0.9614 0.9603 0.0000
vt 0.9444 0.9824 0.0000
vt 0.9243 0.9956 0.0000
vt 0.9011 1.0000 0.0000
vt 0.0989 1.0000 0.0000
vt 0.0757 0.9956 0.0000
vt 0.0556 0.9824 0.0000
vt 0.0386 0.9603 0.0000
vt 0.0247 0.9295 0.0000
vt 0.0139 0.8898 0.0000
vt 0.0062 0.8414 0.0000
vt 0.0015 0.7841 0.0000
vt 0.0000 0.7180 0.0000
vt 0.0000 0.2820 0.0000
vt 0.0015 0.2159 0.0000
vt 0.0062 0.1586 0.0000
vt 0.0139 0.1102 0.0000
vt 0.0247 0.0705 0.0000
vt 0.0386 0.0397 0.0000
vt 0.0556 0.0176 0.0000
vt 0.0757 0.0044 0.0000
vt 0.0989 0.0000 0.0000
vt 0.0989 0.2820 0.0000
vt 0.9011 0.2820 0.0000
vt 0.9011 0.7180 0.0000
vt 0.0989 0.7180 0.0000
vt 0.9011 0.9876 0.0000
vt 0.0989 0.9876 0.0000
vt 0.2820 0.0000 0.0000
vt 0.7180 0.0000 0.0000
vt 0.7180 0.9876 0.0000
vt 0.2820 0.9876 0.0000
vt 0.0000 1.0000 0.0000
vt 0.0989 1.2636 0.0000
vt 0.0989 1.2291 0.0000
vt 0.9011 1.2291 0.0000
vt 0.9011 1.2636 0.0000
vt 0.2820 0.5888 0.0000
vt 0.2820 0.6387 0.0000
vt 0.7180 0.6387 0.0000
vt 0.7180 0.5888 0.0000
vt 0.0858 -0.0039 0.0000
vt 0.1103 -0.0034 0.0000
vt 0.1124 0.9842 0.0000
vt 0.0882 0.9837 0.0000
vt 0.9118 0.9837 0.0000
vt 0.8876 0.9842 0.0000
vt 0.8897 -0.0034 0.0000
vt 0.9142 -0.0039 0.0000
vt 0.2443 -0.0106 0.0000
vt 0.2261 -0.0092 0.0000
vt 0.2204 0.9786 0.0000
vt 0.2378 0.9773 0.0000
vt 0.0730 0.9914 0.0000
vt 0.0448 0.9966 0.0000
vt 0.0143 1.0032 0.0000
vt -0.0186 1.0113 0.0000
vt -0.0537 1.0207 0.0000
vt -0.0912 1.0315 0.0000
vt -0.1310 1.0438 0.0000
vt -0.1732 1.0574 0.0000
vt -0.1353 1.0420 0.0000
vt -0.1082 1.0243 0.0000
vt -0.0920 1.0044 0.0000
vt -0.0866 0.9824 0.0000
vt -0.0920 0.9581 0.0000
vt -0.1082 0.9316 0.0000
vt -0.1353 0.9029 0.0000
vt -0.1732 0.8720 0.0000
vt 0.2188 0.9928 0.0000
vt 0.1702 1.0022 0.0000
vt 0.1362 1.0157 0.0000
vt 0.1168 1.0334 0.0000
vt 0.1121 1.0552 0.0000
vt 0.1219 1.0813 0.0000
vt 0.1463 1.1115 0.0000
vt 0.1854 1.1458 0.0000
vt 0.1411 1.1107 0.0000
vt 0.1009 1.0783 0.0000
vt 0.0648 1.0486 0.0000
vt 0.0328 1.0215 0.0000
vt 0.0049 0.9971 0.0000
vt -0.0189 0.9755 0.0000
vt -0.0387 0.9565 0.0000
vt -0.0543 0.9402 0.0000
vt 0.0989 1.1946 0.0000
vt 0.9011 1.1946 0.0000
vt 0.0989 1.1601 0.0000
vt 0.9011 1.1601 0.0000
vt 0.0989 1.1256 0.0000
vt 0.9011 1.1256 0.0000
vt 0.0989 1.0911 0.0000
vt 0.9011 1.0911 0.0000
vt 0.0989 1.0566 0.0000
vt 0.9011 1.0566 0.0000
vt 0.0989 1.0221 0.0000
vt 0.9011 1.0221 0.0000
vt 0.2820 0.6885 0.0000
vt 0.7180 0.6885 0.0000
vt 0.2820 0.7384 0.0000
vt 0.7180 0.7384 0.0000
vt 0.2820 0.7882 0.0000
vt 0.7180 0.7882 0.0000
vt 0.2820 0.8381 0.0000
vt 0.7180 0.8381 0.0000
vt 0.2820 0.8879 0.0000
vt 0.7180 0.8879 0.0000
vt 0.2820 0.9378 0.0000
vt 0.7180 0.9378 0.0000
vt 0.1349 -0.0029 0.0000
vt 0.1366 0.9847 0.0000
vt 0.1594 -0.0024 0.0000
vt 0.1609 0.9852 0.0000
vt 0.1839 -0.0020 0.0000
vt 0.1851 0.9857 0.0000
vt 0.2084 -0.0015 0.0000
vt 0.2093 0.9862 0.0000
vt 0.2330 -0.0010 0.0000
vt 0.2336 0.9867 0.0000
vt 0.2575 -0.0005 0.0000
vt 0.2578 0.9871 0.0000
vt 0.8634 0.9847 0.0000
vt 0.8651 -0.0029 0.0000
vt 0.8391 0.9852 0.0000
vt 0.8406 -0.0024 0.0000
vt 0.8149 0.9857 0.0000
vt 0.8161 -0.0020 0.0000
vt 0.7907 0.9862 0.0000
vt 0.7916 -0.0015 0.0000
vt 0.7664 0.9867 0.0000
vt 0.7670 -0.0010 0.0000
vt 0.7422 0.9871 0.0000
vt 0.7425 -0.0005 0.0000
vt 0.2079 -0.0079 0.0000
vt 0.2031 0.9799 0.0000
vt 0.1898 -0.0066 0.0000
vt 0.1857 0.9812 0.0000
vt 0.1716 -0.0053 0.0000
vt 0.1684 0.9825 0.0000
vt 0.1534 -0.0040 0.0000
vt 0.1510 0.9838 0.0000
vt 0.1353 -0.0026 0.0000
vt 0.1336 0.9851 0.0000
vt 0.1171 -0.0013 0.0000
vt 0.1163 0.9863 0.0000
# 159 texture coords

o Box046
g Box046
usemtl wire_062062062
s 1
f 5249/2545/5249 5250/2546/5250 5251/2547/5251 5252/2548/5252 5253/2549/5253 5254/2550/5254 5255/2551/5255 5256/2552/5256 5257/2553/5257 5258/2554/5258 5259/2555/5259 5260/2556/5260 5261/2557/5261 5262/2558/5262 5263/2559/5263 5264/2560/5264 5265/2561/5265 5266/2562/5266 5267/2563/5267 5268/2564/5268 5269/2565/5269 5270/2566/5270 5271/2567/5271 5272/2568/5272 5273/2569/5273 5274/2570/5274 5275/2571/5275 5276/2572/5276 5277/2573/5277 5278/2574/5278 5279/2575/5279 5280/2576/5280 5281/2577/5281 5282/2578/5282 5283/2579/5283 5284/2580/5284 
s 2
f 5285/2581/5285 5286/2582/5286 5287/2583/5287 5288/2584/5288 
f 5249/2580/5249 5284/2545/5284 5289/2585/5289 5290/2586/5290 
f 5276/2587/5276 5275/2588/5275 5291/2589/5291 5292/2590/5292 
f 5267/2580/5267 5266/2545/5266 5293/2585/5293 5294/2586/5294 
f 5258/2587/5258 5257/2588/5257 5295/2589/5295 5296/2590/5296 
f 5290/2586/5290 5297/2591/5297 5298/2591/5298 
f 5292/2590/5292 5299/2591/5299 5300/2591/5300 
f 5296/2590/5296 5301/2591/5301 5302/2591/5302 
f 5294/2586/5294 5303/2591/5303 5304/2591/5304 
f 5285/2592/5285 5305/2593/5305 5306/2594/5306 5286/2595/5286 
f 5286/2596/5286 5307/2597/5307 5308/2598/5308 5287/2599/5287 
f 5287/2592/5287 5309/2593/5309 5310/2594/5310 5288/2595/5288 
f 5288/2596/5288 5311/2597/5311 5312/2598/5312 5285/2599/5285 
f 5284/2600/5284 5283/2601/5283 5313/2602/5313 5289/2603/5289 
f 5290/2604/5290 5298/2605/5298 5250/2606/5250 5249/2607/5249 
f 5275/2608/5275 5274/2609/5274 5314/2610/5314 5291/2611/5291 
f 5266/2600/5266 5265/2601/5265 5315/2602/5315 5293/2603/5293 
f 5290/2586/5290 5316/2612/5316 5317/2591/5317 
f 5316/2612/5316 5318/2613/5318 5319/2591/5319 5317/2591/5317 
f 5318/2613/5318 5320/2614/5320 5321/2591/5321 5319/2591/5319 
f 5320/2614/5320 5322/2615/5322 5323/2591/5323 5321/2591/5321 
f 5322/2615/5322 5324/2616/5324 5325/2591/5325 5323/2591/5323 
f 5324/2616/5324 5326/2617/5326 5327/2591/5327 5325/2591/5325 
f 5326/2617/5326 5305/2618/5305 5328/2591/5328 5327/2591/5327 
f 5305/2618/5305 5285/2619/5285 5312/2620/5312 5328/2591/5328 
f 5290/2586/5290 5317/2591/5317 5329/2591/5329 
f 5317/2591/5317 5319/2591/5319 5330/2591/5330 5329/2591/5329 
f 5319/2591/5319 5321/2591/5321 5331/2591/5331 5330/2591/5330 
f 5321/2591/5321 5323/2591/5323 5332/2591/5332 5331/2591/5331 
f 5323/2591/5323 5325/2591/5325 5333/2591/5333 5332/2591/5332 
f 5325/2591/5325 5327/2591/5327 5334/2591/5334 5333/2591/5333 
f 5327/2591/5327 5328/2591/5328 5335/2591/5335 5334/2591/5334 
f 5328/2591/5328 5312/2620/5312 5336/2621/5336 5335/2591/5335 
f 5290/2586/5290 5329/2591/5329 5337/2591/5337 
f 5329/2591/5329 5330/2591/5330 5338/2591/5338 5337/2591/5337 
f 5330/2591/5330 5331/2591/5331 5339/2591/5339 5338/2591/5338 
f 5331/2591/5331 5332/2591/5332 5340/2591/5340 5339/2591/5339 
f 5332/2591/5332 5333/2591/5333 5341/2591/5341 5340/2591/5340 
f 5333/2591/5333 5334/2591/5334 5342/2591/5342 5341/2591/5341 
f 5334/2591/5334 5335/2591/5335 5343/2591/5343 5342/2591/5342 
f 5335/2591/5335 5336/2621/5336 5344/2622/5344 5343/2591/5343 
f 5290/2586/5290 5337/2591/5337 5345/2591/5345 
f 5337/2591/5337 5338/2591/5338 5346/2591/5346 5345/2591/5345 
f 5338/2591/5338 5339/2591/5339 5347/2591/5347 5346/2591/5346 
f 5339/2591/5339 5340/2591/5340 5348/2591/5348 5347/2591/5347 
f 5340/2591/5340 5341/2591/5341 5349/2591/5349 5348/2591/5348 
f 5341/2591/5341 5342/2591/5342 5350/2591/5350 5349/2591/5349 
f 5342/2591/5342 5343/2591/5343 5351/2591/5351 5350/2591/5350 
f 5343/2591/5343 5344/2622/5344 5352/2623/5352 5351/2591/5351 
f 5290/2586/5290 5345/2591/5345 5353/2591/5353 
f 5345/2591/5345 5346/2591/5346 5354/2591/5354 5353/2591/5353 
f 5346/2591/5346 5347/2591/5347 5355/2591/5355 5354/2591/5354 
f 5347/2591/5347 5348/2591/5348 5356/2591/5356 5355/2591/5355 
f 5348/2591/5348 5349/2591/5349 5357/2591/5357 5356/2591/5356 
f 5349/2591/5349 5350/2591/5350 5358/2591/5358 5357/2591/5357 
f 5350/2591/5350 5351/2591/5351 5359/2591/5359 5358/2591/5358 
f 5351/2591/5351 5352/2623/5352 5360/2624/5360 5359/2591/5359 
f 5290/2586/5290 5353/2591/5353 5361/2591/5361 
f 5353/2591/5353 5354/2591/5354 5362/2591/5362 5361/2591/5361 
f 5354/2591/5354 5355/2591/5355 5363/2591/5363 5362/2591/5362 
f 5355/2591/5355 5356/2591/5356 5364/2591/5364 5363/2591/5363 
f 5356/2591/5356 5357/2591/5357 5365/2591/5365 5364/2591/5364 
f 5357/2591/5357 5358/2591/5358 5366/2591/5366 5365/2591/5365 
f 5358/2591/5358 5359/2591/5359 5367/2591/5367 5366/2591/5366 
f 5359/2591/5359 5360/2624/5360 5368/2625/5368 5367/2591/5367 
f 5290/2586/5290 5361/2591/5361 5297/2591/5297 
f 5361/2591/5361 5362/2591/5362 5369/2591/5369 5297/2591/5297 
f 5362/2591/5362 5363/2591/5363 5370/2591/5370 5369/2591/5369 
f 5363/2591/5363 5364/2591/5364 5371/2591/5371 5370/2591/5370 
f 5364/2591/5364 5365/2591/5365 5372/2591/5372 5371/2591/5371 
f 5365/2591/5365 5366/2591/5366 5373/2591/5373 5372/2591/5372 
f 5366/2591/5366 5367/2591/5367 5374/2591/5374 5373/2591/5373 
f 5367/2591/5367 5368/2625/5368 5375/2626/5375 5374/2591/5374 
f 5297/2591/5297 5369/2591/5369 5376/2591/5376 5298/2591/5298 
f 5369/2591/5369 5370/2591/5370 5377/2591/5377 5376/2591/5376 
f 5370/2591/5370 5371/2591/5371 5378/2591/5378 5377/2591/5377 
f 5371/2591/5371 5372/2591/5372 5379/2591/5379 5378/2591/5378 
f 5372/2591/5372 5373/2591/5373 5380/2591/5380 5379/2591/5379 
f 5373/2591/5373 5374/2591/5374 5381/2591/5381 5380/2591/5380 
f 5374/2591/5374 5375/2626/5375 5295/2627/5295 5381/2591/5381 
f 5292/2590/5292 5382/2628/5382 5383/2591/5383 
f 5382/2628/5382 5384/2629/5384 5385/2591/5385 5383/2591/5383 
f 5384/2629/5384 5386/2630/5386 5387/2591/5387 5385/2591/5385 
f 5386/2630/5386 5388/2631/5388 5389/2591/5389 5387/2591/5387 
f 5388/2631/5388 5390/2632/5390 5391/2591/5391 5389/2591/5389 
f 5390/2632/5390 5392/2633/5392 5393/2591/5393 5391/2591/5391 
f 5392/2633/5392 5307/2634/5307 5394/2591/5394 5393/2591/5393 
f 5307/2634/5307 5286/2635/5286 5306/2636/5306 5394/2591/5394 
f 5292/2590/5292 5383/2591/5383 5395/2591/5395 
f 5383/2591/5383 5385/2591/5385 5396/2591/5396 5395/2591/5395 
f 5385/2591/5385 5387/2591/5387 5397/2591/5397 5396/2591/5396 
f 5387/2591/5387 5389/2591/5389 5398/2591/5398 5397/2591/5397 
f 5389/2591/5389 5391/2591/5391 5399/2591/5399 5398/2591/5398 
f 5391/2591/5391 5393/2591/5393 5400/2591/5400 5399/2591/5399 
f 5393/2591/5393 5394/2591/5394 5401/2591/5401 5400/2591/5400 
f 5394/2591/5394 5306/2636/5306 5402/2637/5402 5401/2591/5401 
f 5292/2590/5292 5395/2591/5395 5403/2591/5403 
f 5395/2591/5395 5396/2591/5396 5404/2591/5404 5403/2591/5403 
f 5396/2591/5396 5397/2591/5397 5405/2591/5405 5404/2591/5404 
f 5397/2591/5397 5398/2591/5398 5406/2591/5406 5405/2591/5405 
f 5398/2591/5398 5399/2591/5399 5407/2591/5407 5406/2591/5406 
f 5399/2591/5399 5400/2591/5400 5408/2591/5408 5407/2591/5407 
f 5400/2591/5400 5401/2591/5401 5409/2591/5409 5408/2591/5408 
f 5401/2591/5401 5402/2637/5402 5410/2638/5410 5409/2591/5409 
f 5292/2590/5292 5403/2591/5403 5411/2591/5411 
f 5403/2591/5403 5404/2591/5404 5412/2591/5412 5411/2591/5411 
f 5404/2591/5404 5405/2591/5405 5413/2591/5413 5412/2591/5412 
f 5405/2591/5405 5406/2591/5406 5414/2591/5414 5413/2591/5413 
f 5406/2591/5406 5407/2591/5407 5415/2591/5415 5414/2591/5414 
f 5407/2591/5407 5408/2591/5408 5416/2591/5416 5415/2591/5415 
f 5408/2591/5408 5409/2591/5409 5417/2591/5417 5416/2591/5416 
f 5409/2591/5409 5410/2638/5410 5418/2639/5418 5417/2591/5417 
f 5292/2590/5292 5411/2591/5411 5419/2591/5419 
f 5411/2591/5411 5412/2591/5412 5420/2591/5420 5419/2591/5419 
f 5412/2591/5412 5413/2591/5413 5421/2591/5421 5420/2591/5420 
f 5413/2591/5413 5414/2591/5414 5422/2591/5422 5421/2591/5421 
f 5414/2591/5414 5415/2591/5415 5423/2591/5423 5422/2591/5422 
f 5415/2591/5415 5416/2591/5416 5424/2591/5424 5423/2591/5423 
f 5416/2591/5416 5417/2591/5417 5425/2591/5425 5424/2591/5424 
f 5417/2591/5417 5418/2639/5418 5426/2640/5426 5425/2591/5425 
f 5292/2590/5292 5419/2591/5419 5427/2591/5427 
f 5419/2591/5419 5420/2591/5420 5428/2591/5428 5427/2591/5427 
f 5420/2591/5420 5421/2591/5421 5429/2591/5429 5428/2591/5428 
f 5421/2591/5421 5422/2591/5422 5430/2591/5430 5429/2591/5429 
f 5422/2591/5422 5423/2591/5423 5431/2591/5431 5430/2591/5430 
f 5423/2591/5423 5424/2591/5424 5432/2591/5432 5431/2591/5431 
f 5424/2591/5424 5425/2591/5425 5433/2591/5433 5432/2591/5432 
f 5425/2591/5425 5426/2640/5426 5434/2641/5434 5433/2591/5433 
f 5292/2590/5292 5427/2591/5427 5299/2591/5299 
f 5427/2591/5427 5428/2591/5428 5435/2591/5435 5299/2591/5299 
f 5428/2591/5428 5429/2591/5429 5436/2591/5436 5435/2591/5435 
f 5429/2591/5429 5430/2591/5430 5437/2591/5437 5436/2591/5436 
f 5430/2591/5430 5431/2591/5431 5438/2591/5438 5437/2591/5437 
f 5431/2591/5431 5432/2591/5432 5439/2591/5439 5438/2591/5438 
f 5432/2591/5432 5433/2591/5433 5440/2591/5440 5439/2591/5439 
f 5433/2591/5433 5434/2641/5434 5441/2642/5441 5440/2591/5440 
f 5299/2591/5299 5435/2591/5435 5442/2591/5442 5300/2591/5300 
f 5435/2591/5435 5436/2591/5436 5443/2591/5443 5442/2591/5442 
f 5436/2591/5436 5437/2591/5437 5444/2591/5444 5443/2591/5443 
f 5437/2591/5437 5438/2591/5438 5445/2591/5445 5444/2591/5444 
f 5438/2591/5438 5439/2591/5439 5446/2591/5446 5445/2591/5445 
f 5439/2591/5439 5440/2591/5440 5313/2591/5313 5446/2591/5446 
f 5440/2591/5440 5441/2642/5441 5289/2643/5289 5313/2591/5313 
f 5296/2590/5296 5447/2628/5447 5448/2591/5448 
f 5447/2628/5447 5449/2629/5449 5450/2591/5450 5448/2591/5448 
f 5449/2629/5449 5451/2630/5451 5452/2591/5452 5450/2591/5450 
f 5451/2630/5451 5453/2631/5453 5454/2591/5454 5452/2591/5452 
f 5453/2631/5453 5455/2632/5455 5456/2591/5456 5454/2591/5454 
f 5455/2632/5455 5457/2633/5457 5458/2591/5458 5456/2591/5456 
f 5457/2633/5457 5311/2634/5311 5459/2591/5459 5458/2591/5458 
f 5311/2634/5311 5288/2635/5288 5310/2636/5310 5459/2591/5459 
f 5296/2590/5296 5448/2591/5448 5460/2591/5460 
f 5448/2591/5448 5450/2591/5450 5461/2591/5461 5460/2591/5460 
f 5450/2591/5450 5452/2591/5452 5462/2591/5462 5461/2591/5461 
f 5452/2591/5452 5454/2591/5454 5463/2591/5463 5462/2591/5462 
f 5454/2591/5454 5456/2591/5456 5464/2591/5464 5463/2591/5463 
f 5456/2591/5456 5458/2591/5458 5465/2591/5465 5464/2591/5464 
f 5458/2591/5458 5459/2591/5459 5466/2591/5466 5465/2591/5465 
f 5459/2591/5459 5310/2636/5310 5467/2637/5467 5466/2591/5466 
f 5296/2590/5296 5460/2591/5460 5468/2591/5468 
f 5460/2591/5460 5461/2591/5461 5469/2591/5469 5468/2591/5468 
f 5461/2591/5461 5462/2591/5462 5470/2591/5470 5469/2591/5469 
f 5462/2591/5462 5463/2591/5463 5471/2591/5471 5470/2591/5470 
f 5463/2591/5463 5464/2591/5464 5472/2591/5472 5471/2591/5471 
f 5464/2591/5464 5465/2591/5465 5473/2591/5473 5472/2591/5472 
f 5465/2591/5465 5466/2591/5466 5474/2591/5474 5473/2591/5473 
f 5466/2591/5466 5467/2637/5467 5475/2638/5475 5474/2591/5474 
f 5296/2590/5296 5468/2591/5468 5476/2591/5476 
f 5468/2591/5468 5469/2591/5469 5477/2591/5477 5476/2591/5476 
f 5469/2591/5469 5470/2591/5470 5478/2591/5478 5477/2591/5477 
f 5470/2591/5470 5471/2591/5471 5479/2591/5479 5478/2591/5478 
f 5471/2591/5471 5472/2591/5472 5480/2591/5480 5479/2591/5479 
f 5472/2591/5472 5473/2591/5473 5481/2591/5481 5480/2591/5480 
f 5473/2591/5473 5474/2591/5474 5482/2591/5482 5481/2591/5481 
f 5474/2591/5474 5475/2638/5475 5483/2639/5483 5482/2591/5482 
f 5296/2590/5296 5476/2591/5476 5484/2591/5484 
f 5476/2591/5476 5477/2591/5477 5485/2591/5485 5484/2591/5484 
f 5477/2591/5477 5478/2591/5478 5486/2591/5486 5485/2591/5485 
f 5478/2591/5478 5479/2591/5479 5487/2591/5487 5486/2591/5486 
f 5479/2591/5479 5480/2591/5480 5488/2591/5488 5487/2591/5487 
f 5480/2591/5480 5481/2591/5481 5489/2591/5489 5488/2591/5488 
f 5481/2591/5481 5482/2591/5482 5490/2591/5490 5489/2591/5489 
f 5482/2591/5482 5483/2639/5483 5491/2640/5491 5490/2591/5490 
f 5296/2590/5296 5484/2591/5484 5492/2591/5492 
f 5484/2591/5484 5485/2591/5485 5493/2591/5493 5492/2591/5492 
f 5485/2591/5485 5486/2591/5486 5494/2591/5494 5493/2591/5493 
f 5486/2591/5486 5487/2591/5487 5495/2591/5495 5494/2591/5494 
f 5487/2591/5487 5488/2591/5488 5496/2591/5496 5495/2591/5495 
f 5488/2591/5488 5489/2591/5489 5497/2591/5497 5496/2591/5496 
f 5489/2591/5489 5490/2591/5490 5498/2591/5498 5497/2591/5497 
f 5490/2591/5490 5491/2640/5491 5499/2641/5499 5498/2591/5498 
f 5296/2590/5296 5492/2591/5492 5301/2591/5301 
f 5492/2591/5492 5493/2591/5493 5500/2591/5500 5301/2591/5301 
f 5493/2591/5493 5494/2591/5494 5501/2591/5501 5500/2591/5500 
f 5494/2591/5494 5495/2591/5495 5502/2591/5502 5501/2591/5501 
f 5495/2591/5495 5496/2591/5496 5503/2591/5503 5502/2591/5502 
f 5496/2591/5496 5497/2591/5497 5504/2591/5504 5503/2591/5503 
f 5497/2591/5497 5498/2591/5498 5505/2591/5505 5504/2591/5504 
f 5498/2591/5498 5499/2641/5499 5506/2642/5506 5505/2591/5505 
f 5301/2591/5301 5500/2591/5500 5507/2591/5507 5302/2591/5302 
f 5500/2591/5500 5501/2591/5501 5508/2591/5508 5507/2591/5507 
f 5501/2591/5501 5502/2591/5502 5509/2591/5509 5508/2591/5508 
f 5502/2591/5502 5503/2591/5503 5510/2591/5510 5509/2591/5509 
f 5503/2591/5503 5504/2591/5504 5511/2591/5511 5510/2591/5510 
f 5504/2591/5504 5505/2591/5505 5315/2591/5315 5511/2591/5511 
f 5505/2591/5505 5506/2642/5506 5293/2643/5293 5315/2591/5315 
f 5294/2586/5294 5512/2612/5512 5513/2591/5513 
f 5512/2612/5512 5514/2613/5514 5515/2591/5515 5513/2591/5513 
f 5514/2613/5514 5516/2614/5516 5517/2591/5517 5515/2591/5515 
f 5516/2614/5516 5518/2615/5518 5519/2591/5519 5517/2591/5517 
f 5518/2615/5518 5520/2616/5520 5521/2591/5521 5519/2591/5519 
f 5520/2616/5520 5522/2617/5522 5523/2591/5523 5521/2591/5521 
f 5522/2617/5522 5309/2618/5309 5524/2591/5524 5523/2591/5523 
f 5309/2618/5309 5287/2619/5287 5308/2620/5308 5524/2591/5524 
f 5294/2586/5294 5513/2591/5513 5525/2591/5525 
f 5513/2591/5513 5515/2591/5515 5526/2591/5526 5525/2591/5525 
f 5515/2591/5515 5517/2591/5517 5527/2591/5527 5526/2591/5526 
f 5517/2591/5517 5519/2591/5519 5528/2591/5528 5527/2591/5527 
f 5519/2591/5519 5521/2591/5521 5529/2591/5529 5528/2591/5528 
f 5521/2591/5521 5523/2591/5523 5530/2591/5530 5529/2591/5529 
f 5523/2591/5523 5524/2591/5524 5531/2591/5531 5530/2591/5530 
f 5524/2591/5524 5308/2620/5308 5532/2621/5532 5531/2591/5531 
f 5294/2586/5294 5525/2591/5525 5533/2591/5533 
f 5525/2591/5525 5526/2591/5526 5534/2591/5534 5533/2591/5533 
f 5526/2591/5526 5527/2591/5527 5535/2591/5535 5534/2591/5534 
f 5527/2591/5527 5528/2591/5528 5536/2591/5536 5535/2591/5535 
f 5528/2591/5528 5529/2591/5529 5537/2591/5537 5536/2591/5536 
f 5529/2591/5529 5530/2591/5530 5538/2591/5538 5537/2591/5537 
f 5530/2591/5530 5531/2591/5531 5539/2591/5539 5538/2591/5538 
f 5531/2591/5531 5532/2621/5532 5540/2622/5540 5539/2591/5539 
f 5294/2586/5294 5533/2591/5533 5541/2591/5541 
f 5533/2591/5533 5534/2591/5534 5542/2591/5542 5541/2591/5541 
f 5534/2591/5534 5535/2591/5535 5543/2591/5543 5542/2591/5542 
f 5535/2591/5535 5536/2591/5536 5544/2591/5544 5543/2591/5543 
f 5536/2591/5536 5537/2591/5537 5545/2591/5545 5544/2591/5544 
f 5537/2591/5537 5538/2591/5538 5546/2591/5546 5545/2591/5545 
f 5538/2591/5538 5539/2591/5539 5547/2591/5547 5546/2591/5546 
f 5539/2591/5539 5540/2622/5540 5548/2623/5548 5547/2591/5547 
f 5294/2586/5294 5541/2591/5541 5549/2591/5549 
f 5541/2591/5541 5542/2591/5542 5550/2591/5550 5549/2591/5549 
f 5542/2591/5542 5543/2591/5543 5551/2591/5551 5550/2591/5550 
f 5543/2591/5543 5544/2591/5544 5552/2591/5552 5551/2591/5551 
f 5544/2591/5544 5545/2591/5545 5553/2591/5553 5552/2591/5552 
f 5545/2591/5545 5546/2591/5546 5554/2591/5554 5553/2591/5553 
f 5546/2591/5546 5547/2591/5547 5555/2591/5555 5554/2591/5554 
f 5547/2591/5547 5548/2623/5548 5556/2624/5556 5555/2591/5555 
f 5294/2586/5294 5549/2591/5549 5557/2591/5557 
f 5549/2591/5549 5550/2591/5550 5558/2591/5558 5557/2591/5557 
f 5550/2591/5550 5551/2591/5551 5559/2591/5559 5558/2591/5558 
f 5551/2591/5551 5552/2591/5552 5560/2591/5560 5559/2591/5559 
f 5552/2591/5552 5553/2591/5553 5561/2591/5561 5560/2591/5560 
f 5553/2591/5553 5554/2591/5554 5562/2591/5562 5561/2591/5561 
f 5554/2591/5554 5555/2591/5555 5563/2591/5563 5562/2591/5562 
f 5555/2591/5555 5556/2624/5556 5564/2625/5564 5563/2591/5563 
f 5294/2586/5294 5557/2591/5557 5303/2591/5303 
f 5557/2591/5557 5558/2591/5558 5565/2591/5565 5303/2591/5303 
f 5558/2591/5558 5559/2591/5559 5566/2591/5566 5565/2591/5565 
f 5559/2591/5559 5560/2591/5560 5567/2591/5567 5566/2591/5566 
f 5560/2591/5560 5561/2591/5561 5568/2591/5568 5567/2591/5567 
f 5561/2591/5561 5562/2591/5562 5569/2591/5569 5568/2591/5568 
f 5562/2591/5562 5563/2591/5563 5570/2591/5570 5569/2591/5569 
f 5563/2591/5563 5564/2625/5564 5571/2626/5571 5570/2591/5570 
f 5303/2591/5303 5565/2591/5565 5572/2591/5572 5304/2591/5304 
f 5565/2591/5565 5566/2591/5566 5573/2591/5573 5572/2591/5572 
f 5566/2591/5566 5567/2591/5567 5574/2591/5574 5573/2591/5573 
f 5567/2591/5567 5568/2591/5568 5575/2591/5575 5574/2591/5574 
f 5568/2591/5568 5569/2591/5569 5576/2591/5576 5575/2591/5575 
f 5569/2591/5569 5570/2591/5570 5314/2591/5314 5576/2591/5576 
f 5570/2591/5570 5571/2626/5571 5291/2627/5291 5314/2591/5314 
f 5305/2593/5305 5326/2644/5326 5402/2645/5402 5306/2594/5306 
f 5326/2644/5326 5324/2646/5324 5410/2647/5410 5402/2645/5402 
f 5324/2646/5324 5322/2648/5322 5418/2649/5418 5410/2647/5410 
f 5322/2648/5322 5320/2650/5320 5426/2651/5426 5418/2649/5418 
f 5320/2650/5320 5318/2652/5318 5434/2653/5434 5426/2651/5426 
f 5318/2652/5318 5316/2654/5316 5441/2655/5441 5434/2653/5434 
f 5316/2654/5316 5290/2586/5290 5289/2585/5289 5441/2655/5441 
f 5307/2597/5307 5392/2656/5392 5532/2657/5532 5308/2598/5308 
f 5392/2656/5392 5390/2658/5390 5540/2659/5540 5532/2657/5532 
f 5390/2658/5390 5388/2660/5388 5548/2661/5548 5540/2659/5540 
f 5388/2660/5388 5386/2662/5386 5556/2663/5556 5548/2661/5548 
f 5386/2662/5386 5384/2664/5384 5564/2665/5564 5556/2663/5556 
f 5384/2664/5384 5382/2666/5382 5571/2667/5571 5564/2665/5564 
f 5382/2666/5382 5292/2590/5292 5291/2589/5291 5571/2667/5571 
f 5309/2593/5309 5522/2644/5522 5467/2645/5467 5310/2594/5310 
f 5522/2644/5522 5520/2646/5520 5475/2647/5475 5467/2645/5467 
f 5520/2646/5520 5518/2648/5518 5483/2649/5483 5475/2647/5475 
f 5518/2648/5518 5516/2650/5516 5491/2651/5491 5483/2649/5483 
f 5516/2650/5516 5514/2652/5514 5499/2653/5499 5491/2651/5491 
f 5514/2652/5514 5512/2654/5512 5506/2655/5506 5499/2653/5499 
f 5512/2654/5512 5294/2586/5294 5293/2585/5293 5506/2655/5506 
f 5311/2597/5311 5457/2656/5457 5336/2657/5336 5312/2598/5312 
f 5457/2656/5457 5455/2658/5455 5344/2659/5344 5336/2657/5336 
f 5455/2658/5455 5453/2660/5453 5352/2661/5352 5344/2659/5344 
f 5453/2660/5453 5451/2662/5451 5360/2663/5360 5352/2661/5352 
f 5451/2662/5451 5449/2664/5449 5368/2665/5368 5360/2663/5360 
f 5449/2664/5449 5447/2666/5447 5375/2667/5375 5368/2665/5368 
f 5447/2666/5447 5296/2590/5296 5295/2589/5295 5375/2667/5375 
f 5283/2601/5283 5282/2668/5282 5446/2669/5446 5313/2602/5313 
f 5282/2668/5282 5281/2670/5281 5445/2671/5445 5446/2669/5446 
f 5281/2670/5281 5280/2672/5280 5444/2673/5444 5445/2671/5445 
f 5280/2672/5280 5279/2674/5279 5443/2675/5443 5444/2673/5444 
f 5279/2674/5279 5278/2676/5278 5442/2677/5442 5443/2675/5443 
f 5278/2676/5278 5277/2678/5277 5300/2679/5300 5442/2677/5442 
f 5277/2678/5277 5276/2587/5276 5292/2590/5292 5300/2679/5300 
f 5298/2605/5298 5376/2680/5376 5251/2681/5251 5250/2606/5250 
f 5376/2680/5376 5377/2682/5377 5252/2683/5252 5251/2681/5251 
f 5377/2682/5377 5378/2684/5378 5253/2685/5253 5252/2683/5252 
f 5378/2684/5378 5379/2686/5379 5254/2687/5254 5253/2685/5253 
f 5379/2686/5379 5380/2688/5380 5255/2689/5255 5254/2687/5254 
f 5380/2688/5380 5381/2690/5381 5256/2691/5256 5255/2689/5255 
f 5381/2690/5381 5295/2589/5295 5257/2588/5257 5256/2691/5256 
f 5274/2609/5274 5273/2692/5273 5576/2693/5576 5314/2610/5314 
f 5273/2692/5273 5272/2694/5272 5575/2695/5575 5576/2693/5576 
f 5272/2694/5272 5271/2696/5271 5574/2697/5574 5575/2695/5575 
f 5271/2696/5271 5270/2698/5270 5573/2699/5573 5574/2697/5574 
f 5270/2698/5270 5269/2700/5269 5572/2701/5572 5573/2699/5573 
f 5269/2700/5269 5268/2702/5268 5304/2703/5304 5572/2701/5572 
f 5268/2702/5268 5267/2580/5267 5294/2586/5294 5304/2703/5304 
f 5265/2601/5265 5264/2668/5264 5511/2669/5511 5315/2602/5315 
f 5264/2668/5264 5263/2670/5263 5510/2671/5510 5511/2669/5511 
f 5263/2670/5263 5262/2672/5262 5509/2673/5509 5510/2671/5510 
f 5262/2672/5262 5261/2674/5261 5508/2675/5508 5509/2673/5509 
f 5261/2674/5261 5260/2676/5260 5507/2677/5507 5508/2675/5508 
f 5260/2676/5260 5259/2678/5259 5302/2679/5302 5507/2677/5507 
f 5259/2678/5259 5258/2587/5258 5296/2590/5296 5302/2679/5302 
# 294 polygons - 32 triangles

#
# object Box047
#

v  -53.5736 -0.3840 65.5721
v  -53.5264 -0.3840 65.4710
v  -53.3379 -0.3840 65.2074
v  -53.0079 -0.3840 64.7812
v  -52.5365 -0.3840 64.1925
v  -51.9236 -0.3840 63.4411
v  -51.1694 -0.3840 62.5273
v  -50.2737 -0.3840 61.4508
v  -49.2365 -0.3840 60.2118
v  -42.3862 -0.3840 52.0479
v  -41.3461 -0.3840 50.8114
v  -40.4416 -0.3840 49.7424
v  -39.6726 -0.3840 48.8409
v  -39.0391 -0.3840 48.1069
v  -38.5411 -0.3840 47.5404
v  -38.1787 -0.3840 47.1414
v  -37.9518 -0.3840 46.9100
v  -37.8605 -0.3840 46.8460
v  -37.0953 -0.3840 47.4881
v  -37.1424 -0.3840 47.5892
v  -37.3310 -0.3840 47.8528
v  -37.6609 -0.3840 48.2790
v  -38.1324 -0.3840 48.8677
v  -38.7452 -0.3840 49.6191
v  -39.4995 -0.3840 50.5329
v  -40.3952 -0.3840 51.6094
v  -41.4323 -0.3840 52.8484
v  -48.2826 -0.3840 61.0123
v  -49.3227 -0.3840 62.2488
v  -50.2272 -0.3840 63.3178
v  -50.9963 -0.3840 64.2193
v  -51.6297 -0.3840 64.9533
v  -52.1277 -0.3840 65.5198
v  -52.4901 -0.3840 65.9188
v  -52.7170 -0.3840 66.1502
v  -52.8083 -0.3840 66.2142
v  -49.1422 0.4274 60.2910
v  -48.3770 0.4274 60.9331
v  -41.5267 0.4274 52.7692
v  -42.2919 0.4274 52.1271
v  -52.8083 0.4174 66.2142
v  -53.5736 0.4174 65.5721
v  -41.4323 0.4174 52.8484
v  -48.2826 0.4174 61.0123
v  -37.8605 0.4174 46.8460
v  -37.0953 0.4174 47.4881
v  -49.2365 0.4174 60.2118
v  -42.3862 0.4174 52.0479
v  -53.5261 0.4180 65.4713
v  -53.5264 0.4174 65.4710
v  -49.3065 0.4180 62.2295
v  -49.3227 0.4174 62.2488
v  -41.3624 0.4180 50.8308
v  -41.3461 0.4174 50.8114
v  -37.1428 0.4180 47.5889
v  -37.1424 0.4174 47.5892
v  -50.1808 0.4273 61.5288
v  -49.4156 0.4273 62.1708
v  -48.3549 0.4273 60.9516
v  -41.5045 0.4273 52.7878
v  -40.4881 0.4273 51.5314
v  -41.2533 0.4273 50.8894
v  -42.3140 0.4273 52.1086
v  -49.1643 0.4273 60.2725
v  -52.7170 0.4174 66.1502
v  -40.3952 0.4174 51.6094
v  -37.9518 0.4174 46.9100
v  -53.5043 0.4198 65.4896
v  -53.5095 0.4197 65.4852
v  -53.2966 0.4218 65.2420
v  -53.3063 0.4217 65.2339
v  -52.9504 0.4235 64.8295
v  -52.9639 0.4234 64.8181
v  -52.4657 0.4249 64.2518
v  -52.4823 0.4248 64.2379
v  -51.8425 0.4260 63.5092
v  -51.8616 0.4259 63.4932
v  -51.0809 0.4268 62.6015
v  -51.1016 0.4267 62.5841
v  -50.2026 0.4271 61.5105
v  -53.5140 0.4196 65.4815
v  -53.3147 0.4215 65.2269
v  -52.9755 0.4231 64.8083
v  -52.4967 0.4245 64.2259
v  -51.8780 0.4255 63.4794
v  -51.1196 0.4262 62.5690
v  -50.2214 0.4267 61.4947
v  -49.1835 0.4268 60.2564
v  -53.5178 0.4194 65.4783
v  -53.3217 0.4212 65.2209
v  -52.9854 0.4227 64.8001
v  -52.5088 0.4239 64.2157
v  -51.8920 0.4248 63.4677
v  -51.1348 0.4255 62.5563
v  -50.2374 0.4259 61.4813
v  -49.1997 0.4260 60.2428
v  -53.5209 0.4192 65.4757
v  -53.3276 0.4207 65.2161
v  -52.9935 0.4220 64.7933
v  -52.5188 0.4231 64.2073
v  -51.9034 0.4239 63.4581
v  -51.1473 0.4245 62.5458
v  -50.2504 0.4248 61.4703
v  -49.2130 0.4249 60.2316
v  -53.5233 0.4188 65.4736
v  -53.3321 0.4201 65.2123
v  -52.9998 0.4211 64.7880
v  -52.5265 0.4220 64.2008
v  -51.9122 0.4227 63.4507
v  -51.1569 0.4231 62.5377
v  -50.2606 0.4234 61.4618
v  -49.2233 0.4235 60.2230
v  -53.5250 0.4184 65.4722
v  -53.3353 0.4193 65.2096
v  -53.0043 0.4201 64.7842
v  -52.5321 0.4207 64.1962
v  -51.9186 0.4212 63.4454
v  -51.1638 0.4215 62.5319
v  -50.2679 0.4217 61.4557
v  -49.2306 0.4218 60.2168
v  -53.3372 0.4184 65.2079
v  -53.0070 0.4188 64.7820
v  -52.5354 0.4192 64.1934
v  -51.9224 0.4194 63.4422
v  -51.1680 0.4196 62.5284
v  -50.2722 0.4197 61.4520
v  -49.2351 0.4198 60.2131
v  -53.3379 0.4174 65.2074
v  -53.0079 0.4174 64.7812
v  -52.5365 0.4174 64.1925
v  -51.9236 0.4174 63.4411
v  -51.1694 0.4174 62.5273
v  -50.2737 0.4174 61.4508
v  -48.2841 0.4198 61.0110
v  -48.5275 0.4197 61.3011
v  -48.2885 0.4218 61.0073
v  -48.7429 0.4217 61.5488
v  -48.2959 0.4235 61.0011
v  -48.9288 0.4234 61.7554
v  -48.3062 0.4249 60.9925
v  -49.0852 0.4248 61.9208
v  -48.3195 0.4260 60.9813
v  -49.2120 0.4259 62.0450
v  -48.3357 0.4268 60.9677
v  -49.3094 0.4267 62.1281
v  -49.3772 0.4271 62.1701
v  -48.7385 0.4196 61.5526
v  -49.1367 0.4215 62.0182
v  -49.4773 0.4231 62.4091
v  -49.7603 0.4245 62.7253
v  -49.9856 0.4255 62.9669
v  -50.1533 0.4262 63.1338
v  -50.2633 0.4267 63.2260
v  -50.3157 0.4268 63.2436
v  -48.9170 0.4194 61.7653
v  -49.4699 0.4212 62.4153
v  -49.9414 0.4227 62.9622
v  -50.3315 0.4239 63.4061
v  -50.6401 0.4248 63.7470
v  -50.8673 0.4255 63.9848
v  -51.0130 0.4259 64.1195
v  -51.0773 0.4260 64.1513
v  -49.0630 0.4192 61.9394
v  -49.7426 0.4207 62.7402
v  -50.3212 0.4220 63.4148
v  -50.7989 0.4231 63.9631
v  -51.1756 0.4239 64.3852
v  -51.4515 0.4245 64.6810
v  -51.6265 0.4248 64.8506
v  -51.7005 0.4249 64.8939
v  -49.1766 0.4188 62.0747
v  -49.9546 0.4201 62.9929
v  -50.6165 0.4211 63.7667
v  -51.1624 0.4220 64.3963
v  -51.5922 0.4227 64.8816
v  -51.9059 0.4231 65.2225
v  -52.1036 0.4234 65.4192
v  -52.1852 0.4235 65.4715
v  -49.2578 0.4184 62.1714
v  -50.1061 0.4193 63.1734
v  -50.8275 0.4201 64.0182
v  -51.4220 0.4207 64.7057
v  -51.8897 0.4212 65.2361
v  -52.2305 0.4215 65.6093
v  -52.4444 0.4217 65.8253
v  -52.5314 0.4218 65.8841
v  -50.1970 0.4184 63.2817
v  -50.9541 0.4188 64.1690
v  -51.5778 0.4192 64.8914
v  -52.0682 0.4194 65.4489
v  -52.4252 0.4196 65.8414
v  -52.6488 0.4197 66.0690
v  -52.7391 0.4198 66.1317
v  -50.2272 0.4174 63.3178
v  -50.9963 0.4174 64.2193
v  -51.6297 0.4174 64.9533
v  -52.1277 0.4174 65.5198
v  -52.4901 0.4174 65.9188
v  -42.3847 0.4198 52.0492
v  -42.1413 0.4197 51.7591
v  -42.3803 0.4218 52.0529
v  -41.9259 0.4217 51.5114
v  -42.3729 0.4235 52.0591
v  -41.7400 0.4234 51.3048
v  -42.3626 0.4249 52.0677
v  -41.5837 0.4248 51.1394
v  -42.3494 0.4260 52.0789
v  -41.4568 0.4259 51.0152
v  -42.3331 0.4268 52.0925
v  -41.3595 0.4267 50.9321
v  -41.2916 0.4271 50.8901
v  -41.9304 0.4196 51.5077
v  -41.5321 0.4215 51.0420
v  -41.1915 0.4231 50.6511
v  -40.9086 0.4245 50.3349
v  -40.6833 0.4255 50.0933
v  -40.5156 0.4262 49.9264
v  -40.4055 0.4267 49.8342
v  -40.3531 0.4268 49.8166
v  -41.7518 0.4194 51.2949
v  -41.1989 0.4212 50.6449
v  -40.7274 0.4227 50.0980
v  -40.3374 0.4239 49.6541
v  -40.0287 0.4248 49.3132
v  -39.8015 0.4255 49.0754
v  -39.6558 0.4259 48.9407
v  -39.5915 0.4260 48.9089
v  -41.6058 0.4192 51.1209
v  -40.9263 0.4207 50.3200
v  -40.3477 0.4220 49.6454
v  -39.8700 0.4231 49.0971
v  -39.4932 0.4239 48.6750
v  -39.2173 0.4245 48.3792
v  -39.0424 0.4248 48.2096
v  -38.9683 0.4249 48.1663
v  -41.4922 0.4188 50.9855
v  -40.7142 0.4201 50.0673
v  -40.0523 0.4211 49.2935
v  -39.5065 0.4220 48.6639
v  -39.0767 0.4227 48.1786
v  -38.7629 0.4231 47.8377
v  -38.5653 0.4234 47.6410
v  -38.4837 0.4235 47.5887
v  -41.4111 0.4184 50.8888
v  -40.5628 0.4193 49.8868
v  -39.8414 0.4201 49.0420
v  -39.2468 0.4207 48.3545
v  -38.7792 0.4212 47.8241
v  -38.4384 0.4215 47.4509
v  -38.2245 0.4217 47.2349
v  -38.1375 0.4218 47.1761
v  -40.4719 0.4184 49.7785
v  -39.7148 0.4188 48.8912
v  -39.0910 0.4192 48.1688
v  -38.6007 0.4194 47.6113
v  -38.2436 0.4196 47.2188
v  -38.0200 0.4197 46.9912
v  -37.9297 0.4198 46.9285
v  -40.4416 0.4174 49.7424
v  -39.6726 0.4174 48.8409
v  -39.0391 0.4174 48.1069
v  -38.5411 0.4174 47.5404
v  -38.1787 0.4174 47.1414
v  -37.1645 0.4198 47.5706
v  -37.1593 0.4197 47.5750
v  -37.3722 0.4218 47.8182
v  -37.3626 0.4217 47.8263
v  -37.7184 0.4235 48.2307
v  -37.7050 0.4234 48.2421
v  -38.2031 0.4249 48.8084
v  -38.1865 0.4248 48.8223
v  -38.8263 0.4260 49.5510
v  -38.8073 0.4259 49.5670
v  -39.5879 0.4268 50.4587
v  -39.5672 0.4267 50.4761
v  -40.4663 0.4271 51.5497
v  -37.1549 0.4196 47.5787
v  -37.3542 0.4215 47.8333
v  -37.6933 0.4231 48.2519
v  -38.1722 0.4245 48.8343
v  -38.7908 0.4255 49.5808
v  -39.5492 0.4262 50.4912
v  -40.4474 0.4267 51.5655
v  -41.4854 0.4268 52.8038
v  -37.1511 0.4194 47.5819
v  -37.3471 0.4212 47.8393
v  -37.6834 0.4227 48.2601
v  -38.1600 0.4239 48.8446
v  -38.7769 0.4248 49.5925
v  -39.5340 0.4255 50.5039
v  -40.4315 0.4259 51.5789
v  -41.4692 0.4260 52.8174
v  -37.1479 0.4192 47.5845
v  -37.3413 0.4207 47.8441
v  -37.6753 0.4220 48.2669
v  -38.1501 0.4231 48.8529
v  -38.7655 0.4239 49.6021
v  -39.5216 0.4245 50.5144
v  -40.4184 0.4248 51.5899
v  -41.4559 0.4249 52.8286
v  -37.1455 0.4188 47.5866
v  -37.3368 0.4201 47.8479
v  -37.6690 0.4211 48.2722
v  -38.1423 0.4220 48.8594
v  -38.7566 0.4227 49.6095
v  -39.5119 0.4231 50.5225
v  -40.4082 0.4234 51.5984
v  -41.4456 0.4235 52.8372
v  -37.1438 0.4184 47.5880
v  -37.3335 0.4193 47.8506
v  -37.6645 0.4201 48.2760
v  -38.1368 0.4207 48.8640
v  -38.7503 0.4212 49.6148
v  -39.5050 0.4215 50.5283
v  -40.4010 0.4217 51.6045
v  -41.4382 0.4218 52.8434
v  -37.3316 0.4184 47.8523
v  -37.6618 0.4188 48.2782
v  -38.1335 0.4192 48.8668
v  -38.7465 0.4194 49.6180
v  -39.5009 0.4196 50.5318
v  -40.3966 0.4197 51.6082
v  -41.4338 0.4198 52.8471
v  -37.3310 0.4174 47.8528
v  -37.6609 0.4174 48.2790
v  -38.1324 0.4174 48.8677
v  -38.7452 0.4174 49.6191
v  -39.4995 0.4174 50.5329
# 328 vertices

vn -0.4772 -0.6997 0.5317
vn -0.5416 -0.6896 0.4808
vn -0.6224 -0.6853 0.3781
vn -0.6924 -0.6817 0.2363
vn -0.7302 -0.6802 0.0639
vn -0.7229 -0.6817 -0.1124
vn -0.6786 -0.6853 -0.2643
vn -0.6169 -0.6895 -0.3795
vn -0.5622 -0.6997 -0.4407
vn -0.5317 -0.6997 -0.4772
vn -0.4808 -0.6895 -0.5417
vn -0.3781 -0.6853 -0.6224
vn -0.2363 -0.6817 -0.6924
vn -0.0639 -0.6802 -0.7302
vn 0.1124 -0.6817 -0.7229
vn 0.2643 -0.6853 -0.6786
vn 0.3794 -0.6896 -0.6169
vn 0.4407 -0.6997 -0.5622
vn 0.4772 -0.6997 -0.5317
vn 0.5416 -0.6896 -0.4808
vn 0.6224 -0.6853 -0.3781
vn 0.6924 -0.6817 -0.2363
vn 0.7302 -0.6802 -0.0639
vn 0.7229 -0.6817 0.1124
vn 0.6786 -0.6853 0.2643
vn 0.6169 -0.6895 0.3795
vn 0.5622 -0.6997 0.4407
vn 0.5317 -0.6997 0.4772
vn 0.4808 -0.6895 0.5417
vn 0.3781 -0.6853 0.6224
vn 0.2363 -0.6817 0.6924
vn 0.0639 -0.6802 0.7302
vn -0.1124 -0.6817 0.7229
vn -0.2643 -0.6853 0.6786
vn -0.3794 -0.6896 0.6169
vn -0.4407 -0.6997 0.5622
vn -0.0468 0.9989 0.0041
vn 0.0041 0.9989 0.0468
vn 0.0468 0.9989 -0.0041
vn -0.0041 0.9989 -0.0468
vn -0.6166 0.0332 0.7866
vn -0.6627 0.0267 0.7484
vn 0.7866 0.0332 0.6166
vn 0.7484 0.0267 0.6628
vn 0.6166 0.0332 -0.7866
vn 0.6627 0.0267 -0.7484
vn -0.7866 0.0332 -0.6166
vn -0.7484 0.0267 -0.6628
vn -0.7486 0.0214 0.6627
vn -0.7490 0.0050 0.6626
vn 0.6627 0.0214 0.7486
vn 0.6626 0.0050 0.7490
vn -0.6627 0.0214 -0.7486
vn -0.6626 0.0050 -0.7490
vn 0.7486 0.0214 -0.6627
vn 0.7490 0.0050 -0.6626
vn -0.1189 0.9888 0.0906
vn -0.0683 0.9887 0.1335
vn 0.0906 0.9888 0.1189
vn 0.1335 0.9887 0.0683
vn 0.1189 0.9888 -0.0906
vn 0.0683 0.9887 -0.1335
vn -0.0906 0.9888 -0.1189
vn -0.1335 0.9887 -0.0683
vn -0.5238 0.0329 0.8512
vn 0.8512 0.0329 0.5238
vn 0.5238 0.0329 -0.8512
vn -0.6395 0.1478 0.7544
vn -0.6520 0.1475 0.7438
vn -0.6166 0.3228 0.7180
vn -0.6441 0.3198 0.6949
vn -0.5626 0.5192 0.6434
vn -0.6073 0.5133 0.6064
vn -0.4716 0.7082 0.5254
vn -0.5333 0.6999 0.4750
vn -0.3536 0.8560 0.3771
vn -0.4287 0.8463 0.3162
vn -0.2299 0.9468 0.2250
vn -0.3130 0.9366 0.1573
vn -0.2053 0.9785 0.0192
vn -0.6715 0.1396 0.7278
vn -0.6870 0.3022 0.6608
vn -0.6774 0.4858 0.5525
vn -0.6303 0.6645 0.4015
vn -0.5465 0.8064 0.2260
vn -0.4428 0.8949 0.0552
vn -0.3395 0.9363 -0.0898
vn -0.2678 0.9465 -0.1802
vn -0.6931 0.1243 0.7100
vn -0.7342 0.2688 0.6234
vn -0.7545 0.4331 0.4931
vn -0.7375 0.5947 0.3201
vn -0.6775 0.7247 0.1256
vn -0.5879 0.8068 -0.0589
vn -0.4900 0.8455 -0.2122
vn -0.4187 0.8551 -0.3058
vn -0.7141 0.1018 0.6927
vn -0.7795 0.2202 0.5864
vn -0.8279 0.3554 0.4339
vn -0.8389 0.4892 0.2388
vn -0.8015 0.5974 0.0258
vn -0.7258 0.6662 -0.1714
vn -0.6340 0.6987 -0.3314
vn -0.5640 0.7067 -0.4273
vn -0.7312 0.0745 0.6780
vn -0.8163 0.1617 0.5546
vn -0.8863 0.2610 0.3825
vn -0.9179 0.3591 0.1687
vn -0.8969 0.4383 -0.0585
vn -0.8319 0.4882 -0.2637
vn -0.7457 0.5117 -0.4268
vn -0.6775 0.5173 -0.5229
vn -0.7427 0.0466 0.6680
vn -0.8407 0.1015 0.5318
vn -0.9240 0.1638 0.3455
vn -0.9671 0.2247 0.1188
vn -0.9548 0.2734 -0.1166
vn -0.8957 0.3037 -0.3248
vn -0.8133 0.3178 -0.4874
vn -0.7470 0.3210 -0.5822
vn -0.8533 0.0467 0.5193
vn -0.9427 0.0754 0.3249
vn -0.9904 0.1032 0.0915
vn -0.9811 0.1252 -0.1474
vn -0.9243 0.1387 -0.3557
vn -0.8439 0.1449 -0.5166
vn -0.7789 0.1462 -0.6099
vn -0.8556 0.0108 0.5175
vn -0.9470 0.0173 0.3209
vn -0.9961 0.0236 0.0853
vn -0.9875 0.0285 -0.1549
vn -0.9311 0.0315 -0.3634
vn -0.8512 0.0329 -0.5238
vn 0.7544 0.1478 0.6395
vn 0.7438 0.1475 0.6520
vn 0.7180 0.3228 0.6166
vn 0.6949 0.3198 0.6441
vn 0.6434 0.5192 0.5626
vn 0.6064 0.5133 0.6073
vn 0.5254 0.7082 0.4716
vn 0.4750 0.6999 0.5333
vn 0.3771 0.8560 0.3536
vn 0.3162 0.8463 0.4287
vn 0.2250 0.9468 0.2299
vn 0.1573 0.9366 0.3130
vn 0.0192 0.9785 0.2053
vn 0.7278 0.1396 0.6715
vn 0.6608 0.3022 0.6870
vn 0.5525 0.4858 0.6774
vn 0.4015 0.6645 0.6303
vn 0.2260 0.8064 0.5465
vn 0.0552 0.8949 0.4428
vn -0.0898 0.9363 0.3395
vn -0.1802 0.9465 0.2678
vn 0.7101 0.1243 0.6931
vn 0.6234 0.2688 0.7342
vn 0.4931 0.4331 0.7545
vn 0.3201 0.5947 0.7375
vn 0.1256 0.7247 0.6775
vn -0.0589 0.8068 0.5879
vn -0.2122 0.8455 0.4899
vn -0.3058 0.8551 0.4187
vn 0.6927 0.1018 0.7141
vn 0.5864 0.2202 0.7795
vn 0.4339 0.3554 0.8279
vn 0.2388 0.4892 0.8389
vn 0.0258 0.5974 0.8015
vn -0.1714 0.6662 0.7258
vn -0.3314 0.6987 0.6340
vn -0.4273 0.7067 0.5640
vn 0.6780 0.0745 0.7312
vn 0.5546 0.1617 0.8163
vn 0.3825 0.2610 0.8863
vn 0.1687 0.3591 0.9179
vn -0.0585 0.4382 0.8970
vn -0.2637 0.4882 0.8319
vn -0.4268 0.5117 0.7457
vn -0.5230 0.5173 0.6775
vn 0.6680 0.0466 0.7427
vn 0.5318 0.1015 0.8407
vn 0.3455 0.1638 0.9240
vn 0.1188 0.2247 0.9671
vn -0.1166 0.2734 0.9548
vn -0.3248 0.3037 0.8957
vn -0.4874 0.3178 0.8133
vn -0.5822 0.3210 0.7470
vn 0.5193 0.0467 0.8533
vn 0.3249 0.0754 0.9427
vn 0.0915 0.1032 0.9904
vn -0.1474 0.1252 0.9811
vn -0.3557 0.1387 0.9243
vn -0.5166 0.1449 0.8439
vn -0.6099 0.1462 0.7789
vn 0.5175 0.0108 0.8556
vn 0.3209 0.0173 0.9470
vn 0.0853 0.0236 0.9961
vn -0.1549 0.0285 0.9875
vn -0.3634 0.0315 0.9311
vn -0.7544 0.1478 -0.6395
vn -0.7438 0.1475 -0.6520
vn -0.7180 0.3228 -0.6166
vn -0.6949 0.3198 -0.6441
vn -0.6434 0.5192 -0.5626
vn -0.6064 0.5133 -0.6073
vn -0.5254 0.7082 -0.4716
vn -0.4750 0.6999 -0.5333
vn -0.3771 0.8560 -0.3536
vn -0.3162 0.8463 -0.4287
vn -0.2250 0.9468 -0.2299
vn -0.1573 0.9366 -0.3130
vn -0.0192 0.9785 -0.2053
vn -0.7278 0.1396 -0.6715
vn -0.6608 0.3022 -0.6870
vn -0.5525 0.4858 -0.6774
vn -0.4015 0.6645 -0.6303
vn -0.2260 0.8064 -0.5465
vn -0.0552 0.8949 -0.4428
vn 0.0898 0.9363 -0.3395
vn 0.1802 0.9465 -0.2678
vn -0.7101 0.1243 -0.6931
vn -0.6234 0.2688 -0.7342
vn -0.4931 0.4331 -0.7545
vn -0.3201 0.5947 -0.7375
vn -0.1256 0.7247 -0.6775
vn 0.0589 0.8068 -0.5879
vn 0.2122 0.8455 -0.4899
vn 0.3058 0.8551 -0.4187
vn -0.6927 0.1018 -0.7141
vn -0.5864 0.2202 -0.7795
vn -0.4339 0.3554 -0.8279
vn -0.2388 0.4892 -0.8389
vn -0.0258 0.5974 -0.8015
vn 0.1714 0.6662 -0.7258
vn 0.3314 0.6987 -0.6340
vn 0.4273 0.7067 -0.5640
vn -0.6780 0.0745 -0.7312
vn -0.5546 0.1617 -0.8163
vn -0.3825 0.2610 -0.8863
vn -0.1687 0.3591 -0.9179
vn 0.0585 0.4382 -0.8970
vn 0.2637 0.4882 -0.8319
vn 0.4268 0.5117 -0.7457
vn 0.5230 0.5173 -0.6775
vn -0.6680 0.0466 -0.7427
vn -0.5318 0.1015 -0.8407
vn -0.3455 0.1638 -0.9240
vn -0.1188 0.2247 -0.9671
vn 0.1166 0.2734 -0.9548
vn 0.3248 0.3037 -0.8957
vn 0.4874 0.3178 -0.8133
vn 0.5822 0.3210 -0.7470
vn -0.5193 0.0467 -0.8533
vn -0.3249 0.0754 -0.9427
vn -0.0915 0.1032 -0.9904
vn 0.1474 0.1252 -0.9811
vn 0.3557 0.1387 -0.9243
vn 0.5166 0.1449 -0.8439
vn 0.6099 0.1462 -0.7789
vn -0.5175 0.0108 -0.8556
vn -0.3209 0.0173 -0.9470
vn -0.0853 0.0236 -0.9961
vn 0.1549 0.0285 -0.9875
vn 0.3634 0.0315 -0.9311
vn 0.6395 0.1478 -0.7544
vn 0.6520 0.1475 -0.7438
vn 0.6166 0.3228 -0.7180
vn 0.6441 0.3198 -0.6949
vn 0.5626 0.5192 -0.6434
vn 0.6073 0.5133 -0.6064
vn 0.4716 0.7082 -0.5254
vn 0.5333 0.6999 -0.4750
vn 0.3536 0.8560 -0.3771
vn 0.4287 0.8463 -0.3162
vn 0.2299 0.9468 -0.2250
vn 0.3130 0.9366 -0.1573
vn 0.2053 0.9785 -0.0192
vn 0.6715 0.1396 -0.7278
vn 0.6870 0.3022 -0.6608
vn 0.6774 0.4858 -0.5525
vn 0.6303 0.6645 -0.4015
vn 0.5465 0.8064 -0.2260
vn 0.4428 0.8949 -0.0552
vn 0.3395 0.9363 0.0898
vn 0.2678 0.9465 0.1802
vn 0.6931 0.1243 -0.7100
vn 0.7342 0.2688 -0.6234
vn 0.7545 0.4331 -0.4931
vn 0.7375 0.5947 -0.3201
vn 0.6775 0.7247 -0.1256
vn 0.5879 0.8068 0.0589
vn 0.4900 0.8455 0.2122
vn 0.4187 0.8551 0.3058
vn 0.7141 0.1018 -0.6927
vn 0.7795 0.2202 -0.5864
vn 0.8279 0.3554 -0.4339
vn 0.8389 0.4892 -0.2388
vn 0.8015 0.5974 -0.0258
vn 0.7258 0.6662 0.1714
vn 0.6340 0.6987 0.3314
vn 0.5640 0.7067 0.4273
vn 0.7312 0.0745 -0.6780
vn 0.8163 0.1617 -0.5546
vn 0.8863 0.2610 -0.3825
vn 0.9179 0.3591 -0.1687
vn 0.8969 0.4383 0.0585
vn 0.8319 0.4882 0.2637
vn 0.7457 0.5117 0.4268
vn 0.6775 0.5173 0.5229
vn 0.7427 0.0466 -0.6680
vn 0.8407 0.1015 -0.5318
vn 0.9240 0.1638 -0.3455
vn 0.9671 0.2247 -0.1188
vn 0.9548 0.2734 0.1166
vn 0.8957 0.3037 0.3248
vn 0.8133 0.3178 0.4874
vn 0.7470 0.3210 0.5822
vn 0.8533 0.0467 -0.5193
vn 0.9427 0.0754 -0.3249
vn 0.9904 0.1032 -0.0915
vn 0.9811 0.1252 0.1474
vn 0.9243 0.1387 0.3557
vn 0.8439 0.1449 0.5166
vn 0.7789 0.1462 0.6099
vn 0.8556 0.0108 -0.5175
vn 0.9470 0.0173 -0.3209
vn 0.9961 0.0236 -0.0853
vn 0.9875 0.0285 0.1549
vn 0.9311 0.0315 0.3634
# 328 vertex normals

vt 0.9011 0.0000 0.0000
vt 0.9243 0.0044 0.0000
vt 0.9444 0.0176 0.0000
vt 0.9614 0.0397 0.0000
vt 0.9753 0.0705 0.0000
vt 0.9861 0.1102 0.0000
vt 0.9938 0.1586 0.0000
vt 0.9985 0.2159 0.0000
vt 1.0000 0.2820 0.0000
vt 1.0000 0.7180 0.0000
vt 0.9985 0.7841 0.0000
vt 0.9938 0.8414 0.0000
vt 0.9861 0.8898 0.0000
vt 0.9753 0.9295 0.0000
vt 0.9614 0.9603 0.0000
vt 0.9444 0.9824 0.0000
vt 0.9243 0.9956 0.0000
vt 0.9011 1.0000 0.0000
vt 0.0989 1.0000 0.0000
vt 0.0757 0.9956 0.0000
vt 0.0556 0.9824 0.0000
vt 0.0386 0.9603 0.0000
vt 0.0247 0.9295 0.0000
vt 0.0139 0.8898 0.0000
vt 0.0062 0.8414 0.0000
vt 0.0015 0.7841 0.0000
vt 0.0000 0.7180 0.0000
vt 0.0000 0.2820 0.0000
vt 0.0015 0.2159 0.0000
vt 0.0062 0.1586 0.0000
vt 0.0139 0.1102 0.0000
vt 0.0247 0.0705 0.0000
vt 0.0386 0.0397 0.0000
vt 0.0556 0.0176 0.0000
vt 0.0757 0.0044 0.0000
vt 0.0989 0.0000 0.0000
vt 0.0989 0.2820 0.0000
vt 0.9011 0.2820 0.0000
vt 0.9011 0.7180 0.0000
vt 0.0989 0.7180 0.0000
vt 0.9011 0.9876 0.0000
vt 0.0989 0.9876 0.0000
vt 0.2820 0.0000 0.0000
vt 0.7180 0.0000 0.0000
vt 0.7180 0.9876 0.0000
vt 0.2820 0.9876 0.0000
vt 0.0000 1.0000 0.0000
vt 0.0989 1.2636 0.0000
vt 0.0989 1.2291 0.0000
vt 0.9011 1.2291 0.0000
vt 0.9011 1.2636 0.0000
vt 0.2820 0.5888 0.0000
vt 0.2820 0.6387 0.0000
vt 0.7180 0.6387 0.0000
vt 0.7180 0.5888 0.0000
vt 0.0858 -0.0039 0.0000
vt 0.1103 -0.0034 0.0000
vt 0.1124 0.9842 0.0000
vt 0.0882 0.9837 0.0000
vt 0.9118 0.9837 0.0000
vt 0.8876 0.9842 0.0000
vt 0.8897 -0.0034 0.0000
vt 0.9142 -0.0039 0.0000
vt 0.2443 -0.0106 0.0000
vt 0.2261 -0.0092 0.0000
vt 0.2204 0.9786 0.0000
vt 0.2378 0.9773 0.0000
vt 0.0730 0.9914 0.0000
vt 0.0448 0.9966 0.0000
vt 0.0143 1.0032 0.0000
vt -0.0186 1.0113 0.0000
vt -0.0537 1.0207 0.0000
vt -0.0912 1.0315 0.0000
vt -0.1310 1.0438 0.0000
vt -0.1732 1.0574 0.0000
vt -0.1353 1.0420 0.0000
vt -0.1082 1.0243 0.0000
vt -0.0920 1.0044 0.0000
vt -0.0866 0.9824 0.0000
vt -0.0920 0.9581 0.0000
vt -0.1082 0.9316 0.0000
vt -0.1353 0.9029 0.0000
vt -0.1732 0.8720 0.0000
vt 0.2188 0.9928 0.0000
vt 0.1702 1.0022 0.0000
vt 0.1362 1.0157 0.0000
vt 0.1168 1.0334 0.0000
vt 0.1121 1.0552 0.0000
vt 0.1219 1.0813 0.0000
vt 0.1463 1.1115 0.0000
vt 0.1854 1.1458 0.0000
vt 0.1411 1.1107 0.0000
vt 0.1009 1.0783 0.0000
vt 0.0648 1.0486 0.0000
vt 0.0328 1.0215 0.0000
vt 0.0049 0.9971 0.0000
vt -0.0189 0.9755 0.0000
vt -0.0387 0.9565 0.0000
vt -0.0543 0.9402 0.0000
vt 0.0989 1.1946 0.0000
vt 0.9011 1.1946 0.0000
vt 0.0989 1.1601 0.0000
vt 0.9011 1.1601 0.0000
vt 0.0989 1.1256 0.0000
vt 0.9011 1.1256 0.0000
vt 0.0989 1.0911 0.0000
vt 0.9011 1.0911 0.0000
vt 0.0989 1.0566 0.0000
vt 0.9011 1.0566 0.0000
vt 0.0989 1.0221 0.0000
vt 0.9011 1.0221 0.0000
vt 0.2820 0.6885 0.0000
vt 0.7180 0.6885 0.0000
vt 0.2820 0.7384 0.0000
vt 0.7180 0.7384 0.0000
vt 0.2820 0.7882 0.0000
vt 0.7180 0.7882 0.0000
vt 0.2820 0.8381 0.0000
vt 0.7180 0.8381 0.0000
vt 0.2820 0.8879 0.0000
vt 0.7180 0.8879 0.0000
vt 0.2820 0.9378 0.0000
vt 0.7180 0.9378 0.0000
vt 0.1349 -0.0029 0.0000
vt 0.1366 0.9847 0.0000
vt 0.1594 -0.0024 0.0000
vt 0.1609 0.9852 0.0000
vt 0.1839 -0.0020 0.0000
vt 0.1851 0.9857 0.0000
vt 0.2084 -0.0015 0.0000
vt 0.2093 0.9862 0.0000
vt 0.2330 -0.0010 0.0000
vt 0.2336 0.9867 0.0000
vt 0.2575 -0.0005 0.0000
vt 0.2578 0.9871 0.0000
vt 0.8634 0.9847 0.0000
vt 0.8651 -0.0029 0.0000
vt 0.8391 0.9852 0.0000
vt 0.8406 -0.0024 0.0000
vt 0.8149 0.9857 0.0000
vt 0.8161 -0.0020 0.0000
vt 0.7907 0.9862 0.0000
vt 0.7916 -0.0015 0.0000
vt 0.7664 0.9867 0.0000
vt 0.7670 -0.0010 0.0000
vt 0.7422 0.9871 0.0000
vt 0.7425 -0.0005 0.0000
vt 0.2079 -0.0079 0.0000
vt 0.2031 0.9799 0.0000
vt 0.1898 -0.0066 0.0000
vt 0.1857 0.9812 0.0000
vt 0.1716 -0.0053 0.0000
vt 0.1684 0.9825 0.0000
vt 0.1534 -0.0040 0.0000
vt 0.1510 0.9838 0.0000
vt 0.1353 -0.0026 0.0000
vt 0.1336 0.9851 0.0000
vt 0.1171 -0.0013 0.0000
vt 0.1163 0.9863 0.0000
# 159 texture coords

o Box047
g Box047
usemtl wire_062062062
s 1
f 5577/2704/5577 5578/2705/5578 5579/2706/5579 5580/2707/5580 5581/2708/5581 5582/2709/5582 5583/2710/5583 5584/2711/5584 5585/2712/5585 5586/2713/5586 5587/2714/5587 5588/2715/5588 5589/2716/5589 5590/2717/5590 5591/2718/5591 5592/2719/5592 5593/2720/5593 5594/2721/5594 5595/2722/5595 5596/2723/5596 5597/2724/5597 5598/2725/5598 5599/2726/5599 5600/2727/5600 5601/2728/5601 5602/2729/5602 5603/2730/5603 5604/2731/5604 5605/2732/5605 5606/2733/5606 5607/2734/5607 5608/2735/5608 5609/2736/5609 5610/2737/5610 5611/2738/5611 5612/2739/5612 
s 2
f 5613/2740/5613 5614/2741/5614 5615/2742/5615 5616/2743/5616 
f 5577/2739/5577 5612/2704/5612 5617/2744/5617 5618/2745/5618 
f 5604/2746/5604 5603/2747/5603 5619/2748/5619 5620/2749/5620 
f 5595/2739/5595 5594/2704/5594 5621/2744/5621 5622/2745/5622 
f 5586/2746/5586 5585/2747/5585 5623/2748/5623 5624/2749/5624 
f 5618/2745/5618 5625/2750/5625 5626/2750/5626 
f 5620/2749/5620 5627/2750/5627 5628/2750/5628 
f 5624/2749/5624 5629/2750/5629 5630/2750/5630 
f 5622/2745/5622 5631/2750/5631 5632/2750/5632 
f 5613/2751/5613 5633/2752/5633 5634/2753/5634 5614/2754/5614 
f 5614/2755/5614 5635/2756/5635 5636/2757/5636 5615/2758/5615 
f 5615/2751/5615 5637/2752/5637 5638/2753/5638 5616/2754/5616 
f 5616/2755/5616 5639/2756/5639 5640/2757/5640 5613/2758/5613 
f 5612/2759/5612 5611/2760/5611 5641/2761/5641 5617/2762/5617 
f 5618/2763/5618 5626/2764/5626 5578/2765/5578 5577/2766/5577 
f 5603/2767/5603 5602/2768/5602 5642/2769/5642 5619/2770/5619 
f 5594/2759/5594 5593/2760/5593 5643/2761/5643 5621/2762/5621 
f 5618/2745/5618 5644/2771/5644 5645/2750/5645 
f 5644/2771/5644 5646/2772/5646 5647/2750/5647 5645/2750/5645 
f 5646/2772/5646 5648/2773/5648 5649/2750/5649 5647/2750/5647 
f 5648/2773/5648 5650/2774/5650 5651/2750/5651 5649/2750/5649 
f 5650/2774/5650 5652/2775/5652 5653/2750/5653 5651/2750/5651 
f 5652/2775/5652 5654/2776/5654 5655/2750/5655 5653/2750/5653 
f 5654/2776/5654 5633/2777/5633 5656/2750/5656 5655/2750/5655 
f 5633/2777/5633 5613/2778/5613 5640/2779/5640 5656/2750/5656 
f 5618/2745/5618 5645/2750/5645 5657/2750/5657 
f 5645/2750/5645 5647/2750/5647 5658/2750/5658 5657/2750/5657 
f 5647/2750/5647 5649/2750/5649 5659/2750/5659 5658/2750/5658 
f 5649/2750/5649 5651/2750/5651 5660/2750/5660 5659/2750/5659 
f 5651/2750/5651 5653/2750/5653 5661/2750/5661 5660/2750/5660 
f 5653/2750/5653 5655/2750/5655 5662/2750/5662 5661/2750/5661 
f 5655/2750/5655 5656/2750/5656 5663/2750/5663 5662/2750/5662 
f 5656/2750/5656 5640/2779/5640 5664/2780/5664 5663/2750/5663 
f 5618/2745/5618 5657/2750/5657 5665/2750/5665 
f 5657/2750/5657 5658/2750/5658 5666/2750/5666 5665/2750/5665 
f 5658/2750/5658 5659/2750/5659 5667/2750/5667 5666/2750/5666 
f 5659/2750/5659 5660/2750/5660 5668/2750/5668 5667/2750/5667 
f 5660/2750/5660 5661/2750/5661 5669/2750/5669 5668/2750/5668 
f 5661/2750/5661 5662/2750/5662 5670/2750/5670 5669/2750/5669 
f 5662/2750/5662 5663/2750/5663 5671/2750/5671 5670/2750/5670 
f 5663/2750/5663 5664/2780/5664 5672/2781/5672 5671/2750/5671 
f 5618/2745/5618 5665/2750/5665 5673/2750/5673 
f 5665/2750/5665 5666/2750/5666 5674/2750/5674 5673/2750/5673 
f 5666/2750/5666 5667/2750/5667 5675/2750/5675 5674/2750/5674 
f 5667/2750/5667 5668/2750/5668 5676/2750/5676 5675/2750/5675 
f 5668/2750/5668 5669/2750/5669 5677/2750/5677 5676/2750/5676 
f 5669/2750/5669 5670/2750/5670 5678/2750/5678 5677/2750/5677 
f 5670/2750/5670 5671/2750/5671 5679/2750/5679 5678/2750/5678 
f 5671/2750/5671 5672/2781/5672 5680/2782/5680 5679/2750/5679 
f 5618/2745/5618 5673/2750/5673 5681/2750/5681 
f 5673/2750/5673 5674/2750/5674 5682/2750/5682 5681/2750/5681 
f 5674/2750/5674 5675/2750/5675 5683/2750/5683 5682/2750/5682 
f 5675/2750/5675 5676/2750/5676 5684/2750/5684 5683/2750/5683 
f 5676/2750/5676 5677/2750/5677 5685/2750/5685 5684/2750/5684 
f 5677/2750/5677 5678/2750/5678 5686/2750/5686 5685/2750/5685 
f 5678/2750/5678 5679/2750/5679 5687/2750/5687 5686/2750/5686 
f 5679/2750/5679 5680/2782/5680 5688/2783/5688 5687/2750/5687 
f 5618/2745/5618 5681/2750/5681 5689/2750/5689 
f 5681/2750/5681 5682/2750/5682 5690/2750/5690 5689/2750/5689 
f 5682/2750/5682 5683/2750/5683 5691/2750/5691 5690/2750/5690 
f 5683/2750/5683 5684/2750/5684 5692/2750/5692 5691/2750/5691 
f 5684/2750/5684 5685/2750/5685 5693/2750/5693 5692/2750/5692 
f 5685/2750/5685 5686/2750/5686 5694/2750/5694 5693/2750/5693 
f 5686/2750/5686 5687/2750/5687 5695/2750/5695 5694/2750/5694 
f 5687/2750/5687 5688/2783/5688 5696/2784/5696 5695/2750/5695 
f 5618/2745/5618 5689/2750/5689 5625/2750/5625 
f 5689/2750/5689 5690/2750/5690 5697/2750/5697 5625/2750/5625 
f 5690/2750/5690 5691/2750/5691 5698/2750/5698 5697/2750/5697 
f 5691/2750/5691 5692/2750/5692 5699/2750/5699 5698/2750/5698 
f 5692/2750/5692 5693/2750/5693 5700/2750/5700 5699/2750/5699 
f 5693/2750/5693 5694/2750/5694 5701/2750/5701 5700/2750/5700 
f 5694/2750/5694 5695/2750/5695 5702/2750/5702 5701/2750/5701 
f 5695/2750/5695 5696/2784/5696 5703/2785/5703 5702/2750/5702 
f 5625/2750/5625 5697/2750/5697 5704/2750/5704 5626/2750/5626 
f 5697/2750/5697 5698/2750/5698 5705/2750/5705 5704/2750/5704 
f 5698/2750/5698 5699/2750/5699 5706/2750/5706 5705/2750/5705 
f 5699/2750/5699 5700/2750/5700 5707/2750/5707 5706/2750/5706 
f 5700/2750/5700 5701/2750/5701 5708/2750/5708 5707/2750/5707 
f 5701/2750/5701 5702/2750/5702 5709/2750/5709 5708/2750/5708 
f 5702/2750/5702 5703/2785/5703 5623/2786/5623 5709/2750/5709 
f 5620/2749/5620 5710/2787/5710 5711/2750/5711 
f 5710/2787/5710 5712/2788/5712 5713/2750/5713 5711/2750/5711 
f 5712/2788/5712 5714/2789/5714 5715/2750/5715 5713/2750/5713 
f 5714/2789/5714 5716/2790/5716 5717/2750/5717 5715/2750/5715 
f 5716/2790/5716 5718/2791/5718 5719/2750/5719 5717/2750/5717 
f 5718/2791/5718 5720/2792/5720 5721/2750/5721 5719/2750/5719 
f 5720/2792/5720 5635/2793/5635 5722/2750/5722 5721/2750/5721 
f 5635/2793/5635 5614/2794/5614 5634/2795/5634 5722/2750/5722 
f 5620/2749/5620 5711/2750/5711 5723/2750/5723 
f 5711/2750/5711 5713/2750/5713 5724/2750/5724 5723/2750/5723 
f 5713/2750/5713 5715/2750/5715 5725/2750/5725 5724/2750/5724 
f 5715/2750/5715 5717/2750/5717 5726/2750/5726 5725/2750/5725 
f 5717/2750/5717 5719/2750/5719 5727/2750/5727 5726/2750/5726 
f 5719/2750/5719 5721/2750/5721 5728/2750/5728 5727/2750/5727 
f 5721/2750/5721 5722/2750/5722 5729/2750/5729 5728/2750/5728 
f 5722/2750/5722 5634/2795/5634 5730/2796/5730 5729/2750/5729 
f 5620/2749/5620 5723/2750/5723 5731/2750/5731 
f 5723/2750/5723 5724/2750/5724 5732/2750/5732 5731/2750/5731 
f 5724/2750/5724 5725/2750/5725 5733/2750/5733 5732/2750/5732 
f 5725/2750/5725 5726/2750/5726 5734/2750/5734 5733/2750/5733 
f 5726/2750/5726 5727/2750/5727 5735/2750/5735 5734/2750/5734 
f 5727/2750/5727 5728/2750/5728 5736/2750/5736 5735/2750/5735 
f 5728/2750/5728 5729/2750/5729 5737/2750/5737 5736/2750/5736 
f 5729/2750/5729 5730/2796/5730 5738/2797/5738 5737/2750/5737 
f 5620/2749/5620 5731/2750/5731 5739/2750/5739 
f 5731/2750/5731 5732/2750/5732 5740/2750/5740 5739/2750/5739 
f 5732/2750/5732 5733/2750/5733 5741/2750/5741 5740/2750/5740 
f 5733/2750/5733 5734/2750/5734 5742/2750/5742 5741/2750/5741 
f 5734/2750/5734 5735/2750/5735 5743/2750/5743 5742/2750/5742 
f 5735/2750/5735 5736/2750/5736 5744/2750/5744 5743/2750/5743 
f 5736/2750/5736 5737/2750/5737 5745/2750/5745 5744/2750/5744 
f 5737/2750/5737 5738/2797/5738 5746/2798/5746 5745/2750/5745 
f 5620/2749/5620 5739/2750/5739 5747/2750/5747 
f 5739/2750/5739 5740/2750/5740 5748/2750/5748 5747/2750/5747 
f 5740/2750/5740 5741/2750/5741 5749/2750/5749 5748/2750/5748 
f 5741/2750/5741 5742/2750/5742 5750/2750/5750 5749/2750/5749 
f 5742/2750/5742 5743/2750/5743 5751/2750/5751 5750/2750/5750 
f 5743/2750/5743 5744/2750/5744 5752/2750/5752 5751/2750/5751 
f 5744/2750/5744 5745/2750/5745 5753/2750/5753 5752/2750/5752 
f 5745/2750/5745 5746/2798/5746 5754/2799/5754 5753/2750/5753 
f 5620/2749/5620 5747/2750/5747 5755/2750/5755 
f 5747/2750/5747 5748/2750/5748 5756/2750/5756 5755/2750/5755 
f 5748/2750/5748 5749/2750/5749 5757/2750/5757 5756/2750/5756 
f 5749/2750/5749 5750/2750/5750 5758/2750/5758 5757/2750/5757 
f 5750/2750/5750 5751/2750/5751 5759/2750/5759 5758/2750/5758 
f 5751/2750/5751 5752/2750/5752 5760/2750/5760 5759/2750/5759 
f 5752/2750/5752 5753/2750/5753 5761/2750/5761 5760/2750/5760 
f 5753/2750/5753 5754/2799/5754 5762/2800/5762 5761/2750/5761 
f 5620/2749/5620 5755/2750/5755 5627/2750/5627 
f 5755/2750/5755 5756/2750/5756 5763/2750/5763 5627/2750/5627 
f 5756/2750/5756 5757/2750/5757 5764/2750/5764 5763/2750/5763 
f 5757/2750/5757 5758/2750/5758 5765/2750/5765 5764/2750/5764 
f 5758/2750/5758 5759/2750/5759 5766/2750/5766 5765/2750/5765 
f 5759/2750/5759 5760/2750/5760 5767/2750/5767 5766/2750/5766 
f 5760/2750/5760 5761/2750/5761 5768/2750/5768 5767/2750/5767 
f 5761/2750/5761 5762/2800/5762 5769/2801/5769 5768/2750/5768 
f 5627/2750/5627 5763/2750/5763 5770/2750/5770 5628/2750/5628 
f 5763/2750/5763 5764/2750/5764 5771/2750/5771 5770/2750/5770 
f 5764/2750/5764 5765/2750/5765 5772/2750/5772 5771/2750/5771 
f 5765/2750/5765 5766/2750/5766 5773/2750/5773 5772/2750/5772 
f 5766/2750/5766 5767/2750/5767 5774/2750/5774 5773/2750/5773 
f 5767/2750/5767 5768/2750/5768 5641/2750/5641 5774/2750/5774 
f 5768/2750/5768 5769/2801/5769 5617/2802/5617 5641/2750/5641 
f 5624/2749/5624 5775/2787/5775 5776/2750/5776 
f 5775/2787/5775 5777/2788/5777 5778/2750/5778 5776/2750/5776 
f 5777/2788/5777 5779/2789/5779 5780/2750/5780 5778/2750/5778 
f 5779/2789/5779 5781/2790/5781 5782/2750/5782 5780/2750/5780 
f 5781/2790/5781 5783/2791/5783 5784/2750/5784 5782/2750/5782 
f 5783/2791/5783 5785/2792/5785 5786/2750/5786 5784/2750/5784 
f 5785/2792/5785 5639/2793/5639 5787/2750/5787 5786/2750/5786 
f 5639/2793/5639 5616/2794/5616 5638/2795/5638 5787/2750/5787 
f 5624/2749/5624 5776/2750/5776 5788/2750/5788 
f 5776/2750/5776 5778/2750/5778 5789/2750/5789 5788/2750/5788 
f 5778/2750/5778 5780/2750/5780 5790/2750/5790 5789/2750/5789 
f 5780/2750/5780 5782/2750/5782 5791/2750/5791 5790/2750/5790 
f 5782/2750/5782 5784/2750/5784 5792/2750/5792 5791/2750/5791 
f 5784/2750/5784 5786/2750/5786 5793/2750/5793 5792/2750/5792 
f 5786/2750/5786 5787/2750/5787 5794/2750/5794 5793/2750/5793 
f 5787/2750/5787 5638/2795/5638 5795/2796/5795 5794/2750/5794 
f 5624/2749/5624 5788/2750/5788 5796/2750/5796 
f 5788/2750/5788 5789/2750/5789 5797/2750/5797 5796/2750/5796 
f 5789/2750/5789 5790/2750/5790 5798/2750/5798 5797/2750/5797 
f 5790/2750/5790 5791/2750/5791 5799/2750/5799 5798/2750/5798 
f 5791/2750/5791 5792/2750/5792 5800/2750/5800 5799/2750/5799 
f 5792/2750/5792 5793/2750/5793 5801/2750/5801 5800/2750/5800 
f 5793/2750/5793 5794/2750/5794 5802/2750/5802 5801/2750/5801 
f 5794/2750/5794 5795/2796/5795 5803/2797/5803 5802/2750/5802 
f 5624/2749/5624 5796/2750/5796 5804/2750/5804 
f 5796/2750/5796 5797/2750/5797 5805/2750/5805 5804/2750/5804 
f 5797/2750/5797 5798/2750/5798 5806/2750/5806 5805/2750/5805 
f 5798/2750/5798 5799/2750/5799 5807/2750/5807 5806/2750/5806 
f 5799/2750/5799 5800/2750/5800 5808/2750/5808 5807/2750/5807 
f 5800/2750/5800 5801/2750/5801 5809/2750/5809 5808/2750/5808 
f 5801/2750/5801 5802/2750/5802 5810/2750/5810 5809/2750/5809 
f 5802/2750/5802 5803/2797/5803 5811/2798/5811 5810/2750/5810 
f 5624/2749/5624 5804/2750/5804 5812/2750/5812 
f 5804/2750/5804 5805/2750/5805 5813/2750/5813 5812/2750/5812 
f 5805/2750/5805 5806/2750/5806 5814/2750/5814 5813/2750/5813 
f 5806/2750/5806 5807/2750/5807 5815/2750/5815 5814/2750/5814 
f 5807/2750/5807 5808/2750/5808 5816/2750/5816 5815/2750/5815 
f 5808/2750/5808 5809/2750/5809 5817/2750/5817 5816/2750/5816 
f 5809/2750/5809 5810/2750/5810 5818/2750/5818 5817/2750/5817 
f 5810/2750/5810 5811/2798/5811 5819/2799/5819 5818/2750/5818 
f 5624/2749/5624 5812/2750/5812 5820/2750/5820 
f 5812/2750/5812 5813/2750/5813 5821/2750/5821 5820/2750/5820 
f 5813/2750/5813 5814/2750/5814 5822/2750/5822 5821/2750/5821 
f 5814/2750/5814 5815/2750/5815 5823/2750/5823 5822/2750/5822 
f 5815/2750/5815 5816/2750/5816 5824/2750/5824 5823/2750/5823 
f 5816/2750/5816 5817/2750/5817 5825/2750/5825 5824/2750/5824 
f 5817/2750/5817 5818/2750/5818 5826/2750/5826 5825/2750/5825 
f 5818/2750/5818 5819/2799/5819 5827/2800/5827 5826/2750/5826 
f 5624/2749/5624 5820/2750/5820 5629/2750/5629 
f 5820/2750/5820 5821/2750/5821 5828/2750/5828 5629/2750/5629 
f 5821/2750/5821 5822/2750/5822 5829/2750/5829 5828/2750/5828 
f 5822/2750/5822 5823/2750/5823 5830/2750/5830 5829/2750/5829 
f 5823/2750/5823 5824/2750/5824 5831/2750/5831 5830/2750/5830 
f 5824/2750/5824 5825/2750/5825 5832/2750/5832 5831/2750/5831 
f 5825/2750/5825 5826/2750/5826 5833/2750/5833 5832/2750/5832 
f 5826/2750/5826 5827/2800/5827 5834/2801/5834 5833/2750/5833 
f 5629/2750/5629 5828/2750/5828 5835/2750/5835 5630/2750/5630 
f 5828/2750/5828 5829/2750/5829 5836/2750/5836 5835/2750/5835 
f 5829/2750/5829 5830/2750/5830 5837/2750/5837 5836/2750/5836 
f 5830/2750/5830 5831/2750/5831 5838/2750/5838 5837/2750/5837 
f 5831/2750/5831 5832/2750/5832 5839/2750/5839 5838/2750/5838 
f 5832/2750/5832 5833/2750/5833 5643/2750/5643 5839/2750/5839 
f 5833/2750/5833 5834/2801/5834 5621/2802/5621 5643/2750/5643 
f 5622/2745/5622 5840/2771/5840 5841/2750/5841 
f 5840/2771/5840 5842/2772/5842 5843/2750/5843 5841/2750/5841 
f 5842/2772/5842 5844/2773/5844 5845/2750/5845 5843/2750/5843 
f 5844/2773/5844 5846/2774/5846 5847/2750/5847 5845/2750/5845 
f 5846/2774/5846 5848/2775/5848 5849/2750/5849 5847/2750/5847 
f 5848/2775/5848 5850/2776/5850 5851/2750/5851 5849/2750/5849 
f 5850/2776/5850 5637/2777/5637 5852/2750/5852 5851/2750/5851 
f 5637/2777/5637 5615/2778/5615 5636/2779/5636 5852/2750/5852 
f 5622/2745/5622 5841/2750/5841 5853/2750/5853 
f 5841/2750/5841 5843/2750/5843 5854/2750/5854 5853/2750/5853 
f 5843/2750/5843 5845/2750/5845 5855/2750/5855 5854/2750/5854 
f 5845/2750/5845 5847/2750/5847 5856/2750/5856 5855/2750/5855 
f 5847/2750/5847 5849/2750/5849 5857/2750/5857 5856/2750/5856 
f 5849/2750/5849 5851/2750/5851 5858/2750/5858 5857/2750/5857 
f 5851/2750/5851 5852/2750/5852 5859/2750/5859 5858/2750/5858 
f 5852/2750/5852 5636/2779/5636 5860/2780/5860 5859/2750/5859 
f 5622/2745/5622 5853/2750/5853 5861/2750/5861 
f 5853/2750/5853 5854/2750/5854 5862/2750/5862 5861/2750/5861 
f 5854/2750/5854 5855/2750/5855 5863/2750/5863 5862/2750/5862 
f 5855/2750/5855 5856/2750/5856 5864/2750/5864 5863/2750/5863 
f 5856/2750/5856 5857/2750/5857 5865/2750/5865 5864/2750/5864 
f 5857/2750/5857 5858/2750/5858 5866/2750/5866 5865/2750/5865 
f 5858/2750/5858 5859/2750/5859 5867/2750/5867 5866/2750/5866 
f 5859/2750/5859 5860/2780/5860 5868/2781/5868 5867/2750/5867 
f 5622/2745/5622 5861/2750/5861 5869/2750/5869 
f 5861/2750/5861 5862/2750/5862 5870/2750/5870 5869/2750/5869 
f 5862/2750/5862 5863/2750/5863 5871/2750/5871 5870/2750/5870 
f 5863/2750/5863 5864/2750/5864 5872/2750/5872 5871/2750/5871 
f 5864/2750/5864 5865/2750/5865 5873/2750/5873 5872/2750/5872 
f 5865/2750/5865 5866/2750/5866 5874/2750/5874 5873/2750/5873 
f 5866/2750/5866 5867/2750/5867 5875/2750/5875 5874/2750/5874 
f 5867/2750/5867 5868/2781/5868 5876/2782/5876 5875/2750/5875 
f 5622/2745/5622 5869/2750/5869 5877/2750/5877 
f 5869/2750/5869 5870/2750/5870 5878/2750/5878 5877/2750/5877 
f 5870/2750/5870 5871/2750/5871 5879/2750/5879 5878/2750/5878 
f 5871/2750/5871 5872/2750/5872 5880/2750/5880 5879/2750/5879 
f 5872/2750/5872 5873/2750/5873 5881/2750/5881 5880/2750/5880 
f 5873/2750/5873 5874/2750/5874 5882/2750/5882 5881/2750/5881 
f 5874/2750/5874 5875/2750/5875 5883/2750/5883 5882/2750/5882 
f 5875/2750/5875 5876/2782/5876 5884/2783/5884 5883/2750/5883 
f 5622/2745/5622 5877/2750/5877 5885/2750/5885 
f 5877/2750/5877 5878/2750/5878 5886/2750/5886 5885/2750/5885 
f 5878/2750/5878 5879/2750/5879 5887/2750/5887 5886/2750/5886 
f 5879/2750/5879 5880/2750/5880 5888/2750/5888 5887/2750/5887 
f 5880/2750/5880 5881/2750/5881 5889/2750/5889 5888/2750/5888 
f 5881/2750/5881 5882/2750/5882 5890/2750/5890 5889/2750/5889 
f 5882/2750/5882 5883/2750/5883 5891/2750/5891 5890/2750/5890 
f 5883/2750/5883 5884/2783/5884 5892/2784/5892 5891/2750/5891 
f 5622/2745/5622 5885/2750/5885 5631/2750/5631 
f 5885/2750/5885 5886/2750/5886 5893/2750/5893 5631/2750/5631 
f 5886/2750/5886 5887/2750/5887 5894/2750/5894 5893/2750/5893 
f 5887/2750/5887 5888/2750/5888 5895/2750/5895 5894/2750/5894 
f 5888/2750/5888 5889/2750/5889 5896/2750/5896 5895/2750/5895 
f 5889/2750/5889 5890/2750/5890 5897/2750/5897 5896/2750/5896 
f 5890/2750/5890 5891/2750/5891 5898/2750/5898 5897/2750/5897 
f 5891/2750/5891 5892/2784/5892 5899/2785/5899 5898/2750/5898 
f 5631/2750/5631 5893/2750/5893 5900/2750/5900 5632/2750/5632 
f 5893/2750/5893 5894/2750/5894 5901/2750/5901 5900/2750/5900 
f 5894/2750/5894 5895/2750/5895 5902/2750/5902 5901/2750/5901 
f 5895/2750/5895 5896/2750/5896 5903/2750/5903 5902/2750/5902 
f 5896/2750/5896 5897/2750/5897 5904/2750/5904 5903/2750/5903 
f 5897/2750/5897 5898/2750/5898 5642/2750/5642 5904/2750/5904 
f 5898/2750/5898 5899/2785/5899 5619/2786/5619 5642/2750/5642 
f 5633/2752/5633 5654/2803/5654 5730/2804/5730 5634/2753/5634 
f 5654/2803/5654 5652/2805/5652 5738/2806/5738 5730/2804/5730 
f 5652/2805/5652 5650/2807/5650 5746/2808/5746 5738/2806/5738 
f 5650/2807/5650 5648/2809/5648 5754/2810/5754 5746/2808/5746 
f 5648/2809/5648 5646/2811/5646 5762/2812/5762 5754/2810/5754 
f 5646/2811/5646 5644/2813/5644 5769/2814/5769 5762/2812/5762 
f 5644/2813/5644 5618/2745/5618 5617/2744/5617 5769/2814/5769 
f 5635/2756/5635 5720/2815/5720 5860/2816/5860 5636/2757/5636 
f 5720/2815/5720 5718/2817/5718 5868/2818/5868 5860/2816/5860 
f 5718/2817/5718 5716/2819/5716 5876/2820/5876 5868/2818/5868 
f 5716/2819/5716 5714/2821/5714 5884/2822/5884 5876/2820/5876 
f 5714/2821/5714 5712/2823/5712 5892/2824/5892 5884/2822/5884 
f 5712/2823/5712 5710/2825/5710 5899/2826/5899 5892/2824/5892 
f 5710/2825/5710 5620/2749/5620 5619/2748/5619 5899/2826/5899 
f 5637/2752/5637 5850/2803/5850 5795/2804/5795 5638/2753/5638 
f 5850/2803/5850 5848/2805/5848 5803/2806/5803 5795/2804/5795 
f 5848/2805/5848 5846/2807/5846 5811/2808/5811 5803/2806/5803 
f 5846/2807/5846 5844/2809/5844 5819/2810/5819 5811/2808/5811 
f 5844/2809/5844 5842/2811/5842 5827/2812/5827 5819/2810/5819 
f 5842/2811/5842 5840/2813/5840 5834/2814/5834 5827/2812/5827 
f 5840/2813/5840 5622/2745/5622 5621/2744/5621 5834/2814/5834 
f 5639/2756/5639 5785/2815/5785 5664/2816/5664 5640/2757/5640 
f 5785/2815/5785 5783/2817/5783 5672/2818/5672 5664/2816/5664 
f 5783/2817/5783 5781/2819/5781 5680/2820/5680 5672/2818/5672 
f 5781/2819/5781 5779/2821/5779 5688/2822/5688 5680/2820/5680 
f 5779/2821/5779 5777/2823/5777 5696/2824/5696 5688/2822/5688 
f 5777/2823/5777 5775/2825/5775 5703/2826/5703 5696/2824/5696 
f 5775/2825/5775 5624/2749/5624 5623/2748/5623 5703/2826/5703 
f 5611/2760/5611 5610/2827/5610 5774/2828/5774 5641/2761/5641 
f 5610/2827/5610 5609/2829/5609 5773/2830/5773 5774/2828/5774 
f 5609/2829/5609 5608/2831/5608 5772/2832/5772 5773/2830/5773 
f 5608/2831/5608 5607/2833/5607 5771/2834/5771 5772/2832/5772 
f 5607/2833/5607 5606/2835/5606 5770/2836/5770 5771/2834/5771 
f 5606/2835/5606 5605/2837/5605 5628/2838/5628 5770/2836/5770 
f 5605/2837/5605 5604/2746/5604 5620/2749/5620 5628/2838/5628 
f 5626/2764/5626 5704/2839/5704 5579/2840/5579 5578/2765/5578 
f 5704/2839/5704 5705/2841/5705 5580/2842/5580 5579/2840/5579 
f 5705/2841/5705 5706/2843/5706 5581/2844/5581 5580/2842/5580 
f 5706/2843/5706 5707/2845/5707 5582/2846/5582 5581/2844/5581 
f 5707/2845/5707 5708/2847/5708 5583/2848/5583 5582/2846/5582 
f 5708/2847/5708 5709/2849/5709 5584/2850/5584 5583/2848/5583 
f 5709/2849/5709 5623/2748/5623 5585/2747/5585 5584/2850/5584 
f 5602/2768/5602 5601/2851/5601 5904/2852/5904 5642/2769/5642 
f 5601/2851/5601 5600/2853/5600 5903/2854/5903 5904/2852/5904 
f 5600/2853/5600 5599/2855/5599 5902/2856/5902 5903/2854/5903 
f 5599/2855/5599 5598/2857/5598 5901/2858/5901 5902/2856/5902 
f 5598/2857/5598 5597/2859/5597 5900/2860/5900 5901/2858/5901 
f 5597/2859/5597 5596/2861/5596 5632/2862/5632 5900/2860/5900 
f 5596/2861/5596 5595/2739/5595 5622/2745/5622 5632/2862/5632 
f 5593/2760/5593 5592/2827/5592 5839/2828/5839 5643/2761/5643 
f 5592/2827/5592 5591/2829/5591 5838/2830/5838 5839/2828/5839 
f 5591/2829/5591 5590/2831/5590 5837/2832/5837 5838/2830/5838 
f 5590/2831/5590 5589/2833/5589 5836/2834/5836 5837/2832/5837 
f 5589/2833/5589 5588/2835/5588 5835/2836/5835 5836/2834/5836 
f 5588/2835/5588 5587/2837/5587 5630/2838/5630 5835/2836/5835 
f 5587/2837/5587 5586/2746/5586 5624/2749/5624 5630/2838/5630 
# 294 polygons - 32 triangles

#
# object Box048
#

v  -51.7118 -0.4615 65.3070
v  -51.6789 -0.2555 65.2769
v  -51.6503 0.3626 65.2508
v  -51.6261 1.3928 65.2288
v  -51.6063 2.8351 65.2107
v  -51.5909 4.6894 65.1966
v  -51.5799 6.9559 65.1866
v  -51.5733 9.6344 65.1806
v  -51.5711 12.7249 65.1786
v  -51.5711 33.1096 65.1786
v  -51.5733 36.2001 65.1806
v  -51.5799 38.8786 65.1866
v  -51.5909 41.1451 65.1966
v  -51.6063 42.9994 65.2107
v  -51.6261 44.4417 65.2288
v  -51.6503 45.4719 65.2508
v  -51.6789 46.0900 65.2769
v  -51.7118 46.2960 65.3070
v  -52.8531 46.2960 66.3487
v  -52.8861 46.0900 66.3788
v  -52.9147 45.4719 66.4049
v  -52.9389 44.4417 66.4270
v  -52.9586 42.9994 66.4451
v  -52.9740 41.1451 66.4591
v  -52.9850 38.8786 66.4692
v  -52.9916 36.2001 66.4752
v  -52.9938 33.1096 66.4772
v  -52.9938 12.7249 66.4772
v  -52.9916 9.6344 66.4752
v  -52.9850 6.9559 66.4692
v  -52.9740 4.6894 66.4591
v  -52.9586 2.8351 66.4451
v  -52.9389 1.3928 66.4270
v  -52.9147 0.3626 66.4049
v  -52.8861 -0.2555 66.3788
v  -52.8531 -0.4615 66.3487
v  -52.7283 12.7249 64.6455
v  -53.8696 12.7249 65.6872
v  -53.8696 33.1096 65.6872
v  -52.7283 33.1096 64.6455
v  -53.8570 -0.4615 65.6954
v  -52.7158 -0.4615 64.6537
v  -53.9978 33.1096 65.8238
v  -53.9978 12.7249 65.8238
v  -52.7158 46.2960 64.6537
v  -53.8570 46.2960 65.6954
v  -52.5750 12.7249 64.5252
v  -52.5750 33.1096 64.5252
v  -52.6840 -0.2555 64.6236
v  -52.6828 -0.2555 64.6236
v  -53.9962 9.6827 65.8214
v  -53.9956 9.6344 65.8218
v  -52.5779 36.1518 64.5268
v  -52.5772 36.2001 64.5272
v  -53.8902 46.0900 65.7245
v  -53.8900 46.0900 65.7255
v  -52.7281 9.6344 64.6456
v  -53.8694 9.6344 65.6873
v  -53.9024 12.7249 65.7174
v  -53.9024 33.1096 65.7174
v  -53.8694 36.2001 65.6873
v  -52.7281 36.2001 64.6456
v  -52.6952 33.1096 64.6155
v  -52.6952 12.7249 64.6155
v  -53.8900 -0.2555 65.7255
v  -53.9956 36.2001 65.8218
v  -52.6828 46.0900 64.6236
v  -52.7187 -0.2555 64.6517
v  -52.7109 -0.2555 64.6447
v  -52.7213 0.3626 64.6501
v  -52.7067 0.3626 64.6370
v  -52.7234 1.3928 64.6487
v  -52.7032 1.3928 64.6304
v  -52.7252 2.8351 64.6475
v  -52.7003 2.8351 64.6251
v  -52.7266 4.6894 64.6466
v  -52.6981 4.6894 64.6209
v  -52.7276 6.9559 64.6460
v  -52.6964 6.9559 64.6179
v  -52.6955 9.6344 64.6161
v  -52.7041 -0.2555 64.6387
v  -52.6940 0.3626 64.6257
v  -52.6854 1.3928 64.6148
v  -52.6784 2.8351 64.6058
v  -52.6730 4.6894 64.5988
v  -52.6691 6.9559 64.5938
v  -52.6668 9.6344 64.5908
v  -52.6660 12.7249 64.5898
v  -52.6982 -0.2555 64.6337
v  -52.6830 0.3626 64.6163
v  -52.6701 1.3928 64.6017
v  -52.6595 2.8351 64.5897
v  -52.6514 4.6894 64.5804
v  -52.6455 6.9559 64.5737
v  -52.6420 9.6344 64.5697
v  -52.6408 12.7249 64.5684
v  -52.6932 -0.2555 64.6297
v  -52.6737 0.3626 64.6088
v  -52.6572 1.3928 64.5912
v  -52.6437 2.8351 64.5768
v  -52.6332 4.6894 64.5656
v  -52.6257 6.9559 64.5576
v  -52.6211 9.6344 64.5528
v  -52.6196 12.7249 64.5512
v  -52.6892 -0.2555 64.6266
v  -52.6662 0.3626 64.6032
v  -52.6467 1.3928 64.5834
v  -52.6308 2.8351 64.5671
v  -52.6184 4.6894 64.5545
v  -52.6096 6.9559 64.5455
v  -52.6043 9.6344 64.5401
v  -52.6025 12.7249 64.5383
v  -52.6861 -0.2555 64.6246
v  -52.6604 0.3626 64.5994
v  -52.6387 1.3928 64.5781
v  -52.6209 2.8351 64.5607
v  -52.6071 4.6894 64.5471
v  -52.5972 6.9559 64.5374
v  -52.5913 9.6344 64.5316
v  -52.5893 12.7249 64.5297
v  -52.6564 0.3626 64.5975
v  -52.6331 1.3928 64.5754
v  -52.6141 2.8351 64.5574
v  -52.5992 4.6894 64.5434
v  -52.5887 6.9559 64.5333
v  -52.5823 9.6344 64.5273
v  -52.5802 12.7249 64.5253
v  -52.6542 0.3626 64.5975
v  -52.6300 1.3928 64.5754
v  -52.6102 2.8351 64.5573
v  -52.5948 4.6894 64.5433
v  -52.5838 6.9559 64.5332
v  -52.5772 9.6344 64.5272
v  -53.9985 12.7249 65.8199
v  -53.9985 12.0006 65.8199
v  -53.9945 12.7249 65.8122
v  -53.9944 11.3728 65.8123
v  -53.9856 12.7249 65.8008
v  -53.9855 10.8416 65.8008
v  -53.9720 12.7249 65.7856
v  -53.9719 10.4070 65.7857
v  -53.9536 12.7249 65.7666
v  -53.9534 10.0690 65.7667
v  -53.9304 12.7249 65.7439
v  -53.9302 9.8275 65.7440
v  -53.9022 9.6827 65.7175
v  -53.9983 11.3728 65.8200
v  -53.9941 10.2010 65.8124
v  -53.9851 9.2094 65.8011
v  -53.9714 8.3981 65.7859
v  -53.9529 7.7671 65.7671
v  -53.9296 7.3164 65.7444
v  -53.9016 7.0460 65.7179
v  -53.8688 6.9559 65.6877
v  -53.9981 10.8416 65.8202
v  -53.9937 9.2094 65.8127
v  -53.9845 7.8283 65.8015
v  -53.9707 6.6983 65.7864
v  -53.9521 5.8194 65.7676
v  -53.9287 5.1917 65.7450
v  -53.9006 4.8150 65.7186
v  -53.8678 4.6894 65.6883
v  -53.9978 10.4070 65.8204
v  -53.9931 8.3981 65.8131
v  -53.9837 6.6983 65.8020
v  -53.9696 5.3076 65.7871
v  -53.9509 4.2258 65.7684
v  -53.9274 3.4532 65.7458
v  -53.8993 2.9896 65.7194
v  -53.8665 2.8351 65.6892
v  -53.9974 10.0690 65.8206
v  -53.9923 7.7671 65.8136
v  -53.9826 5.8194 65.8027
v  -53.9683 4.2258 65.7880
v  -53.9494 2.9864 65.7694
v  -53.9258 2.1011 65.7469
v  -53.8975 1.5699 65.7206
v  -53.8647 1.3928 65.6904
v  -53.9968 9.8275 65.8210
v  -53.9914 7.3164 65.8142
v  -53.9813 5.1917 65.8036
v  -53.9667 3.4532 65.7890
v  -53.9475 2.1011 65.7706
v  -53.9237 1.1353 65.7482
v  -53.8954 0.5558 65.7219
v  -53.8625 0.3626 65.6918
v  -53.9902 7.0460 65.8149
v  -53.9798 4.8150 65.8046
v  -53.9648 2.9896 65.7903
v  -53.9453 1.5699 65.7720
v  -53.9214 0.5558 65.7498
v  -53.8929 -0.0527 65.7236
v  -53.8600 -0.2555 65.6934
v  -53.9890 6.9559 65.8158
v  -53.9780 4.6894 65.8058
v  -53.9626 2.8351 65.7917
v  -53.9428 1.3928 65.7736
v  -53.9186 0.3626 65.7516
v  -52.5802 33.1096 64.5253
v  -52.5801 33.8339 64.5253
v  -52.5893 33.1096 64.5297
v  -52.5892 34.4617 64.5297
v  -52.6025 33.1096 64.5383
v  -52.6024 34.9929 64.5384
v  -52.6196 33.1096 64.5512
v  -52.6195 35.4275 64.5513
v  -52.6408 33.1096 64.5684
v  -52.6406 35.7655 64.5685
v  -52.6660 33.1096 64.5898
v  -52.6658 36.0070 64.5899
v  -52.6950 36.1518 64.6156
v  -52.5800 34.4617 64.5254
v  -52.5890 35.6335 64.5299
v  -52.6020 36.6251 64.5386
v  -52.6191 37.4364 64.5516
v  -52.6401 38.0674 64.5688
v  -52.6652 38.5181 64.5903
v  -52.6944 38.7885 64.6160
v  -52.7276 38.8786 64.6460
v  -52.5798 34.9929 64.5256
v  -52.5886 36.6251 64.5302
v  -52.6014 38.0062 64.5390
v  -52.6183 39.1362 64.5521
v  -52.6393 40.0151 64.5694
v  -52.6643 40.6428 64.5909
v  -52.6934 41.0195 64.6166
v  -52.7266 41.1451 64.6466
v  -52.5794 35.4275 64.5258
v  -52.5880 37.4364 64.5306
v  -52.6006 39.1362 64.5395
v  -52.6173 40.5269 64.5527
v  -52.6381 41.6087 64.5701
v  -52.6630 42.3813 64.5917
v  -52.6921 42.8449 64.6175
v  -52.7252 42.9994 64.6475
v  -52.5790 35.7655 64.5261
v  -52.5872 38.0674 64.5311
v  -52.5995 40.0151 64.5402
v  -52.6160 41.6087 64.5536
v  -52.6366 42.8481 64.5711
v  -52.6614 43.7334 64.5928
v  -52.6903 44.2646 64.6187
v  -52.7234 44.4417 64.6487
v  -52.5785 36.0070 64.5264
v  -52.5862 38.5181 64.5317
v  -52.5982 40.6428 64.5411
v  -52.6143 42.3813 64.5546
v  -52.6347 43.7334 64.5723
v  -52.6594 44.6992 64.5941
v  -52.6882 45.2787 64.6200
v  -52.7213 45.4719 64.6501
v  -52.5851 38.7885 64.5324
v  -52.5966 41.0195 64.5421
v  -52.6124 42.8449 64.5559
v  -52.6325 44.2646 64.5737
v  -52.6570 45.2787 64.5957
v  -52.6857 45.8872 64.6217
v  -52.7187 46.0900 64.6517
v  -52.5838 38.8786 64.5332
v  -52.5948 41.1451 64.5433
v  -52.6102 42.9994 64.5573
v  -52.6300 44.4417 64.5754
v  -52.6542 45.4719 64.5975
v  -53.8600 46.0900 65.6934
v  -53.8677 46.0900 65.7005
v  -53.8625 45.4719 65.6918
v  -53.8769 45.4719 65.7050
v  -53.8647 44.4417 65.6904
v  -53.8847 44.4417 65.7088
v  -53.8665 42.9994 65.6892
v  -53.8910 42.9994 65.7119
v  -53.8678 41.1451 65.6883
v  -53.8960 41.1451 65.7143
v  -53.8688 38.8786 65.6877
v  -53.8996 38.8786 65.7160
v  -53.9017 36.2001 65.7171
v  -53.8742 46.0900 65.7067
v  -53.8891 45.4719 65.7166
v  -53.9017 44.4417 65.7249
v  -53.9120 42.9994 65.7318
v  -53.9201 41.1451 65.7371
v  -53.9258 38.8786 65.7409
v  -53.9292 36.2001 65.7431
v  -53.9304 33.1096 65.7439
v  -53.8797 46.0900 65.7121
v  -53.8993 45.4719 65.7265
v  -53.9159 44.4417 65.7388
v  -53.9295 42.9994 65.7488
v  -53.9400 41.1451 65.7566
v  -53.9476 38.8786 65.7622
v  -53.9521 36.2001 65.7655
v  -53.9536 33.1096 65.7666
v  -53.8840 46.0900 65.7165
v  -53.9073 45.4719 65.7348
v  -53.9271 44.4417 65.7503
v  -53.9433 42.9994 65.7630
v  -53.9558 41.1451 65.7729
v  -53.9648 38.8786 65.7799
v  -53.9702 36.2001 65.7842
v  -53.9720 33.1096 65.7856
v  -53.8872 46.0900 65.7201
v  -53.9133 45.4719 65.7415
v  -53.9354 44.4417 65.7596
v  -53.9535 42.9994 65.7744
v  -53.9675 41.1451 65.7859
v  -53.9776 38.8786 65.7942
v  -53.9836 36.2001 65.7991
v  -53.9856 33.1096 65.8008
v  -53.8892 46.0900 65.7227
v  -53.9172 45.4719 65.7465
v  -53.9408 44.4417 65.7666
v  -53.9601 42.9994 65.7830
v  -53.9751 41.1451 65.7958
v  -53.9859 38.8786 65.8049
v  -53.9923 36.2001 65.8104
v  -53.9945 33.1096 65.8122
v  -53.9189 45.4719 65.7498
v  -53.9432 44.4417 65.7712
v  -53.9631 42.9994 65.7888
v  -53.9786 41.1451 65.8024
v  -53.9897 38.8786 65.8121
v  -53.9963 36.2001 65.8179
v  -53.9985 33.1096 65.8199
v  -53.9186 45.4719 65.7516
v  -53.9428 44.4417 65.7736
v  -53.9626 42.9994 65.7917
v  -53.9780 41.1451 65.8057
v  -53.9890 38.8786 65.8158
# 328 vertices

vn 0.6040 -0.7140 0.3657
vn 0.6561 -0.7164 0.3048
vn 0.7470 -0.6897 0.2163
vn 0.8510 -0.6261 0.1166
vn 0.9529 -0.5183 0.0216
vn 1.0338 -0.3786 -0.0502
vn 1.0838 -0.2337 -0.0911
vn 1.1071 -0.1059 -0.1070
vn 1.1138 -0.0238 -0.0997
vn 1.1138 0.0238 -0.0997
vn 1.1071 0.1059 -0.1070
vn 1.0838 0.2337 -0.0911
vn 1.0338 0.3786 -0.0502
vn 0.9529 0.5183 0.0216
vn 0.8510 0.6261 0.1166
vn 0.7470 0.6897 0.2163
vn 0.6561 0.7164 0.3048
vn 0.6040 0.7140 0.3657
vn 0.5689 0.7140 0.3977
vn 0.4998 0.7164 0.4475
vn 0.4018 0.6897 0.5314
vn 0.2918 0.6261 0.6271
vn 0.1873 0.5183 0.7205
vn 0.1090 0.3786 0.7939
vn 0.0650 0.2337 0.8388
vn 0.0487 0.1059 0.8591
vn 0.0591 0.0238 0.8630
vn 0.0591 -0.0238 0.8630
vn 0.0487 -0.1059 0.8591
vn 0.0650 -0.2337 0.8388
vn 0.1090 -0.3786 0.7939
vn 0.1873 -0.5183 0.7205
vn 0.2918 -0.6261 0.6271
vn 0.4018 -0.6897 0.5314
vn 0.4998 -0.7164 0.4475
vn 0.5689 -0.7140 0.3977
vn -0.8127 -0.0332 -0.5673
vn -0.8618 -0.0332 -0.5225
vn -0.8618 0.0332 -0.5225
vn -0.8127 0.0332 -0.5673
vn -0.0524 -0.9989 0.0043
vn -0.0027 -0.9993 -0.0325
vn -0.7656 0.0332 0.6553
vn -0.7604 -0.0267 0.6591
vn -0.0033 0.9989 -0.0405
vn -0.0420 0.9993 0.0034
vn 0.7099 -0.0332 -0.6915
vn 0.7157 0.0267 -0.6882
vn 0.0910 -0.9888 -0.1111
vn 0.1050 -0.9890 -0.1024
vn -0.7483 -0.1475 0.6550
vn -0.7346 -0.1478 0.6640
vn 0.7124 0.1475 -0.6783
vn 0.7263 0.1478 -0.6695
vn -0.1268 0.9888 0.0878
vn -0.1134 0.9890 0.0969
vn -0.8044 -0.1458 -0.5615
vn -0.8534 -0.1462 -0.5167
vn -0.9364 -0.0329 -0.4410
vn -0.9366 0.0335 -0.4407
vn -0.8530 0.1458 -0.5172
vn -0.8039 0.1462 -0.5619
vn -0.7210 0.0329 -0.6376
vn -0.7207 -0.0335 -0.6379
vn -0.1353 -0.9888 0.0804
vn -0.7578 0.1458 0.6486
vn 0.0802 0.9888 -0.1162
vn -0.1202 -0.9890 -0.0840
vn -0.1078 -0.9888 -0.0949
vn -0.2626 -0.9464 -0.1834
vn -0.2335 -0.9463 -0.2060
vn -0.4223 -0.8545 -0.2949
vn -0.3745 -0.8549 -0.3308
vn -0.5762 -0.7056 -0.4022
vn -0.5104 -0.7067 -0.4514
vn -0.6964 -0.5161 -0.4861
vn -0.6169 -0.5178 -0.5460
vn -0.7703 -0.3201 -0.5377
vn -0.6826 -0.3217 -0.6044
vn -0.7131 -0.1467 -0.6314
vn -0.0826 -0.9891 -0.1076
vn -0.1783 -0.9478 -0.2333
vn -0.2862 -0.8586 -0.3754
vn -0.3909 -0.7127 -0.5140
vn -0.4739 -0.5244 -0.6241
vn -0.5257 -0.3269 -0.6929
vn -0.5500 -0.1494 -0.7250
vn -0.5562 -0.0342 -0.7327
vn -0.0491 -0.9894 -0.1181
vn -0.1059 -0.9495 -0.2556
vn -0.1702 -0.8627 -0.4122
vn -0.2332 -0.7193 -0.5665
vn -0.2837 -0.5317 -0.6907
vn -0.3156 -0.3327 -0.7692
vn -0.3307 -0.1524 -0.8062
vn -0.3346 -0.0349 -0.8152
vn -0.0101 -0.9896 -0.1241
vn -0.0219 -0.9503 -0.2686
vn -0.0354 -0.8645 -0.4334
vn -0.0487 -0.7221 -0.5966
vn -0.0595 -0.5350 -0.7286
vn -0.0663 -0.3353 -0.8125
vn -0.0696 -0.1537 -0.8522
vn -0.0703 -0.0352 -0.8619
vn 0.0293 -0.9894 -0.1245
vn 0.0630 -0.9495 -0.2694
vn 0.1011 -0.8627 -0.4343
vn 0.1382 -0.7193 -0.5968
vn 0.1679 -0.5317 -0.7276
vn 0.1867 -0.3327 -0.8102
vn 0.1956 -0.1524 -0.8491
vn 0.1980 -0.0349 -0.8586
vn 0.0641 -0.9891 -0.1195
vn 0.1381 -0.9478 -0.2591
vn 0.2215 -0.8586 -0.4168
vn 0.3024 -0.7127 -0.5706
vn 0.3665 -0.5244 -0.6927
vn 0.4064 -0.3269 -0.7690
vn 0.4252 -0.1494 -0.8046
vn 0.4300 -0.0341 -0.8131
vn 0.1971 -0.9463 -0.2411
vn 0.3159 -0.8549 -0.3872
vn 0.4305 -0.7067 -0.5282
vn 0.5202 -0.5178 -0.6388
vn 0.5756 -0.3217 -0.7071
vn 0.6013 -0.1467 -0.7387
vn 0.6077 -0.0335 -0.7463
vn 0.2294 -0.9464 -0.2235
vn 0.3689 -0.8545 -0.3594
vn 0.5033 -0.7056 -0.4903
vn 0.6084 -0.5161 -0.5926
vn 0.6730 -0.3201 -0.6555
vn 0.7027 -0.1458 -0.6845
vn -0.8544 -0.0050 0.5861
vn -0.8540 -0.0214 0.5862
vn -0.9696 -0.0108 0.4619
vn -0.9670 -0.0467 0.4635
vn -1.0662 -0.0173 0.2929
vn -1.0616 -0.0754 0.2963
vn -1.1147 -0.0236 0.0894
vn -1.1086 -0.1032 0.0946
vn -1.0987 -0.0285 -0.1190
vn -1.0917 -0.1252 -0.1126
vn -1.0300 -0.0315 -0.3007
vn -1.0226 -0.1387 -0.2940
vn -0.9285 -0.1449 -0.4348
vn -0.8476 -0.0466 0.5907
vn -0.9533 -0.1015 0.4741
vn -1.0413 -0.1638 0.3139
vn -1.0833 -0.2247 0.1180
vn -1.0632 -0.2734 -0.0863
vn -0.9915 -0.3037 -0.2677
vn -0.8951 -0.3178 -0.4100
vn -0.8185 -0.3210 -0.4932
vn -0.8350 -0.0745 0.5992
vn -0.9266 -0.1617 0.4935
vn -1.0002 -0.2611 0.3454
vn -1.0297 -0.3591 0.1605
vn -1.0001 -0.4382 -0.0368
vn -0.9220 -0.4882 -0.2158
vn -0.8212 -0.5117 -0.3585
vn -0.7424 -0.5173 -0.4429
vn -0.8162 -0.1018 0.6116
vn -0.8864 -0.2202 0.5205
vn -0.9364 -0.3554 0.3890
vn -0.9433 -0.4891 0.2200
vn -0.8958 -0.5974 0.0348
vn -0.8060 -0.6662 -0.1374
vn -0.6991 -0.6987 -0.2775
vn -0.6183 -0.7067 -0.3617
vn -0.7933 -0.1243 0.6264
vn -0.8368 -0.2688 0.5519
vn -0.8560 -0.4330 0.4392
vn -0.8323 -0.5947 0.2890
vn -0.7600 -0.7247 0.1194
vn -0.6549 -0.8068 -0.0420
vn -0.5414 -0.8455 -0.1764
vn -0.4593 -0.8551 -0.2586
vn -0.7696 -0.1396 0.6414
vn -0.7851 -0.3022 0.5836
vn -0.7714 -0.4858 0.4895
vn -0.7148 -0.6645 0.3579
vn -0.6165 -0.8064 0.2044
vn -0.4960 -0.8949 0.0547
vn -0.3767 -0.9363 -0.0726
vn -0.2942 -0.9465 -0.1521
vn -0.7381 -0.3198 0.6125
vn -0.6946 -0.5133 0.5352
vn -0.6085 -0.6999 0.4201
vn -0.4873 -0.8463 0.2808
vn -0.3538 -0.9366 0.1412
vn -0.2298 -0.9785 0.0199
vn -0.1473 -0.9887 -0.0572
vn -0.7081 -0.3228 0.6321
vn -0.6457 -0.5192 0.5666
vn -0.5409 -0.7082 0.4628
vn -0.4051 -0.8560 0.3324
vn -0.2628 -0.9468 0.1987
vn 0.6066 0.0050 -0.7474
vn 0.6067 0.0214 -0.7471
vn 0.4285 0.0108 -0.8141
vn 0.4309 0.0467 -0.8124
vn 0.1960 0.0173 -0.8592
vn 0.2012 0.0754 -0.8563
vn -0.0724 0.0236 -0.8620
vn -0.0647 0.1032 -0.8582
vn -0.3363 0.0285 -0.8149
vn -0.3269 0.1252 -0.8107
vn -0.5571 0.0315 -0.7323
vn -0.5474 0.1387 -0.7278
vn -0.7118 0.1449 -0.6326
vn 0.6135 0.0466 -0.7430
vn 0.4468 0.1015 -0.8038
vn 0.2270 0.1638 -0.8438
vn -0.0306 0.2247 -0.8429
vn -0.2885 0.2734 -0.7934
vn -0.5086 0.3037 -0.7085
vn -0.6744 0.3178 -0.6114
vn -0.7680 0.3210 -0.5393
vn 0.6266 0.0745 -0.7348
vn 0.4760 0.1617 -0.7867
vn 0.2742 0.2611 -0.8178
vn 0.0328 0.3591 -0.8093
vn -0.2147 0.4382 -0.7538
vn -0.4305 0.4882 -0.6644
vn -0.5961 0.5117 -0.5639
vn -0.6910 0.5173 -0.4899
vn 0.6456 0.1018 -0.7227
vn 0.5173 0.2202 -0.7607
vn 0.3407 0.3554 -0.7767
vn 0.1234 0.4891 -0.7536
vn -0.1056 0.5974 -0.6865
vn -0.3107 0.6662 -0.5894
vn -0.4721 0.6987 -0.4847
vn -0.5663 0.7067 -0.4092
vn 0.6683 0.1243 -0.7077
vn 0.5658 0.2688 -0.7283
vn 0.4184 0.4330 -0.7240
vn 0.2302 0.5947 -0.6808
vn 0.0254 0.7247 -0.5975
vn -0.1635 0.8068 -0.4906
vn -0.3164 0.8455 -0.3818
vn -0.4078 0.8551 -0.3057
vn 0.6915 0.1396 -0.6922
vn 0.6150 0.3022 -0.6943
vn 0.4969 0.4858 -0.6682
vn 0.3380 0.6645 -0.6031
vn 0.1582 0.8064 -0.5027
vn -0.0131 0.8949 -0.3861
vn -0.1560 0.9363 -0.2741
vn -0.2438 0.9465 -0.1981
vn 0.6598 0.3198 -0.6635
vn 0.5682 0.5133 -0.6174
vn 0.4355 0.6999 -0.5327
vn 0.2775 0.8463 -0.4173
vn 0.1213 0.9366 -0.2925
vn -0.0131 0.9785 -0.1779
vn -0.0978 0.9887 -0.1023
vn 0.6899 0.3228 -0.6439
vn 0.6166 0.5192 -0.5855
vn 0.5014 0.7082 -0.4886
vn 0.3573 0.8560 -0.3635
vn 0.2101 0.9468 -0.2330
vn -0.1276 0.9890 -0.0773
vn -0.1394 0.9888 -0.0660
vn -0.2785 0.9464 -0.1688
vn -0.3026 0.9463 -0.1429
vn -0.4479 0.8545 -0.2715
vn -0.4859 0.8549 -0.2292
vn -0.6110 0.7056 -0.3704
vn -0.6629 0.7067 -0.3122
vn -0.7385 0.5161 -0.4477
vn -0.8018 0.5178 -0.3773
vn -0.8168 0.3201 -0.4953
vn -0.8875 0.3217 -0.4174
vn -0.9271 0.1467 -0.4361
vn -0.1514 0.9891 -0.0447
vn -0.3282 0.9478 -0.0964
vn -0.5281 0.8586 -0.1546
vn -0.7229 0.7127 -0.2109
vn -0.8778 0.5244 -0.2556
vn -0.9744 0.3269 -0.2834
vn -1.0195 0.1494 -0.2965
vn -1.0303 0.0341 -0.2999
vn -0.1592 0.9894 -0.0176
vn -0.3447 0.9495 -0.0376
vn -0.5558 0.8627 -0.0602
vn -0.7637 0.7193 -0.0823
vn -0.9311 0.5317 -0.0999
vn -1.0368 0.3327 -0.1109
vn -1.0866 0.1524 -0.1162
vn -1.0987 0.0349 -0.1177
vn -0.1605 0.9896 0.0131
vn -0.3472 0.9503 0.0283
vn -0.5603 0.8645 0.0457
vn -0.7713 0.7221 0.0629
vn -0.9420 0.5350 0.0769
vn -1.0504 0.3353 0.0857
vn -1.1017 0.1537 0.0899
vn -1.1142 0.0352 0.0909
vn -0.1543 0.9894 0.0432
vn -0.3341 0.9495 0.0930
vn -0.5386 0.8627 0.1495
vn -0.7403 0.7193 0.2050
vn -0.9026 0.5317 0.2495
vn -1.0051 0.3327 0.2776
vn -1.0534 0.1524 0.2909
vn -1.0651 0.0349 0.2943
vn -0.1422 0.9891 0.0687
vn -0.3083 0.9478 0.1484
vn -0.4960 0.8586 0.2381
vn -0.6792 0.7127 0.3254
vn -0.8247 0.5244 0.3945
vn -0.9155 0.3269 0.4376
vn -0.9579 0.1494 0.4579
vn -0.9681 0.0341 0.4630
vn -0.2754 0.9463 0.1901
vn -0.4423 0.8549 0.3049
vn -0.6035 0.7067 0.4156
vn -0.7300 0.5178 0.5023
vn -0.8080 0.3217 0.5558
vn -0.8442 0.1467 0.5806
vn -0.8528 0.0335 0.5868
vn -0.2475 0.9464 0.2117
vn -0.3980 0.8545 0.3405
vn -0.5429 0.7056 0.4646
vn -0.6561 0.5161 0.5616
vn -0.7257 0.3201 0.6212
# 328 vertex normals

vt 0.9011 0.0000 0.0000
vt 0.9243 0.0044 0.0000
vt 0.9444 0.0176 0.0000
vt 0.9614 0.0397 0.0000
vt 0.9753 0.0705 0.0000
vt 0.9861 0.1102 0.0000
vt 0.9938 0.1586 0.0000
vt 0.9985 0.2159 0.0000
vt 1.0000 0.2820 0.0000
vt 1.0000 0.7180 0.0000
vt 0.9985 0.7841 0.0000
vt 0.9938 0.8414 0.0000
vt 0.9861 0.8898 0.0000
vt 0.9753 0.9295 0.0000
vt 0.9614 0.9603 0.0000
vt 0.9444 0.9824 0.0000
vt 0.9243 0.9956 0.0000
vt 0.9011 1.0000 0.0000
vt 0.0989 1.0000 0.0000
vt 0.0757 0.9956 0.0000
vt 0.0556 0.9824 0.0000
vt 0.0386 0.9603 0.0000
vt 0.0247 0.9295 0.0000
vt 0.0139 0.8898 0.0000
vt 0.0062 0.8414 0.0000
vt 0.0015 0.7841 0.0000
vt 0.0000 0.7180 0.0000
vt 0.0000 0.2820 0.0000
vt 0.0015 0.2159 0.0000
vt 0.0062 0.1586 0.0000
vt 0.0139 0.1102 0.0000
vt 0.0247 0.0705 0.0000
vt 0.0386 0.0397 0.0000
vt 0.0556 0.0176 0.0000
vt 0.0757 0.0044 0.0000
vt 0.0989 0.0000 0.0000
vt 0.0989 0.2820 0.0000
vt 0.9011 0.2820 0.0000
vt 0.9011 0.7180 0.0000
vt 0.0989 0.7180 0.0000
vt 0.9011 0.9876 0.0000
vt 0.0989 0.9876 0.0000
vt 0.2820 0.0000 0.0000
vt 0.7180 0.0000 0.0000
vt 0.7180 0.9876 0.0000
vt 0.2820 0.9876 0.0000
vt 0.0000 1.0000 0.0000
vt 0.0989 1.2636 0.0000
vt 0.0989 1.2291 0.0000
vt 0.9011 1.2291 0.0000
vt 0.9011 1.2636 0.0000
vt 0.2820 0.5888 0.0000
vt 0.2820 0.6387 0.0000
vt 0.7180 0.6387 0.0000
vt 0.7180 0.5888 0.0000
vt 0.0858 -0.0039 0.0000
vt 0.1103 -0.0034 0.0000
vt 0.1124 0.9842 0.0000
vt 0.0882 0.9837 0.0000
vt 0.9118 0.9837 0.0000
vt 0.8876 0.9842 0.0000
vt 0.8897 -0.0034 0.0000
vt 0.9142 -0.0039 0.0000
vt 0.2443 -0.0106 0.0000
vt 0.2261 -0.0092 0.0000
vt 0.2204 0.9786 0.0000
vt 0.2378 0.9773 0.0000
vt 0.0730 0.9914 0.0000
vt 0.0448 0.9966 0.0000
vt 0.0143 1.0032 0.0000
vt -0.0186 1.0113 0.0000
vt -0.0537 1.0207 0.0000
vt -0.0912 1.0315 0.0000
vt -0.1310 1.0438 0.0000
vt -0.1732 1.0574 0.0000
vt -0.1353 1.0420 0.0000
vt -0.1082 1.0243 0.0000
vt -0.0920 1.0044 0.0000
vt -0.0866 0.9824 0.0000
vt -0.0920 0.9581 0.0000
vt -0.1082 0.9316 0.0000
vt -0.1353 0.9029 0.0000
vt -0.1732 0.8720 0.0000
vt 0.2188 0.9928 0.0000
vt 0.1702 1.0022 0.0000
vt 0.1362 1.0157 0.0000
vt 0.1168 1.0334 0.0000
vt 0.1121 1.0552 0.0000
vt 0.1219 1.0813 0.0000
vt 0.1463 1.1115 0.0000
vt 0.1854 1.1458 0.0000
vt 0.1411 1.1107 0.0000
vt 0.1009 1.0783 0.0000
vt 0.0648 1.0486 0.0000
vt 0.0328 1.0215 0.0000
vt 0.0049 0.9971 0.0000
vt -0.0189 0.9755 0.0000
vt -0.0387 0.9565 0.0000
vt -0.0543 0.9402 0.0000
vt 0.0989 1.1946 0.0000
vt 0.9011 1.1946 0.0000
vt 0.0989 1.1601 0.0000
vt 0.9011 1.1601 0.0000
vt 0.0989 1.1256 0.0000
vt 0.9011 1.1256 0.0000
vt 0.0989 1.0911 0.0000
vt 0.9011 1.0911 0.0000
vt 0.0989 1.0566 0.0000
vt 0.9011 1.0566 0.0000
vt 0.0989 1.0221 0.0000
vt 0.9011 1.0221 0.0000
vt 0.2820 0.6885 0.0000
vt 0.7180 0.6885 0.0000
vt 0.2820 0.7384 0.0000
vt 0.7180 0.7384 0.0000
vt 0.2820 0.7882 0.0000
vt 0.7180 0.7882 0.0000
vt 0.2820 0.8381 0.0000
vt 0.7180 0.8381 0.0000
vt 0.2820 0.8879 0.0000
vt 0.7180 0.8879 0.0000
vt 0.2820 0.9378 0.0000
vt 0.7180 0.9378 0.0000
vt 0.1349 -0.0029 0.0000
vt 0.1366 0.9847 0.0000
vt 0.1594 -0.0024 0.0000
vt 0.1609 0.9852 0.0000
vt 0.1839 -0.0020 0.0000
vt 0.1851 0.9857 0.0000
vt 0.2084 -0.0015 0.0000
vt 0.2093 0.9862 0.0000
vt 0.2330 -0.0010 0.0000
vt 0.2336 0.9867 0.0000
vt 0.2575 -0.0005 0.0000
vt 0.2578 0.9871 0.0000
vt 0.8634 0.9847 0.0000
vt 0.8651 -0.0029 0.0000
vt 0.8391 0.9852 0.0000
vt 0.8406 -0.0024 0.0000
vt 0.8149 0.9857 0.0000
vt 0.8161 -0.0020 0.0000
vt 0.7907 0.9862 0.0000
vt 0.7916 -0.0015 0.0000
vt 0.7664 0.9867 0.0000
vt 0.7670 -0.0010 0.0000
vt 0.7422 0.9871 0.0000
vt 0.7425 -0.0005 0.0000
vt 0.2079 -0.0079 0.0000
vt 0.2031 0.9799 0.0000
vt 0.1898 -0.0066 0.0000
vt 0.1857 0.9812 0.0000
vt 0.1716 -0.0053 0.0000
vt 0.1684 0.9825 0.0000
vt 0.1534 -0.0040 0.0000
vt 0.1510 0.9838 0.0000
vt 0.1353 -0.0026 0.0000
vt 0.1336 0.9851 0.0000
vt 0.1171 -0.0013 0.0000
vt 0.1163 0.9863 0.0000
# 159 texture coords

o Box048
g Box048
usemtl wire_062062062
s 1
f 5905/2863/5905 5906/2864/5906 5907/2865/5907 5908/2866/5908 5909/2867/5909 5910/2868/5910 5911/2869/5911 5912/2870/5912 5913/2871/5913 5914/2872/5914 5915/2873/5915 5916/2874/5916 5917/2875/5917 5918/2876/5918 5919/2877/5919 5920/2878/5920 5921/2879/5921 5922/2880/5922 5923/2881/5923 5924/2882/5924 5925/2883/5925 5926/2884/5926 5927/2885/5927 5928/2886/5928 5929/2887/5929 5930/2888/5930 5931/2889/5931 5932/2890/5932 5933/2891/5933 5934/2892/5934 5935/2893/5935 5936/2894/5936 5937/2895/5937 5938/2896/5938 5939/2897/5939 5940/2898/5940 
s 2
f 5941/2899/5941 5942/2900/5942 5943/2901/5943 5944/2902/5944 
f 5905/2898/5905 5940/2863/5940 5945/2903/5945 5946/2904/5946 
f 5932/2905/5932 5931/2906/5931 5947/2907/5947 5948/2908/5948 
f 5923/2898/5923 5922/2863/5922 5949/2903/5949 5950/2904/5950 
f 5914/2905/5914 5913/2906/5913 5951/2907/5951 5952/2908/5952 
f 5946/2904/5946 5953/2909/5953 5954/2909/5954 
f 5948/2908/5948 5955/2909/5955 5956/2909/5956 
f 5952/2908/5952 5957/2909/5957 5958/2909/5958 
f 5950/2904/5950 5959/2909/5959 5960/2909/5960 
f 5941/2910/5941 5961/2911/5961 5962/2912/5962 5942/2913/5942 
f 5942/2914/5942 5963/2915/5963 5964/2916/5964 5943/2917/5943 
f 5943/2910/5943 5965/2911/5965 5966/2912/5966 5944/2913/5944 
f 5944/2914/5944 5967/2915/5967 5968/2916/5968 5941/2917/5941 
f 5940/2918/5940 5939/2919/5939 5969/2920/5969 5945/2921/5945 
f 5946/2922/5946 5954/2923/5954 5906/2924/5906 5905/2925/5905 
f 5931/2926/5931 5930/2927/5930 5970/2928/5970 5947/2929/5947 
f 5922/2918/5922 5921/2919/5921 5971/2920/5971 5949/2921/5949 
f 5946/2904/5946 5972/2930/5972 5973/2909/5973 
f 5972/2930/5972 5974/2931/5974 5975/2909/5975 5973/2909/5973 
f 5974/2931/5974 5976/2932/5976 5977/2909/5977 5975/2909/5975 
f 5976/2932/5976 5978/2933/5978 5979/2909/5979 5977/2909/5977 
f 5978/2933/5978 5980/2934/5980 5981/2909/5981 5979/2909/5979 
f 5980/2934/5980 5982/2935/5982 5983/2909/5983 5981/2909/5981 
f 5982/2935/5982 5961/2936/5961 5984/2909/5984 5983/2909/5983 
f 5961/2936/5961 5941/2937/5941 5968/2938/5968 5984/2909/5984 
f 5946/2904/5946 5973/2909/5973 5985/2909/5985 
f 5973/2909/5973 5975/2909/5975 5986/2909/5986 5985/2909/5985 
f 5975/2909/5975 5977/2909/5977 5987/2909/5987 5986/2909/5986 
f 5977/2909/5977 5979/2909/5979 5988/2909/5988 5987/2909/5987 
f 5979/2909/5979 5981/2909/5981 5989/2909/5989 5988/2909/5988 
f 5981/2909/5981 5983/2909/5983 5990/2909/5990 5989/2909/5989 
f 5983/2909/5983 5984/2909/5984 5991/2909/5991 5990/2909/5990 
f 5984/2909/5984 5968/2938/5968 5992/2939/5992 5991/2909/5991 
f 5946/2904/5946 5985/2909/5985 5993/2909/5993 
f 5985/2909/5985 5986/2909/5986 5994/2909/5994 5993/2909/5993 
f 5986/2909/5986 5987/2909/5987 5995/2909/5995 5994/2909/5994 
f 5987/2909/5987 5988/2909/5988 5996/2909/5996 5995/2909/5995 
f 5988/2909/5988 5989/2909/5989 5997/2909/5997 5996/2909/5996 
f 5989/2909/5989 5990/2909/5990 5998/2909/5998 5997/2909/5997 
f 5990/2909/5990 5991/2909/5991 5999/2909/5999 5998/2909/5998 
f 5991/2909/5991 5992/2939/5992 6000/2940/6000 5999/2909/5999 
f 5946/2904/5946 5993/2909/5993 6001/2909/6001 
f 5993/2909/5993 5994/2909/5994 6002/2909/6002 6001/2909/6001 
f 5994/2909/5994 5995/2909/5995 6003/2909/6003 6002/2909/6002 
f 5995/2909/5995 5996/2909/5996 6004/2909/6004 6003/2909/6003 
f 5996/2909/5996 5997/2909/5997 6005/2909/6005 6004/2909/6004 
f 5997/2909/5997 5998/2909/5998 6006/2909/6006 6005/2909/6005 
f 5998/2909/5998 5999/2909/5999 6007/2909/6007 6006/2909/6006 
f 5999/2909/5999 6000/2940/6000 6008/2941/6008 6007/2909/6007 
f 5946/2904/5946 6001/2909/6001 6009/2909/6009 
f 6001/2909/6001 6002/2909/6002 6010/2909/6010 6009/2909/6009 
f 6002/2909/6002 6003/2909/6003 6011/2909/6011 6010/2909/6010 
f 6003/2909/6003 6004/2909/6004 6012/2909/6012 6011/2909/6011 
f 6004/2909/6004 6005/2909/6005 6013/2909/6013 6012/2909/6012 
f 6005/2909/6005 6006/2909/6006 6014/2909/6014 6013/2909/6013 
f 6006/2909/6006 6007/2909/6007 6015/2909/6015 6014/2909/6014 
f 6007/2909/6007 6008/2941/6008 6016/2942/6016 6015/2909/6015 
f 5946/2904/5946 6009/2909/6009 6017/2909/6017 
f 6009/2909/6009 6010/2909/6010 6018/2909/6018 6017/2909/6017 
f 6010/2909/6010 6011/2909/6011 6019/2909/6019 6018/2909/6018 
f 6011/2909/6011 6012/2909/6012 6020/2909/6020 6019/2909/6019 
f 6012/2909/6012 6013/2909/6013 6021/2909/6021 6020/2909/6020 
f 6013/2909/6013 6014/2909/6014 6022/2909/6022 6021/2909/6021 
f 6014/2909/6014 6015/2909/6015 6023/2909/6023 6022/2909/6022 
f 6015/2909/6015 6016/2942/6016 6024/2943/6024 6023/2909/6023 
f 5946/2904/5946 6017/2909/6017 5953/2909/5953 
f 6017/2909/6017 6018/2909/6018 6025/2909/6025 5953/2909/5953 
f 6018/2909/6018 6019/2909/6019 6026/2909/6026 6025/2909/6025 
f 6019/2909/6019 6020/2909/6020 6027/2909/6027 6026/2909/6026 
f 6020/2909/6020 6021/2909/6021 6028/2909/6028 6027/2909/6027 
f 6021/2909/6021 6022/2909/6022 6029/2909/6029 6028/2909/6028 
f 6022/2909/6022 6023/2909/6023 6030/2909/6030 6029/2909/6029 
f 6023/2909/6023 6024/2943/6024 6031/2944/6031 6030/2909/6030 
f 5953/2909/5953 6025/2909/6025 6032/2909/6032 5954/2909/5954 
f 6025/2909/6025 6026/2909/6026 6033/2909/6033 6032/2909/6032 
f 6026/2909/6026 6027/2909/6027 6034/2909/6034 6033/2909/6033 
f 6027/2909/6027 6028/2909/6028 6035/2909/6035 6034/2909/6034 
f 6028/2909/6028 6029/2909/6029 6036/2909/6036 6035/2909/6035 
f 6029/2909/6029 6030/2909/6030 6037/2909/6037 6036/2909/6036 
f 6030/2909/6030 6031/2944/6031 5951/2945/5951 6037/2909/6037 
f 5948/2908/5948 6038/2946/6038 6039/2909/6039 
f 6038/2946/6038 6040/2947/6040 6041/2909/6041 6039/2909/6039 
f 6040/2947/6040 6042/2948/6042 6043/2909/6043 6041/2909/6041 
f 6042/2948/6042 6044/2949/6044 6045/2909/6045 6043/2909/6043 
f 6044/2949/6044 6046/2950/6046 6047/2909/6047 6045/2909/6045 
f 6046/2950/6046 6048/2951/6048 6049/2909/6049 6047/2909/6047 
f 6048/2951/6048 5963/2952/5963 6050/2909/6050 6049/2909/6049 
f 5963/2952/5963 5942/2953/5942 5962/2954/5962 6050/2909/6050 
f 5948/2908/5948 6039/2909/6039 6051/2909/6051 
f 6039/2909/6039 6041/2909/6041 6052/2909/6052 6051/2909/6051 
f 6041/2909/6041 6043/2909/6043 6053/2909/6053 6052/2909/6052 
f 6043/2909/6043 6045/2909/6045 6054/2909/6054 6053/2909/6053 
f 6045/2909/6045 6047/2909/6047 6055/2909/6055 6054/2909/6054 
f 6047/2909/6047 6049/2909/6049 6056/2909/6056 6055/2909/6055 
f 6049/2909/6049 6050/2909/6050 6057/2909/6057 6056/2909/6056 
f 6050/2909/6050 5962/2954/5962 6058/2955/6058 6057/2909/6057 
f 5948/2908/5948 6051/2909/6051 6059/2909/6059 
f 6051/2909/6051 6052/2909/6052 6060/2909/6060 6059/2909/6059 
f 6052/2909/6052 6053/2909/6053 6061/2909/6061 6060/2909/6060 
f 6053/2909/6053 6054/2909/6054 6062/2909/6062 6061/2909/6061 
f 6054/2909/6054 6055/2909/6055 6063/2909/6063 6062/2909/6062 
f 6055/2909/6055 6056/2909/6056 6064/2909/6064 6063/2909/6063 
f 6056/2909/6056 6057/2909/6057 6065/2909/6065 6064/2909/6064 
f 6057/2909/6057 6058/2955/6058 6066/2956/6066 6065/2909/6065 
f 5948/2908/5948 6059/2909/6059 6067/2909/6067 
f 6059/2909/6059 6060/2909/6060 6068/2909/6068 6067/2909/6067 
f 6060/2909/6060 6061/2909/6061 6069/2909/6069 6068/2909/6068 
f 6061/2909/6061 6062/2909/6062 6070/2909/6070 6069/2909/6069 
f 6062/2909/6062 6063/2909/6063 6071/2909/6071 6070/2909/6070 
f 6063/2909/6063 6064/2909/6064 6072/2909/6072 6071/2909/6071 
f 6064/2909/6064 6065/2909/6065 6073/2909/6073 6072/2909/6072 
f 6065/2909/6065 6066/2956/6066 6074/2957/6074 6073/2909/6073 
f 5948/2908/5948 6067/2909/6067 6075/2909/6075 
f 6067/2909/6067 6068/2909/6068 6076/2909/6076 6075/2909/6075 
f 6068/2909/6068 6069/2909/6069 6077/2909/6077 6076/2909/6076 
f 6069/2909/6069 6070/2909/6070 6078/2909/6078 6077/2909/6077 
f 6070/2909/6070 6071/2909/6071 6079/2909/6079 6078/2909/6078 
f 6071/2909/6071 6072/2909/6072 6080/2909/6080 6079/2909/6079 
f 6072/2909/6072 6073/2909/6073 6081/2909/6081 6080/2909/6080 
f 6073/2909/6073 6074/2957/6074 6082/2958/6082 6081/2909/6081 
f 5948/2908/5948 6075/2909/6075 6083/2909/6083 
f 6075/2909/6075 6076/2909/6076 6084/2909/6084 6083/2909/6083 
f 6076/2909/6076 6077/2909/6077 6085/2909/6085 6084/2909/6084 
f 6077/2909/6077 6078/2909/6078 6086/2909/6086 6085/2909/6085 
f 6078/2909/6078 6079/2909/6079 6087/2909/6087 6086/2909/6086 
f 6079/2909/6079 6080/2909/6080 6088/2909/6088 6087/2909/6087 
f 6080/2909/6080 6081/2909/6081 6089/2909/6089 6088/2909/6088 
f 6081/2909/6081 6082/2958/6082 6090/2959/6090 6089/2909/6089 
f 5948/2908/5948 6083/2909/6083 5955/2909/5955 
f 6083/2909/6083 6084/2909/6084 6091/2909/6091 5955/2909/5955 
f 6084/2909/6084 6085/2909/6085 6092/2909/6092 6091/2909/6091 
f 6085/2909/6085 6086/2909/6086 6093/2909/6093 6092/2909/6092 
f 6086/2909/6086 6087/2909/6087 6094/2909/6094 6093/2909/6093 
f 6087/2909/6087 6088/2909/6088 6095/2909/6095 6094/2909/6094 
f 6088/2909/6088 6089/2909/6089 6096/2909/6096 6095/2909/6095 
f 6089/2909/6089 6090/2959/6090 6097/2960/6097 6096/2909/6096 
f 5955/2909/5955 6091/2909/6091 6098/2909/6098 5956/2909/5956 
f 6091/2909/6091 6092/2909/6092 6099/2909/6099 6098/2909/6098 
f 6092/2909/6092 6093/2909/6093 6100/2909/6100 6099/2909/6099 
f 6093/2909/6093 6094/2909/6094 6101/2909/6101 6100/2909/6100 
f 6094/2909/6094 6095/2909/6095 6102/2909/6102 6101/2909/6101 
f 6095/2909/6095 6096/2909/6096 5969/2909/5969 6102/2909/6102 
f 6096/2909/6096 6097/2960/6097 5945/2961/5945 5969/2909/5969 
f 5952/2908/5952 6103/2946/6103 6104/2909/6104 
f 6103/2946/6103 6105/2947/6105 6106/2909/6106 6104/2909/6104 
f 6105/2947/6105 6107/2948/6107 6108/2909/6108 6106/2909/6106 
f 6107/2948/6107 6109/2949/6109 6110/2909/6110 6108/2909/6108 
f 6109/2949/6109 6111/2950/6111 6112/2909/6112 6110/2909/6110 
f 6111/2950/6111 6113/2951/6113 6114/2909/6114 6112/2909/6112 
f 6113/2951/6113 5967/2952/5967 6115/2909/6115 6114/2909/6114 
f 5967/2952/5967 5944/2953/5944 5966/2954/5966 6115/2909/6115 
f 5952/2908/5952 6104/2909/6104 6116/2909/6116 
f 6104/2909/6104 6106/2909/6106 6117/2909/6117 6116/2909/6116 
f 6106/2909/6106 6108/2909/6108 6118/2909/6118 6117/2909/6117 
f 6108/2909/6108 6110/2909/6110 6119/2909/6119 6118/2909/6118 
f 6110/2909/6110 6112/2909/6112 6120/2909/6120 6119/2909/6119 
f 6112/2909/6112 6114/2909/6114 6121/2909/6121 6120/2909/6120 
f 6114/2909/6114 6115/2909/6115 6122/2909/6122 6121/2909/6121 
f 6115/2909/6115 5966/2954/5966 6123/2955/6123 6122/2909/6122 
f 5952/2908/5952 6116/2909/6116 6124/2909/6124 
f 6116/2909/6116 6117/2909/6117 6125/2909/6125 6124/2909/6124 
f 6117/2909/6117 6118/2909/6118 6126/2909/6126 6125/2909/6125 
f 6118/2909/6118 6119/2909/6119 6127/2909/6127 6126/2909/6126 
f 6119/2909/6119 6120/2909/6120 6128/2909/6128 6127/2909/6127 
f 6120/2909/6120 6121/2909/6121 6129/2909/6129 6128/2909/6128 
f 6121/2909/6121 6122/2909/6122 6130/2909/6130 6129/2909/6129 
f 6122/2909/6122 6123/2955/6123 6131/2956/6131 6130/2909/6130 
f 5952/2908/5952 6124/2909/6124 6132/2909/6132 
f 6124/2909/6124 6125/2909/6125 6133/2909/6133 6132/2909/6132 
f 6125/2909/6125 6126/2909/6126 6134/2909/6134 6133/2909/6133 
f 6126/2909/6126 6127/2909/6127 6135/2909/6135 6134/2909/6134 
f 6127/2909/6127 6128/2909/6128 6136/2909/6136 6135/2909/6135 
f 6128/2909/6128 6129/2909/6129 6137/2909/6137 6136/2909/6136 
f 6129/2909/6129 6130/2909/6130 6138/2909/6138 6137/2909/6137 
f 6130/2909/6130 6131/2956/6131 6139/2957/6139 6138/2909/6138 
f 5952/2908/5952 6132/2909/6132 6140/2909/6140 
f 6132/2909/6132 6133/2909/6133 6141/2909/6141 6140/2909/6140 
f 6133/2909/6133 6134/2909/6134 6142/2909/6142 6141/2909/6141 
f 6134/2909/6134 6135/2909/6135 6143/2909/6143 6142/2909/6142 
f 6135/2909/6135 6136/2909/6136 6144/2909/6144 6143/2909/6143 
f 6136/2909/6136 6137/2909/6137 6145/2909/6145 6144/2909/6144 
f 6137/2909/6137 6138/2909/6138 6146/2909/6146 6145/2909/6145 
f 6138/2909/6138 6139/2957/6139 6147/2958/6147 6146/2909/6146 
f 5952/2908/5952 6140/2909/6140 6148/2909/6148 
f 6140/2909/6140 6141/2909/6141 6149/2909/6149 6148/2909/6148 
f 6141/2909/6141 6142/2909/6142 6150/2909/6150 6149/2909/6149 
f 6142/2909/6142 6143/2909/6143 6151/2909/6151 6150/2909/6150 
f 6143/2909/6143 6144/2909/6144 6152/2909/6152 6151/2909/6151 
f 6144/2909/6144 6145/2909/6145 6153/2909/6153 6152/2909/6152 
f 6145/2909/6145 6146/2909/6146 6154/2909/6154 6153/2909/6153 
f 6146/2909/6146 6147/2958/6147 6155/2959/6155 6154/2909/6154 
f 5952/2908/5952 6148/2909/6148 5957/2909/5957 
f 6148/2909/6148 6149/2909/6149 6156/2909/6156 5957/2909/5957 
f 6149/2909/6149 6150/2909/6150 6157/2909/6157 6156/2909/6156 
f 6150/2909/6150 6151/2909/6151 6158/2909/6158 6157/2909/6157 
f 6151/2909/6151 6152/2909/6152 6159/2909/6159 6158/2909/6158 
f 6152/2909/6152 6153/2909/6153 6160/2909/6160 6159/2909/6159 
f 6153/2909/6153 6154/2909/6154 6161/2909/6161 6160/2909/6160 
f 6154/2909/6154 6155/2959/6155 6162/2960/6162 6161/2909/6161 
f 5957/2909/5957 6156/2909/6156 6163/2909/6163 5958/2909/5958 
f 6156/2909/6156 6157/2909/6157 6164/2909/6164 6163/2909/6163 
f 6157/2909/6157 6158/2909/6158 6165/2909/6165 6164/2909/6164 
f 6158/2909/6158 6159/2909/6159 6166/2909/6166 6165/2909/6165 
f 6159/2909/6159 6160/2909/6160 6167/2909/6167 6166/2909/6166 
f 6160/2909/6160 6161/2909/6161 5971/2909/5971 6167/2909/6167 
f 6161/2909/6161 6162/2960/6162 5949/2961/5949 5971/2909/5971 
f 5950/2904/5950 6168/2930/6168 6169/2909/6169 
f 6168/2930/6168 6170/2931/6170 6171/2909/6171 6169/2909/6169 
f 6170/2931/6170 6172/2932/6172 6173/2909/6173 6171/2909/6171 
f 6172/2932/6172 6174/2933/6174 6175/2909/6175 6173/2909/6173 
f 6174/2933/6174 6176/2934/6176 6177/2909/6177 6175/2909/6175 
f 6176/2934/6176 6178/2935/6178 6179/2909/6179 6177/2909/6177 
f 6178/2935/6178 5965/2936/5965 6180/2909/6180 6179/2909/6179 
f 5965/2936/5965 5943/2937/5943 5964/2938/5964 6180/2909/6180 
f 5950/2904/5950 6169/2909/6169 6181/2909/6181 
f 6169/2909/6169 6171/2909/6171 6182/2909/6182 6181/2909/6181 
f 6171/2909/6171 6173/2909/6173 6183/2909/6183 6182/2909/6182 
f 6173/2909/6173 6175/2909/6175 6184/2909/6184 6183/2909/6183 
f 6175/2909/6175 6177/2909/6177 6185/2909/6185 6184/2909/6184 
f 6177/2909/6177 6179/2909/6179 6186/2909/6186 6185/2909/6185 
f 6179/2909/6179 6180/2909/6180 6187/2909/6187 6186/2909/6186 
f 6180/2909/6180 5964/2938/5964 6188/2939/6188 6187/2909/6187 
f 5950/2904/5950 6181/2909/6181 6189/2909/6189 
f 6181/2909/6181 6182/2909/6182 6190/2909/6190 6189/2909/6189 
f 6182/2909/6182 6183/2909/6183 6191/2909/6191 6190/2909/6190 
f 6183/2909/6183 6184/2909/6184 6192/2909/6192 6191/2909/6191 
f 6184/2909/6184 6185/2909/6185 6193/2909/6193 6192/2909/6192 
f 6185/2909/6185 6186/2909/6186 6194/2909/6194 6193/2909/6193 
f 6186/2909/6186 6187/2909/6187 6195/2909/6195 6194/2909/6194 
f 6187/2909/6187 6188/2939/6188 6196/2940/6196 6195/2909/6195 
f 5950/2904/5950 6189/2909/6189 6197/2909/6197 
f 6189/2909/6189 6190/2909/6190 6198/2909/6198 6197/2909/6197 
f 6190/2909/6190 6191/2909/6191 6199/2909/6199 6198/2909/6198 
f 6191/2909/6191 6192/2909/6192 6200/2909/6200 6199/2909/6199 
f 6192/2909/6192 6193/2909/6193 6201/2909/6201 6200/2909/6200 
f 6193/2909/6193 6194/2909/6194 6202/2909/6202 6201/2909/6201 
f 6194/2909/6194 6195/2909/6195 6203/2909/6203 6202/2909/6202 
f 6195/2909/6195 6196/2940/6196 6204/2941/6204 6203/2909/6203 
f 5950/2904/5950 6197/2909/6197 6205/2909/6205 
f 6197/2909/6197 6198/2909/6198 6206/2909/6206 6205/2909/6205 
f 6198/2909/6198 6199/2909/6199 6207/2909/6207 6206/2909/6206 
f 6199/2909/6199 6200/2909/6200 6208/2909/6208 6207/2909/6207 
f 6200/2909/6200 6201/2909/6201 6209/2909/6209 6208/2909/6208 
f 6201/2909/6201 6202/2909/6202 6210/2909/6210 6209/2909/6209 
f 6202/2909/6202 6203/2909/6203 6211/2909/6211 6210/2909/6210 
f 6203/2909/6203 6204/2941/6204 6212/2942/6212 6211/2909/6211 
f 5950/2904/5950 6205/2909/6205 6213/2909/6213 
f 6205/2909/6205 6206/2909/6206 6214/2909/6214 6213/2909/6213 
f 6206/2909/6206 6207/2909/6207 6215/2909/6215 6214/2909/6214 
f 6207/2909/6207 6208/2909/6208 6216/2909/6216 6215/2909/6215 
f 6208/2909/6208 6209/2909/6209 6217/2909/6217 6216/2909/6216 
f 6209/2909/6209 6210/2909/6210 6218/2909/6218 6217/2909/6217 
f 6210/2909/6210 6211/2909/6211 6219/2909/6219 6218/2909/6218 
f 6211/2909/6211 6212/2942/6212 6220/2943/6220 6219/2909/6219 
f 5950/2904/5950 6213/2909/6213 5959/2909/5959 
f 6213/2909/6213 6214/2909/6214 6221/2909/6221 5959/2909/5959 
f 6214/2909/6214 6215/2909/6215 6222/2909/6222 6221/2909/6221 
f 6215/2909/6215 6216/2909/6216 6223/2909/6223 6222/2909/6222 
f 6216/2909/6216 6217/2909/6217 6224/2909/6224 6223/2909/6223 
f 6217/2909/6217 6218/2909/6218 6225/2909/6225 6224/2909/6224 
f 6218/2909/6218 6219/2909/6219 6226/2909/6226 6225/2909/6225 
f 6219/2909/6219 6220/2943/6220 6227/2944/6227 6226/2909/6226 
f 5959/2909/5959 6221/2909/6221 6228/2909/6228 5960/2909/5960 
f 6221/2909/6221 6222/2909/6222 6229/2909/6229 6228/2909/6228 
f 6222/2909/6222 6223/2909/6223 6230/2909/6230 6229/2909/6229 
f 6223/2909/6223 6224/2909/6224 6231/2909/6231 6230/2909/6230 
f 6224/2909/6224 6225/2909/6225 6232/2909/6232 6231/2909/6231 
f 6225/2909/6225 6226/2909/6226 5970/2909/5970 6232/2909/6232 
f 6226/2909/6226 6227/2944/6227 5947/2945/5947 5970/2909/5970 
f 5961/2911/5961 5982/2962/5982 6058/2963/6058 5962/2912/5962 
f 5982/2962/5982 5980/2964/5980 6066/2965/6066 6058/2963/6058 
f 5980/2964/5980 5978/2966/5978 6074/2967/6074 6066/2965/6066 
f 5978/2966/5978 5976/2968/5976 6082/2969/6082 6074/2967/6074 
f 5976/2968/5976 5974/2970/5974 6090/2971/6090 6082/2969/6082 
f 5974/2970/5974 5972/2972/5972 6097/2973/6097 6090/2971/6090 
f 5972/2972/5972 5946/2904/5946 5945/2903/5945 6097/2973/6097 
f 5963/2915/5963 6048/2974/6048 6188/2975/6188 5964/2916/5964 
f 6048/2974/6048 6046/2976/6046 6196/2977/6196 6188/2975/6188 
f 6046/2976/6046 6044/2978/6044 6204/2979/6204 6196/2977/6196 
f 6044/2978/6044 6042/2980/6042 6212/2981/6212 6204/2979/6204 
f 6042/2980/6042 6040/2982/6040 6220/2983/6220 6212/2981/6212 
f 6040/2982/6040 6038/2984/6038 6227/2985/6227 6220/2983/6220 
f 6038/2984/6038 5948/2908/5948 5947/2907/5947 6227/2985/6227 
f 5965/2911/5965 6178/2962/6178 6123/2963/6123 5966/2912/5966 
f 6178/2962/6178 6176/2964/6176 6131/2965/6131 6123/2963/6123 
f 6176/2964/6176 6174/2966/6174 6139/2967/6139 6131/2965/6131 
f 6174/2966/6174 6172/2968/6172 6147/2969/6147 6139/2967/6139 
f 6172/2968/6172 6170/2970/6170 6155/2971/6155 6147/2969/6147 
f 6170/2970/6170 6168/2972/6168 6162/2973/6162 6155/2971/6155 
f 6168/2972/6168 5950/2904/5950 5949/2903/5949 6162/2973/6162 
f 5967/2915/5967 6113/2974/6113 5992/2975/5992 5968/2916/5968 
f 6113/2974/6113 6111/2976/6111 6000/2977/6000 5992/2975/5992 
f 6111/2976/6111 6109/2978/6109 6008/2979/6008 6000/2977/6000 
f 6109/2978/6109 6107/2980/6107 6016/2981/6016 6008/2979/6008 
f 6107/2980/6107 6105/2982/6105 6024/2983/6024 6016/2981/6016 
f 6105/2982/6105 6103/2984/6103 6031/2985/6031 6024/2983/6024 
f 6103/2984/6103 5952/2908/5952 5951/2907/5951 6031/2985/6031 
f 5939/2919/5939 5938/2986/5938 6102/2987/6102 5969/2920/5969 
f 5938/2986/5938 5937/2988/5937 6101/2989/6101 6102/2987/6102 
f 5937/2988/5937 5936/2990/5936 6100/2991/6100 6101/2989/6101 
f 5936/2990/5936 5935/2992/5935 6099/2993/6099 6100/2991/6100 
f 5935/2992/5935 5934/2994/5934 6098/2995/6098 6099/2993/6099 
f 5934/2994/5934 5933/2996/5933 5956/2997/5956 6098/2995/6098 
f 5933/2996/5933 5932/2905/5932 5948/2908/5948 5956/2997/5956 
f 5954/2923/5954 6032/2998/6032 5907/2999/5907 5906/2924/5906 
f 6032/2998/6032 6033/3000/6033 5908/3001/5908 5907/2999/5907 
f 6033/3000/6033 6034/3002/6034 5909/3003/5909 5908/3001/5908 
f 6034/3002/6034 6035/3004/6035 5910/3005/5910 5909/3003/5909 
f 6035/3004/6035 6036/3006/6036 5911/3007/5911 5910/3005/5910 
f 6036/3006/6036 6037/3008/6037 5912/3009/5912 5911/3007/5911 
f 6037/3008/6037 5951/2907/5951 5913/2906/5913 5912/3009/5912 
f 5930/2927/5930 5929/3010/5929 6232/3011/6232 5970/2928/5970 
f 5929/3010/5929 5928/3012/5928 6231/3013/6231 6232/3011/6232 
f 5928/3012/5928 5927/3014/5927 6230/3015/6230 6231/3013/6231 
f 5927/3014/5927 5926/3016/5926 6229/3017/6229 6230/3015/6230 
f 5926/3016/5926 5925/3018/5925 6228/3019/6228 6229/3017/6229 
f 5925/3018/5925 5924/3020/5924 5960/3021/5960 6228/3019/6228 
f 5924/3020/5924 5923/2898/5923 5950/2904/5950 5960/3021/5960 
f 5921/2919/5921 5920/2986/5920 6167/2987/6167 5971/2920/5971 
f 5920/2986/5920 5919/2988/5919 6166/2989/6166 6167/2987/6167 
f 5919/2988/5919 5918/2990/5918 6165/2991/6165 6166/2989/6166 
f 5918/2990/5918 5917/2992/5917 6164/2993/6164 6165/2991/6165 
f 5917/2992/5917 5916/2994/5916 6163/2995/6163 6164/2993/6164 
f 5916/2994/5916 5915/2996/5915 5958/2997/5958 6163/2995/6163 
f 5915/2996/5915 5914/2905/5914 5952/2908/5952 5958/2997/5958 
# 294 polygons - 32 triangles

#
# object Box049
#

v  -53.3162 -0.4615 -6.6362
v  -53.3490 -0.2555 -6.6664
v  -53.3775 0.3626 -6.6926
v  -53.4016 1.3928 -6.7148
v  -53.4213 2.8351 -6.7329
v  -53.4367 4.6894 -6.7470
v  -53.4476 6.9559 -6.7571
v  -53.4542 9.6344 -6.7631
v  -53.4564 12.7249 -6.7652
v  -53.4564 33.1096 -6.7652
v  -53.4542 36.2001 -6.7631
v  -53.4476 38.8786 -6.7571
v  -53.4367 41.1451 -6.7470
v  -53.4213 42.9994 -6.7329
v  -53.4016 44.4417 -6.7148
v  -53.3775 45.4719 -6.6926
v  -53.3490 46.0900 -6.6664
v  -53.3162 46.2960 -6.6362
v  -52.1790 46.2960 -5.5900
v  -52.1461 46.0900 -5.5598
v  -52.1176 45.4719 -5.5336
v  -52.0935 44.4417 -5.5114
v  -52.0738 42.9994 -5.4933
v  -52.0585 41.1451 -5.4792
v  -52.0475 38.8786 -5.4691
v  -52.0409 36.2001 -5.4630
v  -52.0387 33.1096 -5.4610
v  -52.0387 12.7249 -5.4610
v  -52.0409 9.6344 -5.4631
v  -52.0475 6.9559 -5.4691
v  -52.0585 4.6894 -5.4792
v  -52.0738 2.8351 -5.4933
v  -52.0935 1.3928 -5.5114
v  -52.1176 0.3626 -5.5336
v  -52.1461 -0.2555 -5.5598
v  -52.1790 -0.4615 -5.5900
v  -53.8866 12.7249 -5.5659
v  -52.7494 12.7249 -4.5197
v  -52.7494 33.1096 -4.5197
v  -53.8866 33.1096 -5.5659
v  -52.7424 -0.4615 -4.5330
v  -53.8796 -0.4615 -5.5791
v  -52.6021 33.1096 -4.4040
v  -52.6021 12.7249 -4.4040
v  -53.8796 46.2960 -5.5791
v  -52.7424 46.2960 -4.5330
v  -54.0198 12.7249 -5.7081
v  -54.0198 33.1096 -5.7081
v  -53.9123 -0.2555 -5.6081
v  -53.9124 -0.2555 -5.6093
v  -52.6047 9.6827 -4.4053
v  -52.6043 9.6344 -4.4060
v  -54.0180 36.1518 -5.7054
v  -54.0176 36.2001 -5.7061
v  -52.7104 46.0900 -4.5025
v  -52.7095 46.0900 -4.5027
v  -53.8865 9.6344 -5.5661
v  -52.7493 9.6344 -4.5200
v  -52.7164 12.7249 -4.4897
v  -52.7164 33.1096 -4.4897
v  -52.7493 36.2001 -4.5199
v  -53.8865 36.2001 -5.5661
v  -53.9194 33.1096 -5.5963
v  -53.9194 12.7249 -5.5963
v  -52.7095 -0.2555 -4.5027
v  -52.6043 36.2001 -4.4060
v  -53.9124 46.0900 -5.6093
v  -53.8812 -0.2555 -5.5760
v  -53.8889 -0.2555 -5.5831
v  -53.8826 0.3626 -5.5733
v  -53.8970 0.3626 -5.5866
v  -53.8839 1.3928 -5.5710
v  -53.9038 1.3928 -5.5896
v  -53.8848 2.8351 -5.5692
v  -53.9094 2.8351 -5.5920
v  -53.8856 4.6894 -5.5677
v  -53.9138 4.6894 -5.5939
v  -53.8862 6.9559 -5.5667
v  -53.9169 6.9559 -5.5952
v  -53.9187 9.6344 -5.5960
v  -53.8955 -0.2555 -5.5894
v  -53.9093 0.3626 -5.5984
v  -53.9210 1.3928 -5.6059
v  -53.9305 2.8351 -5.6121
v  -53.9380 4.6894 -5.6169
v  -53.9433 6.9559 -5.6204
v  -53.9465 9.6344 -5.6224
v  -53.9475 12.7249 -5.6231
v  -53.9010 -0.2555 -5.5949
v  -53.9196 0.3626 -5.6085
v  -53.9353 1.3928 -5.6201
v  -53.9482 2.8351 -5.6295
v  -53.9582 4.6894 -5.6369
v  -53.9653 6.9559 -5.6421
v  -53.9696 9.6344 -5.6453
v  -53.9711 12.7249 -5.6463
v  -53.9054 -0.2555 -5.5995
v  -53.9279 0.3626 -5.6171
v  -53.9469 1.3928 -5.6320
v  -53.9624 2.8351 -5.6442
v  -53.9745 4.6894 -5.6537
v  -53.9831 6.9559 -5.6605
v  -53.9883 9.6344 -5.6646
v  -53.9900 12.7249 -5.6659
v  -53.9088 -0.2555 -5.6032
v  -53.9342 0.3626 -5.6241
v  -53.9556 1.3928 -5.6417
v  -53.9732 2.8351 -5.6562
v  -53.9868 4.6894 -5.6674
v  -53.9966 6.9559 -5.6755
v  -54.0024 9.6344 -5.6803
v  -54.0044 12.7249 -5.6819
v  -53.9111 -0.2555 -5.6061
v  -53.9384 0.3626 -5.6295
v  -53.9615 1.3928 -5.6493
v  -53.9805 2.8351 -5.6655
v  -53.9952 4.6894 -5.6781
v  -54.0057 6.9559 -5.6871
v  -54.0120 9.6344 -5.6925
v  -54.0141 12.7249 -5.6943
v  -53.9407 0.3626 -5.6333
v  -53.9647 1.3928 -5.6546
v  -53.9843 2.8351 -5.6720
v  -53.9996 4.6894 -5.6856
v  -54.0105 6.9559 -5.6952
v  -54.0171 9.6344 -5.7011
v  -54.0192 12.7249 -5.7030
v  -53.9409 0.3626 -5.6355
v  -53.9650 1.3928 -5.6577
v  -53.9847 2.8351 -5.6759
v  -54.0001 4.6894 -5.6900
v  -54.0110 6.9559 -5.7000
v  -54.0176 9.6344 -5.7061
v  -52.6060 12.7249 -4.4029
v  -52.6059 12.0006 -4.4029
v  -52.6140 12.7249 -4.4063
v  -52.6139 11.3728 -4.4063
v  -52.6261 12.7249 -4.4141
v  -52.6261 10.8416 -4.4142
v  -52.6425 12.7249 -4.4263
v  -52.6424 10.4070 -4.4265
v  -52.6630 12.7249 -4.4430
v  -52.6629 10.0690 -4.4432
v  -52.6876 12.7249 -4.4641
v  -52.6875 9.8275 -4.4643
v  -52.7163 9.6827 -4.4899
v  -52.6059 11.3728 -4.4031
v  -52.6138 10.2010 -4.4066
v  -52.6259 9.2094 -4.4146
v  -52.6421 8.3981 -4.4269
v  -52.6626 7.7671 -4.4437
v  -52.6872 7.3164 -4.4649
v  -52.7160 7.0460 -4.4905
v  -52.7490 6.9559 -4.5206
v  -52.6057 10.8416 -4.4033
v  -52.6135 9.2094 -4.4071
v  -52.6255 7.8283 -4.4152
v  -52.6417 6.6983 -4.4277
v  -52.6621 5.8194 -4.4446
v  -52.6867 5.1917 -4.4659
v  -52.7155 4.8150 -4.4916
v  -52.7484 4.6894 -4.5216
v  -52.6056 10.4070 -4.4037
v  -52.6132 8.3981 -4.4077
v  -52.6251 6.6983 -4.4161
v  -52.6412 5.3076 -4.4288
v  -52.6614 4.2258 -4.4458
v  -52.6860 3.4532 -4.4672
v  -52.7147 2.9896 -4.4930
v  -52.7476 2.8351 -4.5231
v  -52.6053 10.0690 -4.4041
v  -52.6128 7.7671 -4.4085
v  -52.6245 5.8194 -4.4172
v  -52.6404 4.2258 -4.4302
v  -52.6606 2.9864 -4.4474
v  -52.6850 2.1011 -4.4690
v  -52.7137 1.5699 -4.4948
v  -52.7467 1.3928 -4.5249
v  -52.6050 9.8275 -4.4046
v  -52.6122 7.3164 -4.4095
v  -52.6237 5.1917 -4.4186
v  -52.6395 3.4532 -4.4319
v  -52.6596 2.1011 -4.4494
v  -52.6839 1.1353 -4.4711
v  -52.7125 0.5558 -4.4970
v  -52.7454 0.3626 -4.5272
v  -52.6116 7.0460 -4.4107
v  -52.6229 4.8150 -4.4202
v  -52.6384 2.9896 -4.4339
v  -52.6583 1.5699 -4.4517
v  -52.6826 0.5558 -4.4736
v  -52.7111 -0.0527 -4.4997
v  -52.7440 -0.2555 -4.5299
v  -52.6109 6.9559 -4.4120
v  -52.6218 4.6894 -4.4221
v  -52.6372 2.8351 -4.4362
v  -52.6569 1.3928 -4.4544
v  -52.6810 0.3626 -4.4765
v  -54.0192 33.1096 -5.7030
v  -54.0192 33.8339 -5.7030
v  -54.0141 33.1096 -5.6943
v  -54.0141 34.4617 -5.6943
v  -54.0044 33.1096 -5.6819
v  -54.0043 34.9929 -5.6820
v  -53.9900 33.1096 -5.6659
v  -53.9899 35.4275 -5.6661
v  -53.9711 33.1096 -5.6463
v  -53.9710 35.7655 -5.6465
v  -53.9475 33.1096 -5.6231
v  -53.9474 36.0070 -5.6233
v  -53.9193 36.1518 -5.5965
v  -54.0191 34.4617 -5.7032
v  -54.0139 35.6335 -5.6946
v  -54.0041 36.6251 -5.6824
v  -53.9897 37.4364 -5.6665
v  -53.9707 38.0674 -5.6470
v  -53.9471 38.5181 -5.6239
v  -53.9189 38.7885 -5.5971
v  -53.8862 38.8786 -5.5667
v  -54.0190 34.9929 -5.7034
v  -54.0137 36.6251 -5.6951
v  -54.0038 38.0062 -5.6830
v  -53.9893 39.1362 -5.6673
v  -53.9702 40.0151 -5.6479
v  -53.9466 40.6428 -5.6249
v  -53.9184 41.0195 -5.5981
v  -53.8856 41.1451 -5.5677
v  -54.0188 35.4275 -5.7038
v  -54.0133 37.4364 -5.6957
v  -54.0033 39.1362 -5.6839
v  -53.9887 40.5269 -5.6684
v  -53.9696 41.6087 -5.6492
v  -53.9459 42.3813 -5.6262
v  -53.9176 42.8449 -5.5996
v  -53.8848 42.9994 -5.5692
v  -54.0186 35.7655 -5.7042
v  -54.0129 38.0674 -5.6965
v  -54.0027 40.0151 -5.6850
v  -53.9880 41.6087 -5.6698
v  -53.9687 42.8481 -5.6508
v  -53.9449 43.7334 -5.6280
v  -53.9167 44.2646 -5.6014
v  -53.8839 44.4417 -5.5710
v  -54.0183 36.0070 -5.7047
v  -54.0124 38.5181 -5.6975
v  -54.0019 40.6428 -5.6864
v  -53.9870 42.3813 -5.6715
v  -53.9677 43.7334 -5.6527
v  -53.9438 44.6992 -5.6301
v  -53.9155 45.2787 -5.6036
v  -53.8826 45.4719 -5.5733
v  -54.0117 38.7885 -5.6987
v  -54.0011 41.0195 -5.6881
v  -53.9860 42.8449 -5.6735
v  -53.9664 44.2646 -5.6550
v  -53.9425 45.2787 -5.6326
v  -53.9141 45.8872 -5.6063
v  -53.8812 46.0900 -5.5760
v  -54.0110 38.8786 -5.7000
v  -54.0001 41.1451 -5.6900
v  -53.9847 42.9994 -5.6759
v  -53.9650 44.4417 -5.6577
v  -53.9409 45.4719 -5.6355
v  -52.7440 46.0900 -4.5299
v  -52.7363 46.0900 -4.5228
v  -52.7454 45.4719 -4.5272
v  -52.7310 45.4719 -4.5140
v  -52.7467 44.4417 -4.5249
v  -52.7266 44.4417 -4.5066
v  -52.7477 42.9994 -4.5230
v  -52.7229 42.9994 -4.5005
v  -52.7484 41.1451 -4.5216
v  -52.7201 41.1451 -4.4958
v  -52.7490 38.8786 -4.5206
v  -52.7181 38.8786 -4.4924
v  -52.7168 36.2001 -4.4904
v  -52.7295 46.0900 -4.5168
v  -52.7184 45.4719 -4.5029
v  -52.7090 44.4417 -4.4910
v  -52.7013 42.9994 -4.4813
v  -52.6953 41.1451 -4.4738
v  -52.6910 38.8786 -4.4684
v  -52.6885 36.2001 -4.4652
v  -52.6876 33.1096 -4.4641
v  -52.7238 46.0900 -4.5119
v  -52.7076 45.4719 -4.4936
v  -52.6940 44.4417 -4.4781
v  -52.6828 42.9994 -4.4655
v  -52.6741 41.1451 -4.4556
v  -52.6679 38.8786 -4.4486
v  -52.6642 36.2001 -4.4444
v  -52.6630 33.1096 -4.4430
v  -52.7189 46.0900 -4.5080
v  -52.6987 45.4719 -4.4863
v  -52.6815 44.4417 -4.4680
v  -52.6674 42.9994 -4.4530
v  -52.6565 41.1451 -4.4413
v  -52.6487 38.8786 -4.4330
v  -52.6440 36.2001 -4.4280
v  -52.6425 33.1096 -4.4263
v  -52.7151 46.0900 -4.5051
v  -52.6915 45.4719 -4.4809
v  -52.6715 44.4417 -4.4605
v  -52.6552 42.9994 -4.4438
v  -52.6425 41.1451 -4.4308
v  -52.6334 38.8786 -4.4215
v  -52.6280 36.2001 -4.4159
v  -52.6261 33.1096 -4.4141
v  -52.7123 46.0900 -4.5033
v  -52.6862 45.4719 -4.4775
v  -52.6641 44.4417 -4.4558
v  -52.6461 42.9994 -4.4379
v  -52.6320 41.1451 -4.4241
v  -52.6220 38.8786 -4.4142
v  -52.6160 36.2001 -4.4082
v  -52.6140 33.1096 -4.4062
v  -52.6827 45.4719 -4.4761
v  -52.6592 44.4417 -4.4537
v  -52.6401 42.9994 -4.4354
v  -52.6252 41.1451 -4.4212
v  -52.6145 38.8786 -4.4110
v  -52.6081 36.2001 -4.4049
v  -52.6060 33.1096 -4.4029
v  -52.6810 45.4719 -4.4765
v  -52.6569 44.4417 -4.4544
v  -52.6372 42.9994 -4.4362
v  -52.6218 41.1451 -4.4221
v  -52.6109 38.8786 -4.4120
# 328 vertices

vn 0.3116 -0.7140 -0.6336
vn 0.2464 -0.7164 -0.6802
vn 0.1503 -0.6897 -0.7630
vn 0.0420 -0.6261 -0.8579
vn -0.0615 -0.5183 -0.9512
vn -0.1401 -0.3786 -1.0255
vn -0.1853 -0.2337 -1.0717
vn -0.2030 -0.1059 -1.0936
vn -0.1964 -0.0238 -1.1009
vn -0.1964 0.0238 -1.1009
vn -0.2030 0.1059 -1.0936
vn -0.1853 0.2337 -1.0717
vn -0.1401 0.3786 -1.0255
vn -0.0615 0.5183 -0.9512
vn 0.0420 0.6261 -0.8579
vn 0.1503 0.6897 -0.7630
vn 0.2464 0.7164 -0.6802
vn 0.3116 0.7140 -0.6336
vn 0.3466 0.7140 -0.6014
vn 0.4022 0.7164 -0.5369
vn 0.4943 0.6897 -0.4466
vn 0.5992 0.6261 -0.3453
vn 0.7014 0.5183 -0.2494
vn 0.7814 0.3786 -0.1777
vn 0.8299 0.2337 -0.1378
vn 0.8516 0.1059 -0.1234
vn 0.8546 0.0238 -0.1341
vn 0.8546 -0.0238 -0.1341
vn 0.8516 -0.1059 -0.1234
vn 0.8299 -0.2337 -0.1378
vn 0.7814 -0.3786 -0.1777
vn 0.7014 -0.5183 -0.2494
vn 0.5992 -0.6261 -0.3453
vn 0.4943 -0.6897 -0.4466
vn 0.4022 -0.7164 -0.5369
vn 0.3466 -0.7140 -0.6014
vn -0.4943 -0.0332 0.8590
vn -0.4454 -0.0332 0.9040
vn -0.4454 0.0332 0.9040
vn -0.4943 0.0332 0.8590
vn 0.0088 -0.9989 0.0518
vn -0.0322 -0.9993 0.0055
vn 0.7195 0.0332 0.7056
vn 0.7229 -0.0267 0.7001
vn -0.0401 0.9989 0.0068
vn 0.0071 0.9993 0.0416
vn -0.7508 -0.0332 -0.6469
vn -0.7480 0.0267 -0.6530
vn -0.1186 -0.9888 -0.0810
vn -0.1111 -0.9890 -0.0957
vn 0.7177 -0.1475 0.6883
vn 0.7255 -0.1478 0.6740
vn -0.7378 0.1475 -0.6506
vn -0.7302 0.1478 -0.6652
vn 0.0985 0.9888 0.1187
vn 0.1064 0.9890 0.1045
vn -0.4892 -0.1458 0.8503
vn -0.4404 -0.1462 0.8952
vn -0.3577 -0.0329 0.9713
vn -0.3574 0.0335 0.9715
vn -0.4409 0.1458 0.8948
vn -0.4897 0.1462 0.8498
vn -0.5724 0.0329 0.7738
vn -0.5726 -0.0335 0.7735
vn 0.0919 -0.9888 0.1277
vn 0.7122 0.1458 0.6984
vn -0.1228 0.9888 -0.0697
vn -0.0732 -0.9890 0.1271
vn -0.0851 -0.9888 0.1157
vn -0.1598 -0.9464 0.2775
vn -0.1848 -0.9463 0.2506
vn -0.2569 -0.8545 0.4464
vn -0.2969 -0.8549 0.4020
vn -0.3505 -0.7056 0.6090
vn -0.4052 -0.7067 0.5478
vn -0.4236 -0.5161 0.7362
vn -0.4902 -0.5178 0.6621
vn -0.4685 -0.3201 0.8143
vn -0.5426 -0.3217 0.7327
vn -0.5669 -0.1467 0.7654
vn -0.1000 -0.9891 0.0917
vn -0.2168 -0.9478 0.1980
vn -0.3490 -0.8586 0.3178
vn -0.4779 -0.7127 0.4343
vn -0.5805 -0.5244 0.5265
vn -0.6444 -0.3269 0.5841
vn -0.6743 -0.1494 0.6111
vn -0.6814 -0.0342 0.6179
vn -0.1133 -0.9894 0.0592
vn -0.2454 -0.9495 0.1277
vn -0.3958 -0.8627 0.2054
vn -0.5440 -0.7193 0.2817
vn -0.6634 -0.5317 0.3428
vn -0.7388 -0.3327 0.3815
vn -0.7743 -0.1524 0.3997
vn -0.7829 -0.0349 0.4044
vn -0.1228 -0.9896 0.0209
vn -0.2656 -0.9503 0.0452
vn -0.4287 -0.8645 0.0730
vn -0.5901 -0.7221 0.1005
vn -0.7207 -0.5350 0.1228
vn -0.8036 -0.3353 0.1369
vn -0.8429 -0.1537 0.1436
vn -0.8525 -0.0352 0.1452
vn -0.1265 -0.9894 -0.0184
vn -0.2739 -0.9495 -0.0393
vn -0.4415 -0.8627 -0.0628
vn -0.6066 -0.7193 -0.0857
vn -0.7395 -0.5317 -0.1039
vn -0.8234 -0.3327 -0.1154
vn -0.8630 -0.1524 -0.1208
vn -0.8726 -0.0349 -0.1224
vn -0.1247 -0.9891 -0.0534
vn -0.2701 -0.9478 -0.1150
vn -0.4345 -0.8586 -0.1843
vn -0.5948 -0.7127 -0.2515
vn -0.7220 -0.5244 -0.3047
vn -0.8015 -0.3269 -0.3379
vn -0.8386 -0.1494 -0.3534
vn -0.8475 -0.0341 -0.3575
vn -0.2574 -0.9463 -0.1753
vn -0.4132 -0.8549 -0.2810
vn -0.5637 -0.7067 -0.3828
vn -0.6817 -0.5178 -0.4625
vn -0.7546 -0.3217 -0.5117
vn -0.7883 -0.1467 -0.5346
vn -0.7964 -0.0335 -0.5403
vn -0.2427 -0.9464 -0.2090
vn -0.3902 -0.8545 -0.3362
vn -0.5323 -0.7056 -0.4587
vn -0.6434 -0.5161 -0.5544
vn -0.7116 -0.3201 -0.6133
vn -0.7432 -0.1458 -0.6404
vn 0.6583 -0.0050 0.8000
vn 0.6584 -0.0214 0.7996
vn 0.5447 -0.0108 0.9256
vn 0.5460 -0.0467 0.9229
vn 0.3847 -0.0173 1.0367
vn 0.3877 -0.0754 1.0318
vn 0.1862 -0.0236 1.1027
vn 0.1909 -0.1032 1.0961
vn -0.0228 -0.0285 1.1049
vn -0.0170 -0.1252 1.0974
vn -0.2097 -0.0315 1.0523
vn -0.2038 -0.1387 1.0443
vn -0.3523 -0.1449 0.9628
vn 0.6623 -0.0466 0.7929
vn 0.5554 -0.1015 0.9084
vn 0.4034 -0.1638 1.0100
vn 0.2120 -0.2247 1.0689
vn 0.0067 -0.2734 1.0667
vn -0.1803 -0.3037 1.0111
vn -0.3304 -0.3178 0.9274
vn -0.4200 -0.3210 0.8584
vn 0.6697 -0.0745 0.7796
vn 0.5724 -0.1617 0.8801
vn 0.4313 -0.2611 0.9663
vn 0.2496 -0.3591 1.0118
vn 0.0505 -0.4382 0.9995
vn -0.1346 -0.4882 0.9373
vn -0.2856 -0.5117 0.8493
vn -0.3765 -0.5173 0.7782
vn 0.6804 -0.1018 0.7598
vn 0.5958 -0.2202 0.8377
vn 0.4691 -0.3554 0.8989
vn 0.3014 -0.4891 0.9206
vn 0.1127 -0.5974 0.8894
vn -0.0666 -0.6662 0.8149
vn -0.2155 -0.6987 0.7207
vn -0.3065 -0.7067 0.6475
vn 0.6931 -0.1243 0.7356
vn 0.6228 -0.2688 0.7856
vn 0.5122 -0.4330 0.8145
vn 0.3604 -0.5947 0.8039
vn 0.1852 -0.7247 0.7467
vn 0.0152 -0.8068 0.6561
vn -0.1285 -0.8455 0.5547
vn -0.2176 -0.8551 0.4801
vn 0.7060 -0.1396 0.7108
vn 0.6498 -0.3022 0.7313
vn 0.5549 -0.4858 0.7258
vn 0.4188 -0.6645 0.6808
vn 0.2574 -0.8064 0.5963
vn 0.0977 -0.8949 0.4894
vn -0.0395 -0.9363 0.3816
vn -0.1258 -0.9465 0.3064
vn 0.6745 -0.3198 0.6819
vn 0.5937 -0.5133 0.6453
vn 0.4716 -0.6999 0.5695
vn 0.3222 -0.8463 0.4610
vn 0.1715 -0.9366 0.3402
vn 0.0398 -0.9785 0.2272
vn -0.0441 -0.9887 0.1517
vn 0.6914 -0.3228 0.6503
vn 0.6207 -0.5192 0.5938
vn 0.5082 -0.7082 0.4985
vn 0.3665 -0.8560 0.3746
vn 0.2208 -0.9468 0.2445
vn -0.7974 0.0050 -0.5391
vn -0.7971 0.0214 -0.5393
vn -0.8483 0.0108 -0.3559
vn -0.8469 0.0467 -0.3584
vn -0.8731 0.0173 -0.1204
vn -0.8706 0.0754 -0.1258
vn -0.8524 0.0236 0.1473
vn -0.8493 0.1032 0.1392
vn -0.7825 0.0285 0.4060
vn -0.7791 0.1252 0.3963
vn -0.6809 0.0315 0.6188
vn -0.6773 0.1387 0.6088
vn -0.5682 0.1449 0.7642
vn -0.7936 0.0466 -0.5464
vn -0.8397 0.1015 -0.3750
vn -0.8604 0.1638 -0.1526
vn -0.8371 0.2247 0.1039
vn -0.7652 0.2734 0.3566
vn -0.6615 0.3037 0.5684
vn -0.5503 0.3178 0.7251
vn -0.4703 0.3210 0.8121
vn -0.7867 0.0745 -0.5602
vn -0.8252 0.1617 -0.4056
vn -0.8386 0.2611 -0.2019
vn -0.8091 0.3591 0.0379
vn -0.7322 0.4382 0.2795
vn -0.6243 0.4882 0.4867
vn -0.5098 0.5117 0.6430
vn -0.4279 0.5173 0.7310
vn -0.7762 0.1018 -0.5802
vn -0.8029 0.2202 -0.4490
vn -0.8034 0.3554 -0.2717
vn -0.7615 0.4891 -0.0572
vn -0.6747 0.5974 0.1650
vn -0.5601 0.6662 0.3609
vn -0.4417 0.6987 0.5125
vn -0.3583 0.7067 0.5998
vn -0.7632 0.1243 -0.6041
vn -0.7749 0.2688 -0.5001
vn -0.7577 0.4330 -0.3537
vn -0.6983 0.5947 -0.1700
vn -0.5975 0.7247 0.0267
vn -0.4745 0.8068 0.2056
vn -0.3528 0.8455 0.3484
vn -0.2689 0.8551 0.4329
vn -0.7499 0.1396 -0.6285
vn -0.7453 0.3022 -0.5521
vn -0.7089 0.4858 -0.4368
vn -0.6302 0.6645 -0.2842
vn -0.5145 0.8064 -0.1138
vn -0.3835 0.8949 0.0467
vn -0.2594 0.9363 0.1793
vn -0.1761 0.9465 0.2601
vn -0.7184 0.3198 -0.5994
vn -0.6646 0.5133 -0.5122
vn -0.5687 0.6999 -0.3874
vn -0.4399 0.8463 -0.2401
vn -0.3020 0.9366 -0.0954
vn -0.1761 0.9785 0.0285
vn -0.0934 0.9887 0.1064
vn -0.7016 0.3228 -0.6312
vn -0.6370 0.5192 -0.5632
vn -0.5304 0.7082 -0.4569
vn -0.3932 0.8560 -0.3243
vn -0.2504 0.9468 -0.1890
vn -0.0659 0.9890 0.1338
vn -0.0536 0.9888 0.1446
vn -0.1439 0.9464 0.2922
vn -0.1160 0.9463 0.3139
vn -0.2314 0.8545 0.4699
vn -0.1860 0.8549 0.5040
vn -0.3157 0.7056 0.6410
vn -0.2533 0.7067 0.6876
vn -0.3817 0.5161 0.7747
vn -0.3060 0.5178 0.8316
vn -0.4222 0.3201 0.8569
vn -0.3385 0.3217 0.9205
vn -0.3536 0.1467 0.9616
vn -0.0314 0.9891 0.1548
vn -0.0674 0.9478 0.3354
vn -0.1080 0.8586 0.5395
vn -0.1471 0.7127 0.7386
vn -0.1781 0.5244 0.8967
vn -0.1974 0.3269 0.9954
vn -0.2065 0.1494 1.0414
vn -0.2089 0.0341 1.0526
vn -0.0036 0.9894 0.1602
vn -0.0074 0.9495 0.3467
vn -0.0116 0.8627 0.5589
vn -0.0154 0.7193 0.7680
vn -0.0183 0.5317 0.9362
vn -0.0202 0.3327 1.0425
vn -0.0211 0.1524 1.0926
vn -0.0215 0.0349 1.1048
vn 0.0270 0.9896 0.1587
vn 0.0585 0.9503 0.3434
vn 0.0944 0.8645 0.5542
vn 0.1299 0.7221 0.7628
vn 0.1587 0.5350 0.9317
vn 0.1770 0.3353 1.0389
vn 0.1856 0.1537 1.0896
vn 0.1877 0.0352 1.1021
vn 0.0564 0.9894 0.1499
vn 0.1218 0.9495 0.3247
vn 0.1959 0.8627 0.5236
vn 0.2688 0.7193 0.7196
vn 0.3272 0.5317 0.8774
vn 0.3642 0.3327 0.9771
vn 0.3816 0.1524 1.0240
vn 0.3860 0.0349 1.0354
vn 0.0808 0.9891 0.1356
vn 0.1747 0.9478 0.2942
vn 0.2805 0.8586 0.4734
vn 0.3833 0.7127 0.6482
vn 0.4649 0.5244 0.7872
vn 0.5158 0.3269 0.8739
vn 0.5396 0.1494 0.9144
vn 0.5456 0.0341 0.9240
vn 0.2134 0.9463 0.2578
vn 0.3423 0.8549 0.4141
vn 0.4666 0.7067 0.5650
vn 0.5640 0.5178 0.6834
vn 0.6241 0.3217 0.7565
vn 0.6520 0.1467 0.7903
vn 0.6589 0.0335 0.7984
vn 0.2325 0.9464 0.2281
vn 0.3739 0.8545 0.3668
vn 0.5101 0.7056 0.5003
vn 0.6166 0.5161 0.6047
vn 0.6820 0.3201 0.6688
# 328 vertex normals

vt 0.9011 0.0000 0.0000
vt 0.9243 0.0044 0.0000
vt 0.9444 0.0176 0.0000
vt 0.9614 0.0397 0.0000
vt 0.9753 0.0705 0.0000
vt 0.9861 0.1102 0.0000
vt 0.9938 0.1586 0.0000
vt 0.9985 0.2159 0.0000
vt 1.0000 0.2820 0.0000
vt 1.0000 0.7180 0.0000
vt 0.9985 0.7841 0.0000
vt 0.9938 0.8414 0.0000
vt 0.9861 0.8898 0.0000
vt 0.9753 0.9295 0.0000
vt 0.9614 0.9603 0.0000
vt 0.9444 0.9824 0.0000
vt 0.9243 0.9956 0.0000
vt 0.9011 1.0000 0.0000
vt 0.0989 1.0000 0.0000
vt 0.0757 0.9956 0.0000
vt 0.0556 0.9824 0.0000
vt 0.0386 0.9603 0.0000
vt 0.0247 0.9295 0.0000
vt 0.0139 0.8898 0.0000
vt 0.0062 0.8414 0.0000
vt 0.0015 0.7841 0.0000
vt 0.0000 0.7180 0.0000
vt 0.0000 0.2820 0.0000
vt 0.0015 0.2159 0.0000
vt 0.0062 0.1586 0.0000
vt 0.0139 0.1102 0.0000
vt 0.0247 0.0705 0.0000
vt 0.0386 0.0397 0.0000
vt 0.0556 0.0176 0.0000
vt 0.0757 0.0044 0.0000
vt 0.0989 0.0000 0.0000
vt 0.0989 0.2820 0.0000
vt 0.9011 0.2820 0.0000
vt 0.9011 0.7180 0.0000
vt 0.0989 0.7180 0.0000
vt 0.9011 0.9876 0.0000
vt 0.0989 0.9876 0.0000
vt 0.2820 0.0000 0.0000
vt 0.7180 0.0000 0.0000
vt 0.7180 0.9876 0.0000
vt 0.2820 0.9876 0.0000
vt 0.0000 1.0000 0.0000
vt 0.0989 1.2636 0.0000
vt 0.0989 1.2291 0.0000
vt 0.9011 1.2291 0.0000
vt 0.9011 1.2636 0.0000
vt 0.2820 0.5888 0.0000
vt 0.2820 0.6387 0.0000
vt 0.7180 0.6387 0.0000
vt 0.7180 0.5888 0.0000
vt 0.0858 -0.0039 0.0000
vt 0.1103 -0.0034 0.0000
vt 0.1124 0.9842 0.0000
vt 0.0882 0.9837 0.0000
vt 0.9118 0.9837 0.0000
vt 0.8876 0.9842 0.0000
vt 0.8897 -0.0034 0.0000
vt 0.9142 -0.0039 0.0000
vt 0.2443 -0.0106 0.0000
vt 0.2261 -0.0092 0.0000
vt 0.2204 0.9786 0.0000
vt 0.2378 0.9773 0.0000
vt 0.0730 0.9914 0.0000
vt 0.0448 0.9966 0.0000
vt 0.0143 1.0032 0.0000
vt -0.0186 1.0113 0.0000
vt -0.0537 1.0207 0.0000
vt -0.0912 1.0315 0.0000
vt -0.1310 1.0438 0.0000
vt -0.1732 1.0574 0.0000
vt -0.1353 1.0420 0.0000
vt -0.1082 1.0243 0.0000
vt -0.0920 1.0044 0.0000
vt -0.0866 0.9824 0.0000
vt -0.0920 0.9581 0.0000
vt -0.1082 0.9316 0.0000
vt -0.1353 0.9029 0.0000
vt -0.1732 0.8720 0.0000
vt 0.2188 0.9928 0.0000
vt 0.1702 1.0022 0.0000
vt 0.1362 1.0157 0.0000
vt 0.1168 1.0334 0.0000
vt 0.1121 1.0552 0.0000
vt 0.1219 1.0813 0.0000
vt 0.1463 1.1115 0.0000
vt 0.1854 1.1458 0.0000
vt 0.1411 1.1107 0.0000
vt 0.1009 1.0783 0.0000
vt 0.0648 1.0486 0.0000
vt 0.0328 1.0215 0.0000
vt 0.0049 0.9971 0.0000
vt -0.0189 0.9755 0.0000
vt -0.0387 0.9565 0.0000
vt -0.0543 0.9402 0.0000
vt 0.0989 1.1946 0.0000
vt 0.9011 1.1946 0.0000
vt 0.0989 1.1601 0.0000
vt 0.9011 1.1601 0.0000
vt 0.0989 1.1256 0.0000
vt 0.9011 1.1256 0.0000
vt 0.0989 1.0911 0.0000
vt 0.9011 1.0911 0.0000
vt 0.0989 1.0566 0.0000
vt 0.9011 1.0566 0.0000
vt 0.0989 1.0221 0.0000
vt 0.9011 1.0221 0.0000
vt 0.2820 0.6885 0.0000
vt 0.7180 0.6885 0.0000
vt 0.2820 0.7384 0.0000
vt 0.7180 0.7384 0.0000
vt 0.2820 0.7882 0.0000
vt 0.7180 0.7882 0.0000
vt 0.2820 0.8381 0.0000
vt 0.7180 0.8381 0.0000
vt 0.2820 0.8879 0.0000
vt 0.7180 0.8879 0.0000
vt 0.2820 0.9378 0.0000
vt 0.7180 0.9378 0.0000
vt 0.1349 -0.0029 0.0000
vt 0.1366 0.9847 0.0000
vt 0.1594 -0.0024 0.0000
vt 0.1609 0.9852 0.0000
vt 0.1839 -0.0020 0.0000
vt 0.1851 0.9857 0.0000
vt 0.2084 -0.0015 0.0000
vt 0.2093 0.9862 0.0000
vt 0.2330 -0.0010 0.0000
vt 0.2336 0.9867 0.0000
vt 0.2575 -0.0005 0.0000
vt 0.2578 0.9871 0.0000
vt 0.8634 0.9847 0.0000
vt 0.8651 -0.0029 0.0000
vt 0.8391 0.9852 0.0000
vt 0.8406 -0.0024 0.0000
vt 0.8149 0.9857 0.0000
vt 0.8161 -0.0020 0.0000
vt 0.7907 0.9862 0.0000
vt 0.7916 -0.0015 0.0000
vt 0.7664 0.9867 0.0000
vt 0.7670 -0.0010 0.0000
vt 0.7422 0.9871 0.0000
vt 0.7425 -0.0005 0.0000
vt 0.2079 -0.0079 0.0000
vt 0.2031 0.9799 0.0000
vt 0.1898 -0.0066 0.0000
vt 0.1857 0.9812 0.0000
vt 0.1716 -0.0053 0.0000
vt 0.1684 0.9825 0.0000
vt 0.1534 -0.0040 0.0000
vt 0.1510 0.9838 0.0000
vt 0.1353 -0.0026 0.0000
vt 0.1336 0.9851 0.0000
vt 0.1171 -0.0013 0.0000
vt 0.1163 0.9863 0.0000
# 159 texture coords

o Box049
g Box049
usemtl wire_062062062
s 1
f 6233/3022/6233 6234/3023/6234 6235/3024/6235 6236/3025/6236 6237/3026/6237 6238/3027/6238 6239/3028/6239 6240/3029/6240 6241/3030/6241 6242/3031/6242 6243/3032/6243 6244/3033/6244 6245/3034/6245 6246/3035/6246 6247/3036/6247 6248/3037/6248 6249/3038/6249 6250/3039/6250 6251/3040/6251 6252/3041/6252 6253/3042/6253 6254/3043/6254 6255/3044/6255 6256/3045/6256 6257/3046/6257 6258/3047/6258 6259/3048/6259 6260/3049/6260 6261/3050/6261 6262/3051/6262 6263/3052/6263 6264/3053/6264 6265/3054/6265 6266/3055/6266 6267/3056/6267 6268/3057/6268 
s 2
f 6269/3058/6269 6270/3059/6270 6271/3060/6271 6272/3061/6272 
f 6233/3057/6233 6268/3022/6268 6273/3062/6273 6274/3063/6274 
f 6260/3064/6260 6259/3065/6259 6275/3066/6275 6276/3067/6276 
f 6251/3057/6251 6250/3022/6250 6277/3062/6277 6278/3063/6278 
f 6242/3064/6242 6241/3065/6241 6279/3066/6279 6280/3067/6280 
f 6274/3063/6274 6281/3068/6281 6282/3068/6282 
f 6276/3067/6276 6283/3068/6283 6284/3068/6284 
f 6280/3067/6280 6285/3068/6285 6286/3068/6286 
f 6278/3063/6278 6287/3068/6287 6288/3068/6288 
f 6269/3069/6269 6289/3070/6289 6290/3071/6290 6270/3072/6270 
f 6270/3073/6270 6291/3074/6291 6292/3075/6292 6271/3076/6271 
f 6271/3069/6271 6293/3070/6293 6294/3071/6294 6272/3072/6272 
f 6272/3073/6272 6295/3074/6295 6296/3075/6296 6269/3076/6269 
f 6268/3077/6268 6267/3078/6267 6297/3079/6297 6273/3080/6273 
f 6274/3081/6274 6282/3082/6282 6234/3083/6234 6233/3084/6233 
f 6259/3085/6259 6258/3086/6258 6298/3087/6298 6275/3088/6275 
f 6250/3077/6250 6249/3078/6249 6299/3079/6299 6277/3080/6277 
f 6274/3063/6274 6300/3089/6300 6301/3068/6301 
f 6300/3089/6300 6302/3090/6302 6303/3068/6303 6301/3068/6301 
f 6302/3090/6302 6304/3091/6304 6305/3068/6305 6303/3068/6303 
f 6304/3091/6304 6306/3092/6306 6307/3068/6307 6305/3068/6305 
f 6306/3092/6306 6308/3093/6308 6309/3068/6309 6307/3068/6307 
f 6308/3093/6308 6310/3094/6310 6311/3068/6311 6309/3068/6309 
f 6310/3094/6310 6289/3095/6289 6312/3068/6312 6311/3068/6311 
f 6289/3095/6289 6269/3096/6269 6296/3097/6296 6312/3068/6312 
f 6274/3063/6274 6301/3068/6301 6313/3068/6313 
f 6301/3068/6301 6303/3068/6303 6314/3068/6314 6313/3068/6313 
f 6303/3068/6303 6305/3068/6305 6315/3068/6315 6314/3068/6314 
f 6305/3068/6305 6307/3068/6307 6316/3068/6316 6315/3068/6315 
f 6307/3068/6307 6309/3068/6309 6317/3068/6317 6316/3068/6316 
f 6309/3068/6309 6311/3068/6311 6318/3068/6318 6317/3068/6317 
f 6311/3068/6311 6312/3068/6312 6319/3068/6319 6318/3068/6318 
f 6312/3068/6312 6296/3097/6296 6320/3098/6320 6319/3068/6319 
f 6274/3063/6274 6313/3068/6313 6321/3068/6321 
f 6313/3068/6313 6314/3068/6314 6322/3068/6322 6321/3068/6321 
f 6314/3068/6314 6315/3068/6315 6323/3068/6323 6322/3068/6322 
f 6315/3068/6315 6316/3068/6316 6324/3068/6324 6323/3068/6323 
f 6316/3068/6316 6317/3068/6317 6325/3068/6325 6324/3068/6324 
f 6317/3068/6317 6318/3068/6318 6326/3068/6326 6325/3068/6325 
f 6318/3068/6318 6319/3068/6319 6327/3068/6327 6326/3068/6326 
f 6319/3068/6319 6320/3098/6320 6328/3099/6328 6327/3068/6327 
f 6274/3063/6274 6321/3068/6321 6329/3068/6329 
f 6321/3068/6321 6322/3068/6322 6330/3068/6330 6329/3068/6329 
f 6322/3068/6322 6323/3068/6323 6331/3068/6331 6330/3068/6330 
f 6323/3068/6323 6324/3068/6324 6332/3068/6332 6331/3068/6331 
f 6324/3068/6324 6325/3068/6325 6333/3068/6333 6332/3068/6332 
f 6325/3068/6325 6326/3068/6326 6334/3068/6334 6333/3068/6333 
f 6326/3068/6326 6327/3068/6327 6335/3068/6335 6334/3068/6334 
f 6327/3068/6327 6328/3099/6328 6336/3100/6336 6335/3068/6335 
f 6274/3063/6274 6329/3068/6329 6337/3068/6337 
f 6329/3068/6329 6330/3068/6330 6338/3068/6338 6337/3068/6337 
f 6330/3068/6330 6331/3068/6331 6339/3068/6339 6338/3068/6338 
f 6331/3068/6331 6332/3068/6332 6340/3068/6340 6339/3068/6339 
f 6332/3068/6332 6333/3068/6333 6341/3068/6341 6340/3068/6340 
f 6333/3068/6333 6334/3068/6334 6342/3068/6342 6341/3068/6341 
f 6334/3068/6334 6335/3068/6335 6343/3068/6343 6342/3068/6342 
f 6335/3068/6335 6336/3100/6336 6344/3101/6344 6343/3068/6343 
f 6274/3063/6274 6337/3068/6337 6345/3068/6345 
f 6337/3068/6337 6338/3068/6338 6346/3068/6346 6345/3068/6345 
f 6338/3068/6338 6339/3068/6339 6347/3068/6347 6346/3068/6346 
f 6339/3068/6339 6340/3068/6340 6348/3068/6348 6347/3068/6347 
f 6340/3068/6340 6341/3068/6341 6349/3068/6349 6348/3068/6348 
f 6341/3068/6341 6342/3068/6342 6350/3068/6350 6349/3068/6349 
f 6342/3068/6342 6343/3068/6343 6351/3068/6351 6350/3068/6350 
f 6343/3068/6343 6344/3101/6344 6352/3102/6352 6351/3068/6351 
f 6274/3063/6274 6345/3068/6345 6281/3068/6281 
f 6345/3068/6345 6346/3068/6346 6353/3068/6353 6281/3068/6281 
f 6346/3068/6346 6347/3068/6347 6354/3068/6354 6353/3068/6353 
f 6347/3068/6347 6348/3068/6348 6355/3068/6355 6354/3068/6354 
f 6348/3068/6348 6349/3068/6349 6356/3068/6356 6355/3068/6355 
f 6349/3068/6349 6350/3068/6350 6357/3068/6357 6356/3068/6356 
f 6350/3068/6350 6351/3068/6351 6358/3068/6358 6357/3068/6357 
f 6351/3068/6351 6352/3102/6352 6359/3103/6359 6358/3068/6358 
f 6281/3068/6281 6353/3068/6353 6360/3068/6360 6282/3068/6282 
f 6353/3068/6353 6354/3068/6354 6361/3068/6361 6360/3068/6360 
f 6354/3068/6354 6355/3068/6355 6362/3068/6362 6361/3068/6361 
f 6355/3068/6355 6356/3068/6356 6363/3068/6363 6362/3068/6362 
f 6356/3068/6356 6357/3068/6357 6364/3068/6364 6363/3068/6363 
f 6357/3068/6357 6358/3068/6358 6365/3068/6365 6364/3068/6364 
f 6358/3068/6358 6359/3103/6359 6279/3104/6279 6365/3068/6365 
f 6276/3067/6276 6366/3105/6366 6367/3068/6367 
f 6366/3105/6366 6368/3106/6368 6369/3068/6369 6367/3068/6367 
f 6368/3106/6368 6370/3107/6370 6371/3068/6371 6369/3068/6369 
f 6370/3107/6370 6372/3108/6372 6373/3068/6373 6371/3068/6371 
f 6372/3108/6372 6374/3109/6374 6375/3068/6375 6373/3068/6373 
f 6374/3109/6374 6376/3110/6376 6377/3068/6377 6375/3068/6375 
f 6376/3110/6376 6291/3111/6291 6378/3068/6378 6377/3068/6377 
f 6291/3111/6291 6270/3112/6270 6290/3113/6290 6378/3068/6378 
f 6276/3067/6276 6367/3068/6367 6379/3068/6379 
f 6367/3068/6367 6369/3068/6369 6380/3068/6380 6379/3068/6379 
f 6369/3068/6369 6371/3068/6371 6381/3068/6381 6380/3068/6380 
f 6371/3068/6371 6373/3068/6373 6382/3068/6382 6381/3068/6381 
f 6373/3068/6373 6375/3068/6375 6383/3068/6383 6382/3068/6382 
f 6375/3068/6375 6377/3068/6377 6384/3068/6384 6383/3068/6383 
f 6377/3068/6377 6378/3068/6378 6385/3068/6385 6384/3068/6384 
f 6378/3068/6378 6290/3113/6290 6386/3114/6386 6385/3068/6385 
f 6276/3067/6276 6379/3068/6379 6387/3068/6387 
f 6379/3068/6379 6380/3068/6380 6388/3068/6388 6387/3068/6387 
f 6380/3068/6380 6381/3068/6381 6389/3068/6389 6388/3068/6388 
f 6381/3068/6381 6382/3068/6382 6390/3068/6390 6389/3068/6389 
f 6382/3068/6382 6383/3068/6383 6391/3068/6391 6390/3068/6390 
f 6383/3068/6383 6384/3068/6384 6392/3068/6392 6391/3068/6391 
f 6384/3068/6384 6385/3068/6385 6393/3068/6393 6392/3068/6392 
f 6385/3068/6385 6386/3114/6386 6394/3115/6394 6393/3068/6393 
f 6276/3067/6276 6387/3068/6387 6395/3068/6395 
f 6387/3068/6387 6388/3068/6388 6396/3068/6396 6395/3068/6395 
f 6388/3068/6388 6389/3068/6389 6397/3068/6397 6396/3068/6396 
f 6389/3068/6389 6390/3068/6390 6398/3068/6398 6397/3068/6397 
f 6390/3068/6390 6391/3068/6391 6399/3068/6399 6398/3068/6398 
f 6391/3068/6391 6392/3068/6392 6400/3068/6400 6399/3068/6399 
f 6392/3068/6392 6393/3068/6393 6401/3068/6401 6400/3068/6400 
f 6393/3068/6393 6394/3115/6394 6402/3116/6402 6401/3068/6401 
f 6276/3067/6276 6395/3068/6395 6403/3068/6403 
f 6395/3068/6395 6396/3068/6396 6404/3068/6404 6403/3068/6403 
f 6396/3068/6396 6397/3068/6397 6405/3068/6405 6404/3068/6404 
f 6397/3068/6397 6398/3068/6398 6406/3068/6406 6405/3068/6405 
f 6398/3068/6398 6399/3068/6399 6407/3068/6407 6406/3068/6406 
f 6399/3068/6399 6400/3068/6400 6408/3068/6408 6407/3068/6407 
f 6400/3068/6400 6401/3068/6401 6409/3068/6409 6408/3068/6408 
f 6401/3068/6401 6402/3116/6402 6410/3117/6410 6409/3068/6409 
f 6276/3067/6276 6403/3068/6403 6411/3068/6411 
f 6403/3068/6403 6404/3068/6404 6412/3068/6412 6411/3068/6411 
f 6404/3068/6404 6405/3068/6405 6413/3068/6413 6412/3068/6412 
f 6405/3068/6405 6406/3068/6406 6414/3068/6414 6413/3068/6413 
f 6406/3068/6406 6407/3068/6407 6415/3068/6415 6414/3068/6414 
f 6407/3068/6407 6408/3068/6408 6416/3068/6416 6415/3068/6415 
f 6408/3068/6408 6409/3068/6409 6417/3068/6417 6416/3068/6416 
f 6409/3068/6409 6410/3117/6410 6418/3118/6418 6417/3068/6417 
f 6276/3067/6276 6411/3068/6411 6283/3068/6283 
f 6411/3068/6411 6412/3068/6412 6419/3068/6419 6283/3068/6283 
f 6412/3068/6412 6413/3068/6413 6420/3068/6420 6419/3068/6419 
f 6413/3068/6413 6414/3068/6414 6421/3068/6421 6420/3068/6420 
f 6414/3068/6414 6415/3068/6415 6422/3068/6422 6421/3068/6421 
f 6415/3068/6415 6416/3068/6416 6423/3068/6423 6422/3068/6422 
f 6416/3068/6416 6417/3068/6417 6424/3068/6424 6423/3068/6423 
f 6417/3068/6417 6418/3118/6418 6425/3119/6425 6424/3068/6424 
f 6283/3068/6283 6419/3068/6419 6426/3068/6426 6284/3068/6284 
f 6419/3068/6419 6420/3068/6420 6427/3068/6427 6426/3068/6426 
f 6420/3068/6420 6421/3068/6421 6428/3068/6428 6427/3068/6427 
f 6421/3068/6421 6422/3068/6422 6429/3068/6429 6428/3068/6428 
f 6422/3068/6422 6423/3068/6423 6430/3068/6430 6429/3068/6429 
f 6423/3068/6423 6424/3068/6424 6297/3068/6297 6430/3068/6430 
f 6424/3068/6424 6425/3119/6425 6273/3120/6273 6297/3068/6297 
f 6280/3067/6280 6431/3105/6431 6432/3068/6432 
f 6431/3105/6431 6433/3106/6433 6434/3068/6434 6432/3068/6432 
f 6433/3106/6433 6435/3107/6435 6436/3068/6436 6434/3068/6434 
f 6435/3107/6435 6437/3108/6437 6438/3068/6438 6436/3068/6436 
f 6437/3108/6437 6439/3109/6439 6440/3068/6440 6438/3068/6438 
f 6439/3109/6439 6441/3110/6441 6442/3068/6442 6440/3068/6440 
f 6441/3110/6441 6295/3111/6295 6443/3068/6443 6442/3068/6442 
f 6295/3111/6295 6272/3112/6272 6294/3113/6294 6443/3068/6443 
f 6280/3067/6280 6432/3068/6432 6444/3068/6444 
f 6432/3068/6432 6434/3068/6434 6445/3068/6445 6444/3068/6444 
f 6434/3068/6434 6436/3068/6436 6446/3068/6446 6445/3068/6445 
f 6436/3068/6436 6438/3068/6438 6447/3068/6447 6446/3068/6446 
f 6438/3068/6438 6440/3068/6440 6448/3068/6448 6447/3068/6447 
f 6440/3068/6440 6442/3068/6442 6449/3068/6449 6448/3068/6448 
f 6442/3068/6442 6443/3068/6443 6450/3068/6450 6449/3068/6449 
f 6443/3068/6443 6294/3113/6294 6451/3114/6451 6450/3068/6450 
f 6280/3067/6280 6444/3068/6444 6452/3068/6452 
f 6444/3068/6444 6445/3068/6445 6453/3068/6453 6452/3068/6452 
f 6445/3068/6445 6446/3068/6446 6454/3068/6454 6453/3068/6453 
f 6446/3068/6446 6447/3068/6447 6455/3068/6455 6454/3068/6454 
f 6447/3068/6447 6448/3068/6448 6456/3068/6456 6455/3068/6455 
f 6448/3068/6448 6449/3068/6449 6457/3068/6457 6456/3068/6456 
f 6449/3068/6449 6450/3068/6450 6458/3068/6458 6457/3068/6457 
f 6450/3068/6450 6451/3114/6451 6459/3115/6459 6458/3068/6458 
f 6280/3067/6280 6452/3068/6452 6460/3068/6460 
f 6452/3068/6452 6453/3068/6453 6461/3068/6461 6460/3068/6460 
f 6453/3068/6453 6454/3068/6454 6462/3068/6462 6461/3068/6461 
f 6454/3068/6454 6455/3068/6455 6463/3068/6463 6462/3068/6462 
f 6455/3068/6455 6456/3068/6456 6464/3068/6464 6463/3068/6463 
f 6456/3068/6456 6457/3068/6457 6465/3068/6465 6464/3068/6464 
f 6457/3068/6457 6458/3068/6458 6466/3068/6466 6465/3068/6465 
f 6458/3068/6458 6459/3115/6459 6467/3116/6467 6466/3068/6466 
f 6280/3067/6280 6460/3068/6460 6468/3068/6468 
f 6460/3068/6460 6461/3068/6461 6469/3068/6469 6468/3068/6468 
f 6461/3068/6461 6462/3068/6462 6470/3068/6470 6469/3068/6469 
f 6462/3068/6462 6463/3068/6463 6471/3068/6471 6470/3068/6470 
f 6463/3068/6463 6464/3068/6464 6472/3068/6472 6471/3068/6471 
f 6464/3068/6464 6465/3068/6465 6473/3068/6473 6472/3068/6472 
f 6465/3068/6465 6466/3068/6466 6474/3068/6474 6473/3068/6473 
f 6466/3068/6466 6467/3116/6467 6475/3117/6475 6474/3068/6474 
f 6280/3067/6280 6468/3068/6468 6476/3068/6476 
f 6468/3068/6468 6469/3068/6469 6477/3068/6477 6476/3068/6476 
f 6469/3068/6469 6470/3068/6470 6478/3068/6478 6477/3068/6477 
f 6470/3068/6470 6471/3068/6471 6479/3068/6479 6478/3068/6478 
f 6471/3068/6471 6472/3068/6472 6480/3068/6480 6479/3068/6479 
f 6472/3068/6472 6473/3068/6473 6481/3068/6481 6480/3068/6480 
f 6473/3068/6473 6474/3068/6474 6482/3068/6482 6481/3068/6481 
f 6474/3068/6474 6475/3117/6475 6483/3118/6483 6482/3068/6482 
f 6280/3067/6280 6476/3068/6476 6285/3068/6285 
f 6476/3068/6476 6477/3068/6477 6484/3068/6484 6285/3068/6285 
f 6477/3068/6477 6478/3068/6478 6485/3068/6485 6484/3068/6484 
f 6478/3068/6478 6479/3068/6479 6486/3068/6486 6485/3068/6485 
f 6479/3068/6479 6480/3068/6480 6487/3068/6487 6486/3068/6486 
f 6480/3068/6480 6481/3068/6481 6488/3068/6488 6487/3068/6487 
f 6481/3068/6481 6482/3068/6482 6489/3068/6489 6488/3068/6488 
f 6482/3068/6482 6483/3118/6483 6490/3119/6490 6489/3068/6489 
f 6285/3068/6285 6484/3068/6484 6491/3068/6491 6286/3068/6286 
f 6484/3068/6484 6485/3068/6485 6492/3068/6492 6491/3068/6491 
f 6485/3068/6485 6486/3068/6486 6493/3068/6493 6492/3068/6492 
f 6486/3068/6486 6487/3068/6487 6494/3068/6494 6493/3068/6493 
f 6487/3068/6487 6488/3068/6488 6495/3068/6495 6494/3068/6494 
f 6488/3068/6488 6489/3068/6489 6299/3068/6299 6495/3068/6495 
f 6489/3068/6489 6490/3119/6490 6277/3120/6277 6299/3068/6299 
f 6278/3063/6278 6496/3089/6496 6497/3068/6497 
f 6496/3089/6496 6498/3090/6498 6499/3068/6499 6497/3068/6497 
f 6498/3090/6498 6500/3091/6500 6501/3068/6501 6499/3068/6499 
f 6500/3091/6500 6502/3092/6502 6503/3068/6503 6501/3068/6501 
f 6502/3092/6502 6504/3093/6504 6505/3068/6505 6503/3068/6503 
f 6504/3093/6504 6506/3094/6506 6507/3068/6507 6505/3068/6505 
f 6506/3094/6506 6293/3095/6293 6508/3068/6508 6507/3068/6507 
f 6293/3095/6293 6271/3096/6271 6292/3097/6292 6508/3068/6508 
f 6278/3063/6278 6497/3068/6497 6509/3068/6509 
f 6497/3068/6497 6499/3068/6499 6510/3068/6510 6509/3068/6509 
f 6499/3068/6499 6501/3068/6501 6511/3068/6511 6510/3068/6510 
f 6501/3068/6501 6503/3068/6503 6512/3068/6512 6511/3068/6511 
f 6503/3068/6503 6505/3068/6505 6513/3068/6513 6512/3068/6512 
f 6505/3068/6505 6507/3068/6507 6514/3068/6514 6513/3068/6513 
f 6507/3068/6507 6508/3068/6508 6515/3068/6515 6514/3068/6514 
f 6508/3068/6508 6292/3097/6292 6516/3098/6516 6515/3068/6515 
f 6278/3063/6278 6509/3068/6509 6517/3068/6517 
f 6509/3068/6509 6510/3068/6510 6518/3068/6518 6517/3068/6517 
f 6510/3068/6510 6511/3068/6511 6519/3068/6519 6518/3068/6518 
f 6511/3068/6511 6512/3068/6512 6520/3068/6520 6519/3068/6519 
f 6512/3068/6512 6513/3068/6513 6521/3068/6521 6520/3068/6520 
f 6513/3068/6513 6514/3068/6514 6522/3068/6522 6521/3068/6521 
f 6514/3068/6514 6515/3068/6515 6523/3068/6523 6522/3068/6522 
f 6515/3068/6515 6516/3098/6516 6524/3099/6524 6523/3068/6523 
f 6278/3063/6278 6517/3068/6517 6525/3068/6525 
f 6517/3068/6517 6518/3068/6518 6526/3068/6526 6525/3068/6525 
f 6518/3068/6518 6519/3068/6519 6527/3068/6527 6526/3068/6526 
f 6519/3068/6519 6520/3068/6520 6528/3068/6528 6527/3068/6527 
f 6520/3068/6520 6521/3068/6521 6529/3068/6529 6528/3068/6528 
f 6521/3068/6521 6522/3068/6522 6530/3068/6530 6529/3068/6529 
f 6522/3068/6522 6523/3068/6523 6531/3068/6531 6530/3068/6530 
f 6523/3068/6523 6524/3099/6524 6532/3100/6532 6531/3068/6531 
f 6278/3063/6278 6525/3068/6525 6533/3068/6533 
f 6525/3068/6525 6526/3068/6526 6534/3068/6534 6533/3068/6533 
f 6526/3068/6526 6527/3068/6527 6535/3068/6535 6534/3068/6534 
f 6527/3068/6527 6528/3068/6528 6536/3068/6536 6535/3068/6535 
f 6528/3068/6528 6529/3068/6529 6537/3068/6537 6536/3068/6536 
f 6529/3068/6529 6530/3068/6530 6538/3068/6538 6537/3068/6537 
f 6530/3068/6530 6531/3068/6531 6539/3068/6539 6538/3068/6538 
f 6531/3068/6531 6532/3100/6532 6540/3101/6540 6539/3068/6539 
f 6278/3063/6278 6533/3068/6533 6541/3068/6541 
f 6533/3068/6533 6534/3068/6534 6542/3068/6542 6541/3068/6541 
f 6534/3068/6534 6535/3068/6535 6543/3068/6543 6542/3068/6542 
f 6535/3068/6535 6536/3068/6536 6544/3068/6544 6543/3068/6543 
f 6536/3068/6536 6537/3068/6537 6545/3068/6545 6544/3068/6544 
f 6537/3068/6537 6538/3068/6538 6546/3068/6546 6545/3068/6545 
f 6538/3068/6538 6539/3068/6539 6547/3068/6547 6546/3068/6546 
f 6539/3068/6539 6540/3101/6540 6548/3102/6548 6547/3068/6547 
f 6278/3063/6278 6541/3068/6541 6287/3068/6287 
f 6541/3068/6541 6542/3068/6542 6549/3068/6549 6287/3068/6287 
f 6542/3068/6542 6543/3068/6543 6550/3068/6550 6549/3068/6549 
f 6543/3068/6543 6544/3068/6544 6551/3068/6551 6550/3068/6550 
f 6544/3068/6544 6545/3068/6545 6552/3068/6552 6551/3068/6551 
f 6545/3068/6545 6546/3068/6546 6553/3068/6553 6552/3068/6552 
f 6546/3068/6546 6547/3068/6547 6554/3068/6554 6553/3068/6553 
f 6547/3068/6547 6548/3102/6548 6555/3103/6555 6554/3068/6554 
f 6287/3068/6287 6549/3068/6549 6556/3068/6556 6288/3068/6288 
f 6549/3068/6549 6550/3068/6550 6557/3068/6557 6556/3068/6556 
f 6550/3068/6550 6551/3068/6551 6558/3068/6558 6557/3068/6557 
f 6551/3068/6551 6552/3068/6552 6559/3068/6559 6558/3068/6558 
f 6552/3068/6552 6553/3068/6553 6560/3068/6560 6559/3068/6559 
f 6553/3068/6553 6554/3068/6554 6298/3068/6298 6560/3068/6560 
f 6554/3068/6554 6555/3103/6555 6275/3104/6275 6298/3068/6298 
f 6289/3070/6289 6310/3121/6310 6386/3122/6386 6290/3071/6290 
f 6310/3121/6310 6308/3123/6308 6394/3124/6394 6386/3122/6386 
f 6308/3123/6308 6306/3125/6306 6402/3126/6402 6394/3124/6394 
f 6306/3125/6306 6304/3127/6304 6410/3128/6410 6402/3126/6402 
f 6304/3127/6304 6302/3129/6302 6418/3130/6418 6410/3128/6410 
f 6302/3129/6302 6300/3131/6300 6425/3132/6425 6418/3130/6418 
f 6300/3131/6300 6274/3063/6274 6273/3062/6273 6425/3132/6425 
f 6291/3074/6291 6376/3133/6376 6516/3134/6516 6292/3075/6292 
f 6376/3133/6376 6374/3135/6374 6524/3136/6524 6516/3134/6516 
f 6374/3135/6374 6372/3137/6372 6532/3138/6532 6524/3136/6524 
f 6372/3137/6372 6370/3139/6370 6540/3140/6540 6532/3138/6532 
f 6370/3139/6370 6368/3141/6368 6548/3142/6548 6540/3140/6540 
f 6368/3141/6368 6366/3143/6366 6555/3144/6555 6548/3142/6548 
f 6366/3143/6366 6276/3067/6276 6275/3066/6275 6555/3144/6555 
f 6293/3070/6293 6506/3121/6506 6451/3122/6451 6294/3071/6294 
f 6506/3121/6506 6504/3123/6504 6459/3124/6459 6451/3122/6451 
f 6504/3123/6504 6502/3125/6502 6467/3126/6467 6459/3124/6459 
f 6502/3125/6502 6500/3127/6500 6475/3128/6475 6467/3126/6467 
f 6500/3127/6500 6498/3129/6498 6483/3130/6483 6475/3128/6475 
f 6498/3129/6498 6496/3131/6496 6490/3132/6490 6483/3130/6483 
f 6496/3131/6496 6278/3063/6278 6277/3062/6277 6490/3132/6490 
f 6295/3074/6295 6441/3133/6441 6320/3134/6320 6296/3075/6296 
f 6441/3133/6441 6439/3135/6439 6328/3136/6328 6320/3134/6320 
f 6439/3135/6439 6437/3137/6437 6336/3138/6336 6328/3136/6328 
f 6437/3137/6437 6435/3139/6435 6344/3140/6344 6336/3138/6336 
f 6435/3139/6435 6433/3141/6433 6352/3142/6352 6344/3140/6344 
f 6433/3141/6433 6431/3143/6431 6359/3144/6359 6352/3142/6352 
f 6431/3143/6431 6280/3067/6280 6279/3066/6279 6359/3144/6359 
f 6267/3078/6267 6266/3145/6266 6430/3146/6430 6297/3079/6297 
f 6266/3145/6266 6265/3147/6265 6429/3148/6429 6430/3146/6430 
f 6265/3147/6265 6264/3149/6264 6428/3150/6428 6429/3148/6429 
f 6264/3149/6264 6263/3151/6263 6427/3152/6427 6428/3150/6428 
f 6263/3151/6263 6262/3153/6262 6426/3154/6426 6427/3152/6427 
f 6262/3153/6262 6261/3155/6261 6284/3156/6284 6426/3154/6426 
f 6261/3155/6261 6260/3064/6260 6276/3067/6276 6284/3156/6284 
f 6282/3082/6282 6360/3157/6360 6235/3158/6235 6234/3083/6234 
f 6360/3157/6360 6361/3159/6361 6236/3160/6236 6235/3158/6235 
f 6361/3159/6361 6362/3161/6362 6237/3162/6237 6236/3160/6236 
f 6362/3161/6362 6363/3163/6363 6238/3164/6238 6237/3162/6237 
f 6363/3163/6363 6364/3165/6364 6239/3166/6239 6238/3164/6238 
f 6364/3165/6364 6365/3167/6365 6240/3168/6240 6239/3166/6239 
f 6365/3167/6365 6279/3066/6279 6241/3065/6241 6240/3168/6240 
f 6258/3086/6258 6257/3169/6257 6560/3170/6560 6298/3087/6298 
f 6257/3169/6257 6256/3171/6256 6559/3172/6559 6560/3170/6560 
f 6256/3171/6256 6255/3173/6255 6558/3174/6558 6559/3172/6559 
f 6255/3173/6255 6254/3175/6254 6557/3176/6557 6558/3174/6558 
f 6254/3175/6254 6253/3177/6253 6556/3178/6556 6557/3176/6557 
f 6253/3177/6253 6252/3179/6252 6288/3180/6288 6556/3178/6556 
f 6252/3179/6252 6251/3057/6251 6278/3063/6278 6288/3180/6288 
f 6249/3078/6249 6248/3145/6248 6495/3146/6495 6299/3079/6299 
f 6248/3145/6248 6247/3147/6247 6494/3148/6494 6495/3146/6495 
f 6247/3147/6247 6246/3149/6246 6493/3150/6493 6494/3148/6494 
f 6246/3149/6246 6245/3151/6245 6492/3152/6492 6493/3150/6493 
f 6245/3151/6245 6244/3153/6244 6491/3154/6491 6492/3152/6492 
f 6244/3153/6244 6243/3155/6243 6286/3156/6286 6491/3154/6491 
f 6243/3155/6243 6242/3064/6242 6280/3067/6280 6286/3156/6286 
# 294 polygons - 32 triangles

#
# object Box050
#

v  -51.8537 22.3731 63.6137
v  -51.8537 22.4003 63.4589
v  -51.8537 22.4239 62.9943
v  -51.8537 22.4438 62.2200
v  -51.8537 22.4601 61.1360
v  -51.8537 22.4728 59.7423
v  -51.8537 22.4819 41.9965
v  -51.8537 22.4873 39.9834
v  -51.8537 22.4892 37.6605
v  -51.8537 22.4892 22.3395
v  -51.8537 22.4873 20.0167
v  -51.8537 22.4819 18.0035
v  -51.8537 22.4728 0.3153
v  -51.8537 22.4601 -1.0784
v  -51.8537 22.4438 -2.1624
v  -51.8537 22.4239 -2.9367
v  -51.8537 22.4003 -3.4012
v  -51.8537 22.3731 -3.5561
v  -51.8537 21.4321 -3.5561
v  -51.8537 21.4049 -3.4012
v  -51.8537 21.3814 -2.9367
v  -51.8537 21.3614 -2.1624
v  -51.8537 21.3451 -1.0784
v  -51.8537 21.3324 0.3153
v  -51.8537 21.3233 18.0035
v  -51.8537 21.3179 20.0167
v  -51.8537 21.3161 22.3395
v  -51.8537 21.3161 37.6605
v  -51.8537 21.3179 39.9834
v  -51.8537 21.3233 41.9965
v  -51.8537 21.3324 59.7423
v  -51.8537 21.3451 61.1360
v  -51.8537 21.3614 62.2200
v  -51.8537 21.3814 62.9943
v  -51.8537 21.4049 63.4589
v  -51.8537 21.4321 63.6137
v  -37.9420 22.3731 37.6605
v  -37.9420 21.4321 37.6605
v  -37.9420 21.4321 22.3395
v  -37.9420 22.3731 22.3395
v  -38.1140 21.4321 47.5714
v  -38.1140 22.3731 47.5714
v  -38.1140 21.3161 22.3395
v  -38.1140 21.3161 37.6605
v  -38.1140 22.3731 12.4286
v  -38.1140 21.4321 12.4286
v  -38.1140 22.4892 37.6605
v  -38.1140 22.4892 22.3395
v  -38.1046 22.3999 47.4165
v  -38.1140 22.4003 47.4165
v  -38.1046 21.3179 39.9471
v  -38.1140 21.3179 39.9834
v  -38.1046 22.4873 20.0529
v  -38.1140 22.4873 20.0167
v  -38.1046 21.4054 12.5835
v  -38.1140 21.4049 12.5835
v  -37.9447 22.3731 39.9834
v  -37.9447 21.4321 39.9834
v  -37.9447 21.4049 37.6605
v  -37.9447 21.4049 22.3395
v  -37.9447 21.4321 20.0167
v  -37.9447 22.3731 20.0167
v  -37.9447 22.4003 22.3395
v  -37.9447 22.4003 37.6605
v  -38.1140 21.4049 47.4165
v  -38.1140 21.3179 20.0167
v  -38.1140 22.4003 12.5835
v  -38.0737 22.3731 47.4165
v  -38.0744 22.3795 47.4165
v  -38.0388 22.3731 46.9520
v  -38.0400 22.3850 46.9520
v  -38.0092 22.3731 46.1777
v  -38.0109 22.3897 46.1777
v  -37.9850 22.3731 45.0937
v  -37.9870 22.3935 45.0937
v  -37.9662 22.3731 43.6999
v  -37.9685 22.3965 43.6999
v  -37.9528 22.3731 41.9965
v  -37.9553 22.3986 41.9965
v  -37.9474 22.3999 39.9834
v  -38.0762 22.3850 47.4165
v  -38.0435 22.3953 46.9520
v  -38.0158 22.4041 46.1777
v  -37.9931 22.4112 45.0937
v  -37.9755 22.4167 43.6999
v  -37.9629 22.4207 41.9965
v  -37.9553 22.4231 39.9834
v  -37.9528 22.4239 37.6605
v  -38.0794 22.3897 47.4165
v  -38.0494 22.4041 46.9520
v  -38.0240 22.4162 46.1777
v  -38.0032 22.4262 45.0937
v  -37.9870 22.4339 43.6999
v  -37.9755 22.4394 41.9965
v  -37.9685 22.4427 39.9834
v  -37.9662 22.4438 37.6605
v  -38.0838 22.3935 47.4165
v  -38.0576 22.4112 46.9520
v  -38.0354 22.4262 46.1777
v  -38.0173 22.4384 45.0937
v  -38.0032 22.4479 43.6999
v  -37.9931 22.4547 41.9965
v  -37.9870 22.4588 39.9834
v  -37.9850 22.4601 37.6605
v  -38.0895 22.3965 47.4165
v  -38.0682 22.4167 46.9520
v  -38.0502 22.4339 46.1777
v  -38.0354 22.4479 45.0937
v  -38.0240 22.4588 43.6999
v  -38.0158 22.4666 41.9965
v  -38.0109 22.4713 39.9834
v  -38.0092 22.4728 37.6605
v  -38.0964 22.3986 47.4165
v  -38.0811 22.4207 46.9520
v  -38.0682 22.4394 46.1777
v  -38.0576 22.4547 45.0937
v  -38.0494 22.4666 43.6999
v  -38.0435 22.4751 41.9965
v  -38.0400 22.4802 39.9834
v  -38.0388 22.4819 37.6605
v  -38.0964 22.4231 46.9520
v  -38.0895 22.4427 46.1777
v  -38.0838 22.4588 45.0937
v  -38.0794 22.4713 43.6999
v  -38.0762 22.4802 41.9965
v  -38.0744 22.4856 39.9834
v  -38.0737 22.4873 37.6605
v  -38.1140 22.4239 46.9520
v  -38.1140 22.4438 46.1777
v  -38.1140 22.4601 45.0937
v  -38.1140 22.4728 43.6999
v  -38.1140 22.4819 41.9965
v  -38.1140 22.4873 39.9834
v  -38.0737 21.3179 37.6605
v  -38.0744 21.3179 38.2049
v  -38.0388 21.3233 37.6605
v  -38.0400 21.3233 38.6767
v  -38.0092 21.3324 37.6605
v  -38.0109 21.3324 39.0760
v  -37.9850 21.3451 37.6605
v  -37.9870 21.3451 39.4026
v  -37.9662 21.3614 37.6605
v  -37.9685 21.3614 39.6567
v  -37.9528 21.3814 37.6605
v  -37.9553 21.3814 39.8382
v  -37.9474 21.4049 39.9471
v  -38.0762 21.3179 38.6767
v  -38.0435 21.3233 39.5575
v  -38.0158 21.3324 40.3027
v  -37.9931 21.3451 40.9125
v  -37.9755 21.3614 41.3868
v  -37.9629 21.3814 41.7255
v  -37.9553 21.4049 41.9288
v  -37.9528 21.4321 41.9965
v  -38.0794 21.3179 39.0760
v  -38.0494 21.3233 40.3028
v  -38.0240 21.3324 41.3408
v  -38.0032 21.3451 42.1901
v  -37.9870 21.3614 42.8506
v  -37.9755 21.3814 43.3225
v  -37.9685 21.4049 43.6056
v  -37.9662 21.4321 43.6999
v  -38.0838 21.3179 39.4026
v  -38.0576 21.3233 40.9125
v  -38.0354 21.3324 42.1901
v  -38.0173 21.3451 43.2354
v  -38.0032 21.3614 44.0484
v  -37.9931 21.3814 44.6291
v  -37.9870 21.4049 44.9775
v  -37.9850 21.4321 45.0937
v  -38.0895 21.3179 39.6567
v  -38.0682 21.3233 41.3868
v  -38.0502 21.3324 42.8506
v  -38.0354 21.3451 44.0484
v  -38.0240 21.3614 44.9799
v  -38.0158 21.3814 45.6453
v  -38.0109 21.4049 46.0446
v  -38.0092 21.4321 46.1777
v  -38.0964 21.3179 39.8382
v  -38.0811 21.3233 41.7255
v  -38.0682 21.3324 43.3225
v  -38.0576 21.3451 44.6291
v  -38.0494 21.3614 45.6453
v  -38.0435 21.3814 46.3712
v  -38.0400 21.4049 46.8068
v  -38.0388 21.4321 46.9520
v  -38.0964 21.3233 41.9288
v  -38.0895 21.3324 43.6056
v  -38.0838 21.3451 44.9775
v  -38.0794 21.3614 46.0446
v  -38.0762 21.3814 46.8068
v  -38.0744 21.4049 47.2641
v  -38.0737 21.4321 47.4165
v  -38.1140 21.3233 41.9965
v  -38.1140 21.3324 43.6999
v  -38.1140 21.3451 45.0937
v  -38.1140 21.3614 46.1777
v  -38.1140 21.3814 46.9520
v  -38.0737 22.4873 22.3395
v  -38.0744 22.4873 21.7951
v  -38.0388 22.4819 22.3395
v  -38.0400 22.4819 21.3233
v  -38.0092 22.4728 22.3395
v  -38.0109 22.4728 20.9240
v  -37.9850 22.4601 22.3395
v  -37.9870 22.4601 20.5974
v  -37.9662 22.4438 22.3395
v  -37.9685 22.4438 20.3433
v  -37.9528 22.4239 22.3395
v  -37.9553 22.4239 20.1618
v  -37.9474 22.4003 20.0529
v  -38.0762 22.4873 21.3233
v  -38.0435 22.4819 20.4425
v  -38.0158 22.4728 19.6973
v  -37.9931 22.4601 19.0875
v  -37.9755 22.4438 18.6133
v  -37.9629 22.4239 18.2745
v  -37.9553 22.4003 18.0713
v  -37.9528 22.3731 18.0035
v  -38.0794 22.4873 20.9240
v  -38.0494 22.4819 19.6973
v  -38.0240 22.4728 18.6592
v  -38.0032 22.4601 17.8099
v  -37.9870 22.4438 17.1494
v  -37.9755 22.4239 16.6775
v  -37.9685 22.4003 16.3944
v  -37.9662 22.3731 16.3001
v  -38.0838 22.4873 20.5974
v  -38.0576 22.4819 19.0875
v  -38.0354 22.4728 17.8099
v  -38.0173 22.4601 16.7646
v  -38.0032 22.4438 15.9516
v  -37.9931 22.4239 15.3709
v  -37.9870 22.4003 15.0225
v  -37.9850 22.3731 14.9063
v  -38.0895 22.4873 20.3433
v  -38.0682 22.4819 18.6133
v  -38.0502 22.4728 17.1494
v  -38.0354 22.4601 15.9516
v  -38.0240 22.4438 15.0201
v  -38.0158 22.4239 14.3547
v  -38.0109 22.4003 13.9554
v  -38.0092 22.3731 13.8223
v  -38.0964 22.4873 20.1618
v  -38.0811 22.4819 18.2745
v  -38.0682 22.4728 16.6775
v  -38.0576 22.4601 15.3709
v  -38.0494 22.4438 14.3547
v  -38.0435 22.4239 13.6288
v  -38.0400 22.4003 13.1932
v  -38.0388 22.3731 13.0480
v  -38.0964 22.4819 18.0712
v  -38.0895 22.4728 16.3944
v  -38.0838 22.4601 15.0225
v  -38.0794 22.4438 13.9554
v  -38.0762 22.4239 13.1932
v  -38.0744 22.4003 12.7359
v  -38.0737 22.3731 12.5835
v  -38.1140 22.4819 18.0035
v  -38.1140 22.4728 16.3001
v  -38.1140 22.4601 14.9063
v  -38.1140 22.4438 13.8223
v  -38.1140 22.4239 13.0480
v  -38.0737 21.4321 12.5835
v  -38.0744 21.4258 12.5835
v  -38.0388 21.4321 13.0480
v  -38.0400 21.4202 13.0480
v  -38.0092 21.4321 13.8223
v  -38.0109 21.4156 13.8223
v  -37.9850 21.4321 14.9063
v  -37.9870 21.4117 14.9063
v  -37.9662 21.4321 16.3001
v  -37.9685 21.4088 16.3001
v  -37.9528 21.4321 18.0035
v  -37.9553 21.4066 18.0035
v  -37.9474 21.4054 20.0167
v  -38.0762 21.4202 12.5835
v  -38.0435 21.4099 13.0480
v  -38.0158 21.4012 13.8223
v  -37.9931 21.3941 14.9063
v  -37.9755 21.3885 16.3001
v  -37.9629 21.3845 18.0035
v  -37.9553 21.3822 20.0166
v  -37.9528 21.3814 22.3395
v  -38.0794 21.4156 12.5835
v  -38.0494 21.4012 13.0480
v  -38.0240 21.3890 13.8223
v  -38.0032 21.3791 14.9063
v  -37.9870 21.3714 16.3001
v  -37.9755 21.3658 18.0035
v  -37.9685 21.3625 20.0167
v  -37.9662 21.3614 22.3395
v  -38.0838 21.4117 12.5835
v  -38.0576 21.3941 13.0480
v  -38.0354 21.3791 13.8223
v  -38.0173 21.3669 14.9063
v  -38.0032 21.3573 16.3001
v  -37.9931 21.3505 18.0035
v  -37.9870 21.3465 20.0167
v  -37.9850 21.3451 22.3395
v  -38.0895 21.4088 12.5835
v  -38.0682 21.3885 13.0480
v  -38.0502 21.3714 13.8223
v  -38.0354 21.3573 14.9063
v  -38.0240 21.3464 16.3001
v  -38.0158 21.3386 18.0035
v  -38.0109 21.3340 20.0167
v  -38.0092 21.3324 22.3395
v  -38.0964 21.4066 12.5835
v  -38.0811 21.3845 13.0480
v  -38.0682 21.3658 13.8223
v  -38.0576 21.3505 14.9063
v  -38.0494 21.3386 16.3001
v  -38.0435 21.3301 18.0035
v  -38.0400 21.3250 20.0166
v  -38.0388 21.3233 22.3395
v  -38.0964 21.3822 13.0480
v  -38.0895 21.3625 13.8223
v  -38.0838 21.3465 14.9063
v  -38.0794 21.3340 16.3001
v  -38.0762 21.3250 18.0035
v  -38.0744 21.3197 20.0167
v  -38.0737 21.3179 22.3395
v  -38.1140 21.3814 13.0480
v  -38.1140 21.3614 13.8223
v  -38.1140 21.3451 14.9063
v  -38.1140 21.3324 16.3001
v  -38.1140 21.3233 18.0035
# 328 vertices

vn -0.6924 0.0240 0.7211
vn -0.6823 0.1067 0.7233
vn -0.6783 0.2355 0.6960
vn -0.6754 0.3811 0.6314
vn -0.6750 0.5211 0.5223
vn -0.6420 0.7186 0.2672
vn 0.6871 0.7199 0.0979
vn -0.6895 0.7165 0.1059
vn -0.6997 0.7140 0.0238
vn -0.6997 0.7140 -0.0238
vn -0.6895 0.7165 -0.1059
vn 0.6871 0.7199 -0.0980
vn -0.6421 0.7186 -0.2672
vn -0.6750 0.5211 -0.5223
vn -0.6754 0.3811 -0.6314
vn -0.6784 0.2355 -0.6960
vn -0.6823 0.1067 -0.7233
vn -0.6925 0.0240 -0.7211
vn -0.6925 -0.0240 -0.7211
vn -0.6823 -0.1067 -0.7233
vn -0.6784 -0.2355 -0.6960
vn -0.6754 -0.3811 -0.6314
vn -0.6750 -0.5211 -0.5223
vn -0.6421 -0.7186 -0.2672
vn 0.6871 -0.7199 -0.0980
vn -0.6895 -0.7165 -0.1059
vn -0.6997 -0.7140 -0.0238
vn -0.6997 -0.7140 0.0238
vn -0.6895 -0.7165 0.1059
vn 0.6871 -0.7199 0.0979
vn -0.6420 -0.7186 0.2672
vn -0.6750 -0.5211 0.5223
vn -0.6754 -0.3811 0.6314
vn -0.6783 -0.2355 0.6960
vn -0.6823 -0.1067 0.7233
vn -0.6924 -0.0240 0.7211
vn 0.9989 0.0332 0.0332
vn 0.9989 -0.0332 0.0332
vn 0.9989 -0.0332 -0.0332
vn 0.9989 0.0332 -0.0332
vn 0.0434 -0.0332 0.9985
vn 0.0368 0.0267 0.9990
vn 0.0332 -0.9989 -0.0332
vn 0.0267 -0.9993 0.0267
vn 0.0433 0.0332 -0.9985
vn 0.0367 -0.0267 -0.9990
vn 0.0332 0.9989 0.0332
vn 0.0267 0.9993 -0.0267
vn 0.0214 0.1475 0.9888
vn 0.0150 0.1479 0.9889
vn 0.0214 -0.9888 0.1475
vn 0.0050 -0.9890 0.1478
vn 0.0214 0.9888 -0.1475
vn 0.0050 0.9890 -0.1478
vn 0.0214 -0.1475 -0.9888
vn 0.0150 -0.1479 -0.9889
vn 0.9888 0.0329 0.1458
vn 0.9887 -0.0335 0.1462
vn 0.9888 -0.1458 0.0329
vn 0.9887 -0.1462 -0.0335
vn 0.9888 -0.0329 -0.1458
vn 0.9887 0.0335 -0.1462
vn 0.9888 0.1458 -0.0329
vn 0.9887 0.1462 0.0335
vn 0.0429 -0.1459 0.9884
vn 0.0329 -0.9888 -0.1458
vn 0.0429 0.1459 -0.9884
vn 0.1478 0.0050 0.9890
vn 0.1475 0.0214 0.9888
vn 0.3228 0.0108 0.9464
vn 0.3198 0.0467 0.9463
vn 0.5192 0.0173 0.8545
vn 0.5133 0.0754 0.8549
vn 0.7082 0.0236 0.7056
vn 0.6999 0.1032 0.7067
vn 0.8560 0.0285 0.5161
vn 0.8463 0.1252 0.5178
vn 0.9468 0.0315 0.3201
vn 0.9366 0.1387 0.3217
vn 0.9785 0.1449 0.1467
vn 0.1396 0.0466 0.9891
vn 0.3022 0.1015 0.9478
vn 0.4858 0.1638 0.8586
vn 0.6645 0.2247 0.7127
vn 0.8064 0.2734 0.5244
vn 0.8949 0.3037 0.3269
vn 0.9363 0.3178 0.1494
vn 0.9465 0.3210 0.0341
vn 0.1243 0.0745 0.9894
vn 0.2688 0.1617 0.9495
vn 0.4331 0.2611 0.8627
vn 0.5947 0.3592 0.7193
vn 0.7247 0.4382 0.5317
vn 0.8068 0.4882 0.3327
vn 0.8455 0.5117 0.1524
vn 0.8551 0.5173 0.0349
vn 0.1018 0.1018 0.9896
vn 0.2202 0.2202 0.9503
vn 0.3554 0.3554 0.8645
vn 0.4892 0.4891 0.7221
vn 0.5974 0.5974 0.5350
vn 0.6662 0.6662 0.3353
vn 0.6987 0.6987 0.1537
vn 0.7067 0.7067 0.0352
vn 0.0745 0.1243 0.9894
vn 0.1617 0.2688 0.9495
vn 0.2610 0.4330 0.8627
vn 0.3591 0.5947 0.7193
vn 0.4383 0.7247 0.5317
vn 0.4882 0.8068 0.3327
vn 0.5117 0.8455 0.1524
vn 0.5173 0.8551 0.0349
vn 0.0466 0.1396 0.9891
vn 0.1015 0.3022 0.9478
vn 0.1638 0.4858 0.8586
vn 0.2247 0.6645 0.7127
vn 0.2734 0.8064 0.5244
vn 0.3037 0.8949 0.3269
vn 0.3178 0.9363 0.1494
vn 0.3210 0.9465 0.0341
vn 0.0467 0.3198 0.9463
vn 0.0754 0.5133 0.8549
vn 0.1032 0.6999 0.7067
vn 0.1252 0.8463 0.5178
vn 0.1387 0.9366 0.3217
vn 0.1449 0.9785 0.1467
vn 0.1462 0.9887 0.0335
vn 0.0204 0.3229 0.9462
vn 0.0260 0.5194 0.8541
vn 0.0308 0.7085 0.7051
vn 0.0337 0.8562 0.5155
vn 0.0315 0.9468 0.3201
vn 0.0329 0.9888 0.1458
vn 0.1478 -0.9890 0.0050
vn 0.1475 -0.9888 0.0214
vn 0.3228 -0.9464 0.0108
vn 0.3198 -0.9463 0.0467
vn 0.5192 -0.8545 0.0173
vn 0.5133 -0.8549 0.0754
vn 0.7082 -0.7056 0.0236
vn 0.6999 -0.7067 0.1032
vn 0.8560 -0.5161 0.0285
vn 0.8463 -0.5178 0.1252
vn 0.9468 -0.3201 0.0315
vn 0.9366 -0.3217 0.1387
vn 0.9785 -0.1467 0.1449
vn 0.1396 -0.9891 0.0466
vn 0.3022 -0.9478 0.1015
vn 0.4858 -0.8586 0.1638
vn 0.6645 -0.7127 0.2247
vn 0.8064 -0.5244 0.2734
vn 0.8949 -0.3269 0.3037
vn 0.9363 -0.1494 0.3178
vn 0.9465 -0.0341 0.3210
vn 0.1243 -0.9894 0.0745
vn 0.2688 -0.9495 0.1617
vn 0.4331 -0.8627 0.2611
vn 0.5947 -0.7193 0.3591
vn 0.7247 -0.5317 0.4382
vn 0.8068 -0.3327 0.4882
vn 0.8455 -0.1524 0.5117
vn 0.8551 -0.0349 0.5173
vn 0.1018 -0.9896 0.1018
vn 0.2202 -0.9503 0.2202
vn 0.3554 -0.8645 0.3554
vn 0.4892 -0.7221 0.4891
vn 0.5974 -0.5350 0.5974
vn 0.6662 -0.3353 0.6662
vn 0.6987 -0.1537 0.6987
vn 0.7067 -0.0352 0.7067
vn 0.0745 -0.9894 0.1243
vn 0.1617 -0.9495 0.2688
vn 0.2610 -0.8627 0.4330
vn 0.3591 -0.7193 0.5947
vn 0.4382 -0.5317 0.7247
vn 0.4882 -0.3327 0.8068
vn 0.5117 -0.1524 0.8455
vn 0.5173 -0.0349 0.8551
vn 0.0466 -0.9891 0.1396
vn 0.1015 -0.9478 0.3022
vn 0.1638 -0.8586 0.4858
vn 0.2247 -0.7127 0.6645
vn 0.2734 -0.5244 0.8064
vn 0.3037 -0.3269 0.8949
vn 0.3178 -0.1494 0.9363
vn 0.3210 -0.0341 0.9465
vn 0.0467 -0.9463 0.3198
vn 0.0754 -0.8549 0.5133
vn 0.1032 -0.7067 0.6999
vn 0.1252 -0.5178 0.8463
vn 0.1387 -0.3217 0.9366
vn 0.1449 -0.1467 0.9785
vn 0.1462 -0.0335 0.9887
vn 0.0108 -0.9464 0.3228
vn 0.0226 -0.8548 0.5185
vn 0.0308 -0.7059 0.7077
vn 0.0371 -0.5163 0.8556
vn 0.0411 -0.3202 0.9465
vn 0.1478 0.9890 -0.0050
vn 0.1475 0.9888 -0.0214
vn 0.3228 0.9464 -0.0108
vn 0.3198 0.9463 -0.0467
vn 0.5192 0.8545 -0.0173
vn 0.5133 0.8549 -0.0754
vn 0.7082 0.7056 -0.0236
vn 0.6999 0.7067 -0.1032
vn 0.8560 0.5161 -0.0285
vn 0.8463 0.5178 -0.1252
vn 0.9468 0.3201 -0.0315
vn 0.9366 0.3217 -0.1387
vn 0.9785 0.1467 -0.1449
vn 0.1396 0.9891 -0.0466
vn 0.3022 0.9478 -0.1015
vn 0.4858 0.8586 -0.1638
vn 0.6645 0.7127 -0.2247
vn 0.8064 0.5244 -0.2734
vn 0.8949 0.3269 -0.3037
vn 0.9363 0.1494 -0.3178
vn 0.9465 0.0341 -0.3210
vn 0.1243 0.9894 -0.0745
vn 0.2688 0.9495 -0.1617
vn 0.4331 0.8627 -0.2611
vn 0.5947 0.7193 -0.3591
vn 0.7247 0.5317 -0.4382
vn 0.8068 0.3327 -0.4882
vn 0.8455 0.1524 -0.5117
vn 0.8551 0.0349 -0.5173
vn 0.1018 0.9896 -0.1018
vn 0.2202 0.9503 -0.2202
vn 0.3554 0.8645 -0.3554
vn 0.4892 0.7221 -0.4891
vn 0.5974 0.5350 -0.5974
vn 0.6662 0.3353 -0.6662
vn 0.6987 0.1537 -0.6987
vn 0.7067 0.0352 -0.7067
vn 0.0745 0.9894 -0.1243
vn 0.1617 0.9495 -0.2688
vn 0.2610 0.8627 -0.4330
vn 0.3591 0.7193 -0.5947
vn 0.4382 0.5317 -0.7247
vn 0.4882 0.3327 -0.8068
vn 0.5117 0.1524 -0.8455
vn 0.5173 0.0349 -0.8551
vn 0.0466 0.9891 -0.1396
vn 0.1015 0.9478 -0.3022
vn 0.1638 0.8586 -0.4858
vn 0.2247 0.7127 -0.6645
vn 0.2734 0.5244 -0.8064
vn 0.3037 0.3269 -0.8949
vn 0.3178 0.1494 -0.9363
vn 0.3210 0.0341 -0.9465
vn 0.0467 0.9463 -0.3198
vn 0.0754 0.8549 -0.5133
vn 0.1032 0.7067 -0.6999
vn 0.1252 0.5178 -0.8463
vn 0.1387 0.3217 -0.9366
vn 0.1449 0.1467 -0.9785
vn 0.1462 0.0335 -0.9887
vn 0.0108 0.9464 -0.3228
vn 0.0226 0.8548 -0.5185
vn 0.0307 0.7059 -0.7077
vn 0.0371 0.5163 -0.8556
vn 0.0410 0.3202 -0.9465
vn 0.1478 -0.0050 -0.9890
vn 0.1475 -0.0214 -0.9888
vn 0.3228 -0.0108 -0.9464
vn 0.3198 -0.0467 -0.9463
vn 0.5192 -0.0173 -0.8545
vn 0.5133 -0.0754 -0.8549
vn 0.7082 -0.0236 -0.7056
vn 0.6999 -0.1032 -0.7067
vn 0.8560 -0.0285 -0.5161
vn 0.8463 -0.1252 -0.5178
vn 0.9468 -0.0315 -0.3201
vn 0.9366 -0.1387 -0.3217
vn 0.9785 -0.1449 -0.1467
vn 0.1396 -0.0466 -0.9891
vn 0.3022 -0.1015 -0.9478
vn 0.4858 -0.1638 -0.8586
vn 0.6645 -0.2247 -0.7127
vn 0.8064 -0.2734 -0.5244
vn 0.8949 -0.3037 -0.3269
vn 0.9363 -0.3178 -0.1494
vn 0.9465 -0.3210 -0.0341
vn 0.1243 -0.0745 -0.9894
vn 0.2688 -0.1617 -0.9495
vn 0.4331 -0.2611 -0.8627
vn 0.5947 -0.3592 -0.7193
vn 0.7247 -0.4382 -0.5317
vn 0.8068 -0.4882 -0.3327
vn 0.8455 -0.5117 -0.1524
vn 0.8551 -0.5173 -0.0349
vn 0.1018 -0.1018 -0.9896
vn 0.2202 -0.2202 -0.9503
vn 0.3554 -0.3554 -0.8645
vn 0.4892 -0.4891 -0.7221
vn 0.5974 -0.5974 -0.5350
vn 0.6662 -0.6662 -0.3353
vn 0.6987 -0.6987 -0.1537
vn 0.7067 -0.7067 -0.0352
vn 0.0745 -0.1243 -0.9894
vn 0.1617 -0.2688 -0.9495
vn 0.2610 -0.4330 -0.8627
vn 0.3591 -0.5947 -0.7193
vn 0.4383 -0.7247 -0.5317
vn 0.4882 -0.8068 -0.3327
vn 0.5117 -0.8455 -0.1524
vn 0.5173 -0.8551 -0.0349
vn 0.0466 -0.1396 -0.9891
vn 0.1015 -0.3022 -0.9478
vn 0.1638 -0.4858 -0.8586
vn 0.2247 -0.6645 -0.7127
vn 0.2734 -0.8064 -0.5244
vn 0.3037 -0.8949 -0.3269
vn 0.3178 -0.9363 -0.1494
vn 0.3210 -0.9465 -0.0341
vn 0.0467 -0.3198 -0.9463
vn 0.0754 -0.5133 -0.8549
vn 0.1032 -0.6999 -0.7067
vn 0.1252 -0.8463 -0.5178
vn 0.1387 -0.9366 -0.3217
vn 0.1449 -0.9785 -0.1467
vn 0.1462 -0.9887 -0.0335
vn 0.0204 -0.3229 -0.9462
vn 0.0260 -0.5194 -0.8541
vn 0.0307 -0.7085 -0.7051
vn 0.0337 -0.8562 -0.5155
vn 0.0315 -0.9468 -0.3201
# 328 vertex normals

vt 0.9011 0.0000 0.0000
vt 0.9243 0.0044 0.0000
vt 0.9444 0.0176 0.0000
vt 0.9614 0.0397 0.0000
vt 0.9753 0.0705 0.0000
vt 0.9861 0.1102 0.0000
vt 0.9938 0.1586 0.0000
vt 0.9985 0.2159 0.0000
vt 1.0000 0.2820 0.0000
vt 1.0000 0.7180 0.0000
vt 0.9985 0.7841 0.0000
vt 0.9938 0.8414 0.0000
vt 0.9861 0.8898 0.0000
vt 0.9753 0.9295 0.0000
vt 0.9614 0.9603 0.0000
vt 0.9444 0.9824 0.0000
vt 0.9243 0.9956 0.0000
vt 0.9011 1.0000 0.0000
vt 0.0989 1.0000 0.0000
vt 0.0757 0.9956 0.0000
vt 0.0556 0.9824 0.0000
vt 0.0386 0.9603 0.0000
vt 0.0247 0.9295 0.0000
vt 0.0139 0.8898 0.0000
vt 0.0062 0.8414 0.0000
vt 0.0015 0.7841 0.0000
vt 0.0000 0.7180 0.0000
vt 0.0000 0.2820 0.0000
vt 0.0015 0.2159 0.0000
vt 0.0062 0.1586 0.0000
vt 0.0139 0.1102 0.0000
vt 0.0247 0.0705 0.0000
vt 0.0386 0.0397 0.0000
vt 0.0556 0.0176 0.0000
vt 0.0757 0.0044 0.0000
vt 0.0989 0.0000 0.0000
vt 0.0989 0.2820 0.0000
vt 0.9011 0.2820 0.0000
vt 0.9011 0.7180 0.0000
vt 0.0989 0.7180 0.0000
vt 0.9011 0.9876 0.0000
vt 0.0989 0.9876 0.0000
vt 0.2820 0.0000 0.0000
vt 0.7180 0.0000 0.0000
vt 0.7180 0.9876 0.0000
vt 0.2820 0.9876 0.0000
vt 0.0000 1.0000 0.0000
vt 0.0989 1.2636 0.0000
vt 0.0989 1.2291 0.0000
vt 0.9011 1.2291 0.0000
vt 0.9011 1.2636 0.0000
vt 0.2820 0.5888 0.0000
vt 0.2820 0.6387 0.0000
vt 0.7180 0.6387 0.0000
vt 0.7180 0.5888 0.0000
vt 0.0858 -0.0039 0.0000
vt 0.1103 -0.0034 0.0000
vt 0.1124 0.9842 0.0000
vt 0.0882 0.9837 0.0000
vt 0.9118 0.9837 0.0000
vt 0.8876 0.9842 0.0000
vt 0.8897 -0.0034 0.0000
vt 0.9142 -0.0039 0.0000
vt 0.2443 -0.0106 0.0000
vt 0.2261 -0.0092 0.0000
vt 0.2204 0.9786 0.0000
vt 0.2378 0.9773 0.0000
vt 0.0730 0.9914 0.0000
vt 0.0448 0.9966 0.0000
vt 0.0143 1.0032 0.0000
vt -0.0186 1.0113 0.0000
vt -0.0537 1.0207 0.0000
vt -0.0912 1.0315 0.0000
vt -0.1310 1.0438 0.0000
vt -0.1732 1.0574 0.0000
vt -0.1353 1.0420 0.0000
vt -0.1082 1.0243 0.0000
vt -0.0920 1.0044 0.0000
vt -0.0866 0.9824 0.0000
vt -0.0920 0.9581 0.0000
vt -0.1082 0.9316 0.0000
vt -0.1353 0.9029 0.0000
vt -0.1732 0.8720 0.0000
vt 0.2188 0.9928 0.0000
vt 0.1702 1.0022 0.0000
vt 0.1362 1.0157 0.0000
vt 0.1168 1.0334 0.0000
vt 0.1121 1.0552 0.0000
vt 0.1219 1.0813 0.0000
vt 0.1463 1.1115 0.0000
vt 0.1854 1.1458 0.0000
vt 0.1411 1.1107 0.0000
vt 0.1009 1.0783 0.0000
vt 0.0648 1.0486 0.0000
vt 0.0328 1.0215 0.0000
vt 0.0049 0.9971 0.0000
vt -0.0189 0.9755 0.0000
vt -0.0387 0.9565 0.0000
vt -0.0543 0.9402 0.0000
vt 0.0989 1.1946 0.0000
vt 0.9011 1.1946 0.0000
vt 0.0989 1.1601 0.0000
vt 0.9011 1.1601 0.0000
vt 0.0989 1.1256 0.0000
vt 0.9011 1.1256 0.0000
vt 0.0989 1.0911 0.0000
vt 0.9011 1.0911 0.0000
vt 0.0989 1.0566 0.0000
vt 0.9011 1.0566 0.0000
vt 0.0989 1.0221 0.0000
vt 0.9011 1.0221 0.0000
vt 0.2820 0.6885 0.0000
vt 0.7180 0.6885 0.0000
vt 0.2820 0.7384 0.0000
vt 0.7180 0.7384 0.0000
vt 0.2820 0.7882 0.0000
vt 0.7180 0.7882 0.0000
vt 0.2820 0.8381 0.0000
vt 0.7180 0.8381 0.0000
vt 0.2820 0.8879 0.0000
vt 0.7180 0.8879 0.0000
vt 0.2820 0.9378 0.0000
vt 0.7180 0.9378 0.0000
vt 0.1349 -0.0029 0.0000
vt 0.1366 0.9847 0.0000
vt 0.1594 -0.0024 0.0000
vt 0.1609 0.9852 0.0000
vt 0.1839 -0.0020 0.0000
vt 0.1851 0.9857 0.0000
vt 0.2084 -0.0015 0.0000
vt 0.2093 0.9862 0.0000
vt 0.2330 -0.0010 0.0000
vt 0.2336 0.9867 0.0000
vt 0.2575 -0.0005 0.0000
vt 0.2578 0.9871 0.0000
vt 0.8634 0.9847 0.0000
vt 0.8651 -0.0029 0.0000
vt 0.8391 0.9852 0.0000
vt 0.8406 -0.0024 0.0000
vt 0.8149 0.9857 0.0000
vt 0.8161 -0.0020 0.0000
vt 0.7907 0.9862 0.0000
vt 0.7916 -0.0015 0.0000
vt 0.7664 0.9867 0.0000
vt 0.7670 -0.0010 0.0000
vt 0.7422 0.9871 0.0000
vt 0.7425 -0.0005 0.0000
vt 0.2079 -0.0079 0.0000
vt 0.2031 0.9799 0.0000
vt 0.1898 -0.0066 0.0000
vt 0.1857 0.9812 0.0000
vt 0.1716 -0.0053 0.0000
vt 0.1684 0.9825 0.0000
vt 0.1534 -0.0040 0.0000
vt 0.1510 0.9838 0.0000
vt 0.1353 -0.0026 0.0000
vt 0.1336 0.9851 0.0000
vt 0.1171 -0.0013 0.0000
vt 0.1163 0.9863 0.0000
# 159 texture coords

o Box050
g Box050
usemtl wire_255255255
s 1
f 6561/3181/6561 6562/3182/6562 6563/3183/6563 6564/3184/6564 6565/3185/6565 6566/3186/6566 6567/3187/6567 6568/3188/6568 6569/3189/6569 6570/3190/6570 6571/3191/6571 6572/3192/6572 6573/3193/6573 6574/3194/6574 6575/3195/6575 6576/3196/6576 6577/3197/6577 6578/3198/6578 6579/3199/6579 6580/3200/6580 6581/3201/6581 6582/3202/6582 6583/3203/6583 6584/3204/6584 6585/3205/6585 6586/3206/6586 6587/3207/6587 6588/3208/6588 6589/3209/6589 6590/3210/6590 6591/3211/6591 6592/3212/6592 6593/3213/6593 6594/3214/6594 6595/3215/6595 6596/3216/6596 
s 2
f 6597/3217/6597 6598/3218/6598 6599/3219/6599 6600/3220/6600 
f 6561/3216/6561 6596/3181/6596 6601/3221/6601 6602/3222/6602 
f 6588/3223/6588 6587/3224/6587 6603/3225/6603 6604/3226/6604 
f 6579/3216/6579 6578/3181/6578 6605/3221/6605 6606/3222/6606 
f 6570/3223/6570 6569/3224/6569 6607/3225/6607 6608/3226/6608 
f 6602/3222/6602 6609/3227/6609 6610/3227/6610 
f 6604/3226/6604 6611/3227/6611 6612/3227/6612 
f 6608/3226/6608 6613/3227/6613 6614/3227/6614 
f 6606/3222/6606 6615/3227/6615 6616/3227/6616 
f 6597/3228/6597 6617/3229/6617 6618/3230/6618 6598/3231/6598 
f 6598/3232/6598 6619/3233/6619 6620/3234/6620 6599/3235/6599 
f 6599/3228/6599 6621/3229/6621 6622/3230/6622 6600/3231/6600 
f 6600/3232/6600 6623/3233/6623 6624/3234/6624 6597/3235/6597 
f 6596/3236/6596 6595/3237/6595 6625/3238/6625 6601/3239/6601 
f 6602/3240/6602 6610/3241/6610 6562/3242/6562 6561/3243/6561 
f 6587/3244/6587 6586/3245/6586 6626/3246/6626 6603/3247/6603 
f 6578/3236/6578 6577/3237/6577 6627/3238/6627 6605/3239/6605 
f 6602/3222/6602 6628/3248/6628 6629/3227/6629 
f 6628/3248/6628 6630/3249/6630 6631/3227/6631 6629/3227/6629 
f 6630/3249/6630 6632/3250/6632 6633/3227/6633 6631/3227/6631 
f 6632/3250/6632 6634/3251/6634 6635/3227/6635 6633/3227/6633 
f 6634/3251/6634 6636/3252/6636 6637/3227/6637 6635/3227/6635 
f 6636/3252/6636 6638/3253/6638 6639/3227/6639 6637/3227/6637 
f 6638/3253/6638 6617/3254/6617 6640/3227/6640 6639/3227/6639 
f 6617/3254/6617 6597/3255/6597 6624/3256/6624 6640/3227/6640 
f 6602/3222/6602 6629/3227/6629 6641/3227/6641 
f 6629/3227/6629 6631/3227/6631 6642/3227/6642 6641/3227/6641 
f 6631/3227/6631 6633/3227/6633 6643/3227/6643 6642/3227/6642 
f 6633/3227/6633 6635/3227/6635 6644/3227/6644 6643/3227/6643 
f 6635/3227/6635 6637/3227/6637 6645/3227/6645 6644/3227/6644 
f 6637/3227/6637 6639/3227/6639 6646/3227/6646 6645/3227/6645 
f 6639/3227/6639 6640/3227/6640 6647/3227/6647 6646/3227/6646 
f 6640/3227/6640 6624/3256/6624 6648/3257/6648 6647/3227/6647 
f 6602/3222/6602 6641/3227/6641 6649/3227/6649 
f 6641/3227/6641 6642/3227/6642 6650/3227/6650 6649/3227/6649 
f 6642/3227/6642 6643/3227/6643 6651/3227/6651 6650/3227/6650 
f 6643/3227/6643 6644/3227/6644 6652/3227/6652 6651/3227/6651 
f 6644/3227/6644 6645/3227/6645 6653/3227/6653 6652/3227/6652 
f 6645/3227/6645 6646/3227/6646 6654/3227/6654 6653/3227/6653 
f 6646/3227/6646 6647/3227/6647 6655/3227/6655 6654/3227/6654 
f 6647/3227/6647 6648/3257/6648 6656/3258/6656 6655/3227/6655 
f 6602/3222/6602 6649/3227/6649 6657/3227/6657 
f 6649/3227/6649 6650/3227/6650 6658/3227/6658 6657/3227/6657 
f 6650/3227/6650 6651/3227/6651 6659/3227/6659 6658/3227/6658 
f 6651/3227/6651 6652/3227/6652 6660/3227/6660 6659/3227/6659 
f 6652/3227/6652 6653/3227/6653 6661/3227/6661 6660/3227/6660 
f 6653/3227/6653 6654/3227/6654 6662/3227/6662 6661/3227/6661 
f 6654/3227/6654 6655/3227/6655 6663/3227/6663 6662/3227/6662 
f 6655/3227/6655 6656/3258/6656 6664/3259/6664 6663/3227/6663 
f 6602/3222/6602 6657/3227/6657 6665/3227/6665 
f 6657/3227/6657 6658/3227/6658 6666/3227/6666 6665/3227/6665 
f 6658/3227/6658 6659/3227/6659 6667/3227/6667 6666/3227/6666 
f 6659/3227/6659 6660/3227/6660 6668/3227/6668 6667/3227/6667 
f 6660/3227/6660 6661/3227/6661 6669/3227/6669 6668/3227/6668 
f 6661/3227/6661 6662/3227/6662 6670/3227/6670 6669/3227/6669 
f 6662/3227/6662 6663/3227/6663 6671/3227/6671 6670/3227/6670 
f 6663/3227/6663 6664/3259/6664 6672/3260/6672 6671/3227/6671 
f 6602/3222/6602 6665/3227/6665 6673/3227/6673 
f 6665/3227/6665 6666/3227/6666 6674/3227/6674 6673/3227/6673 
f 6666/3227/6666 6667/3227/6667 6675/3227/6675 6674/3227/6674 
f 6667/3227/6667 6668/3227/6668 6676/3227/6676 6675/3227/6675 
f 6668/3227/6668 6669/3227/6669 6677/3227/6677 6676/3227/6676 
f 6669/3227/6669 6670/3227/6670 6678/3227/6678 6677/3227/6677 
f 6670/3227/6670 6671/3227/6671 6679/3227/6679 6678/3227/6678 
f 6671/3227/6671 6672/3260/6672 6680/3261/6680 6679/3227/6679 
f 6602/3222/6602 6673/3227/6673 6609/3227/6609 
f 6673/3227/6673 6674/3227/6674 6681/3227/6681 6609/3227/6609 
f 6674/3227/6674 6675/3227/6675 6682/3227/6682 6681/3227/6681 
f 6675/3227/6675 6676/3227/6676 6683/3227/6683 6682/3227/6682 
f 6676/3227/6676 6677/3227/6677 6684/3227/6684 6683/3227/6683 
f 6677/3227/6677 6678/3227/6678 6685/3227/6685 6684/3227/6684 
f 6678/3227/6678 6679/3227/6679 6686/3227/6686 6685/3227/6685 
f 6679/3227/6679 6680/3261/6680 6687/3262/6687 6686/3227/6686 
f 6609/3227/6609 6681/3227/6681 6688/3227/6688 6610/3227/6610 
f 6681/3227/6681 6682/3227/6682 6689/3227/6689 6688/3227/6688 
f 6682/3227/6682 6683/3227/6683 6690/3227/6690 6689/3227/6689 
f 6683/3227/6683 6684/3227/6684 6691/3227/6691 6690/3227/6690 
f 6684/3227/6684 6685/3227/6685 6692/3227/6692 6691/3227/6691 
f 6685/3227/6685 6686/3227/6686 6693/3227/6693 6692/3227/6692 
f 6686/3227/6686 6687/3262/6687 6607/3263/6607 6693/3227/6693 
f 6604/3226/6604 6694/3264/6694 6695/3227/6695 
f 6694/3264/6694 6696/3265/6696 6697/3227/6697 6695/3227/6695 
f 6696/3265/6696 6698/3266/6698 6699/3227/6699 6697/3227/6697 
f 6698/3266/6698 6700/3267/6700 6701/3227/6701 6699/3227/6699 
f 6700/3267/6700 6702/3268/6702 6703/3227/6703 6701/3227/6701 
f 6702/3268/6702 6704/3269/6704 6705/3227/6705 6703/3227/6703 
f 6704/3269/6704 6619/3270/6619 6706/3227/6706 6705/3227/6705 
f 6619/3270/6619 6598/3271/6598 6618/3272/6618 6706/3227/6706 
f 6604/3226/6604 6695/3227/6695 6707/3227/6707 
f 6695/3227/6695 6697/3227/6697 6708/3227/6708 6707/3227/6707 
f 6697/3227/6697 6699/3227/6699 6709/3227/6709 6708/3227/6708 
f 6699/3227/6699 6701/3227/6701 6710/3227/6710 6709/3227/6709 
f 6701/3227/6701 6703/3227/6703 6711/3227/6711 6710/3227/6710 
f 6703/3227/6703 6705/3227/6705 6712/3227/6712 6711/3227/6711 
f 6705/3227/6705 6706/3227/6706 6713/3227/6713 6712/3227/6712 
f 6706/3227/6706 6618/3272/6618 6714/3273/6714 6713/3227/6713 
f 6604/3226/6604 6707/3227/6707 6715/3227/6715 
f 6707/3227/6707 6708/3227/6708 6716/3227/6716 6715/3227/6715 
f 6708/3227/6708 6709/3227/6709 6717/3227/6717 6716/3227/6716 
f 6709/3227/6709 6710/3227/6710 6718/3227/6718 6717/3227/6717 
f 6710/3227/6710 6711/3227/6711 6719/3227/6719 6718/3227/6718 
f 6711/3227/6711 6712/3227/6712 6720/3227/6720 6719/3227/6719 
f 6712/3227/6712 6713/3227/6713 6721/3227/6721 6720/3227/6720 
f 6713/3227/6713 6714/3273/6714 6722/3274/6722 6721/3227/6721 
f 6604/3226/6604 6715/3227/6715 6723/3227/6723 
f 6715/3227/6715 6716/3227/6716 6724/3227/6724 6723/3227/6723 
f 6716/3227/6716 6717/3227/6717 6725/3227/6725 6724/3227/6724 
f 6717/3227/6717 6718/3227/6718 6726/3227/6726 6725/3227/6725 
f 6718/3227/6718 6719/3227/6719 6727/3227/6727 6726/3227/6726 
f 6719/3227/6719 6720/3227/6720 6728/3227/6728 6727/3227/6727 
f 6720/3227/6720 6721/3227/6721 6729/3227/6729 6728/3227/6728 
f 6721/3227/6721 6722/3274/6722 6730/3275/6730 6729/3227/6729 
f 6604/3226/6604 6723/3227/6723 6731/3227/6731 
f 6723/3227/6723 6724/3227/6724 6732/3227/6732 6731/3227/6731 
f 6724/3227/6724 6725/3227/6725 6733/3227/6733 6732/3227/6732 
f 6725/3227/6725 6726/3227/6726 6734/3227/6734 6733/3227/6733 
f 6726/3227/6726 6727/3227/6727 6735/3227/6735 6734/3227/6734 
f 6727/3227/6727 6728/3227/6728 6736/3227/6736 6735/3227/6735 
f 6728/3227/6728 6729/3227/6729 6737/3227/6737 6736/3227/6736 
f 6729/3227/6729 6730/3275/6730 6738/3276/6738 6737/3227/6737 
f 6604/3226/6604 6731/3227/6731 6739/3227/6739 
f 6731/3227/6731 6732/3227/6732 6740/3227/6740 6739/3227/6739 
f 6732/3227/6732 6733/3227/6733 6741/3227/6741 6740/3227/6740 
f 6733/3227/6733 6734/3227/6734 6742/3227/6742 6741/3227/6741 
f 6734/3227/6734 6735/3227/6735 6743/3227/6743 6742/3227/6742 
f 6735/3227/6735 6736/3227/6736 6744/3227/6744 6743/3227/6743 
f 6736/3227/6736 6737/3227/6737 6745/3227/6745 6744/3227/6744 
f 6737/3227/6737 6738/3276/6738 6746/3277/6746 6745/3227/6745 
f 6604/3226/6604 6739/3227/6739 6611/3227/6611 
f 6739/3227/6739 6740/3227/6740 6747/3227/6747 6611/3227/6611 
f 6740/3227/6740 6741/3227/6741 6748/3227/6748 6747/3227/6747 
f 6741/3227/6741 6742/3227/6742 6749/3227/6749 6748/3227/6748 
f 6742/3227/6742 6743/3227/6743 6750/3227/6750 6749/3227/6749 
f 6743/3227/6743 6744/3227/6744 6751/3227/6751 6750/3227/6750 
f 6744/3227/6744 6745/3227/6745 6752/3227/6752 6751/3227/6751 
f 6745/3227/6745 6746/3277/6746 6753/3278/6753 6752/3227/6752 
f 6611/3227/6611 6747/3227/6747 6754/3227/6754 6612/3227/6612 
f 6747/3227/6747 6748/3227/6748 6755/3227/6755 6754/3227/6754 
f 6748/3227/6748 6749/3227/6749 6756/3227/6756 6755/3227/6755 
f 6749/3227/6749 6750/3227/6750 6757/3227/6757 6756/3227/6756 
f 6750/3227/6750 6751/3227/6751 6758/3227/6758 6757/3227/6757 
f 6751/3227/6751 6752/3227/6752 6625/3227/6625 6758/3227/6758 
f 6752/3227/6752 6753/3278/6753 6601/3279/6601 6625/3227/6625 
f 6608/3226/6608 6759/3264/6759 6760/3227/6760 
f 6759/3264/6759 6761/3265/6761 6762/3227/6762 6760/3227/6760 
f 6761/3265/6761 6763/3266/6763 6764/3227/6764 6762/3227/6762 
f 6763/3266/6763 6765/3267/6765 6766/3227/6766 6764/3227/6764 
f 6765/3267/6765 6767/3268/6767 6768/3227/6768 6766/3227/6766 
f 6767/3268/6767 6769/3269/6769 6770/3227/6770 6768/3227/6768 
f 6769/3269/6769 6623/3270/6623 6771/3227/6771 6770/3227/6770 
f 6623/3270/6623 6600/3271/6600 6622/3272/6622 6771/3227/6771 
f 6608/3226/6608 6760/3227/6760 6772/3227/6772 
f 6760/3227/6760 6762/3227/6762 6773/3227/6773 6772/3227/6772 
f 6762/3227/6762 6764/3227/6764 6774/3227/6774 6773/3227/6773 
f 6764/3227/6764 6766/3227/6766 6775/3227/6775 6774/3227/6774 
f 6766/3227/6766 6768/3227/6768 6776/3227/6776 6775/3227/6775 
f 6768/3227/6768 6770/3227/6770 6777/3227/6777 6776/3227/6776 
f 6770/3227/6770 6771/3227/6771 6778/3227/6778 6777/3227/6777 
f 6771/3227/6771 6622/3272/6622 6779/3273/6779 6778/3227/6778 
f 6608/3226/6608 6772/3227/6772 6780/3227/6780 
f 6772/3227/6772 6773/3227/6773 6781/3227/6781 6780/3227/6780 
f 6773/3227/6773 6774/3227/6774 6782/3227/6782 6781/3227/6781 
f 6774/3227/6774 6775/3227/6775 6783/3227/6783 6782/3227/6782 
f 6775/3227/6775 6776/3227/6776 6784/3227/6784 6783/3227/6783 
f 6776/3227/6776 6777/3227/6777 6785/3227/6785 6784/3227/6784 
f 6777/3227/6777 6778/3227/6778 6786/3227/6786 6785/3227/6785 
f 6778/3227/6778 6779/3273/6779 6787/3274/6787 6786/3227/6786 
f 6608/3226/6608 6780/3227/6780 6788/3227/6788 
f 6780/3227/6780 6781/3227/6781 6789/3227/6789 6788/3227/6788 
f 6781/3227/6781 6782/3227/6782 6790/3227/6790 6789/3227/6789 
f 6782/3227/6782 6783/3227/6783 6791/3227/6791 6790/3227/6790 
f 6783/3227/6783 6784/3227/6784 6792/3227/6792 6791/3227/6791 
f 6784/3227/6784 6785/3227/6785 6793/3227/6793 6792/3227/6792 
f 6785/3227/6785 6786/3227/6786 6794/3227/6794 6793/3227/6793 
f 6786/3227/6786 6787/3274/6787 6795/3275/6795 6794/3227/6794 
f 6608/3226/6608 6788/3227/6788 6796/3227/6796 
f 6788/3227/6788 6789/3227/6789 6797/3227/6797 6796/3227/6796 
f 6789/3227/6789 6790/3227/6790 6798/3227/6798 6797/3227/6797 
f 6790/3227/6790 6791/3227/6791 6799/3227/6799 6798/3227/6798 
f 6791/3227/6791 6792/3227/6792 6800/3227/6800 6799/3227/6799 
f 6792/3227/6792 6793/3227/6793 6801/3227/6801 6800/3227/6800 
f 6793/3227/6793 6794/3227/6794 6802/3227/6802 6801/3227/6801 
f 6794/3227/6794 6795/3275/6795 6803/3276/6803 6802/3227/6802 
f 6608/3226/6608 6796/3227/6796 6804/3227/6804 
f 6796/3227/6796 6797/3227/6797 6805/3227/6805 6804/3227/6804 
f 6797/3227/6797 6798/3227/6798 6806/3227/6806 6805/3227/6805 
f 6798/3227/6798 6799/3227/6799 6807/3227/6807 6806/3227/6806 
f 6799/3227/6799 6800/3227/6800 6808/3227/6808 6807/3227/6807 
f 6800/3227/6800 6801/3227/6801 6809/3227/6809 6808/3227/6808 
f 6801/3227/6801 6802/3227/6802 6810/3227/6810 6809/3227/6809 
f 6802/3227/6802 6803/3276/6803 6811/3277/6811 6810/3227/6810 
f 6608/3226/6608 6804/3227/6804 6613/3227/6613 
f 6804/3227/6804 6805/3227/6805 6812/3227/6812 6613/3227/6613 
f 6805/3227/6805 6806/3227/6806 6813/3227/6813 6812/3227/6812 
f 6806/3227/6806 6807/3227/6807 6814/3227/6814 6813/3227/6813 
f 6807/3227/6807 6808/3227/6808 6815/3227/6815 6814/3227/6814 
f 6808/3227/6808 6809/3227/6809 6816/3227/6816 6815/3227/6815 
f 6809/3227/6809 6810/3227/6810 6817/3227/6817 6816/3227/6816 
f 6810/3227/6810 6811/3277/6811 6818/3278/6818 6817/3227/6817 
f 6613/3227/6613 6812/3227/6812 6819/3227/6819 6614/3227/6614 
f 6812/3227/6812 6813/3227/6813 6820/3227/6820 6819/3227/6819 
f 6813/3227/6813 6814/3227/6814 6821/3227/6821 6820/3227/6820 
f 6814/3227/6814 6815/3227/6815 6822/3227/6822 6821/3227/6821 
f 6815/3227/6815 6816/3227/6816 6823/3227/6823 6822/3227/6822 
f 6816/3227/6816 6817/3227/6817 6627/3227/6627 6823/3227/6823 
f 6817/3227/6817 6818/3278/6818 6605/3279/6605 6627/3227/6627 
f 6606/3222/6606 6824/3248/6824 6825/3227/6825 
f 6824/3248/6824 6826/3249/6826 6827/3227/6827 6825/3227/6825 
f 6826/3249/6826 6828/3250/6828 6829/3227/6829 6827/3227/6827 
f 6828/3250/6828 6830/3251/6830 6831/3227/6831 6829/3227/6829 
f 6830/3251/6830 6832/3252/6832 6833/3227/6833 6831/3227/6831 
f 6832/3252/6832 6834/3253/6834 6835/3227/6835 6833/3227/6833 
f 6834/3253/6834 6621/3254/6621 6836/3227/6836 6835/3227/6835 
f 6621/3254/6621 6599/3255/6599 6620/3256/6620 6836/3227/6836 
f 6606/3222/6606 6825/3227/6825 6837/3227/6837 
f 6825/3227/6825 6827/3227/6827 6838/3227/6838 6837/3227/6837 
f 6827/3227/6827 6829/3227/6829 6839/3227/6839 6838/3227/6838 
f 6829/3227/6829 6831/3227/6831 6840/3227/6840 6839/3227/6839 
f 6831/3227/6831 6833/3227/6833 6841/3227/6841 6840/3227/6840 
f 6833/3227/6833 6835/3227/6835 6842/3227/6842 6841/3227/6841 
f 6835/3227/6835 6836/3227/6836 6843/3227/6843 6842/3227/6842 
f 6836/3227/6836 6620/3256/6620 6844/3257/6844 6843/3227/6843 
f 6606/3222/6606 6837/3227/6837 6845/3227/6845 
f 6837/3227/6837 6838/3227/6838 6846/3227/6846 6845/3227/6845 
f 6838/3227/6838 6839/3227/6839 6847/3227/6847 6846/3227/6846 
f 6839/3227/6839 6840/3227/6840 6848/3227/6848 6847/3227/6847 
f 6840/3227/6840 6841/3227/6841 6849/3227/6849 6848/3227/6848 
f 6841/3227/6841 6842/3227/6842 6850/3227/6850 6849/3227/6849 
f 6842/3227/6842 6843/3227/6843 6851/3227/6851 6850/3227/6850 
f 6843/3227/6843 6844/3257/6844 6852/3258/6852 6851/3227/6851 
f 6606/3222/6606 6845/3227/6845 6853/3227/6853 
f 6845/3227/6845 6846/3227/6846 6854/3227/6854 6853/3227/6853 
f 6846/3227/6846 6847/3227/6847 6855/3227/6855 6854/3227/6854 
f 6847/3227/6847 6848/3227/6848 6856/3227/6856 6855/3227/6855 
f 6848/3227/6848 6849/3227/6849 6857/3227/6857 6856/3227/6856 
f 6849/3227/6849 6850/3227/6850 6858/3227/6858 6857/3227/6857 
f 6850/3227/6850 6851/3227/6851 6859/3227/6859 6858/3227/6858 
f 6851/3227/6851 6852/3258/6852 6860/3259/6860 6859/3227/6859 
f 6606/3222/6606 6853/3227/6853 6861/3227/6861 
f 6853/3227/6853 6854/3227/6854 6862/3227/6862 6861/3227/6861 
f 6854/3227/6854 6855/3227/6855 6863/3227/6863 6862/3227/6862 
f 6855/3227/6855 6856/3227/6856 6864/3227/6864 6863/3227/6863 
f 6856/3227/6856 6857/3227/6857 6865/3227/6865 6864/3227/6864 
f 6857/3227/6857 6858/3227/6858 6866/3227/6866 6865/3227/6865 
f 6858/3227/6858 6859/3227/6859 6867/3227/6867 6866/3227/6866 
f 6859/3227/6859 6860/3259/6860 6868/3260/6868 6867/3227/6867 
f 6606/3222/6606 6861/3227/6861 6869/3227/6869 
f 6861/3227/6861 6862/3227/6862 6870/3227/6870 6869/3227/6869 
f 6862/3227/6862 6863/3227/6863 6871/3227/6871 6870/3227/6870 
f 6863/3227/6863 6864/3227/6864 6872/3227/6872 6871/3227/6871 
f 6864/3227/6864 6865/3227/6865 6873/3227/6873 6872/3227/6872 
f 6865/3227/6865 6866/3227/6866 6874/3227/6874 6873/3227/6873 
f 6866/3227/6866 6867/3227/6867 6875/3227/6875 6874/3227/6874 
f 6867/3227/6867 6868/3260/6868 6876/3261/6876 6875/3227/6875 
f 6606/3222/6606 6869/3227/6869 6615/3227/6615 
f 6869/3227/6869 6870/3227/6870 6877/3227/6877 6615/3227/6615 
f 6870/3227/6870 6871/3227/6871 6878/3227/6878 6877/3227/6877 
f 6871/3227/6871 6872/3227/6872 6879/3227/6879 6878/3227/6878 
f 6872/3227/6872 6873/3227/6873 6880/3227/6880 6879/3227/6879 
f 6873/3227/6873 6874/3227/6874 6881/3227/6881 6880/3227/6880 
f 6874/3227/6874 6875/3227/6875 6882/3227/6882 6881/3227/6881 
f 6875/3227/6875 6876/3261/6876 6883/3262/6883 6882/3227/6882 
f 6615/3227/6615 6877/3227/6877 6884/3227/6884 6616/3227/6616 
f 6877/3227/6877 6878/3227/6878 6885/3227/6885 6884/3227/6884 
f 6878/3227/6878 6879/3227/6879 6886/3227/6886 6885/3227/6885 
f 6879/3227/6879 6880/3227/6880 6887/3227/6887 6886/3227/6886 
f 6880/3227/6880 6881/3227/6881 6888/3227/6888 6887/3227/6887 
f 6881/3227/6881 6882/3227/6882 6626/3227/6626 6888/3227/6888 
f 6882/3227/6882 6883/3262/6883 6603/3263/6603 6626/3227/6626 
f 6617/3229/6617 6638/3280/6638 6714/3281/6714 6618/3230/6618 
f 6638/3280/6638 6636/3282/6636 6722/3283/6722 6714/3281/6714 
f 6636/3282/6636 6634/3284/6634 6730/3285/6730 6722/3283/6722 
f 6634/3284/6634 6632/3286/6632 6738/3287/6738 6730/3285/6730 
f 6632/3286/6632 6630/3288/6630 6746/3289/6746 6738/3287/6738 
f 6630/3288/6630 6628/3290/6628 6753/3291/6753 6746/3289/6746 
f 6628/3290/6628 6602/3222/6602 6601/3221/6601 6753/3291/6753 
f 6619/3233/6619 6704/3292/6704 6844/3293/6844 6620/3234/6620 
f 6704/3292/6704 6702/3294/6702 6852/3295/6852 6844/3293/6844 
f 6702/3294/6702 6700/3296/6700 6860/3297/6860 6852/3295/6852 
f 6700/3296/6700 6698/3298/6698 6868/3299/6868 6860/3297/6860 
f 6698/3298/6698 6696/3300/6696 6876/3301/6876 6868/3299/6868 
f 6696/3300/6696 6694/3302/6694 6883/3303/6883 6876/3301/6876 
f 6694/3302/6694 6604/3226/6604 6603/3225/6603 6883/3303/6883 
f 6621/3229/6621 6834/3280/6834 6779/3281/6779 6622/3230/6622 
f 6834/3280/6834 6832/3282/6832 6787/3283/6787 6779/3281/6779 
f 6832/3282/6832 6830/3284/6830 6795/3285/6795 6787/3283/6787 
f 6830/3284/6830 6828/3286/6828 6803/3287/6803 6795/3285/6795 
f 6828/3286/6828 6826/3288/6826 6811/3289/6811 6803/3287/6803 
f 6826/3288/6826 6824/3290/6824 6818/3291/6818 6811/3289/6811 
f 6824/3290/6824 6606/3222/6606 6605/3221/6605 6818/3291/6818 
f 6623/3233/6623 6769/3292/6769 6648/3293/6648 6624/3234/6624 
f 6769/3292/6769 6767/3294/6767 6656/3295/6656 6648/3293/6648 
f 6767/3294/6767 6765/3296/6765 6664/3297/6664 6656/3295/6656 
f 6765/3296/6765 6763/3298/6763 6672/3299/6672 6664/3297/6664 
f 6763/3298/6763 6761/3300/6761 6680/3301/6680 6672/3299/6672 
f 6761/3300/6761 6759/3302/6759 6687/3303/6687 6680/3301/6680 
f 6759/3302/6759 6608/3226/6608 6607/3225/6607 6687/3303/6687 
f 6595/3237/6595 6594/3304/6594 6758/3305/6758 6625/3238/6625 
f 6594/3304/6594 6593/3306/6593 6757/3307/6757 6758/3305/6758 
f 6593/3306/6593 6592/3308/6592 6756/3309/6756 6757/3307/6757 
f 6592/3308/6592 6591/3310/6591 6755/3311/6755 6756/3309/6756 
f 6591/3310/6591 6590/3312/6590 6754/3313/6754 6755/3311/6755 
f 6590/3312/6590 6589/3314/6589 6612/3315/6612 6754/3313/6754 
f 6589/3314/6589 6588/3223/6588 6604/3226/6604 6612/3315/6612 
f 6610/3241/6610 6688/3316/6688 6563/3317/6563 6562/3242/6562 
f 6688/3316/6688 6689/3318/6689 6564/3319/6564 6563/3317/6563 
f 6689/3318/6689 6690/3320/6690 6565/3321/6565 6564/3319/6564 
f 6690/3320/6690 6691/3322/6691 6566/3323/6566 6565/3321/6565 
f 6691/3322/6691 6692/3324/6692 6567/3325/6567 6566/3323/6566 
f 6692/3324/6692 6693/3326/6693 6568/3327/6568 6567/3325/6567 
f 6693/3326/6693 6607/3225/6607 6569/3224/6569 6568/3327/6568 
f 6586/3245/6586 6585/3328/6585 6888/3329/6888 6626/3246/6626 
f 6585/3328/6585 6584/3330/6584 6887/3331/6887 6888/3329/6888 
f 6584/3330/6584 6583/3332/6583 6886/3333/6886 6887/3331/6887 
f 6583/3332/6583 6582/3334/6582 6885/3335/6885 6886/3333/6886 
f 6582/3334/6582 6581/3336/6581 6884/3337/6884 6885/3335/6885 
f 6581/3336/6581 6580/3338/6580 6616/3339/6616 6884/3337/6884 
f 6580/3338/6580 6579/3216/6579 6606/3222/6606 6616/3339/6616 
f 6577/3237/6577 6576/3304/6576 6823/3305/6823 6627/3238/6627 
f 6576/3304/6576 6575/3306/6575 6822/3307/6822 6823/3305/6823 
f 6575/3306/6575 6574/3308/6574 6821/3309/6821 6822/3307/6822 
f 6574/3308/6574 6573/3310/6573 6820/3311/6820 6821/3309/6821 
f 6573/3310/6573 6572/3312/6572 6819/3313/6819 6820/3311/6820 
f 6572/3312/6572 6571/3314/6571 6614/3315/6614 6819/3313/6819 
f 6571/3314/6571 6570/3223/6570 6608/3226/6608 6614/3315/6614 
# 294 polygons - 32 triangles

