# 3ds Max Wavefront OBJ Exporter v0.97b - (c)2007 guruware
# File Created: 31.07.2018 10:33:28

mtllib standingbucky1.mtl

#
# object Box001
#

v  2.0787 0.7436 -0.5775
v  2.3440 0.7713 -0.5775
v  2.3440 0.7713 2.0314
v  2.0787 0.7436 2.0314
v  2.0787 1.7391 3.0110
v  2.0787 1.4349 2.9498
v  2.2086 1.4484 2.9498
v  2.1491 1.7464 3.0110
v  2.0787 1.1860 2.8478
v  2.2574 1.2047 2.8478
v  2.0787 0.9925 2.7049
v  2.2953 1.0150 2.7049
v  2.0787 0.8542 2.5212
v  2.3223 0.8796 2.5212
v  2.0787 0.7713 2.2967
v  2.3386 0.7984 2.2967
v  2.3186 1.4891 2.9498
v  2.2086 1.7684 3.0110
v  2.4086 1.2605 2.8478
v  2.4785 1.0828 2.7049
v  2.5285 0.9558 2.5212
v  2.5585 0.8796 2.2967
v  2.5685 0.8542 2.0314
v  2.4086 1.5568 2.9498
v  2.2574 1.8051 3.0110
v  2.5323 1.3536 2.8478
v  2.6285 1.1956 2.7049
v  2.6972 1.0828 2.5212
v  2.7384 1.0150 2.2967
v  2.7522 0.9925 2.0314
v  2.4785 1.6516 2.9498
v  2.2953 1.8564 3.0110
v  2.6285 1.4840 2.8478
v  2.7451 1.3536 2.7049
v  2.8284 1.2605 2.5212
v  2.8784 1.2047 2.2967
v  2.8950 1.1860 2.0314
v  2.5285 1.7735 2.9498
v  2.3223 1.9225 3.0110
v  2.6972 1.6516 2.8478
v  2.8284 1.5568 2.7049
v  2.9221 1.4891 2.5212
v  2.9783 1.4484 2.2967
v  2.9971 1.4349 2.0314
v  2.5585 1.9225 2.9498
v  2.3386 2.0031 3.0110
v  2.7384 1.8564 2.8478
v  2.8784 1.8051 2.7049
v  2.9783 1.7684 2.5212
v  3.0383 1.7464 2.2967
v  3.0583 1.7391 2.0314
v  3.0583 1.7391 -0.5775
v  2.9971 1.4349 -0.5775
v  2.9971 1.4484 -0.7074
v  3.0583 1.7464 -0.6479
v  2.8950 1.1860 -0.5775
v  2.8950 1.2047 -0.7562
v  2.7522 0.9925 -0.5775
v  2.7522 1.0150 -0.7941
v  2.5685 0.8542 -0.5775
v  2.5685 0.8796 -0.8211
v  2.3440 0.7984 -0.8374
v  2.0787 0.7713 -0.8428
v  2.9971 1.4891 -0.8174
v  3.0583 1.7684 -0.7074
v  2.8950 1.2605 -0.9074
v  2.7522 1.0828 -0.9773
v  2.5685 0.9558 -1.0273
v  2.3440 0.8796 -1.0573
v  2.0787 0.8542 -1.0673
v  2.9971 1.5568 -0.9074
v  3.0583 1.8051 -0.7562
v  2.8950 1.3536 -1.0311
v  2.7522 1.1956 -1.1273
v  2.5685 1.0828 -1.1960
v  2.3440 1.0150 -1.2372
v  2.0787 0.9925 -1.2510
v  2.9971 1.6516 -0.9773
v  3.0583 1.8564 -0.7941
v  2.8950 1.4840 -1.1273
v  2.7522 1.3536 -1.2439
v  2.5685 1.2605 -1.3272
v  2.3440 1.2047 -1.3772
v  2.0787 1.1860 -1.3938
v  2.9971 1.7735 -1.0273
v  3.0583 1.9225 -0.8211
v  2.8950 1.6516 -1.1960
v  2.7522 1.5568 -1.3272
v  2.5685 1.4891 -1.4209
v  2.3440 1.4484 -1.4771
v  2.0787 1.4349 -1.4959
v  2.9971 1.9225 -1.0573
v  3.0583 2.0031 -0.8374
v  2.8950 1.8564 -1.2372
v  2.7522 1.8051 -1.3772
v  2.5685 1.7684 -1.4771
v  2.3440 1.7464 -1.5371
v  2.0787 1.7391 -1.5571
# 98 vertices

vn 0.0766 -0.9963 -0.0382
vn 0.1702 -0.9847 -0.0377
vn 0.1708 -0.9846 0.0387
vn 0.0766 -0.9963 0.0382
vn 0.0202 -0.2631 0.9646
vn 0.0294 -0.3820 0.9237
vn 0.0641 -0.3746 0.9250
vn 0.0430 -0.2571 0.9654
vn 0.0466 -0.6058 0.7942
vn 0.1025 -0.5949 0.7972
vn 0.0615 -0.7993 0.5978
vn 0.1362 -0.7867 0.6021
vn 0.0711 -0.9246 0.3741
vn 0.1584 -0.9122 0.3779
vn 0.0756 -0.9826 0.1694
vn 0.1686 -0.9707 0.1714
vn 0.1400 -0.3469 0.9274
vn 0.0941 -0.2370 0.9669
vn 0.2240 -0.5525 0.8028
vn 0.2987 -0.7341 0.6098
vn 0.3485 -0.8547 0.3848
vn 0.3719 -0.9116 0.1751
vn 0.3771 -0.9253 0.0396
vn 0.2216 -0.2947 0.9295
vn 0.1496 -0.2001 0.9683
vn 0.3546 -0.4709 0.8078
vn 0.4740 -0.6285 0.6167
vn 0.5544 -0.7347 0.3909
vn 0.5928 -0.7853 0.1784
vn 0.6018 -0.7976 0.0404
vn 0.2947 -0.2216 0.9295
vn 0.2001 -0.1496 0.9683
vn 0.4709 -0.3546 0.8078
vn 0.6285 -0.4740 0.6167
vn 0.7347 -0.5544 0.3909
vn 0.7853 -0.5928 0.1784
vn 0.7976 -0.6018 0.0404
vn 0.3469 -0.1400 0.9274
vn 0.2370 -0.0941 0.9669
vn 0.5525 -0.2240 0.8028
vn 0.7341 -0.2987 0.6098
vn 0.8547 -0.3485 0.3848
vn 0.9116 -0.3719 0.1751
vn 0.9253 -0.3771 0.0396
vn 0.3595 -0.0980 0.9280
vn 0.2504 -0.0683 0.9657
vn 0.5758 -0.1570 0.8024
vn 0.7663 -0.2090 0.6076
vn 0.8917 -0.2432 0.3817
vn 0.9502 -0.2591 0.1731
vn 0.9640 -0.2629 0.0389
vn 0.9647 -0.2631 -0.0103
vn 0.9250 -0.3796 -0.0147
vn 0.9250 -0.3746 -0.0641
vn 0.9654 -0.2571 -0.0430
vn 0.7965 -0.6042 -0.0233
vn 0.7972 -0.5949 -0.1025
vn 0.6003 -0.7992 -0.0307
vn 0.6021 -0.7867 -0.1362
vn 0.3759 -0.9260 -0.0355
vn 0.3779 -0.9122 -0.1584
vn 0.1714 -0.9707 -0.1686
vn 0.0775 -0.9823 -0.1706
vn 0.9274 -0.3469 -0.1400
vn 0.9669 -0.2370 -0.0941
vn 0.8028 -0.5525 -0.2240
vn 0.6098 -0.7341 -0.2987
vn 0.3848 -0.8547 -0.3485
vn 0.1751 -0.9116 -0.3719
vn 0.0794 -0.9230 -0.3765
vn 0.9295 -0.2947 -0.2216
vn 0.9683 -0.2001 -0.1496
vn 0.8078 -0.4709 -0.3546
vn 0.6167 -0.6285 -0.4740
vn 0.3909 -0.7347 -0.5544
vn 0.1784 -0.7853 -0.5928
vn 0.0811 -0.7955 -0.6005
vn 0.9295 -0.2216 -0.2947
vn 0.9683 -0.1496 -0.2001
vn 0.8078 -0.3546 -0.4709
vn 0.6167 -0.4740 -0.6285
vn 0.3909 -0.5544 -0.7347
vn 0.1784 -0.5928 -0.7853
vn 0.0811 -0.6005 -0.7955
vn 0.9274 -0.1400 -0.3469
vn 0.9669 -0.0941 -0.2370
vn 0.8028 -0.2240 -0.5525
vn 0.6098 -0.2987 -0.7341
vn 0.3848 -0.3485 -0.8547
vn 0.1751 -0.3719 -0.9116
vn 0.0794 -0.3765 -0.9230
vn 0.9280 -0.0980 -0.3595
vn 0.9657 -0.0683 -0.2504
vn 0.8024 -0.1570 -0.5758
vn 0.6076 -0.2090 -0.7663
vn 0.3817 -0.2432 -0.8917
vn 0.1731 -0.2591 -0.9502
vn 0.0778 -0.2623 -0.9618
# 98 vertex normals

vt 0.2170 0.6715 0.0000
vt 0.2170 0.7153 0.0000
vt 0.7830 0.7153 0.0000
vt 0.7830 0.6715 0.0000
vt 0.1350 0.9856 0.0000
vt 0.0952 0.9950 0.0000
vt 0.0000 1.0000 0.0000
vt 0.0637 1.0065 0.0000
vt 0.0406 1.0201 0.0000
vt 0.0258 1.0359 0.0000
vt 0.0194 1.0537 0.0000
vt 0.0213 1.0737 0.0000
vt 0.0161 1.0516 0.0000
vt 0.0126 1.0274 0.0000
vt 0.0109 1.0011 0.0000
vt 0.0109 0.9727 0.0000
vt 0.0126 0.9422 0.0000
vt 0.0161 0.9096 0.0000
vt 0.1604 0.9858 0.0000
vt 0.1148 0.9961 0.0000
vt 0.0802 1.0090 0.0000
vt 0.0564 1.0245 0.0000
vt 0.0436 1.0428 0.0000
vt 0.0417 1.0638 0.0000
vt 0.0507 1.0874 0.0000
vt 0.0377 1.0619 0.0000
vt 0.0277 1.0356 0.0000
vt 0.0207 1.0082 0.0000
vt 0.0166 0.9800 0.0000
vt 0.0156 0.9508 0.0000
vt 0.0175 0.9206 0.0000
vt 0.2170 0.7591 0.0000
vt 0.7830 0.7591 0.0000
vt 0.2170 0.8030 0.0000
vt 0.7830 0.8030 0.0000
vt 0.2170 0.8468 0.0000
vt 0.7830 0.8468 0.0000
vt 0.2170 0.8906 0.0000
vt 0.7830 0.8906 0.0000
vt 0.2170 0.9345 0.0000
vt 0.7830 0.9345 0.0000
# 41 texture coords

o Box001
g Box001
usemtl wire_086086086
s 2
f 1/1/1 2/2/2 3/3/3 4/4/4 
f 5/5/5 6/6/6 7/7/7 8/7/8 
f 6/6/6 9/8/9 10/7/10 7/7/7 
f 9/8/9 11/9/11 12/7/12 10/7/10 
f 11/9/11 13/10/13 14/7/14 12/7/12 
f 13/10/13 15/11/15 16/7/16 14/7/14 
f 15/11/15 4/12/4 3/13/3 16/7/16 
f 8/7/8 7/7/7 17/7/17 18/7/18 
f 7/7/7 10/7/10 19/7/19 17/7/17 
f 10/7/10 12/7/12 20/7/20 19/7/19 
f 12/7/12 14/7/14 21/7/21 20/7/20 
f 14/7/14 16/7/16 22/7/22 21/7/21 
f 16/7/16 3/13/3 23/14/23 22/7/22 
f 18/7/18 17/7/17 24/7/24 25/7/25 
f 17/7/17 19/7/19 26/7/26 24/7/24 
f 19/7/19 20/7/20 27/7/27 26/7/26 
f 20/7/20 21/7/21 28/7/28 27/7/27 
f 21/7/21 22/7/22 29/7/29 28/7/28 
f 22/7/22 23/14/23 30/15/30 29/7/29 
f 25/7/25 24/7/24 31/7/31 32/7/32 
f 24/7/24 26/7/26 33/7/33 31/7/31 
f 26/7/26 27/7/27 34/7/34 33/7/33 
f 27/7/27 28/7/28 35/7/35 34/7/34 
f 28/7/28 29/7/29 36/7/36 35/7/35 
f 29/7/29 30/15/30 37/16/37 36/7/36 
f 32/7/32 31/7/31 38/7/38 39/7/39 
f 31/7/31 33/7/33 40/7/40 38/7/38 
f 33/7/33 34/7/34 41/7/41 40/7/40 
f 34/7/34 35/7/35 42/7/42 41/7/41 
f 35/7/35 36/7/36 43/7/43 42/7/42 
f 36/7/36 37/16/37 44/17/44 43/7/43 
f 39/7/39 38/7/38 45/7/45 46/7/46 
f 38/7/38 40/7/40 47/7/47 45/7/45 
f 40/7/40 41/7/41 48/7/48 47/7/47 
f 41/7/41 42/7/42 49/7/49 48/7/48 
f 42/7/42 43/7/43 50/7/50 49/7/49 
f 43/7/43 44/17/44 51/18/51 50/7/50 
f 52/19/52 53/20/53 54/7/54 55/7/55 
f 53/20/53 56/21/56 57/7/57 54/7/54 
f 56/21/56 58/22/58 59/7/59 57/7/57 
f 58/22/58 60/23/60 61/7/61 59/7/59 
f 60/23/60 2/24/2 62/7/62 61/7/61 
f 2/24/2 1/25/1 63/26/63 62/7/62 
f 55/7/55 54/7/54 64/7/64 65/7/65 
f 54/7/54 57/7/57 66/7/66 64/7/64 
f 57/7/57 59/7/59 67/7/67 66/7/66 
f 59/7/59 61/7/61 68/7/68 67/7/67 
f 61/7/61 62/7/62 69/7/69 68/7/68 
f 62/7/62 63/26/63 70/27/70 69/7/69 
f 65/7/65 64/7/64 71/7/71 72/7/72 
f 64/7/64 66/7/66 73/7/73 71/7/71 
f 66/7/66 67/7/67 74/7/74 73/7/73 
f 67/7/67 68/7/68 75/7/75 74/7/74 
f 68/7/68 69/7/69 76/7/76 75/7/75 
f 69/7/69 70/27/70 77/28/77 76/7/76 
f 72/7/72 71/7/71 78/7/78 79/7/79 
f 71/7/71 73/7/73 80/7/80 78/7/78 
f 73/7/73 74/7/74 81/7/81 80/7/80 
f 74/7/74 75/7/75 82/7/82 81/7/81 
f 75/7/75 76/7/76 83/7/83 82/7/82 
f 76/7/76 77/28/77 84/29/84 83/7/83 
f 79/7/79 78/7/78 85/7/85 86/7/86 
f 78/7/78 80/7/80 87/7/87 85/7/85 
f 80/7/80 81/7/81 88/7/88 87/7/87 
f 81/7/81 82/7/82 89/7/89 88/7/88 
f 82/7/82 83/7/83 90/7/90 89/7/89 
f 83/7/83 84/29/84 91/30/91 90/7/90 
f 86/7/86 85/7/85 92/7/92 93/7/93 
f 85/7/85 87/7/87 94/7/94 92/7/92 
f 87/7/87 88/7/88 95/7/95 94/7/94 
f 88/7/88 89/7/89 96/7/96 95/7/95 
f 89/7/89 90/7/90 97/7/97 96/7/96 
f 90/7/90 91/30/91 98/31/98 97/7/97 
f 2/2/2 60/32/60 23/33/23 3/3/3 
f 60/32/60 58/34/58 30/35/30 23/33/23 
f 58/34/58 56/36/56 37/37/37 30/35/30 
f 56/36/56 53/38/53 44/39/44 37/37/37 
f 53/38/53 52/40/52 51/41/51 44/39/44 
# 78 polygons

#
# object Box002
#

v  -2.4506 -0.9213 2.4311
v  -2.4506 -0.9213 -1.3635
v  3.1765 -0.9213 -1.3635
v  3.1765 -0.9213 2.4311
v  -2.4506 10.5747 2.7970
v  3.1765 10.5747 2.7970
v  3.1765 6.8927 -1.7295
v  -2.4506 6.8927 -1.7295
v  -2.4506 0.8490 4.1421
v  3.1765 0.8490 4.1421
v  3.1765 9.8986 4.1421
v  -2.4506 9.8986 4.1421
v  5.3583 0.8490 2.4311
v  5.3583 0.8490 -1.3635
v  5.3583 4.9385 -1.3635
v  5.3583 8.0251 2.4311
v  3.1765 0.8490 -3.0746
v  -2.4506 0.8490 -3.0746
v  -2.4506 4.0283 -3.0746
v  3.1765 4.0283 -3.0746
v  -4.6324 0.8490 -1.3635
v  -4.6324 0.8490 2.4311
v  -4.6324 8.0251 2.4311
v  -4.6324 4.9385 -1.3635
v  -2.7334 0.2372 4.0737
v  -2.4506 0.2117 4.0737
v  3.4593 -0.8505 3.0224
v  3.1765 -0.8505 3.0470
v  -4.5451 0.2372 -1.5853
v  -4.5451 0.2117 -1.3635
v  3.9305 -0.8505 -1.5853
v  3.9620 -0.8505 -1.3635
v  -3.2046 10.0091 4.0742
v  -3.2360 9.6695 4.0737
v  5.2710 8.9132 3.0277
v  5.2710 8.6996 3.0470
v  -4.5451 4.8560 -1.9601
v  -4.5451 4.6108 -1.9795
v  3.9305 4.1564 -3.0067
v  3.9620 3.9106 -3.0061
v  -3.2360 -0.8505 2.4311
v  -3.2360 -0.8505 -1.3635
v  -2.4506 -0.8505 -1.9795
v  3.1765 -0.8505 -1.9795
v  3.9620 -0.8505 2.4311
v  -2.4506 -0.8505 3.0470
v  -2.4506 10.8978 3.2812
v  3.1765 10.8978 3.2812
v  3.9620 10.4727 2.7824
v  3.9620 6.8184 -1.5977
v  3.1765 6.4280 -2.2137
v  -2.4506 6.4280 -2.2137
v  -3.2360 6.8146 -1.7148
v  -3.2360 10.4751 2.6653
v  3.9620 0.8490 4.0737
v  3.9620 9.8236 4.0737
v  -3.2360 0.8490 4.0737
v  5.2710 0.8490 -1.9795
v  5.2710 4.4567 -1.9795
v  -3.2360 0.8490 -3.0061
v  -3.2360 4.0647 -3.0061
v  -3.2046 0.6196 4.0737
v  -3.8469 0.8490 3.8683
v  -3.7911 0.4411 3.8683
v  -4.2833 0.8490 3.5261
v  -4.2100 0.3137 3.5261
v  -4.5451 0.8490 3.0470
v  -4.4613 0.2372 3.0470
v  -4.5451 0.2117 2.4311
v  -3.1104 0.4411 4.0737
v  -3.6235 0.1239 3.8683
v  -3.9901 -0.1027 3.5261
v  -4.2100 -0.2387 3.0470
v  -4.2833 -0.2840 2.4311
v  -2.9533 0.3137 4.0737
v  -3.3443 -0.1027 3.8683
v  -3.6235 -0.4001 3.5261
v  -3.7911 -0.5786 3.0470
v  -3.8469 -0.6380 2.4311
v  -2.9533 -0.2387 3.8683
v  -3.1104 -0.5786 3.5261
v  -3.2046 -0.7825 3.0470
v  -2.4506 -0.2840 3.8683
v  -2.4506 -0.6380 3.5261
v  3.9305 -0.8505 2.6528
v  4.5728 -0.6380 2.4311
v  4.5170 -0.6380 2.8253
v  5.0092 -0.2840 2.4311
v  4.9359 -0.2840 2.9485
v  5.2710 0.2117 2.4311
v  5.1872 0.2117 3.0224
v  5.2710 0.8490 3.0470
v  3.8363 -0.8505 2.8253
v  4.3494 -0.6380 3.1319
v  4.7160 -0.2840 3.3509
v  4.9359 0.2117 3.4823
v  5.0092 0.8490 3.5261
v  3.6792 -0.8505 2.9485
v  4.0702 -0.6380 3.3509
v  4.3494 -0.2840 3.6384
v  4.5170 0.2117 3.8108
v  4.5728 0.8490 3.8683
v  3.6792 -0.6380 3.4823
v  3.8363 -0.2840 3.8108
v  3.9305 0.2117 4.0080
v  3.1765 -0.6380 3.5261
v  3.1765 -0.2840 3.8683
v  3.1765 0.2117 4.0737
v  -4.5451 0.8490 -1.9795
v  -4.5451 0.6196 -1.9549
v  -4.2833 0.8490 -2.4586
v  -4.2833 0.4411 -2.4148
v  -3.8469 0.8490 -2.8008
v  -3.8469 0.3137 -2.7433
v  -3.2360 0.2372 -2.9404
v  -2.4506 0.2117 -3.0061
v  -4.5451 0.4411 -1.8809
v  -4.2833 0.1239 -2.2834
v  -3.8469 -0.1027 -2.5708
v  -3.2360 -0.2387 -2.7433
v  -2.4506 -0.2840 -2.8008
v  -4.5451 0.3137 -1.7577
v  -4.2833 -0.1027 -2.0644
v  -3.8469 -0.4001 -2.2834
v  -3.2360 -0.5786 -2.4148
v  -2.4506 -0.6380 -2.4586
v  -4.2833 -0.2387 -1.7577
v  -3.8469 -0.5786 -1.8809
v  -3.2360 -0.7825 -1.9549
v  -4.2833 -0.2840 -1.3635
v  -3.8469 -0.6380 -1.3635
v  3.4593 -0.8505 -1.9549
v  3.1765 -0.6380 -2.4586
v  3.6792 -0.6380 -2.4148
v  3.1765 -0.2840 -2.8008
v  3.8363 -0.2840 -2.7433
v  3.1765 0.2117 -3.0061
v  3.9305 0.2117 -2.9404
v  3.9620 0.8490 -3.0061
v  3.6792 -0.8505 -1.8809
v  4.0702 -0.6380 -2.2834
v  4.3494 -0.2840 -2.5708
v  4.5170 0.2117 -2.7433
v  4.5728 0.8490 -2.8008
v  3.8363 -0.8505 -1.7578
v  4.3494 -0.6380 -2.0644
v  4.7160 -0.2840 -2.2834
v  4.9359 0.2117 -2.4148
v  5.0092 0.8490 -2.4586
v  4.5170 -0.6380 -1.7578
v  4.9359 -0.2840 -1.8809
v  5.1872 0.2117 -1.9549
v  4.5728 -0.6380 -1.3635
v  5.0092 -0.2840 -1.3635
v  5.2710 0.2117 -1.3635
v  -2.4506 10.4921 4.0883
v  -2.7334 10.5001 4.0830
v  -2.4506 10.8565 3.9269
v  -2.9533 10.8585 3.9058
v  -2.4506 10.9917 3.6579
v  -3.1104 10.9738 3.6104
v  -3.2046 10.8460 3.1969
v  -2.9533 10.4226 4.0789
v  -3.3443 10.7119 3.8894
v  -3.6235 10.7662 3.5735
v  -3.7911 10.5857 3.1313
v  -3.8469 10.1703 2.5628
v  -3.1104 10.2593 4.0760
v  -3.6235 10.4159 3.8777
v  -3.9901 10.3682 3.5472
v  -4.2100 10.1164 3.0845
v  -4.2833 9.6604 2.4896
v  -3.7911 9.9690 3.8707
v  -4.2100 9.7784 3.5314
v  -4.4613 9.4372 3.0564
v  -4.5451 8.9453 2.4457
v  -3.8469 9.3676 3.8683
v  -4.2833 8.9929 3.5261
v  -4.5451 8.5454 3.0470
v  5.2710 8.9430 2.5628
v  5.2710 9.0593 2.7371
v  5.0092 9.6569 2.6653
v  5.0092 9.8636 2.9752
v  4.5728 10.1668 2.7384
v  4.5728 10.4382 3.1452
v  3.9620 10.7829 3.2472
v  5.2710 9.0931 2.8727
v  5.0092 9.9237 3.2162
v  4.5728 10.5171 3.4616
v  3.9620 10.8730 3.6088
v  3.1765 10.9917 3.6579
v  5.2710 9.0444 2.9696
v  5.0092 9.8372 3.3884
v  4.5728 10.4035 3.6875
v  3.9620 10.7432 3.8670
v  3.1765 10.8565 3.9269
v  5.0092 9.6040 3.4917
v  4.5728 10.0974 3.8231
v  3.9620 10.3934 4.0220
v  3.1765 10.4921 4.0883
v  5.0092 9.2241 3.5261
v  4.5728 9.5988 3.8683
v  -4.5451 5.6420 -1.4953
v  -4.5451 5.4747 -1.6696
v  -4.2833 6.1892 -1.5977
v  -4.2833 5.8918 -1.9076
v  -3.8469 6.5801 -1.6709
v  -3.8469 6.1897 -2.0777
v  -3.2360 6.3685 -2.1797
v  -4.5451 5.2880 -1.8052
v  -4.2833 5.5598 -2.1487
v  -3.8469 5.7539 -2.3940
v  -3.2360 5.8704 -2.5413
v  -2.4506 5.9092 -2.5903
v  -4.5451 5.0817 -1.9020
v  -4.2833 5.1931 -2.3209
v  -3.8469 5.2727 -2.6200
v  -3.2360 5.3204 -2.7995
v  -2.4506 5.3363 -2.8594
v  -4.2833 4.7919 -2.4242
v  -3.8469 4.7460 -2.7556
v  -3.2360 4.7185 -2.9545
v  -2.4506 4.7094 -3.0208
v  -4.2833 4.3560 -2.4586
v  -3.8469 4.1739 -2.8008
v  3.1765 4.7094 -3.0208
v  3.4593 4.6384 -3.0155
v  3.1765 5.3363 -2.8594
v  3.6792 5.2225 -2.8383
v  3.1765 5.9092 -2.5903
v  3.8363 5.7805 -2.5429
v  3.9305 6.3125 -2.1294
v  3.6792 4.5215 -3.0114
v  4.0702 5.0239 -2.8219
v  4.3494 5.5354 -2.5060
v  4.5170 6.0560 -2.0638
v  4.5728 6.5857 -1.4953
v  3.8363 4.3604 -3.0085
v  4.3494 4.7431 -2.8102
v  4.7160 5.1764 -2.4797
v  4.9359 5.6603 -2.0170
v  5.0092 6.1949 -1.4221
v  4.5170 4.3823 -2.8031
v  4.9359 4.7058 -2.4639
v  5.1872 5.1269 -1.9889
v  5.2710 5.6458 -1.3782
v  4.5728 3.9428 -2.8008
v  5.0092 4.1248 -2.4586
# 248 vertices

vn -0.0448 -0.9974 0.0570
vn -0.0448 -0.9974 -0.0570
vn 0.0348 -0.9983 -0.0476
vn 0.0348 -0.9983 0.0476
vn -0.0019 0.8065 -0.5912
vn 0.0466 0.8046 -0.5919
vn 0.0898 0.7457 -0.6602
vn -0.0433 0.7490 -0.6612
vn -0.0339 -0.0443 0.9984
vn 0.0433 -0.0533 0.9976
vn 0.0456 0.0464 0.9979
vn -0.0357 0.0372 0.9987
vn 0.9953 -0.0676 0.0699
vn 0.9953 -0.0676 -0.0699
vn 0.9917 0.0579 -0.1145
vn 0.9986 0.0468 0.0237
vn 0.0433 -0.0533 -0.9976
vn -0.0433 -0.0533 -0.9976
vn -0.0425 0.0388 -0.9983
vn 0.0376 0.0337 -0.9987
vn -0.9969 -0.0544 -0.0568
vn -0.9953 -0.0676 0.0699
vn -0.9984 0.0473 0.0313
vn -0.9962 0.0367 -0.0789
vn -0.0501 -0.2460 0.9680
vn -0.0115 -0.2511 0.9679
vn 0.0512 -0.9639 0.2612
vn 0.0118 -0.9637 0.2666
vn -0.9486 -0.3058 -0.0816
vn -0.9500 -0.3117 -0.0182
vn 0.2124 -0.9746 -0.0712
vn 0.2159 -0.9763 -0.0156
vn -0.2215 0.0515 0.9738
vn -0.2122 0.0110 0.9772
vn 0.9609 0.0542 0.2716
vn 0.9507 0.0101 0.3100
vn -0.9391 0.0596 -0.3383
vn -0.9454 0.0151 -0.3256
vn 0.2046 0.0517 -0.9775
vn 0.2085 0.0119 -0.9780
vn -0.2113 -0.9756 0.0588
vn -0.2095 -0.9762 -0.0557
vn -0.0455 -0.9638 -0.2629
vn 0.0118 -0.9637 -0.2666
vn 0.2159 -0.9763 0.0156
vn -0.0432 -0.9642 0.2615
vn -0.0097 0.9173 -0.3980
vn 0.0580 0.9151 -0.3990
vn 0.2171 0.7840 -0.5816
vn 0.2755 0.7152 -0.6424
vn 0.0909 0.6552 -0.7499
vn -0.0411 0.6571 -0.7526
vn -0.2027 0.7303 -0.6523
vn -0.1473 0.7901 -0.5950
vn 0.2048 -0.0550 0.9773
vn 0.2138 0.0471 0.9757
vn -0.2090 -0.0146 0.9778
vn 0.9470 -0.0675 -0.3140
vn 0.9380 0.0509 -0.3430
vn -0.2031 -0.0522 -0.9778
vn -0.1998 0.0371 -0.9791
vn -0.2056 -0.0664 0.9764
vn -0.4801 -0.0331 0.8766
vn -0.4644 -0.1496 0.8729
vn -0.7654 -0.0522 0.6414
vn -0.7340 -0.2360 0.6368
vn -0.9479 -0.0642 0.3121
vn -0.9052 -0.2907 0.3101
vn -0.9497 -0.3052 0.0700
vn -0.1707 -0.1441 0.9747
vn -0.3834 -0.3194 0.8666
vn -0.6016 -0.4952 0.6267
vn -0.7377 -0.6033 0.3031
vn -0.7717 -0.6323 0.0683
vn -0.1116 -0.2103 0.9713
vn -0.2505 -0.4601 0.8518
vn -0.3879 -0.6978 0.6022
vn -0.4691 -0.8358 0.2853
vn -0.4871 -0.8711 0.0635
vn -0.1129 -0.5358 0.8367
vn -0.1723 -0.7982 0.5772
vn -0.2050 -0.9415 0.2674
vn -0.0250 -0.5520 0.8335
vn -0.0369 -0.8209 0.5699
vn 0.2124 -0.9746 0.0712
vn 0.4921 -0.8699 0.0351
vn 0.4756 -0.8653 0.1586
vn 0.7751 -0.6294 0.0546
vn 0.7418 -0.6237 0.2464
vn 0.9506 -0.3032 0.0666
vn 0.9054 -0.3004 0.3000
vn 0.9470 -0.0675 0.3140
vn 0.1757 -0.9723 0.1540
vn 0.3909 -0.8566 0.3368
vn 0.6039 -0.6102 0.5128
vn 0.7314 -0.2912 0.6166
vn 0.7622 -0.0652 0.6441
vn 0.1144 -0.9679 0.2238
vn 0.2540 -0.8385 0.4821
vn 0.3859 -0.5816 0.7161
vn 0.4600 -0.2711 0.8455
vn 0.4755 -0.0598 0.8777
vn 0.1141 -0.8210 0.5594
vn 0.1704 -0.5540 0.8149
vn 0.1996 -0.2523 0.9468
vn 0.0252 -0.8170 0.5761
vn 0.0363 -0.5458 0.8371
vn 0.0420 -0.2461 0.9683
vn -0.9471 -0.0175 -0.3204
vn -0.9462 -0.0779 -0.3142
vn -0.7592 -0.0349 -0.6500
vn -0.7605 -0.1594 -0.6295
vn -0.4719 -0.0470 -0.8804
vn -0.4760 -0.2180 -0.8520
vn -0.2062 -0.2430 -0.9479
vn -0.0442 -0.2475 -0.9679
vn -0.9485 -0.1719 -0.2662
vn -0.7697 -0.3489 -0.5347
vn -0.4882 -0.4790 -0.7296
vn -0.2135 -0.5367 -0.8163
vn -0.0460 -0.5483 -0.8350
vn -0.9495 -0.2576 -0.1792
vn -0.7730 -0.5203 -0.3630
vn -0.4922 -0.7135 -0.4987
vn -0.2158 -0.8002 -0.5595
vn -0.0466 -0.8187 -0.5723
vn -0.7685 -0.6176 -0.1672
vn -0.4857 -0.8433 -0.2300
vn -0.2117 -0.9428 -0.2576
vn -0.7688 -0.6385 -0.0367
vn -0.4834 -0.8740 -0.0499
vn 0.0512 -0.9639 -0.2612
vn 0.0252 -0.8170 -0.5761
vn 0.1141 -0.8210 -0.5594
vn 0.0363 -0.5458 -0.8371
vn 0.1704 -0.5540 -0.8149
vn 0.0420 -0.2461 -0.9683
vn 0.1996 -0.2523 -0.9468
vn 0.2048 -0.0550 -0.9773
vn 0.1144 -0.9679 -0.2238
vn 0.2540 -0.8385 -0.4821
vn 0.3859 -0.5816 -0.7161
vn 0.4600 -0.2711 -0.8455
vn 0.4754 -0.0598 -0.8777
vn 0.1757 -0.9723 -0.1540
vn 0.3909 -0.8566 -0.3368
vn 0.6039 -0.6102 -0.5128
vn 0.7314 -0.2912 -0.6166
vn 0.7622 -0.0652 -0.6441
vn 0.4756 -0.8653 -0.1586
vn 0.7418 -0.6237 -0.2464
vn 0.9054 -0.3004 -0.3000
vn 0.4921 -0.8699 -0.0351
vn 0.7751 -0.6294 -0.0546
vn 0.9506 -0.3032 -0.0666
vn -0.0055 0.2494 0.9684
vn -0.0491 0.2694 0.9618
vn -0.0138 0.6871 0.7264
vn -0.1347 0.7051 0.6962
vn -0.0179 0.9929 0.1178
vn -0.2125 0.9716 0.1046
vn -0.1897 0.8972 -0.3989
vn -0.1430 0.2182 0.9654
vn -0.3659 0.5678 0.7374
vn -0.5548 0.8045 0.2119
vn -0.5546 0.7803 -0.2891
vn -0.4788 0.7040 -0.5246
vn -0.2060 0.1275 0.9702
vn -0.5054 0.3260 0.7989
vn -0.7823 0.4940 0.3793
vn -0.8518 0.5176 -0.0805
vn -0.7994 0.4925 -0.3441
vn -0.5226 0.1266 0.8432
vn -0.8238 0.1980 0.5312
vn -0.9646 0.2236 0.1400
vn -0.9675 0.2241 -0.1171
vn -0.4923 0.0253 0.8700
vn -0.7839 0.0390 0.6197
vn -0.9597 0.0456 0.2773
vn 0.9515 0.2435 -0.1882
vn 0.9625 0.2412 -0.1242
vn 0.7762 0.5017 -0.3818
vn 0.8252 0.5099 -0.2430
vn 0.4955 0.6951 -0.5210
vn 0.5704 0.7504 -0.3339
vn 0.2658 0.8855 -0.3810
vn 0.9771 0.2127 0.0092
vn 0.8818 0.4705 0.0328
vn 0.6592 0.7483 0.0735
vn 0.3313 0.9371 0.1099
vn 0.0767 0.9904 0.1147
vn 0.9763 0.1373 0.1673
vn 0.8788 0.3134 0.3599
vn 0.6546 0.5139 0.5544
vn 0.3280 0.6563 0.6795
vn 0.0756 0.6914 0.7185
vn 0.8194 0.1292 0.5585
vn 0.5619 0.2064 0.8011
vn 0.2600 0.2516 0.9323
vn 0.0565 0.2554 0.9652
vn 0.7736 0.0264 0.6331
vn 0.4911 0.0409 0.8701
vn -0.9470 0.2378 -0.2159
vn -0.9404 0.2208 -0.2587
vn -0.7585 0.4833 -0.4372
vn -0.7409 0.4402 -0.5072
vn -0.4709 0.6556 -0.5903
vn -0.4526 0.5870 -0.6713
vn -0.1930 0.6462 -0.7384
vn -0.9359 0.1778 -0.3041
vn -0.7270 0.3487 -0.5915
vn -0.4372 0.4579 -0.7741
vn -0.1849 0.5004 -0.8458
vn -0.0393 0.5084 -0.8602
vn -0.9354 0.1206 -0.3323
vn -0.7255 0.2334 -0.6474
vn -0.4355 0.3045 -0.8471
vn -0.1840 0.3324 -0.9250
vn -0.0391 0.3382 -0.9403
vn -0.7368 0.1125 -0.6667
vn -0.4478 0.1460 -0.8821
vn -0.1904 0.1600 -0.9686
vn -0.0405 0.1638 -0.9857
vn -0.7541 0.0267 -0.6563
vn -0.4661 0.0338 -0.8841
vn 0.0313 0.1710 -0.9848
vn 0.0835 0.1691 -0.9821
vn 0.0587 0.3434 -0.9373
vn 0.1622 0.3382 -0.9270
vn 0.0799 0.5101 -0.8564
vn 0.2267 0.4977 -0.8372
vn 0.2669 0.6327 -0.7270
vn 0.1300 0.1488 -0.9803
vn 0.2603 0.2992 -0.9180
vn 0.3768 0.4437 -0.8131
vn 0.4608 0.5658 -0.6837
vn 0.4955 0.6399 -0.5873
vn 0.1750 0.1066 -0.9788
vn 0.3645 0.2188 -0.9051
vn 0.5468 0.3319 -0.7687
vn 0.6831 0.4272 -0.5924
vn 0.7442 0.4835 -0.4609
vn 0.4466 0.1082 -0.8882
vn 0.6921 0.1683 -0.7019
vn 0.8646 0.2194 -0.4520
vn 0.9310 0.2480 -0.2677
vn 0.4751 0.0243 -0.8796
vn 0.7549 0.0380 -0.6547
# 248 vertex normals

vt 0.7816 0.2371 0.0000
vt 0.7816 0.7629 0.0000
vt 0.2184 0.7629 0.0000
vt 0.2184 0.2371 0.0000
vt 0.2184 0.1864 0.0000
vt 0.7816 0.1864 0.0000
vt 0.7816 0.8136 0.0000
vt 0.2184 0.8136 0.0000
vt 0.2184 0.1406 0.0000
vt 0.7816 0.1406 0.0000
vt 0.7816 0.8594 0.0000
vt 0.2184 0.8594 0.0000
vt 0.2371 0.2512 0.0000
vt 0.7629 0.2634 0.0000
vt 0.7629 0.8211 0.0000
vt 0.2371 0.8211 0.0000
vt 0.2184 0.2634 0.0000
vt 0.7816 0.2634 0.0000
vt 0.7816 0.7366 0.0000
vt 0.2184 0.7366 0.0000
vt 0.2371 0.1406 0.0000
vt 0.7629 0.1406 0.0000
vt 0.7629 0.7106 0.0000
vt 0.2371 0.6649 0.0000
vt 0.0000 0.0000 0.0000
vt 0.0000 1.0000 0.0000
vt 0.8491 0.4610 0.0000
vt 0.8319 0.3969 0.0000
vt 0.3010 0.3686 0.0000
vt 0.3169 0.4256 0.0000
vt 0.7816 0.5309 0.0000
vt 0.7816 0.4774 0.0000
vt 0.2184 0.4774 0.0000
vt 0.2184 0.5309 0.0000
vt 0.6831 0.5362 0.0000
vt 0.6990 0.4816 0.0000
vt 0.1681 0.5075 0.0000
vt 0.1509 0.5716 0.0000
vt 0.7816 0.4750 0.0000
vt 0.7816 0.4081 0.0000
vt 0.2184 0.4081 0.0000
vt 0.2184 0.4750 0.0000
vt 0.2184 0.6685 0.0000
vt 0.2184 0.7067 0.0000
vt 0.7816 0.7067 0.0000
vt 0.7816 0.6685 0.0000
vt 0.3797 0.5748 0.0000
vt 0.3512 0.6241 0.0000
vt 0.9731 0.5626 0.0000
vt 1.0256 0.4979 0.0000
vt 0.2184 0.4220 0.0000
vt 0.2184 0.4849 0.0000
vt 0.7816 0.4849 0.0000
vt 0.7816 0.4220 0.0000
vt -0.2953 0.3988 0.0000
vt -0.1889 0.4521 0.0000
vt 0.4582 0.5630 0.0000
vt 0.3820 0.5261 0.0000
vt 0.3796 -0.1531 0.0000
vt 0.3511 -0.0722 0.0000
vt 0.3679 0.5919 0.0000
vt 0.4006 0.5346 0.0000
vt 0.7224 0.4848 0.0000
vt 0.7305 0.5300 0.0000
vt 0.7428 -0.1314 0.0000
vt 0.7378 -0.1994 0.0000
vt 0.5983 0.2709 0.0000
vt 0.5223 0.2694 0.0000
vt 0.4554 0.8433 0.0000
vt 0.5147 0.8700 0.0000
vt 0.7115 0.9214 0.0000
vt 0.6166 0.7653 0.0000
vt 0.8733 1.2230 0.0000
vt 1.0323 1.3625 0.0000
vt 0.1389 0.1017 0.0000
vt 0.0753 0.0975 0.0000
vt 0.0274 0.1280 0.0000
vt -0.0046 0.1932 0.0000
vt -0.0209 0.2932 0.0000
vt -0.0142 0.1881 0.0000
vt -0.0109 0.1075 0.0000
vt -0.0109 0.0513 0.0000
vt -0.0142 0.0195 0.0000
vt -0.0209 0.0122 0.0000
vt 0.1389 0.1671 0.0000
vt 0.0752 0.1468 0.0000
vt 0.0273 0.1761 0.0000
vt -0.0049 0.2551 0.0000
vt -0.0213 0.3838 0.0000
vt -0.0150 0.2490 0.0000
vt -0.0130 0.1515 0.0000
vt -0.0154 0.0914 0.0000
vt -0.0222 0.0686 0.0000
vt -0.0333 0.0833 0.0000
vt 0.1497 0.1028 0.0000
vt 0.0773 0.1018 0.0000
vt 0.0197 0.1376 0.0000
vt -0.0229 0.2103 0.0000
vt -0.0505 0.3198 0.0000
vt -0.0350 0.2033 0.0000
vt -0.0289 0.1096 0.0000
vt -0.0321 0.0387 0.0000
vt -0.0448 -0.0094 0.0000
vt -0.0668 -0.0347 0.0000
vt 0.1368 0.8445 0.0000
vt 0.0668 0.8996 0.0000
vt 0.0083 0.9282 0.0000
vt -0.0387 0.9304 0.0000
vt -0.0741 0.9060 0.0000
vt -0.0504 0.9225 0.0000
vt -0.0385 0.8969 0.0000
vt -0.0385 0.8291 0.0000
vt -0.0504 0.7192 0.0000
vt -0.0741 0.5671 0.0000
vt 0.1439 0.9088 0.0000
vt 0.0952 0.9445 0.0000
vt 0.0722 0.9664 0.0000
vt 0.0750 0.9747 0.0000
vt 0.1036 0.9692 0.0000
vt 0.0665 0.9665 0.0000
vt 0.0380 0.9336 0.0000
vt 0.0182 0.8706 0.0000
vt 0.0071 0.7774 0.0000
vt 0.0046 0.6541 0.0000
vt 0.1495 0.8835 0.0000
vt 0.0763 0.9276 0.0000
vt 0.0176 0.9534 0.0000
vt -0.0266 0.9608 0.0000
vt -0.0564 0.9499 0.0000
vt -0.0383 0.9596 0.0000
vt -0.0293 0.9485 0.0000
vt -0.0293 0.9168 0.0000
vt -0.0383 0.8643 0.0000
vt -0.0564 0.7910 0.0000
vt 0.1502 0.7787 0.0000
vt 0.0793 0.8521 0.0000
vt 0.0242 0.8851 0.0000
vt -0.0149 0.8777 0.0000
vt -0.0381 0.8298 0.0000
vt -0.0242 0.8652 0.0000
vt -0.0130 0.8352 0.0000
vt -0.0045 0.7398 0.0000
vt 0.0013 0.5789 0.0000
vt 0.0045 0.3527 0.0000
vt 0.1339 0.8293 0.0000
vt 0.0550 0.8969 0.0000
vt -0.0183 0.9393 0.0000
vt -0.0858 0.9566 0.0000
vt -0.1478 0.9486 0.0000
vt -0.0975 0.9525 0.0000
vt -0.0648 0.9230 0.0000
vt -0.0498 0.8602 0.0000
vt -0.0524 0.7641 0.0000
vt -0.0726 0.6346 0.0000
vt 0.8146 0.3328 0.0000
vt 0.2850 0.3116 0.0000
vt 0.7974 0.2688 0.0000
vt 0.2690 0.2546 0.0000
vt 0.7801 0.2047 0.0000
vt 0.2531 0.1976 0.0000
vt 0.7816 0.4239 0.0000
vt 0.2184 0.4239 0.0000
vt 0.7816 0.3704 0.0000
vt 0.2184 0.3704 0.0000
vt 0.7816 0.3169 0.0000
vt 0.2184 0.3169 0.0000
vt 0.7150 0.4271 0.0000
vt 0.1854 0.4434 0.0000
vt 0.7310 0.3725 0.0000
vt 0.2026 0.3793 0.0000
vt 0.7469 0.3180 0.0000
vt 0.2199 0.3152 0.0000
vt 0.7816 0.3412 0.0000
vt 0.2184 0.3412 0.0000
vt 0.7816 0.2744 0.0000
vt 0.2184 0.2744 0.0000
vt 0.7816 0.2075 0.0000
vt 0.2184 0.2075 0.0000
vt 0.2184 0.7449 0.0000
vt 0.7816 0.7449 0.0000
vt 0.2184 0.7830 0.0000
vt 0.7816 0.7830 0.0000
vt 0.2184 0.8212 0.0000
vt 0.7816 0.8212 0.0000
vt 0.3226 0.6734 0.0000
vt 0.9205 0.6272 0.0000
vt 0.2941 0.7226 0.0000
vt 0.8680 0.6918 0.0000
vt 0.2656 0.7719 0.0000
vt 0.8155 0.7565 0.0000
vt 0.2184 0.5478 0.0000
vt 0.7816 0.5478 0.0000
vt 0.2184 0.6107 0.0000
vt 0.7816 0.6107 0.0000
vt 0.2184 0.6736 0.0000
vt 0.7816 0.6736 0.0000
vt -0.0824 0.5053 0.0000
vt 0.5344 0.5999 0.0000
vt 0.0241 0.5585 0.0000
vt 0.6105 0.6368 0.0000
vt 0.1306 0.6117 0.0000
vt 0.6867 0.6737 0.0000
vt 0.3226 0.0086 0.0000
vt 0.3352 0.6492 0.0000
vt 0.2941 0.0895 0.0000
vt 0.3025 0.7065 0.0000
vt 0.2656 0.1703 0.0000
vt 0.2698 0.7638 0.0000
vt 0.7386 0.5751 0.0000
vt 0.7479 -0.0634 0.0000
vt 0.7467 0.6203 0.0000
vt 0.7529 0.0046 0.0000
vt 0.7548 0.6654 0.0000
vt 0.7579 0.0726 0.0000
vt 0.4463 0.2679 0.0000
vt 0.3962 0.8166 0.0000
vt 0.3703 0.2664 0.0000
vt 0.3369 0.7899 0.0000
vt 0.2944 0.2649 0.0000
vt 0.2776 0.7632 0.0000
vt 0.5217 0.6091 0.0000
vt 0.7142 1.0834 0.0000
vt 0.4269 0.4529 0.0000
vt 0.5552 0.9439 0.0000
vt 0.3320 0.2968 0.0000
vt 0.3961 0.8044 0.0000
# 226 texture coords

o Box002
g Box002
usemtl wire_255255255
s 1
f 99/42/99 100/43/100 101/44/101 102/45/102 
f 103/46/103 104/47/104 105/48/105 106/49/106 
f 107/50/107 108/51/108 109/52/109 110/53/110 
f 111/54/111 112/55/112 113/56/113 114/57/114 
f 115/58/115 116/59/116 117/60/117 118/61/118 
f 119/62/119 120/63/120 121/64/121 122/65/122 
f 107/50/107 123/66/123 124/66/124 
f 102/45/102 125/66/125 126/66/126 
f 119/62/119 127/66/127 128/66/128 
f 101/44/101 129/67/129 130/67/130 
f 110/53/110 131/67/131 132/67/132 
f 114/57/114 133/67/133 134/67/134 
f 122/65/122 135/67/135 136/67/136 
f 118/61/118 137/67/137 138/67/138 
f 99/68/99 139/69/139 140/70/140 100/71/100 
f 100/72/100 141/73/141 142/74/142 101/75/101 
f 101/76/101 130/77/130 143/78/143 102/79/102 
f 102/80/102 126/81/126 144/82/144 99/83/99 
f 103/84/103 145/85/145 146/86/146 104/87/104 
f 104/88/104 147/89/147 148/90/148 105/91/105 
f 105/92/105 149/93/149 150/94/150 106/95/106 
f 106/96/106 151/97/151 152/98/152 103/99/103 
f 108/100/108 153/101/153 154/102/154 109/103/109 
f 110/104/110 132/105/132 155/106/155 107/107/107 
f 112/108/112 156/109/156 157/110/157 113/111/113 
f 116/112/116 158/113/158 159/114/159 117/115/117 
f 107/50/107 155/116/155 160/66/160 
f 155/116/155 161/117/161 162/66/162 160/66/160 
f 161/117/161 163/118/163 164/66/164 162/66/162 
f 163/118/163 165/119/165 166/66/166 164/66/164 
f 165/119/165 120/120/120 167/121/167 166/66/166 
f 107/50/107 160/66/160 168/66/168 
f 160/66/160 162/66/162 169/66/169 168/66/168 
f 162/66/162 164/66/164 170/66/170 169/66/169 
f 164/66/164 166/66/166 171/66/171 170/66/170 
f 166/66/166 167/121/167 172/122/172 171/66/171 
f 107/50/107 168/66/168 173/66/173 
f 168/66/168 169/66/169 174/66/174 173/66/173 
f 169/66/169 170/66/170 175/66/175 174/66/174 
f 170/66/170 171/66/171 176/66/176 175/66/175 
f 171/66/171 172/122/172 177/123/177 176/66/176 
f 107/50/107 173/66/173 123/66/123 
f 173/66/173 174/66/174 178/66/178 123/66/123 
f 174/66/174 175/66/175 179/66/179 178/66/178 
f 175/66/175 176/66/176 180/66/180 179/66/179 
f 176/66/176 177/123/177 139/124/139 180/66/180 
f 123/66/123 178/66/178 181/66/181 124/66/124 
f 178/66/178 179/66/179 182/66/182 181/66/181 
f 179/66/179 180/66/180 144/66/144 182/66/182 
f 180/66/180 139/124/139 99/125/99 144/66/144 
f 102/45/102 143/126/143 183/66/183 
f 143/126/143 184/127/184 185/66/185 183/66/183 
f 184/127/184 186/128/186 187/66/187 185/66/185 
f 186/128/186 188/129/188 189/66/189 187/66/187 
f 188/129/188 111/130/111 190/131/190 189/66/189 
f 102/45/102 183/66/183 191/66/191 
f 183/66/183 185/66/185 192/66/192 191/66/191 
f 185/66/185 187/66/187 193/66/193 192/66/192 
f 187/66/187 189/66/189 194/66/194 193/66/193 
f 189/66/189 190/131/190 195/132/195 194/66/194 
f 102/45/102 191/66/191 196/66/196 
f 191/66/191 192/66/192 197/66/197 196/66/196 
f 192/66/192 193/66/193 198/66/198 197/66/197 
f 193/66/193 194/66/194 199/66/199 198/66/198 
f 194/66/194 195/132/195 200/133/200 199/66/199 
f 102/45/102 196/66/196 125/66/125 
f 196/66/196 197/66/197 201/66/201 125/66/125 
f 197/66/197 198/66/198 202/66/202 201/66/201 
f 198/66/198 199/66/199 203/66/203 202/66/202 
f 199/66/199 200/133/200 153/134/153 203/66/203 
f 125/66/125 201/66/201 204/66/204 126/66/126 
f 201/66/201 202/66/202 205/66/205 204/66/204 
f 202/66/202 203/66/203 206/66/206 205/66/205 
f 203/66/203 153/134/153 108/135/108 206/66/206 
f 119/62/119 207/136/207 208/66/208 
f 207/136/207 209/137/209 210/66/210 208/66/208 
f 209/137/209 211/138/211 212/66/212 210/66/210 
f 211/138/211 158/139/158 213/66/213 212/66/212 
f 158/139/158 116/140/116 214/141/214 213/66/213 
f 119/62/119 208/66/208 215/66/215 
f 208/66/208 210/66/210 216/66/216 215/66/215 
f 210/66/210 212/66/212 217/66/217 216/66/216 
f 212/66/212 213/66/213 218/66/218 217/66/217 
f 213/66/213 214/141/214 219/142/219 218/66/218 
f 119/62/119 215/66/215 220/66/220 
f 215/66/215 216/66/216 221/66/221 220/66/220 
f 216/66/216 217/66/217 222/66/222 221/66/221 
f 217/66/217 218/66/218 223/66/223 222/66/222 
f 218/66/218 219/142/219 224/143/224 223/66/223 
f 119/62/119 220/66/220 127/66/127 
f 220/66/220 221/66/221 225/66/225 127/66/127 
f 221/66/221 222/66/222 226/66/226 225/66/225 
f 222/66/222 223/66/223 227/66/227 226/66/226 
f 223/66/223 224/143/224 141/144/141 227/66/227 
f 127/66/127 225/66/225 228/66/228 128/66/128 
f 225/66/225 226/66/226 229/66/229 228/66/228 
f 226/66/226 227/66/227 140/66/140 229/66/229 
f 227/66/227 141/144/141 100/145/100 140/66/140 
f 101/44/101 142/146/142 230/67/230 
f 142/146/142 231/147/231 232/67/232 230/67/230 
f 231/147/231 233/148/233 234/67/234 232/67/232 
f 233/148/233 235/149/235 236/67/236 234/67/234 
f 235/149/235 115/150/115 237/151/237 236/67/236 
f 101/44/101 230/67/230 238/67/238 
f 230/67/230 232/67/232 239/67/239 238/67/238 
f 232/67/232 234/67/234 240/67/240 239/67/239 
f 234/67/234 236/67/236 241/67/241 240/67/240 
f 236/67/236 237/151/237 242/152/242 241/67/241 
f 101/44/101 238/67/238 243/67/243 
f 238/67/238 239/67/239 244/67/244 243/67/243 
f 239/67/239 240/67/240 245/67/245 244/67/244 
f 240/67/240 241/67/241 246/67/246 245/67/245 
f 241/67/241 242/152/242 247/153/247 246/67/246 
f 101/44/101 243/67/243 129/67/129 
f 243/67/243 244/67/244 248/67/248 129/67/129 
f 244/67/244 245/67/245 249/67/249 248/67/248 
f 245/67/245 246/67/246 250/67/250 249/67/249 
f 246/67/246 247/153/247 156/154/156 250/67/250 
f 129/67/129 248/67/248 251/67/251 130/67/130 
f 248/67/248 249/67/249 252/67/252 251/67/251 
f 249/67/249 250/67/250 253/67/253 252/67/252 
f 250/67/250 156/154/156 112/155/112 253/67/253 
f 110/53/110 254/156/254 255/67/255 
f 254/156/254 256/157/256 257/67/257 255/67/255 
f 256/157/256 258/158/258 259/67/259 257/67/257 
f 258/158/258 145/159/145 260/67/260 259/67/259 
f 145/159/145 103/160/103 152/161/152 260/67/260 
f 110/53/110 255/67/255 261/67/261 
f 255/67/255 257/67/257 262/67/262 261/67/261 
f 257/67/257 259/67/259 263/67/263 262/67/262 
f 259/67/259 260/67/260 264/67/264 263/67/263 
f 260/67/260 152/161/152 265/162/265 264/67/264 
f 110/53/110 261/67/261 266/67/266 
f 261/67/261 262/67/262 267/67/267 266/67/266 
f 262/67/262 263/67/263 268/67/268 267/67/267 
f 263/67/263 264/67/264 269/67/269 268/67/268 
f 264/67/264 265/162/265 270/163/270 269/67/269 
f 110/53/110 266/67/266 131/67/131 
f 266/67/266 267/67/267 271/67/271 131/67/131 
f 267/67/267 268/67/268 272/67/272 271/67/271 
f 268/67/268 269/67/269 273/67/273 272/67/272 
f 269/67/269 270/163/270 274/164/274 273/67/273 
f 131/67/131 271/67/271 275/67/275 132/67/132 
f 271/67/271 272/67/272 276/67/276 275/67/275 
f 272/67/272 273/67/273 277/67/277 276/67/276 
f 273/67/273 274/164/274 121/165/121 277/67/277 
f 114/57/114 278/166/278 279/67/279 
f 278/166/278 280/167/280 281/67/281 279/67/279 
f 280/167/280 282/168/282 283/67/283 281/67/281 
f 282/168/282 147/169/147 284/67/284 283/67/283 
f 147/169/147 104/170/104 146/171/146 284/67/284 
f 114/57/114 279/67/279 285/67/285 
f 279/67/279 281/67/281 286/67/286 285/67/285 
f 281/67/281 283/67/283 287/67/287 286/67/286 
f 283/67/283 284/67/284 288/67/288 287/67/287 
f 284/67/284 146/171/146 289/172/289 288/67/288 
f 114/57/114 285/67/285 290/67/290 
f 285/67/285 286/67/286 291/67/291 290/67/290 
f 286/67/286 287/67/287 292/67/292 291/67/291 
f 287/67/287 288/67/288 293/67/293 292/67/292 
f 288/67/288 289/172/289 294/173/294 293/67/293 
f 114/57/114 290/67/290 133/67/133 
f 290/67/290 291/67/291 295/67/295 133/67/133 
f 291/67/291 292/67/292 296/67/296 295/67/295 
f 292/67/292 293/67/293 297/67/297 296/67/296 
f 293/67/293 294/173/294 298/174/298 297/67/297 
f 133/67/133 295/67/295 299/67/299 134/67/134 
f 295/67/295 296/67/296 300/67/300 299/67/299 
f 296/67/296 297/67/297 154/67/154 300/67/300 
f 297/67/297 298/174/298 109/175/109 154/67/154 
f 122/65/122 301/176/301 302/67/302 
f 301/176/301 303/177/303 304/67/304 302/67/302 
f 303/177/303 305/178/305 306/67/306 304/67/304 
f 305/178/305 151/179/151 307/67/307 306/67/306 
f 151/179/151 106/180/106 150/181/150 307/67/307 
f 122/65/122 302/67/302 308/67/308 
f 302/67/302 304/67/304 309/67/309 308/67/308 
f 304/67/304 306/67/306 310/67/310 309/67/309 
f 306/67/306 307/67/307 311/67/311 310/67/310 
f 307/67/307 150/181/150 312/182/312 311/67/311 
f 122/65/122 308/67/308 313/67/313 
f 308/67/308 309/67/309 314/67/314 313/67/313 
f 309/67/309 310/67/310 315/67/315 314/67/314 
f 310/67/310 311/67/311 316/67/316 315/67/315 
f 311/67/311 312/182/312 317/183/317 316/67/316 
f 122/65/122 313/67/313 135/67/135 
f 313/67/313 314/67/314 318/67/318 135/67/135 
f 314/67/314 315/67/315 319/67/319 318/67/318 
f 315/67/315 316/67/316 320/67/320 319/67/319 
f 316/67/316 317/183/317 321/184/321 320/67/320 
f 135/67/135 318/67/318 322/67/322 136/67/136 
f 318/67/318 319/67/319 323/67/323 322/67/322 
f 319/67/319 320/67/320 159/67/159 323/67/323 
f 320/67/320 321/184/321 117/185/117 159/67/159 
f 118/61/118 324/186/324 325/67/325 
f 324/186/324 326/187/326 327/67/327 325/67/325 
f 326/187/326 328/188/328 329/67/329 327/67/327 
f 328/188/328 149/189/149 330/67/330 329/67/329 
f 149/189/149 105/190/105 148/191/148 330/67/330 
f 118/61/118 325/67/325 331/67/331 
f 325/67/325 327/67/327 332/67/332 331/67/331 
f 327/67/327 329/67/329 333/67/333 332/67/332 
f 329/67/329 330/67/330 334/67/334 333/67/333 
f 330/67/330 148/191/148 335/192/335 334/67/334 
f 118/61/118 331/67/331 336/67/336 
f 331/67/331 332/67/332 337/67/337 336/67/336 
f 332/67/332 333/67/333 338/67/338 337/67/337 
f 333/67/333 334/67/334 339/67/339 338/67/338 
f 334/67/334 335/192/335 340/193/340 339/67/339 
f 118/61/118 336/67/336 137/67/137 
f 336/67/336 337/67/337 341/67/341 137/67/137 
f 337/67/337 338/67/338 342/67/342 341/67/341 
f 338/67/338 339/67/339 343/67/343 342/67/342 
f 339/67/339 340/193/340 344/194/344 343/67/343 
f 137/67/137 341/67/341 345/67/345 138/67/138 
f 341/67/341 342/67/342 346/67/346 345/67/345 
f 342/67/342 343/67/343 157/67/157 346/67/346 
f 343/67/343 344/194/344 113/195/113 157/67/157 
f 139/69/139 177/196/177 229/197/229 140/70/140 
f 177/196/177 172/198/172 228/199/228 229/197/229 
f 172/198/172 167/200/167 128/201/128 228/199/228 
f 167/200/167 120/63/120 119/62/119 128/201/128 
f 141/73/141 224/202/224 231/203/231 142/74/142 
f 224/202/224 219/204/219 233/205/233 231/203/231 
f 219/204/219 214/206/214 235/207/235 233/205/233 
f 214/206/214 116/59/116 115/58/115 235/207/235 
f 130/77/130 251/208/251 184/209/184 143/78/143 
f 251/208/251 252/210/252 186/211/186 184/209/184 
f 252/210/252 253/212/253 188/213/188 186/211/186 
f 253/212/253 112/55/112 111/54/111 188/213/188 
f 126/81/126 204/214/204 182/215/182 144/82/144 
f 204/214/204 205/216/205 181/217/181 182/215/182 
f 205/216/205 206/218/206 124/219/124 181/217/181 
f 206/218/206 108/51/108 107/50/107 124/219/124 
f 145/85/145 258/220/258 289/221/289 146/86/146 
f 258/220/258 256/222/256 294/223/294 289/221/289 
f 256/222/256 254/224/254 298/225/298 294/223/294 
f 254/224/254 110/53/110 109/52/109 298/225/298 
f 147/89/147 282/226/282 335/227/335 148/90/148 
f 282/226/282 280/228/280 340/229/340 335/227/335 
f 280/228/280 278/230/278 344/231/344 340/229/340 
f 278/230/278 114/57/114 113/56/113 344/231/344 
f 149/93/149 328/232/328 312/233/312 150/94/150 
f 328/232/328 326/234/326 317/235/317 312/233/312 
f 326/234/326 324/236/324 321/237/321 317/235/317 
f 324/236/324 118/61/118 117/60/117 321/237/321 
f 151/97/151 305/238/305 265/239/265 152/98/152 
f 305/238/305 303/240/303 270/241/270 265/239/265 
f 303/240/303 301/242/301 274/243/274 270/241/270 
f 301/242/301 122/65/122 121/64/121 274/243/274 
f 153/101/153 200/244/200 300/245/300 154/102/154 
f 200/244/200 195/246/195 299/247/299 300/245/300 
f 195/246/195 190/248/190 134/249/134 299/247/299 
f 190/248/190 111/54/111 114/57/114 134/249/134 
f 132/105/132 275/250/275 161/251/161 155/106/155 
f 275/250/275 276/252/276 163/253/163 161/251/161 
f 276/252/276 277/254/277 165/255/165 163/253/163 
f 277/254/277 121/64/121 120/63/120 165/255/165 
f 156/109/156 247/256/247 346/257/346 157/110/157 
f 247/256/247 242/258/242 345/259/345 346/257/346 
f 242/258/242 237/260/237 138/261/138 345/259/345 
f 237/260/237 115/58/115 118/61/118 138/261/138 
f 158/113/158 211/262/211 323/263/323 159/114/159 
f 211/262/211 209/264/209 322/265/322 323/263/323 
f 209/264/209 207/266/207 136/267/136 322/265/322 
f 207/266/207 119/62/119 122/65/122 136/267/136 
# 226 polygons - 40 triangles

#
# object Box003
#

v  -2.4617 0.8811 1.2410
v  -2.6229 0.8811 1.2328
v  -2.7626 0.8811 1.2085
v  -2.8808 0.8811 1.1679
v  -2.9775 0.8811 1.1110
v  -3.0527 0.8811 1.0379
v  -3.1065 0.8811 0.9486
v  -3.1387 0.8811 0.8430
v  -3.1494 0.8811 0.7211
v  -3.1494 0.8811 -0.0824
v  -3.1387 0.8811 -0.2042
v  -3.1065 0.8811 -0.3098
v  -3.0527 0.8811 -0.3992
v  -2.9775 0.8811 -0.4723
v  -2.8808 0.8811 -0.5291
v  -2.7626 0.8811 -0.5697
v  -2.6229 0.8811 -0.5941
v  -2.4617 0.8811 -0.6022
v  3.1155 0.8811 -0.6022
v  3.2767 0.8811 -0.5941
v  3.4164 0.8811 -0.5697
v  3.5346 0.8811 -0.5291
v  3.6313 0.8811 -0.4723
v  3.7065 0.8811 -0.3992
v  3.7603 0.8811 -0.3098
v  3.7925 0.8811 -0.2042
v  3.8033 0.8811 -0.0824
v  3.8033 0.8811 0.7211
v  3.7925 0.8811 0.8430
v  3.7603 0.8811 0.9486
v  3.7065 0.8811 1.0379
v  3.6313 0.8811 1.1110
v  3.5346 0.8811 1.1679
v  3.4164 0.8811 1.2085
v  3.2767 0.8811 1.2328
v  3.1155 0.8811 1.2410
v  -2.4617 62.4439 0.7211
v  3.1155 62.4439 0.7211
v  3.1155 62.4439 -0.0824
v  -2.4617 62.4439 -0.0824
v  3.1155 61.6826 1.2410
v  -2.4617 61.6826 1.2410
v  3.8033 61.6826 -0.0824
v  3.8033 61.6826 0.7211
v  -2.4617 61.6826 -0.6022
v  3.1155 61.6826 -0.6022
v  -3.1494 61.6826 0.7211
v  -3.1494 61.6826 -0.0824
v  -2.6204 61.7245 1.2328
v  -2.6229 61.6826 1.2328
v  3.7925 61.7245 0.8411
v  3.7925 61.6826 0.8430
v  -3.1387 61.7245 -0.2023
v  -3.1387 61.6826 -0.2042
v  3.2742 61.7245 -0.5941
v  3.2767 61.6826 -0.5941
v  -2.4617 62.4320 0.8430
v  3.1155 62.4320 0.8430
v  3.2767 62.4320 0.7211
v  3.2767 62.4320 -0.0824
v  3.1155 62.4320 -0.2042
v  -2.4617 62.4320 -0.2042
v  -2.6229 62.4320 -0.0824
v  -2.6229 62.4320 0.7211
v  3.2767 61.6826 1.2328
v  3.7925 61.6826 -0.2042
v  -2.6229 61.6826 -0.5941
v  -2.4617 61.8611 1.2328
v  -2.4995 61.8583 1.2328
v  -2.4617 62.0157 1.2085
v  -2.5322 62.0105 1.2085
v  -2.4617 62.1465 1.1679
v  -2.5599 62.1393 1.1679
v  -2.4617 62.2536 1.1110
v  -2.5826 62.2446 1.1110
v  -2.4617 62.3368 1.0379
v  -2.6002 62.3266 1.0379
v  -2.4617 62.3963 0.9486
v  -2.6128 62.3851 0.9486
v  -2.6204 62.4203 0.8430
v  -2.5322 61.8499 1.2328
v  -2.5933 61.9949 1.2085
v  -2.6451 62.1175 1.1679
v  -2.6874 62.2179 1.1110
v  -2.7203 62.2959 1.0379
v  -2.7438 62.3517 0.9486
v  -2.7579 62.3851 0.8430
v  -2.7626 62.3963 0.7211
v  -2.5599 61.8360 1.2328
v  -2.6451 61.9688 1.2085
v  -2.7171 62.0813 1.1679
v  -2.7760 62.1733 1.1110
v  -2.8219 62.2448 1.0379
v  -2.8546 62.2959 0.9486
v  -2.8742 62.3266 0.8430
v  -2.8808 62.3368 0.7211
v  -2.5826 61.8165 1.2328
v  -2.6874 61.9324 1.2085
v  -2.7760 62.0306 1.1679
v  -2.8486 62.1108 1.1110
v  -2.9050 62.1733 1.0379
v  -2.9453 62.2179 0.9486
v  -2.9694 62.2446 0.8430
v  -2.9775 62.2536 0.7211
v  -2.6002 61.7914 1.2328
v  -2.7203 61.8856 1.2085
v  -2.8219 61.9653 1.1679
v  -2.9050 62.0306 1.1110
v  -2.9696 62.0813 1.0379
v  -3.0158 62.1175 0.9486
v  -3.0435 62.1393 0.8430
v  -3.0527 62.1465 0.7211
v  -2.6128 61.7607 1.2328
v  -2.7438 61.8284 1.2085
v  -2.8546 61.8856 1.1679
v  -2.9453 61.9324 1.1110
v  -3.0158 61.9688 1.0379
v  -3.0662 61.9949 0.9486
v  -3.0964 62.0105 0.8430
v  -3.1065 62.0157 0.7211
v  -2.7579 61.7607 1.2085
v  -2.8742 61.7914 1.1679
v  -2.9694 61.8165 1.1110
v  -3.0435 61.8360 1.0379
v  -3.0964 61.8499 0.9486
v  -3.1281 61.8583 0.8430
v  -3.1387 61.8611 0.7211
v  -2.7626 61.6826 1.2085
v  -2.8808 61.6826 1.1679
v  -2.9775 61.6826 1.1110
v  -3.0527 61.6826 1.0379
v  -3.1065 61.6826 0.9486
v  -3.1387 61.6826 0.8430
v  3.7925 61.8611 0.7211
v  3.7925 61.8583 0.7497
v  3.7603 62.0157 0.7211
v  3.7603 62.0105 0.7744
v  3.7065 62.1465 0.7211
v  3.7065 62.1393 0.7954
v  3.6313 62.2536 0.7211
v  3.6313 62.2446 0.8125
v  3.5346 62.3368 0.7211
v  3.5346 62.3266 0.8258
v  3.4164 62.3963 0.7211
v  3.4164 62.3851 0.8354
v  3.2767 62.4203 0.8411
v  3.7925 61.8499 0.7744
v  3.7603 61.9949 0.8206
v  3.7065 62.1175 0.8597
v  3.6313 62.2179 0.8917
v  3.5346 62.2959 0.9166
v  3.4164 62.3517 0.9343
v  3.2767 62.3851 0.9450
v  3.1155 62.3963 0.9486
v  3.7925 61.8360 0.7954
v  3.7603 61.9688 0.8597
v  3.7065 62.0813 0.9142
v  3.6313 62.1733 0.9587
v  3.5346 62.2448 0.9934
v  3.4164 62.2959 1.0181
v  3.2767 62.3266 1.0330
v  3.1155 62.3368 1.0379
v  3.7925 61.8165 0.8125
v  3.7603 61.9324 0.8917
v  3.7065 62.0306 0.9587
v  3.6313 62.1108 1.0135
v  3.5346 62.1733 1.0562
v  3.4164 62.2179 1.0866
v  3.2767 62.2447 1.1049
v  3.1155 62.2536 1.1110
v  3.7925 61.7914 0.8258
v  3.7603 61.8856 0.9166
v  3.7065 61.9653 0.9934
v  3.6313 62.0306 1.0562
v  3.5346 62.0813 1.1050
v  3.4164 62.1175 1.1399
v  3.2767 62.1393 1.1609
v  3.1155 62.1465 1.1679
v  3.7925 61.7607 0.8354
v  3.7603 61.8284 0.9343
v  3.7065 61.8856 1.0181
v  3.6313 61.9324 1.0866
v  3.5346 61.9688 1.1399
v  3.4164 61.9949 1.1780
v  3.2767 62.0105 1.2008
v  3.1155 62.0157 1.2085
v  3.7603 61.7607 0.9450
v  3.7065 61.7914 1.0330
v  3.6313 61.8165 1.1049
v  3.5346 61.8360 1.1609
v  3.4164 61.8499 1.2008
v  3.2767 61.8583 1.2248
v  3.1155 61.8611 1.2328
v  3.7603 61.6826 0.9486
v  3.7065 61.6826 1.0379
v  3.6313 61.6826 1.1110
v  3.5346 61.6826 1.1679
v  3.4164 61.6826 1.2085
v  -3.1387 61.8611 -0.0824
v  -3.1387 61.8583 -0.1110
v  -3.1065 62.0157 -0.0824
v  -3.1065 62.0105 -0.1357
v  -3.0527 62.1465 -0.0824
v  -3.0527 62.1393 -0.1567
v  -2.9775 62.2536 -0.0824
v  -2.9775 62.2446 -0.1738
v  -2.8808 62.3368 -0.0824
v  -2.8808 62.3266 -0.1871
v  -2.7626 62.3963 -0.0824
v  -2.7626 62.3851 -0.1966
v  -2.6229 62.4203 -0.2023
v  -3.1387 61.8499 -0.1357
v  -3.1065 61.9949 -0.1819
v  -3.0527 62.1175 -0.2210
v  -2.9775 62.2179 -0.2530
v  -2.8808 62.2959 -0.2778
v  -2.7626 62.3517 -0.2956
v  -2.6229 62.3851 -0.3063
v  -2.4617 62.3963 -0.3098
v  -3.1387 61.8360 -0.1567
v  -3.1065 61.9688 -0.2210
v  -3.0527 62.0813 -0.2754
v  -2.9775 62.1733 -0.3200
v  -2.8808 62.2448 -0.3546
v  -2.7626 62.2959 -0.3794
v  -2.6229 62.3266 -0.3942
v  -2.4617 62.3368 -0.3992
v  -3.1387 61.8165 -0.1738
v  -3.1065 61.9324 -0.2530
v  -3.0527 62.0306 -0.3200
v  -2.9775 62.1108 -0.3748
v  -2.8808 62.1733 -0.4174
v  -2.7626 62.2179 -0.4479
v  -2.6229 62.2447 -0.4662
v  -2.4617 62.2536 -0.4723
v  -3.1387 61.7914 -0.1871
v  -3.1065 61.8856 -0.2778
v  -3.0527 61.9653 -0.3546
v  -2.9775 62.0306 -0.4174
v  -2.8808 62.0813 -0.4663
v  -2.7626 62.1175 -0.5012
v  -2.6229 62.1393 -0.5221
v  -2.4617 62.1465 -0.5291
v  -3.1387 61.7607 -0.1966
v  -3.1065 61.8284 -0.2956
v  -3.0527 61.8856 -0.3794
v  -2.9775 61.9324 -0.4479
v  -2.8808 61.9688 -0.5012
v  -2.7626 61.9949 -0.5393
v  -2.6229 62.0105 -0.5621
v  -2.4617 62.0157 -0.5697
v  -3.1065 61.7607 -0.3063
v  -3.0527 61.7914 -0.3942
v  -2.9775 61.8165 -0.4662
v  -2.8808 61.8360 -0.5221
v  -2.7626 61.8499 -0.5621
v  -2.6229 61.8583 -0.5861
v  -2.4617 61.8611 -0.5941
v  -3.1065 61.6826 -0.3098
v  -3.0527 61.6826 -0.3992
v  -2.9775 61.6826 -0.4723
v  -2.8808 61.6826 -0.5291
v  -2.7626 61.6826 -0.5697
v  3.1155 61.8611 -0.5941
v  3.1533 61.8583 -0.5941
v  3.1155 62.0157 -0.5697
v  3.1860 62.0105 -0.5697
v  3.1155 62.1465 -0.5291
v  3.2137 62.1393 -0.5291
v  3.1155 62.2536 -0.4723
v  3.2364 62.2446 -0.4723
v  3.1155 62.3368 -0.3992
v  3.2540 62.3266 -0.3992
v  3.1155 62.3963 -0.3098
v  3.2666 62.3851 -0.3098
v  3.2742 62.4203 -0.2042
v  3.1860 61.8499 -0.5941
v  3.2472 61.9949 -0.5697
v  3.2989 62.1175 -0.5291
v  3.3412 62.2179 -0.4723
v  3.3741 62.2959 -0.3992
v  3.3976 62.3517 -0.3098
v  3.4117 62.3851 -0.2042
v  3.4164 62.3963 -0.0824
v  3.2137 61.8360 -0.5941
v  3.2989 61.9688 -0.5697
v  3.3709 62.0813 -0.5291
v  3.4298 62.1733 -0.4723
v  3.4757 62.2448 -0.3992
v  3.5084 62.2959 -0.3098
v  3.5281 62.3266 -0.2042
v  3.5346 62.3368 -0.0824
v  3.2364 61.8165 -0.5941
v  3.3412 61.9324 -0.5697
v  3.4298 62.0306 -0.5291
v  3.5024 62.1108 -0.4723
v  3.5588 62.1733 -0.3992
v  3.5991 62.2179 -0.3098
v  3.6233 62.2446 -0.2042
v  3.6313 62.2536 -0.0824
v  3.2540 61.7914 -0.5941
v  3.3741 61.8856 -0.5697
v  3.4757 61.9653 -0.5291
v  3.5588 62.0306 -0.4723
v  3.6234 62.0813 -0.3992
v  3.6696 62.1175 -0.3098
v  3.6973 62.1393 -0.2042
v  3.7065 62.1465 -0.0824
v  3.2666 61.7607 -0.5941
v  3.3976 61.8284 -0.5697
v  3.5084 61.8856 -0.5291
v  3.5991 61.9324 -0.4723
v  3.6696 61.9688 -0.3992
v  3.7200 61.9949 -0.3098
v  3.7502 62.0105 -0.2042
v  3.7603 62.0157 -0.0824
v  3.4117 61.7607 -0.5697
v  3.5281 61.7914 -0.5291
v  3.6233 61.8165 -0.4723
v  3.6973 61.8360 -0.3992
v  3.7502 61.8499 -0.3098
v  3.7819 61.8583 -0.2042
v  3.7925 61.8611 -0.0824
v  3.4164 61.6826 -0.5697
v  3.5346 61.6826 -0.5291
v  3.6313 61.6826 -0.4723
v  3.7065 61.6826 -0.3992
v  3.7603 61.6826 -0.3098
# 328 vertices

vn -0.0238 -0.6997 0.7140
vn -0.1059 -0.6896 0.7164
vn -0.2337 -0.6853 0.6897
vn -0.3786 -0.6817 0.6261
vn -0.5183 -0.6802 0.5183
vn -0.6261 -0.6817 0.3786
vn -0.6897 -0.6853 0.2337
vn -0.7165 -0.6895 0.1059
vn -0.7140 -0.6997 0.0238
vn -0.7140 -0.6997 -0.0238
vn -0.7165 -0.6895 -0.1059
vn -0.6897 -0.6853 -0.2337
vn -0.6261 -0.6817 -0.3786
vn -0.5183 -0.6802 -0.5183
vn -0.3786 -0.6817 -0.6261
vn -0.2337 -0.6853 -0.6897
vn -0.1059 -0.6896 -0.7164
vn -0.0238 -0.6997 -0.7140
vn 0.0238 -0.6997 -0.7140
vn 0.1059 -0.6896 -0.7164
vn 0.2337 -0.6853 -0.6897
vn 0.3786 -0.6817 -0.6261
vn 0.5183 -0.6802 -0.5183
vn 0.6261 -0.6817 -0.3786
vn 0.6897 -0.6853 -0.2337
vn 0.7165 -0.6895 -0.1059
vn 0.7140 -0.6997 -0.0238
vn 0.7140 -0.6997 0.0238
vn 0.7165 -0.6895 0.1059
vn 0.6897 -0.6853 0.2337
vn 0.6261 -0.6817 0.3786
vn 0.5183 -0.6802 0.5183
vn 0.3786 -0.6817 0.6261
vn 0.2337 -0.6853 0.6897
vn 0.1059 -0.6896 0.7164
vn 0.0238 -0.6997 0.7140
vn -0.0332 0.9989 0.0332
vn 0.0332 0.9989 0.0332
vn 0.0332 0.9989 -0.0332
vn -0.0332 0.9989 -0.0332
vn 0.0332 0.0332 0.9989
vn -0.0267 0.0267 0.9993
vn 0.9989 0.0332 -0.0332
vn 0.9993 0.0267 0.0267
vn -0.0332 0.0332 -0.9989
vn 0.0267 0.0267 -0.9993
vn -0.9989 0.0332 0.0332
vn -0.9993 0.0267 -0.0267
vn -0.1475 0.0214 0.9888
vn -0.1478 0.0050 0.9890
vn 0.9888 0.0214 0.1475
vn 0.9890 0.0050 0.1478
vn -0.9888 0.0214 -0.1475
vn -0.9890 0.0050 -0.1478
vn 0.1475 0.0214 -0.9888
vn 0.1478 0.0050 -0.9890
vn -0.0329 0.9888 0.1458
vn 0.0335 0.9887 0.1462
vn 0.1458 0.9888 0.0329
vn 0.1462 0.9887 -0.0335
vn 0.0329 0.9888 -0.1458
vn -0.0335 0.9887 -0.1462
vn -0.1458 0.9888 -0.0329
vn -0.1462 0.9887 0.0335
vn 0.1458 0.0329 0.9888
vn 0.9888 0.0329 -0.1458
vn -0.1458 0.0329 -0.9888
vn -0.0050 0.1478 0.9890
vn -0.0214 0.1475 0.9888
vn -0.0108 0.3228 0.9464
vn -0.0467 0.3198 0.9463
vn -0.0173 0.5192 0.8545
vn -0.0754 0.5133 0.8549
vn -0.0236 0.7082 0.7056
vn -0.1032 0.6999 0.7067
vn -0.0285 0.8560 0.5161
vn -0.1252 0.8463 0.5178
vn -0.0315 0.9468 0.3201
vn -0.1387 0.9366 0.3217
vn -0.1449 0.9785 0.1467
vn -0.0466 0.1396 0.9891
vn -0.1015 0.3022 0.9478
vn -0.1638 0.4858 0.8586
vn -0.2247 0.6645 0.7127
vn -0.2734 0.8064 0.5244
vn -0.3037 0.8949 0.3269
vn -0.3178 0.9363 0.1494
vn -0.3210 0.9465 0.0341
vn -0.0745 0.1243 0.9894
vn -0.1617 0.2688 0.9495
vn -0.2611 0.4331 0.8627
vn -0.3592 0.5947 0.7193
vn -0.4382 0.7247 0.5317
vn -0.4882 0.8068 0.3327
vn -0.5117 0.8455 0.1524
vn -0.5173 0.8551 0.0349
vn -0.1018 0.1018 0.9896
vn -0.2202 0.2202 0.9503
vn -0.3554 0.3554 0.8645
vn -0.4891 0.4892 0.7221
vn -0.5974 0.5974 0.5350
vn -0.6662 0.6662 0.3353
vn -0.6987 0.6987 0.1537
vn -0.7067 0.7067 0.0352
vn -0.1243 0.0745 0.9894
vn -0.2688 0.1617 0.9495
vn -0.4330 0.2610 0.8627
vn -0.5947 0.3591 0.7193
vn -0.7247 0.4383 0.5317
vn -0.8068 0.4882 0.3327
vn -0.8455 0.5117 0.1524
vn -0.8551 0.5173 0.0349
vn -0.1396 0.0466 0.9891
vn -0.3022 0.1015 0.9478
vn -0.4858 0.1638 0.8586
vn -0.6645 0.2247 0.7127
vn -0.8064 0.2734 0.5244
vn -0.8949 0.3037 0.3269
vn -0.9363 0.3178 0.1494
vn -0.9465 0.3210 0.0341
vn -0.3198 0.0467 0.9463
vn -0.5133 0.0754 0.8549
vn -0.6999 0.1032 0.7067
vn -0.8463 0.1252 0.5178
vn -0.9366 0.1387 0.3217
vn -0.9785 0.1449 0.1467
vn -0.9887 0.1462 0.0335
vn -0.3228 0.0108 0.9464
vn -0.5191 0.0173 0.8545
vn -0.7082 0.0236 0.7056
vn -0.8560 0.0285 0.5161
vn -0.9468 0.0315 0.3201
vn -0.9888 0.0329 0.1458
vn 0.9890 0.1478 0.0050
vn 0.9888 0.1475 0.0214
vn 0.9464 0.3228 0.0108
vn 0.9463 0.3198 0.0467
vn 0.8545 0.5192 0.0173
vn 0.8549 0.5133 0.0754
vn 0.7056 0.7082 0.0236
vn 0.7067 0.6999 0.1032
vn 0.5161 0.8560 0.0285
vn 0.5178 0.8463 0.1252
vn 0.3201 0.9468 0.0315
vn 0.3217 0.9366 0.1387
vn 0.1467 0.9785 0.1449
vn 0.9891 0.1396 0.0466
vn 0.9478 0.3022 0.1015
vn 0.8586 0.4858 0.1638
vn 0.7127 0.6645 0.2247
vn 0.5244 0.8064 0.2734
vn 0.3269 0.8949 0.3037
vn 0.1494 0.9363 0.3178
vn 0.0341 0.9465 0.3210
vn 0.9894 0.1243 0.0745
vn 0.9495 0.2688 0.1617
vn 0.8627 0.4331 0.2611
vn 0.7193 0.5947 0.3591
vn 0.5317 0.7247 0.4382
vn 0.3327 0.8068 0.4882
vn 0.1524 0.8455 0.5117
vn 0.0349 0.8551 0.5173
vn 0.9896 0.1018 0.1018
vn 0.9503 0.2202 0.2202
vn 0.8645 0.3554 0.3554
vn 0.7221 0.4892 0.4891
vn 0.5350 0.5974 0.5974
vn 0.3353 0.6662 0.6662
vn 0.1537 0.6987 0.6987
vn 0.0352 0.7067 0.7067
vn 0.9894 0.0745 0.1243
vn 0.9495 0.1617 0.2688
vn 0.8627 0.2610 0.4330
vn 0.7193 0.3591 0.5947
vn 0.5317 0.4382 0.7247
vn 0.3327 0.4882 0.8068
vn 0.1524 0.5117 0.8455
vn 0.0349 0.5173 0.8551
vn 0.9891 0.0466 0.1396
vn 0.9478 0.1015 0.3022
vn 0.8586 0.1638 0.4858
vn 0.7127 0.2247 0.6645
vn 0.5244 0.2734 0.8064
vn 0.3269 0.3037 0.8949
vn 0.1494 0.3178 0.9363
vn 0.0341 0.3210 0.9465
vn 0.9463 0.0467 0.3198
vn 0.8549 0.0754 0.5133
vn 0.7067 0.1032 0.6999
vn 0.5178 0.1252 0.8463
vn 0.3217 0.1387 0.9366
vn 0.1467 0.1449 0.9785
vn 0.0335 0.1462 0.9887
vn 0.9464 0.0108 0.3228
vn 0.8545 0.0173 0.5192
vn 0.7056 0.0236 0.7082
vn 0.5161 0.0285 0.8560
vn 0.3201 0.0315 0.9468
vn -0.9890 0.1478 -0.0050
vn -0.9888 0.1475 -0.0214
vn -0.9464 0.3228 -0.0108
vn -0.9463 0.3198 -0.0467
vn -0.8545 0.5192 -0.0173
vn -0.8549 0.5133 -0.0754
vn -0.7056 0.7082 -0.0236
vn -0.7067 0.6999 -0.1032
vn -0.5161 0.8560 -0.0285
vn -0.5178 0.8463 -0.1252
vn -0.3201 0.9468 -0.0315
vn -0.3217 0.9366 -0.1387
vn -0.1467 0.9785 -0.1449
vn -0.9891 0.1396 -0.0466
vn -0.9478 0.3022 -0.1015
vn -0.8586 0.4858 -0.1638
vn -0.7127 0.6645 -0.2247
vn -0.5244 0.8064 -0.2734
vn -0.3269 0.8949 -0.3037
vn -0.1494 0.9363 -0.3178
vn -0.0341 0.9465 -0.3210
vn -0.9894 0.1243 -0.0745
vn -0.9495 0.2688 -0.1617
vn -0.8627 0.4331 -0.2611
vn -0.7193 0.5947 -0.3591
vn -0.5317 0.7247 -0.4382
vn -0.3327 0.8068 -0.4882
vn -0.1524 0.8455 -0.5117
vn -0.0349 0.8551 -0.5173
vn -0.9896 0.1018 -0.1018
vn -0.9503 0.2202 -0.2202
vn -0.8645 0.3554 -0.3554
vn -0.7221 0.4892 -0.4891
vn -0.5350 0.5974 -0.5974
vn -0.3353 0.6662 -0.6662
vn -0.1537 0.6987 -0.6987
vn -0.0352 0.7067 -0.7067
vn -0.9894 0.0745 -0.1243
vn -0.9495 0.1617 -0.2688
vn -0.8627 0.2610 -0.4330
vn -0.7193 0.3591 -0.5947
vn -0.5317 0.4382 -0.7247
vn -0.3327 0.4882 -0.8068
vn -0.1524 0.5117 -0.8455
vn -0.0349 0.5173 -0.8551
vn -0.9891 0.0466 -0.1396
vn -0.9478 0.1015 -0.3022
vn -0.8586 0.1638 -0.4858
vn -0.7127 0.2247 -0.6645
vn -0.5244 0.2734 -0.8064
vn -0.3269 0.3037 -0.8949
vn -0.1494 0.3178 -0.9363
vn -0.0341 0.3210 -0.9465
vn -0.9463 0.0467 -0.3198
vn -0.8549 0.0754 -0.5133
vn -0.7067 0.1032 -0.6999
vn -0.5178 0.1252 -0.8463
vn -0.3217 0.1387 -0.9366
vn -0.1467 0.1449 -0.9785
vn -0.0335 0.1462 -0.9887
vn -0.9464 0.0108 -0.3228
vn -0.8545 0.0173 -0.5192
vn -0.7056 0.0236 -0.7082
vn -0.5161 0.0285 -0.8560
vn -0.3201 0.0315 -0.9468
vn 0.0050 0.1478 -0.9890
vn 0.0214 0.1475 -0.9888
vn 0.0108 0.3228 -0.9464
vn 0.0467 0.3198 -0.9463
vn 0.0173 0.5192 -0.8545
vn 0.0754 0.5133 -0.8549
vn 0.0236 0.7082 -0.7056
vn 0.1032 0.6999 -0.7067
vn 0.0285 0.8560 -0.5161
vn 0.1252 0.8463 -0.5178
vn 0.0315 0.9468 -0.3201
vn 0.1387 0.9366 -0.3217
vn 0.1449 0.9785 -0.1467
vn 0.0466 0.1396 -0.9891
vn 0.1015 0.3022 -0.9478
vn 0.1638 0.4858 -0.8586
vn 0.2247 0.6645 -0.7127
vn 0.2734 0.8064 -0.5244
vn 0.3037 0.8949 -0.3269
vn 0.3178 0.9363 -0.1494
vn 0.3210 0.9465 -0.0341
vn 0.0745 0.1243 -0.9894
vn 0.1617 0.2688 -0.9495
vn 0.2611 0.4331 -0.8627
vn 0.3592 0.5947 -0.7193
vn 0.4382 0.7247 -0.5317
vn 0.4882 0.8068 -0.3327
vn 0.5117 0.8455 -0.1524
vn 0.5173 0.8551 -0.0349
vn 0.1018 0.1018 -0.9896
vn 0.2202 0.2202 -0.9503
vn 0.3554 0.3554 -0.8645
vn 0.4891 0.4892 -0.7221
vn 0.5974 0.5974 -0.5350
vn 0.6662 0.6662 -0.3353
vn 0.6987 0.6987 -0.1537
vn 0.7067 0.7067 -0.0352
vn 0.1243 0.0745 -0.9894
vn 0.2688 0.1617 -0.9495
vn 0.4330 0.2610 -0.8627
vn 0.5947 0.3591 -0.7193
vn 0.7247 0.4383 -0.5317
vn 0.8068 0.4882 -0.3327
vn 0.8455 0.5117 -0.1524
vn 0.8551 0.5173 -0.0349
vn 0.1396 0.0466 -0.9891
vn 0.3022 0.1015 -0.9478
vn 0.4858 0.1638 -0.8586
vn 0.6645 0.2247 -0.7127
vn 0.8064 0.2734 -0.5244
vn 0.8949 0.3037 -0.3269
vn 0.9363 0.3178 -0.1494
vn 0.9465 0.3210 -0.0341
vn 0.3198 0.0467 -0.9463
vn 0.5133 0.0754 -0.8549
vn 0.6999 0.1032 -0.7067
vn 0.8463 0.1252 -0.5178
vn 0.9366 0.1387 -0.3217
vn 0.9785 0.1449 -0.1467
vn 0.9887 0.1462 -0.0335
vn 0.3228 0.0108 -0.9464
vn 0.5191 0.0173 -0.8545
vn 0.7082 0.0236 -0.7056
vn 0.8560 0.0285 -0.5161
vn 0.9468 0.0315 -0.3201
# 328 vertex normals

vt 0.9011 0.0000 0.0000
vt 0.9243 0.0044 0.0000
vt 0.9444 0.0176 0.0000
vt 0.9614 0.0397 0.0000
vt 0.9753 0.0705 0.0000
vt 0.9861 0.1102 0.0000
vt 0.9938 0.1586 0.0000
vt 0.9985 0.2159 0.0000
vt 1.0000 0.2820 0.0000
vt 1.0000 0.7180 0.0000
vt 0.9985 0.7841 0.0000
vt 0.9938 0.8414 0.0000
vt 0.9861 0.8898 0.0000
vt 0.9753 0.9295 0.0000
vt 0.9614 0.9603 0.0000
vt 0.9444 0.9824 0.0000
vt 0.9243 0.9956 0.0000
vt 0.9011 1.0000 0.0000
vt 0.0989 1.0000 0.0000
vt 0.0757 0.9956 0.0000
vt 0.0556 0.9824 0.0000
vt 0.0386 0.9603 0.0000
vt 0.0247 0.9295 0.0000
vt 0.0139 0.8898 0.0000
vt 0.0062 0.8414 0.0000
vt 0.0015 0.7841 0.0000
vt 0.0000 0.7180 0.0000
vt 0.0000 0.2820 0.0000
vt 0.0015 0.2159 0.0000
vt 0.0062 0.1586 0.0000
vt 0.0139 0.1102 0.0000
vt 0.0247 0.0705 0.0000
vt 0.0386 0.0397 0.0000
vt 0.0556 0.0176 0.0000
vt 0.0757 0.0044 0.0000
vt 0.0989 0.0000 0.0000
vt 0.0989 0.2820 0.0000
vt 0.9011 0.2820 0.0000
vt 0.9011 0.7180 0.0000
vt 0.0989 0.7180 0.0000
vt 0.9011 0.9876 0.0000
vt 0.0989 0.9876 0.0000
vt 0.2820 0.0000 0.0000
vt 0.7180 0.0000 0.0000
vt 0.7180 0.9876 0.0000
vt 0.2820 0.9876 0.0000
vt 0.0000 1.0000 0.0000
vt 0.0989 1.2636 0.0000
vt 0.0989 1.2291 0.0000
vt 0.9011 1.2291 0.0000
vt 0.9011 1.2636 0.0000
vt 0.2820 0.5888 0.0000
vt 0.2820 0.6387 0.0000
vt 0.7180 0.6387 0.0000
vt 0.7180 0.5888 0.0000
vt 0.0858 -0.0039 0.0000
vt 0.1103 -0.0034 0.0000
vt 0.1124 0.9842 0.0000
vt 0.0882 0.9837 0.0000
vt 0.9118 0.9837 0.0000
vt 0.8876 0.9842 0.0000
vt 0.8897 -0.0034 0.0000
vt 0.9142 -0.0039 0.0000
vt 0.2443 -0.0106 0.0000
vt 0.2261 -0.0092 0.0000
vt 0.2204 0.9786 0.0000
vt 0.2378 0.9773 0.0000
vt 0.0730 0.9914 0.0000
vt 0.0448 0.9966 0.0000
vt 0.0143 1.0032 0.0000
vt -0.0186 1.0113 0.0000
vt -0.0537 1.0207 0.0000
vt -0.0912 1.0315 0.0000
vt -0.1310 1.0438 0.0000
vt -0.1732 1.0574 0.0000
vt -0.1353 1.0420 0.0000
vt -0.1082 1.0243 0.0000
vt -0.0920 1.0044 0.0000
vt -0.0866 0.9824 0.0000
vt -0.0920 0.9581 0.0000
vt -0.1082 0.9316 0.0000
vt -0.1353 0.9029 0.0000
vt -0.1732 0.8720 0.0000
vt 0.2188 0.9928 0.0000
vt 0.1702 1.0022 0.0000
vt 0.1362 1.0157 0.0000
vt 0.1168 1.0334 0.0000
vt 0.1121 1.0552 0.0000
vt 0.1219 1.0813 0.0000
vt 0.1463 1.1115 0.0000
vt 0.1854 1.1458 0.0000
vt 0.1411 1.1107 0.0000
vt 0.1009 1.0783 0.0000
vt 0.0648 1.0486 0.0000
vt 0.0328 1.0215 0.0000
vt 0.0049 0.9971 0.0000
vt -0.0189 0.9755 0.0000
vt -0.0387 0.9565 0.0000
vt -0.0543 0.9402 0.0000
vt 0.0989 1.1946 0.0000
vt 0.9011 1.1946 0.0000
vt 0.0989 1.1601 0.0000
vt 0.9011 1.1601 0.0000
vt 0.0989 1.1256 0.0000
vt 0.9011 1.1256 0.0000
vt 0.0989 1.0911 0.0000
vt 0.9011 1.0911 0.0000
vt 0.0989 1.0566 0.0000
vt 0.9011 1.0566 0.0000
vt 0.0989 1.0221 0.0000
vt 0.9011 1.0221 0.0000
vt 0.2820 0.6885 0.0000
vt 0.7180 0.6885 0.0000
vt 0.2820 0.7384 0.0000
vt 0.7180 0.7384 0.0000
vt 0.2820 0.7882 0.0000
vt 0.7180 0.7882 0.0000
vt 0.2820 0.8381 0.0000
vt 0.7180 0.8381 0.0000
vt 0.2820 0.8879 0.0000
vt 0.7180 0.8879 0.0000
vt 0.2820 0.9378 0.0000
vt 0.7180 0.9378 0.0000
vt 0.1349 -0.0029 0.0000
vt 0.1366 0.9847 0.0000
vt 0.1594 -0.0024 0.0000
vt 0.1609 0.9852 0.0000
vt 0.1839 -0.0020 0.0000
vt 0.1851 0.9857 0.0000
vt 0.2084 -0.0015 0.0000
vt 0.2093 0.9862 0.0000
vt 0.2330 -0.0010 0.0000
vt 0.2336 0.9867 0.0000
vt 0.2575 -0.0005 0.0000
vt 0.2578 0.9871 0.0000
vt 0.8634 0.9847 0.0000
vt 0.8651 -0.0029 0.0000
vt 0.8391 0.9852 0.0000
vt 0.8406 -0.0024 0.0000
vt 0.8149 0.9857 0.0000
vt 0.8161 -0.0020 0.0000
vt 0.7907 0.9862 0.0000
vt 0.7916 -0.0015 0.0000
vt 0.7664 0.9867 0.0000
vt 0.7670 -0.0010 0.0000
vt 0.7422 0.9871 0.0000
vt 0.7425 -0.0005 0.0000
vt 0.2079 -0.0079 0.0000
vt 0.2031 0.9799 0.0000
vt 0.1898 -0.0066 0.0000
vt 0.1857 0.9812 0.0000
vt 0.1716 -0.0053 0.0000
vt 0.1684 0.9825 0.0000
vt 0.1534 -0.0040 0.0000
vt 0.1510 0.9838 0.0000
vt 0.1353 -0.0026 0.0000
vt 0.1336 0.9851 0.0000
vt 0.1171 -0.0013 0.0000
vt 0.1163 0.9863 0.0000
# 159 texture coords

o Box003
g Box003
usemtl wire_255255255
s 1
f 347/268/347 348/269/348 349/270/349 350/271/350 351/272/351 352/273/352 353/274/353 354/275/354 355/276/355 356/277/356 357/278/357 358/279/358 359/280/359 360/281/360 361/282/361 362/283/362 363/284/363 364/285/364 365/286/365 366/287/366 367/288/367 368/289/368 369/290/369 370/291/370 371/292/371 372/293/372 373/294/373 374/295/374 375/296/375 376/297/376 377/298/377 378/299/378 379/300/379 380/301/380 381/302/381 382/303/382 
s 2
f 383/304/383 384/305/384 385/306/385 386/307/386 
f 347/303/347 382/268/382 387/308/387 388/309/388 
f 374/310/374 373/311/373 389/312/389 390/313/390 
f 365/303/365 364/268/364 391/308/391 392/309/392 
f 356/310/356 355/311/355 393/312/393 394/313/394 
f 388/309/388 395/314/395 396/314/396 
f 390/313/390 397/314/397 398/314/398 
f 394/313/394 399/314/399 400/314/400 
f 392/309/392 401/314/401 402/314/402 
f 383/315/383 403/316/403 404/317/404 384/318/384 
f 384/319/384 405/320/405 406/321/406 385/322/385 
f 385/315/385 407/316/407 408/317/408 386/318/386 
f 386/319/386 409/320/409 410/321/410 383/322/383 
f 382/323/382 381/324/381 411/325/411 387/326/387 
f 388/327/388 396/328/396 348/329/348 347/330/347 
f 373/331/373 372/332/372 412/333/412 389/334/389 
f 364/323/364 363/324/363 413/325/413 391/326/391 
f 388/309/388 414/335/414 415/314/415 
f 414/335/414 416/336/416 417/314/417 415/314/415 
f 416/336/416 418/337/418 419/314/419 417/314/417 
f 418/337/418 420/338/420 421/314/421 419/314/419 
f 420/338/420 422/339/422 423/314/423 421/314/421 
f 422/339/422 424/340/424 425/314/425 423/314/423 
f 424/340/424 403/341/403 426/314/426 425/314/425 
f 403/341/403 383/342/383 410/343/410 426/314/426 
f 388/309/388 415/314/415 427/314/427 
f 415/314/415 417/314/417 428/314/428 427/314/427 
f 417/314/417 419/314/419 429/314/429 428/314/428 
f 419/314/419 421/314/421 430/314/430 429/314/429 
f 421/314/421 423/314/423 431/314/431 430/314/430 
f 423/314/423 425/314/425 432/314/432 431/314/431 
f 425/314/425 426/314/426 433/314/433 432/314/432 
f 426/314/426 410/343/410 434/344/434 433/314/433 
f 388/309/388 427/314/427 435/314/435 
f 427/314/427 428/314/428 436/314/436 435/314/435 
f 428/314/428 429/314/429 437/314/437 436/314/436 
f 429/314/429 430/314/430 438/314/438 437/314/437 
f 430/314/430 431/314/431 439/314/439 438/314/438 
f 431/314/431 432/314/432 440/314/440 439/314/439 
f 432/314/432 433/314/433 441/314/441 440/314/440 
f 433/314/433 434/344/434 442/345/442 441/314/441 
f 388/309/388 435/314/435 443/314/443 
f 435/314/435 436/314/436 444/314/444 443/314/443 
f 436/314/436 437/314/437 445/314/445 444/314/444 
f 437/314/437 438/314/438 446/314/446 445/314/445 
f 438/314/438 439/314/439 447/314/447 446/314/446 
f 439/314/439 440/314/440 448/314/448 447/314/447 
f 440/314/440 441/314/441 449/314/449 448/314/448 
f 441/314/441 442/345/442 450/346/450 449/314/449 
f 388/309/388 443/314/443 451/314/451 
f 443/314/443 444/314/444 452/314/452 451/314/451 
f 444/314/444 445/314/445 453/314/453 452/314/452 
f 445/314/445 446/314/446 454/314/454 453/314/453 
f 446/314/446 447/314/447 455/314/455 454/314/454 
f 447/314/447 448/314/448 456/314/456 455/314/455 
f 448/314/448 449/314/449 457/314/457 456/314/456 
f 449/314/449 450/346/450 458/347/458 457/314/457 
f 388/309/388 451/314/451 459/314/459 
f 451/314/451 452/314/452 460/314/460 459/314/459 
f 452/314/452 453/314/453 461/314/461 460/314/460 
f 453/314/453 454/314/454 462/314/462 461/314/461 
f 454/314/454 455/314/455 463/314/463 462/314/462 
f 455/314/455 456/314/456 464/314/464 463/314/463 
f 456/314/456 457/314/457 465/314/465 464/314/464 
f 457/314/457 458/347/458 466/348/466 465/314/465 
f 388/309/388 459/314/459 395/314/395 
f 459/314/459 460/314/460 467/314/467 395/314/395 
f 460/314/460 461/314/461 468/314/468 467/314/467 
f 461/314/461 462/314/462 469/314/469 468/314/468 
f 462/314/462 463/314/463 470/314/470 469/314/469 
f 463/314/463 464/314/464 471/314/471 470/314/470 
f 464/314/464 465/314/465 472/314/472 471/314/471 
f 465/314/465 466/348/466 473/349/473 472/314/472 
f 395/314/395 467/314/467 474/314/474 396/314/396 
f 467/314/467 468/314/468 475/314/475 474/314/474 
f 468/314/468 469/314/469 476/314/476 475/314/475 
f 469/314/469 470/314/470 477/314/477 476/314/476 
f 470/314/470 471/314/471 478/314/478 477/314/477 
f 471/314/471 472/314/472 479/314/479 478/314/478 
f 472/314/472 473/349/473 393/350/393 479/314/479 
f 390/313/390 480/351/480 481/314/481 
f 480/351/480 482/352/482 483/314/483 481/314/481 
f 482/352/482 484/353/484 485/314/485 483/314/483 
f 484/353/484 486/354/486 487/314/487 485/314/485 
f 486/354/486 488/355/488 489/314/489 487/314/487 
f 488/355/488 490/356/490 491/314/491 489/314/489 
f 490/356/490 405/357/405 492/314/492 491/314/491 
f 405/357/405 384/358/384 404/359/404 492/314/492 
f 390/313/390 481/314/481 493/314/493 
f 481/314/481 483/314/483 494/314/494 493/314/493 
f 483/314/483 485/314/485 495/314/495 494/314/494 
f 485/314/485 487/314/487 496/314/496 495/314/495 
f 487/314/487 489/314/489 497/314/497 496/314/496 
f 489/314/489 491/314/491 498/314/498 497/314/497 
f 491/314/491 492/314/492 499/314/499 498/314/498 
f 492/314/492 404/359/404 500/360/500 499/314/499 
f 390/313/390 493/314/493 501/314/501 
f 493/314/493 494/314/494 502/314/502 501/314/501 
f 494/314/494 495/314/495 503/314/503 502/314/502 
f 495/314/495 496/314/496 504/314/504 503/314/503 
f 496/314/496 497/314/497 505/314/505 504/314/504 
f 497/314/497 498/314/498 506/314/506 505/314/505 
f 498/314/498 499/314/499 507/314/507 506/314/506 
f 499/314/499 500/360/500 508/361/508 507/314/507 
f 390/313/390 501/314/501 509/314/509 
f 501/314/501 502/314/502 510/314/510 509/314/509 
f 502/314/502 503/314/503 511/314/511 510/314/510 
f 503/314/503 504/314/504 512/314/512 511/314/511 
f 504/314/504 505/314/505 513/314/513 512/314/512 
f 505/314/505 506/314/506 514/314/514 513/314/513 
f 506/314/506 507/314/507 515/314/515 514/314/514 
f 507/314/507 508/361/508 516/362/516 515/314/515 
f 390/313/390 509/314/509 517/314/517 
f 509/314/509 510/314/510 518/314/518 517/314/517 
f 510/314/510 511/314/511 519/314/519 518/314/518 
f 511/314/511 512/314/512 520/314/520 519/314/519 
f 512/314/512 513/314/513 521/314/521 520/314/520 
f 513/314/513 514/314/514 522/314/522 521/314/521 
f 514/314/514 515/314/515 523/314/523 522/314/522 
f 515/314/515 516/362/516 524/363/524 523/314/523 
f 390/313/390 517/314/517 525/314/525 
f 517/314/517 518/314/518 526/314/526 525/314/525 
f 518/314/518 519/314/519 527/314/527 526/314/526 
f 519/314/519 520/314/520 528/314/528 527/314/527 
f 520/314/520 521/314/521 529/314/529 528/314/528 
f 521/314/521 522/314/522 530/314/530 529/314/529 
f 522/314/522 523/314/523 531/314/531 530/314/530 
f 523/314/523 524/363/524 532/364/532 531/314/531 
f 390/313/390 525/314/525 397/314/397 
f 525/314/525 526/314/526 533/314/533 397/314/397 
f 526/314/526 527/314/527 534/314/534 533/314/533 
f 527/314/527 528/314/528 535/314/535 534/314/534 
f 528/314/528 529/314/529 536/314/536 535/314/535 
f 529/314/529 530/314/530 537/314/537 536/314/536 
f 530/314/530 531/314/531 538/314/538 537/314/537 
f 531/314/531 532/364/532 539/365/539 538/314/538 
f 397/314/397 533/314/533 540/314/540 398/314/398 
f 533/314/533 534/314/534 541/314/541 540/314/540 
f 534/314/534 535/314/535 542/314/542 541/314/541 
f 535/314/535 536/314/536 543/314/543 542/314/542 
f 536/314/536 537/314/537 544/314/544 543/314/543 
f 537/314/537 538/314/538 411/314/411 544/314/544 
f 538/314/538 539/365/539 387/366/387 411/314/411 
f 394/313/394 545/351/545 546/314/546 
f 545/351/545 547/352/547 548/314/548 546/314/546 
f 547/352/547 549/353/549 550/314/550 548/314/548 
f 549/353/549 551/354/551 552/314/552 550/314/550 
f 551/354/551 553/355/553 554/314/554 552/314/552 
f 553/355/553 555/356/555 556/314/556 554/314/554 
f 555/356/555 409/357/409 557/314/557 556/314/556 
f 409/357/409 386/358/386 408/359/408 557/314/557 
f 394/313/394 546/314/546 558/314/558 
f 546/314/546 548/314/548 559/314/559 558/314/558 
f 548/314/548 550/314/550 560/314/560 559/314/559 
f 550/314/550 552/314/552 561/314/561 560/314/560 
f 552/314/552 554/314/554 562/314/562 561/314/561 
f 554/314/554 556/314/556 563/314/563 562/314/562 
f 556/314/556 557/314/557 564/314/564 563/314/563 
f 557/314/557 408/359/408 565/360/565 564/314/564 
f 394/313/394 558/314/558 566/314/566 
f 558/314/558 559/314/559 567/314/567 566/314/566 
f 559/314/559 560/314/560 568/314/568 567/314/567 
f 560/314/560 561/314/561 569/314/569 568/314/568 
f 561/314/561 562/314/562 570/314/570 569/314/569 
f 562/314/562 563/314/563 571/314/571 570/314/570 
f 563/314/563 564/314/564 572/314/572 571/314/571 
f 564/314/564 565/360/565 573/361/573 572/314/572 
f 394/313/394 566/314/566 574/314/574 
f 566/314/566 567/314/567 575/314/575 574/314/574 
f 567/314/567 568/314/568 576/314/576 575/314/575 
f 568/314/568 569/314/569 577/314/577 576/314/576 
f 569/314/569 570/314/570 578/314/578 577/314/577 
f 570/314/570 571/314/571 579/314/579 578/314/578 
f 571/314/571 572/314/572 580/314/580 579/314/579 
f 572/314/572 573/361/573 581/362/581 580/314/580 
f 394/313/394 574/314/574 582/314/582 
f 574/314/574 575/314/575 583/314/583 582/314/582 
f 575/314/575 576/314/576 584/314/584 583/314/583 
f 576/314/576 577/314/577 585/314/585 584/314/584 
f 577/314/577 578/314/578 586/314/586 585/314/585 
f 578/314/578 579/314/579 587/314/587 586/314/586 
f 579/314/579 580/314/580 588/314/588 587/314/587 
f 580/314/580 581/362/581 589/363/589 588/314/588 
f 394/313/394 582/314/582 590/314/590 
f 582/314/582 583/314/583 591/314/591 590/314/590 
f 583/314/583 584/314/584 592/314/592 591/314/591 
f 584/314/584 585/314/585 593/314/593 592/314/592 
f 585/314/585 586/314/586 594/314/594 593/314/593 
f 586/314/586 587/314/587 595/314/595 594/314/594 
f 587/314/587 588/314/588 596/314/596 595/314/595 
f 588/314/588 589/363/589 597/364/597 596/314/596 
f 394/313/394 590/314/590 399/314/399 
f 590/314/590 591/314/591 598/314/598 399/314/399 
f 591/314/591 592/314/592 599/314/599 598/314/598 
f 592/314/592 593/314/593 600/314/600 599/314/599 
f 593/314/593 594/314/594 601/314/601 600/314/600 
f 594/314/594 595/314/595 602/314/602 601/314/601 
f 595/314/595 596/314/596 603/314/603 602/314/602 
f 596/314/596 597/364/597 604/365/604 603/314/603 
f 399/314/399 598/314/598 605/314/605 400/314/400 
f 598/314/598 599/314/599 606/314/606 605/314/605 
f 599/314/599 600/314/600 607/314/607 606/314/606 
f 600/314/600 601/314/601 608/314/608 607/314/607 
f 601/314/601 602/314/602 609/314/609 608/314/608 
f 602/314/602 603/314/603 413/314/413 609/314/609 
f 603/314/603 604/365/604 391/366/391 413/314/413 
f 392/309/392 610/335/610 611/314/611 
f 610/335/610 612/336/612 613/314/613 611/314/611 
f 612/336/612 614/337/614 615/314/615 613/314/613 
f 614/337/614 616/338/616 617/314/617 615/314/615 
f 616/338/616 618/339/618 619/314/619 617/314/617 
f 618/339/618 620/340/620 621/314/621 619/314/619 
f 620/340/620 407/341/407 622/314/622 621/314/621 
f 407/341/407 385/342/385 406/343/406 622/314/622 
f 392/309/392 611/314/611 623/314/623 
f 611/314/611 613/314/613 624/314/624 623/314/623 
f 613/314/613 615/314/615 625/314/625 624/314/624 
f 615/314/615 617/314/617 626/314/626 625/314/625 
f 617/314/617 619/314/619 627/314/627 626/314/626 
f 619/314/619 621/314/621 628/314/628 627/314/627 
f 621/314/621 622/314/622 629/314/629 628/314/628 
f 622/314/622 406/343/406 630/344/630 629/314/629 
f 392/309/392 623/314/623 631/314/631 
f 623/314/623 624/314/624 632/314/632 631/314/631 
f 624/314/624 625/314/625 633/314/633 632/314/632 
f 625/314/625 626/314/626 634/314/634 633/314/633 
f 626/314/626 627/314/627 635/314/635 634/314/634 
f 627/314/627 628/314/628 636/314/636 635/314/635 
f 628/314/628 629/314/629 637/314/637 636/314/636 
f 629/314/629 630/344/630 638/345/638 637/314/637 
f 392/309/392 631/314/631 639/314/639 
f 631/314/631 632/314/632 640/314/640 639/314/639 
f 632/314/632 633/314/633 641/314/641 640/314/640 
f 633/314/633 634/314/634 642/314/642 641/314/641 
f 634/314/634 635/314/635 643/314/643 642/314/642 
f 635/314/635 636/314/636 644/314/644 643/314/643 
f 636/314/636 637/314/637 645/314/645 644/314/644 
f 637/314/637 638/345/638 646/346/646 645/314/645 
f 392/309/392 639/314/639 647/314/647 
f 639/314/639 640/314/640 648/314/648 647/314/647 
f 640/314/640 641/314/641 649/314/649 648/314/648 
f 641/314/641 642/314/642 650/314/650 649/314/649 
f 642/314/642 643/314/643 651/314/651 650/314/650 
f 643/314/643 644/314/644 652/314/652 651/314/651 
f 644/314/644 645/314/645 653/314/653 652/314/652 
f 645/314/645 646/346/646 654/347/654 653/314/653 
f 392/309/392 647/314/647 655/314/655 
f 647/314/647 648/314/648 656/314/656 655/314/655 
f 648/314/648 649/314/649 657/314/657 656/314/656 
f 649/314/649 650/314/650 658/314/658 657/314/657 
f 650/314/650 651/314/651 659/314/659 658/314/658 
f 651/314/651 652/314/652 660/314/660 659/314/659 
f 652/314/652 653/314/653 661/314/661 660/314/660 
f 653/314/653 654/347/654 662/348/662 661/314/661 
f 392/309/392 655/314/655 401/314/401 
f 655/314/655 656/314/656 663/314/663 401/314/401 
f 656/314/656 657/314/657 664/314/664 663/314/663 
f 657/314/657 658/314/658 665/314/665 664/314/664 
f 658/314/658 659/314/659 666/314/666 665/314/665 
f 659/314/659 660/314/660 667/314/667 666/314/666 
f 660/314/660 661/314/661 668/314/668 667/314/667 
f 661/314/661 662/348/662 669/349/669 668/314/668 
f 401/314/401 663/314/663 670/314/670 402/314/402 
f 663/314/663 664/314/664 671/314/671 670/314/670 
f 664/314/664 665/314/665 672/314/672 671/314/671 
f 665/314/665 666/314/666 673/314/673 672/314/672 
f 666/314/666 667/314/667 674/314/674 673/314/673 
f 667/314/667 668/314/668 412/314/412 674/314/674 
f 668/314/668 669/349/669 389/350/389 412/314/412 
f 403/316/403 424/367/424 500/368/500 404/317/404 
f 424/367/424 422/369/422 508/370/508 500/368/500 
f 422/369/422 420/371/420 516/372/516 508/370/508 
f 420/371/420 418/373/418 524/374/524 516/372/516 
f 418/373/418 416/375/416 532/376/532 524/374/524 
f 416/375/416 414/377/414 539/378/539 532/376/532 
f 414/377/414 388/309/388 387/308/387 539/378/539 
f 405/320/405 490/379/490 630/380/630 406/321/406 
f 490/379/490 488/381/488 638/382/638 630/380/630 
f 488/381/488 486/383/486 646/384/646 638/382/638 
f 486/383/486 484/385/484 654/386/654 646/384/646 
f 484/385/484 482/387/482 662/388/662 654/386/654 
f 482/387/482 480/389/480 669/390/669 662/388/662 
f 480/389/480 390/313/390 389/312/389 669/390/669 
f 407/316/407 620/367/620 565/368/565 408/317/408 
f 620/367/620 618/369/618 573/370/573 565/368/565 
f 618/369/618 616/371/616 581/372/581 573/370/573 
f 616/371/616 614/373/614 589/374/589 581/372/581 
f 614/373/614 612/375/612 597/376/597 589/374/589 
f 612/375/612 610/377/610 604/378/604 597/376/597 
f 610/377/610 392/309/392 391/308/391 604/378/604 
f 409/320/409 555/379/555 434/380/434 410/321/410 
f 555/379/555 553/381/553 442/382/442 434/380/434 
f 553/381/553 551/383/551 450/384/450 442/382/442 
f 551/383/551 549/385/549 458/386/458 450/384/450 
f 549/385/549 547/387/547 466/388/466 458/386/458 
f 547/387/547 545/389/545 473/390/473 466/388/466 
f 545/389/545 394/313/394 393/312/393 473/390/473 
f 381/324/381 380/391/380 544/392/544 411/325/411 
f 380/391/380 379/393/379 543/394/543 544/392/544 
f 379/393/379 378/395/378 542/396/542 543/394/543 
f 378/395/378 377/397/377 541/398/541 542/396/542 
f 377/397/377 376/399/376 540/400/540 541/398/541 
f 376/399/376 375/401/375 398/402/398 540/400/540 
f 375/401/375 374/310/374 390/313/390 398/402/398 
f 396/328/396 474/403/474 349/404/349 348/329/348 
f 474/403/474 475/405/475 350/406/350 349/404/349 
f 475/405/475 476/407/476 351/408/351 350/406/350 
f 476/407/476 477/409/477 352/410/352 351/408/351 
f 477/409/477 478/411/478 353/412/353 352/410/352 
f 478/411/478 479/413/479 354/414/354 353/412/353 
f 479/413/479 393/312/393 355/311/355 354/414/354 
f 372/332/372 371/415/371 674/416/674 412/333/412 
f 371/415/371 370/417/370 673/418/673 674/416/674 
f 370/417/370 369/419/369 672/420/672 673/418/673 
f 369/419/369 368/421/368 671/422/671 672/420/672 
f 368/421/368 367/423/367 670/424/670 671/422/671 
f 367/423/367 366/425/366 402/426/402 670/424/670 
f 366/425/366 365/303/365 392/309/392 402/426/402 
f 363/324/363 362/391/362 609/392/609 413/325/413 
f 362/391/362 361/393/361 608/394/608 609/392/609 
f 361/393/361 360/395/360 607/396/607 608/394/608 
f 360/395/360 359/397/359 606/398/606 607/396/607 
f 359/397/359 358/399/358 605/400/605 606/398/606 
f 358/399/358 357/401/357 400/402/400 605/400/605 
f 357/401/357 356/310/356 394/313/394 400/402/400 
# 294 polygons - 32 triangles

#
# object Box008
#

v  9.5222 40.6016 13.0592
v  9.5222 59.2823 13.0592
v  -8.7175 59.2823 13.2112
v  -8.7175 40.6016 13.2112
v  -7.7107 57.7232 12.2389
v  8.4994 57.7232 12.1039
v  8.4994 42.1607 12.1039
v  -7.7107 42.1607 12.2389
v  -8.7448 59.2823 9.9335
v  -8.7448 40.6016 9.9335
v  9.4949 59.2823 9.7815
v  9.4949 40.6016 9.7815
v  -7.7299 42.1607 9.9250
v  -7.7299 57.7232 9.9250
v  8.4801 57.7232 9.7899
v  8.4801 42.1607 9.7899
# 16 vertices

vn -0.5774 -0.5774 -0.5774
vn 0.5774 -0.5774 -0.5774
vn 0.5774 -0.5774 0.5774
vn -0.5774 -0.5774 0.5774
vn -0.5774 0.5774 -0.5774
vn -0.5774 0.5774 0.5774
vn 0.5774 0.5774 0.5774
vn 0.5774 0.5774 -0.5774
vn 0.3015 0.9045 -0.3015
vn -0.3015 0.9045 -0.3015
vn -0.3015 0.9045 0.3015
vn 0.3015 0.9045 0.3015
# 12 vertex normals

vt 1.0000 1.0000 0.0000
vt 0.0000 1.0000 0.0000
vt 0.0000 0.0000 0.0000
vt 1.0000 0.0000 0.0000
# 4 texture coords

o Box008
g Box008
usemtl wire_255255255
s 2
f 675/427/675 676/428/676 677/429/677 678/430/678 
s 4
f 679/430/679 680/427/680 681/428/681 682/429/682 
s 8
f 683/427/681 684/428/680 678/429/678 677/430/677 
s 16
f 685/427/682 683/428/681 677/429/677 676/430/676 
s 32
f 675/430/675 686/427/679 685/428/682 676/429/676 
s 64
f 686/428/679 675/429/675 678/430/678 684/427/680 
s off
f 687/429/683 684/429/680 683/430/681 688/430/684 
f 685/427/682 689/427/685 688/430/684 683/430/681 
f 689/427/685 685/427/682 686/428/679 690/428/686 
f 684/429/680 687/429/683 690/428/686 686/428/679 
f 687/429/683 688/430/684 679/430/679 682/429/682 
f 689/427/685 680/427/680 679/430/679 688/430/684 
f 690/428/686 681/428/681 680/427/680 689/427/685 
f 682/429/682 681/428/681 690/428/686 687/429/683 
# 14 polygons

#
# object Loft001
#

v  -8.6998 46.4350 11.3284
v  -9.0554 46.5088 11.3313
v  -9.0529 46.5175 11.4076
v  -8.6985 46.4439 11.4046
v  -8.7020 46.4099 11.2598
v  -9.0612 46.4844 11.2628
v  -9.0698 46.4464 11.2048
v  -8.7052 46.3709 11.2017
v  -9.0806 46.3973 11.1600
v  -8.7089 46.3205 11.1569
v  -9.0932 46.3393 11.1311
v  -8.7132 46.2611 11.1280
v  -8.7177 46.1950 11.1177
v  -9.1071 46.2749 11.1210
v  -8.7221 46.1289 11.1280
v  -9.1207 46.2104 11.1314
v  -8.7259 46.0694 11.1570
v  -9.1329 46.1525 11.1604
v  -9.1430 46.1034 11.2054
v  -8.7289 46.0191 11.2019
v  -8.7310 45.9801 11.2601
v  -9.1506 46.0654 11.2636
v  -9.1552 46.0409 11.3322
v  -8.7321 45.9550 11.3286
v  -8.7321 45.9461 11.4049
v  -9.1565 46.0322 11.4084
v  -9.1540 46.0409 11.4847
v  -8.7309 45.9550 11.4811
v  -8.7286 45.9801 11.5497
v  -9.1482 46.0654 11.5532
v  -9.1396 46.1034 11.6112
v  -8.7255 46.0191 11.6077
v  -9.1287 46.1525 11.6560
v  -8.7217 46.0694 11.6526
v  -9.1161 46.2104 11.6849
v  -8.7175 46.1289 11.6815
v  -8.7129 46.1950 11.6918
v  -9.1023 46.2749 11.6950
v  -8.7086 46.2611 11.6815
v  -9.0886 46.3393 11.6846
v  -8.7048 46.3205 11.6525
v  -9.0765 46.3973 11.6556
v  -9.0664 46.4464 11.6106
v  -8.7018 46.3709 11.6075
v  -8.6996 46.4099 11.5494
v  -9.0588 46.4844 11.5524
v  -9.0541 46.5088 11.4838
v  -8.6985 46.4350 11.4809
v  -9.3567 46.6558 11.4101
v  -9.3606 46.6477 11.3339
v  -9.3703 46.6250 11.2654
v  -9.3850 46.5898 11.2074
v  -9.4037 46.5442 11.1627
v  -9.4255 46.4904 11.1339
v  -9.4497 46.4306 11.1238
v  -9.4737 46.3708 11.1343
v  -9.4950 46.3170 11.1634
v  -9.5130 46.2714 11.2085
v  -9.5267 46.2362 11.2667
v  -9.5352 46.2135 11.3353
v  -9.5378 46.2054 11.4116
v  -9.5340 46.2135 11.4878
v  -9.5243 46.2362 11.5563
v  -9.5096 46.2714 11.6143
v  -9.4909 46.3170 11.6590
v  -9.4690 46.3708 11.6878
v  -9.4449 46.4306 11.6979
v  -9.4209 46.4904 11.6874
v  -9.3995 46.5442 11.6583
v  -9.3816 46.5898 11.6132
v  -9.3679 46.6250 11.5550
v  -9.3593 46.6477 11.4864
v  -9.6201 46.8508 11.3360
v  -9.6149 46.8578 11.4122
v  -9.6336 46.8311 11.2676
v  -9.6542 46.8004 11.2097
v  -9.6805 46.7608 11.1650
v  -9.7114 46.7141 11.1363
v  -9.7456 46.6621 11.1263
v  -9.7795 46.6101 11.1368
v  -9.8100 46.5634 11.1660
v  -9.8356 46.5238 11.2112
v  -9.8551 46.4932 11.2694
v  -9.8675 46.4734 11.3381
v  -9.8715 46.4664 11.4144
v  -9.8662 46.4734 11.4906
v  -9.8527 46.4932 11.5590
v  -9.8322 46.5238 11.6170
v  -9.8058 46.5634 11.6617
v  -9.7749 46.6101 11.6904
v  -9.7408 46.6621 11.7003
v  -9.7068 46.7141 11.6898
v  -9.6764 46.7608 11.6606
v  -9.6508 46.8004 11.6155
v  -9.6312 46.8311 11.5572
v  -9.6188 46.8508 11.4885
v  -9.8392 47.1210 11.3379
v  -9.8329 47.1266 11.4141
v  -9.8559 47.1052 11.2694
v  -9.8813 47.0806 11.2115
v  -9.9139 47.0488 11.1669
v  -9.9522 47.0112 11.1383
v  -9.9947 46.9695 11.1284
v  -10.0369 46.9277 11.1390
v  -10.0748 46.8902 11.1683
v  -10.1067 46.8583 11.2134
v  -10.1311 46.8337 11.2717
v  -10.1466 46.8179 11.3404
v  -10.1517 46.8123 11.4167
v  -10.1454 46.8179 11.4929
v  -10.1287 46.8337 11.5613
v  -10.1033 46.8583 11.6192
v  -10.0706 46.8902 11.6639
v  -10.0323 46.9277 11.6925
v  -9.9899 46.9695 11.7024
v  -9.9476 47.0112 11.6918
v  -9.9098 47.0488 11.6625
v  -9.8779 47.0806 11.6173
v  -9.8534 47.1052 11.5590
v  -9.8379 47.1210 11.4904
v  -10.0136 47.4687 11.4156
v  -10.0208 47.4645 11.3394
v  -10.0396 47.4528 11.2710
v  -10.0684 47.4347 11.2131
v  -10.1054 47.4112 11.1685
v  -10.1489 47.3834 11.1399
v  -10.1970 47.3526 11.1301
v  -10.2450 47.3218 11.1407
v  -10.2880 47.2941 11.1700
v  -10.3243 47.2706 11.2152
v  -10.3521 47.2524 11.2736
v  -10.3698 47.2407 11.3423
v  -10.3756 47.2366 11.4186
v  -10.3685 47.2407 11.4948
v  -10.3497 47.2524 11.5632
v  -10.3209 47.2706 11.6210
v  -10.2839 47.2941 11.6656
v  -10.2404 47.3218 11.6942
v  -10.1923 47.3526 11.7041
v  -10.1443 47.3834 11.6934
v  -10.1013 47.4112 11.6641
v  -10.0650 47.4347 11.6189
v  -10.0372 47.4528 11.5606
v  -10.0195 47.4645 11.4919
v  -10.1637 47.8864 11.3406
v  -10.1561 47.8892 11.4168
v  -10.1839 47.8786 11.2722
v  -10.2147 47.8664 11.2143
v  -10.2544 47.8507 11.1698
v  -10.3010 47.8322 11.1412
v  -10.3527 47.8116 11.1314
v  -10.4042 47.7910 11.1420
v  -10.4503 47.7725 11.1714
v  -10.4892 47.7568 11.2166
v  -10.5191 47.7446 11.2750
v  -10.5381 47.7368 11.3437
v  -10.5444 47.7341 11.4200
v  -10.5368 47.7368 11.4962
v  -10.5167 47.7446 11.5646
v  -10.4858 47.7568 11.6224
v  -10.4461 47.7725 11.6670
v  -10.3995 47.7910 11.6956
v  -10.3479 47.8116 11.7054
v  -10.2964 47.8322 11.6947
v  -10.2503 47.8507 11.6654
v  -10.2113 47.8664 11.6201
v  -10.1815 47.8786 11.5618
v  -10.1624 47.8864 11.4931
v  -10.2559 48.4464 11.4176
v  -10.2638 48.4451 11.3414
v  -10.2847 48.4414 11.2730
v  -10.3167 48.4357 11.2152
v  -10.3578 48.4283 11.1706
v  -10.4062 48.4196 11.1421
v  -10.4598 48.4099 11.1322
v  -10.5133 48.4002 11.1430
v  -10.5612 48.3915 11.1723
v  -10.6016 48.3841 11.2176
v  -10.6327 48.3784 11.2759
v  -10.6524 48.3747 11.3446
v  -10.6590 48.3734 11.4209
v  -10.6511 48.3747 11.4971
v  -10.6302 48.3784 11.5655
v  -10.5982 48.3841 11.6234
v  -10.5571 48.3915 11.6679
v  -10.5087 48.4002 11.6965
v  -10.4551 48.4099 11.7063
v  -10.4016 48.4196 11.6956
v  -10.3537 48.4283 11.6662
v  -10.3133 48.4357 11.6210
v  -10.2822 48.4414 11.5626
v  -10.2625 48.4451 11.4939
v  -10.3206 49.1730 11.3419
v  -10.3127 49.1735 11.4181
v  -10.3416 49.1716 11.2735
v  -10.3739 49.1696 11.2157
v  -10.4154 49.1669 11.1711
v  -10.4642 49.1637 11.1425
v  -10.5183 49.1602 11.1327
v  -10.5722 49.1566 11.1434
v  -10.6204 49.1535 11.1728
v  -10.6612 49.1508 11.2180
v  -10.6925 49.1487 11.2764
v  -10.7124 49.1474 11.3451
v  -10.7191 49.1469 11.4214
v  -10.7112 49.1474 11.4976
v  -10.6901 49.1487 11.5660
v  -10.6578 49.1508 11.6238
v  -10.6163 49.1535 11.6684
v  -10.5675 49.1566 11.6970
v  -10.5135 49.1602 11.7068
v  -10.4596 49.1637 11.6961
v  -10.4113 49.1669 11.6667
v  -10.3705 49.1696 11.6215
v  -10.3392 49.1716 11.5631
v  -10.3193 49.1730 11.4944
v  -10.3320 49.9824 11.3420
v  -10.3241 49.9822 11.4182
v  -10.3531 49.9828 11.2736
v  -10.3854 49.9834 11.2157
v  -10.4270 49.9842 11.1712
v  -10.4758 49.9852 11.1426
v  -10.5299 49.9863 11.1328
v  -10.5839 49.9874 11.1435
v  -10.6322 49.9883 11.1729
v  -10.6730 49.9891 11.2181
v  -10.7044 49.9898 11.2765
v  -10.7243 49.9902 11.3452
v  -10.7310 49.9903 11.4215
v  -10.7230 49.9902 11.4977
v  -10.7019 49.9898 11.5661
v  -10.6696 49.9891 11.6239
v  -10.6281 49.9883 11.6685
v  -10.5793 49.9874 11.6971
v  -10.5251 49.9863 11.7069
v  -10.4712 49.9852 11.6962
v  -10.4228 49.9842 11.6668
v  -10.3820 49.9834 11.6215
v  -10.3507 49.9828 11.5632
v  -10.3307 49.9824 11.4945
v  -10.2996 50.7919 11.3417
v  -10.2917 50.7911 11.4179
v  -10.3206 50.7940 11.2733
v  -10.3528 50.7972 11.2155
v  -10.3942 50.8015 11.1709
v  -10.4429 50.8065 11.1424
v  -10.4969 50.8120 11.1326
v  -10.5506 50.8176 11.1433
v  -10.5988 50.8226 11.1726
v  -10.6395 50.8268 11.2179
v  -10.6707 50.8301 11.2762
v  -10.6906 50.8322 11.3449
v  -10.6972 50.8330 11.4213
v  -10.6893 50.8322 11.4975
v  -10.6683 50.8301 11.5658
v  -10.6361 50.8268 11.6237
v  -10.5947 50.8226 11.6682
v  -10.5460 50.8176 11.6968
v  -10.4921 50.8120 11.7066
v  -10.4383 50.8065 11.6959
v  -10.3901 50.8015 11.6665
v  -10.3494 50.7972 11.6213
v  -10.3182 50.7940 11.5629
v  -10.2983 50.7919 11.4942
v  -10.2258 51.5202 11.3411
v  -10.2180 51.5187 11.4173
v  -10.2467 51.5245 11.2727
v  -10.2785 51.5311 11.2149
v  -10.3195 51.5398 11.1703
v  -10.3677 51.5499 11.1417
v  -10.4211 51.5612 11.1319
v  -10.4743 51.5725 11.1426
v  -10.5220 51.5827 11.1720
v  -10.5623 51.5913 11.2172
v  -10.5932 51.5980 11.2756
v  -10.6129 51.6023 11.3443
v  -10.6194 51.6038 11.4206
v  -10.6116 51.6023 11.4968
v  -10.5908 51.5980 11.5652
v  -10.5589 51.5913 11.6230
v  -10.5179 51.5827 11.6676
v  -10.4697 51.5725 11.6961
v  -10.4163 51.5612 11.7060
v  -10.3631 51.5499 11.6953
v  -10.3154 51.5398 11.6659
v  -10.2752 51.5311 11.6207
v  -10.2442 51.5245 11.5623
v  -10.2246 51.5202 11.4936
v  -10.1165 52.0807 11.3402
v  -10.1089 52.0778 11.4164
v  -10.1365 52.0887 11.2718
v  -10.1673 52.1012 11.2139
v  -10.2068 52.1174 11.1694
v  -10.2532 52.1365 11.1408
v  -10.3047 52.1577 11.1310
v  -10.3560 52.1790 11.1416
v  -10.4019 52.1980 11.1710
v  -10.4407 52.2142 11.2162
v  -10.4705 52.2267 11.2746
v  -10.4894 52.2348 11.3433
v  -10.4957 52.2376 11.4196
v  -10.4881 52.2348 11.4958
v  -10.4681 52.2267 11.5642
v  -10.4373 52.2142 11.6220
v  -10.3978 52.1980 11.6666
v  -10.3514 52.1790 11.6952
v  -10.2999 52.1577 11.7050
v  -10.2486 52.1365 11.6943
v  -10.2027 52.1174 11.6650
v  -10.1639 52.1012 11.6197
v  -10.1341 52.0887 11.5614
v  -10.1152 52.0807 11.4927
v  -9.9713 52.5019 11.3390
v  -9.9642 52.4977 11.4152
v  -9.9901 52.5136 11.2706
v  -10.0188 52.5318 11.2127
v  -10.0558 52.5554 11.1681
v  -10.0992 52.5833 11.1395
v  -10.1473 52.6142 11.1296
v  -10.1952 52.6452 11.1403
v  -10.2381 52.6730 11.1696
v  -10.2743 52.6966 11.2148
v  -10.3021 52.7148 11.2732
v  -10.3198 52.7265 11.3419
v  -10.3256 52.7307 11.4182
v  -10.3185 52.7265 11.4944
v  -10.2997 52.7148 11.5628
v  -10.2709 52.6966 11.6206
v  -10.2340 52.6730 11.6652
v  -10.1906 52.6452 11.6938
v  -10.1425 52.6142 11.7037
v  -10.0946 52.5833 11.6930
v  -10.0516 52.5554 11.6637
v  -10.0154 52.5318 11.6185
v  -9.9876 52.5136 11.5602
v  -9.9700 52.5019 11.4915
v  -9.7912 52.8434 11.3375
v  -9.7849 52.8378 11.4137
v  -9.8079 52.8592 11.2690
v  -9.8334 52.8836 11.2112
v  -9.8662 52.9153 11.1665
v  -9.9046 52.9526 11.1379
v  -9.9472 52.9941 11.1280
v  -9.9896 53.0357 11.1386
v  -10.0275 53.0730 11.1679
v  -10.0595 53.1046 11.2130
v  -10.0840 53.1291 11.2713
v  -10.0996 53.1449 11.3400
v  -10.1047 53.1505 11.4163
v  -10.0983 53.1449 11.4925
v  -10.0816 53.1291 11.5609
v  -10.0561 53.1046 11.6188
v  -10.0234 53.0730 11.6635
v  -9.9849 53.0357 11.6921
v  -9.9424 52.9941 11.7020
v  -9.9000 52.9526 11.6914
v  -9.8620 52.9153 11.6621
v  -9.8300 52.8836 11.6169
v  -9.8055 52.8592 11.5586
v  -9.7899 52.8434 11.4900
v  -9.5778 53.1100 11.3357
v  -9.5725 53.1030 11.4119
v  -9.5914 53.1296 11.2672
v  -9.6121 53.1600 11.2093
v  -9.6387 53.1994 11.1646
v  -9.6699 53.2459 11.1359
v  -9.7044 53.2975 11.1260
v  -9.7387 53.3492 11.1365
v  -9.7693 53.3957 11.1657
v  -9.7952 53.4351 11.2108
v  -9.8149 53.4655 11.2691
v  -9.8274 53.4851 11.3378
v  -9.8314 53.4921 11.4141
v  -9.8262 53.4851 11.4903
v  -9.8125 53.4655 11.5587
v  -9.7918 53.4351 11.6166
v  -9.7652 53.3957 11.6613
v  -9.7340 53.3492 11.6900
v  -9.6996 53.2975 11.7000
v  -9.6653 53.2459 11.6894
v  -9.6346 53.1994 11.6602
v  -9.6088 53.1600 11.6151
v  -9.5890 53.1296 11.5568
v  -9.5765 53.1100 11.4882
v  -9.3288 53.3078 11.3336
v  -9.3249 53.2998 11.4098
v  -9.3386 53.3305 11.2651
v  -9.3534 53.3656 11.2072
v  -9.3723 53.4111 11.1624
v  -9.3944 53.4647 11.1336
v  -9.4189 53.5244 11.1236
v  -9.4431 53.5841 11.1340
v  -9.4647 53.6377 11.1632
v  -9.4829 53.6832 11.2082
v  -9.4967 53.7183 11.2664
v  -9.5054 53.7410 11.3351
v  -9.5080 53.7490 11.4114
v  -9.5041 53.7410 11.4876
v  -9.4943 53.7183 11.5560
v  -9.4795 53.6832 11.6140
v  -9.4606 53.6377 11.6588
v  -9.4385 53.5841 11.6876
v  -9.4141 53.5244 11.6976
v  -9.3898 53.4647 11.6871
v  -9.3682 53.4111 11.6580
v  -9.3501 53.3656 11.6129
v  -9.3362 53.3305 11.5547
v  -9.3276 53.3078 11.4861
v  -9.0391 53.4406 11.3312
v  -9.0367 53.4319 11.4074
v  -9.0449 53.4651 11.2627
v  -9.0535 53.5031 11.2047
v  -9.0643 53.5522 11.1598
v  -9.0769 53.6102 11.1310
v  -9.0907 53.6747 11.1208
v  -9.1043 53.7392 11.1312
v  -9.1164 53.7972 11.1603
v  -9.1265 53.8464 11.2053
v  -9.1340 53.8843 11.2634
v  -9.1387 53.9088 11.3320
v  -9.1399 53.9175 11.4083
v  -9.1374 53.9088 11.4845
v  -9.1316 53.8843 11.5530
v  -9.1231 53.8464 11.6111
v  -9.1122 53.7972 11.6559
v  -9.0997 53.7392 11.6847
v  -9.0859 53.6747 11.6949
v  -9.0723 53.6102 11.6845
v  -9.0602 53.5522 11.6554
v  -9.0501 53.5031 11.6105
v  -9.0425 53.4651 11.5523
v  -9.0379 53.4406 11.4837
v  -8.7036 53.5084 11.3284
v  -8.7024 53.4995 11.4046
v  -8.7057 53.5335 11.2599
v  -8.7085 53.5725 11.2018
v  -8.7119 53.6229 11.1569
v  -8.7157 53.6823 11.1280
v  -8.7198 53.7485 11.1178
v  -8.7237 53.8147 11.1280
v  -8.7270 53.8741 11.1570
v  -8.7297 53.9246 11.2020
v  -8.7315 53.9635 11.2601
v  -8.7324 53.9886 11.3286
v  -8.7323 53.9975 11.4049
v  -8.7312 53.9886 11.4811
v  -8.7291 53.9635 11.5497
v  -8.7263 53.9246 11.6078
v  -8.7229 53.8741 11.6526
v  -8.7191 53.8147 11.6816
v  -8.7150 53.7485 11.6918
v  -8.7111 53.6823 11.6815
v  -8.7078 53.6229 11.6525
v  -8.7051 53.5725 11.6076
v  -8.7033 53.5335 11.5495
v  -8.7023 53.5084 11.4809
# 456 vertices

vn 0.6202 0.1875 -0.7617
vn 0.9311 0.2667 -0.2489
vn 0.9661 -0.0000 -0.2583
vn 0.6444 0.0000 -0.7647
vn 0.5503 0.3597 -0.7535
vn 0.8313 0.5095 -0.2221
vn 0.6780 0.7124 -0.1810
vn 0.4422 0.5067 -0.7401
vn 0.4803 0.8677 -0.1281
vn 0.3008 0.6234 -0.7217
vn 0.2465 0.9669 -0.0656
vn 0.1296 0.7029 -0.6994
vn -0.0611 0.7350 -0.6753
vn -0.0077 1.0000 0.0021
vn -0.2550 0.7146 -0.6514
vn -0.2608 0.9629 0.0693
vn -0.4345 0.6435 -0.6301
vn -0.4916 0.8610 0.1305
vn -0.6857 0.7048 0.1819
vn -0.5873 0.5299 -0.6118
vn -0.7067 0.3798 -0.5969
vn -0.8356 0.5028 0.2215
vn -0.9327 0.2626 0.2471
vn -0.7850 0.1991 -0.5866
vn -0.8124 0.0000 -0.5831
vn -0.9667 0.0000 0.2560
vn -0.9327 -0.2626 0.2471
vn -0.7850 -0.1991 -0.5866
vn -0.7067 -0.3798 -0.5969
vn -0.8356 -0.5028 0.2215
vn -0.6857 -0.7048 0.1819
vn -0.5873 -0.5299 -0.6118
vn -0.4916 -0.8610 0.1305
vn -0.4345 -0.6435 -0.6301
vn -0.2608 -0.9629 0.0693
vn -0.2550 -0.7146 -0.6514
vn -0.0611 -0.7350 -0.6753
vn -0.0077 -1.0000 0.0021
vn 0.1296 -0.7029 -0.6994
vn 0.2465 -0.9669 -0.0656
vn 0.3008 -0.6234 -0.7217
vn 0.4803 -0.8677 -0.1281
vn 0.6780 -0.7124 -0.1810
vn 0.4422 -0.5067 -0.7401
vn 0.5503 -0.3597 -0.7535
vn 0.8313 -0.5095 -0.2221
vn 0.9311 -0.2667 -0.2489
vn 0.6202 -0.1875 -0.7617
vn 0.8955 -0.0000 -0.4450
vn 0.8630 0.2673 -0.4288
vn 0.7701 0.5104 -0.3826
vn 0.6276 0.7134 -0.3118
vn 0.4441 0.8684 -0.2206
vn 0.2274 0.9672 -0.1129
vn -0.0080 1.0000 0.0040
vn -0.2423 0.9627 0.1203
vn -0.4558 0.8608 0.2263
vn -0.6355 0.7048 0.3154
vn -0.7743 0.5028 0.3843
vn -0.8643 0.2627 0.4290
vn -0.8957 -0.0000 0.4446
vn -0.8643 -0.2627 0.4290
vn -0.7743 -0.5028 0.3843
vn -0.6355 -0.7048 0.3154
vn -0.4558 -0.8608 0.2263
vn -0.2423 -0.9627 0.1203
vn -0.0080 -1.0000 0.0040
vn 0.2274 -0.9672 -0.1129
vn 0.4441 -0.8684 -0.2206
vn 0.6276 -0.7134 -0.3118
vn 0.7701 -0.5104 -0.3826
vn 0.8630 -0.2673 -0.4288
vn 0.7508 0.2674 -0.6040
vn 0.7792 0.0000 -0.6268
vn 0.6699 0.5107 -0.5389
vn 0.5458 0.7137 -0.4391
vn 0.3861 0.8686 -0.3106
vn 0.1975 0.9673 -0.1589
vn -0.0072 1.0000 0.0058
vn -0.2109 0.9627 0.1697
vn -0.3965 0.8608 0.3191
vn -0.5527 0.7048 0.4447
vn -0.6735 0.5028 0.5419
vn -0.7517 0.2627 0.6049
vn -0.7791 0.0000 0.6269
vn -0.7517 -0.2627 0.6049
vn -0.6735 -0.5028 0.5419
vn -0.5527 -0.7048 0.4447
vn -0.3965 -0.8608 0.3191
vn -0.2109 -0.9627 0.1697
vn -0.0072 -1.0000 0.0058
vn 0.1975 -0.9673 -0.1589
vn 0.3861 -0.8686 -0.3106
vn 0.5458 -0.7137 -0.4391
vn 0.6699 -0.5107 -0.5389
vn 0.7508 -0.2674 -0.6040
vn 0.6056 0.2671 -0.7496
vn 0.6285 0.0000 -0.7778
vn 0.5405 0.5102 -0.6690
vn 0.4405 0.7132 -0.5453
vn 0.3117 0.8682 -0.3860
vn 0.1597 0.9672 -0.1977
vn -0.0055 1.0000 0.0068
vn -0.1699 0.9628 0.2104
vn -0.3196 0.8609 0.3959
vn -0.4456 0.7048 0.5520
vn -0.5429 0.5028 0.6727
vn -0.6060 0.2626 0.7509
vn -0.6280 -0.0000 0.7782
vn -0.6060 -0.2626 0.7509
vn -0.5429 -0.5028 0.6727
vn -0.4456 -0.7048 0.5520
vn -0.3196 -0.8609 0.3959
vn -0.1699 -0.9628 0.2104
vn -0.0055 -1.0000 0.0068
vn 0.1597 -0.9672 -0.1977
vn 0.3117 -0.8682 -0.3860
vn 0.4405 -0.7132 -0.5453
vn 0.5405 -0.5102 -0.6690
vn 0.6056 -0.2671 -0.7496
vn 0.4663 0.0000 -0.8846
vn 0.4494 0.2665 -0.8526
vn 0.4013 0.5093 -0.7613
vn 0.3273 0.7122 -0.6210
vn 0.2319 0.8675 -0.4401
vn 0.1191 0.9668 -0.2260
vn -0.0036 1.0000 0.0068
vn -0.1257 0.9630 0.2386
vn -0.2371 0.8611 0.4499
vn -0.3307 0.7049 0.6276
vn -0.4029 0.5028 0.7648
vn -0.4498 0.2626 0.8537
vn -0.4661 0.0000 0.8847
vn -0.4498 -0.2626 0.8537
vn -0.4029 -0.5028 0.7648
vn -0.3307 -0.7049 0.6276
vn -0.2371 -0.8611 0.4499
vn -0.1257 -0.9630 0.2386
vn -0.0036 -1.0000 0.0068
vn 0.1191 -0.9668 -0.2260
vn 0.2319 -0.8675 -0.4401
vn 0.3273 -0.7122 -0.6210
vn 0.4013 -0.5093 -0.7613
vn 0.4494 -0.2665 -0.8526
vn 0.2897 0.2664 -0.9193
vn 0.3006 0.0000 -0.9538
vn 0.2587 0.5092 -0.8209
vn 0.2111 0.7121 -0.6696
vn 0.1497 0.8674 -0.4746
vn 0.0769 0.9668 -0.2438
vn -0.0022 1.0000 0.0072
vn -0.0810 0.9630 0.2571
vn -0.1529 0.8611 0.4849
vn -0.2134 0.7049 0.6765
vn -0.2601 0.5028 0.8243
vn -0.2904 0.2626 0.9202
vn -0.3010 -0.0000 0.9536
vn -0.2904 -0.2626 0.9202
vn -0.2601 -0.5028 0.8243
vn -0.2134 -0.7049 0.6765
vn -0.1529 -0.8611 0.4849
vn -0.0810 -0.9630 0.2571
vn -0.0022 -1.0000 0.0072
vn 0.0769 -0.9668 -0.2438
vn 0.1497 -0.8674 -0.4746
vn 0.2111 -0.7121 -0.6696
vn 0.2587 -0.5092 -0.8209
vn 0.2897 -0.2664 -0.9193
vn 0.1554 -0.0000 -0.9879
vn 0.1498 0.2653 -0.9524
vn 0.1339 0.5073 -0.8513
vn 0.1094 0.7102 -0.6955
vn 0.0777 0.8659 -0.4941
vn 0.0401 0.9660 -0.2553
vn -0.0009 1.0000 0.0051
vn -0.0417 0.9635 0.2646
vn -0.0788 0.8616 0.5014
vn -0.1101 0.7053 0.7003
vn -0.1342 0.5030 0.8538
vn -0.1497 0.2627 0.9532
vn -0.1552 0.0000 0.9879
vn -0.1497 -0.2627 0.9532
vn -0.1342 -0.5030 0.8538
vn -0.1101 -0.7053 0.7003
vn -0.0788 -0.8616 0.5014
vn -0.0417 -0.9635 0.2646
vn -0.0009 -1.0000 0.0051
vn 0.0401 -0.9660 -0.2553
vn 0.0777 -0.8659 -0.4941
vn 0.1094 -0.7102 -0.6955
vn 0.1339 -0.5073 -0.8513
vn 0.1498 -0.2653 -0.9524
vn 0.0544 0.2646 -0.9628
vn 0.0564 -0.0000 -0.9984
vn 0.0487 0.5062 -0.8611
vn 0.0398 0.7089 -0.7041
vn 0.0283 0.8650 -0.5010
vn 0.0147 0.9655 -0.2599
vn -0.0002 1.0000 0.0033
vn -0.0150 0.9639 0.2660
vn -0.0285 0.8622 0.5058
vn -0.0398 0.7058 0.7073
vn -0.0485 0.5034 0.8627
vn -0.0542 0.2629 0.9633
vn -0.0562 0.0000 0.9984
vn -0.0542 -0.2629 0.9633
vn -0.0485 -0.5034 0.8627
vn -0.0398 -0.7058 0.7073
vn -0.0285 -0.8622 0.5058
vn -0.0150 -0.9639 0.2660
vn -0.0002 -1.0000 0.0033
vn 0.0147 -0.9655 -0.2599
vn 0.0283 -0.8650 -0.5010
vn 0.0398 -0.7089 -0.7041
vn 0.0487 -0.5062 -0.8611
vn 0.0544 -0.2646 -0.9628
vn -0.0153 0.2644 -0.9643
vn -0.0159 -0.0000 -0.9999
vn -0.0137 0.5059 -0.8625
vn -0.0112 0.7086 -0.7055
vn -0.0080 0.8647 -0.5022
vn -0.0041 0.9654 -0.2608
vn 0.0000 1.0000 0.0028
vn 0.0042 0.9640 0.2660
vn 0.0081 0.8623 0.5063
vn 0.0113 0.7060 0.7082
vn 0.0137 0.5035 0.8639
vn 0.0153 0.2630 0.9647
vn 0.0159 0.0000 0.9999
vn 0.0153 -0.2630 0.9647
vn 0.0137 -0.5035 0.8639
vn 0.0113 -0.7060 0.7082
vn 0.0081 -0.8623 0.5063
vn 0.0042 -0.9640 0.2660
vn 0.0000 -1.0000 0.0028
vn -0.0041 -0.9654 -0.2608
vn -0.0080 -0.8647 -0.5022
vn -0.0112 -0.7086 -0.7055
vn -0.0137 -0.5059 -0.8625
vn -0.0153 -0.2644 -0.9643
vn -0.0833 0.2646 -0.9608
vn -0.0863 -0.0000 -0.9963
vn -0.0744 0.5061 -0.8593
vn -0.0609 0.7089 -0.7027
vn -0.0433 0.8649 -0.5001
vn -0.0225 0.9655 -0.2595
vn 0.0003 1.0000 0.0031
vn 0.0230 0.9639 0.2653
vn 0.0437 0.8622 0.5046
vn 0.0610 0.7058 0.7057
vn 0.0744 0.5034 0.8608
vn 0.0831 0.2630 0.9612
vn 0.0861 -0.0000 0.9963
vn 0.0831 -0.2630 0.9612
vn 0.0744 -0.5034 0.8608
vn 0.0610 -0.7058 0.7057
vn 0.0437 -0.8622 0.5046
vn 0.0230 -0.9639 0.2653
vn 0.0003 -1.0000 0.0031
vn -0.0225 -0.9655 -0.2595
vn -0.0433 -0.8649 -0.5001
vn -0.0609 -0.7089 -0.7027
vn -0.0744 -0.5061 -0.8593
vn -0.0833 -0.2646 -0.9608
vn -0.1721 0.2652 -0.9487
vn -0.1785 -0.0000 -0.9839
vn -0.1539 0.5071 -0.8481
vn -0.1257 0.7099 -0.6930
vn -0.0893 0.8657 -0.4925
vn -0.0462 0.9659 -0.2547
vn 0.0009 1.0000 0.0047
vn 0.0478 0.9635 0.2633
vn 0.0905 0.8617 0.4992
vn 0.1265 0.7054 0.6975
vn 0.1541 0.5031 0.8504
vn 0.1721 0.2627 0.9494
vn 0.1783 0.0000 0.9840
vn 0.1721 -0.2627 0.9494
vn 0.1541 -0.5031 0.8504
vn 0.1265 -0.7054 0.6975
vn 0.0905 -0.8617 0.4992
vn 0.0478 -0.9635 0.2633
vn 0.0009 -1.0000 0.0047
vn -0.0462 -0.9659 -0.2547
vn -0.0893 -0.8657 -0.4925
vn -0.1257 -0.7099 -0.6930
vn -0.1539 -0.5071 -0.8481
vn -0.1721 -0.2652 -0.9487
vn -0.3012 0.2662 -0.9157
vn -0.3125 0.0000 -0.9499
vn -0.2690 0.5087 -0.8178
vn -0.2196 0.7116 -0.6674
vn -0.1557 0.8671 -0.4732
vn -0.0801 0.9666 -0.2434
vn 0.0021 1.0000 0.0067
vn 0.0841 0.9631 0.2558
vn 0.1589 0.8612 0.4828
vn 0.2217 0.7049 0.6737
vn 0.2703 0.5028 0.8211
vn 0.3017 0.2626 0.9165
vn 0.3127 -0.0000 0.9499
vn 0.3017 -0.2626 0.9165
vn 0.2703 -0.5028 0.8211
vn 0.2217 -0.7049 0.6737
vn 0.1589 -0.8612 0.4828
vn 0.0841 -0.9631 0.2558
vn 0.0021 -1.0000 0.0067
vn -0.0801 -0.9666 -0.2434
vn -0.1557 -0.8671 -0.4732
vn -0.2196 -0.7116 -0.6674
vn -0.2690 -0.5087 -0.8178
vn -0.3012 -0.2662 -0.9157
vn -0.4515 0.2664 -0.8516
vn -0.4685 0.0000 -0.8835
vn -0.4032 0.5090 -0.7605
vn -0.3289 0.7119 -0.6205
vn -0.2332 0.8673 -0.4398
vn -0.1198 0.9667 -0.2261
vn 0.0035 1.0000 0.0065
vn 0.1262 0.9630 0.2381
vn 0.2381 0.8611 0.4492
vn 0.3321 0.7049 0.6267
vn 0.4047 0.5028 0.7638
vn 0.4517 0.2626 0.8526
vn 0.4682 0.0000 0.8836
vn 0.4517 -0.2626 0.8526
vn 0.4047 -0.5028 0.7638
vn 0.3321 -0.7049 0.6267
vn 0.2381 -0.8611 0.4492
vn 0.1262 -0.9630 0.2381
vn 0.0035 -1.0000 0.0065
vn -0.1198 -0.9667 -0.2261
vn -0.2332 -0.8673 -0.4398
vn -0.3289 -0.7119 -0.6205
vn -0.4032 -0.5090 -0.7605
vn -0.4515 -0.2664 -0.8516
vn -0.6028 0.2670 -0.7519
vn -0.6255 -0.0000 -0.7802
vn -0.5380 0.5100 -0.6711
vn -0.4385 0.7130 -0.5471
vn -0.3104 0.8681 -0.3874
vn -0.1591 0.9671 -0.1986
vn 0.0054 1.0000 0.0067
vn 0.1690 0.9628 0.2109
vn 0.3181 0.8609 0.3971
vn 0.4434 0.7048 0.5537
vn 0.5403 0.5028 0.6748
vn 0.6031 0.2626 0.7532
vn 0.6250 -0.0000 0.7806
vn 0.6031 -0.2626 0.7532
vn 0.5403 -0.5028 0.6748
vn 0.4434 -0.7048 0.5537
vn 0.3181 -0.8609 0.3971
vn 0.1690 -0.9628 0.2109
vn 0.0054 -1.0000 0.0067
vn -0.1591 -0.9671 -0.1986
vn -0.3104 -0.8681 -0.3874
vn -0.4385 -0.7130 -0.5471
vn -0.5380 -0.5100 -0.6711
vn -0.6028 -0.2670 -0.7519
vn -0.7468 0.2674 -0.6089
vn -0.7750 0.0000 -0.6319
vn -0.6663 0.5107 -0.5433
vn -0.5429 0.7136 -0.4427
vn -0.3840 0.8686 -0.3132
vn -0.1965 0.9673 -0.1602
vn 0.0072 1.0000 0.0059
vn 0.2098 0.9627 0.1711
vn 0.3944 0.8608 0.3217
vn 0.5497 0.7048 0.4484
vn 0.6698 0.5028 0.5464
vn 0.7477 0.2627 0.6099
vn 0.7749 -0.0000 0.6321
vn 0.7477 -0.2627 0.6099
vn 0.6698 -0.5028 0.5464
vn 0.5497 -0.7048 0.4484
vn 0.3944 -0.8608 0.3217
vn 0.2098 -0.9627 0.1711
vn 0.0072 -1.0000 0.0058
vn -0.1965 -0.9673 -0.1602
vn -0.3840 -0.8686 -0.3132
vn -0.5429 -0.7136 -0.4427
vn -0.6663 -0.5107 -0.5433
vn -0.7468 -0.2674 -0.6089
vn -0.8609 0.2674 -0.4328
vn -0.8934 0.0000 -0.4492
vn -0.7682 0.5106 -0.3862
vn -0.6260 0.7135 -0.3147
vn -0.4429 0.8685 -0.2226
vn -0.2266 0.9673 -0.1139
vn 0.0082 1.0000 0.0041
vn 0.2418 0.9627 0.1215
vn 0.4548 0.8608 0.2285
vn 0.6339 0.7048 0.3185
vn 0.7724 0.5028 0.3880
vn 0.8622 0.2627 0.4331
vn 0.8936 -0.0000 0.4489
vn 0.8622 -0.2627 0.4331
vn 0.7724 -0.5028 0.3880
vn 0.6339 -0.7048 0.3185
vn 0.4548 -0.8608 0.2285
vn 0.2418 -0.9627 0.1215
vn 0.0082 -1.0000 0.0041
vn -0.2266 -0.9673 -0.1139
vn -0.4429 -0.8685 -0.2226
vn -0.6260 -0.7135 -0.3147
vn -0.7682 -0.5106 -0.3862
vn -0.8609 -0.2674 -0.4328
vn -0.9313 0.2668 -0.2479
vn -0.9663 -0.0000 -0.2573
vn -0.8314 0.5098 -0.2212
vn -0.6779 0.7127 -0.1802
vn -0.4801 0.8679 -0.1275
vn -0.2462 0.9670 -0.0653
vn 0.0080 1.0000 0.0022
vn 0.2611 0.9628 0.0691
vn 0.4919 0.8609 0.1299
vn 0.6859 0.7048 0.1810
vn 0.8359 0.5027 0.2204
vn 0.9330 0.2626 0.2459
vn 0.9670 0.0000 0.2548
vn 0.9330 -0.2626 0.2459
vn 0.8359 -0.5027 0.2204
vn 0.6859 -0.7048 0.1810
vn 0.4919 -0.8609 0.1299
vn 0.2611 -0.9628 0.0691
vn 0.0080 -1.0000 0.0022
vn -0.2462 -0.9670 -0.0653
vn -0.4801 -0.8679 -0.1275
vn -0.6779 -0.7127 -0.1802
vn -0.8314 -0.5098 -0.2212
vn -0.9313 -0.2668 -0.2479
vn -0.6255 0.1871 -0.7575
vn -0.6496 -0.0000 -0.7602
vn -0.5558 0.3591 -0.7498
vn -0.4479 0.5061 -0.7371
vn -0.3067 0.6229 -0.7197
vn -0.1356 0.7026 -0.6985
vn 0.0553 0.7350 -0.6758
vn 0.2494 0.7149 -0.6533
vn 0.4293 0.6440 -0.6332
vn 0.5825 0.5304 -0.6159
vn 0.7022 0.3803 -0.6019
vn 0.7807 0.1994 -0.5922
vn 0.8082 -0.0000 -0.5889
vn 0.7807 -0.1994 -0.5922
vn 0.7022 -0.3803 -0.6019
vn 0.5825 -0.5304 -0.6159
vn 0.4293 -0.6440 -0.6332
vn 0.2494 -0.7149 -0.6533
vn 0.0553 -0.7350 -0.6758
vn -0.1356 -0.7026 -0.6985
vn -0.3067 -0.6229 -0.7197
vn -0.4479 -0.5061 -0.7371
vn -0.5558 -0.3591 -0.7498
vn -0.6255 -0.1871 -0.7575
# 456 vertex normals

vt 0.0000 0.0000 0.0000
# 1 texture coords

o Loft001
g Loft001
usemtl wire_000000000
s 257
f 691/431/687 692/431/688 693/431/689 694/431/690 
s 515
f 695/431/691 696/431/692 692/431/688 691/431/687 
s 1026
f 697/431/693 696/431/692 695/431/691 698/431/694 
s 514
f 699/431/695 697/431/693 698/431/694 700/431/696 
s 1026
f 701/431/697 699/431/695 700/431/696 702/431/698 
s 514
f 702/431/698 703/431/699 704/431/700 701/431/697 
s 1026
f 703/431/699 705/431/701 706/431/702 704/431/700 
s 514
f 707/431/703 708/431/704 706/431/702 705/431/701 
s 1026
f 709/431/705 708/431/704 707/431/703 710/431/706 
s 514
f 710/431/706 711/431/707 712/431/708 709/431/705 
s 1026
f 713/431/709 712/431/708 711/431/707 714/431/710 
s 514
f 715/431/711 716/431/712 713/431/709 714/431/710 
s 1026
f 717/431/713 716/431/712 715/431/711 718/431/714 
s 514
f 718/431/714 719/431/715 720/431/716 717/431/713 
s 1026
f 721/431/717 720/431/716 719/431/715 722/431/718 
s 514
f 723/431/719 721/431/717 722/431/718 724/431/720 
s 1026
f 725/431/721 723/431/719 724/431/720 726/431/722 
s 514
f 726/431/722 727/431/723 728/431/724 725/431/721 
s 1026
f 727/431/723 729/431/725 730/431/726 728/431/724 
s 514
f 731/431/727 732/431/728 730/431/726 729/431/725 
s 1026
f 733/431/729 732/431/728 731/431/727 734/431/730 
s 514
f 734/431/730 735/431/731 736/431/732 733/431/729 
s 1026
f 737/431/733 736/431/732 735/431/731 738/431/734 
s 515
f 694/431/690 693/431/689 737/431/733 738/431/734 
s 264
f 739/431/735 693/431/689 692/431/688 740/431/736 
s 536
f 740/431/736 692/431/688 696/431/692 741/431/737 
s 1040
f 741/431/737 696/431/692 697/431/693 742/431/738 
s 528
f 742/431/738 697/431/693 699/431/695 743/431/739 
s 1040
f 744/431/740 743/431/739 699/431/695 701/431/697 
s 528
f 704/431/700 745/431/741 744/431/740 701/431/697 
s 1040
f 746/431/742 745/431/741 704/431/700 706/431/702 
s 528
f 708/431/704 747/431/743 746/431/742 706/431/702 
s 1040
f 709/431/705 748/431/744 747/431/743 708/431/704 
s 528
f 748/431/744 709/431/705 712/431/708 749/431/745 
s 1040
f 750/431/746 749/431/745 712/431/708 713/431/709 
s 528
f 751/431/747 750/431/746 713/431/709 716/431/712 
s 1040
f 751/431/747 716/431/712 717/431/713 752/431/748 
s 528
f 720/431/716 753/431/749 752/431/748 717/431/713 
s 1040
f 753/431/749 720/431/716 721/431/717 754/431/750 
s 528
f 754/431/750 721/431/717 723/431/719 755/431/751 
s 1040
f 725/431/721 756/431/752 755/431/751 723/431/719 
s 528
f 756/431/752 725/431/721 728/431/724 757/431/753 
s 1040
f 758/431/754 757/431/753 728/431/724 730/431/726 
s 528
f 758/431/754 730/431/726 732/431/728 759/431/755 
s 1040
f 732/431/728 733/431/729 760/431/756 759/431/755 
s 528
f 760/431/756 733/431/729 736/431/732 761/431/757 
s 1040
f 737/431/733 762/431/758 761/431/757 736/431/732 
s 536
f 739/431/735 762/431/758 737/431/733 693/431/689 
s 257
f 740/431/736 763/431/759 764/431/760 739/431/735 
s 515
f 765/431/761 763/431/759 740/431/736 741/431/737 
s 1026
f 742/431/738 766/431/762 765/431/761 741/431/737 
s 514
f 766/431/762 742/431/738 743/431/739 767/431/763 
s 1026
f 768/431/764 767/431/763 743/431/739 744/431/740 
s 514
f 744/431/740 745/431/741 769/431/765 768/431/764 
s 1026
f 769/431/765 745/431/741 746/431/742 770/431/766 
s 514
f 770/431/766 746/431/742 747/431/743 771/431/767 
s 1026
f 748/431/744 772/431/768 771/431/767 747/431/743 
s 514
f 748/431/744 749/431/745 773/431/769 772/431/768 
s 1026
f 773/431/769 749/431/745 750/431/746 774/431/770 
s 514
f 774/431/770 750/431/746 751/431/747 775/431/771 
s 1026
f 776/431/772 775/431/771 751/431/747 752/431/748 
s 514
f 752/431/748 753/431/749 777/431/773 776/431/772 
s 1026
f 778/431/774 777/431/773 753/431/749 754/431/750 
s 514
f 778/431/774 754/431/750 755/431/751 779/431/775 
s 1026
f 779/431/775 755/431/751 756/431/752 780/431/776 
s 514
f 757/431/753 781/431/777 780/431/776 756/431/752 
s 1026
f 758/431/754 782/431/778 781/431/777 757/431/753 
s 514
f 758/431/754 759/431/755 783/431/779 782/431/778 
s 1026
f 783/431/779 759/431/755 760/431/756 784/431/780 
s 514
f 761/431/757 785/431/781 784/431/780 760/431/756 
s 1026
f 786/431/782 785/431/781 761/431/757 762/431/758 
s 515
f 739/431/735 764/431/760 786/431/782 762/431/758 
s 264
f 763/431/759 787/431/783 788/431/784 764/431/760 
s 536
f 765/431/761 789/431/785 787/431/783 763/431/759 
s 1040
f 789/431/785 765/431/761 766/431/762 790/431/786 
s 528
f 790/431/786 766/431/762 767/431/763 791/431/787 
s 1040
f 767/431/763 768/431/764 792/431/788 791/431/787 
s 528
f 769/431/765 793/431/789 792/431/788 768/431/764 
s 1040
f 794/431/790 793/431/789 769/431/765 770/431/766 
s 528
f 771/431/767 795/431/791 794/431/790 770/431/766 
s 1040
f 796/431/792 795/431/791 771/431/767 772/431/768 
s 528
f 772/431/768 773/431/769 797/431/793 796/431/792 
s 1040
f 774/431/770 798/431/794 797/431/793 773/431/769 
s 528
f 775/431/771 799/431/795 798/431/794 774/431/770 
s 1040
f 800/431/796 799/431/795 775/431/771 776/431/772 
s 528
f 776/431/772 777/431/773 801/431/797 800/431/796 
s 1040
f 778/431/774 802/431/798 801/431/797 777/431/773 
s 528
f 778/431/774 779/431/775 803/431/799 802/431/798 
s 1040
f 804/431/800 803/431/799 779/431/775 780/431/776 
s 528
f 805/431/801 804/431/800 780/431/776 781/431/777 
s 1040
f 806/431/802 805/431/801 781/431/777 782/431/778 
s 528
f 806/431/802 782/431/778 783/431/779 807/431/803 
s 1040
f 808/431/804 807/431/803 783/431/779 784/431/780 
s 528
f 785/431/781 809/431/805 808/431/804 784/431/780 
s 1040
f 786/431/782 810/431/806 809/431/805 785/431/781 
s 536
f 788/431/784 810/431/806 786/431/782 764/431/760 
s 257
f 811/431/807 788/431/784 787/431/783 812/431/808 
s 515
f 813/431/809 812/431/808 787/431/783 789/431/785 
s 1026
f 789/431/785 790/431/786 814/431/810 813/431/809 
s 514
f 790/431/786 791/431/787 815/431/811 814/431/810 
s 1026
f 815/431/811 791/431/787 792/431/788 816/431/812 
s 514
f 793/431/789 817/431/813 816/431/812 792/431/788 
s 1026
f 817/431/813 793/431/789 794/431/790 818/431/814 
s 514
f 794/431/790 795/431/791 819/431/815 818/431/814 
s 1026
f 819/431/815 795/431/791 796/431/792 820/431/816 
s 514
f 820/431/816 796/431/792 797/431/793 821/431/817 
s 1026
f 821/431/817 797/431/793 798/431/794 822/431/818 
s 514
f 822/431/818 798/431/794 799/431/795 823/431/819 
s 1026
f 799/431/795 800/431/796 824/431/820 823/431/819 
s 514
f 824/431/820 800/431/796 801/431/797 825/431/821 
s 1026
f 802/431/798 826/431/822 825/431/821 801/431/797 
s 514
f 827/431/823 826/431/822 802/431/798 803/431/799 
s 1026
f 828/431/824 827/431/823 803/431/799 804/431/800 
s 514
f 828/431/824 804/431/800 805/431/801 829/431/825 
s 1026
f 829/431/825 805/431/801 806/431/802 830/431/826 
s 514
f 830/431/826 806/431/802 807/431/803 831/431/827 
s 1026
f 832/431/828 831/431/827 807/431/803 808/431/804 
s 514
f 832/431/828 808/431/804 809/431/805 833/431/829 
s 1026
f 809/431/805 810/431/806 834/431/830 833/431/829 
s 515
f 788/431/784 811/431/807 834/431/830 810/431/806 
s 264
f 811/431/807 812/431/808 835/431/831 836/431/832 
s 536
f 837/431/833 835/431/831 812/431/808 813/431/809 
s 1040
f 813/431/809 814/431/810 838/431/834 837/431/833 
s 528
f 839/431/835 838/431/834 814/431/810 815/431/811 
s 1040
f 815/431/811 816/431/812 840/431/836 839/431/835 
s 528
f 817/431/813 841/431/837 840/431/836 816/431/812 
s 1040
f 818/431/814 842/431/838 841/431/837 817/431/813 
s 528
f 843/431/839 842/431/838 818/431/814 819/431/815 
s 1040
f 844/431/840 843/431/839 819/431/815 820/431/816 
s 528
f 845/431/841 844/431/840 820/431/816 821/431/817 
s 1040
f 822/431/818 846/431/842 845/431/841 821/431/817 
s 528
f 847/431/843 846/431/842 822/431/818 823/431/819 
s 1040
f 847/431/843 823/431/819 824/431/820 848/431/844 
s 528
f 849/431/845 848/431/844 824/431/820 825/431/821 
s 1040
f 826/431/822 850/431/846 849/431/845 825/431/821 
s 528
f 850/431/846 826/431/822 827/431/823 851/431/847 
s 1040
f 828/431/824 852/431/848 851/431/847 827/431/823 
s 528
f 829/431/825 853/431/849 852/431/848 828/431/824 
s 1040
f 829/431/825 830/431/826 854/431/850 853/431/849 
s 528
f 831/431/827 855/431/851 854/431/850 830/431/826 
s 1040
f 832/431/828 856/431/852 855/431/851 831/431/827 
s 528
f 857/431/853 856/431/852 832/431/828 833/431/829 
s 1040
f 834/431/830 858/431/854 857/431/853 833/431/829 
s 536
f 811/431/807 836/431/832 858/431/854 834/431/830 
s 257
f 859/431/855 836/431/832 835/431/831 860/431/856 
s 515
f 860/431/856 835/431/831 837/431/833 861/431/857 
s 1026
f 838/431/834 862/431/858 861/431/857 837/431/833 
s 514
f 863/431/859 862/431/858 838/431/834 839/431/835 
s 1026
f 863/431/859 839/431/835 840/431/836 864/431/860 
s 514
f 840/431/836 841/431/837 865/431/861 864/431/860 
s 1026
f 865/431/861 841/431/837 842/431/838 866/431/862 
s 514
f 866/431/862 842/431/838 843/431/839 867/431/863 
s 1026
f 867/431/863 843/431/839 844/431/840 868/431/864 
s 514
f 869/431/865 868/431/864 844/431/840 845/431/841 
s 1026
f 869/431/865 845/431/841 846/431/842 870/431/866 
s 514
f 870/431/866 846/431/842 847/431/843 871/431/867 
s 1026
f 871/431/867 847/431/843 848/431/844 872/431/868 
s 514
f 873/431/869 872/431/868 848/431/844 849/431/845 
s 1026
f 873/431/869 849/431/845 850/431/846 874/431/870 
s 514
f 875/431/871 874/431/870 850/431/846 851/431/847 
s 1026
f 852/431/848 876/431/872 875/431/871 851/431/847 
s 514
f 877/431/873 876/431/872 852/431/848 853/431/849 
s 1026
f 853/431/849 854/431/850 878/431/874 877/431/873 
s 514
f 854/431/850 855/431/851 879/431/875 878/431/874 
s 1026
f 856/431/852 880/431/876 879/431/875 855/431/851 
s 514
f 856/431/852 857/431/853 881/431/877 880/431/876 
s 1026
f 858/431/854 882/431/878 881/431/877 857/431/853 
s 515
f 882/431/878 858/431/854 836/431/832 859/431/855 
s 264
f 860/431/856 883/431/879 884/431/880 859/431/855 
s 536
f 885/431/881 883/431/879 860/431/856 861/431/857 
s 1040
f 862/431/858 886/431/882 885/431/881 861/431/857 
s 528
f 862/431/858 863/431/859 887/431/883 886/431/882 
s 1040
f 864/431/860 888/431/884 887/431/883 863/431/859 
s 528
f 864/431/860 865/431/861 889/431/885 888/431/884 
s 1040
f 866/431/862 890/431/886 889/431/885 865/431/861 
s 528
f 866/431/862 867/431/863 891/431/887 890/431/886 
s 1040
f 868/431/864 892/431/888 891/431/887 867/431/863 
s 528
f 868/431/864 869/431/865 893/431/889 892/431/888 
s 1040
f 870/431/866 894/431/890 893/431/889 869/431/865 
s 528
f 871/431/867 895/431/891 894/431/890 870/431/866 
s 1040
f 872/431/868 896/431/892 895/431/891 871/431/867 
s 528
f 873/431/869 897/431/893 896/431/892 872/431/868 
s 1040
f 874/431/870 898/431/894 897/431/893 873/431/869 
s 528
f 898/431/894 874/431/870 875/431/871 899/431/895 
s 1040
f 876/431/872 900/431/896 899/431/895 875/431/871 
s 528
f 876/431/872 877/431/873 901/431/897 900/431/896 
s 1040
f 878/431/874 902/431/898 901/431/897 877/431/873 
s 528
f 902/431/898 878/431/874 879/431/875 903/431/899 
s 1040
f 880/431/876 904/431/900 903/431/899 879/431/875 
s 528
f 904/431/900 880/431/876 881/431/877 905/431/901 
s 1040
f 882/431/878 906/431/902 905/431/901 881/431/877 
s 536
f 884/431/880 906/431/902 882/431/878 859/431/855 
s 257
f 884/431/880 883/431/879 907/431/903 908/431/904 
s 515
f 883/431/879 885/431/881 909/431/905 907/431/903 
s 1026
f 886/431/882 910/431/906 909/431/905 885/431/881 
s 514
f 910/431/906 886/431/882 887/431/883 911/431/907 
s 1026
f 888/431/884 912/431/908 911/431/907 887/431/883 
s 514
f 912/431/908 888/431/884 889/431/885 913/431/909 
s 1026
f 890/431/886 914/431/910 913/431/909 889/431/885 
s 514
f 914/431/910 890/431/886 891/431/887 915/431/911 
s 1026
f 892/431/888 916/431/912 915/431/911 891/431/887 
s 514
f 917/431/913 916/431/912 892/431/888 893/431/889 
s 1026
f 894/431/890 918/431/914 917/431/913 893/431/889 
s 514
f 894/431/890 895/431/891 919/431/915 918/431/914 
s 1026
f 896/431/892 920/431/916 919/431/915 895/431/891 
s 514
f 896/431/892 897/431/893 921/431/917 920/431/916 
s 1026
f 898/431/894 922/431/918 921/431/917 897/431/893 
s 514
f 899/431/895 923/431/919 922/431/918 898/431/894 
s 1026
f 900/431/896 924/431/920 923/431/919 899/431/895 
s 514
f 901/431/897 925/431/921 924/431/920 900/431/896 
s 1026
f 902/431/898 926/431/922 925/431/921 901/431/897 
s 514
f 903/431/899 927/431/923 926/431/922 902/431/898 
s 1026
f 904/431/900 928/431/924 927/431/923 903/431/899 
s 514
f 905/431/901 929/431/925 928/431/924 904/431/900 
s 1026
f 906/431/902 930/431/926 929/431/925 905/431/901 
s 515
f 906/431/902 884/431/880 908/431/904 930/431/926 
s 264
f 907/431/903 931/431/927 932/431/928 908/431/904 
s 536
f 909/431/905 933/431/929 931/431/927 907/431/903 
s 1040
f 910/431/906 934/431/930 933/431/929 909/431/905 
s 528
f 911/431/907 935/431/931 934/431/930 910/431/906 
s 1040
f 912/431/908 936/431/932 935/431/931 911/431/907 
s 528
f 913/431/909 937/431/933 936/431/932 912/431/908 
s 1040
f 914/431/910 938/431/934 937/431/933 913/431/909 
s 528
f 915/431/911 939/431/935 938/431/934 914/431/910 
s 1040
f 916/431/912 940/431/936 939/431/935 915/431/911 
s 528
f 917/431/913 941/431/937 940/431/936 916/431/912 
s 1040
f 918/431/914 942/431/938 941/431/937 917/431/913 
s 528
f 919/431/915 943/431/939 942/431/938 918/431/914 
s 1040
f 920/431/916 944/431/940 943/431/939 919/431/915 
s 528
f 921/431/917 945/431/941 944/431/940 920/431/916 
s 1040
f 922/431/918 946/431/942 945/431/941 921/431/917 
s 528
f 923/431/919 947/431/943 946/431/942 922/431/918 
s 1040
f 924/431/920 948/431/944 947/431/943 923/431/919 
s 528
f 925/431/921 949/431/945 948/431/944 924/431/920 
s 1040
f 926/431/922 950/431/946 949/431/945 925/431/921 
s 528
f 927/431/923 951/431/947 950/431/946 926/431/922 
s 1040
f 928/431/924 952/431/948 951/431/947 927/431/923 
s 528
f 929/431/925 953/431/949 952/431/948 928/431/924 
s 1040
f 930/431/926 954/431/950 953/431/949 929/431/925 
s 536
f 930/431/926 908/431/904 932/431/928 954/431/950 
s 257
f 931/431/927 955/431/951 956/431/952 932/431/928 
s 515
f 933/431/929 957/431/953 955/431/951 931/431/927 
s 1026
f 934/431/930 958/431/954 957/431/953 933/431/929 
s 514
f 935/431/931 959/431/955 958/431/954 934/431/930 
s 1026
f 936/431/932 960/431/956 959/431/955 935/431/931 
s 514
f 937/431/933 961/431/957 960/431/956 936/431/932 
s 1026
f 938/431/934 962/431/958 961/431/957 937/431/933 
s 514
f 939/431/935 963/431/959 962/431/958 938/431/934 
s 1026
f 940/431/936 964/431/960 963/431/959 939/431/935 
s 514
f 941/431/937 965/431/961 964/431/960 940/431/936 
s 1026
f 942/431/938 966/431/962 965/431/961 941/431/937 
s 514
f 943/431/939 967/431/963 966/431/962 942/431/938 
s 1026
f 944/431/940 968/431/964 967/431/963 943/431/939 
s 514
f 945/431/941 969/431/965 968/431/964 944/431/940 
s 1026
f 946/431/942 970/431/966 969/431/965 945/431/941 
s 514
f 947/431/943 971/431/967 970/431/966 946/431/942 
s 1026
f 948/431/944 972/431/968 971/431/967 947/431/943 
s 514
f 949/431/945 973/431/969 972/431/968 948/431/944 
s 1026
f 950/431/946 974/431/970 973/431/969 949/431/945 
s 514
f 951/431/947 975/431/971 974/431/970 950/431/946 
s 1026
f 952/431/948 976/431/972 975/431/971 951/431/947 
s 514
f 953/431/949 977/431/973 976/431/972 952/431/948 
s 1026
f 954/431/950 978/431/974 977/431/973 953/431/949 
s 515
f 954/431/950 932/431/928 956/431/952 978/431/974 
s 264
f 955/431/951 979/431/975 980/431/976 956/431/952 
s 536
f 957/431/953 981/431/977 979/431/975 955/431/951 
s 1040
f 958/431/954 982/431/978 981/431/977 957/431/953 
s 528
f 959/431/955 983/431/979 982/431/978 958/431/954 
s 1040
f 960/431/956 984/431/980 983/431/979 959/431/955 
s 528
f 961/431/957 985/431/981 984/431/980 960/431/956 
s 1040
f 962/431/958 986/431/982 985/431/981 961/431/957 
s 528
f 963/431/959 987/431/983 986/431/982 962/431/958 
s 1040
f 964/431/960 988/431/984 987/431/983 963/431/959 
s 528
f 965/431/961 989/431/985 988/431/984 964/431/960 
s 1040
f 966/431/962 990/431/986 989/431/985 965/431/961 
s 528
f 967/431/963 991/431/987 990/431/986 966/431/962 
s 1040
f 968/431/964 992/431/988 991/431/987 967/431/963 
s 528
f 969/431/965 993/431/989 992/431/988 968/431/964 
s 1040
f 970/431/966 994/431/990 993/431/989 969/431/965 
s 528
f 971/431/967 995/431/991 994/431/990 970/431/966 
s 1040
f 972/431/968 996/431/992 995/431/991 971/431/967 
s 528
f 973/431/969 997/431/993 996/431/992 972/431/968 
s 1040
f 974/431/970 998/431/994 997/431/993 973/431/969 
s 528
f 975/431/971 999/431/995 998/431/994 974/431/970 
s 1040
f 976/431/972 1000/431/996 999/431/995 975/431/971 
s 528
f 977/431/973 1001/431/997 1000/431/996 976/431/972 
s 1040
f 978/431/974 1002/431/998 1001/431/997 977/431/973 
s 536
f 978/431/974 956/431/952 980/431/976 1002/431/998 
s 257
f 979/431/975 1003/431/999 1004/431/1000 980/431/976 
s 515
f 981/431/977 1005/431/1001 1003/431/999 979/431/975 
s 1026
f 982/431/978 1006/431/1002 1005/431/1001 981/431/977 
s 514
f 983/431/979 1007/431/1003 1006/431/1002 982/431/978 
s 1026
f 984/431/980 1008/431/1004 1007/431/1003 983/431/979 
s 514
f 985/431/981 1009/431/1005 1008/431/1004 984/431/980 
s 1026
f 986/431/982 1010/431/1006 1009/431/1005 985/431/981 
s 514
f 987/431/983 1011/431/1007 1010/431/1006 986/431/982 
s 1026
f 988/431/984 1012/431/1008 1011/431/1007 987/431/983 
s 514
f 989/431/985 1013/431/1009 1012/431/1008 988/431/984 
s 1026
f 990/431/986 1014/431/1010 1013/431/1009 989/431/985 
s 514
f 991/431/987 1015/431/1011 1014/431/1010 990/431/986 
s 1026
f 992/431/988 1016/431/1012 1015/431/1011 991/431/987 
s 514
f 993/431/989 1017/431/1013 1016/431/1012 992/431/988 
s 1026
f 994/431/990 1018/431/1014 1017/431/1013 993/431/989 
s 514
f 995/431/991 1019/431/1015 1018/431/1014 994/431/990 
s 1026
f 996/431/992 1020/431/1016 1019/431/1015 995/431/991 
s 514
f 997/431/993 1021/431/1017 1020/431/1016 996/431/992 
s 1026
f 998/431/994 1022/431/1018 1021/431/1017 997/431/993 
s 514
f 999/431/995 1023/431/1019 1022/431/1018 998/431/994 
s 1026
f 1000/431/996 1024/431/1020 1023/431/1019 999/431/995 
s 514
f 1001/431/997 1025/431/1021 1024/431/1020 1000/431/996 
s 1026
f 1002/431/998 1026/431/1022 1025/431/1021 1001/431/997 
s 515
f 1002/431/998 980/431/976 1004/431/1000 1026/431/1022 
s 264
f 1003/431/999 1027/431/1023 1028/431/1024 1004/431/1000 
s 536
f 1005/431/1001 1029/431/1025 1027/431/1023 1003/431/999 
s 1040
f 1006/431/1002 1030/431/1026 1029/431/1025 1005/431/1001 
s 528
f 1007/431/1003 1031/431/1027 1030/431/1026 1006/431/1002 
s 1040
f 1008/431/1004 1032/431/1028 1031/431/1027 1007/431/1003 
s 528
f 1009/431/1005 1033/431/1029 1032/431/1028 1008/431/1004 
s 1040
f 1010/431/1006 1034/431/1030 1033/431/1029 1009/431/1005 
s 528
f 1011/431/1007 1035/431/1031 1034/431/1030 1010/431/1006 
s 1040
f 1012/431/1008 1036/431/1032 1035/431/1031 1011/431/1007 
s 528
f 1013/431/1009 1037/431/1033 1036/431/1032 1012/431/1008 
s 1040
f 1014/431/1010 1038/431/1034 1037/431/1033 1013/431/1009 
s 528
f 1015/431/1011 1039/431/1035 1038/431/1034 1014/431/1010 
s 1040
f 1016/431/1012 1040/431/1036 1039/431/1035 1015/431/1011 
s 528
f 1017/431/1013 1041/431/1037 1040/431/1036 1016/431/1012 
s 1040
f 1018/431/1014 1042/431/1038 1041/431/1037 1017/431/1013 
s 528
f 1019/431/1015 1043/431/1039 1042/431/1038 1018/431/1014 
s 1040
f 1020/431/1016 1044/431/1040 1043/431/1039 1019/431/1015 
s 528
f 1021/431/1017 1045/431/1041 1044/431/1040 1020/431/1016 
s 1040
f 1022/431/1018 1046/431/1042 1045/431/1041 1021/431/1017 
s 528
f 1023/431/1019 1047/431/1043 1046/431/1042 1022/431/1018 
s 1040
f 1024/431/1020 1048/431/1044 1047/431/1043 1023/431/1019 
s 528
f 1025/431/1021 1049/431/1045 1048/431/1044 1024/431/1020 
s 1040
f 1026/431/1022 1050/431/1046 1049/431/1045 1025/431/1021 
s 536
f 1026/431/1022 1004/431/1000 1028/431/1024 1050/431/1046 
s 257
f 1027/431/1023 1051/431/1047 1052/431/1048 1028/431/1024 
s 515
f 1029/431/1025 1053/431/1049 1051/431/1047 1027/431/1023 
s 1026
f 1030/431/1026 1054/431/1050 1053/431/1049 1029/431/1025 
s 514
f 1031/431/1027 1055/431/1051 1054/431/1050 1030/431/1026 
s 1026
f 1032/431/1028 1056/431/1052 1055/431/1051 1031/431/1027 
s 514
f 1033/431/1029 1057/431/1053 1056/431/1052 1032/431/1028 
s 1026
f 1034/431/1030 1058/431/1054 1057/431/1053 1033/431/1029 
s 514
f 1035/431/1031 1059/431/1055 1058/431/1054 1034/431/1030 
s 1026
f 1036/431/1032 1060/431/1056 1059/431/1055 1035/431/1031 
s 514
f 1037/431/1033 1061/431/1057 1060/431/1056 1036/431/1032 
s 1026
f 1038/431/1034 1062/431/1058 1061/431/1057 1037/431/1033 
s 514
f 1039/431/1035 1063/431/1059 1062/431/1058 1038/431/1034 
s 1026
f 1040/431/1036 1064/431/1060 1063/431/1059 1039/431/1035 
s 514
f 1041/431/1037 1065/431/1061 1064/431/1060 1040/431/1036 
s 1026
f 1042/431/1038 1066/431/1062 1065/431/1061 1041/431/1037 
s 514
f 1043/431/1039 1067/431/1063 1066/431/1062 1042/431/1038 
s 1026
f 1044/431/1040 1068/431/1064 1067/431/1063 1043/431/1039 
s 514
f 1045/431/1041 1069/431/1065 1068/431/1064 1044/431/1040 
s 1026
f 1046/431/1042 1070/431/1066 1069/431/1065 1045/431/1041 
s 514
f 1047/431/1043 1071/431/1067 1070/431/1066 1046/431/1042 
s 1026
f 1048/431/1044 1072/431/1068 1071/431/1067 1047/431/1043 
s 514
f 1049/431/1045 1073/431/1069 1072/431/1068 1048/431/1044 
s 1026
f 1050/431/1046 1074/431/1070 1073/431/1069 1049/431/1045 
s 515
f 1050/431/1046 1028/431/1024 1052/431/1048 1074/431/1070 
s 264
f 1051/431/1047 1075/431/1071 1076/431/1072 1052/431/1048 
s 536
f 1053/431/1049 1077/431/1073 1075/431/1071 1051/431/1047 
s 1040
f 1054/431/1050 1078/431/1074 1077/431/1073 1053/431/1049 
s 528
f 1055/431/1051 1079/431/1075 1078/431/1074 1054/431/1050 
s 1040
f 1056/431/1052 1080/431/1076 1079/431/1075 1055/431/1051 
s 528
f 1057/431/1053 1081/431/1077 1080/431/1076 1056/431/1052 
s 1040
f 1058/431/1054 1082/431/1078 1081/431/1077 1057/431/1053 
s 528
f 1059/431/1055 1083/431/1079 1082/431/1078 1058/431/1054 
s 1040
f 1060/431/1056 1084/431/1080 1083/431/1079 1059/431/1055 
s 528
f 1061/431/1057 1085/431/1081 1084/431/1080 1060/431/1056 
s 1040
f 1062/431/1058 1086/431/1082 1085/431/1081 1061/431/1057 
s 528
f 1063/431/1059 1087/431/1083 1086/431/1082 1062/431/1058 
s 1040
f 1064/431/1060 1088/431/1084 1087/431/1083 1063/431/1059 
s 528
f 1065/431/1061 1089/431/1085 1088/431/1084 1064/431/1060 
s 1040
f 1066/431/1062 1090/431/1086 1089/431/1085 1065/431/1061 
s 528
f 1067/431/1063 1091/431/1087 1090/431/1086 1066/431/1062 
s 1040
f 1068/431/1064 1092/431/1088 1091/431/1087 1067/431/1063 
s 528
f 1069/431/1065 1093/431/1089 1092/431/1088 1068/431/1064 
s 1040
f 1070/431/1066 1094/431/1090 1093/431/1089 1069/431/1065 
s 528
f 1071/431/1067 1095/431/1091 1094/431/1090 1070/431/1066 
s 1040
f 1072/431/1068 1096/431/1092 1095/431/1091 1071/431/1067 
s 528
f 1073/431/1069 1097/431/1093 1096/431/1092 1072/431/1068 
s 1040
f 1074/431/1070 1098/431/1094 1097/431/1093 1073/431/1069 
s 536
f 1074/431/1070 1052/431/1048 1076/431/1072 1098/431/1094 
s 257
f 1075/431/1071 1099/431/1095 1100/431/1096 1076/431/1072 
s 515
f 1077/431/1073 1101/431/1097 1099/431/1095 1075/431/1071 
s 1026
f 1078/431/1074 1102/431/1098 1101/431/1097 1077/431/1073 
s 514
f 1079/431/1075 1103/431/1099 1102/431/1098 1078/431/1074 
s 1026
f 1080/431/1076 1104/431/1100 1103/431/1099 1079/431/1075 
s 514
f 1081/431/1077 1105/431/1101 1104/431/1100 1080/431/1076 
s 1026
f 1082/431/1078 1106/431/1102 1105/431/1101 1081/431/1077 
s 514
f 1083/431/1079 1107/431/1103 1106/431/1102 1082/431/1078 
s 1026
f 1084/431/1080 1108/431/1104 1107/431/1103 1083/431/1079 
s 514
f 1085/431/1081 1109/431/1105 1108/431/1104 1084/431/1080 
s 1026
f 1086/431/1082 1110/431/1106 1109/431/1105 1085/431/1081 
s 514
f 1087/431/1083 1111/431/1107 1110/431/1106 1086/431/1082 
s 1026
f 1088/431/1084 1112/431/1108 1111/431/1107 1087/431/1083 
s 514
f 1089/431/1085 1113/431/1109 1112/431/1108 1088/431/1084 
s 1026
f 1090/431/1086 1114/431/1110 1113/431/1109 1089/431/1085 
s 514
f 1091/431/1087 1115/431/1111 1114/431/1110 1090/431/1086 
s 1026
f 1092/431/1088 1116/431/1112 1115/431/1111 1091/431/1087 
s 514
f 1093/431/1089 1117/431/1113 1116/431/1112 1092/431/1088 
s 1026
f 1094/431/1090 1118/431/1114 1117/431/1113 1093/431/1089 
s 514
f 1095/431/1091 1119/431/1115 1118/431/1114 1094/431/1090 
s 1026
f 1096/431/1092 1120/431/1116 1119/431/1115 1095/431/1091 
s 514
f 1097/431/1093 1121/431/1117 1120/431/1116 1096/431/1092 
s 1026
f 1098/431/1094 1122/431/1118 1121/431/1117 1097/431/1093 
s 515
f 1098/431/1094 1076/431/1072 1100/431/1096 1122/431/1118 
s 264
f 1099/431/1095 1123/431/1119 1124/431/1120 1100/431/1096 
s 536
f 1101/431/1097 1125/431/1121 1123/431/1119 1099/431/1095 
s 1040
f 1102/431/1098 1126/431/1122 1125/431/1121 1101/431/1097 
s 528
f 1103/431/1099 1127/431/1123 1126/431/1122 1102/431/1098 
s 1040
f 1104/431/1100 1128/431/1124 1127/431/1123 1103/431/1099 
s 528
f 1105/431/1101 1129/431/1125 1128/431/1124 1104/431/1100 
s 1040
f 1106/431/1102 1130/431/1126 1129/431/1125 1105/431/1101 
s 528
f 1107/431/1103 1131/431/1127 1130/431/1126 1106/431/1102 
s 1040
f 1108/431/1104 1132/431/1128 1131/431/1127 1107/431/1103 
s 528
f 1109/431/1105 1133/431/1129 1132/431/1128 1108/431/1104 
s 1040
f 1110/431/1106 1134/431/1130 1133/431/1129 1109/431/1105 
s 528
f 1111/431/1107 1135/431/1131 1134/431/1130 1110/431/1106 
s 1040
f 1112/431/1108 1136/431/1132 1135/431/1131 1111/431/1107 
s 528
f 1113/431/1109 1137/431/1133 1136/431/1132 1112/431/1108 
s 1040
f 1114/431/1110 1138/431/1134 1137/431/1133 1113/431/1109 
s 528
f 1115/431/1111 1139/431/1135 1138/431/1134 1114/431/1110 
s 1040
f 1116/431/1112 1140/431/1136 1139/431/1135 1115/431/1111 
s 528
f 1117/431/1113 1141/431/1137 1140/431/1136 1116/431/1112 
s 1040
f 1118/431/1114 1142/431/1138 1141/431/1137 1117/431/1113 
s 528
f 1119/431/1115 1143/431/1139 1142/431/1138 1118/431/1114 
s 1040
f 1120/431/1116 1144/431/1140 1143/431/1139 1119/431/1115 
s 528
f 1121/431/1117 1145/431/1141 1144/431/1140 1120/431/1116 
s 1040
f 1122/431/1118 1146/431/1142 1145/431/1141 1121/431/1117 
s 536
f 1122/431/1118 1100/431/1096 1124/431/1120 1146/431/1142 
s 2147483647
f 718/431/714 715/431/711 714/431/710 711/431/707 
f 718/431/714 711/431/707 710/431/706 719/431/715 
f 710/431/706 707/431/703 722/431/718 719/431/715 
f 722/431/718 707/431/703 705/431/701 703/431/699 
f 722/431/718 703/431/699 702/431/698 700/431/696 
f 698/431/694 695/431/691 722/431/718 700/431/696 
f 722/431/718 695/431/691 691/431/687 694/431/690 
f 735/431/731 722/431/718 694/431/690 738/431/734 
f 734/431/730 731/431/727 722/431/718 735/431/731 
f 722/431/718 731/431/727 729/431/725 727/431/723 
f 726/431/722 724/431/720 722/431/718 727/431/723 
f 1134/431/1130 1135/431/1131 1136/431/1132 1133/431/1129 
f 1133/431/1129 1136/431/1132 1137/431/1133 1132/431/1128 
f 1137/431/1133 1138/431/1134 1131/431/1127 1132/431/1128 
f 1131/431/1127 1138/431/1134 1129/431/1125 1130/431/1126 
f 1129/431/1125 1138/431/1134 1127/431/1123 1128/431/1124 
f 1127/431/1123 1138/431/1134 1125/431/1121 1126/431/1122 
f 1123/431/1119 1125/431/1121 1138/431/1134 1124/431/1120 
f 1124/431/1120 1138/431/1134 1145/431/1141 1146/431/1142 
f 1145/431/1141 1138/431/1134 1143/431/1139 1144/431/1140 
f 1143/431/1139 1138/431/1134 1141/431/1137 1142/431/1138 
f 1141/431/1137 1138/431/1134 1139/431/1135 1140/431/1136 
# 454 polygons

#
# object Box009
#

v  -2.0248 0.8811 3.0239
v  -2.1607 0.8811 3.0033
v  -2.2785 0.8811 2.9416
v  -2.3782 0.8811 2.8387
v  -2.4598 0.8811 2.6947
v  -2.5232 0.8811 2.5096
v  -2.5685 0.8811 2.2833
v  -2.5957 0.8811 2.0158
v  -2.6048 0.8811 1.7073
v  -2.6048 0.8811 -0.3280
v  -2.5957 0.8811 -0.6366
v  -2.5685 0.8811 -0.9041
v  -2.5232 0.8811 -1.1303
v  -2.4598 0.8811 -1.3155
v  -2.3782 0.8811 -1.4595
v  -2.2785 0.8811 -1.5624
v  -2.1607 0.8811 -1.6241
v  -2.0248 0.8811 -1.6446
v  2.6786 0.8811 -1.6446
v  2.8145 0.8811 -1.6241
v  2.9324 0.8811 -1.5624
v  3.0320 0.8811 -1.4595
v  3.1136 0.8811 -1.3155
v  3.1770 0.8811 -1.1303
v  3.2223 0.8811 -0.9041
v  3.2495 0.8811 -0.6366
v  3.2586 0.8811 -0.3280
v  3.2586 0.8811 1.7073
v  3.2495 0.8811 2.0158
v  3.2223 0.8811 2.2833
v  3.1770 0.8811 2.5096
v  3.1136 0.8811 2.6947
v  3.0320 0.8811 2.8387
v  2.9324 0.8811 2.9416
v  2.8145 0.8811 3.0033
v  2.6786 0.8811 3.0239
v  -2.0248 62.7626 1.7073
v  2.6786 62.7626 1.7073
v  2.6786 62.7626 -0.3280
v  -2.0248 62.7626 -0.3280
v  2.6786 61.9974 3.0239
v  -2.0248 61.9974 3.0239
v  3.2586 61.9974 -0.3280
v  3.2586 61.9974 1.7073
v  -2.0248 61.9974 -1.6446
v  2.6786 61.9974 -1.6446
v  -2.6048 61.9974 1.7073
v  -2.6048 61.9974 -0.3280
v  -2.1586 62.0394 3.0033
v  -2.1607 61.9974 3.0033
v  3.2495 62.0394 2.0110
v  3.2495 61.9974 2.0158
v  -2.5957 62.0394 -0.6318
v  -2.5957 61.9974 -0.6366
v  2.8124 62.0394 -1.6241
v  2.8145 61.9974 -1.6241
v  -2.0248 62.7506 2.0158
v  2.6786 62.7506 2.0158
v  2.8145 62.7506 1.7073
v  2.8145 62.7506 -0.3280
v  2.6786 62.7506 -0.6366
v  -2.0248 62.7506 -0.6366
v  -2.1607 62.7506 -0.3280
v  -2.1607 62.7506 1.7073
v  2.8145 61.9974 3.0033
v  3.2495 61.9974 -0.6366
v  -2.1607 61.9974 -1.6241
v  -2.0248 62.1767 3.0033
v  -2.0567 62.1739 3.0033
v  -2.0248 62.3322 2.9416
v  -2.0843 62.3269 2.9416
v  -2.0248 62.4637 2.8387
v  -2.1076 62.4564 2.8387
v  -2.0248 62.5713 2.6947
v  -2.1267 62.5623 2.6947
v  -2.0248 62.6550 2.5096
v  -2.1416 62.6447 2.5096
v  -2.0248 62.7147 2.2833
v  -2.1522 62.7035 2.2833
v  -2.1586 62.7388 2.0158
v  -2.0843 62.1655 3.0033
v  -2.1358 62.3112 2.9416
v  -2.1794 62.4345 2.8387
v  -2.2151 62.5354 2.6947
v  -2.2429 62.6139 2.5096
v  -2.2627 62.6699 2.2833
v  -2.2746 62.7035 2.0158
v  -2.2785 62.7147 1.7073
v  -2.1076 62.1515 3.0033
v  -2.1794 62.2851 2.9416
v  -2.2402 62.3981 2.8387
v  -2.2899 62.4906 2.6947
v  -2.3285 62.5625 2.5096
v  -2.3561 62.6139 2.2833
v  -2.3727 62.6447 2.0158
v  -2.3782 62.6550 1.7073
v  -2.1267 62.1319 3.0033
v  -2.2151 62.2485 2.9416
v  -2.2899 62.3471 2.8387
v  -2.3510 62.4278 2.6947
v  -2.3986 62.4906 2.5096
v  -2.4326 62.5354 2.2833
v  -2.4530 62.5623 2.0158
v  -2.4598 62.5713 1.7073
v  -2.1416 62.1067 3.0033
v  -2.2429 62.2014 2.9416
v  -2.3285 62.2815 2.8387
v  -2.3986 62.3471 2.6947
v  -2.4531 62.3981 2.5096
v  -2.4921 62.4345 2.2833
v  -2.5154 62.4564 2.0158
v  -2.5232 62.4637 1.7073
v  -2.1522 62.0759 3.0033
v  -2.2627 62.1439 2.9416
v  -2.3561 62.2014 2.8387
v  -2.4326 62.2485 2.6947
v  -2.4921 62.2851 2.5096
v  -2.5346 62.3112 2.2833
v  -2.5600 62.3269 2.0158
v  -2.5685 62.3322 1.7073
v  -2.2746 62.0759 2.9416
v  -2.3727 62.1067 2.8387
v  -2.4530 62.1319 2.6947
v  -2.5154 62.1515 2.5096
v  -2.5600 62.1655 2.2833
v  -2.5868 62.1739 2.0158
v  -2.5957 62.1767 1.7073
v  -2.2785 61.9974 2.9416
v  -2.3782 61.9974 2.8387
v  -2.4598 61.9974 2.6947
v  -2.5232 61.9974 2.5096
v  -2.5685 61.9974 2.2833
v  -2.5957 61.9974 2.0158
v  3.2495 62.1767 1.7073
v  3.2495 62.1739 1.7796
v  3.2223 62.3322 1.7073
v  3.2223 62.3269 1.8423
v  3.1770 62.4637 1.7073
v  3.1770 62.4564 1.8953
v  3.1136 62.5713 1.7073
v  3.1136 62.5623 1.9387
v  3.0320 62.6550 1.7073
v  3.0320 62.6447 1.9724
v  2.9324 62.7147 1.7073
v  2.9324 62.7035 1.9966
v  2.8145 62.7388 2.0110
v  3.2495 62.1655 1.8423
v  3.2223 62.3112 1.9593
v  3.1770 62.4345 2.0583
v  3.1136 62.5354 2.1393
v  3.0320 62.6139 2.2023
v  2.9324 62.6699 2.2473
v  2.8145 62.7035 2.2743
v  2.6786 62.7147 2.2833
v  3.2495 62.1515 1.8953
v  3.2223 62.2851 2.0583
v  3.1770 62.3981 2.1962
v  3.1136 62.4906 2.3090
v  3.0320 62.5625 2.3967
v  2.9324 62.6139 2.4594
v  2.8145 62.6447 2.4970
v  2.6786 62.6550 2.5096
v  3.2495 62.1319 1.9387
v  3.2223 62.2485 2.1393
v  3.1770 62.3471 2.3090
v  3.1136 62.4278 2.4479
v  3.0320 62.4906 2.5559
v  2.9324 62.5354 2.6330
v  2.8145 62.5623 2.6793
v  2.6786 62.5713 2.6947
v  3.2495 62.1067 1.9724
v  3.2223 62.2014 2.2023
v  3.1770 62.2815 2.3967
v  3.1136 62.3471 2.5559
v  3.0320 62.3981 2.6796
v  2.9324 62.4345 2.7680
v  2.8145 62.4564 2.8210
v  2.6786 62.4637 2.8387
v  3.2495 62.0759 1.9966
v  3.2223 62.1439 2.2473
v  3.1770 62.2014 2.4594
v  3.1136 62.2485 2.6330
v  3.0320 62.2851 2.7680
v  2.9324 62.3112 2.8644
v  2.8145 62.3269 2.9223
v  2.6786 62.3322 2.9416
v  3.2223 62.0759 2.2743
v  3.1770 62.1067 2.4970
v  3.1136 62.1319 2.6793
v  3.0320 62.1515 2.8210
v  2.9324 62.1655 2.9223
v  2.8145 62.1739 2.9830
v  2.6786 62.1767 3.0033
v  3.2223 61.9974 2.2833
v  3.1770 61.9974 2.5096
v  3.1136 61.9974 2.6947
v  3.0320 61.9974 2.8387
v  2.9324 61.9974 2.9416
v  -2.5957 62.1767 -0.3280
v  -2.5957 62.1739 -0.4004
v  -2.5685 62.3322 -0.3280
v  -2.5685 62.3269 -0.4630
v  -2.5232 62.4637 -0.3280
v  -2.5232 62.4564 -0.5161
v  -2.4598 62.5713 -0.3280
v  -2.4598 62.5623 -0.5595
v  -2.3782 62.6550 -0.3280
v  -2.3782 62.6447 -0.5932
v  -2.2785 62.7147 -0.3280
v  -2.2785 62.7035 -0.6173
v  -2.1607 62.7388 -0.6318
v  -2.5957 62.1655 -0.4630
v  -2.5685 62.3112 -0.5800
v  -2.5232 62.4345 -0.6790
v  -2.4598 62.5354 -0.7601
v  -2.3782 62.6139 -0.8231
v  -2.2785 62.6699 -0.8681
v  -2.1607 62.7035 -0.8951
v  -2.0248 62.7147 -0.9041
v  -2.5957 62.1515 -0.5161
v  -2.5685 62.2851 -0.6790
v  -2.5232 62.3981 -0.8169
v  -2.4598 62.4906 -0.9298
v  -2.3782 62.5625 -1.0175
v  -2.2785 62.6139 -1.0802
v  -2.1607 62.6447 -1.1178
v  -2.0248 62.6550 -1.1303
v  -2.5957 62.1319 -0.5595
v  -2.5685 62.2485 -0.7601
v  -2.5232 62.3471 -0.9298
v  -2.4598 62.4278 -1.0686
v  -2.3782 62.4906 -1.1766
v  -2.2785 62.5354 -1.2538
v  -2.1607 62.5623 -1.3001
v  -2.0248 62.5713 -1.3155
v  -2.5957 62.1067 -0.5932
v  -2.5685 62.2014 -0.8231
v  -2.5232 62.2815 -1.0175
v  -2.4598 62.3471 -1.1766
v  -2.3782 62.3981 -1.3004
v  -2.2785 62.4345 -1.3888
v  -2.1607 62.4564 -1.4418
v  -2.0248 62.4637 -1.4595
v  -2.5957 62.0759 -0.6173
v  -2.5685 62.1439 -0.8681
v  -2.5232 62.2014 -1.0802
v  -2.4598 62.2485 -1.2538
v  -2.3782 62.2851 -1.3888
v  -2.2785 62.3112 -1.4852
v  -2.1607 62.3269 -1.5431
v  -2.0248 62.3322 -1.5624
v  -2.5685 62.0759 -0.8951
v  -2.5232 62.1067 -1.1178
v  -2.4598 62.1319 -1.3001
v  -2.3782 62.1515 -1.4418
v  -2.2785 62.1655 -1.5431
v  -2.1607 62.1739 -1.6038
v  -2.0248 62.1767 -1.6241
v  -2.5685 61.9974 -0.9041
v  -2.5232 61.9974 -1.1303
v  -2.4598 61.9974 -1.3155
v  -2.3782 61.9974 -1.4595
v  -2.2785 61.9974 -1.5624
v  2.6786 62.1767 -1.6241
v  2.7105 62.1739 -1.6241
v  2.6786 62.3322 -1.5624
v  2.7381 62.3269 -1.5624
v  2.6786 62.4637 -1.4595
v  2.7614 62.4564 -1.4595
v  2.6786 62.5713 -1.3155
v  2.7806 62.5623 -1.3155
v  2.6786 62.6550 -1.1303
v  2.7954 62.6447 -1.1303
v  2.6786 62.7147 -0.9041
v  2.8060 62.7035 -0.9041
v  2.8124 62.7388 -0.6366
v  2.7381 62.1655 -1.6241
v  2.7896 62.3112 -1.5624
v  2.8332 62.4345 -1.4595
v  2.8689 62.5354 -1.3155
v  2.8967 62.6139 -1.1303
v  2.9165 62.6699 -0.9041
v  2.9284 62.7035 -0.6366
v  2.9324 62.7147 -0.3280
v  2.7614 62.1515 -1.6241
v  2.8332 62.2851 -1.5624
v  2.8940 62.3981 -1.4595
v  2.9437 62.4906 -1.3155
v  2.9823 62.5625 -1.1303
v  3.0100 62.6139 -0.9041
v  3.0265 62.6447 -0.6366
v  3.0320 62.6550 -0.3280
v  2.7806 62.1319 -1.6241
v  2.8689 62.2485 -1.5624
v  2.9437 62.3471 -1.4595
v  3.0049 62.4278 -1.3155
v  3.0524 62.4906 -1.1303
v  3.0864 62.5354 -0.9041
v  3.1068 62.5623 -0.6366
v  3.1136 62.5713 -0.3280
v  2.7954 62.1067 -1.6241
v  2.8967 62.2014 -1.5624
v  2.9823 62.2815 -1.4595
v  3.0524 62.3471 -1.3155
v  3.1069 62.3981 -1.1303
v  3.1459 62.4345 -0.9041
v  3.1693 62.4564 -0.6366
v  3.1770 62.4637 -0.3280
v  2.8060 62.0759 -1.6241
v  2.9165 62.1439 -1.5624
v  3.0100 62.2014 -1.4595
v  3.0864 62.2485 -1.3155
v  3.1459 62.2851 -1.1303
v  3.1884 62.3112 -0.9041
v  3.2139 62.3269 -0.6366
v  3.2223 62.3322 -0.3280
v  2.9284 62.0759 -1.5624
v  3.0265 62.1067 -1.4595
v  3.1068 62.1319 -1.3155
v  3.1693 62.1515 -1.1303
v  3.2139 62.1655 -0.9041
v  3.2406 62.1739 -0.6366
v  3.2495 62.1767 -0.3280
v  2.9324 61.9974 -1.5624
v  3.0320 61.9974 -1.4595
v  3.1136 61.9974 -1.3155
v  3.1770 61.9974 -1.1303
v  3.2223 61.9974 -0.9041
# 328 vertices

vn -0.0238 -0.6997 0.7140
vn -0.1059 -0.6896 0.7164
vn -0.2337 -0.6853 0.6897
vn -0.3786 -0.6817 0.6261
vn -0.5183 -0.6802 0.5183
vn -0.6261 -0.6817 0.3786
vn -0.6897 -0.6853 0.2337
vn -0.7165 -0.6895 0.1059
vn -0.7140 -0.6997 0.0238
vn -0.7140 -0.6997 -0.0238
vn -0.7165 -0.6895 -0.1059
vn -0.6897 -0.6853 -0.2337
vn -0.6261 -0.6817 -0.3786
vn -0.5183 -0.6802 -0.5183
vn -0.3786 -0.6817 -0.6261
vn -0.2337 -0.6853 -0.6897
vn -0.1059 -0.6896 -0.7164
vn -0.0238 -0.6997 -0.7140
vn 0.0238 -0.6997 -0.7140
vn 0.1059 -0.6896 -0.7164
vn 0.2337 -0.6853 -0.6897
vn 0.3786 -0.6817 -0.6261
vn 0.5183 -0.6802 -0.5183
vn 0.6261 -0.6817 -0.3786
vn 0.6897 -0.6853 -0.2337
vn 0.7165 -0.6895 -0.1059
vn 0.7140 -0.6997 -0.0238
vn 0.7140 -0.6997 0.0238
vn 0.7165 -0.6895 0.1059
vn 0.6897 -0.6853 0.2337
vn 0.6261 -0.6817 0.3786
vn 0.5183 -0.6802 0.5183
vn 0.3786 -0.6817 0.6261
vn 0.2337 -0.6853 0.6897
vn 0.1059 -0.6896 0.7164
vn 0.0238 -0.6997 0.7140
vn -0.0332 0.9989 0.0332
vn 0.0332 0.9989 0.0332
vn 0.0332 0.9989 -0.0332
vn -0.0332 0.9989 -0.0332
vn 0.0332 0.0332 0.9989
vn -0.0267 0.0267 0.9993
vn 0.9989 0.0332 -0.0332
vn 0.9993 0.0267 0.0267
vn -0.0332 0.0332 -0.9989
vn 0.0267 0.0267 -0.9993
vn -0.9989 0.0332 0.0332
vn -0.9993 0.0267 -0.0267
vn -0.1475 0.0214 0.9888
vn -0.1478 0.0050 0.9890
vn 0.9888 0.0214 0.1475
vn 0.9890 0.0050 0.1478
vn -0.9888 0.0214 -0.1475
vn -0.9890 0.0050 -0.1478
vn 0.1475 0.0214 -0.9888
vn 0.1478 0.0050 -0.9890
vn -0.0329 0.9888 0.1458
vn 0.0335 0.9887 0.1462
vn 0.1458 0.9888 0.0329
vn 0.1462 0.9887 -0.0335
vn 0.0329 0.9888 -0.1458
vn -0.0335 0.9887 -0.1462
vn -0.1458 0.9888 -0.0329
vn -0.1462 0.9887 0.0335
vn 0.1458 0.0329 0.9888
vn 0.9888 0.0329 -0.1458
vn -0.1458 0.0329 -0.9888
vn -0.0050 0.1478 0.9890
vn -0.0214 0.1475 0.9888
vn -0.0108 0.3228 0.9464
vn -0.0467 0.3198 0.9463
vn -0.0173 0.5192 0.8545
vn -0.0754 0.5133 0.8549
vn -0.0236 0.7082 0.7056
vn -0.1032 0.6999 0.7067
vn -0.0285 0.8560 0.5161
vn -0.1252 0.8463 0.5178
vn -0.0315 0.9468 0.3201
vn -0.1387 0.9366 0.3217
vn -0.1449 0.9785 0.1467
vn -0.0466 0.1396 0.9891
vn -0.1015 0.3022 0.9478
vn -0.1638 0.4858 0.8586
vn -0.2247 0.6645 0.7127
vn -0.2734 0.8064 0.5244
vn -0.3037 0.8949 0.3269
vn -0.3178 0.9363 0.1494
vn -0.3210 0.9465 0.0341
vn -0.0745 0.1243 0.9894
vn -0.1617 0.2688 0.9495
vn -0.2611 0.4331 0.8627
vn -0.3592 0.5947 0.7193
vn -0.4382 0.7247 0.5317
vn -0.4882 0.8068 0.3327
vn -0.5117 0.8455 0.1524
vn -0.5173 0.8551 0.0349
vn -0.1018 0.1018 0.9896
vn -0.2202 0.2202 0.9503
vn -0.3554 0.3554 0.8645
vn -0.4891 0.4892 0.7221
vn -0.5974 0.5974 0.5350
vn -0.6662 0.6662 0.3353
vn -0.6987 0.6987 0.1537
vn -0.7067 0.7067 0.0352
vn -0.1243 0.0745 0.9894
vn -0.2688 0.1617 0.9495
vn -0.4330 0.2610 0.8627
vn -0.5947 0.3591 0.7193
vn -0.7247 0.4383 0.5317
vn -0.8068 0.4882 0.3327
vn -0.8455 0.5117 0.1524
vn -0.8551 0.5173 0.0349
vn -0.1396 0.0466 0.9891
vn -0.3022 0.1015 0.9478
vn -0.4858 0.1638 0.8586
vn -0.6645 0.2247 0.7127
vn -0.8064 0.2734 0.5244
vn -0.8949 0.3037 0.3269
vn -0.9363 0.3178 0.1494
vn -0.9465 0.3210 0.0341
vn -0.3198 0.0467 0.9463
vn -0.5133 0.0754 0.8549
vn -0.6999 0.1032 0.7067
vn -0.8463 0.1252 0.5178
vn -0.9366 0.1387 0.3217
vn -0.9785 0.1449 0.1467
vn -0.9887 0.1462 0.0335
vn -0.3228 0.0108 0.9464
vn -0.5191 0.0173 0.8545
vn -0.7082 0.0236 0.7056
vn -0.8560 0.0285 0.5161
vn -0.9468 0.0315 0.3201
vn -0.9888 0.0329 0.1458
vn 0.9890 0.1478 0.0050
vn 0.9888 0.1475 0.0214
vn 0.9464 0.3228 0.0108
vn 0.9463 0.3198 0.0467
vn 0.8545 0.5192 0.0173
vn 0.8549 0.5133 0.0754
vn 0.7056 0.7082 0.0236
vn 0.7067 0.6999 0.1032
vn 0.5161 0.8560 0.0285
vn 0.5178 0.8463 0.1252
vn 0.3201 0.9468 0.0315
vn 0.3217 0.9366 0.1387
vn 0.1467 0.9785 0.1449
vn 0.9891 0.1396 0.0466
vn 0.9478 0.3022 0.1015
vn 0.8586 0.4858 0.1638
vn 0.7127 0.6645 0.2247
vn 0.5244 0.8064 0.2734
vn 0.3269 0.8949 0.3037
vn 0.1494 0.9363 0.3178
vn 0.0341 0.9465 0.3210
vn 0.9894 0.1243 0.0745
vn 0.9495 0.2688 0.1617
vn 0.8627 0.4331 0.2611
vn 0.7193 0.5947 0.3591
vn 0.5317 0.7247 0.4382
vn 0.3327 0.8068 0.4882
vn 0.1524 0.8455 0.5117
vn 0.0349 0.8551 0.5173
vn 0.9896 0.1018 0.1018
vn 0.9503 0.2202 0.2202
vn 0.8645 0.3554 0.3554
vn 0.7221 0.4892 0.4891
vn 0.5350 0.5974 0.5974
vn 0.3353 0.6662 0.6662
vn 0.1537 0.6987 0.6987
vn 0.0352 0.7067 0.7067
vn 0.9894 0.0745 0.1243
vn 0.9495 0.1617 0.2688
vn 0.8627 0.2610 0.4330
vn 0.7193 0.3591 0.5947
vn 0.5317 0.4382 0.7247
vn 0.3327 0.4882 0.8068
vn 0.1524 0.5117 0.8455
vn 0.0349 0.5173 0.8551
vn 0.9891 0.0466 0.1396
vn 0.9478 0.1015 0.3022
vn 0.8586 0.1638 0.4858
vn 0.7127 0.2247 0.6645
vn 0.5244 0.2734 0.8064
vn 0.3269 0.3037 0.8949
vn 0.1494 0.3178 0.9363
vn 0.0341 0.3210 0.9465
vn 0.9463 0.0467 0.3198
vn 0.8549 0.0754 0.5133
vn 0.7067 0.1032 0.6999
vn 0.5178 0.1252 0.8463
vn 0.3217 0.1387 0.9366
vn 0.1467 0.1449 0.9785
vn 0.0335 0.1462 0.9887
vn 0.9464 0.0108 0.3228
vn 0.8545 0.0173 0.5192
vn 0.7056 0.0236 0.7082
vn 0.5161 0.0285 0.8560
vn 0.3201 0.0315 0.9468
vn -0.9890 0.1478 -0.0050
vn -0.9888 0.1475 -0.0214
vn -0.9464 0.3228 -0.0108
vn -0.9463 0.3198 -0.0467
vn -0.8545 0.5192 -0.0173
vn -0.8549 0.5133 -0.0754
vn -0.7056 0.7082 -0.0236
vn -0.7067 0.6999 -0.1032
vn -0.5161 0.8560 -0.0285
vn -0.5178 0.8463 -0.1252
vn -0.3201 0.9468 -0.0315
vn -0.3217 0.9366 -0.1387
vn -0.1467 0.9785 -0.1449
vn -0.9891 0.1396 -0.0466
vn -0.9478 0.3022 -0.1015
vn -0.8586 0.4858 -0.1638
vn -0.7127 0.6645 -0.2247
vn -0.5244 0.8064 -0.2734
vn -0.3269 0.8949 -0.3037
vn -0.1494 0.9363 -0.3178
vn -0.0341 0.9465 -0.3210
vn -0.9894 0.1243 -0.0745
vn -0.9495 0.2688 -0.1617
vn -0.8627 0.4331 -0.2611
vn -0.7193 0.5947 -0.3591
vn -0.5317 0.7247 -0.4382
vn -0.3327 0.8068 -0.4882
vn -0.1524 0.8455 -0.5117
vn -0.0349 0.8551 -0.5173
vn -0.9896 0.1018 -0.1018
vn -0.9503 0.2202 -0.2202
vn -0.8645 0.3554 -0.3554
vn -0.7221 0.4892 -0.4891
vn -0.5350 0.5974 -0.5974
vn -0.3353 0.6662 -0.6662
vn -0.1537 0.6987 -0.6987
vn -0.0352 0.7067 -0.7067
vn -0.9894 0.0745 -0.1243
vn -0.9495 0.1617 -0.2688
vn -0.8627 0.2610 -0.4330
vn -0.7193 0.3591 -0.5947
vn -0.5317 0.4382 -0.7247
vn -0.3327 0.4882 -0.8068
vn -0.1524 0.5117 -0.8455
vn -0.0349 0.5173 -0.8551
vn -0.9891 0.0466 -0.1396
vn -0.9478 0.1015 -0.3022
vn -0.8586 0.1638 -0.4858
vn -0.7127 0.2247 -0.6645
vn -0.5244 0.2734 -0.8064
vn -0.3269 0.3037 -0.8949
vn -0.1494 0.3178 -0.9363
vn -0.0341 0.3210 -0.9465
vn -0.9463 0.0467 -0.3198
vn -0.8549 0.0754 -0.5133
vn -0.7067 0.1032 -0.6999
vn -0.5178 0.1252 -0.8463
vn -0.3217 0.1387 -0.9366
vn -0.1467 0.1449 -0.9785
vn -0.0335 0.1462 -0.9887
vn -0.9464 0.0108 -0.3228
vn -0.8545 0.0173 -0.5192
vn -0.7056 0.0236 -0.7082
vn -0.5161 0.0285 -0.8560
vn -0.3201 0.0315 -0.9468
vn 0.0050 0.1478 -0.9890
vn 0.0214 0.1475 -0.9888
vn 0.0108 0.3228 -0.9464
vn 0.0467 0.3198 -0.9463
vn 0.0173 0.5192 -0.8545
vn 0.0754 0.5133 -0.8549
vn 0.0236 0.7082 -0.7056
vn 0.1032 0.6999 -0.7067
vn 0.0285 0.8560 -0.5161
vn 0.1252 0.8463 -0.5178
vn 0.0315 0.9468 -0.3201
vn 0.1387 0.9366 -0.3217
vn 0.1449 0.9785 -0.1467
vn 0.0466 0.1396 -0.9891
vn 0.1015 0.3022 -0.9478
vn 0.1638 0.4858 -0.8586
vn 0.2247 0.6645 -0.7127
vn 0.2734 0.8064 -0.5244
vn 0.3037 0.8949 -0.3269
vn 0.3178 0.9363 -0.1494
vn 0.3210 0.9465 -0.0341
vn 0.0745 0.1243 -0.9894
vn 0.1617 0.2688 -0.9495
vn 0.2611 0.4331 -0.8627
vn 0.3592 0.5947 -0.7193
vn 0.4382 0.7247 -0.5317
vn 0.4882 0.8068 -0.3327
vn 0.5117 0.8455 -0.1524
vn 0.5173 0.8551 -0.0349
vn 0.1018 0.1018 -0.9896
vn 0.2202 0.2202 -0.9503
vn 0.3554 0.3554 -0.8645
vn 0.4891 0.4892 -0.7221
vn 0.5974 0.5974 -0.5350
vn 0.6662 0.6662 -0.3353
vn 0.6987 0.6987 -0.1537
vn 0.7067 0.7067 -0.0352
vn 0.1243 0.0745 -0.9894
vn 0.2688 0.1617 -0.9495
vn 0.4330 0.2610 -0.8627
vn 0.5947 0.3591 -0.7193
vn 0.7247 0.4383 -0.5317
vn 0.8068 0.4882 -0.3327
vn 0.8455 0.5117 -0.1524
vn 0.8551 0.5173 -0.0349
vn 0.1396 0.0466 -0.9891
vn 0.3022 0.1015 -0.9478
vn 0.4858 0.1638 -0.8586
vn 0.6645 0.2247 -0.7127
vn 0.8064 0.2734 -0.5244
vn 0.8949 0.3037 -0.3269
vn 0.9363 0.3178 -0.1494
vn 0.9465 0.3210 -0.0341
vn 0.3198 0.0467 -0.9463
vn 0.5133 0.0754 -0.8549
vn 0.6999 0.1032 -0.7067
vn 0.8463 0.1252 -0.5178
vn 0.9366 0.1387 -0.3217
vn 0.9785 0.1449 -0.1467
vn 0.9887 0.1462 -0.0335
vn 0.3228 0.0108 -0.9464
vn 0.5191 0.0173 -0.8545
vn 0.7082 0.0236 -0.7056
vn 0.8560 0.0285 -0.5161
vn 0.9468 0.0315 -0.3201
# 328 vertex normals

vt 0.9011 0.0000 0.0000
vt 0.9243 0.0044 0.0000
vt 0.9444 0.0176 0.0000
vt 0.9614 0.0397 0.0000
vt 0.9753 0.0705 0.0000
vt 0.9861 0.1102 0.0000
vt 0.9938 0.1586 0.0000
vt 0.9985 0.2159 0.0000
vt 1.0000 0.2820 0.0000
vt 1.0000 0.7180 0.0000
vt 0.9985 0.7841 0.0000
vt 0.9938 0.8414 0.0000
vt 0.9861 0.8898 0.0000
vt 0.9753 0.9295 0.0000
vt 0.9614 0.9603 0.0000
vt 0.9444 0.9824 0.0000
vt 0.9243 0.9956 0.0000
vt 0.9011 1.0000 0.0000
vt 0.0989 1.0000 0.0000
vt 0.0757 0.9956 0.0000
vt 0.0556 0.9824 0.0000
vt 0.0386 0.9603 0.0000
vt 0.0247 0.9295 0.0000
vt 0.0139 0.8898 0.0000
vt 0.0062 0.8414 0.0000
vt 0.0015 0.7841 0.0000
vt 0.0000 0.7180 0.0000
vt 0.0000 0.2820 0.0000
vt 0.0015 0.2159 0.0000
vt 0.0062 0.1586 0.0000
vt 0.0139 0.1102 0.0000
vt 0.0247 0.0705 0.0000
vt 0.0386 0.0397 0.0000
vt 0.0556 0.0176 0.0000
vt 0.0757 0.0044 0.0000
vt 0.0989 0.0000 0.0000
vt 0.0989 0.2820 0.0000
vt 0.9011 0.2820 0.0000
vt 0.9011 0.7180 0.0000
vt 0.0989 0.7180 0.0000
vt 0.9011 0.9876 0.0000
vt 0.0989 0.9876 0.0000
vt 0.2820 0.0000 0.0000
vt 0.7180 0.0000 0.0000
vt 0.7180 0.9876 0.0000
vt 0.2820 0.9876 0.0000
vt 0.0000 1.0000 0.0000
vt 0.0989 1.2636 0.0000
vt 0.0989 1.2291 0.0000
vt 0.9011 1.2291 0.0000
vt 0.9011 1.2636 0.0000
vt 0.2820 0.5888 0.0000
vt 0.2820 0.6387 0.0000
vt 0.7180 0.6387 0.0000
vt 0.7180 0.5888 0.0000
vt 0.0858 -0.0039 0.0000
vt 0.1103 -0.0034 0.0000
vt 0.1124 0.9842 0.0000
vt 0.0882 0.9837 0.0000
vt 0.9118 0.9837 0.0000
vt 0.8876 0.9842 0.0000
vt 0.8897 -0.0034 0.0000
vt 0.9142 -0.0039 0.0000
vt 0.2443 -0.0106 0.0000
vt 0.2261 -0.0092 0.0000
vt 0.2204 0.9786 0.0000
vt 0.2378 0.9773 0.0000
vt 0.0730 0.9914 0.0000
vt 0.0448 0.9966 0.0000
vt 0.0143 1.0032 0.0000
vt -0.0186 1.0113 0.0000
vt -0.0537 1.0207 0.0000
vt -0.0912 1.0315 0.0000
vt -0.1310 1.0438 0.0000
vt -0.1732 1.0574 0.0000
vt -0.1353 1.0420 0.0000
vt -0.1082 1.0243 0.0000
vt -0.0920 1.0044 0.0000
vt -0.0866 0.9824 0.0000
vt -0.0920 0.9581 0.0000
vt -0.1082 0.9316 0.0000
vt -0.1353 0.9029 0.0000
vt -0.1732 0.8720 0.0000
vt 0.2188 0.9928 0.0000
vt 0.1702 1.0022 0.0000
vt 0.1362 1.0157 0.0000
vt 0.1168 1.0334 0.0000
vt 0.1121 1.0552 0.0000
vt 0.1219 1.0813 0.0000
vt 0.1463 1.1115 0.0000
vt 0.1854 1.1458 0.0000
vt 0.1411 1.1107 0.0000
vt 0.1009 1.0783 0.0000
vt 0.0648 1.0486 0.0000
vt 0.0328 1.0215 0.0000
vt 0.0049 0.9971 0.0000
vt -0.0189 0.9755 0.0000
vt -0.0387 0.9565 0.0000
vt -0.0543 0.9402 0.0000
vt 0.0989 1.1946 0.0000
vt 0.9011 1.1946 0.0000
vt 0.0989 1.1601 0.0000
vt 0.9011 1.1601 0.0000
vt 0.0989 1.1256 0.0000
vt 0.9011 1.1256 0.0000
vt 0.0989 1.0911 0.0000
vt 0.9011 1.0911 0.0000
vt 0.0989 1.0566 0.0000
vt 0.9011 1.0566 0.0000
vt 0.0989 1.0221 0.0000
vt 0.9011 1.0221 0.0000
vt 0.2820 0.6885 0.0000
vt 0.7180 0.6885 0.0000
vt 0.2820 0.7384 0.0000
vt 0.7180 0.7384 0.0000
vt 0.2820 0.7882 0.0000
vt 0.7180 0.7882 0.0000
vt 0.2820 0.8381 0.0000
vt 0.7180 0.8381 0.0000
vt 0.2820 0.8879 0.0000
vt 0.7180 0.8879 0.0000
vt 0.2820 0.9378 0.0000
vt 0.7180 0.9378 0.0000
vt 0.1349 -0.0029 0.0000
vt 0.1366 0.9847 0.0000
vt 0.1594 -0.0024 0.0000
vt 0.1609 0.9852 0.0000
vt 0.1839 -0.0020 0.0000
vt 0.1851 0.9857 0.0000
vt 0.2084 -0.0015 0.0000
vt 0.2093 0.9862 0.0000
vt 0.2330 -0.0010 0.0000
vt 0.2336 0.9867 0.0000
vt 0.2575 -0.0005 0.0000
vt 0.2578 0.9871 0.0000
vt 0.8634 0.9847 0.0000
vt 0.8651 -0.0029 0.0000
vt 0.8391 0.9852 0.0000
vt 0.8406 -0.0024 0.0000
vt 0.8149 0.9857 0.0000
vt 0.8161 -0.0020 0.0000
vt 0.7907 0.9862 0.0000
vt 0.7916 -0.0015 0.0000
vt 0.7664 0.9867 0.0000
vt 0.7670 -0.0010 0.0000
vt 0.7422 0.9871 0.0000
vt 0.7425 -0.0005 0.0000
vt 0.2079 -0.0079 0.0000
vt 0.2031 0.9799 0.0000
vt 0.1898 -0.0066 0.0000
vt 0.1857 0.9812 0.0000
vt 0.1716 -0.0053 0.0000
vt 0.1684 0.9825 0.0000
vt 0.1534 -0.0040 0.0000
vt 0.1510 0.9838 0.0000
vt 0.1353 -0.0026 0.0000
vt 0.1336 0.9851 0.0000
vt 0.1171 -0.0013 0.0000
vt 0.1163 0.9863 0.0000
# 159 texture coords

o Box009
g Box009
usemtl wire_062062062
s 1
f 1147/432/1143 1148/433/1144 1149/434/1145 1150/435/1146 1151/436/1147 1152/437/1148 1153/438/1149 1154/439/1150 1155/440/1151 1156/441/1152 1157/442/1153 1158/443/1154 1159/444/1155 1160/445/1156 1161/446/1157 1162/447/1158 1163/448/1159 1164/449/1160 1165/450/1161 1166/451/1162 1167/452/1163 1168/453/1164 1169/454/1165 1170/455/1166 1171/456/1167 1172/457/1168 1173/458/1169 1174/459/1170 1175/460/1171 1176/461/1172 1177/462/1173 1178/463/1174 1179/464/1175 1180/465/1176 1181/466/1177 1182/467/1178 
s 2
f 1183/468/1179 1184/469/1180 1185/470/1181 1186/471/1182 
f 1147/467/1143 1182/432/1178 1187/472/1183 1188/473/1184 
f 1174/474/1170 1173/475/1169 1189/476/1185 1190/477/1186 
f 1165/467/1161 1164/432/1160 1191/472/1187 1192/473/1188 
f 1156/474/1152 1155/475/1151 1193/476/1189 1194/477/1190 
f 1188/473/1184 1195/478/1191 1196/478/1192 
f 1190/477/1186 1197/478/1193 1198/478/1194 
f 1194/477/1190 1199/478/1195 1200/478/1196 
f 1192/473/1188 1201/478/1197 1202/478/1198 
f 1183/479/1179 1203/480/1199 1204/481/1200 1184/482/1180 
f 1184/483/1180 1205/484/1201 1206/485/1202 1185/486/1181 
f 1185/479/1181 1207/480/1203 1208/481/1204 1186/482/1182 
f 1186/483/1182 1209/484/1205 1210/485/1206 1183/486/1179 
f 1182/487/1178 1181/488/1177 1211/489/1207 1187/490/1183 
f 1188/491/1184 1196/492/1192 1148/493/1144 1147/494/1143 
f 1173/495/1169 1172/496/1168 1212/497/1208 1189/498/1185 
f 1164/487/1160 1163/488/1159 1213/489/1209 1191/490/1187 
f 1188/473/1184 1214/499/1210 1215/478/1211 
f 1214/499/1210 1216/500/1212 1217/478/1213 1215/478/1211 
f 1216/500/1212 1218/501/1214 1219/478/1215 1217/478/1213 
f 1218/501/1214 1220/502/1216 1221/478/1217 1219/478/1215 
f 1220/502/1216 1222/503/1218 1223/478/1219 1221/478/1217 
f 1222/503/1218 1224/504/1220 1225/478/1221 1223/478/1219 
f 1224/504/1220 1203/505/1199 1226/478/1222 1225/478/1221 
f 1203/505/1199 1183/506/1179 1210/507/1206 1226/478/1222 
f 1188/473/1184 1215/478/1211 1227/478/1223 
f 1215/478/1211 1217/478/1213 1228/478/1224 1227/478/1223 
f 1217/478/1213 1219/478/1215 1229/478/1225 1228/478/1224 
f 1219/478/1215 1221/478/1217 1230/478/1226 1229/478/1225 
f 1221/478/1217 1223/478/1219 1231/478/1227 1230/478/1226 
f 1223/478/1219 1225/478/1221 1232/478/1228 1231/478/1227 
f 1225/478/1221 1226/478/1222 1233/478/1229 1232/478/1228 
f 1226/478/1222 1210/507/1206 1234/508/1230 1233/478/1229 
f 1188/473/1184 1227/478/1223 1235/478/1231 
f 1227/478/1223 1228/478/1224 1236/478/1232 1235/478/1231 
f 1228/478/1224 1229/478/1225 1237/478/1233 1236/478/1232 
f 1229/478/1225 1230/478/1226 1238/478/1234 1237/478/1233 
f 1230/478/1226 1231/478/1227 1239/478/1235 1238/478/1234 
f 1231/478/1227 1232/478/1228 1240/478/1236 1239/478/1235 
f 1232/478/1228 1233/478/1229 1241/478/1237 1240/478/1236 
f 1233/478/1229 1234/508/1230 1242/509/1238 1241/478/1237 
f 1188/473/1184 1235/478/1231 1243/478/1239 
f 1235/478/1231 1236/478/1232 1244/478/1240 1243/478/1239 
f 1236/478/1232 1237/478/1233 1245/478/1241 1244/478/1240 
f 1237/478/1233 1238/478/1234 1246/478/1242 1245/478/1241 
f 1238/478/1234 1239/478/1235 1247/478/1243 1246/478/1242 
f 1239/478/1235 1240/478/1236 1248/478/1244 1247/478/1243 
f 1240/478/1236 1241/478/1237 1249/478/1245 1248/478/1244 
f 1241/478/1237 1242/509/1238 1250/510/1246 1249/478/1245 
f 1188/473/1184 1243/478/1239 1251/478/1247 
f 1243/478/1239 1244/478/1240 1252/478/1248 1251/478/1247 
f 1244/478/1240 1245/478/1241 1253/478/1249 1252/478/1248 
f 1245/478/1241 1246/478/1242 1254/478/1250 1253/478/1249 
f 1246/478/1242 1247/478/1243 1255/478/1251 1254/478/1250 
f 1247/478/1243 1248/478/1244 1256/478/1252 1255/478/1251 
f 1248/478/1244 1249/478/1245 1257/478/1253 1256/478/1252 
f 1249/478/1245 1250/510/1246 1258/511/1254 1257/478/1253 
f 1188/473/1184 1251/478/1247 1259/478/1255 
f 1251/478/1247 1252/478/1248 1260/478/1256 1259/478/1255 
f 1252/478/1248 1253/478/1249 1261/478/1257 1260/478/1256 
f 1253/478/1249 1254/478/1250 1262/478/1258 1261/478/1257 
f 1254/478/1250 1255/478/1251 1263/478/1259 1262/478/1258 
f 1255/478/1251 1256/478/1252 1264/478/1260 1263/478/1259 
f 1256/478/1252 1257/478/1253 1265/478/1261 1264/478/1260 
f 1257/478/1253 1258/511/1254 1266/512/1262 1265/478/1261 
f 1188/473/1184 1259/478/1255 1195/478/1191 
f 1259/478/1255 1260/478/1256 1267/478/1263 1195/478/1191 
f 1260/478/1256 1261/478/1257 1268/478/1264 1267/478/1263 
f 1261/478/1257 1262/478/1258 1269/478/1265 1268/478/1264 
f 1262/478/1258 1263/478/1259 1270/478/1266 1269/478/1265 
f 1263/478/1259 1264/478/1260 1271/478/1267 1270/478/1266 
f 1264/478/1260 1265/478/1261 1272/478/1268 1271/478/1267 
f 1265/478/1261 1266/512/1262 1273/513/1269 1272/478/1268 
f 1195/478/1191 1267/478/1263 1274/478/1270 1196/478/1192 
f 1267/478/1263 1268/478/1264 1275/478/1271 1274/478/1270 
f 1268/478/1264 1269/478/1265 1276/478/1272 1275/478/1271 
f 1269/478/1265 1270/478/1266 1277/478/1273 1276/478/1272 
f 1270/478/1266 1271/478/1267 1278/478/1274 1277/478/1273 
f 1271/478/1267 1272/478/1268 1279/478/1275 1278/478/1274 
f 1272/478/1268 1273/513/1269 1193/514/1189 1279/478/1275 
f 1190/477/1186 1280/515/1276 1281/478/1277 
f 1280/515/1276 1282/516/1278 1283/478/1279 1281/478/1277 
f 1282/516/1278 1284/517/1280 1285/478/1281 1283/478/1279 
f 1284/517/1280 1286/518/1282 1287/478/1283 1285/478/1281 
f 1286/518/1282 1288/519/1284 1289/478/1285 1287/478/1283 
f 1288/519/1284 1290/520/1286 1291/478/1287 1289/478/1285 
f 1290/520/1286 1205/521/1201 1292/478/1288 1291/478/1287 
f 1205/521/1201 1184/522/1180 1204/523/1200 1292/478/1288 
f 1190/477/1186 1281/478/1277 1293/478/1289 
f 1281/478/1277 1283/478/1279 1294/478/1290 1293/478/1289 
f 1283/478/1279 1285/478/1281 1295/478/1291 1294/478/1290 
f 1285/478/1281 1287/478/1283 1296/478/1292 1295/478/1291 
f 1287/478/1283 1289/478/1285 1297/478/1293 1296/478/1292 
f 1289/478/1285 1291/478/1287 1298/478/1294 1297/478/1293 
f 1291/478/1287 1292/478/1288 1299/478/1295 1298/478/1294 
f 1292/478/1288 1204/523/1200 1300/524/1296 1299/478/1295 
f 1190/477/1186 1293/478/1289 1301/478/1297 
f 1293/478/1289 1294/478/1290 1302/478/1298 1301/478/1297 
f 1294/478/1290 1295/478/1291 1303/478/1299 1302/478/1298 
f 1295/478/1291 1296/478/1292 1304/478/1300 1303/478/1299 
f 1296/478/1292 1297/478/1293 1305/478/1301 1304/478/1300 
f 1297/478/1293 1298/478/1294 1306/478/1302 1305/478/1301 
f 1298/478/1294 1299/478/1295 1307/478/1303 1306/478/1302 
f 1299/478/1295 1300/524/1296 1308/525/1304 1307/478/1303 
f 1190/477/1186 1301/478/1297 1309/478/1305 
f 1301/478/1297 1302/478/1298 1310/478/1306 1309/478/1305 
f 1302/478/1298 1303/478/1299 1311/478/1307 1310/478/1306 
f 1303/478/1299 1304/478/1300 1312/478/1308 1311/478/1307 
f 1304/478/1300 1305/478/1301 1313/478/1309 1312/478/1308 
f 1305/478/1301 1306/478/1302 1314/478/1310 1313/478/1309 
f 1306/478/1302 1307/478/1303 1315/478/1311 1314/478/1310 
f 1307/478/1303 1308/525/1304 1316/526/1312 1315/478/1311 
f 1190/477/1186 1309/478/1305 1317/478/1313 
f 1309/478/1305 1310/478/1306 1318/478/1314 1317/478/1313 
f 1310/478/1306 1311/478/1307 1319/478/1315 1318/478/1314 
f 1311/478/1307 1312/478/1308 1320/478/1316 1319/478/1315 
f 1312/478/1308 1313/478/1309 1321/478/1317 1320/478/1316 
f 1313/478/1309 1314/478/1310 1322/478/1318 1321/478/1317 
f 1314/478/1310 1315/478/1311 1323/478/1319 1322/478/1318 
f 1315/478/1311 1316/526/1312 1324/527/1320 1323/478/1319 
f 1190/477/1186 1317/478/1313 1325/478/1321 
f 1317/478/1313 1318/478/1314 1326/478/1322 1325/478/1321 
f 1318/478/1314 1319/478/1315 1327/478/1323 1326/478/1322 
f 1319/478/1315 1320/478/1316 1328/478/1324 1327/478/1323 
f 1320/478/1316 1321/478/1317 1329/478/1325 1328/478/1324 
f 1321/478/1317 1322/478/1318 1330/478/1326 1329/478/1325 
f 1322/478/1318 1323/478/1319 1331/478/1327 1330/478/1326 
f 1323/478/1319 1324/527/1320 1332/528/1328 1331/478/1327 
f 1190/477/1186 1325/478/1321 1197/478/1193 
f 1325/478/1321 1326/478/1322 1333/478/1329 1197/478/1193 
f 1326/478/1322 1327/478/1323 1334/478/1330 1333/478/1329 
f 1327/478/1323 1328/478/1324 1335/478/1331 1334/478/1330 
f 1328/478/1324 1329/478/1325 1336/478/1332 1335/478/1331 
f 1329/478/1325 1330/478/1326 1337/478/1333 1336/478/1332 
f 1330/478/1326 1331/478/1327 1338/478/1334 1337/478/1333 
f 1331/478/1327 1332/528/1328 1339/529/1335 1338/478/1334 
f 1197/478/1193 1333/478/1329 1340/478/1336 1198/478/1194 
f 1333/478/1329 1334/478/1330 1341/478/1337 1340/478/1336 
f 1334/478/1330 1335/478/1331 1342/478/1338 1341/478/1337 
f 1335/478/1331 1336/478/1332 1343/478/1339 1342/478/1338 
f 1336/478/1332 1337/478/1333 1344/478/1340 1343/478/1339 
f 1337/478/1333 1338/478/1334 1211/478/1207 1344/478/1340 
f 1338/478/1334 1339/529/1335 1187/530/1183 1211/478/1207 
f 1194/477/1190 1345/515/1341 1346/478/1342 
f 1345/515/1341 1347/516/1343 1348/478/1344 1346/478/1342 
f 1347/516/1343 1349/517/1345 1350/478/1346 1348/478/1344 
f 1349/517/1345 1351/518/1347 1352/478/1348 1350/478/1346 
f 1351/518/1347 1353/519/1349 1354/478/1350 1352/478/1348 
f 1353/519/1349 1355/520/1351 1356/478/1352 1354/478/1350 
f 1355/520/1351 1209/521/1205 1357/478/1353 1356/478/1352 
f 1209/521/1205 1186/522/1182 1208/523/1204 1357/478/1353 
f 1194/477/1190 1346/478/1342 1358/478/1354 
f 1346/478/1342 1348/478/1344 1359/478/1355 1358/478/1354 
f 1348/478/1344 1350/478/1346 1360/478/1356 1359/478/1355 
f 1350/478/1346 1352/478/1348 1361/478/1357 1360/478/1356 
f 1352/478/1348 1354/478/1350 1362/478/1358 1361/478/1357 
f 1354/478/1350 1356/478/1352 1363/478/1359 1362/478/1358 
f 1356/478/1352 1357/478/1353 1364/478/1360 1363/478/1359 
f 1357/478/1353 1208/523/1204 1365/524/1361 1364/478/1360 
f 1194/477/1190 1358/478/1354 1366/478/1362 
f 1358/478/1354 1359/478/1355 1367/478/1363 1366/478/1362 
f 1359/478/1355 1360/478/1356 1368/478/1364 1367/478/1363 
f 1360/478/1356 1361/478/1357 1369/478/1365 1368/478/1364 
f 1361/478/1357 1362/478/1358 1370/478/1366 1369/478/1365 
f 1362/478/1358 1363/478/1359 1371/478/1367 1370/478/1366 
f 1363/478/1359 1364/478/1360 1372/478/1368 1371/478/1367 
f 1364/478/1360 1365/524/1361 1373/525/1369 1372/478/1368 
f 1194/477/1190 1366/478/1362 1374/478/1370 
f 1366/478/1362 1367/478/1363 1375/478/1371 1374/478/1370 
f 1367/478/1363 1368/478/1364 1376/478/1372 1375/478/1371 
f 1368/478/1364 1369/478/1365 1377/478/1373 1376/478/1372 
f 1369/478/1365 1370/478/1366 1378/478/1374 1377/478/1373 
f 1370/478/1366 1371/478/1367 1379/478/1375 1378/478/1374 
f 1371/478/1367 1372/478/1368 1380/478/1376 1379/478/1375 
f 1372/478/1368 1373/525/1369 1381/526/1377 1380/478/1376 
f 1194/477/1190 1374/478/1370 1382/478/1378 
f 1374/478/1370 1375/478/1371 1383/478/1379 1382/478/1378 
f 1375/478/1371 1376/478/1372 1384/478/1380 1383/478/1379 
f 1376/478/1372 1377/478/1373 1385/478/1381 1384/478/1380 
f 1377/478/1373 1378/478/1374 1386/478/1382 1385/478/1381 
f 1378/478/1374 1379/478/1375 1387/478/1383 1386/478/1382 
f 1379/478/1375 1380/478/1376 1388/478/1384 1387/478/1383 
f 1380/478/1376 1381/526/1377 1389/527/1385 1388/478/1384 
f 1194/477/1190 1382/478/1378 1390/478/1386 
f 1382/478/1378 1383/478/1379 1391/478/1387 1390/478/1386 
f 1383/478/1379 1384/478/1380 1392/478/1388 1391/478/1387 
f 1384/478/1380 1385/478/1381 1393/478/1389 1392/478/1388 
f 1385/478/1381 1386/478/1382 1394/478/1390 1393/478/1389 
f 1386/478/1382 1387/478/1383 1395/478/1391 1394/478/1390 
f 1387/478/1383 1388/478/1384 1396/478/1392 1395/478/1391 
f 1388/478/1384 1389/527/1385 1397/528/1393 1396/478/1392 
f 1194/477/1190 1390/478/1386 1199/478/1195 
f 1390/478/1386 1391/478/1387 1398/478/1394 1199/478/1195 
f 1391/478/1387 1392/478/1388 1399/478/1395 1398/478/1394 
f 1392/478/1388 1393/478/1389 1400/478/1396 1399/478/1395 
f 1393/478/1389 1394/478/1390 1401/478/1397 1400/478/1396 
f 1394/478/1390 1395/478/1391 1402/478/1398 1401/478/1397 
f 1395/478/1391 1396/478/1392 1403/478/1399 1402/478/1398 
f 1396/478/1392 1397/528/1393 1404/529/1400 1403/478/1399 
f 1199/478/1195 1398/478/1394 1405/478/1401 1200/478/1196 
f 1398/478/1394 1399/478/1395 1406/478/1402 1405/478/1401 
f 1399/478/1395 1400/478/1396 1407/478/1403 1406/478/1402 
f 1400/478/1396 1401/478/1397 1408/478/1404 1407/478/1403 
f 1401/478/1397 1402/478/1398 1409/478/1405 1408/478/1404 
f 1402/478/1398 1403/478/1399 1213/478/1209 1409/478/1405 
f 1403/478/1399 1404/529/1400 1191/530/1187 1213/478/1209 
f 1192/473/1188 1410/499/1406 1411/478/1407 
f 1410/499/1406 1412/500/1408 1413/478/1409 1411/478/1407 
f 1412/500/1408 1414/501/1410 1415/478/1411 1413/478/1409 
f 1414/501/1410 1416/502/1412 1417/478/1413 1415/478/1411 
f 1416/502/1412 1418/503/1414 1419/478/1415 1417/478/1413 
f 1418/503/1414 1420/504/1416 1421/478/1417 1419/478/1415 
f 1420/504/1416 1207/505/1203 1422/478/1418 1421/478/1417 
f 1207/505/1203 1185/506/1181 1206/507/1202 1422/478/1418 
f 1192/473/1188 1411/478/1407 1423/478/1419 
f 1411/478/1407 1413/478/1409 1424/478/1420 1423/478/1419 
f 1413/478/1409 1415/478/1411 1425/478/1421 1424/478/1420 
f 1415/478/1411 1417/478/1413 1426/478/1422 1425/478/1421 
f 1417/478/1413 1419/478/1415 1427/478/1423 1426/478/1422 
f 1419/478/1415 1421/478/1417 1428/478/1424 1427/478/1423 
f 1421/478/1417 1422/478/1418 1429/478/1425 1428/478/1424 
f 1422/478/1418 1206/507/1202 1430/508/1426 1429/478/1425 
f 1192/473/1188 1423/478/1419 1431/478/1427 
f 1423/478/1419 1424/478/1420 1432/478/1428 1431/478/1427 
f 1424/478/1420 1425/478/1421 1433/478/1429 1432/478/1428 
f 1425/478/1421 1426/478/1422 1434/478/1430 1433/478/1429 
f 1426/478/1422 1427/478/1423 1435/478/1431 1434/478/1430 
f 1427/478/1423 1428/478/1424 1436/478/1432 1435/478/1431 
f 1428/478/1424 1429/478/1425 1437/478/1433 1436/478/1432 
f 1429/478/1425 1430/508/1426 1438/509/1434 1437/478/1433 
f 1192/473/1188 1431/478/1427 1439/478/1435 
f 1431/478/1427 1432/478/1428 1440/478/1436 1439/478/1435 
f 1432/478/1428 1433/478/1429 1441/478/1437 1440/478/1436 
f 1433/478/1429 1434/478/1430 1442/478/1438 1441/478/1437 
f 1434/478/1430 1435/478/1431 1443/478/1439 1442/478/1438 
f 1435/478/1431 1436/478/1432 1444/478/1440 1443/478/1439 
f 1436/478/1432 1437/478/1433 1445/478/1441 1444/478/1440 
f 1437/478/1433 1438/509/1434 1446/510/1442 1445/478/1441 
f 1192/473/1188 1439/478/1435 1447/478/1443 
f 1439/478/1435 1440/478/1436 1448/478/1444 1447/478/1443 
f 1440/478/1436 1441/478/1437 1449/478/1445 1448/478/1444 
f 1441/478/1437 1442/478/1438 1450/478/1446 1449/478/1445 
f 1442/478/1438 1443/478/1439 1451/478/1447 1450/478/1446 
f 1443/478/1439 1444/478/1440 1452/478/1448 1451/478/1447 
f 1444/478/1440 1445/478/1441 1453/478/1449 1452/478/1448 
f 1445/478/1441 1446/510/1442 1454/511/1450 1453/478/1449 
f 1192/473/1188 1447/478/1443 1455/478/1451 
f 1447/478/1443 1448/478/1444 1456/478/1452 1455/478/1451 
f 1448/478/1444 1449/478/1445 1457/478/1453 1456/478/1452 
f 1449/478/1445 1450/478/1446 1458/478/1454 1457/478/1453 
f 1450/478/1446 1451/478/1447 1459/478/1455 1458/478/1454 
f 1451/478/1447 1452/478/1448 1460/478/1456 1459/478/1455 
f 1452/478/1448 1453/478/1449 1461/478/1457 1460/478/1456 
f 1453/478/1449 1454/511/1450 1462/512/1458 1461/478/1457 
f 1192/473/1188 1455/478/1451 1201/478/1197 
f 1455/478/1451 1456/478/1452 1463/478/1459 1201/478/1197 
f 1456/478/1452 1457/478/1453 1464/478/1460 1463/478/1459 
f 1457/478/1453 1458/478/1454 1465/478/1461 1464/478/1460 
f 1458/478/1454 1459/478/1455 1466/478/1462 1465/478/1461 
f 1459/478/1455 1460/478/1456 1467/478/1463 1466/478/1462 
f 1460/478/1456 1461/478/1457 1468/478/1464 1467/478/1463 
f 1461/478/1457 1462/512/1458 1469/513/1465 1468/478/1464 
f 1201/478/1197 1463/478/1459 1470/478/1466 1202/478/1198 
f 1463/478/1459 1464/478/1460 1471/478/1467 1470/478/1466 
f 1464/478/1460 1465/478/1461 1472/478/1468 1471/478/1467 
f 1465/478/1461 1466/478/1462 1473/478/1469 1472/478/1468 
f 1466/478/1462 1467/478/1463 1474/478/1470 1473/478/1469 
f 1467/478/1463 1468/478/1464 1212/478/1208 1474/478/1470 
f 1468/478/1464 1469/513/1465 1189/514/1185 1212/478/1208 
f 1203/480/1199 1224/531/1220 1300/532/1296 1204/481/1200 
f 1224/531/1220 1222/533/1218 1308/534/1304 1300/532/1296 
f 1222/533/1218 1220/535/1216 1316/536/1312 1308/534/1304 
f 1220/535/1216 1218/537/1214 1324/538/1320 1316/536/1312 
f 1218/537/1214 1216/539/1212 1332/540/1328 1324/538/1320 
f 1216/539/1212 1214/541/1210 1339/542/1335 1332/540/1328 
f 1214/541/1210 1188/473/1184 1187/472/1183 1339/542/1335 
f 1205/484/1201 1290/543/1286 1430/544/1426 1206/485/1202 
f 1290/543/1286 1288/545/1284 1438/546/1434 1430/544/1426 
f 1288/545/1284 1286/547/1282 1446/548/1442 1438/546/1434 
f 1286/547/1282 1284/549/1280 1454/550/1450 1446/548/1442 
f 1284/549/1280 1282/551/1278 1462/552/1458 1454/550/1450 
f 1282/551/1278 1280/553/1276 1469/554/1465 1462/552/1458 
f 1280/553/1276 1190/477/1186 1189/476/1185 1469/554/1465 
f 1207/480/1203 1420/531/1416 1365/532/1361 1208/481/1204 
f 1420/531/1416 1418/533/1414 1373/534/1369 1365/532/1361 
f 1418/533/1414 1416/535/1412 1381/536/1377 1373/534/1369 
f 1416/535/1412 1414/537/1410 1389/538/1385 1381/536/1377 
f 1414/537/1410 1412/539/1408 1397/540/1393 1389/538/1385 
f 1412/539/1408 1410/541/1406 1404/542/1400 1397/540/1393 
f 1410/541/1406 1192/473/1188 1191/472/1187 1404/542/1400 
f 1209/484/1205 1355/543/1351 1234/544/1230 1210/485/1206 
f 1355/543/1351 1353/545/1349 1242/546/1238 1234/544/1230 
f 1353/545/1349 1351/547/1347 1250/548/1246 1242/546/1238 
f 1351/547/1347 1349/549/1345 1258/550/1254 1250/548/1246 
f 1349/549/1345 1347/551/1343 1266/552/1262 1258/550/1254 
f 1347/551/1343 1345/553/1341 1273/554/1269 1266/552/1262 
f 1345/553/1341 1194/477/1190 1193/476/1189 1273/554/1269 
f 1181/488/1177 1180/555/1176 1344/556/1340 1211/489/1207 
f 1180/555/1176 1179/557/1175 1343/558/1339 1344/556/1340 
f 1179/557/1175 1178/559/1174 1342/560/1338 1343/558/1339 
f 1178/559/1174 1177/561/1173 1341/562/1337 1342/560/1338 
f 1177/561/1173 1176/563/1172 1340/564/1336 1341/562/1337 
f 1176/563/1172 1175/565/1171 1198/566/1194 1340/564/1336 
f 1175/565/1171 1174/474/1170 1190/477/1186 1198/566/1194 
f 1196/492/1192 1274/567/1270 1149/568/1145 1148/493/1144 
f 1274/567/1270 1275/569/1271 1150/570/1146 1149/568/1145 
f 1275/569/1271 1276/571/1272 1151/572/1147 1150/570/1146 
f 1276/571/1272 1277/573/1273 1152/574/1148 1151/572/1147 
f 1277/573/1273 1278/575/1274 1153/576/1149 1152/574/1148 
f 1278/575/1274 1279/577/1275 1154/578/1150 1153/576/1149 
f 1279/577/1275 1193/476/1189 1155/475/1151 1154/578/1150 
f 1172/496/1168 1171/579/1167 1474/580/1470 1212/497/1208 
f 1171/579/1167 1170/581/1166 1473/582/1469 1474/580/1470 
f 1170/581/1166 1169/583/1165 1472/584/1468 1473/582/1469 
f 1169/583/1165 1168/585/1164 1471/586/1467 1472/584/1468 
f 1168/585/1164 1167/587/1163 1470/588/1466 1471/586/1467 
f 1167/587/1163 1166/589/1162 1202/590/1198 1470/588/1466 
f 1166/589/1162 1165/467/1161 1192/473/1188 1202/590/1198 
f 1163/488/1159 1162/555/1158 1409/556/1405 1213/489/1209 
f 1162/555/1158 1161/557/1157 1408/558/1404 1409/556/1405 
f 1161/557/1157 1160/559/1156 1407/560/1403 1408/558/1404 
f 1160/559/1156 1159/561/1155 1406/562/1402 1407/560/1403 
f 1159/561/1155 1158/563/1154 1405/564/1401 1406/562/1402 
f 1158/563/1154 1157/565/1153 1200/566/1196 1405/564/1401 
f 1157/565/1153 1156/474/1152 1194/477/1190 1200/566/1196 
# 294 polygons - 32 triangles

#
# object Box010
#

v  10.5714 58.1697 12.2908
v  10.5714 41.5649 12.2908
v  10.5714 41.5649 10.4027
v  10.5714 58.1697 10.4027
v  -9.5209 58.1698 13.8645
v  -9.5209 41.5649 13.8645
v  10.2482 41.5649 13.8643
v  10.2477 58.1655 13.8644
v  -9.5209 38.8977 12.2908
v  -9.5209 38.8977 10.4027
v  10.2482 38.8981 10.4027
v  10.2477 38.8978 12.2883
v  -9.5209 41.5649 8.8291
v  -9.5209 58.1698 8.8291
v  10.2482 58.1697 8.8293
v  10.2477 41.5691 8.8291
v  -9.5209 60.8369 10.4027
v  -9.5209 60.8369 12.2908
v  10.2482 60.8366 12.2908
v  10.2477 60.8368 10.4052
v  10.2609 58.7148 13.8416
v  10.2460 58.7225 13.8417
v  10.2609 38.9365 12.6124
v  10.2460 38.9364 12.6169
v  10.2609 60.7981 10.0811
v  10.2460 60.7983 10.0766
v  10.2609 41.0198 8.8519
v  10.2460 41.0121 8.8519
v  10.5667 41.5647 12.6163
v  10.5667 58.1695 12.6162
v  10.5667 41.0132 10.4026
v  10.5667 41.0134 12.2907
v  10.5667 58.1699 10.0772
v  10.5667 41.5651 10.0774
v  10.5667 58.7215 12.2909
v  10.5667 58.7212 10.4029
v  10.2482 41.0134 13.8416
v  -9.5209 41.0132 13.8418
v  -9.5209 58.7214 13.8418
v  10.2482 38.9365 10.0774
v  -9.5209 38.9362 10.0772
v  10.2482 58.7212 8.8520
v  -9.5209 58.7214 8.8518
v  10.3152 58.1515 13.8417
v  10.3143 58.2743 13.8416
v  10.3773 58.3879 13.7689
v  10.3792 58.1552 13.7689
v  10.4343 58.4887 13.6399
v  10.4371 58.1595 13.6397
v  10.4832 58.5740 13.4515
v  10.4867 58.1635 13.4511
v  10.5213 58.6405 13.2100
v  10.5254 58.1667 13.2094
v  10.5474 58.6867 12.9280
v  10.5518 58.1686 12.9275
v  10.5621 58.7131 12.6165
v  10.3109 58.3878 13.8417
v  10.3708 58.6048 13.7695
v  10.4251 58.7986 13.6413
v  10.4717 58.9637 13.4538
v  10.5082 59.0929 13.2125
v  10.5333 59.1823 12.9301
v  10.5474 59.2333 12.6176
v  10.5518 59.2493 12.2912
v  10.3052 58.4881 13.8418
v  10.3597 58.7973 13.7701
v  10.4092 59.0755 13.6429
v  10.4517 59.3139 13.4563
v  10.4852 59.5012 13.2153
v  10.5082 59.6307 12.9323
v  10.5212 59.7043 12.6187
v  10.5253 59.7273 12.2914
v  10.2971 58.5731 13.8419
v  10.3441 58.9608 13.7704
v  10.3866 59.3115 13.6435
v  10.4232 59.6134 13.4574
v  10.4519 59.8509 13.2165
v  10.4718 60.0151 12.9332
v  10.4831 60.1079 12.6192
v  10.4866 60.1370 12.2916
v  10.2868 58.6400 13.8418
v  10.3243 59.0899 13.7701
v  10.3580 59.4978 13.6429
v  10.3869 59.8492 13.4563
v  10.4096 60.1252 13.2153
v  10.4253 60.3154 12.9323
v  10.4342 60.4228 12.6187
v  10.4370 60.4564 12.2914
v  10.2746 58.6873 13.8417
v  10.3009 59.1813 13.7695
v  10.3244 59.6291 13.6413
v  10.3444 60.0140 13.4538
v  10.3601 60.3152 13.2125
v  10.3709 60.5220 12.9301
v  10.3771 60.6385 12.6176
v  10.3790 60.6750 12.2912
v  10.2747 59.2346 13.7689
v  10.2869 59.7053 13.6399
v  10.2972 60.1087 13.4515
v  10.3053 60.4233 13.2100
v  10.3109 60.6387 12.9280
v  10.3141 60.7601 12.6165
v  10.3151 60.7981 12.2909
v  10.2465 59.2505 13.7689
v  10.2470 59.7285 13.6397
v  10.2475 60.1380 13.4511
v  10.2479 60.4570 13.2094
v  10.2481 60.6753 12.9275
v  10.2482 60.7981 12.6162
v  10.3152 38.9364 12.2800
v  10.3143 38.9365 12.3525
v  10.3773 39.0597 12.4195
v  10.3792 39.0597 12.2823
v  10.4343 39.2784 12.4790
v  10.4371 39.2786 12.2847
v  10.4832 39.5976 12.5293
v  10.4867 39.5983 12.2871
v  10.5213 40.0070 12.5686
v  10.5254 40.0081 12.2890
v  10.5474 40.4849 12.5958
v  10.5518 40.4858 12.2901
v  10.5621 41.0128 12.6114
v  10.3109 38.9363 12.4195
v  10.3708 39.0587 12.5475
v  10.4251 39.2760 12.6619
v  10.4717 39.5937 12.7593
v  10.5082 40.0027 12.8355
v  10.5333 40.4814 12.8882
v  10.5474 41.0111 12.9183
v  10.5518 41.5643 12.9278
v  10.3052 38.9361 12.4787
v  10.3597 39.0576 12.6611
v  10.4092 39.2733 12.8252
v  10.4517 39.5895 12.9659
v  10.4852 39.9980 13.0764
v  10.5082 40.4777 13.1528
v  10.5212 41.0092 13.1962
v  10.5253 41.5638 13.2098
v  10.2971 38.9360 12.5288
v  10.3441 39.0572 12.7575
v  10.3866 39.2722 12.9644
v  10.4232 39.5876 13.1426
v  10.4519 39.9959 13.2827
v  10.4718 40.4761 13.3796
v  10.4831 41.0083 13.4344
v  10.4866 41.5636 13.4515
v  10.2868 38.9361 12.5683
v  10.3243 39.0576 12.8337
v  10.3580 39.2733 13.0744
v  10.3869 39.5895 13.2817
v  10.4096 39.9980 13.4446
v  10.4253 40.4777 13.5568
v  10.4342 41.0092 13.6201
v  10.4370 41.5638 13.6400
v  10.2746 38.9363 12.5962
v  10.3009 39.0587 12.8877
v  10.3244 39.2760 13.1519
v  10.3444 39.5937 13.3789
v  10.3601 40.0027 13.5566
v  10.3709 40.4815 13.6787
v  10.3771 41.0111 13.7474
v  10.3790 41.5643 13.7689
v  10.2747 39.0597 12.9191
v  10.2869 39.2784 13.1968
v  10.2972 39.5976 13.4348
v  10.3053 40.0070 13.6204
v  10.3109 40.4849 13.7475
v  10.3141 41.0128 13.8191
v  10.3151 41.5647 13.8415
v  10.2465 39.0597 12.9285
v  10.2470 39.2786 13.2105
v  10.2475 39.5983 13.4521
v  10.2479 40.0081 13.6403
v  10.2481 40.4858 13.7691
v  10.3152 60.7983 10.4135
v  10.3143 60.7981 10.3411
v  10.3773 60.6749 10.2740
v  10.3792 60.6750 10.4113
v  10.4343 60.4562 10.2146
v  10.4371 60.4560 10.4088
v  10.4832 60.1370 10.1642
v  10.4867 60.1363 10.4064
v  10.5213 59.7276 10.1250
v  10.5254 59.7266 10.4045
v  10.5474 59.2498 10.0977
v  10.5518 59.2488 10.4034
v  10.5621 58.7218 10.0821
v  10.3109 60.7983 10.2741
v  10.3708 60.6759 10.1461
v  10.4251 60.4586 10.0317
v  10.4717 60.1409 9.9343
v  10.5082 59.7319 9.8581
v  10.5333 59.2532 9.8053
v  10.5474 58.7235 9.7752
v  10.5518 58.1703 9.7658
v  10.3052 60.7985 10.2149
v  10.3597 60.6770 10.0325
v  10.4092 60.4613 9.8684
v  10.4517 60.1451 9.7277
v  10.4852 59.7367 9.6172
v  10.5082 59.2569 9.5407
v  10.5212 58.7255 9.4973
v  10.5253 58.1708 9.4838
v  10.2971 60.7986 10.1648
v  10.3441 60.6775 9.9360
v  10.3866 60.4625 9.7291
v  10.4232 60.1470 9.5510
v  10.4519 59.7387 9.4108
v  10.4718 59.2586 9.3140
v  10.4831 58.7263 9.2592
v  10.4866 58.1710 9.2420
v  10.2868 60.7985 10.1253
v  10.3243 60.6770 9.8598
v  10.3580 60.4613 9.6192
v  10.3869 60.1451 9.4118
v  10.4096 59.7367 9.2490
v  10.4253 59.2569 9.1367
v  10.4342 58.7255 9.0734
v  10.4370 58.1708 9.0536
v  10.2746 60.7983 10.0974
v  10.3009 60.6759 9.8059
v  10.3244 60.4586 9.5417
v  10.3444 60.1409 9.3146
v  10.3601 59.7319 9.1369
v  10.3709 59.2532 9.0149
v  10.3771 58.7235 8.9461
v  10.3790 58.1703 8.9246
v  10.2747 60.6749 9.7744
v  10.2869 60.4562 9.4967
v  10.2972 60.1370 9.2587
v  10.3053 59.7276 9.0731
v  10.3109 59.2498 8.9460
v  10.3141 58.7218 8.8744
v  10.3151 58.1699 8.8520
v  10.2465 60.6750 9.7651
v  10.2470 60.4560 9.4830
v  10.2475 60.1363 9.2414
v  10.2479 59.7266 9.0532
v  10.2481 59.2488 8.9245
v  10.3152 41.5832 8.8519
v  10.3143 41.4604 8.8519
v  10.3773 41.3467 8.9247
v  10.3792 41.5794 8.9246
v  10.4343 41.2459 9.0537
v  10.4371 41.5752 9.0538
v  10.4832 41.1606 9.2420
v  10.4867 41.5711 9.2424
v  10.5213 41.0941 9.4836
v  10.5254 41.5680 9.4842
v  10.5474 41.0480 9.7655
v  10.5518 41.5660 9.7661
v  10.5621 41.0215 10.0770
v  10.3109 41.3468 8.8518
v  10.3708 41.1298 8.9241
v  10.4251 40.9360 9.0523
v  10.4717 40.7709 9.2397
v  10.5082 40.6417 9.4810
v  10.5333 40.5523 9.7635
v  10.5474 40.5013 10.0760
v  10.5518 40.4853 10.4024
v  10.3052 41.2465 8.8517
v  10.3597 40.9373 8.9234
v  10.4092 40.6592 9.0507
v  10.4517 40.4207 9.2372
v  10.4852 40.2334 9.4782
v  10.5082 40.1039 9.7613
v  10.5212 40.0304 10.0749
v  10.5253 40.0073 10.4021
v  10.2971 41.1616 8.8517
v  10.3441 40.7738 8.9231
v  10.3866 40.4232 9.0500
v  10.4232 40.1213 9.2361
v  10.4519 39.8837 9.4770
v  10.4718 39.7196 9.7603
v  10.4831 39.6267 10.0744
v  10.4866 39.5976 10.4020
v  10.2868 41.0946 8.8517
v  10.3243 40.6447 8.9234
v  10.3580 40.2368 9.0507
v  10.3869 39.8854 9.2372
v  10.4096 39.6094 9.4782
v  10.4253 39.4192 9.7613
v  10.4342 39.3119 10.0749
v  10.4370 39.2783 10.4021
v  10.2746 41.0473 8.8518
v  10.3009 40.5533 8.9241
v  10.3244 40.1055 9.0523
v  10.3444 39.7206 9.2397
v  10.3601 39.4195 9.4810
v  10.3709 39.2126 9.7635
v  10.3771 39.0961 10.0760
v  10.3790 39.0596 10.4024
v  10.2747 40.5000 8.9247
v  10.2869 40.0293 9.0537
v  10.2972 39.6259 9.2420
v  10.3053 39.3114 9.4836
v  10.3109 39.0959 9.7655
v  10.3141 38.9746 10.0770
v  10.3151 38.9366 10.4026
v  10.2465 40.4841 8.9246
v  10.2470 40.0061 9.0538
v  10.2475 39.5966 9.2424
v  10.2479 39.2777 9.4842
v  10.2481 39.0594 9.7661
v  -9.5209 40.4853 13.7692
v  -9.5209 40.0072 13.6402
v  -9.5209 39.5974 13.4517
v  -9.5209 39.2779 13.2098
v  -9.5209 39.0592 12.9278
v  -9.5209 38.9362 12.6163
v  -9.5209 59.2493 13.7692
v  -9.5209 59.7274 13.6402
v  -9.5209 60.1373 13.4517
v  -9.5209 60.4568 13.2098
v  -9.5209 60.6754 12.9278
v  -9.5209 60.7984 12.6163
v  -9.5209 39.0592 9.7658
v  -9.5209 39.2779 9.4837
v  -9.5209 39.5974 9.2419
v  -9.5209 40.0072 9.0534
v  -9.5209 40.4853 8.9244
v  -9.5209 41.0132 8.8518
v  -9.5209 59.2493 8.9244
v  -9.5209 59.7274 9.0534
v  -9.5209 60.1373 9.2419
v  -9.5209 60.4568 9.4837
v  -9.5209 60.6754 9.7658
v  -9.5209 60.7984 10.0772
v  10.4931 41.5864 10.4154
v  10.4931 41.5864 12.2781
v  10.4931 58.1482 12.2781
v  10.4931 58.1482 10.4154
v  10.2456 41.5864 13.4831
v  -9.5209 41.5864 13.4831
v  -9.5209 58.1482 13.4831
v  10.2456 58.1482 13.4831
v  10.2456 39.5441 10.4154
v  -9.5209 39.5441 10.4154
v  -9.5209 39.5441 12.2781
v  10.2456 39.5441 12.2781
v  10.2456 58.1482 9.2105
v  -9.5209 58.1482 9.2105
v  -9.5209 41.5864 9.2105
v  10.2456 41.5864 9.2105
v  10.2456 60.1905 12.2781
v  -9.5209 60.1905 12.2781
v  -9.5209 60.1905 10.4154
v  10.2456 60.1905 10.4154
v  10.2456 58.6269 13.4643
v  10.2592 58.6194 13.4643
v  10.2456 39.5760 12.5605
v  10.2592 39.5760 12.5561
v  10.2456 60.1586 10.1330
v  10.2592 60.1586 10.1374
v  10.2456 41.1077 9.2293
v  10.2592 41.1152 9.2293
v  10.4892 41.5864 12.5605
v  10.4892 58.1482 12.5605
v  10.4892 41.1077 10.4154
v  10.4892 41.1077 12.2781
v  10.4892 58.1482 10.1330
v  10.4892 41.5864 10.1330
v  10.4892 58.6269 12.2781
v  10.4892 58.6269 10.4154
v  10.2456 41.1077 13.4643
v  -9.5209 41.1077 13.4643
v  -9.5209 58.6269 13.4643
v  10.2456 39.5760 10.1330
v  -9.5209 39.5760 10.1330
v  10.2456 58.6269 9.2293
v  -9.5209 58.6269 9.2293
v  10.3027 58.2604 13.4643
v  10.3036 58.1482 13.4643
v  10.3522 58.3577 13.4078
v  10.3539 58.1482 13.4078
v  10.3941 58.4399 13.3136
v  10.3964 58.1482 13.3136
v  10.4283 58.5072 13.1819
v  10.4312 58.1482 13.1819
v  10.4550 58.5596 13.0124
v  10.4583 58.1482 13.0124
v  10.4740 58.5970 12.8053
v  10.4776 58.1482 12.8053
v  10.4854 58.6194 12.5605
v  10.3000 58.3577 13.4643
v  10.3471 58.5392 13.4078
v  10.3870 58.6927 13.3136
v  10.4196 58.8184 13.1819
v  10.4450 58.9161 13.0124
v  10.4631 58.9859 12.8053
v  10.4740 59.0278 12.5605
v  10.4776 59.0417 12.2781
v  10.2955 58.4399 13.4643
v  10.3387 58.6927 13.4078
v  10.3752 58.9066 13.3136
v  10.4051 59.0816 13.1819
v  10.4284 59.2178 13.0124
v  10.4450 59.3150 12.8053
v  10.4550 59.3733 12.5605
v  10.4583 59.3928 12.2781
v  10.2891 58.5072 13.4643
v  10.3268 58.8184 13.4078
v  10.3587 59.0816 13.3136
v  10.3848 59.2970 13.1819
v  10.4051 59.4646 13.0124
v  10.4196 59.5842 12.8053
v  10.4283 59.6560 12.5605
v  10.4312 59.6800 12.2781
v  10.2810 58.5596 13.4643
v  10.3116 58.9161 13.4078
v  10.3375 59.2178 13.3136
v  10.3587 59.4646 13.1819
v  10.3752 59.6565 13.0124
v  10.3870 59.7936 12.8053
v  10.3941 59.8759 12.5605
v  10.3964 59.9033 12.2781
v  10.2710 58.5970 13.4643
v  10.2930 58.9859 13.4078
v  10.3116 59.3150 13.3136
v  10.3268 59.5842 13.1819
v  10.3387 59.7936 13.0124
v  10.3471 59.9432 12.8053
v  10.3522 60.0330 12.5605
v  10.3539 60.0629 12.2781
v  10.2710 59.0278 13.4078
v  10.2810 59.3733 13.3136
v  10.2891 59.6560 13.1819
v  10.2955 59.8759 13.0124
v  10.3000 60.0330 12.8053
v  10.3027 60.1272 12.5605
v  10.3036 60.1586 12.2781
v  10.2456 59.0417 13.4078
v  10.2456 59.3928 13.3136
v  10.2456 59.6800 13.1819
v  10.2456 59.9033 13.0124
v  10.2456 60.0629 12.8053
v  10.2456 60.1586 12.5605
v  10.3027 39.5760 12.3443
v  10.3036 39.5760 12.2781
v  10.3522 39.6718 12.4017
v  10.3539 39.6718 12.2781
v  10.3941 39.8313 12.4502
v  10.3964 39.8313 12.2781
v  10.4283 40.0547 12.4899
v  10.4312 40.0547 12.2781
v  10.4550 40.3419 12.5208
v  10.4583 40.3419 12.2781
v  10.4740 40.6929 12.5429
v  10.4776 40.6929 12.2781
v  10.4854 41.1077 12.5561
v  10.3000 39.5760 12.4017
v  10.3471 39.6718 12.5088
v  10.3870 39.8313 12.5994
v  10.4196 40.0547 12.6735
v  10.4450 40.3419 12.7312
v  10.4631 40.6929 12.7724
v  10.4740 41.1077 12.7971
v  10.4776 41.5864 12.8053
v  10.2955 39.5760 12.4502
v  10.3387 39.6718 12.5994
v  10.3752 39.8313 12.7256
v  10.4051 40.0547 12.8288
v  10.4284 40.3419 12.9091
v  10.4450 40.6929 12.9665
v  10.4550 41.1077 13.0009
v  10.4583 41.5864 13.0124
v  10.2891 39.5760 12.4899
v  10.3268 39.6718 12.6735
v  10.3587 39.8313 12.8288
v  10.3848 40.0547 12.9559
v  10.4051 40.3419 13.0548
v  10.4196 40.6929 13.1254
v  10.4283 41.1077 13.1677
v  10.4312 41.5864 13.1819
v  10.2810 39.5760 12.5208
v  10.3116 39.6718 12.7312
v  10.3375 39.8313 12.9091
v  10.3587 40.0547 13.0548
v  10.3752 40.3419 13.1680
v  10.3870 40.6929 13.2489
v  10.3941 41.1077 13.2975
v  10.3964 41.5864 13.3136
v  10.2710 39.5760 12.5429
v  10.2930 39.6718 12.7724
v  10.3116 39.8313 12.9665
v  10.3268 40.0547 13.1254
v  10.3387 40.3419 13.2489
v  10.3471 40.6929 13.3372
v  10.3522 41.1077 13.3901
v  10.3539 41.5864 13.4078
v  10.2710 39.6718 12.7971
v  10.2810 39.8313 13.0009
v  10.2891 40.0547 13.1677
v  10.2955 40.3419 13.2975
v  10.3000 40.6929 13.3901
v  10.3027 41.1077 13.4457
v  10.3036 41.5864 13.4643
v  10.2456 39.6718 12.8053
v  10.2456 39.8313 13.0124
v  10.2456 40.0547 13.1819
v  10.2456 40.3419 13.3136
v  10.2456 40.6929 13.4078
v  10.3027 60.1586 10.3492
v  10.3036 60.1586 10.4154
v  10.3522 60.0629 10.2919
v  10.3539 60.0629 10.4154
v  10.3941 59.9033 10.2433
v  10.3964 59.9033 10.4154
v  10.4283 59.6800 10.2036
v  10.4312 59.6800 10.4154
v  10.4550 59.3928 10.1727
v  10.4583 59.3928 10.4154
v  10.4740 59.0417 10.1507
v  10.4776 59.0417 10.4154
v  10.4854 58.6269 10.1374
v  10.3000 60.1586 10.2919
v  10.3471 60.0629 10.1848
v  10.3870 59.9033 10.0942
v  10.4196 59.6800 10.0200
v  10.4450 59.3928 9.9624
v  10.4631 59.0417 9.9212
v  10.4740 58.6269 9.8965
v  10.4776 58.1482 9.8882
v  10.2955 60.1586 10.2433
v  10.3387 60.0629 10.0942
v  10.3752 59.9033 9.9680
v  10.4051 59.6800 9.8647
v  10.4284 59.3928 9.7844
v  10.4450 59.0417 9.7270
v  10.4550 58.6269 9.6926
v  10.4583 58.1482 9.6811
v  10.2891 60.1586 10.2036
v  10.3268 60.0629 10.0200
v  10.3587 59.9033 9.8647
v  10.3848 59.6800 9.7376
v  10.4051 59.3928 9.6388
v  10.4196 59.0417 9.5682
v  10.4283 58.6269 9.5258
v  10.4312 58.1482 9.5117
v  10.2810 60.1586 10.1727
v  10.3116 60.0629 9.9624
v  10.3375 59.9033 9.7844
v  10.3587 59.6800 9.6388
v  10.3752 59.3928 9.5255
v  10.3870 59.0417 9.4446
v  10.3941 58.6269 9.3961
v  10.3964 58.1482 9.3799
v  10.2710 60.1586 10.1507
v  10.2930 60.0629 9.9212
v  10.3116 59.9033 9.7270
v  10.3268 59.6800 9.5682
v  10.3387 59.3928 9.4446
v  10.3471 59.0417 9.3564
v  10.3522 58.6269 9.3034
v  10.3539 58.1482 9.2858
v  10.2710 60.0629 9.8965
v  10.2810 59.9033 9.6926
v  10.2891 59.6800 9.5258
v  10.2955 59.3928 9.3961
v  10.3000 59.0417 9.3034
v  10.3027 58.6269 9.2478
v  10.3036 58.1482 9.2293
v  10.2456 60.0629 9.8882
v  10.2456 59.9033 9.6811
v  10.2456 59.6800 9.5117
v  10.2456 59.3928 9.3799
v  10.2456 59.0417 9.2858
v  10.3027 41.4742 9.2293
v  10.3036 41.5864 9.2293
v  10.3522 41.3770 9.2858
v  10.3539 41.5864 9.2858
v  10.3941 41.2947 9.3799
v  10.3964 41.5864 9.3799
v  10.4283 41.2274 9.5117
v  10.4312 41.5864 9.5117
v  10.4550 41.1750 9.6811
v  10.4583 41.5864 9.6811
v  10.4740 41.1376 9.8882
v  10.4776 41.5864 9.8882
v  10.4854 41.1152 10.1330
v  10.3000 41.3770 9.2293
v  10.3471 41.1955 9.2858
v  10.3870 41.0419 9.3799
v  10.4196 40.9163 9.5117
v  10.4450 40.8185 9.6811
v  10.4631 40.7487 9.8882
v  10.4740 40.7069 10.1330
v  10.4776 40.6929 10.4154
v  10.2955 41.2947 9.2293
v  10.3387 41.0419 9.2858
v  10.3752 40.8280 9.3799
v  10.4051 40.6530 9.5117
v  10.4284 40.5169 9.6811
v  10.4450 40.4197 9.8882
v  10.4550 40.3613 10.1330
v  10.4583 40.3419 10.4154
v  10.2891 41.2274 9.2293
v  10.3268 40.9163 9.2858
v  10.3587 40.6530 9.3799
v  10.3848 40.4376 9.5117
v  10.4051 40.2701 9.6811
v  10.4196 40.1504 9.8882
v  10.4283 40.0786 10.1330
v  10.4312 40.0547 10.4154
v  10.2810 41.1750 9.2293
v  10.3116 40.8185 9.2858
v  10.3375 40.5169 9.3799
v  10.3587 40.2701 9.5117
v  10.3752 40.0781 9.6811
v  10.3870 39.9410 9.8882
v  10.3941 39.8587 10.1330
v  10.3964 39.8313 10.4154
v  10.2710 41.1376 9.2293
v  10.2930 40.7487 9.2858
v  10.3116 40.4197 9.3799
v  10.3268 40.1504 9.5117
v  10.3387 39.9410 9.6811
v  10.3471 39.7914 9.8882
v  10.3522 39.7017 10.1330
v  10.3539 39.6718 10.4154
v  10.2710 40.7069 9.2858
v  10.2810 40.3613 9.3799
v  10.2891 40.0786 9.5117
v  10.2955 39.8587 9.6811
v  10.3000 39.7017 9.8882
v  10.3027 39.6074 10.1330
v  10.3036 39.5760 10.4154
v  10.2456 40.6929 9.2858
v  10.2456 40.3419 9.3799
v  10.2456 40.0547 9.5117
v  10.2456 39.8313 9.6811
v  10.2456 39.6718 9.8882
v  -9.5209 40.6929 13.4078
v  -9.5209 40.3419 13.3136
v  -9.5209 40.0547 13.1819
v  -9.5209 39.8313 13.0124
v  -9.5209 39.6718 12.8053
v  -9.5209 39.5760 12.5605
v  -9.5209 59.0417 13.4078
v  -9.5209 59.3928 13.3136
v  -9.5209 59.6800 13.1819
v  -9.5209 59.9033 13.0124
v  -9.5209 60.0629 12.8053
v  -9.5209 60.1586 12.5605
v  -9.5209 39.6718 9.8882
v  -9.5209 39.8313 9.6811
v  -9.5209 40.0547 9.5117
v  -9.5209 40.3419 9.3799
v  -9.5209 40.6929 9.2858
v  -9.5209 41.1077 9.2293
v  -9.5209 59.0417 9.2858
v  -9.5209 59.3928 9.3799
v  -9.5209 59.6800 9.5117
v  -9.5209 59.9033 9.6811
v  -9.5209 60.0629 9.8882
v  -9.5209 60.1586 10.1330
# 656 vertices

vn 0.9988 0.0348 0.0348
vn 0.9988 -0.0348 0.0348
vn 0.9988 -0.0348 -0.0348
vn 0.9988 0.0348 -0.0348
vn -0.6994 0.0249 0.7143
vn -0.6994 -0.0249 0.7143
vn 0.0348 -0.0348 0.9988
vn 0.0279 0.0279 0.9992
vn -0.6994 -0.7143 0.0249
vn -0.6994 -0.7143 -0.0249
vn 0.0348 -0.9988 -0.0348
vn 0.0279 -0.9992 0.0279
vn -0.6994 -0.0249 -0.7143
vn -0.6994 0.0249 -0.7143
vn 0.0348 0.0348 -0.9988
vn 0.0279 -0.0279 -0.9992
vn -0.6994 0.7143 -0.0249
vn -0.6994 0.7143 0.0249
vn 0.0348 0.9988 0.0348
vn 0.0279 0.9992 -0.0279
vn 0.0221 0.1508 0.9883
vn 0.0052 0.1502 0.9886
vn 0.0221 -0.9883 0.1508
vn 0.0052 -0.9886 0.1503
vn 0.0221 0.9883 -0.1508
vn 0.0052 0.9886 -0.1503
vn 0.0221 -0.1508 -0.9883
vn 0.0052 -0.1502 -0.9886
vn 0.9882 -0.0350 0.1488
vn 0.9883 0.0344 0.1483
vn 0.9882 -0.1488 -0.0350
vn 0.9883 -0.1483 0.0344
vn 0.9882 0.0350 -0.1488
vn 0.9883 -0.0344 -0.1483
vn 0.9882 0.1488 0.0350
vn 0.9883 0.1483 -0.0344
vn 0.0344 -0.1483 0.9883
vn -0.6896 -0.1077 0.7161
vn -0.6896 0.1077 0.7161
vn 0.0344 -0.9883 -0.1483
vn -0.6896 -0.7161 -0.1077
vn 0.0344 0.1483 -0.9883
vn -0.6896 0.1077 -0.7161
vn 0.1503 0.0052 0.9886
vn 0.1507 0.0221 0.9883
vn 0.3232 0.0480 0.9451
vn 0.3254 0.0112 0.9455
vn 0.5160 0.0771 0.8531
vn 0.5212 0.0181 0.8533
vn 0.7008 0.1052 0.7056
vn 0.7087 0.0247 0.7051
vn 0.8457 0.1273 0.5182
vn 0.8554 0.0298 0.5171
vn 0.9358 0.1410 0.3232
vn 0.9462 0.0330 0.3220
vn 0.9778 0.1474 0.1491
vn 0.1425 0.0479 0.9886
vn 0.3051 0.1033 0.9467
vn 0.4881 0.1659 0.8569
vn 0.6652 0.2267 0.7115
vn 0.8056 0.2750 0.5248
vn 0.8938 0.3055 0.3285
vn 0.9352 0.3198 0.1519
vn 0.9457 0.3231 0.0357
vn 0.1268 0.0763 0.9890
vn 0.2712 0.1639 0.9485
vn 0.4350 0.2634 0.8610
vn 0.5951 0.3609 0.7180
vn 0.7238 0.4393 0.5321
vn 0.8055 0.4893 0.3343
vn 0.8443 0.5129 0.1549
vn 0.8542 0.5187 0.0365
vn 0.1039 0.1039 0.9892
vn 0.2224 0.2224 0.9492
vn 0.3574 0.3574 0.8629
vn 0.4900 0.4900 0.7209
vn 0.5973 0.5973 0.5353
vn 0.6658 0.6658 0.3368
vn 0.6984 0.6984 0.1563
vn 0.7066 0.7066 0.0369
vn 0.0763 0.1268 0.9890
vn 0.1639 0.2712 0.9485
vn 0.2634 0.4350 0.8610
vn 0.3609 0.5951 0.7180
vn 0.4394 0.7238 0.5321
vn 0.4893 0.8055 0.3343
vn 0.5129 0.8443 0.1550
vn 0.5187 0.8542 0.0366
vn 0.0479 0.1425 0.9886
vn 0.1033 0.3051 0.9467
vn 0.1659 0.4881 0.8569
vn 0.2267 0.6652 0.7115
vn 0.2751 0.8056 0.5248
vn 0.3055 0.8938 0.3285
vn 0.3198 0.9352 0.1519
vn 0.3230 0.9457 0.0358
vn 0.0480 0.3232 0.9451
vn 0.0771 0.5160 0.8531
vn 0.1052 0.7008 0.7056
vn 0.1273 0.8457 0.5182
vn 0.1410 0.9358 0.3232
vn 0.1474 0.9778 0.1491
vn 0.1488 0.9882 0.0351
vn 0.0113 0.3254 0.9455
vn 0.0181 0.5212 0.8533
vn 0.0247 0.7087 0.7051
vn 0.0298 0.8554 0.5171
vn 0.0330 0.9462 0.3220
vn 0.0344 0.9883 0.1483
vn 0.1503 -0.9886 0.0051
vn 0.1507 -0.9883 0.0221
vn 0.3232 -0.9451 0.0480
vn 0.3254 -0.9455 0.0112
vn 0.5160 -0.8531 0.0771
vn 0.5212 -0.8533 0.0180
vn 0.7008 -0.7056 0.1052
vn 0.7087 -0.7051 0.0246
vn 0.8457 -0.5182 0.1273
vn 0.8554 -0.5171 0.0298
vn 0.9358 -0.3232 0.1410
vn 0.9462 -0.3219 0.0330
vn 0.9778 -0.1491 0.1474
vn 0.1425 -0.9886 0.0479
vn 0.3051 -0.9467 0.1033
vn 0.4881 -0.8569 0.1659
vn 0.6652 -0.7115 0.2267
vn 0.8056 -0.5248 0.2750
vn 0.8938 -0.3285 0.3055
vn 0.9352 -0.1519 0.3197
vn 0.9457 -0.0357 0.3230
vn 0.1268 -0.9890 0.0763
vn 0.2712 -0.9485 0.1639
vn 0.4350 -0.8610 0.2634
vn 0.5951 -0.7180 0.3609
vn 0.7238 -0.5321 0.4393
vn 0.8055 -0.3343 0.4893
vn 0.8443 -0.1550 0.5129
vn 0.8542 -0.0365 0.5187
vn 0.1039 -0.9892 0.1039
vn 0.2224 -0.9492 0.2224
vn 0.3574 -0.8629 0.3574
vn 0.4900 -0.7209 0.4900
vn 0.5973 -0.5353 0.5973
vn 0.6658 -0.3368 0.6658
vn 0.6984 -0.1563 0.6984
vn 0.7066 -0.0369 0.7066
vn 0.0763 -0.9890 0.1268
vn 0.1639 -0.9485 0.2712
vn 0.2634 -0.8610 0.4350
vn 0.3609 -0.7180 0.5951
vn 0.4393 -0.5321 0.7238
vn 0.4893 -0.3343 0.8055
vn 0.5129 -0.1549 0.8443
vn 0.5187 -0.0365 0.8542
vn 0.0479 -0.9886 0.1425
vn 0.1033 -0.9467 0.3051
vn 0.1659 -0.8569 0.4881
vn 0.2267 -0.7115 0.6652
vn 0.2751 -0.5248 0.8056
vn 0.3055 -0.3285 0.8938
vn 0.3198 -0.1519 0.9352
vn 0.3230 -0.0357 0.9457
vn 0.0480 -0.9451 0.3232
vn 0.0771 -0.8531 0.5160
vn 0.1052 -0.7056 0.7008
vn 0.1273 -0.5182 0.8457
vn 0.1410 -0.3232 0.9358
vn 0.1474 -0.1491 0.9778
vn 0.1488 -0.0350 0.9882
vn 0.0112 -0.9455 0.3254
vn 0.0181 -0.8533 0.5212
vn 0.0247 -0.7051 0.7087
vn 0.0298 -0.5171 0.8554
vn 0.0330 -0.3220 0.9462
vn 0.1503 0.9886 -0.0051
vn 0.1507 0.9883 -0.0221
vn 0.3232 0.9451 -0.0480
vn 0.3254 0.9455 -0.0112
vn 0.5160 0.8531 -0.0771
vn 0.5212 0.8533 -0.0180
vn 0.7008 0.7056 -0.1052
vn 0.7087 0.7051 -0.0246
vn 0.8457 0.5182 -0.1273
vn 0.8554 0.5171 -0.0298
vn 0.9358 0.3232 -0.1410
vn 0.9462 0.3219 -0.0330
vn 0.9778 0.1491 -0.1474
vn 0.1425 0.9886 -0.0479
vn 0.3051 0.9467 -0.1033
vn 0.4881 0.8569 -0.1659
vn 0.6652 0.7115 -0.2267
vn 0.8056 0.5248 -0.2750
vn 0.8938 0.3285 -0.3055
vn 0.9352 0.1519 -0.3197
vn 0.9457 0.0357 -0.3230
vn 0.1268 0.9890 -0.0763
vn 0.2712 0.9485 -0.1639
vn 0.4350 0.8610 -0.2634
vn 0.5951 0.7180 -0.3609
vn 0.7238 0.5321 -0.4393
vn 0.8055 0.3343 -0.4893
vn 0.8443 0.1550 -0.5129
vn 0.8542 0.0365 -0.5187
vn 0.1039 0.9892 -0.1039
vn 0.2224 0.9492 -0.2224
vn 0.3574 0.8629 -0.3574
vn 0.4900 0.7209 -0.4900
vn 0.5973 0.5353 -0.5973
vn 0.6658 0.3368 -0.6658
vn 0.6984 0.1563 -0.6984
vn 0.7066 0.0369 -0.7066
vn 0.0763 0.9890 -0.1268
vn 0.1639 0.9485 -0.2712
vn 0.2634 0.8610 -0.4350
vn 0.3609 0.7180 -0.5951
vn 0.4393 0.5321 -0.7238
vn 0.4893 0.3343 -0.8055
vn 0.5129 0.1549 -0.8443
vn 0.5187 0.0365 -0.8542
vn 0.0479 0.9886 -0.1425
vn 0.1033 0.9467 -0.3051
vn 0.1659 0.8569 -0.4881
vn 0.2267 0.7115 -0.6652
vn 0.2751 0.5248 -0.8056
vn 0.3055 0.3285 -0.8938
vn 0.3198 0.1519 -0.9352
vn 0.3230 0.0357 -0.9457
vn 0.0480 0.9451 -0.3232
vn 0.0771 0.8531 -0.5160
vn 0.1052 0.7056 -0.7008
vn 0.1273 0.5182 -0.8457
vn 0.1410 0.3232 -0.9358
vn 0.1474 0.1491 -0.9778
vn 0.1488 0.0350 -0.9882
vn 0.0112 0.9455 -0.3254
vn 0.0181 0.8533 -0.5212
vn 0.0247 0.7051 -0.7087
vn 0.0298 0.5171 -0.8554
vn 0.0330 0.3220 -0.9462
vn 0.1503 -0.0052 -0.9886
vn 0.1507 -0.0221 -0.9883
vn 0.3232 -0.0480 -0.9451
vn 0.3254 -0.0112 -0.9455
vn 0.5160 -0.0771 -0.8531
vn 0.5212 -0.0181 -0.8533
vn 0.7008 -0.1052 -0.7056
vn 0.7087 -0.0247 -0.7051
vn 0.8457 -0.1273 -0.5182
vn 0.8554 -0.0298 -0.5171
vn 0.9358 -0.1410 -0.3232
vn 0.9462 -0.0330 -0.3220
vn 0.9778 -0.1474 -0.1491
vn 0.1425 -0.0479 -0.9886
vn 0.3051 -0.1033 -0.9467
vn 0.4881 -0.1659 -0.8569
vn 0.6652 -0.2267 -0.7115
vn 0.8056 -0.2750 -0.5248
vn 0.8938 -0.3055 -0.3285
vn 0.9352 -0.3198 -0.1519
vn 0.9457 -0.3231 -0.0357
vn 0.1268 -0.0763 -0.9890
vn 0.2712 -0.1639 -0.9485
vn 0.4350 -0.2634 -0.8610
vn 0.5951 -0.3609 -0.7180
vn 0.7238 -0.4393 -0.5321
vn 0.8055 -0.4893 -0.3343
vn 0.8443 -0.5129 -0.1549
vn 0.8542 -0.5187 -0.0365
vn 0.1039 -0.1039 -0.9892
vn 0.2224 -0.2224 -0.9492
vn 0.3574 -0.3574 -0.8629
vn 0.4900 -0.4900 -0.7209
vn 0.5973 -0.5973 -0.5353
vn 0.6658 -0.6658 -0.3368
vn 0.6984 -0.6984 -0.1563
vn 0.7066 -0.7066 -0.0369
vn 0.0763 -0.1268 -0.9890
vn 0.1639 -0.2712 -0.9485
vn 0.2634 -0.4350 -0.8610
vn 0.3609 -0.5951 -0.7180
vn 0.4394 -0.7238 -0.5321
vn 0.4893 -0.8055 -0.3343
vn 0.5129 -0.8443 -0.1550
vn 0.5187 -0.8542 -0.0366
vn 0.0479 -0.1425 -0.9886
vn 0.1033 -0.3051 -0.9467
vn 0.1659 -0.4881 -0.8569
vn 0.2267 -0.6652 -0.7115
vn 0.2751 -0.8056 -0.5248
vn 0.3055 -0.8938 -0.3285
vn 0.3198 -0.9352 -0.1519
vn 0.3230 -0.9457 -0.0358
vn 0.0480 -0.3232 -0.9451
vn 0.0771 -0.5160 -0.8531
vn 0.1052 -0.7008 -0.7056
vn 0.1273 -0.8457 -0.5182
vn 0.1410 -0.9358 -0.3232
vn 0.1474 -0.9778 -0.1491
vn 0.1488 -0.9882 -0.0351
vn 0.0113 -0.3254 -0.9455
vn 0.0181 -0.5212 -0.8533
vn 0.0247 -0.7087 -0.7051
vn 0.0298 -0.8554 -0.5171
vn 0.0330 -0.9462 -0.3220
vn -0.6853 -0.2352 0.6892
vn -0.6818 -0.3796 0.6253
vn -0.6804 -0.5182 0.5182
vn -0.6818 -0.6253 0.3796
vn -0.6853 -0.6892 0.2352
vn -0.6896 -0.7161 0.1077
vn -0.6853 0.2352 0.6892
vn -0.6818 0.3796 0.6253
vn -0.6804 0.5182 0.5182
vn -0.6818 0.6253 0.3796
vn -0.6853 0.6892 0.2352
vn -0.6896 0.7161 0.1077
vn -0.6853 -0.6892 -0.2352
vn -0.6818 -0.6253 -0.3796
vn -0.6804 -0.5182 -0.5182
vn -0.6818 -0.3796 -0.6253
vn -0.6853 -0.2352 -0.6892
vn -0.6896 -0.1077 -0.7161
vn -0.6853 0.2352 -0.6892
vn -0.6818 0.3796 -0.6253
vn -0.6804 0.5182 -0.5182
vn -0.6818 0.6253 -0.3796
vn -0.6853 0.6892 -0.2352
vn -0.6896 0.7161 -0.1077
vn -0.9989 0.0332 0.0332
vn -0.9989 0.0332 -0.0332
vn -0.9989 -0.0332 -0.0332
vn -0.9989 -0.0332 0.0332
vn -0.0332 0.0332 -0.9989
vn -0.7147 0.0233 -0.6990
vn -0.7147 -0.0233 -0.6990
vn -0.0267 -0.0267 -0.9993
vn -0.0332 0.9989 0.0332
vn -0.7147 0.6990 0.0233
vn -0.7147 0.6990 -0.0233
vn -0.0267 0.9993 -0.0267
vn -0.0332 -0.0332 0.9989
vn -0.7147 -0.0233 0.6990
vn -0.7147 0.0233 0.6990
vn -0.0267 0.0267 0.9993
vn -0.0332 -0.9989 -0.0332
vn -0.7147 -0.6990 -0.0233
vn -0.7147 -0.6990 0.0233
vn -0.0267 -0.9993 0.0267
vn -0.0050 -0.1478 -0.9890
vn -0.0214 -0.1475 -0.9888
vn -0.0050 0.9890 -0.1478
vn -0.0214 0.9888 -0.1475
vn -0.0050 -0.9890 0.1478
vn -0.0214 -0.9888 0.1475
vn -0.0050 0.1478 0.9890
vn -0.0214 0.1475 0.9888
vn -0.9887 0.0335 -0.1462
vn -0.9888 -0.0329 -0.1458
vn -0.9887 0.1462 0.0335
vn -0.9888 0.1458 -0.0329
vn -0.9887 -0.0335 0.1462
vn -0.9888 0.0329 0.1458
vn -0.9887 -0.1462 -0.0335
vn -0.9888 -0.1458 0.0329
vn -0.0329 0.1458 -0.9888
vn -0.7256 0.1006 -0.6807
vn -0.7256 -0.1006 -0.6807
vn -0.0329 0.9888 0.1458
vn -0.7255 0.6808 0.1006
vn -0.0329 -0.1458 0.9888
vn -0.7256 -0.1006 0.6807
vn -0.1475 -0.0214 -0.9888
vn -0.1478 -0.0050 -0.9890
vn -0.3198 -0.0467 -0.9463
vn -0.3228 -0.0108 -0.9464
vn -0.5133 -0.0754 -0.8549
vn -0.5192 -0.0173 -0.8545
vn -0.6999 -0.1032 -0.7067
vn -0.7082 -0.0236 -0.7056
vn -0.8463 -0.1252 -0.5178
vn -0.8560 -0.0285 -0.5161
vn -0.9366 -0.1387 -0.3217
vn -0.9468 -0.0315 -0.3201
vn -0.9785 -0.1449 -0.1467
vn -0.1396 -0.0466 -0.9891
vn -0.3022 -0.1015 -0.9478
vn -0.4858 -0.1638 -0.8586
vn -0.6645 -0.2247 -0.7127
vn -0.8064 -0.2734 -0.5244
vn -0.8949 -0.3037 -0.3269
vn -0.9363 -0.3178 -0.1494
vn -0.9465 -0.3210 -0.0341
vn -0.1243 -0.0745 -0.9894
vn -0.2688 -0.1617 -0.9495
vn -0.4331 -0.2611 -0.8627
vn -0.5947 -0.3592 -0.7193
vn -0.7247 -0.4382 -0.5317
vn -0.8068 -0.4882 -0.3327
vn -0.8455 -0.5117 -0.1524
vn -0.8551 -0.5173 -0.0349
vn -0.1018 -0.1018 -0.9896
vn -0.2202 -0.2202 -0.9503
vn -0.3554 -0.3554 -0.8645
vn -0.4892 -0.4891 -0.7221
vn -0.5974 -0.5974 -0.5350
vn -0.6662 -0.6662 -0.3353
vn -0.6987 -0.6987 -0.1537
vn -0.7067 -0.7067 -0.0352
vn -0.0745 -0.1243 -0.9894
vn -0.1617 -0.2688 -0.9495
vn -0.2610 -0.4330 -0.8627
vn -0.3591 -0.5947 -0.7193
vn -0.4383 -0.7247 -0.5317
vn -0.4882 -0.8068 -0.3327
vn -0.5117 -0.8455 -0.1524
vn -0.5173 -0.8551 -0.0349
vn -0.0466 -0.1396 -0.9891
vn -0.1015 -0.3022 -0.9478
vn -0.1638 -0.4858 -0.8586
vn -0.2247 -0.6645 -0.7127
vn -0.2734 -0.8064 -0.5244
vn -0.3037 -0.8949 -0.3269
vn -0.3178 -0.9363 -0.1494
vn -0.3210 -0.9465 -0.0341
vn -0.0467 -0.3198 -0.9463
vn -0.0754 -0.5133 -0.8549
vn -0.1032 -0.6999 -0.7067
vn -0.1252 -0.8463 -0.5178
vn -0.1387 -0.9366 -0.3217
vn -0.1449 -0.9785 -0.1467
vn -0.1462 -0.9887 -0.0335
vn -0.0108 -0.3228 -0.9464
vn -0.0173 -0.5191 -0.8545
vn -0.0236 -0.7082 -0.7056
vn -0.0285 -0.8560 -0.5161
vn -0.0315 -0.9468 -0.3201
vn -0.0329 -0.9888 -0.1458
vn -0.1475 0.9888 -0.0214
vn -0.1478 0.9890 -0.0050
vn -0.3198 0.9463 -0.0467
vn -0.3228 0.9464 -0.0108
vn -0.5133 0.8549 -0.0754
vn -0.5192 0.8545 -0.0173
vn -0.6999 0.7067 -0.1032
vn -0.7082 0.7056 -0.0236
vn -0.8463 0.5178 -0.1252
vn -0.8560 0.5161 -0.0285
vn -0.9366 0.3217 -0.1387
vn -0.9468 0.3201 -0.0315
vn -0.9785 0.1467 -0.1449
vn -0.1396 0.9891 -0.0466
vn -0.3022 0.9478 -0.1015
vn -0.4858 0.8586 -0.1638
vn -0.6645 0.7127 -0.2247
vn -0.8064 0.5244 -0.2734
vn -0.8949 0.3269 -0.3037
vn -0.9363 0.1494 -0.3178
vn -0.9465 0.0341 -0.3210
vn -0.1243 0.9894 -0.0745
vn -0.2688 0.9495 -0.1617
vn -0.4331 0.8627 -0.2611
vn -0.5947 0.7193 -0.3591
vn -0.7247 0.5317 -0.4382
vn -0.8068 0.3327 -0.4882
vn -0.8455 0.1524 -0.5117
vn -0.8551 0.0349 -0.5173
vn -0.1018 0.9896 -0.1018
vn -0.2202 0.9503 -0.2202
vn -0.3554 0.8645 -0.3554
vn -0.4892 0.7221 -0.4891
vn -0.5974 0.5350 -0.5974
vn -0.6662 0.3353 -0.6662
vn -0.6987 0.1537 -0.6987
vn -0.7067 0.0352 -0.7067
vn -0.0745 0.9894 -0.1243
vn -0.1617 0.9495 -0.2688
vn -0.2610 0.8627 -0.4330
vn -0.3591 0.7193 -0.5947
vn -0.4382 0.5317 -0.7247
vn -0.4882 0.3327 -0.8068
vn -0.5117 0.1524 -0.8455
vn -0.5173 0.0349 -0.8551
vn -0.0466 0.9891 -0.1396
vn -0.1015 0.9478 -0.3022
vn -0.1638 0.8586 -0.4858
vn -0.2247 0.7127 -0.6645
vn -0.2734 0.5244 -0.8064
vn -0.3037 0.3269 -0.8949
vn -0.3178 0.1494 -0.9363
vn -0.3210 0.0341 -0.9465
vn -0.0467 0.9463 -0.3198
vn -0.0754 0.8549 -0.5133
vn -0.1032 0.7067 -0.6999
vn -0.1252 0.5178 -0.8463
vn -0.1387 0.3217 -0.9366
vn -0.1449 0.1467 -0.9785
vn -0.1462 0.0335 -0.9887
vn -0.0108 0.9464 -0.3228
vn -0.0173 0.8545 -0.5192
vn -0.0236 0.7056 -0.7082
vn -0.0285 0.5161 -0.8560
vn -0.0315 0.3201 -0.9468
vn -0.1475 -0.9888 0.0214
vn -0.1478 -0.9890 0.0050
vn -0.3198 -0.9463 0.0467
vn -0.3228 -0.9464 0.0108
vn -0.5133 -0.8549 0.0754
vn -0.5192 -0.8545 0.0173
vn -0.6999 -0.7067 0.1032
vn -0.7082 -0.7056 0.0236
vn -0.8463 -0.5178 0.1252
vn -0.8560 -0.5161 0.0285
vn -0.9366 -0.3217 0.1387
vn -0.9468 -0.3201 0.0315
vn -0.9785 -0.1467 0.1449
vn -0.1396 -0.9891 0.0466
vn -0.3022 -0.9478 0.1015
vn -0.4858 -0.8586 0.1638
vn -0.6645 -0.7127 0.2247
vn -0.8064 -0.5244 0.2734
vn -0.8949 -0.3269 0.3037
vn -0.9363 -0.1494 0.3178
vn -0.9465 -0.0341 0.3210
vn -0.1243 -0.9894 0.0745
vn -0.2688 -0.9495 0.1617
vn -0.4331 -0.8627 0.2611
vn -0.5947 -0.7193 0.3591
vn -0.7247 -0.5317 0.4382
vn -0.8068 -0.3327 0.4882
vn -0.8455 -0.1524 0.5117
vn -0.8551 -0.0349 0.5173
vn -0.1018 -0.9896 0.1018
vn -0.2202 -0.9503 0.2202
vn -0.3554 -0.8645 0.3554
vn -0.4892 -0.7221 0.4891
vn -0.5974 -0.5350 0.5974
vn -0.6662 -0.3353 0.6662
vn -0.6987 -0.1537 0.6987
vn -0.7067 -0.0352 0.7067
vn -0.0745 -0.9894 0.1243
vn -0.1617 -0.9495 0.2688
vn -0.2610 -0.8627 0.4330
vn -0.3591 -0.7193 0.5947
vn -0.4382 -0.5317 0.7247
vn -0.4882 -0.3327 0.8068
vn -0.5117 -0.1524 0.8455
vn -0.5173 -0.0349 0.8551
vn -0.0466 -0.9891 0.1396
vn -0.1015 -0.9478 0.3022
vn -0.1638 -0.8586 0.4858
vn -0.2247 -0.7127 0.6645
vn -0.2734 -0.5244 0.8064
vn -0.3037 -0.3269 0.8949
vn -0.3178 -0.1494 0.9363
vn -0.3210 -0.0341 0.9465
vn -0.0467 -0.9463 0.3198
vn -0.0754 -0.8549 0.5133
vn -0.1032 -0.7067 0.6999
vn -0.1252 -0.5178 0.8463
vn -0.1387 -0.3217 0.9366
vn -0.1449 -0.1467 0.9785
vn -0.1462 -0.0335 0.9887
vn -0.0108 -0.9464 0.3228
vn -0.0173 -0.8545 0.5192
vn -0.0236 -0.7056 0.7082
vn -0.0285 -0.5161 0.8560
vn -0.0315 -0.3201 0.9468
vn -0.1475 0.0214 0.9888
vn -0.1478 0.0050 0.9890
vn -0.3198 0.0467 0.9463
vn -0.3228 0.0108 0.9464
vn -0.5133 0.0754 0.8549
vn -0.5192 0.0173 0.8545
vn -0.6999 0.1032 0.7067
vn -0.7082 0.0236 0.7056
vn -0.8463 0.1252 0.5178
vn -0.8560 0.0285 0.5161
vn -0.9366 0.1387 0.3217
vn -0.9468 0.0315 0.3201
vn -0.9785 0.1449 0.1467
vn -0.1396 0.0466 0.9891
vn -0.3022 0.1015 0.9478
vn -0.4858 0.1638 0.8586
vn -0.6645 0.2247 0.7127
vn -0.8064 0.2734 0.5244
vn -0.8949 0.3037 0.3269
vn -0.9363 0.3178 0.1494
vn -0.9465 0.3210 0.0341
vn -0.1243 0.0745 0.9894
vn -0.2688 0.1617 0.9495
vn -0.4331 0.2611 0.8627
vn -0.5947 0.3592 0.7193
vn -0.7247 0.4382 0.5317
vn -0.8068 0.4882 0.3327
vn -0.8455 0.5117 0.1524
vn -0.8551 0.5173 0.0349
vn -0.1018 0.1018 0.9896
vn -0.2202 0.2202 0.9503
vn -0.3554 0.3554 0.8645
vn -0.4892 0.4891 0.7221
vn -0.5974 0.5974 0.5350
vn -0.6662 0.6662 0.3353
vn -0.6987 0.6987 0.1537
vn -0.7067 0.7067 0.0352
vn -0.0745 0.1243 0.9894
vn -0.1617 0.2688 0.9495
vn -0.2610 0.4330 0.8627
vn -0.3591 0.5947 0.7193
vn -0.4383 0.7247 0.5317
vn -0.4882 0.8068 0.3327
vn -0.5117 0.8455 0.1524
vn -0.5173 0.8551 0.0349
vn -0.0466 0.1396 0.9891
vn -0.1015 0.3022 0.9478
vn -0.1638 0.4858 0.8586
vn -0.2247 0.6645 0.7127
vn -0.2734 0.8064 0.5244
vn -0.3037 0.8949 0.3269
vn -0.3178 0.9363 0.1494
vn -0.3210 0.9465 0.0341
vn -0.0467 0.3198 0.9463
vn -0.0754 0.5133 0.8549
vn -0.1032 0.6999 0.7067
vn -0.1252 0.8463 0.5178
vn -0.1387 0.9366 0.3217
vn -0.1449 0.9785 0.1467
vn -0.1462 0.9887 0.0335
vn -0.0108 0.3228 0.9464
vn -0.0173 0.5191 0.8545
vn -0.0236 0.7082 0.7056
vn -0.0285 0.8560 0.5161
vn -0.0315 0.9468 0.3201
vn -0.7303 0.2192 -0.6470
vn -0.7344 0.3512 -0.5808
vn -0.7361 0.4786 -0.4786
vn -0.7344 0.5808 -0.3512
vn -0.7303 0.6470 -0.2192
vn -0.7255 0.6808 -0.1006
vn -0.7303 -0.2192 -0.6470
vn -0.7344 -0.3512 -0.5808
vn -0.7361 -0.4786 -0.4786
vn -0.7344 -0.5808 -0.3512
vn -0.7303 -0.6470 -0.2192
vn -0.7255 -0.6808 -0.1006
vn -0.7303 0.6470 0.2192
vn -0.7344 0.5808 0.3512
vn -0.7361 0.4786 0.4786
vn -0.7344 0.3512 0.5808
vn -0.7303 0.2192 0.6470
vn -0.7256 0.1006 0.6807
vn -0.7303 -0.2192 0.6470
vn -0.7344 -0.3512 0.5808
vn -0.7361 -0.4786 0.4786
vn -0.7344 -0.5808 0.3512
vn -0.7303 -0.6470 0.2192
vn -0.7255 -0.6808 0.1006
# 656 vertex normals

vt 0.0989 0.2820 0.0000
vt 0.9011 0.2820 0.0000
vt 0.9011 0.7180 0.0000
vt 0.0989 0.7180 0.0000
vt 0.0989 0.0000 0.0000
vt 0.9011 0.0000 0.0000
vt 0.9011 0.9876 0.0000
vt 0.0989 0.9876 0.0000
vt 0.2820 0.0000 0.0000
vt 0.7180 0.0000 0.0000
vt 0.7180 0.9876 0.0000
vt 0.2820 0.9876 0.0000
vt 0.0000 1.0000 0.0000
vt 0.9011 1.2291 0.0000
vt 0.9011 1.2636 0.0000
vt 0.0989 1.2636 0.0000
vt 0.0989 1.2291 0.0000
vt 0.7180 0.6387 0.0000
vt 0.7180 0.5888 0.0000
vt 0.2820 0.5888 0.0000
vt 0.2820 0.6387 0.0000
vt 0.1124 0.9842 0.0000
vt 0.0882 0.9837 0.0000
vt 0.0858 -0.0039 0.0000
vt 0.1103 -0.0034 0.0000
vt 0.8897 -0.0034 0.0000
vt 0.9142 -0.0039 0.0000
vt 0.9118 0.9837 0.0000
vt 0.8876 0.9842 0.0000
vt 0.2204 0.9786 0.0000
vt 0.2378 0.9773 0.0000
vt 0.2443 -0.0106 0.0000
vt 0.2261 -0.0092 0.0000
vt 0.0730 0.9914 0.0000
vt 0.0448 0.9966 0.0000
vt 0.0143 1.0032 0.0000
vt -0.0186 1.0113 0.0000
vt -0.0537 1.0207 0.0000
vt -0.0912 1.0315 0.0000
vt -0.1310 1.0438 0.0000
vt -0.1353 1.0420 0.0000
vt -0.1732 1.0574 0.0000
vt -0.1082 1.0243 0.0000
vt -0.0920 1.0044 0.0000
vt -0.0866 0.9824 0.0000
vt -0.0920 0.9581 0.0000
vt -0.1082 0.9316 0.0000
vt -0.1353 0.9029 0.0000
vt -0.1732 0.8720 0.0000
vt 0.2188 0.9928 0.0000
vt 0.1702 1.0022 0.0000
vt 0.1362 1.0157 0.0000
vt 0.1168 1.0334 0.0000
vt 0.1121 1.0552 0.0000
vt 0.1219 1.0813 0.0000
vt 0.1463 1.1115 0.0000
vt 0.1411 1.1107 0.0000
vt 0.1854 1.1458 0.0000
vt 0.1009 1.0783 0.0000
vt 0.0648 1.0486 0.0000
vt 0.0328 1.0215 0.0000
vt 0.0049 0.9971 0.0000
vt -0.0189 0.9755 0.0000
vt -0.0387 0.9565 0.0000
vt -0.0543 0.9402 0.0000
vt 0.9011 1.1946 0.0000
vt 0.0989 1.1946 0.0000
vt 0.9011 1.1601 0.0000
vt 0.0989 1.1601 0.0000
vt 0.9011 1.1256 0.0000
vt 0.0989 1.1256 0.0000
vt 0.9011 1.0911 0.0000
vt 0.0989 1.0911 0.0000
vt 0.9011 1.0566 0.0000
vt 0.0989 1.0566 0.0000
vt 0.9011 1.0221 0.0000
vt 0.0989 1.0221 0.0000
vt 0.7180 0.6885 0.0000
vt 0.2820 0.6885 0.0000
vt 0.7180 0.7384 0.0000
vt 0.2820 0.7384 0.0000
vt 0.7180 0.7882 0.0000
vt 0.2820 0.7882 0.0000
vt 0.7180 0.8381 0.0000
vt 0.2820 0.8381 0.0000
vt 0.7180 0.8879 0.0000
vt 0.2820 0.8879 0.0000
vt 0.7180 0.9378 0.0000
vt 0.2820 0.9378 0.0000
vt 0.1366 0.9847 0.0000
vt 0.1349 -0.0029 0.0000
vt 0.1609 0.9852 0.0000
vt 0.1594 -0.0024 0.0000
vt 0.1851 0.9857 0.0000
vt 0.1839 -0.0020 0.0000
vt 0.2093 0.9862 0.0000
vt 0.2084 -0.0015 0.0000
vt 0.2336 0.9867 0.0000
vt 0.2330 -0.0010 0.0000
vt 0.2578 0.9871 0.0000
vt 0.2575 -0.0005 0.0000
vt 0.8651 -0.0029 0.0000
vt 0.8634 0.9847 0.0000
vt 0.8406 -0.0024 0.0000
vt 0.8391 0.9852 0.0000
vt 0.8161 -0.0020 0.0000
vt 0.8149 0.9857 0.0000
vt 0.7916 -0.0015 0.0000
vt 0.7907 0.9862 0.0000
vt 0.7670 -0.0010 0.0000
vt 0.7664 0.9867 0.0000
vt 0.7425 -0.0005 0.0000
vt 0.7422 0.9871 0.0000
vt 0.2031 0.9799 0.0000
vt 0.2079 -0.0079 0.0000
vt 0.1857 0.9812 0.0000
vt 0.1898 -0.0066 0.0000
vt 0.1684 0.9825 0.0000
vt 0.1716 -0.0053 0.0000
vt 0.1510 0.9838 0.0000
vt 0.1534 -0.0040 0.0000
vt 0.1336 0.9851 0.0000
vt 0.1353 -0.0026 0.0000
vt 0.1163 0.9863 0.0000
vt 0.1171 -0.0013 0.0000
# 125 texture coords

o Box010
g Box010
usemtl wire_188188188
s 2
f 1475/591/1471 1476/592/1472 1477/593/1473 1478/594/1474 
f 1479/595/1475 1480/596/1476 1481/597/1477 1482/598/1478 
f 1483/599/1479 1484/600/1480 1485/601/1481 1486/602/1482 
f 1487/595/1483 1488/596/1484 1489/597/1485 1490/598/1486 
f 1491/599/1487 1492/600/1488 1493/601/1489 1494/602/1490 
f 1482/598/1478 1495/603/1491 1496/603/1492 
f 1486/602/1482 1497/603/1493 1498/603/1494 
f 1494/602/1490 1499/603/1495 1500/603/1496 
f 1490/598/1486 1501/603/1497 1502/603/1498 
f 1503/604/1499 1476/605/1472 1475/606/1471 1504/607/1500 
f 1505/608/1501 1477/609/1473 1476/610/1472 1506/611/1502 
f 1507/604/1503 1478/605/1474 1477/606/1473 1508/607/1504 
f 1509/608/1505 1475/609/1471 1478/610/1474 1510/611/1506 
f 1511/612/1507 1481/613/1477 1480/614/1476 1512/615/1508 
f 1513/616/1509 1479/617/1475 1482/618/1478 1496/619/1492 
f 1514/620/1510 1485/621/1481 1484/622/1480 1515/623/1511 
f 1516/612/1512 1489/613/1485 1488/614/1484 1517/615/1513 
f 1482/598/1478 1518/624/1514 1519/603/1515 
f 1520/603/1516 1519/603/1515 1518/624/1514 1521/625/1517 
f 1522/603/1518 1520/603/1516 1521/625/1517 1523/626/1519 
f 1524/603/1520 1522/603/1518 1523/626/1519 1525/627/1521 
f 1526/603/1522 1524/603/1520 1525/627/1521 1527/628/1523 
f 1528/603/1524 1526/603/1522 1527/628/1523 1529/629/1525 
f 1530/603/1526 1528/603/1524 1529/629/1525 1504/630/1500 
f 1509/631/1505 1530/603/1526 1504/630/1500 1475/632/1471 
f 1482/598/1478 1519/603/1515 1531/603/1527 
f 1532/603/1528 1531/603/1527 1519/603/1515 1520/603/1516 
f 1533/603/1529 1532/603/1528 1520/603/1516 1522/603/1518 
f 1534/603/1530 1533/603/1529 1522/603/1518 1524/603/1520 
f 1535/603/1531 1534/603/1530 1524/603/1520 1526/603/1522 
f 1536/603/1532 1535/603/1531 1526/603/1522 1528/603/1524 
f 1537/603/1533 1536/603/1532 1528/603/1524 1530/603/1526 
f 1538/633/1534 1537/603/1533 1530/603/1526 1509/631/1505 
f 1482/598/1478 1531/603/1527 1539/603/1535 
f 1540/603/1536 1539/603/1535 1531/603/1527 1532/603/1528 
f 1541/603/1537 1540/603/1536 1532/603/1528 1533/603/1529 
f 1542/603/1538 1541/603/1537 1533/603/1529 1534/603/1530 
f 1543/603/1539 1542/603/1538 1534/603/1530 1535/603/1531 
f 1544/603/1540 1543/603/1539 1535/603/1531 1536/603/1532 
f 1545/603/1541 1544/603/1540 1536/603/1532 1537/603/1533 
f 1546/634/1542 1545/603/1541 1537/603/1533 1538/633/1534 
f 1482/598/1478 1539/603/1535 1547/603/1543 
f 1548/603/1544 1547/603/1543 1539/603/1535 1540/603/1536 
f 1549/603/1545 1548/603/1544 1540/603/1536 1541/603/1537 
f 1550/603/1546 1549/603/1545 1541/603/1537 1542/603/1538 
f 1551/603/1547 1550/603/1546 1542/603/1538 1543/603/1539 
f 1552/603/1548 1551/603/1547 1543/603/1539 1544/603/1540 
f 1553/603/1549 1552/603/1548 1544/603/1540 1545/603/1541 
f 1554/635/1550 1553/603/1549 1545/603/1541 1546/634/1542 
f 1482/598/1478 1547/603/1543 1555/603/1551 
f 1556/603/1552 1555/603/1551 1547/603/1543 1548/603/1544 
f 1557/603/1553 1556/603/1552 1548/603/1544 1549/603/1545 
f 1558/603/1554 1557/603/1553 1549/603/1545 1550/603/1546 
f 1559/603/1555 1558/603/1554 1550/603/1546 1551/603/1547 
f 1560/603/1556 1559/603/1555 1551/603/1547 1552/603/1548 
f 1561/603/1557 1560/603/1556 1552/603/1548 1553/603/1549 
f 1562/636/1558 1561/603/1557 1553/603/1549 1554/635/1550 
f 1482/598/1478 1555/603/1551 1563/603/1559 
f 1564/603/1560 1563/603/1559 1555/603/1551 1556/603/1552 
f 1565/603/1561 1564/603/1560 1556/603/1552 1557/603/1553 
f 1566/603/1562 1565/603/1561 1557/603/1553 1558/603/1554 
f 1567/603/1563 1566/603/1562 1558/603/1554 1559/603/1555 
f 1568/603/1564 1567/603/1563 1559/603/1555 1560/603/1556 
f 1569/603/1565 1568/603/1564 1560/603/1556 1561/603/1557 
f 1570/637/1566 1569/603/1565 1561/603/1557 1562/636/1558 
f 1482/598/1478 1563/603/1559 1495/603/1491 
f 1571/603/1567 1495/603/1491 1563/603/1559 1564/603/1560 
f 1572/603/1568 1571/603/1567 1564/603/1560 1565/603/1561 
f 1573/603/1569 1572/603/1568 1565/603/1561 1566/603/1562 
f 1574/603/1570 1573/603/1569 1566/603/1562 1567/603/1563 
f 1575/603/1571 1574/603/1570 1567/603/1563 1568/603/1564 
f 1576/603/1572 1575/603/1571 1568/603/1564 1569/603/1565 
f 1577/638/1573 1576/603/1572 1569/603/1565 1570/637/1566 
f 1578/603/1574 1496/603/1492 1495/603/1491 1571/603/1567 
f 1579/603/1575 1578/603/1574 1571/603/1567 1572/603/1568 
f 1580/603/1576 1579/603/1575 1572/603/1568 1573/603/1569 
f 1581/603/1577 1580/603/1576 1573/603/1569 1574/603/1570 
f 1582/603/1578 1581/603/1577 1574/603/1570 1575/603/1571 
f 1583/603/1579 1582/603/1578 1575/603/1571 1576/603/1572 
f 1493/639/1489 1583/603/1579 1576/603/1572 1577/638/1573 
f 1486/602/1482 1584/640/1580 1585/603/1581 
f 1586/603/1582 1585/603/1581 1584/640/1580 1587/641/1583 
f 1588/603/1584 1586/603/1582 1587/641/1583 1589/642/1585 
f 1590/603/1586 1588/603/1584 1589/642/1585 1591/643/1587 
f 1592/603/1588 1590/603/1586 1591/643/1587 1593/644/1589 
f 1594/603/1590 1592/603/1588 1593/644/1589 1595/645/1591 
f 1596/603/1592 1594/603/1590 1595/645/1591 1506/646/1502 
f 1503/647/1499 1596/603/1592 1506/646/1502 1476/648/1472 
f 1486/602/1482 1585/603/1581 1597/603/1593 
f 1598/603/1594 1597/603/1593 1585/603/1581 1586/603/1582 
f 1599/603/1595 1598/603/1594 1586/603/1582 1588/603/1584 
f 1600/603/1596 1599/603/1595 1588/603/1584 1590/603/1586 
f 1601/603/1597 1600/603/1596 1590/603/1586 1592/603/1588 
f 1602/603/1598 1601/603/1597 1592/603/1588 1594/603/1590 
f 1603/603/1599 1602/603/1598 1594/603/1590 1596/603/1592 
f 1604/649/1600 1603/603/1599 1596/603/1592 1503/647/1499 
f 1486/602/1482 1597/603/1593 1605/603/1601 
f 1606/603/1602 1605/603/1601 1597/603/1593 1598/603/1594 
f 1607/603/1603 1606/603/1602 1598/603/1594 1599/603/1595 
f 1608/603/1604 1607/603/1603 1599/603/1595 1600/603/1596 
f 1609/603/1605 1608/603/1604 1600/603/1596 1601/603/1597 
f 1610/603/1606 1609/603/1605 1601/603/1597 1602/603/1598 
f 1611/603/1607 1610/603/1606 1602/603/1598 1603/603/1599 
f 1612/650/1608 1611/603/1607 1603/603/1599 1604/649/1600 
f 1486/602/1482 1605/603/1601 1613/603/1609 
f 1614/603/1610 1613/603/1609 1605/603/1601 1606/603/1602 
f 1615/603/1611 1614/603/1610 1606/603/1602 1607/603/1603 
f 1616/603/1612 1615/603/1611 1607/603/1603 1608/603/1604 
f 1617/603/1613 1616/603/1612 1608/603/1604 1609/603/1605 
f 1618/603/1614 1617/603/1613 1609/603/1605 1610/603/1606 
f 1619/603/1615 1618/603/1614 1610/603/1606 1611/603/1607 
f 1620/651/1616 1619/603/1615 1611/603/1607 1612/650/1608 
f 1486/602/1482 1613/603/1609 1621/603/1617 
f 1622/603/1618 1621/603/1617 1613/603/1609 1614/603/1610 
f 1623/603/1619 1622/603/1618 1614/603/1610 1615/603/1611 
f 1624/603/1620 1623/603/1619 1615/603/1611 1616/603/1612 
f 1625/603/1621 1624/603/1620 1616/603/1612 1617/603/1613 
f 1626/603/1622 1625/603/1621 1617/603/1613 1618/603/1614 
f 1627/603/1623 1626/603/1622 1618/603/1614 1619/603/1615 
f 1628/652/1624 1627/603/1623 1619/603/1615 1620/651/1616 
f 1486/602/1482 1621/603/1617 1629/603/1625 
f 1630/603/1626 1629/603/1625 1621/603/1617 1622/603/1618 
f 1631/603/1627 1630/603/1626 1622/603/1618 1623/603/1619 
f 1632/603/1628 1631/603/1627 1623/603/1619 1624/603/1620 
f 1633/603/1629 1632/603/1628 1624/603/1620 1625/603/1621 
f 1634/603/1630 1633/603/1629 1625/603/1621 1626/603/1622 
f 1635/603/1631 1634/603/1630 1626/603/1622 1627/603/1623 
f 1636/653/1632 1635/603/1631 1627/603/1623 1628/652/1624 
f 1486/602/1482 1629/603/1625 1497/603/1493 
f 1637/603/1633 1497/603/1493 1629/603/1625 1630/603/1626 
f 1638/603/1634 1637/603/1633 1630/603/1626 1631/603/1627 
f 1639/603/1635 1638/603/1634 1631/603/1627 1632/603/1628 
f 1640/603/1636 1639/603/1635 1632/603/1628 1633/603/1629 
f 1641/603/1637 1640/603/1636 1633/603/1629 1634/603/1630 
f 1642/603/1638 1641/603/1637 1634/603/1630 1635/603/1631 
f 1643/654/1639 1642/603/1638 1635/603/1631 1636/653/1632 
f 1644/603/1640 1498/603/1494 1497/603/1493 1637/603/1633 
f 1645/603/1641 1644/603/1640 1637/603/1633 1638/603/1634 
f 1646/603/1642 1645/603/1641 1638/603/1634 1639/603/1635 
f 1647/603/1643 1646/603/1642 1639/603/1635 1640/603/1636 
f 1648/603/1644 1647/603/1643 1640/603/1636 1641/603/1637 
f 1511/603/1507 1648/603/1644 1641/603/1637 1642/603/1638 
f 1481/655/1477 1511/603/1507 1642/603/1638 1643/654/1639 
f 1494/602/1490 1649/640/1645 1650/603/1646 
f 1651/603/1647 1650/603/1646 1649/640/1645 1652/641/1648 
f 1653/603/1649 1651/603/1647 1652/641/1648 1654/642/1650 
f 1655/603/1651 1653/603/1649 1654/642/1650 1656/643/1652 
f 1657/603/1653 1655/603/1651 1656/643/1652 1658/644/1654 
f 1659/603/1655 1657/603/1653 1658/644/1654 1660/645/1656 
f 1661/603/1657 1659/603/1655 1660/645/1656 1510/646/1506 
f 1507/647/1503 1661/603/1657 1510/646/1506 1478/648/1474 
f 1494/602/1490 1650/603/1646 1662/603/1658 
f 1663/603/1659 1662/603/1658 1650/603/1646 1651/603/1647 
f 1664/603/1660 1663/603/1659 1651/603/1647 1653/603/1649 
f 1665/603/1661 1664/603/1660 1653/603/1649 1655/603/1651 
f 1666/603/1662 1665/603/1661 1655/603/1651 1657/603/1653 
f 1667/603/1663 1666/603/1662 1657/603/1653 1659/603/1655 
f 1668/603/1664 1667/603/1663 1659/603/1655 1661/603/1657 
f 1669/649/1665 1668/603/1664 1661/603/1657 1507/647/1503 
f 1494/602/1490 1662/603/1658 1670/603/1666 
f 1671/603/1667 1670/603/1666 1662/603/1658 1663/603/1659 
f 1672/603/1668 1671/603/1667 1663/603/1659 1664/603/1660 
f 1673/603/1669 1672/603/1668 1664/603/1660 1665/603/1661 
f 1674/603/1670 1673/603/1669 1665/603/1661 1666/603/1662 
f 1675/603/1671 1674/603/1670 1666/603/1662 1667/603/1663 
f 1676/603/1672 1675/603/1671 1667/603/1663 1668/603/1664 
f 1677/650/1673 1676/603/1672 1668/603/1664 1669/649/1665 
f 1494/602/1490 1670/603/1666 1678/603/1674 
f 1679/603/1675 1678/603/1674 1670/603/1666 1671/603/1667 
f 1680/603/1676 1679/603/1675 1671/603/1667 1672/603/1668 
f 1681/603/1677 1680/603/1676 1672/603/1668 1673/603/1669 
f 1682/603/1678 1681/603/1677 1673/603/1669 1674/603/1670 
f 1683/603/1679 1682/603/1678 1674/603/1670 1675/603/1671 
f 1684/603/1680 1683/603/1679 1675/603/1671 1676/603/1672 
f 1685/651/1681 1684/603/1680 1676/603/1672 1677/650/1673 
f 1494/602/1490 1678/603/1674 1686/603/1682 
f 1687/603/1683 1686/603/1682 1678/603/1674 1679/603/1675 
f 1688/603/1684 1687/603/1683 1679/603/1675 1680/603/1676 
f 1689/603/1685 1688/603/1684 1680/603/1676 1681/603/1677 
f 1690/603/1686 1689/603/1685 1681/603/1677 1682/603/1678 
f 1691/603/1687 1690/603/1686 1682/603/1678 1683/603/1679 
f 1692/603/1688 1691/603/1687 1683/603/1679 1684/603/1680 
f 1693/652/1689 1692/603/1688 1684/603/1680 1685/651/1681 
f 1494/602/1490 1686/603/1682 1694/603/1690 
f 1695/603/1691 1694/603/1690 1686/603/1682 1687/603/1683 
f 1696/603/1692 1695/603/1691 1687/603/1683 1688/603/1684 
f 1697/603/1693 1696/603/1692 1688/603/1684 1689/603/1685 
f 1698/603/1694 1697/603/1693 1689/603/1685 1690/603/1686 
f 1699/603/1695 1698/603/1694 1690/603/1686 1691/603/1687 
f 1700/603/1696 1699/603/1695 1691/603/1687 1692/603/1688 
f 1701/653/1697 1700/603/1696 1692/603/1688 1693/652/1689 
f 1494/602/1490 1694/603/1690 1499/603/1495 
f 1702/603/1698 1499/603/1495 1694/603/1690 1695/603/1691 
f 1703/603/1699 1702/603/1698 1695/603/1691 1696/603/1692 
f 1704/603/1700 1703/603/1699 1696/603/1692 1697/603/1693 
f 1705/603/1701 1704/603/1700 1697/603/1693 1698/603/1694 
f 1706/603/1702 1705/603/1701 1698/603/1694 1699/603/1695 
f 1707/603/1703 1706/603/1702 1699/603/1695 1700/603/1696 
f 1708/654/1704 1707/603/1703 1700/603/1696 1701/653/1697 
f 1709/603/1705 1500/603/1496 1499/603/1495 1702/603/1698 
f 1710/603/1706 1709/603/1705 1702/603/1698 1703/603/1699 
f 1711/603/1707 1710/603/1706 1703/603/1699 1704/603/1700 
f 1712/603/1708 1711/603/1707 1704/603/1700 1705/603/1701 
f 1713/603/1709 1712/603/1708 1705/603/1701 1706/603/1702 
f 1516/603/1512 1713/603/1709 1706/603/1702 1707/603/1703 
f 1489/655/1485 1516/603/1512 1707/603/1703 1708/654/1704 
f 1490/598/1486 1714/624/1710 1715/603/1711 
f 1716/603/1712 1715/603/1711 1714/624/1710 1717/625/1713 
f 1718/603/1714 1716/603/1712 1717/625/1713 1719/626/1715 
f 1720/603/1716 1718/603/1714 1719/626/1715 1721/627/1717 
f 1722/603/1718 1720/603/1716 1721/627/1717 1723/628/1719 
f 1724/603/1720 1722/603/1718 1723/628/1719 1725/629/1721 
f 1726/603/1722 1724/603/1720 1725/629/1721 1508/630/1504 
f 1505/631/1501 1726/603/1722 1508/630/1504 1477/632/1473 
f 1490/598/1486 1715/603/1711 1727/603/1723 
f 1728/603/1724 1727/603/1723 1715/603/1711 1716/603/1712 
f 1729/603/1725 1728/603/1724 1716/603/1712 1718/603/1714 
f 1730/603/1726 1729/603/1725 1718/603/1714 1720/603/1716 
f 1731/603/1727 1730/603/1726 1720/603/1716 1722/603/1718 
f 1732/603/1728 1731/603/1727 1722/603/1718 1724/603/1720 
f 1733/603/1729 1732/603/1728 1724/603/1720 1726/603/1722 
f 1734/633/1730 1733/603/1729 1726/603/1722 1505/631/1501 
f 1490/598/1486 1727/603/1723 1735/603/1731 
f 1736/603/1732 1735/603/1731 1727/603/1723 1728/603/1724 
f 1737/603/1733 1736/603/1732 1728/603/1724 1729/603/1725 
f 1738/603/1734 1737/603/1733 1729/603/1725 1730/603/1726 
f 1739/603/1735 1738/603/1734 1730/603/1726 1731/603/1727 
f 1740/603/1736 1739/603/1735 1731/603/1727 1732/603/1728 
f 1741/603/1737 1740/603/1736 1732/603/1728 1733/603/1729 
f 1742/634/1738 1741/603/1737 1733/603/1729 1734/633/1730 
f 1490/598/1486 1735/603/1731 1743/603/1739 
f 1744/603/1740 1743/603/1739 1735/603/1731 1736/603/1732 
f 1745/603/1741 1744/603/1740 1736/603/1732 1737/603/1733 
f 1746/603/1742 1745/603/1741 1737/603/1733 1738/603/1734 
f 1747/603/1743 1746/603/1742 1738/603/1734 1739/603/1735 
f 1748/603/1744 1747/603/1743 1739/603/1735 1740/603/1736 
f 1749/603/1745 1748/603/1744 1740/603/1736 1741/603/1737 
f 1750/635/1746 1749/603/1745 1741/603/1737 1742/634/1738 
f 1490/598/1486 1743/603/1739 1751/603/1747 
f 1752/603/1748 1751/603/1747 1743/603/1739 1744/603/1740 
f 1753/603/1749 1752/603/1748 1744/603/1740 1745/603/1741 
f 1754/603/1750 1753/603/1749 1745/603/1741 1746/603/1742 
f 1755/603/1751 1754/603/1750 1746/603/1742 1747/603/1743 
f 1756/603/1752 1755/603/1751 1747/603/1743 1748/603/1744 
f 1757/603/1753 1756/603/1752 1748/603/1744 1749/603/1745 
f 1758/636/1754 1757/603/1753 1749/603/1745 1750/635/1746 
f 1490/598/1486 1751/603/1747 1759/603/1755 
f 1760/603/1756 1759/603/1755 1751/603/1747 1752/603/1748 
f 1761/603/1757 1760/603/1756 1752/603/1748 1753/603/1749 
f 1762/603/1758 1761/603/1757 1753/603/1749 1754/603/1750 
f 1763/603/1759 1762/603/1758 1754/603/1750 1755/603/1751 
f 1764/603/1760 1763/603/1759 1755/603/1751 1756/603/1752 
f 1765/603/1761 1764/603/1760 1756/603/1752 1757/603/1753 
f 1766/637/1762 1765/603/1761 1757/603/1753 1758/636/1754 
f 1490/598/1486 1759/603/1755 1501/603/1497 
f 1767/603/1763 1501/603/1497 1759/603/1755 1760/603/1756 
f 1768/603/1764 1767/603/1763 1760/603/1756 1761/603/1757 
f 1769/603/1765 1768/603/1764 1761/603/1757 1762/603/1758 
f 1770/603/1766 1769/603/1765 1762/603/1758 1763/603/1759 
f 1771/603/1767 1770/603/1766 1763/603/1759 1764/603/1760 
f 1772/603/1768 1771/603/1767 1764/603/1760 1765/603/1761 
f 1773/638/1769 1772/603/1768 1765/603/1761 1766/637/1762 
f 1774/603/1770 1502/603/1498 1501/603/1497 1767/603/1763 
f 1775/603/1771 1774/603/1770 1767/603/1763 1768/603/1764 
f 1776/603/1772 1775/603/1771 1768/603/1764 1769/603/1765 
f 1777/603/1773 1776/603/1772 1769/603/1765 1770/603/1766 
f 1778/603/1774 1777/603/1773 1770/603/1766 1771/603/1767 
f 1514/603/1510 1778/603/1774 1771/603/1767 1772/603/1768 
f 1485/639/1481 1514/603/1510 1772/603/1768 1773/638/1769 
f 1604/656/1600 1503/604/1499 1504/607/1500 1529/657/1525 
f 1612/658/1608 1604/656/1600 1529/657/1525 1527/659/1523 
f 1620/660/1616 1612/658/1608 1527/659/1523 1525/661/1521 
f 1628/662/1624 1620/660/1616 1525/661/1521 1523/663/1519 
f 1636/664/1632 1628/662/1624 1523/663/1519 1521/665/1517 
f 1643/666/1639 1636/664/1632 1521/665/1517 1518/667/1514 
f 1481/597/1477 1643/666/1639 1518/667/1514 1482/598/1478 
f 1734/668/1730 1505/608/1501 1506/611/1502 1595/669/1591 
f 1742/670/1738 1734/668/1730 1595/669/1591 1593/671/1589 
f 1750/672/1746 1742/670/1738 1593/671/1589 1591/673/1587 
f 1758/674/1754 1750/672/1746 1591/673/1587 1589/675/1585 
f 1766/676/1762 1758/674/1754 1589/675/1585 1587/677/1583 
f 1773/678/1769 1766/676/1762 1587/677/1583 1584/679/1580 
f 1485/601/1481 1773/678/1769 1584/679/1580 1486/602/1482 
f 1669/656/1665 1507/604/1503 1508/607/1504 1725/657/1721 
f 1677/658/1673 1669/656/1665 1725/657/1721 1723/659/1719 
f 1685/660/1681 1677/658/1673 1723/659/1719 1721/661/1717 
f 1693/662/1689 1685/660/1681 1721/661/1717 1719/663/1715 
f 1701/664/1697 1693/662/1689 1719/663/1715 1717/665/1713 
f 1708/666/1704 1701/664/1697 1717/665/1713 1714/667/1710 
f 1489/597/1485 1708/666/1704 1714/667/1710 1490/598/1486 
f 1538/668/1534 1509/608/1505 1510/611/1506 1660/669/1656 
f 1546/670/1542 1538/668/1534 1660/669/1656 1658/671/1654 
f 1554/672/1550 1546/670/1542 1658/671/1654 1656/673/1652 
f 1562/674/1558 1554/672/1550 1656/673/1652 1654/675/1650 
f 1570/676/1566 1562/674/1558 1654/675/1650 1652/677/1648 
f 1577/678/1573 1570/676/1566 1652/677/1648 1649/679/1645 
f 1493/601/1489 1577/678/1573 1649/679/1645 1494/602/1490 
f 1648/680/1644 1511/612/1507 1512/615/1508 1779/681/1775 
f 1647/682/1643 1648/680/1644 1779/681/1775 1780/683/1776 
f 1646/684/1642 1647/682/1643 1780/683/1776 1781/685/1777 
f 1645/686/1641 1646/684/1642 1781/685/1777 1782/687/1778 
f 1644/688/1640 1645/686/1641 1782/687/1778 1783/689/1779 
f 1498/690/1494 1644/688/1640 1783/689/1779 1784/691/1780 
f 1486/602/1482 1498/690/1494 1784/691/1780 1483/599/1479 
f 1785/692/1781 1513/616/1509 1496/619/1492 1578/693/1574 
f 1786/694/1782 1785/692/1781 1578/693/1574 1579/695/1575 
f 1787/696/1783 1786/694/1782 1579/695/1575 1580/697/1576 
f 1788/698/1784 1787/696/1783 1580/697/1576 1581/699/1577 
f 1789/700/1785 1788/698/1784 1581/699/1577 1582/701/1578 
f 1790/702/1786 1789/700/1785 1582/701/1578 1583/703/1579 
f 1492/600/1488 1790/702/1786 1583/703/1579 1493/601/1489 
f 1778/704/1774 1514/620/1510 1515/623/1511 1791/705/1787 
f 1777/706/1773 1778/704/1774 1791/705/1787 1792/707/1788 
f 1776/708/1772 1777/706/1773 1792/707/1788 1793/709/1789 
f 1775/710/1771 1776/708/1772 1793/709/1789 1794/711/1790 
f 1774/712/1770 1775/710/1771 1794/711/1790 1795/713/1791 
f 1502/714/1498 1774/712/1770 1795/713/1791 1796/715/1792 
f 1490/598/1486 1502/714/1498 1796/715/1792 1487/595/1483 
f 1713/680/1709 1516/612/1512 1517/615/1513 1797/681/1793 
f 1712/682/1708 1713/680/1709 1797/681/1793 1798/683/1794 
f 1711/684/1707 1712/682/1708 1798/683/1794 1799/685/1795 
f 1710/686/1706 1711/684/1707 1799/685/1795 1800/687/1796 
f 1709/688/1705 1710/686/1706 1800/687/1796 1801/689/1797 
f 1500/690/1496 1709/688/1705 1801/689/1797 1802/691/1798 
f 1494/602/1490 1500/690/1496 1802/691/1798 1491/599/1487 
f 1803/593/1799 1804/592/1800 1805/591/1801 1806/594/1802 
f 1807/597/1803 1808/596/1804 1809/595/1805 1810/598/1806 
f 1811/601/1807 1812/600/1808 1813/599/1809 1814/602/1810 
f 1815/597/1811 1816/596/1812 1817/595/1813 1818/598/1814 
f 1819/601/1815 1820/600/1816 1821/599/1817 1822/602/1818 
f 1823/603/1819 1824/603/1820 1810/598/1806 
f 1825/603/1821 1826/603/1822 1814/602/1810 
f 1827/603/1823 1828/603/1824 1822/602/1818 
f 1829/603/1825 1830/603/1826 1818/598/1814 
f 1805/606/1801 1804/605/1800 1831/604/1827 1832/607/1828 
f 1804/610/1800 1803/609/1799 1833/608/1829 1834/611/1830 
f 1803/606/1799 1806/605/1802 1835/604/1831 1836/607/1832 
f 1806/610/1802 1805/609/1801 1837/608/1833 1838/611/1834 
f 1808/614/1804 1807/613/1803 1839/612/1835 1840/615/1836 
f 1810/618/1806 1809/617/1805 1841/616/1837 1823/619/1819 
f 1812/622/1808 1811/621/1807 1842/620/1838 1843/623/1839 
f 1816/614/1812 1815/613/1811 1844/612/1840 1845/615/1841 
f 1846/603/1842 1847/624/1843 1810/598/1806 
f 1847/624/1843 1846/603/1842 1848/603/1844 1849/625/1845 
f 1849/625/1845 1848/603/1844 1850/603/1846 1851/626/1847 
f 1851/626/1847 1850/603/1846 1852/603/1848 1853/627/1849 
f 1853/627/1849 1852/603/1848 1854/603/1850 1855/628/1851 
f 1855/628/1851 1854/603/1850 1856/603/1852 1857/629/1853 
f 1857/629/1853 1856/603/1852 1858/603/1854 1832/630/1828 
f 1832/630/1828 1858/603/1854 1837/631/1833 1805/632/1801 
f 1859/603/1855 1846/603/1842 1810/598/1806 
f 1846/603/1842 1859/603/1855 1860/603/1856 1848/603/1844 
f 1848/603/1844 1860/603/1856 1861/603/1857 1850/603/1846 
f 1850/603/1846 1861/603/1857 1862/603/1858 1852/603/1848 
f 1852/603/1848 1862/603/1858 1863/603/1859 1854/603/1850 
f 1854/603/1850 1863/603/1859 1864/603/1860 1856/603/1852 
f 1856/603/1852 1864/603/1860 1865/603/1861 1858/603/1854 
f 1858/603/1854 1865/603/1861 1866/633/1862 1837/631/1833 
f 1867/603/1863 1859/603/1855 1810/598/1806 
f 1859/603/1855 1867/603/1863 1868/603/1864 1860/603/1856 
f 1860/603/1856 1868/603/1864 1869/603/1865 1861/603/1857 
f 1861/603/1857 1869/603/1865 1870/603/1866 1862/603/1858 
f 1862/603/1858 1870/603/1866 1871/603/1867 1863/603/1859 
f 1863/603/1859 1871/603/1867 1872/603/1868 1864/603/1860 
f 1864/603/1860 1872/603/1868 1873/603/1869 1865/603/1861 
f 1865/603/1861 1873/603/1869 1874/634/1870 1866/633/1862 
f 1875/603/1871 1867/603/1863 1810/598/1806 
f 1867/603/1863 1875/603/1871 1876/603/1872 1868/603/1864 
f 1868/603/1864 1876/603/1872 1877/603/1873 1869/603/1865 
f 1869/603/1865 1877/603/1873 1878/603/1874 1870/603/1866 
f 1870/603/1866 1878/603/1874 1879/603/1875 1871/603/1867 
f 1871/603/1867 1879/603/1875 1880/603/1876 1872/603/1868 
f 1872/603/1868 1880/603/1876 1881/603/1877 1873/603/1869 
f 1873/603/1869 1881/603/1877 1882/635/1878 1874/634/1870 
f 1883/603/1879 1875/603/1871 1810/598/1806 
f 1875/603/1871 1883/603/1879 1884/603/1880 1876/603/1872 
f 1876/603/1872 1884/603/1880 1885/603/1881 1877/603/1873 
f 1877/603/1873 1885/603/1881 1886/603/1882 1878/603/1874 
f 1878/603/1874 1886/603/1882 1887/603/1883 1879/603/1875 
f 1879/603/1875 1887/603/1883 1888/603/1884 1880/603/1876 
f 1880/603/1876 1888/603/1884 1889/603/1885 1881/603/1877 
f 1881/603/1877 1889/603/1885 1890/636/1886 1882/635/1878 
f 1891/603/1887 1883/603/1879 1810/598/1806 
f 1883/603/1879 1891/603/1887 1892/603/1888 1884/603/1880 
f 1884/603/1880 1892/603/1888 1893/603/1889 1885/603/1881 
f 1885/603/1881 1893/603/1889 1894/603/1890 1886/603/1882 
f 1886/603/1882 1894/603/1890 1895/603/1891 1887/603/1883 
f 1887/603/1883 1895/603/1891 1896/603/1892 1888/603/1884 
f 1888/603/1884 1896/603/1892 1897/603/1893 1889/603/1885 
f 1889/603/1885 1897/603/1893 1898/637/1894 1890/636/1886 
f 1824/603/1820 1891/603/1887 1810/598/1806 
f 1891/603/1887 1824/603/1820 1899/603/1895 1892/603/1888 
f 1892/603/1888 1899/603/1895 1900/603/1896 1893/603/1889 
f 1893/603/1889 1900/603/1896 1901/603/1897 1894/603/1890 
f 1894/603/1890 1901/603/1897 1902/603/1898 1895/603/1891 
f 1895/603/1891 1902/603/1898 1903/603/1899 1896/603/1892 
f 1896/603/1892 1903/603/1899 1904/603/1900 1897/603/1893 
f 1897/603/1893 1904/603/1900 1905/638/1901 1898/637/1894 
f 1824/603/1820 1823/603/1819 1906/603/1902 1899/603/1895 
f 1899/603/1895 1906/603/1902 1907/603/1903 1900/603/1896 
f 1900/603/1896 1907/603/1903 1908/603/1904 1901/603/1897 
f 1901/603/1897 1908/603/1904 1909/603/1905 1902/603/1898 
f 1902/603/1898 1909/603/1905 1910/603/1906 1903/603/1899 
f 1903/603/1899 1910/603/1906 1911/603/1907 1904/603/1900 
f 1904/603/1900 1911/603/1907 1819/639/1815 1905/638/1901 
f 1912/603/1908 1913/640/1909 1814/602/1810 
f 1913/640/1909 1912/603/1908 1914/603/1910 1915/641/1911 
f 1915/641/1911 1914/603/1910 1916/603/1912 1917/642/1913 
f 1917/642/1913 1916/603/1912 1918/603/1914 1919/643/1915 
f 1919/643/1915 1918/603/1914 1920/603/1916 1921/644/1917 
f 1921/644/1917 1920/603/1916 1922/603/1918 1923/645/1919 
f 1923/645/1919 1922/603/1918 1924/603/1920 1834/646/1830 
f 1834/646/1830 1924/603/1920 1831/647/1827 1804/648/1800 
f 1925/603/1921 1912/603/1908 1814/602/1810 
f 1912/603/1908 1925/603/1921 1926/603/1922 1914/603/1910 
f 1914/603/1910 1926/603/1922 1927/603/1923 1916/603/1912 
f 1916/603/1912 1927/603/1923 1928/603/1924 1918/603/1914 
f 1918/603/1914 1928/603/1924 1929/603/1925 1920/603/1916 
f 1920/603/1916 1929/603/1925 1930/603/1926 1922/603/1918 
f 1922/603/1918 1930/603/1926 1931/603/1927 1924/603/1920 
f 1924/603/1920 1931/603/1927 1932/649/1928 1831/647/1827 
f 1933/603/1929 1925/603/1921 1814/602/1810 
f 1925/603/1921 1933/603/1929 1934/603/1930 1926/603/1922 
f 1926/603/1922 1934/603/1930 1935/603/1931 1927/603/1923 
f 1927/603/1923 1935/603/1931 1936/603/1932 1928/603/1924 
f 1928/603/1924 1936/603/1932 1937/603/1933 1929/603/1925 
f 1929/603/1925 1937/603/1933 1938/603/1934 1930/603/1926 
f 1930/603/1926 1938/603/1934 1939/603/1935 1931/603/1927 
f 1931/603/1927 1939/603/1935 1940/650/1936 1932/649/1928 
f 1941/603/1937 1933/603/1929 1814/602/1810 
f 1933/603/1929 1941/603/1937 1942/603/1938 1934/603/1930 
f 1934/603/1930 1942/603/1938 1943/603/1939 1935/603/1931 
f 1935/603/1931 1943/603/1939 1944/603/1940 1936/603/1932 
f 1936/603/1932 1944/603/1940 1945/603/1941 1937/603/1933 
f 1937/603/1933 1945/603/1941 1946/603/1942 1938/603/1934 
f 1938/603/1934 1946/603/1942 1947/603/1943 1939/603/1935 
f 1939/603/1935 1947/603/1943 1948/651/1944 1940/650/1936 
f 1949/603/1945 1941/603/1937 1814/602/1810 
f 1941/603/1937 1949/603/1945 1950/603/1946 1942/603/1938 
f 1942/603/1938 1950/603/1946 1951/603/1947 1943/603/1939 
f 1943/603/1939 1951/603/1947 1952/603/1948 1944/603/1940 
f 1944/603/1940 1952/603/1948 1953/603/1949 1945/603/1941 
f 1945/603/1941 1953/603/1949 1954/603/1950 1946/603/1942 
f 1946/603/1942 1954/603/1950 1955/603/1951 1947/603/1943 
f 1947/603/1943 1955/603/1951 1956/652/1952 1948/651/1944 
f 1957/603/1953 1949/603/1945 1814/602/1810 
f 1949/603/1945 1957/603/1953 1958/603/1954 1950/603/1946 
f 1950/603/1946 1958/603/1954 1959/603/1955 1951/603/1947 
f 1951/603/1947 1959/603/1955 1960/603/1956 1952/603/1948 
f 1952/603/1948 1960/603/1956 1961/603/1957 1953/603/1949 
f 1953/603/1949 1961/603/1957 1962/603/1958 1954/603/1950 
f 1954/603/1950 1962/603/1958 1963/603/1959 1955/603/1951 
f 1955/603/1951 1963/603/1959 1964/653/1960 1956/652/1952 
f 1826/603/1822 1957/603/1953 1814/602/1810 
f 1957/603/1953 1826/603/1822 1965/603/1961 1958/603/1954 
f 1958/603/1954 1965/603/1961 1966/603/1962 1959/603/1955 
f 1959/603/1955 1966/603/1962 1967/603/1963 1960/603/1956 
f 1960/603/1956 1967/603/1963 1968/603/1964 1961/603/1957 
f 1961/603/1957 1968/603/1964 1969/603/1965 1962/603/1958 
f 1962/603/1958 1969/603/1965 1970/603/1966 1963/603/1959 
f 1963/603/1959 1970/603/1966 1971/654/1967 1964/653/1960 
f 1826/603/1822 1825/603/1821 1972/603/1968 1965/603/1961 
f 1965/603/1961 1972/603/1968 1973/603/1969 1966/603/1962 
f 1966/603/1962 1973/603/1969 1974/603/1970 1967/603/1963 
f 1967/603/1963 1974/603/1970 1975/603/1971 1968/603/1964 
f 1968/603/1964 1975/603/1971 1976/603/1972 1969/603/1965 
f 1969/603/1965 1976/603/1972 1839/603/1835 1970/603/1966 
f 1970/603/1966 1839/603/1835 1807/655/1803 1971/654/1967 
f 1977/603/1973 1978/640/1974 1822/602/1818 
f 1978/640/1974 1977/603/1973 1979/603/1975 1980/641/1976 
f 1980/641/1976 1979/603/1975 1981/603/1977 1982/642/1978 
f 1982/642/1978 1981/603/1977 1983/603/1979 1984/643/1980 
f 1984/643/1980 1983/603/1979 1985/603/1981 1986/644/1982 
f 1986/644/1982 1985/603/1981 1987/603/1983 1988/645/1984 
f 1988/645/1984 1987/603/1983 1989/603/1985 1838/646/1834 
f 1838/646/1834 1989/603/1985 1835/647/1831 1806/648/1802 
f 1990/603/1986 1977/603/1973 1822/602/1818 
f 1977/603/1973 1990/603/1986 1991/603/1987 1979/603/1975 
f 1979/603/1975 1991/603/1987 1992/603/1988 1981/603/1977 
f 1981/603/1977 1992/603/1988 1993/603/1989 1983/603/1979 
f 1983/603/1979 1993/603/1989 1994/603/1990 1985/603/1981 
f 1985/603/1981 1994/603/1990 1995/603/1991 1987/603/1983 
f 1987/603/1983 1995/603/1991 1996/603/1992 1989/603/1985 
f 1989/603/1985 1996/603/1992 1997/649/1993 1835/647/1831 
f 1998/603/1994 1990/603/1986 1822/602/1818 
f 1990/603/1986 1998/603/1994 1999/603/1995 1991/603/1987 
f 1991/603/1987 1999/603/1995 2000/603/1996 1992/603/1988 
f 1992/603/1988 2000/603/1996 2001/603/1997 1993/603/1989 
f 1993/603/1989 2001/603/1997 2002/603/1998 1994/603/1990 
f 1994/603/1990 2002/603/1998 2003/603/1999 1995/603/1991 
f 1995/603/1991 2003/603/1999 2004/603/2000 1996/603/1992 
f 1996/603/1992 2004/603/2000 2005/650/2001 1997/649/1993 
f 2006/603/2002 1998/603/1994 1822/602/1818 
f 1998/603/1994 2006/603/2002 2007/603/2003 1999/603/1995 
f 1999/603/1995 2007/603/2003 2008/603/2004 2000/603/1996 
f 2000/603/1996 2008/603/2004 2009/603/2005 2001/603/1997 
f 2001/603/1997 2009/603/2005 2010/603/2006 2002/603/1998 
f 2002/603/1998 2010/603/2006 2011/603/2007 2003/603/1999 
f 2003/603/1999 2011/603/2007 2012/603/2008 2004/603/2000 
f 2004/603/2000 2012/603/2008 2013/651/2009 2005/650/2001 
f 2014/603/2010 2006/603/2002 1822/602/1818 
f 2006/603/2002 2014/603/2010 2015/603/2011 2007/603/2003 
f 2007/603/2003 2015/603/2011 2016/603/2012 2008/603/2004 
f 2008/603/2004 2016/603/2012 2017/603/2013 2009/603/2005 
f 2009/603/2005 2017/603/2013 2018/603/2014 2010/603/2006 
f 2010/603/2006 2018/603/2014 2019/603/2015 2011/603/2007 
f 2011/603/2007 2019/603/2015 2020/603/2016 2012/603/2008 
f 2012/603/2008 2020/603/2016 2021/652/2017 2013/651/2009 
f 2022/603/2018 2014/603/2010 1822/602/1818 
f 2014/603/2010 2022/603/2018 2023/603/2019 2015/603/2011 
f 2015/603/2011 2023/603/2019 2024/603/2020 2016/603/2012 
f 2016/603/2012 2024/603/2020 2025/603/2021 2017/603/2013 
f 2017/603/2013 2025/603/2021 2026/603/2022 2018/603/2014 
f 2018/603/2014 2026/603/2022 2027/603/2023 2019/603/2015 
f 2019/603/2015 2027/603/2023 2028/603/2024 2020/603/2016 
f 2020/603/2016 2028/603/2024 2029/653/2025 2021/652/2017 
f 1828/603/1824 2022/603/2018 1822/602/1818 
f 2022/603/2018 1828/603/1824 2030/603/2026 2023/603/2019 
f 2023/603/2019 2030/603/2026 2031/603/2027 2024/603/2020 
f 2024/603/2020 2031/603/2027 2032/603/2028 2025/603/2021 
f 2025/603/2021 2032/603/2028 2033/603/2029 2026/603/2022 
f 2026/603/2022 2033/603/2029 2034/603/2030 2027/603/2023 
f 2027/603/2023 2034/603/2030 2035/603/2031 2028/603/2024 
f 2028/603/2024 2035/603/2031 2036/654/2032 2029/653/2025 
f 1828/603/1824 1827/603/1823 2037/603/2033 2030/603/2026 
f 2030/603/2026 2037/603/2033 2038/603/2034 2031/603/2027 
f 2031/603/2027 2038/603/2034 2039/603/2035 2032/603/2028 
f 2032/603/2028 2039/603/2035 2040/603/2036 2033/603/2029 
f 2033/603/2029 2040/603/2036 2041/603/2037 2034/603/2030 
f 2034/603/2030 2041/603/2037 1844/603/1840 2035/603/2031 
f 2035/603/2031 1844/603/1840 1815/655/1811 2036/654/2032 
f 2042/603/2038 2043/624/2039 1818/598/1814 
f 2043/624/2039 2042/603/2038 2044/603/2040 2045/625/2041 
f 2045/625/2041 2044/603/2040 2046/603/2042 2047/626/2043 
f 2047/626/2043 2046/603/2042 2048/603/2044 2049/627/2045 
f 2049/627/2045 2048/603/2044 2050/603/2046 2051/628/2047 
f 2051/628/2047 2050/603/2046 2052/603/2048 2053/629/2049 
f 2053/629/2049 2052/603/2048 2054/603/2050 1836/630/1832 
f 1836/630/1832 2054/603/2050 1833/631/1829 1803/632/1799 
f 2055/603/2051 2042/603/2038 1818/598/1814 
f 2042/603/2038 2055/603/2051 2056/603/2052 2044/603/2040 
f 2044/603/2040 2056/603/2052 2057/603/2053 2046/603/2042 
f 2046/603/2042 2057/603/2053 2058/603/2054 2048/603/2044 
f 2048/603/2044 2058/603/2054 2059/603/2055 2050/603/2046 
f 2050/603/2046 2059/603/2055 2060/603/2056 2052/603/2048 
f 2052/603/2048 2060/603/2056 2061/603/2057 2054/603/2050 
f 2054/603/2050 2061/603/2057 2062/633/2058 1833/631/1829 
f 2063/603/2059 2055/603/2051 1818/598/1814 
f 2055/603/2051 2063/603/2059 2064/603/2060 2056/603/2052 
f 2056/603/2052 2064/603/2060 2065/603/2061 2057/603/2053 
f 2057/603/2053 2065/603/2061 2066/603/2062 2058/603/2054 
f 2058/603/2054 2066/603/2062 2067/603/2063 2059/603/2055 
f 2059/603/2055 2067/603/2063 2068/603/2064 2060/603/2056 
f 2060/603/2056 2068/603/2064 2069/603/2065 2061/603/2057 
f 2061/603/2057 2069/603/2065 2070/634/2066 2062/633/2058 
f 2071/603/2067 2063/603/2059 1818/598/1814 
f 2063/603/2059 2071/603/2067 2072/603/2068 2064/603/2060 
f 2064/603/2060 2072/603/2068 2073/603/2069 2065/603/2061 
f 2065/603/2061 2073/603/2069 2074/603/2070 2066/603/2062 
f 2066/603/2062 2074/603/2070 2075/603/2071 2067/603/2063 
f 2067/603/2063 2075/603/2071 2076/603/2072 2068/603/2064 
f 2068/603/2064 2076/603/2072 2077/603/2073 2069/603/2065 
f 2069/603/2065 2077/603/2073 2078/635/2074 2070/634/2066 
f 2079/603/2075 2071/603/2067 1818/598/1814 
f 2071/603/2067 2079/603/2075 2080/603/2076 2072/603/2068 
f 2072/603/2068 2080/603/2076 2081/603/2077 2073/603/2069 
f 2073/603/2069 2081/603/2077 2082/603/2078 2074/603/2070 
f 2074/603/2070 2082/603/2078 2083/603/2079 2075/603/2071 
f 2075/603/2071 2083/603/2079 2084/603/2080 2076/603/2072 
f 2076/603/2072 2084/603/2080 2085/603/2081 2077/603/2073 
f 2077/603/2073 2085/603/2081 2086/636/2082 2078/635/2074 
f 2087/603/2083 2079/603/2075 1818/598/1814 
f 2079/603/2075 2087/603/2083 2088/603/2084 2080/603/2076 
f 2080/603/2076 2088/603/2084 2089/603/2085 2081/603/2077 
f 2081/603/2077 2089/603/2085 2090/603/2086 2082/603/2078 
f 2082/603/2078 2090/603/2086 2091/603/2087 2083/603/2079 
f 2083/603/2079 2091/603/2087 2092/603/2088 2084/603/2080 
f 2084/603/2080 2092/603/2088 2093/603/2089 2085/603/2081 
f 2085/603/2081 2093/603/2089 2094/637/2090 2086/636/2082 
f 1830/603/1826 2087/603/2083 1818/598/1814 
f 2087/603/2083 1830/603/1826 2095/603/2091 2088/603/2084 
f 2088/603/2084 2095/603/2091 2096/603/2092 2089/603/2085 
f 2089/603/2085 2096/603/2092 2097/603/2093 2090/603/2086 
f 2090/603/2086 2097/603/2093 2098/603/2094 2091/603/2087 
f 2091/603/2087 2098/603/2094 2099/603/2095 2092/603/2088 
f 2092/603/2088 2099/603/2095 2100/603/2096 2093/603/2089 
f 2093/603/2089 2100/603/2096 2101/638/2097 2094/637/2090 
f 1830/603/1826 1829/603/1825 2102/603/2098 2095/603/2091 
f 2095/603/2091 2102/603/2098 2103/603/2099 2096/603/2092 
f 2096/603/2092 2103/603/2099 2104/603/2100 2097/603/2093 
f 2097/603/2093 2104/603/2100 2105/603/2101 2098/603/2094 
f 2098/603/2094 2105/603/2101 2106/603/2102 2099/603/2095 
f 2099/603/2095 2106/603/2102 1842/603/1838 2100/603/2096 
f 2100/603/2096 1842/603/1838 1811/639/1807 2101/638/2097 
f 1832/607/1828 1831/604/1827 1932/656/1928 1857/657/1853 
f 1857/657/1853 1932/656/1928 1940/658/1936 1855/659/1851 
f 1855/659/1851 1940/658/1936 1948/660/1944 1853/661/1849 
f 1853/661/1849 1948/660/1944 1956/662/1952 1851/663/1847 
f 1851/663/1847 1956/662/1952 1964/664/1960 1849/665/1845 
f 1849/665/1845 1964/664/1960 1971/666/1967 1847/667/1843 
f 1847/667/1843 1971/666/1967 1807/597/1803 1810/598/1806 
f 1834/611/1830 1833/608/1829 2062/668/2058 1923/669/1919 
f 1923/669/1919 2062/668/2058 2070/670/2066 1921/671/1917 
f 1921/671/1917 2070/670/2066 2078/672/2074 1919/673/1915 
f 1919/673/1915 2078/672/2074 2086/674/2082 1917/675/1913 
f 1917/675/1913 2086/674/2082 2094/676/2090 1915/677/1911 
f 1915/677/1911 2094/676/2090 2101/678/2097 1913/679/1909 
f 1913/679/1909 2101/678/2097 1811/601/1807 1814/602/1810 
f 1836/607/1832 1835/604/1831 1997/656/1993 2053/657/2049 
f 2053/657/2049 1997/656/1993 2005/658/2001 2051/659/2047 
f 2051/659/2047 2005/658/2001 2013/660/2009 2049/661/2045 
f 2049/661/2045 2013/660/2009 2021/662/2017 2047/663/2043 
f 2047/663/2043 2021/662/2017 2029/664/2025 2045/665/2041 
f 2045/665/2041 2029/664/2025 2036/666/2032 2043/667/2039 
f 2043/667/2039 2036/666/2032 1815/597/1811 1818/598/1814 
f 1838/611/1834 1837/608/1833 1866/668/1862 1988/669/1984 
f 1988/669/1984 1866/668/1862 1874/670/1870 1986/671/1982 
f 1986/671/1982 1874/670/1870 1882/672/1878 1984/673/1980 
f 1984/673/1980 1882/672/1878 1890/674/1886 1982/675/1978 
f 1982/675/1978 1890/674/1886 1898/676/1894 1980/677/1976 
f 1980/677/1976 1898/676/1894 1905/678/1901 1978/679/1974 
f 1978/679/1974 1905/678/1901 1819/601/1815 1822/602/1818 
f 1840/615/1836 1839/612/1835 1976/680/1972 2107/681/2103 
f 2107/681/2103 1976/680/1972 1975/682/1971 2108/683/2104 
f 2108/683/2104 1975/682/1971 1974/684/1970 2109/685/2105 
f 2109/685/2105 1974/684/1970 1973/686/1969 2110/687/2106 
f 2110/687/2106 1973/686/1969 1972/688/1968 2111/689/2107 
f 2111/689/2107 1972/688/1968 1825/690/1821 2112/691/2108 
f 2112/691/2108 1825/690/1821 1814/602/1810 1813/599/1809 
f 1823/619/1819 1841/616/1837 2113/692/2109 1906/693/1902 
f 1906/693/1902 2113/692/2109 2114/694/2110 1907/695/1903 
f 1907/695/1903 2114/694/2110 2115/696/2111 1908/697/1904 
f 1908/697/1904 2115/696/2111 2116/698/2112 1909/699/1905 
f 1909/699/1905 2116/698/2112 2117/700/2113 1910/701/1906 
f 1910/701/1906 2117/700/2113 2118/702/2114 1911/703/1907 
f 1911/703/1907 2118/702/2114 1820/600/1816 1819/601/1815 
f 1843/623/1839 1842/620/1838 2106/704/2102 2119/705/2115 
f 2119/705/2115 2106/704/2102 2105/706/2101 2120/707/2116 
f 2120/707/2116 2105/706/2101 2104/708/2100 2121/709/2117 
f 2121/709/2117 2104/708/2100 2103/710/2099 2122/711/2118 
f 2122/711/2118 2103/710/2099 2102/712/2098 2123/713/2119 
f 2123/713/2119 2102/712/2098 1829/714/1825 2124/715/2120 
f 2124/715/2120 1829/714/1825 1818/598/1814 1817/595/1813 
f 1845/615/1841 1844/612/1840 2041/680/2037 2125/681/2121 
f 2125/681/2121 2041/680/2037 2040/682/2036 2126/683/2122 
f 2126/683/2122 2040/682/2036 2039/684/2035 2127/685/2123 
f 2127/685/2123 2039/684/2035 2038/686/2034 2128/687/2124 
f 2128/687/2124 2038/686/2034 2037/688/2033 2129/689/2125 
f 2129/689/2125 2037/688/2033 1827/690/1823 2130/691/2126 
f 2130/691/2126 1827/690/1823 1822/602/1818 1821/599/1817 
s 1
f 1480/596/1476 1479/595/1475 1809/595/1805 1808/596/1804 
f 1484/600/1480 1483/599/1479 1813/599/1809 1812/600/1808 
f 1488/596/1484 1487/595/1483 1817/595/1813 1816/596/1812 
f 1492/600/1488 1491/599/1487 1821/599/1817 1820/600/1816 
f 1512/615/1508 1480/614/1476 1808/614/1804 1840/615/1836 
f 1479/617/1475 1513/616/1509 1841/616/1837 1809/617/1805 
f 1515/623/1511 1484/622/1480 1812/622/1808 1843/623/1839 
f 1517/615/1513 1488/614/1484 1816/614/1812 1845/615/1841 
f 1779/681/1775 1512/615/1508 1840/615/1836 2107/681/2103 
f 1780/683/1776 1779/681/1775 2107/681/2103 2108/683/2104 
f 1781/685/1777 1780/683/1776 2108/683/2104 2109/685/2105 
f 1782/687/1778 1781/685/1777 2109/685/2105 2110/687/2106 
f 1783/689/1779 1782/687/1778 2110/687/2106 2111/689/2107 
f 1784/691/1780 1783/689/1779 2111/689/2107 2112/691/2108 
f 1483/599/1479 1784/691/1780 2112/691/2108 1813/599/1809 
f 1513/616/1509 1785/692/1781 2113/692/2109 1841/616/1837 
f 1785/692/1781 1786/694/1782 2114/694/2110 2113/692/2109 
f 1786/694/1782 1787/696/1783 2115/696/2111 2114/694/2110 
f 1787/696/1783 1788/698/1784 2116/698/2112 2115/696/2111 
f 1788/698/1784 1789/700/1785 2117/700/2113 2116/698/2112 
f 1789/700/1785 1790/702/1786 2118/702/2114 2117/700/2113 
f 1790/702/1786 1492/600/1488 1820/600/1816 2118/702/2114 
f 1791/705/1787 1515/623/1511 1843/623/1839 2119/705/2115 
f 1792/707/1788 1791/705/1787 2119/705/2115 2120/707/2116 
f 1793/709/1789 1792/707/1788 2120/707/2116 2121/709/2117 
f 1794/711/1790 1793/709/1789 2121/709/2117 2122/711/2118 
f 1795/713/1791 1794/711/1790 2122/711/2118 2123/713/2119 
f 1796/715/1792 1795/713/1791 2123/713/2119 2124/715/2120 
f 1487/595/1483 1796/715/1792 2124/715/2120 1817/595/1813 
f 1797/681/1793 1517/615/1513 1845/615/1841 2125/681/2121 
f 1798/683/1794 1797/681/1793 2125/681/2121 2126/683/2122 
f 1799/685/1795 1798/683/1794 2126/683/2122 2127/685/2123 
f 1800/687/1796 1799/685/1795 2127/685/2123 2128/687/2124 
f 1801/689/1797 1800/687/1796 2128/687/2124 2129/689/2125 
f 1802/691/1798 1801/689/1797 2129/689/2125 2130/691/2126 
f 1491/599/1487 1802/691/1798 2130/691/2126 1821/599/1817 
# 622 polygons - 64 triangles

#
# object Box011
#

v  -4.0054 47.5690 5.0001
v  -4.0054 47.5690 -1.1775
v  4.6861 47.5690 -1.1775
v  4.6861 47.5690 5.0001
v  -4.0054 54.4414 5.0001
v  4.6861 54.4414 5.0001
v  4.6861 54.4414 -1.1775
v  -4.0054 54.4414 -1.1775
v  -3.0054 49.8506 9.4047
v  3.6861 49.8506 9.4047
v  3.6861 52.1597 9.4047
v  -3.0054 52.1597 9.4047
v  5.9677 48.8506 5.0001
v  5.9677 48.8506 -1.1775
v  5.9677 53.1597 -1.1775
v  5.9677 53.1597 5.0001
v  4.6861 48.8506 -2.1312
v  -4.0054 48.8506 -2.1312
v  -4.0054 53.1597 -2.1312
v  4.6861 53.1597 -2.1312
v  -5.2871 48.8506 -1.1775
v  -5.2871 48.8506 5.0001
v  -5.2871 53.1597 5.0001
v  -5.2871 53.1597 -1.1775
v  -3.7071 47.8391 6.8862
v  4.3877 47.8391 6.8862
v  3.9281 48.2988 8.4723
v  -3.2475 48.2988 8.4723
v  5.6975 49.1490 6.8862
v  5.6975 52.8614 6.8862
v  5.2379 52.4017 8.4723
v  5.2379 49.6086 8.4723
v  4.3877 54.1712 6.8862
v  -3.7071 54.1712 6.8862
v  -3.2475 53.7115 8.4723
v  3.9281 53.7115 8.4723
v  -5.0169 52.8614 6.8862
v  -5.0169 49.1490 6.8862
v  -4.5573 49.6086 8.4723
v  -4.5573 52.4017 8.4723
v  -4.7612 47.9758 6.4239
v  -4.8803 48.0949 6.4239
v  -5.2067 48.3038 6.0342
v  -5.2313 48.2767 5.8628
v  -5.0223 47.9503 5.4731
v  -4.9058 47.8338 5.4731
v  -4.5793 47.6248 5.8628
v  -4.5522 47.6493 6.0342
v  5.5864 47.8338 5.4731
v  5.7029 47.9503 5.4731
v  5.9119 48.2767 5.8628
v  5.8873 48.3038 6.0342
v  5.5609 48.0949 6.4239
v  5.4418 47.9758 6.4239
v  5.2328 47.6493 6.0342
v  5.2599 47.6248 5.8628
v  -5.2765 48.6300 -1.2062
v  -5.2765 48.6282 -1.1775
v  4.9066 47.5796 -1.2062
v  4.9085 47.5796 -1.1775
v  -4.8803 53.9155 6.4239
v  -4.7612 54.0345 6.4239
v  -4.5522 54.3610 6.0342
v  -4.5793 54.3855 5.8628
v  -4.9058 54.1766 5.4731
v  -5.0223 54.0600 5.4731
v  -5.2313 53.7336 5.8628
v  -5.2067 53.7065 6.0342
v  5.7029 54.0600 5.4731
v  5.5864 54.1766 5.4731
v  5.2599 54.3855 5.8628
v  5.2328 54.3610 6.0342
v  5.4418 54.0345 6.4239
v  5.5609 53.9155 6.4239
v  5.8873 53.7065 6.0342
v  5.9119 53.7336 5.8628
v  -5.2765 53.1983 -1.3416
v  -5.2765 53.1597 -1.3430
v  4.9066 53.1983 -2.1234
v  4.9085 53.1597 -2.1234
v  -3.4649 48.3177 8.5002
v  -3.4748 48.3096 8.4723
v  5.2190 49.3912 8.5003
v  5.2271 49.3813 8.4723
v  4.1455 53.6926 8.5002
v  4.1554 53.7007 8.4723
v  -4.5384 52.6191 8.5003
v  -4.5465 52.6290 8.4723
v  -4.2279 47.5796 5.1578
v  -4.2279 47.5796 -1.1775
v  -4.0054 47.5796 -1.3430
v  4.6861 47.5796 -1.3430
v  4.9085 47.5796 5.1578
v  -3.9707 47.7923 6.7165
v  4.6513 47.7923 6.7165
v  4.6513 54.2181 6.7165
v  -3.9707 54.2181 6.7165
v  4.9085 54.4308 5.1578
v  4.9085 54.4308 -1.1775
v  4.6861 54.4308 -1.3430
v  -4.0054 54.4308 -1.3430
v  -4.2279 54.4308 -1.1775
v  -4.2279 54.4308 5.1578
v  5.7444 48.8853 6.7165
v  5.7444 53.1250 6.7165
v  -5.0638 53.1250 6.7165
v  -5.0638 48.8853 6.7165
v  5.9571 48.8506 -1.3430
v  5.9571 53.1597 -1.3430
v  -4.2279 48.8506 -2.1234
v  -4.2279 53.1597 -2.1234
v  -3.0074 49.6259 9.3969
v  3.6836 49.6257 9.3962
v  3.9107 49.8486 9.3969
v  3.9109 52.1572 9.3962
v  3.6881 52.3844 9.3969
v  -3.0030 52.3846 9.3962
v  -3.2301 52.1617 9.3969
v  -3.2303 49.8531 9.3962
v  -5.0507 48.8770 6.7321
v  -4.5465 49.3813 8.4723
v  4.6597 47.8053 6.7321
v  4.1554 48.3096 8.4723
v  5.7314 53.1333 6.7321
v  5.2271 52.6290 8.4723
v  -3.9791 54.2050 6.7321
v  -3.4748 53.7007 8.4723
v  -3.9791 47.8053 6.7321
v  -5.2849 48.6412 5.1734
v  -5.2765 48.6282 5.1578
v  -4.2148 47.5712 5.1734
v  -4.1870 47.7498 6.5465
v  -4.2205 47.8021 6.6089
v  -5.0540 48.6356 6.6089
v  -5.1062 48.6690 6.5465
v  -5.2782 48.4792 5.3463
v  -5.2447 48.4269 5.2839
v  -4.4291 47.6113 5.2839
v  -4.3769 47.5779 5.3463
v  -4.3561 47.7119 6.3761
v  -4.4313 47.8294 6.5164
v  -5.0267 48.4248 6.5164
v  -5.1442 48.5000 6.3761
v  -5.2670 48.3644 5.5188
v  -5.1918 48.2469 5.3785
v  -4.6092 47.6643 5.3785
v  -4.4917 47.5891 5.5188
v  -4.4778 47.6784 6.2053
v  -4.6115 47.8873 6.4547
v  -4.9688 48.2445 6.4547
v  -5.1777 48.3783 6.2053
v  -5.2514 48.2969 5.6910
v  -5.1176 48.0880 5.4416
v  -4.7681 47.7384 5.4416
v  -4.5591 47.6047 5.6910
v  4.8954 47.5712 5.1734
v  5.9571 48.6282 5.1578
v  5.9655 48.6412 5.1734
v  5.7314 48.8770 6.7321
v  5.0575 47.5779 5.3463
v  5.1097 47.6113 5.2839
v  5.9253 48.4269 5.2839
v  5.9588 48.4792 5.3463
v  5.7868 48.6690 6.5465
v  5.7346 48.6356 6.6089
v  4.9011 47.8021 6.6089
v  4.8676 47.7498 6.5465
v  5.1723 47.5891 5.5188
v  5.2898 47.6643 5.3785
v  5.8724 48.2469 5.3785
v  5.9476 48.3644 5.5188
v  5.8248 48.5000 6.3761
v  5.7073 48.4248 6.5164
v  5.1119 47.8294 6.5164
v  5.0367 47.7119 6.3761
v  5.2398 47.6047 5.6910
v  5.4487 47.7384 5.4416
v  5.7982 48.0880 5.4416
v  5.9320 48.2969 5.6910
v  5.8583 48.3783 6.2053
v  5.6494 48.2445 6.4547
v  5.2921 47.8873 6.4547
v  5.1584 47.6784 6.2053
v  -5.2765 48.8506 -1.3430
v  -5.2765 48.8120 -1.3416
v  -5.2447 48.8506 -1.4928
v  -5.2447 48.7771 -1.4902
v  -5.1918 48.8506 -1.6268
v  -5.1918 48.7458 -1.6231
v  -5.1176 48.8506 -1.7450
v  -5.1176 48.7183 -1.7403
v  -5.0223 48.8506 -1.8475
v  -5.0223 48.6944 -1.8419
v  -4.9058 48.8506 -1.9342
v  -4.9058 48.6741 -1.9279
v  -4.7681 48.8506 -2.0051
v  -4.7681 48.6576 -1.9983
v  -4.6092 48.8506 -2.0603
v  -4.6092 48.6447 -2.0530
v  -4.4291 48.8506 -2.0997
v  -4.4291 48.6355 -2.0921
v  -4.2279 48.6300 -2.1155
v  -4.0054 48.6282 -2.1234
v  -5.2765 48.7771 -1.3375
v  -5.2447 48.7105 -1.4823
v  -5.1918 48.6510 -1.6119
v  -5.1176 48.5985 -1.7262
v  -5.0223 48.5530 -1.8253
v  -4.9058 48.5145 -1.9092
v  -4.7681 48.4829 -1.9778
v  -4.6092 48.4584 -2.0311
v  -4.4291 48.4409 -2.0692
v  -4.2279 48.4304 -2.0921
v  -4.0054 48.4269 -2.0997
v  -5.2765 48.7458 -1.3307
v  -5.2447 48.6510 -1.4693
v  -5.1918 48.5662 -1.5934
v  -5.1176 48.4914 -1.7028
v  -5.0223 48.4265 -1.7976
v  -4.9058 48.3716 -1.8779
v  -4.7681 48.3267 -1.9436
v  -4.6092 48.2918 -1.9946
v  -4.4291 48.2668 -2.0311
v  -4.2279 48.2518 -2.0530
v  -4.0054 48.2469 -2.0603
v  -5.2765 48.7183 -1.3211
v  -5.2447 48.5985 -1.4511
v  -5.1918 48.4914 -1.5674
v  -5.1176 48.3968 -1.6700
v  -5.0223 48.3149 -1.7589
v  -4.9058 48.2455 -1.8341
v  -4.7681 48.1888 -1.8957
v  -4.6092 48.1447 -1.9436
v  -4.4291 48.1132 -1.9778
v  -4.2279 48.0943 -1.9983
v  -4.0054 48.0880 -2.0051
v  -5.2765 48.6944 -1.3088
v  -5.2447 48.5530 -1.4276
v  -5.1918 48.4265 -1.5339
v  -5.1176 48.3149 -1.6278
v  -5.0223 48.2181 -1.7090
v  -4.9058 48.1363 -1.7778
v  -4.7681 48.0693 -1.8341
v  -4.6092 48.0172 -1.8779
v  -4.4291 47.9800 -1.9092
v  -4.2279 47.9577 -1.9279
v  -4.0054 47.9503 -1.9342
v  -5.2765 48.6741 -1.2938
v  -5.2447 48.5145 -1.3990
v  -5.1918 48.3716 -1.4931
v  -5.1176 48.2455 -1.5762
v  -5.0223 48.1363 -1.6481
v  -4.9058 48.0439 -1.7090
v  -4.7681 47.9682 -1.7589
v  -4.6092 47.9094 -1.7976
v  -4.4291 47.8674 -1.8253
v  -4.2279 47.8422 -1.8419
v  -4.0054 47.8338 -1.8475
v  -5.2765 48.6576 -1.2760
v  -5.2447 48.4829 -1.3651
v  -5.1918 48.3267 -1.4448
v  -5.1176 48.1888 -1.5152
v  -5.0223 48.0693 -1.5762
v  -4.9058 47.9682 -1.6278
v  -4.7681 47.8855 -1.6700
v  -4.6092 47.8212 -1.7028
v  -4.4291 47.7752 -1.7262
v  -4.2279 47.7476 -1.7403
v  -4.0054 47.7384 -1.7450
v  -5.2765 48.6447 -1.2555
v  -5.2447 48.4584 -1.3260
v  -5.1918 48.2918 -1.3891
v  -5.1176 48.1447 -1.4448
v  -5.0223 48.0172 -1.4931
v  -4.9058 47.9094 -1.5339
v  -4.7681 47.8212 -1.5674
v  -4.6092 47.7525 -1.5934
v  -4.4291 47.7035 -1.6119
v  -4.2279 47.6741 -1.6231
v  -4.0054 47.6643 -1.6268
v  -5.2765 48.6355 -1.2322
v  -5.2447 48.4409 -1.2817
v  -5.1918 48.2668 -1.3260
v  -5.1176 48.1132 -1.3651
v  -5.0223 47.9800 -1.3990
v  -4.9058 47.8674 -1.4276
v  -4.7681 47.7752 -1.4511
v  -4.6092 47.7035 -1.4693
v  -4.4291 47.6523 -1.4823
v  -4.2279 47.6216 -1.4902
v  -4.0054 47.6113 -1.4928
v  -5.2447 48.4304 -1.2322
v  -5.1918 48.2518 -1.2555
v  -5.1176 48.0943 -1.2760
v  -5.0223 47.9577 -1.2938
v  -4.9058 47.8422 -1.3088
v  -4.7681 47.7476 -1.3211
v  -4.6092 47.6741 -1.3307
v  -4.4291 47.6216 -1.3375
v  -4.2279 47.5901 -1.3416
v  -5.2447 48.4269 -1.1775
v  -5.1918 48.2469 -1.1775
v  -5.1176 48.0880 -1.1775
v  -5.0223 47.9503 -1.1775
v  -4.9058 47.8338 -1.1775
v  -4.7681 47.7384 -1.1775
v  -4.6092 47.6643 -1.1775
v  -4.4291 47.6113 -1.1775
v  4.7247 47.5796 -1.3416
v  4.6861 47.6113 -1.4928
v  4.7596 47.6113 -1.4902
v  4.6861 47.6643 -1.6268
v  4.7908 47.6643 -1.6231
v  4.6861 47.7384 -1.7450
v  4.8184 47.7384 -1.7403
v  4.6861 47.8338 -1.8475
v  4.8423 47.8338 -1.8419
v  4.6861 47.9503 -1.9342
v  4.8625 47.9503 -1.9279
v  4.6861 48.0880 -2.0051
v  4.8791 48.0880 -1.9983
v  4.6861 48.2469 -2.0603
v  4.8919 48.2469 -2.0530
v  4.6861 48.4269 -2.0997
v  4.9011 48.4269 -2.0921
v  4.6861 48.6282 -2.1234
v  4.9066 48.6282 -2.1155
v  4.9085 48.8506 -2.1234
v  4.7596 47.5796 -1.3375
v  4.8261 47.6113 -1.4823
v  4.8856 47.6643 -1.6119
v  4.9382 47.7384 -1.7262
v  4.9837 47.8338 -1.8253
v  5.0222 47.9503 -1.9092
v  5.0537 48.0880 -1.9778
v  5.0782 48.2469 -2.0311
v  5.0957 48.4269 -2.0692
v  5.1062 48.6282 -2.0921
v  5.1097 48.8506 -2.0997
v  4.7908 47.5796 -1.3307
v  4.8856 47.6113 -1.4693
v  4.9705 47.6643 -1.5934
v  5.0453 47.7384 -1.7028
v  5.1102 47.8338 -1.7976
v  5.1651 47.9503 -1.8779
v  5.2100 48.0880 -1.9436
v  5.2449 48.2469 -1.9946
v  5.2698 48.4269 -2.0311
v  5.2848 48.6282 -2.0530
v  5.2898 48.8506 -2.0603
v  4.8184 47.5796 -1.3211
v  4.9382 47.6113 -1.4511
v  5.0453 47.6643 -1.5674
v  5.1399 47.7384 -1.6700
v  5.2218 47.8338 -1.7589
v  5.2911 47.9503 -1.8341
v  5.3478 48.0880 -1.8957
v  5.3920 48.2469 -1.9436
v  5.4235 48.4269 -1.9778
v  5.4424 48.6282 -1.9983
v  5.4487 48.8506 -2.0051
v  4.8423 47.5796 -1.3088
v  4.9837 47.6113 -1.4276
v  5.1102 47.6643 -1.5339
v  5.2218 47.7384 -1.6278
v  5.3185 47.8338 -1.7090
v  5.4004 47.9503 -1.7778
v  5.4673 48.0880 -1.8341
v  5.5194 48.2469 -1.8779
v  5.5566 48.4269 -1.9092
v  5.5789 48.6282 -1.9279
v  5.5864 48.8506 -1.9342
v  4.8625 47.5796 -1.2938
v  5.0222 47.6113 -1.3990
v  5.1651 47.6643 -1.4931
v  5.2911 47.7384 -1.5762
v  5.4004 47.8338 -1.6481
v  5.4928 47.9503 -1.7090
v  5.5684 48.0880 -1.7589
v  5.6273 48.2469 -1.7976
v  5.6693 48.4269 -1.8253
v  5.6945 48.6282 -1.8419
v  5.7029 48.8506 -1.8475
v  4.8791 47.5796 -1.2760
v  5.0537 47.6113 -1.3651
v  5.2100 47.6643 -1.4448
v  5.3478 47.7384 -1.5152
v  5.4673 47.8338 -1.5762
v  5.5684 47.9503 -1.6278
v  5.6512 48.0880 -1.6700
v  5.7155 48.2469 -1.7028
v  5.7615 48.4269 -1.7262
v  5.7890 48.6282 -1.7403
v  5.7982 48.8506 -1.7450
v  4.8919 47.5796 -1.2555
v  5.0782 47.6113 -1.3260
v  5.2449 47.6643 -1.3891
v  5.3920 47.7384 -1.4448
v  5.5194 47.8338 -1.4931
v  5.6273 47.9503 -1.5339
v  5.7155 48.0880 -1.5674
v  5.7841 48.2469 -1.5934
v  5.8332 48.4269 -1.6119
v  5.8626 48.6282 -1.6231
v  5.8724 48.8506 -1.6268
v  4.9011 47.5796 -1.2322
v  5.0957 47.6113 -1.2817
v  5.2698 47.6643 -1.3260
v  5.4235 47.7384 -1.3651
v  5.5566 47.8338 -1.3990
v  5.6693 47.9503 -1.4276
v  5.7615 48.0880 -1.4511
v  5.8332 48.2469 -1.4693
v  5.8844 48.4269 -1.4823
v  5.9151 48.6282 -1.4902
v  5.9253 48.8506 -1.4928
v  5.1062 47.6113 -1.2322
v  5.2848 47.6643 -1.2555
v  5.4424 47.7384 -1.2760
v  5.5789 47.8338 -1.2938
v  5.6945 47.9503 -1.3088
v  5.7890 48.0880 -1.3211
v  5.8626 48.2469 -1.3307
v  5.9151 48.4269 -1.3375
v  5.9466 48.6282 -1.3416
v  5.1097 47.6113 -1.1775
v  5.2898 47.6643 -1.1775
v  5.4487 47.7384 -1.1775
v  5.5864 47.8338 -1.1775
v  5.7029 47.9503 -1.1775
v  5.7982 48.0880 -1.1775
v  5.8724 48.2469 -1.1775
v  5.9253 48.4269 -1.1775
v  5.9571 48.6282 -1.1775
v  -5.0507 53.1333 6.7321
v  -4.2148 54.4391 5.1734
v  -5.2765 53.3821 5.1578
v  -5.2849 53.3691 5.1734
v  -5.1062 53.3413 6.5465
v  -5.0540 53.3747 6.6089
v  -4.2205 54.2083 6.6089
v  -4.1870 54.2605 6.5465
v  -4.3769 54.4324 5.3463
v  -4.4291 54.3990 5.2839
v  -5.2447 53.5834 5.2839
v  -5.2782 53.5312 5.3463
v  -5.1442 53.5103 6.3761
v  -5.0267 53.5856 6.5164
v  -4.4313 54.1809 6.5164
v  -4.3561 54.2985 6.3761
v  -4.4917 54.4213 5.5188
v  -4.6092 54.3460 5.3785
v  -5.1918 53.7635 5.3785
v  -5.2670 53.6459 5.5188
v  -5.1777 53.6320 6.2053
v  -4.9688 53.7658 6.4547
v  -4.6115 54.1230 6.4547
v  -4.4778 54.3319 6.2053
v  -4.5591 54.4056 5.6910
v  -4.7681 54.2719 5.4416
v  -5.1176 53.9223 5.4416
v  -5.2514 53.7134 5.6910
v  5.9655 53.3691 5.1734
v  5.9571 53.3821 5.1578
v  4.8954 54.4391 5.1734
v  4.6597 54.2050 6.7321
v  5.9588 53.5312 5.3463
v  5.9253 53.5834 5.2839
v  5.1097 54.3990 5.2839
v  5.0575 54.4324 5.3463
v  4.8676 54.2605 6.5465
v  4.9011 54.2083 6.6089
v  5.7346 53.3747 6.6089
v  5.7868 53.3413 6.5465
v  5.9476 53.6459 5.5188
v  5.8724 53.7635 5.3785
v  5.2898 54.3460 5.3785
v  5.1723 54.4213 5.5188
v  5.0367 54.2985 6.3761
v  5.1119 54.1809 6.5164
v  5.7073 53.5856 6.5164
v  5.8248 53.5103 6.3761
v  5.9320 53.7134 5.6910
v  5.7982 53.9223 5.4416
v  5.4487 54.2719 5.4416
v  5.2398 54.4056 5.6910
v  5.1584 54.3319 6.2053
v  5.2921 54.1230 6.4547
v  5.6494 53.7658 6.4547
v  5.8583 53.6320 6.2053
v  -5.2765 53.3821 -1.1775
v  -5.2765 53.3803 -1.2062
v  -5.2447 53.5834 -1.1775
v  -5.2447 53.5799 -1.2322
v  -5.1918 53.7635 -1.1775
v  -5.1918 53.7585 -1.2555
v  -5.1176 53.9223 -1.1775
v  -5.1176 53.9160 -1.2760
v  -5.0223 54.0600 -1.1775
v  -5.0223 54.0526 -1.2938
v  -4.9058 54.1766 -1.1775
v  -4.9058 54.1681 -1.3088
v  -4.7681 54.2719 -1.1775
v  -4.7681 54.2627 -1.3211
v  -4.6092 54.3460 -1.1775
v  -4.6092 54.3362 -1.3307
v  -4.4291 54.3990 -1.1775
v  -4.4291 54.3887 -1.3375
v  -4.2279 54.4203 -1.3416
v  -5.2765 53.3748 -1.2322
v  -5.2447 53.5694 -1.2817
v  -5.1918 53.7435 -1.3260
v  -5.1176 53.8971 -1.3651
v  -5.0223 54.0303 -1.3990
v  -4.9058 54.1429 -1.4276
v  -4.7681 54.2351 -1.4511
v  -4.6092 54.3068 -1.4693
v  -4.4291 54.3580 -1.4823
v  -4.2279 54.3887 -1.4902
v  -4.0054 54.3990 -1.4928
v  -5.2765 53.3656 -1.2555
v  -5.2447 53.5519 -1.3260
v  -5.1918 53.7186 -1.3891
v  -5.1176 53.8656 -1.4448
v  -5.0223 53.9931 -1.4931
v  -4.9058 54.1009 -1.5339
v  -4.7681 54.1892 -1.5674
v  -4.6092 54.2578 -1.5934
v  -4.4291 54.3068 -1.6119
v  -4.2279 54.3362 -1.6231
v  -4.0054 54.3460 -1.6268
v  -5.2765 53.3527 -1.2760
v  -5.2447 53.5274 -1.3651
v  -5.1918 53.6836 -1.4448
v  -5.1176 53.8215 -1.5152
v  -5.0223 53.9410 -1.5762
v  -4.9058 54.0421 -1.6278
v  -4.7681 54.1248 -1.6700
v  -4.6092 54.1892 -1.7028
v  -4.4291 54.2351 -1.7262
v  -4.2279 54.2627 -1.7403
v  -4.0054 54.2719 -1.7450
v  -5.2765 53.3362 -1.2938
v  -5.2447 53.4959 -1.3990
v  -5.1918 53.6387 -1.4931
v  -5.1176 53.7648 -1.5762
v  -5.0223 53.8740 -1.6481
v  -4.9058 53.9665 -1.7090
v  -4.7681 54.0421 -1.7589
v  -4.6092 54.1009 -1.7976
v  -4.4291 54.1429 -1.8253
v  -4.2279 54.1681 -1.8419
v  -4.0054 54.1766 -1.8475
v  -5.2765 53.3160 -1.3088
v  -5.2447 53.4573 -1.4276
v  -5.1918 53.5838 -1.5339
v  -5.1176 53.6954 -1.6278
v  -5.0223 53.7922 -1.7090
v  -4.9058 53.8740 -1.7778
v  -4.7681 53.9410 -1.8341
v  -4.6092 53.9931 -1.8779
v  -4.4291 54.0303 -1.9092
v  -4.2279 54.0526 -1.9279
v  -4.0054 54.0600 -1.9342
v  -5.2765 53.2921 -1.3211
v  -5.2447 53.4118 -1.4511
v  -5.1918 53.5190 -1.5674
v  -5.1176 53.6135 -1.6700
v  -5.0223 53.6954 -1.7589
v  -4.9058 53.7648 -1.8341
v  -4.7681 53.8215 -1.8957
v  -4.6092 53.8656 -1.9436
v  -4.4291 53.8971 -1.9778
v  -4.2279 53.9160 -1.9983
v  -4.0054 53.9223 -2.0051
v  -5.2765 53.2645 -1.3307
v  -5.2447 53.3593 -1.4693
v  -5.1918 53.4441 -1.5934
v  -5.1176 53.5190 -1.7028
v  -5.0223 53.5838 -1.7976
v  -4.9058 53.6387 -1.8779
v  -4.7681 53.6836 -1.9436
v  -4.6092 53.7186 -1.9946
v  -4.4291 53.7435 -2.0311
v  -4.2279 53.7585 -2.0530
v  -4.0054 53.7635 -2.0603
v  -5.2765 53.2332 -1.3375
v  -5.2447 53.2998 -1.4823
v  -5.1918 53.3593 -1.6119
v  -5.1176 53.4118 -1.7262
v  -5.0223 53.4573 -1.8253
v  -4.9058 53.4959 -1.9092
v  -4.7681 53.5274 -1.9778
v  -4.6092 53.5519 -2.0311
v  -4.4291 53.5694 -2.0692
v  -4.2279 53.5799 -2.0921
v  -4.0054 53.5834 -2.0997
v  -5.2447 53.2332 -1.4902
v  -5.1918 53.2645 -1.6231
v  -5.1176 53.2921 -1.7403
v  -5.0223 53.3160 -1.8419
v  -4.9058 53.3362 -1.9279
v  -4.7681 53.3527 -1.9983
v  -4.6092 53.3656 -2.0530
v  -4.4291 53.3748 -2.0921
v  -4.2279 53.3803 -2.1155
v  -4.0054 53.3821 -2.1234
v  -5.2447 53.1597 -1.4928
v  -5.1918 53.1597 -1.6268
v  -5.1176 53.1597 -1.7450
v  -5.0223 53.1597 -1.8475
v  -4.9058 53.1597 -1.9342
v  -4.7681 53.1597 -2.0051
v  -4.6092 53.1597 -2.0603
v  -4.4291 53.1597 -2.0997
v  4.6861 53.3821 -2.1234
v  4.7247 53.3803 -2.1234
v  4.6861 53.5834 -2.0997
v  4.7596 53.5799 -2.0997
v  4.6861 53.7635 -2.0603
v  4.7908 53.7585 -2.0603
v  4.6861 53.9223 -2.0051
v  4.8184 53.9160 -2.0051
v  4.6861 54.0600 -1.9342
v  4.8423 54.0526 -1.9342
v  4.6861 54.1766 -1.8475
v  4.8625 54.1681 -1.8475
v  4.6861 54.2719 -1.7450
v  4.8791 54.2627 -1.7450
v  4.6861 54.3460 -1.6268
v  4.8919 54.3362 -1.6268
v  4.6861 54.3990 -1.4928
v  4.9011 54.3887 -1.4928
v  4.9066 54.4203 -1.3430
v  4.7596 53.3748 -2.1234
v  4.8261 53.5694 -2.0997
v  4.8856 53.7435 -2.0603
v  4.9382 53.8971 -2.0051
v  4.9837 54.0303 -1.9342
v  5.0222 54.1429 -1.8475
v  5.0537 54.2351 -1.7450
v  5.0782 54.3068 -1.6268
v  5.0957 54.3580 -1.4928
v  5.1062 54.3887 -1.3430
v  5.1097 54.3990 -1.1775
v  4.7908 53.3656 -2.1234
v  4.8856 53.5519 -2.0997
v  4.9705 53.7186 -2.0603
v  5.0453 53.8656 -2.0051
v  5.1102 53.9931 -1.9342
v  5.1651 54.1009 -1.8475
v  5.2100 54.1892 -1.7450
v  5.2449 54.2578 -1.6268
v  5.2698 54.3068 -1.4928
v  5.2848 54.3362 -1.3430
v  5.2898 54.3460 -1.1775
v  4.8184 53.3527 -2.1234
v  4.9382 53.5274 -2.0997
v  5.0453 53.6836 -2.0603
v  5.1399 53.8215 -2.0051
v  5.2218 53.9410 -1.9342
v  5.2911 54.0421 -1.8475
v  5.3478 54.1248 -1.7450
v  5.3920 54.1892 -1.6268
v  5.4235 54.2351 -1.4928
v  5.4424 54.2627 -1.3430
v  5.4487 54.2719 -1.1775
v  4.8423 53.3362 -2.1234
v  4.9837 53.4959 -2.0997
v  5.1102 53.6387 -2.0603
v  5.2218 53.7648 -2.0051
v  5.3185 53.8740 -1.9342
v  5.4004 53.9665 -1.8475
v  5.4673 54.0421 -1.7450
v  5.5194 54.1009 -1.6268
v  5.5566 54.1429 -1.4928
v  5.5789 54.1681 -1.3430
v  5.5864 54.1766 -1.1775
v  4.8625 53.3160 -2.1234
v  5.0222 53.4573 -2.0997
v  5.1651 53.5838 -2.0603
v  5.2911 53.6954 -2.0051
v  5.4004 53.7922 -1.9342
v  5.4928 53.8740 -1.8475
v  5.5684 53.9410 -1.7450
v  5.6273 53.9931 -1.6268
v  5.6693 54.0303 -1.4928
v  5.6945 54.0526 -1.3430
v  5.7029 54.0600 -1.1775
v  4.8791 53.2921 -2.1234
v  5.0537 53.4118 -2.0997
v  5.2100 53.5190 -2.0603
v  5.3478 53.6135 -2.0051
v  5.4673 53.6954 -1.9342
v  5.5684 53.7648 -1.8475
v  5.6512 53.8215 -1.7450
v  5.7155 53.8656 -1.6268
v  5.7615 53.8971 -1.4928
v  5.7890 53.9160 -1.3430
v  5.7982 53.9223 -1.1775
v  4.8919 53.2645 -2.1234
v  5.0782 53.3593 -2.0997
v  5.2449 53.4441 -2.0603
v  5.3920 53.5190 -2.0051
v  5.5194 53.5838 -1.9342
v  5.6273 53.6387 -1.8475
v  5.7155 53.6836 -1.7450
v  5.7841 53.7186 -1.6268
v  5.8332 53.7435 -1.4928
v  5.8626 53.7585 -1.3430
v  5.8724 53.7635 -1.1775
v  4.9011 53.2332 -2.1234
v  5.0957 53.2998 -2.0997
v  5.2698 53.3593 -2.0603
v  5.4235 53.4118 -2.0051
v  5.5566 53.4573 -1.9342
v  5.6693 53.4959 -1.8475
v  5.7615 53.5274 -1.7450
v  5.8332 53.5519 -1.6268
v  5.8844 53.5694 -1.4928
v  5.9151 53.5799 -1.3430
v  5.9253 53.5834 -1.1775
v  5.1062 53.2332 -2.0997
v  5.2848 53.2645 -2.0603
v  5.4424 53.2921 -2.0051
v  5.5789 53.3160 -1.9342
v  5.6945 53.3362 -1.8475
v  5.7890 53.3527 -1.7450
v  5.8626 53.3656 -1.6268
v  5.9151 53.3748 -1.4928
v  5.9466 53.3803 -1.3430
v  5.9571 53.3821 -1.1775
v  5.1097 53.1597 -2.0997
v  5.2898 53.1597 -2.0603
v  5.4487 53.1597 -2.0051
v  5.5864 53.1597 -1.9342
v  5.7029 53.1597 -1.8475
v  5.7982 53.1597 -1.7450
v  5.8724 53.1597 -1.6268
v  5.9253 53.1597 -1.4928
v  -3.2055 48.3563 8.6341
v  -3.2445 48.3559 8.6326
v  -3.1674 48.4305 8.7805
v  -3.2418 48.4298 8.7776
v  -3.1334 48.5214 8.9115
v  -3.2394 48.5206 8.9074
v  -3.1034 48.6290 9.0271
v  -3.2373 48.6282 9.0219
v  -3.0774 48.7534 9.1273
v  -3.2355 48.7526 9.1212
v  -3.0554 48.8945 9.2120
v  -3.2339 48.8939 9.2052
v  -3.0374 49.0522 9.2814
v  -3.2326 49.0521 9.2739
v  -3.0234 49.2268 9.3353
v  -3.2316 49.2271 9.3274
v  -3.0134 49.4180 9.3738
v  -3.2309 49.4189 9.3656
v  -3.2305 49.6275 9.3886
v  -3.2806 48.3547 8.6285
v  -3.3106 48.4276 8.7697
v  -3.3375 48.5176 8.8962
v  -3.3612 48.6246 9.0077
v  -3.3817 48.7487 9.1044
v  -3.3991 48.8898 9.1863
v  -3.4133 49.0479 9.2533
v  -3.4243 49.2230 9.3054
v  -3.4322 49.4152 9.3426
v  -3.4369 49.6244 9.3650
v  -3.4384 49.8506 9.3726
v  -3.3138 48.3528 8.6217
v  -3.3739 48.4240 8.7568
v  -3.4276 48.5126 8.8778
v  -3.4751 48.6184 8.9845
v  -3.5161 48.7416 9.0770
v  -3.5509 48.8820 9.1553
v  -3.5793 49.0397 9.2194
v  -3.6014 49.2146 9.2693
v  -3.6172 49.4069 9.3049
v  -3.6267 49.6165 9.3264
v  -3.6298 49.8433 9.3336
v  -3.3442 48.3501 8.6123
v  -3.4316 48.4189 8.7389
v  -3.5099 48.5054 8.8522
v  -3.5790 48.6095 8.9522
v  -3.6388 48.7312 9.0389
v  -3.6894 48.8705 9.1122
v  -3.7308 49.0274 9.1723
v  -3.7630 49.2019 9.2190
v  -3.7860 49.3940 9.2525
v  -3.7998 49.6038 9.2726
v  -3.8044 49.8311 9.2794
v  -3.3715 48.3466 8.6002
v  -3.4838 48.4124 8.7159
v  -3.5843 48.4962 8.8194
v  -3.6729 48.5979 8.9108
v  -3.7497 48.7177 8.9900
v  -3.8147 48.8554 9.0571
v  -3.8678 49.0112 9.1120
v  -3.9091 49.1849 9.1547
v  -3.9387 49.3766 9.1853
v  -3.9563 49.5863 9.2037
v  -3.9622 49.8140 9.2099
v  -3.3960 48.3423 8.5855
v  -3.5304 48.4043 8.6879
v  -3.6507 48.4848 8.7795
v  -3.7568 48.5837 8.8604
v  -3.8488 48.7010 8.9305
v  -3.9266 48.8367 8.9898
v  -3.9902 48.9909 9.0384
v  -4.0397 49.1635 9.0763
v  -4.0751 49.3546 9.1033
v  -4.0963 49.5640 9.1196
v  -4.1033 49.7920 9.1252
v  -3.4176 48.3373 8.5681
v  -3.5715 48.3948 8.6548
v  -3.7093 48.4713 8.7324
v  -3.8308 48.5667 8.8009
v  -3.9361 48.6810 8.8603
v  -4.0252 48.8144 8.9105
v  -4.0981 48.9666 8.9517
v  -4.1548 49.1378 8.9837
v  -4.1953 49.3279 9.0066
v  -4.2195 49.5370 9.0204
v  -4.2276 49.7651 9.0251
v  -3.4363 48.3316 8.5481
v  -3.6071 48.3839 8.6167
v  -3.7599 48.4557 8.6781
v  -3.8948 48.5470 8.7323
v  -4.0116 48.6579 8.7793
v  -4.1105 48.7883 8.8191
v  -4.1914 48.9383 8.8517
v  -4.2543 49.1077 8.8770
v  -4.2993 49.2967 8.8952
v  -4.3262 49.5052 8.9061
v  -4.3352 49.7333 8.9098
v  -3.4520 48.3250 8.5255
v  -3.6371 48.3714 8.5736
v  -3.8027 48.4380 8.6167
v  -3.9488 48.5247 8.6547
v  -4.0754 48.6316 8.6877
v  -4.1825 48.7587 8.7156
v  -4.2702 48.9059 8.7384
v  -4.3384 49.0734 8.7562
v  -4.3870 49.2609 8.7690
v  -4.4162 49.4687 8.7766
v  -4.4260 49.6966 8.7793
v  -3.6615 48.3575 8.5255
v  -3.8375 48.4181 8.5481
v  -3.9928 48.4997 8.5680
v  -4.1274 48.6021 8.5853
v  -4.2413 48.7254 8.6000
v  -4.3344 48.8696 8.6120
v  -4.4069 49.0346 8.6213
v  -4.4586 49.2206 8.6280
v  -4.4897 49.4274 8.6320
v  -4.5000 49.6551 8.6334
v  -3.6805 48.3421 8.4723
v  -3.8645 48.3962 8.4723
v  -4.0269 48.4720 8.4723
v  -4.1676 48.5694 8.4723
v  -4.2867 48.6885 8.4723
v  -4.3841 48.8292 8.4723
v  -4.4599 48.9916 8.4723
v  -4.5140 49.1756 8.4723
v  5.1804 49.6506 8.6341
v  5.1808 49.6116 8.6327
v  5.1062 49.6886 8.7805
v  5.1069 49.6143 8.7777
v  5.0153 49.7226 8.9115
v  5.0161 49.6167 8.9075
v  4.9076 49.7526 9.0271
v  4.9085 49.6188 9.0220
v  4.7833 49.7786 9.1273
v  4.7840 49.6206 9.1213
v  4.6422 49.8006 9.2120
v  4.6427 49.6222 9.2053
v  4.4844 49.8186 9.2814
v  4.4846 49.6235 9.2740
v  4.3099 49.8326 9.3353
v  4.3096 49.6244 9.3275
v  4.1187 49.8426 9.3738
v  4.1178 49.6252 9.3657
v  3.9091 49.6256 9.3886
v  5.1820 49.5754 8.6285
v  5.1090 49.5454 8.7699
v  5.0190 49.5186 8.8963
v  4.9120 49.4949 9.0079
v  4.7879 49.4744 9.1046
v  4.6468 49.4570 9.1864
v  4.4887 49.4428 9.2534
v  4.3136 49.4318 9.3055
v  4.1214 49.4239 9.3427
v  3.9123 49.4192 9.3651
v  3.6860 49.4176 9.3726
v  5.1839 49.5422 8.6217
v  5.1126 49.4822 8.7570
v  5.0240 49.4285 8.8779
v  4.9182 49.3811 8.9847
v  4.7950 49.3400 9.0772
v  4.6546 49.3052 9.1555
v  4.4969 49.2768 9.2196
v  4.3220 49.2547 9.2694
v  4.1297 49.2389 9.3051
v  3.9202 49.2294 9.3265
v  3.6934 49.2263 9.3336
v  5.1866 49.5119 8.6123
v  5.1177 49.4245 8.7390
v  5.0312 49.3462 8.8524
v  4.9271 49.2772 8.9524
v  4.8054 49.2173 9.0391
v  4.6661 49.1667 9.1125
v  4.5092 49.1253 9.1725
v  4.3347 49.0931 9.2192
v  4.1426 49.0701 9.2526
v  3.9329 49.0563 9.2727
v  3.7056 49.0517 9.2794
v  5.1901 49.4845 8.6003
v  5.1242 49.3723 8.7160
v  5.0404 49.2718 8.8196
v  4.9387 49.1832 8.9110
v  4.8189 49.1064 8.9903
v  4.6812 49.0415 9.0573
v  4.5254 48.9883 9.1122
v  4.3517 48.9470 9.1549
v  4.1600 48.9174 9.1854
v  3.9504 48.8997 9.2038
v  3.7227 48.8938 9.2099
v  5.1943 49.4600 8.5856
v  5.1323 49.3256 8.6880
v  5.0518 49.2054 8.7797
v  4.9529 49.0993 8.8606
v  4.8356 49.0073 8.9307
v  4.6999 48.9295 8.9901
v  4.5457 48.8659 9.0387
v  4.3731 48.8164 9.0764
v  4.1821 48.7810 9.1035
v  3.9726 48.7598 9.1197
v  3.7447 48.7528 9.1252
v  5.1993 49.4385 8.5682
v  5.1418 49.2845 8.6550
v  5.0653 49.1468 8.7326
v  4.9699 49.0253 8.8011
v  4.8555 48.9200 8.8605
v  4.7222 48.8309 8.9107
v  4.5700 48.7580 8.9519
v  4.3988 48.7013 8.9839
v  4.2087 48.6608 9.0068
v  3.9996 48.6365 9.0205
v  3.7716 48.6285 9.0251
v  5.2051 49.4198 8.5482
v  5.1528 49.2490 8.6169
v  5.0809 49.0962 8.6783
v  4.9896 48.9613 8.7325
v  4.8787 48.8445 8.7795
v  4.7483 48.7456 8.8193
v  4.5983 48.6647 8.8518
v  4.4289 48.6018 8.8772
v  4.2399 48.5568 8.8953
v  4.0314 48.5299 8.9062
v  3.8034 48.5209 8.9098
v  5.2116 49.4041 8.5256
v  5.1652 49.2190 8.5737
v  5.0987 49.0534 8.6168
v  5.0119 48.9073 8.6549
v  4.9050 48.7807 8.6878
v  4.7779 48.6736 8.7157
v  4.6307 48.5859 8.7386
v  4.4633 48.5177 8.7563
v  4.2757 48.4690 8.7691
v  4.0680 48.4398 8.7767
v  3.8400 48.4301 8.7793
v  5.1792 49.1945 8.5255
v  5.1185 49.0185 8.5482
v  5.0370 48.8633 8.5681
v  4.9345 48.7287 8.5854
v  4.8112 48.6148 8.6001
v  4.6671 48.5217 8.6121
v  4.5020 48.4492 8.6214
v  4.3161 48.3974 8.6281
v  4.1093 48.3664 8.6321
v  3.8816 48.3561 8.6334
v  5.1946 49.1756 8.4723
v  5.1405 48.9916 8.4723
v  5.0647 48.8292 8.4723
v  4.9673 48.6885 8.4723
v  4.8482 48.5694 8.4723
v  4.7075 48.4720 8.4723
v  4.5451 48.3962 8.4723
v  4.3611 48.3421 8.4723
v  3.8861 53.6541 8.6341
v  3.9251 53.6545 8.6326
v  3.8481 53.5799 8.7805
v  3.9224 53.5805 8.7776
v  3.8141 53.4889 8.9115
v  3.9200 53.4898 8.9074
v  3.7841 53.3813 9.0271
v  3.9179 53.3821 9.0219
v  3.7581 53.2569 9.1273
v  3.9161 53.2577 9.1212
v  3.7361 53.1159 9.2120
v  3.9145 53.1164 9.2052
v  3.7181 52.9581 9.2814
v  3.9132 52.9583 9.2739
v  3.7041 52.7836 9.3353
v  3.9122 52.7833 9.3274
v  3.6941 52.5923 9.3738
v  3.9115 52.5914 9.3656
v  3.9111 52.3828 9.3885
v  3.9612 53.6556 8.6284
v  3.9913 53.5827 8.7697
v  4.0181 53.4927 8.8961
v  4.0418 53.3857 9.0077
v  4.0623 53.2616 9.1044
v  4.0797 53.1206 9.1862
v  4.0939 52.9625 9.2532
v  4.1049 52.7873 9.3053
v  4.1128 52.5951 9.3426
v  4.1175 52.3859 9.3650
v  4.1190 52.1597 9.3726
v  3.9945 53.6576 8.6216
v  4.0545 53.5863 8.7568
v  4.1083 53.4977 8.8777
v  4.1557 53.3919 8.9844
v  4.1968 53.2688 9.0769
v  4.2315 53.1284 9.1552
v  4.2600 52.9707 9.2193
v  4.2821 52.7957 9.2692
v  4.2978 52.6034 9.3049
v  4.3073 52.3939 9.3264
v  4.3104 52.1670 9.3336
v  4.0248 53.6603 8.6122
v  4.1123 53.5914 8.7388
v  4.1905 53.5049 8.8521
v  4.2596 53.4008 8.9521
v  4.3194 53.2791 9.0387
v  4.3701 53.1398 9.1121
v  4.4115 52.9829 9.1722
v  4.4437 52.8084 9.2189
v  4.4667 52.6163 9.2524
v  4.4804 52.4066 9.2726
v  4.4850 52.1792 9.2794
v  4.0522 53.6637 8.6001
v  4.1644 53.5980 8.7158
v  4.2649 53.5142 8.8193
v  4.3535 53.4124 8.9107
v  4.4303 53.2927 8.9899
v  4.4953 53.1549 9.0570
v  4.5485 52.9992 9.1119
v  4.5898 52.8255 9.1546
v  4.6193 52.6337 9.1852
v  4.6370 52.4240 9.2036
v  4.6428 52.1964 9.2099
v  4.0767 53.6680 8.5854
v  4.2111 53.6060 8.6878
v  4.3314 53.5256 8.7794
v  4.4375 53.4267 8.8603
v  4.5294 53.3094 8.9304
v  4.6072 53.1736 8.9897
v  4.6709 53.0195 9.0383
v  4.7204 52.8468 9.0762
v  4.7557 52.6558 9.1032
v  4.7769 52.4463 9.1196
v  4.7839 52.2183 9.1252
v  4.0982 53.6730 8.5681
v  4.2522 53.6155 8.6548
v  4.3899 53.5390 8.7323
v  4.5114 53.4436 8.8008
v  4.6167 53.3293 8.8602
v  4.7058 53.1960 8.9104
v  4.7787 53.0437 8.9516
v  4.8354 52.8725 8.9836
v  4.8759 52.6824 9.0066
v  4.9002 52.4733 9.0204
v  4.9082 52.2452 9.0251
v  4.1169 53.6788 8.5481
v  4.2877 53.6265 8.6167
v  4.4406 53.5546 8.6781
v  4.5754 53.4633 8.7323
v  4.6923 53.3524 8.7792
v  4.7912 53.2220 8.8190
v  4.8721 53.0721 8.8516
v  4.9350 52.9026 8.8770
v  4.9799 52.7136 8.8951
v  5.0068 52.5051 8.9061
v  5.0158 52.2770 8.9098
v  4.1326 53.6853 8.5255
v  4.3177 53.6389 8.5736
v  4.4833 53.5724 8.6167
v  4.6294 53.4856 8.6547
v  4.7560 53.3787 8.6876
v  4.8632 53.2516 8.7155
v  4.9508 53.1044 8.7384
v  5.0190 52.9370 8.7562
v  5.0677 52.7494 8.7689
v  5.0969 52.5416 8.7766
v  5.1066 52.3137 8.7793
v  4.3422 53.6528 8.5255
v  4.5181 53.5922 8.5481
v  4.6734 53.5106 8.5680
v  4.8080 53.4082 8.5853
v  4.9219 53.2849 8.6000
v  5.0150 53.1407 8.6120
v  5.0875 52.9757 8.6213
v  5.1392 52.7898 8.6280
v  5.1703 52.5829 8.6320
v  5.1806 52.3553 8.6334
v  4.3611 53.6682 8.4723
v  4.5451 53.6141 8.4723
v  4.7075 53.5383 8.4723
v  4.8482 53.4409 8.4723
v  4.9673 53.3218 8.4723
v  5.0647 53.1811 8.4723
v  5.1405 53.0187 8.4723
v  5.1946 52.8347 8.4723
v  -4.4998 52.3597 8.6341
v  -4.5002 52.3988 8.6327
v  -4.4256 52.3217 8.7805
v  -4.4262 52.3961 8.7777
v  -4.3347 52.2877 8.9115
v  -4.3355 52.3937 8.9075
v  -4.2270 52.2577 9.0271
v  -4.2279 52.3915 9.0220
v  -4.1027 52.2317 9.1273
v  -4.1034 52.3897 9.1213
v  -3.9616 52.2097 9.2120
v  -3.9621 52.3881 9.2053
v  -3.8038 52.1917 9.2814
v  -3.8040 52.3869 9.2740
v  -3.6293 52.1777 9.3353
v  -3.6290 52.3859 9.3275
v  -3.4381 52.1677 9.3738
v  -3.4372 52.3852 9.3657
v  -3.2285 52.3847 9.3886
v  -4.5013 52.4349 8.6285
v  -4.4284 52.4649 8.7699
v  -4.3384 52.4917 8.8963
v  -4.2314 52.5154 9.0079
v  -4.1073 52.5359 9.1046
v  -3.9662 52.5533 9.1864
v  -3.8081 52.5675 9.2534
v  -3.6330 52.5785 9.3055
v  -3.4408 52.5864 9.3427
v  -3.2316 52.5911 9.3651
v  -3.0054 52.5927 9.3726
v  -4.5033 52.4681 8.6217
v  -4.4320 52.5281 8.7570
v  -4.3434 52.5819 8.8779
v  -4.2376 52.6293 8.9847
v  -4.1144 52.6703 9.0772
v  -3.9740 52.7051 9.1555
v  -3.8163 52.7335 9.2196
v  -3.6414 52.7556 9.2694
v  -3.4491 52.7714 9.3051
v  -3.2396 52.7809 9.3265
v  -3.0128 52.7840 9.3336
v  -4.5060 52.4984 8.6123
v  -4.4371 52.5859 8.7390
v  -4.3506 52.6641 8.8524
v  -4.2465 52.7332 8.9524
v  -4.1248 52.7930 9.0391
v  -3.9855 52.8436 9.1125
v  -3.8286 52.8850 9.1725
v  -3.6541 52.9173 9.2192
v  -3.4620 52.9403 9.2526
v  -3.2523 52.9541 9.2727
v  -3.0250 52.9586 9.2794
v  -4.5094 52.5258 8.6003
v  -4.4436 52.6380 8.7160
v  -4.3598 52.7385 8.8196
v  -4.2580 52.8271 8.9110
v  -4.1383 52.9039 8.9903
v  -4.0005 52.9689 9.0573
v  -3.8448 53.0220 9.1122
v  -3.6711 53.0634 9.1549
v  -3.4794 53.0929 9.1854
v  -3.2697 53.1106 9.2038
v  -3.0421 53.1165 9.2099
v  -4.5137 52.5503 8.5856
v  -4.4517 52.6847 8.6880
v  -4.3712 52.8049 8.7797
v  -4.2723 52.9110 8.8606
v  -4.1550 53.0030 8.9307
v  -4.0193 53.0808 8.9901
v  -3.8651 53.1444 9.0387
v  -3.6925 53.1939 9.0764
v  -3.5014 53.2293 9.1035
v  -3.2920 53.2505 9.1197
v  -3.0641 53.2575 9.1252
v  -4.5187 52.5718 8.5682
v  -4.4612 52.7258 8.6550
v  -4.3847 52.8635 8.7326
v  -4.2893 52.9850 8.8011
v  -4.1749 53.0903 8.8605
v  -4.0416 53.1794 8.9107
v  -3.8894 53.2523 8.9519
v  -3.7182 53.3090 8.9839
v  -3.5281 53.3495 9.0068
v  -3.3190 53.3738 9.0205
v  -3.0910 53.3819 9.0251
v  -4.5245 52.5905 8.5482
v  -4.4722 52.7613 8.6169
v  -4.4003 52.9141 8.6783
v  -4.3090 53.0490 8.7325
v  -4.1981 53.1659 8.7795
v  -4.0677 53.2647 8.8193
v  -3.9177 53.3456 8.8518
v  -3.7483 53.4086 8.8772
v  -3.5593 53.4535 8.8953
v  -3.3508 53.4804 8.9062
v  -3.1228 53.4894 8.9098
v  -4.5310 52.6063 8.5256
v  -4.4846 52.7913 8.5737
v  -4.4180 52.9569 8.6168
v  -4.3313 53.1030 8.6549
v  -4.2244 53.2296 8.6878
v  -4.0973 53.3368 8.7157
v  -3.9501 53.4244 8.7386
v  -3.7827 53.4926 8.7563
v  -3.5951 53.5413 8.7691
v  -3.3873 53.5705 8.7767
v  -3.1594 53.5802 8.7793
v  -4.4986 52.8158 8.5255
v  -4.4379 52.9918 8.5482
v  -4.3563 53.1470 8.5681
v  -4.2539 53.2816 8.5854
v  -4.1306 53.3955 8.6001
v  -3.9864 53.4887 8.6121
v  -3.8214 53.5611 8.6214
v  -3.6355 53.6129 8.6281
v  -3.4287 53.6439 8.6321
v  -3.2010 53.6543 8.6334
v  -4.5140 52.8347 8.4723
v  -4.4599 53.0187 8.4723
v  -4.3841 53.1811 8.4723
v  -4.2867 53.3218 8.4723
v  -4.1676 53.4409 8.4723
v  -4.0269 53.5383 8.4723
v  -3.8645 53.6141 8.4723
v  -3.6805 53.6682 8.4723
# 1240 vertices

vn -0.0210 -0.9998 0.0007
vn -0.0238 -0.9994 -0.0238
vn 0.0190 -0.9996 -0.0190
vn 0.0210 -0.9998 0.0007
vn -0.0210 0.9998 0.0007
vn 0.0210 0.9998 0.0007
vn 0.0238 0.9994 -0.0238
vn -0.0238 0.9994 -0.0238
vn -0.0251 -0.0230 0.9994
vn 0.0230 -0.0251 0.9994
vn 0.0251 0.0230 0.9994
vn -0.0230 0.0251 0.9994
vn 0.9998 -0.0210 0.0007
vn 0.9994 -0.0238 -0.0238
vn 0.9994 0.0238 -0.0238
vn 0.9998 0.0210 0.0007
vn 0.0238 -0.0238 -0.9994
vn -0.0238 -0.0238 -0.9994
vn -0.0238 0.0238 -0.9994
vn 0.0190 0.0190 -0.9996
vn -0.9996 -0.0190 -0.0190
vn -0.9998 -0.0210 0.0007
vn -0.9998 0.0210 0.0007
vn -0.9996 0.0190 -0.0190
vn -0.0206 -0.9767 0.2137
vn 0.0206 -0.9767 0.2137
vn 0.0230 -0.9710 0.2379
vn -0.0181 -0.9726 0.2318
vn 0.9767 -0.0206 0.2137
vn 0.9767 0.0206 0.2137
vn 0.9710 0.0230 0.2379
vn 0.9726 -0.0181 0.2318
vn 0.0206 0.9767 0.2137
vn -0.0206 0.9767 0.2137
vn -0.0230 0.9710 0.2379
vn 0.0181 0.9726 0.2318
vn -0.9767 0.0206 0.2137
vn -0.9767 -0.0206 0.2137
vn -0.9710 -0.0230 0.2379
vn -0.9726 0.0181 0.2318
vn -0.6351 -0.7336 0.2420
vn -0.7335 -0.6351 0.2420
vn -0.9127 -0.3749 0.1625
vn -0.9177 -0.3787 0.1202
vn -0.7556 -0.6523 0.0594
vn -0.6523 -0.7556 0.0594
vn -0.3787 -0.9177 0.1202
vn -0.3749 -0.9127 0.1625
vn 0.6523 -0.7556 0.0594
vn 0.7556 -0.6523 0.0594
vn 0.9177 -0.3787 0.1202
vn 0.9127 -0.3749 0.1625
vn 0.7335 -0.6351 0.2420
vn 0.6351 -0.7335 0.2420
vn 0.3749 -0.9127 0.1625
vn 0.3787 -0.9177 0.1202
vn -0.9946 -0.1028 -0.0104
vn -0.9947 -0.1027 -0.0025
vn 0.1028 -0.9946 -0.0104
vn 0.1027 -0.9947 -0.0025
vn -0.7335 0.6351 0.2420
vn -0.6351 0.7336 0.2420
vn -0.3749 0.9127 0.1625
vn -0.3787 0.9177 0.1202
vn -0.6523 0.7556 0.0594
vn -0.7556 0.6523 0.0594
vn -0.9177 0.3787 0.1202
vn -0.9127 0.3749 0.1625
vn 0.7556 0.6523 0.0594
vn 0.6523 0.7556 0.0594
vn 0.3787 0.9177 0.1202
vn 0.3749 0.9127 0.1625
vn 0.6351 0.7335 0.2420
vn 0.7335 0.6351 0.2420
vn 0.9127 0.3749 0.1625
vn 0.9177 0.3787 0.1202
vn -0.9946 0.0104 -0.1028
vn -0.9947 0.0025 -0.1027
vn 0.1028 0.0104 -0.9946
vn 0.1027 0.0025 -0.9947
vn -0.0995 -0.9656 0.2402
vn -0.0997 -0.9674 0.2327
vn 0.9656 -0.0995 0.2402
vn 0.9674 -0.0997 0.2327
vn 0.0995 0.9656 0.2402
vn 0.0997 0.9674 0.2327
vn -0.9656 0.0995 0.2402
vn -0.9674 0.0997 0.2327
vn -0.2052 -0.9731 -0.1048
vn -0.1018 -0.9945 -0.0236
vn -0.0239 -0.9945 -0.1019
vn 0.0025 -0.9947 -0.1027
vn 0.2052 -0.9731 -0.1048
vn -0.1373 -0.9376 0.3194
vn 0.1373 -0.9376 0.3194
vn 0.1373 0.9376 0.3194
vn -0.1373 0.9376 0.3194
vn 0.2052 0.9731 -0.1048
vn 0.1019 0.9945 -0.0239
vn 0.0236 0.9945 -0.1018
vn -0.0239 0.9945 -0.1019
vn -0.1018 0.9945 -0.0236
vn -0.2052 0.9731 -0.1048
vn 0.9376 -0.1373 0.3194
vn 0.9376 0.1373 0.3194
vn -0.9376 0.1373 0.3194
vn -0.9376 -0.1373 0.3194
vn 0.9945 -0.0239 -0.1019
vn 0.9945 0.0236 -0.1018
vn -0.1018 -0.0236 -0.9945
vn -0.1018 0.0236 -0.9945
vn -0.0252 -0.0966 0.9950
vn 0.0225 -0.1007 0.9947
vn 0.0966 -0.0250 0.9950
vn 0.1007 0.0228 0.9947
vn 0.0253 0.0965 0.9950
vn -0.0225 0.1007 0.9947
vn -0.0966 0.0250 0.9950
vn -0.1007 -0.0228 0.9947
vn -0.9198 -0.1932 0.3416
vn -0.9627 -0.0983 0.2520
vn 0.1932 -0.9198 0.3416
vn 0.0983 -0.9627 0.2520
vn 0.9198 0.1932 0.3416
vn 0.9627 0.0983 0.2520
vn -0.1932 0.9198 0.3416
vn -0.0983 0.9627 0.2520
vn -0.1932 -0.9198 0.3416
vn -0.9844 -0.1492 -0.0930
vn -0.9731 -0.2052 -0.1048
vn -0.1492 -0.9844 -0.0930
vn -0.1701 -0.9393 0.2978
vn -0.2780 -0.8995 0.3370
vn -0.8995 -0.2780 0.3370
vn -0.9393 -0.1701 0.2978
vn -0.9810 -0.1836 -0.0622
vn -0.9523 -0.2934 -0.0840
vn -0.2934 -0.9523 -0.0840
vn -0.1836 -0.9810 -0.0622
vn -0.2157 -0.9386 0.2693
vn -0.3781 -0.8669 0.3248
vn -0.8669 -0.3781 0.3248
vn -0.9386 -0.2157 0.2693
vn -0.9729 -0.2302 -0.0212
vn -0.9161 -0.3974 -0.0541
vn -0.3974 -0.9161 -0.0541
vn -0.2302 -0.9729 -0.0212
vn -0.2810 -0.9322 0.2280
vn -0.4961 -0.8158 0.2973
vn -0.8158 -0.4961 0.2973
vn -0.9322 -0.2810 0.2280
vn -0.9551 -0.2941 0.0364
vn -0.8555 -0.5177 -0.0089
vn -0.5177 -0.8555 -0.0089
vn -0.2941 -0.9551 0.0364
vn 0.1492 -0.9844 -0.0930
vn 0.9731 -0.2052 -0.1048
vn 0.9844 -0.1492 -0.0930
vn 0.9198 -0.1932 0.3416
vn 0.1836 -0.9810 -0.0622
vn 0.2934 -0.9523 -0.0840
vn 0.9523 -0.2934 -0.0840
vn 0.9810 -0.1836 -0.0622
vn 0.9393 -0.1701 0.2978
vn 0.8995 -0.2780 0.3370
vn 0.2780 -0.8995 0.3370
vn 0.1701 -0.9393 0.2978
vn 0.2302 -0.9729 -0.0212
vn 0.3974 -0.9161 -0.0541
vn 0.9161 -0.3974 -0.0541
vn 0.9729 -0.2302 -0.0212
vn 0.9386 -0.2157 0.2693
vn 0.8669 -0.3781 0.3248
vn 0.3781 -0.8669 0.3248
vn 0.2157 -0.9386 0.2693
vn 0.2941 -0.9551 0.0364
vn 0.5177 -0.8555 -0.0089
vn 0.8555 -0.5177 -0.0089
vn 0.9551 -0.2941 0.0364
vn 0.9322 -0.2810 0.2280
vn 0.8158 -0.4961 0.2973
vn 0.4961 -0.8158 0.2973
vn 0.2810 -0.9322 0.2280
vn -0.9947 -0.0025 -0.1027
vn -0.9946 -0.0104 -0.1028
vn -0.9754 -0.0053 -0.2204
vn -0.9753 -0.0223 -0.2197
vn -0.9350 -0.0085 -0.3545
vn -0.9351 -0.0359 -0.3527
vn -0.8667 -0.0119 -0.4987
vn -0.8669 -0.0506 -0.4959
vn -0.7670 -0.0153 -0.6415
vn -0.7675 -0.0652 -0.6377
vn -0.6400 -0.0183 -0.7682
vn -0.6408 -0.0782 -0.7637
vn -0.4972 -0.0206 -0.8674
vn -0.4981 -0.0884 -0.8626
vn -0.3531 -0.0222 -0.9353
vn -0.3540 -0.0954 -0.9304
vn -0.2193 -0.0232 -0.9754
vn -0.2199 -0.0996 -0.9704
vn -0.1022 -0.1015 -0.9896
vn -0.0239 -0.1019 -0.9945
vn -0.9947 -0.0222 -0.1001
vn -0.9758 -0.0477 -0.2135
vn -0.9362 -0.0768 -0.3429
vn -0.8691 -0.1082 -0.4826
vn -0.7708 -0.1396 -0.6216
vn -0.6448 -0.1677 -0.7457
vn -0.5022 -0.1899 -0.8437
vn -0.3574 -0.2052 -0.9111
vn -0.2222 -0.2143 -0.9512
vn -0.1033 -0.2186 -0.9703
vn -0.0241 -0.2196 -0.9753
vn -0.9949 -0.0355 -0.0949
vn -0.9764 -0.0759 -0.2021
vn -0.9379 -0.1222 -0.3248
vn -0.8722 -0.1725 -0.4577
vn -0.7754 -0.2229 -0.5908
vn -0.6504 -0.2684 -0.7106
vn -0.5079 -0.3046 -0.8058
vn -0.3621 -0.3297 -0.8719
vn -0.2255 -0.3447 -0.9112
vn -0.1049 -0.3518 -0.9302
vn -0.0245 -0.3535 -0.9351
vn -0.9950 -0.0496 -0.0869
vn -0.9770 -0.1057 -0.1850
vn -0.9395 -0.1702 -0.2974
vn -0.8752 -0.2405 -0.4197
vn -0.7799 -0.3113 -0.5429
vn -0.6560 -0.3756 -0.6547
vn -0.5135 -0.4272 -0.7442
vn -0.3669 -0.4633 -0.8067
vn -0.2288 -0.4848 -0.8442
vn -0.1065 -0.4952 -0.8622
vn -0.0249 -0.4978 -0.8670
vn -0.9951 -0.0635 -0.0762
vn -0.9774 -0.1352 -0.1623
vn -0.9405 -0.2177 -0.2611
vn -0.8771 -0.3077 -0.3689
vn -0.7827 -0.3987 -0.4779
vn -0.6594 -0.4817 -0.5772
vn -0.5170 -0.5485 -0.6572
vn -0.3699 -0.5954 -0.7133
vn -0.2309 -0.6235 -0.7470
vn -0.1075 -0.6371 -0.7632
vn -0.0252 -0.6406 -0.7675
vn -0.9951 -0.0762 -0.0635
vn -0.9774 -0.1623 -0.1352
vn -0.9405 -0.2611 -0.2177
vn -0.8771 -0.3689 -0.3077
vn -0.7827 -0.4779 -0.3987
vn -0.6594 -0.5772 -0.4817
vn -0.5170 -0.6572 -0.5485
vn -0.3699 -0.7133 -0.5954
vn -0.2309 -0.7470 -0.6235
vn -0.1075 -0.7632 -0.6371
vn -0.0252 -0.7675 -0.6406
vn -0.9950 -0.0869 -0.0496
vn -0.9770 -0.1850 -0.1057
vn -0.9395 -0.2974 -0.1702
vn -0.8752 -0.4197 -0.2405
vn -0.7799 -0.5429 -0.3113
vn -0.6560 -0.6547 -0.3756
vn -0.5135 -0.7442 -0.4272
vn -0.3669 -0.8067 -0.4633
vn -0.2288 -0.8442 -0.4848
vn -0.1065 -0.8622 -0.4952
vn -0.0249 -0.8670 -0.4978
vn -0.9949 -0.0949 -0.0355
vn -0.9764 -0.2021 -0.0759
vn -0.9379 -0.3248 -0.1222
vn -0.8722 -0.4577 -0.1725
vn -0.7754 -0.5908 -0.2229
vn -0.6504 -0.7106 -0.2684
vn -0.5079 -0.8058 -0.3046
vn -0.3621 -0.8719 -0.3297
vn -0.2255 -0.9112 -0.3447
vn -0.1049 -0.9302 -0.3518
vn -0.0245 -0.9351 -0.3535
vn -0.9947 -0.1001 -0.0222
vn -0.9758 -0.2135 -0.0477
vn -0.9362 -0.3429 -0.0768
vn -0.8691 -0.4826 -0.1082
vn -0.7708 -0.6216 -0.1396
vn -0.6448 -0.7457 -0.1677
vn -0.5022 -0.8437 -0.1899
vn -0.3574 -0.9111 -0.2052
vn -0.2222 -0.9512 -0.2143
vn -0.1033 -0.9703 -0.2186
vn -0.0241 -0.9753 -0.2196
vn -0.9753 -0.2197 -0.0223
vn -0.9351 -0.3527 -0.0359
vn -0.8669 -0.4959 -0.0506
vn -0.7675 -0.6377 -0.0652
vn -0.6408 -0.7637 -0.0782
vn -0.4981 -0.8626 -0.0884
vn -0.3540 -0.9304 -0.0954
vn -0.2199 -0.9704 -0.0996
vn -0.1022 -0.9896 -0.1015
vn -0.9754 -0.2205 -0.0053
vn -0.9350 -0.3545 -0.0085
vn -0.8667 -0.4987 -0.0119
vn -0.7670 -0.6415 -0.0153
vn -0.6400 -0.7682 -0.0183
vn -0.4972 -0.8674 -0.0206
vn -0.3531 -0.9353 -0.0222
vn -0.2193 -0.9754 -0.0232
vn 0.0104 -0.9946 -0.1028
vn 0.0053 -0.9754 -0.2204
vn 0.0223 -0.9753 -0.2197
vn 0.0085 -0.9350 -0.3545
vn 0.0359 -0.9351 -0.3527
vn 0.0119 -0.8667 -0.4987
vn 0.0506 -0.8669 -0.4959
vn 0.0153 -0.7670 -0.6415
vn 0.0652 -0.7675 -0.6377
vn 0.0183 -0.6400 -0.7682
vn 0.0782 -0.6408 -0.7637
vn 0.0206 -0.4972 -0.8674
vn 0.0884 -0.4981 -0.8626
vn 0.0222 -0.3531 -0.9353
vn 0.0954 -0.3540 -0.9304
vn 0.0232 -0.2193 -0.9754
vn 0.0996 -0.2199 -0.9704
vn 0.0236 -0.1018 -0.9945
vn 0.1015 -0.1022 -0.9896
vn 0.1019 -0.0239 -0.9945
vn 0.0222 -0.9947 -0.1001
vn 0.0477 -0.9758 -0.2135
vn 0.0768 -0.9362 -0.3429
vn 0.1082 -0.8691 -0.4826
vn 0.1396 -0.7708 -0.6216
vn 0.1677 -0.6448 -0.7457
vn 0.1899 -0.5022 -0.8437
vn 0.2052 -0.3574 -0.9111
vn 0.2143 -0.2222 -0.9512
vn 0.2186 -0.1033 -0.9703
vn 0.2196 -0.0241 -0.9753
vn 0.0355 -0.9949 -0.0949
vn 0.0759 -0.9764 -0.2021
vn 0.1222 -0.9379 -0.3248
vn 0.1725 -0.8722 -0.4577
vn 0.2229 -0.7754 -0.5908
vn 0.2684 -0.6504 -0.7106
vn 0.3046 -0.5079 -0.8058
vn 0.3297 -0.3621 -0.8719
vn 0.3447 -0.2255 -0.9112
vn 0.3518 -0.1049 -0.9302
vn 0.3535 -0.0245 -0.9351
vn 0.0496 -0.9950 -0.0869
vn 0.1057 -0.9770 -0.1850
vn 0.1702 -0.9395 -0.2974
vn 0.2405 -0.8752 -0.4197
vn 0.3113 -0.7799 -0.5429
vn 0.3756 -0.6560 -0.6547
vn 0.4272 -0.5135 -0.7442
vn 0.4633 -0.3669 -0.8067
vn 0.4848 -0.2288 -0.8442
vn 0.4952 -0.1065 -0.8622
vn 0.4978 -0.0249 -0.8670
vn 0.0635 -0.9951 -0.0762
vn 0.1352 -0.9774 -0.1623
vn 0.2177 -0.9405 -0.2611
vn 0.3077 -0.8771 -0.3689
vn 0.3987 -0.7827 -0.4779
vn 0.4817 -0.6594 -0.5772
vn 0.5485 -0.5170 -0.6572
vn 0.5954 -0.3699 -0.7133
vn 0.6235 -0.2309 -0.7470
vn 0.6371 -0.1075 -0.7632
vn 0.6406 -0.0252 -0.7675
vn 0.0762 -0.9951 -0.0635
vn 0.1623 -0.9774 -0.1352
vn 0.2611 -0.9405 -0.2177
vn 0.3689 -0.8771 -0.3077
vn 0.4779 -0.7827 -0.3987
vn 0.5772 -0.6594 -0.4817
vn 0.6572 -0.5170 -0.5485
vn 0.7133 -0.3699 -0.5954
vn 0.7470 -0.2309 -0.6235
vn 0.7632 -0.1075 -0.6371
vn 0.7675 -0.0252 -0.6406
vn 0.0869 -0.9950 -0.0496
vn 0.1850 -0.9770 -0.1057
vn 0.2974 -0.9395 -0.1702
vn 0.4197 -0.8752 -0.2405
vn 0.5429 -0.7799 -0.3113
vn 0.6547 -0.6560 -0.3756
vn 0.7442 -0.5135 -0.4272
vn 0.8067 -0.3669 -0.4633
vn 0.8442 -0.2288 -0.4848
vn 0.8622 -0.1065 -0.4952
vn 0.8670 -0.0249 -0.4978
vn 0.0949 -0.9949 -0.0355
vn 0.2021 -0.9764 -0.0759
vn 0.3248 -0.9379 -0.1222
vn 0.4577 -0.8722 -0.1725
vn 0.5908 -0.7754 -0.2229
vn 0.7106 -0.6504 -0.2684
vn 0.8058 -0.5079 -0.3046
vn 0.8719 -0.3621 -0.3297
vn 0.9112 -0.2255 -0.3447
vn 0.9302 -0.1049 -0.3518
vn 0.9351 -0.0245 -0.3535
vn 0.1001 -0.9947 -0.0222
vn 0.2135 -0.9758 -0.0477
vn 0.3429 -0.9362 -0.0768
vn 0.4826 -0.8691 -0.1082
vn 0.6216 -0.7708 -0.1396
vn 0.7457 -0.6448 -0.1677
vn 0.8437 -0.5022 -0.1899
vn 0.9111 -0.3574 -0.2052
vn 0.9512 -0.2222 -0.2143
vn 0.9703 -0.1033 -0.2186
vn 0.9753 -0.0241 -0.2196
vn 0.2197 -0.9753 -0.0223
vn 0.3527 -0.9351 -0.0359
vn 0.4959 -0.8669 -0.0506
vn 0.6377 -0.7675 -0.0652
vn 0.7637 -0.6408 -0.0782
vn 0.8626 -0.4981 -0.0884
vn 0.9304 -0.3540 -0.0954
vn 0.9704 -0.2199 -0.0996
vn 0.9896 -0.1022 -0.1015
vn 0.2205 -0.9754 -0.0053
vn 0.3545 -0.9350 -0.0085
vn 0.4987 -0.8667 -0.0119
vn 0.6415 -0.7670 -0.0153
vn 0.7682 -0.6400 -0.0183
vn 0.8674 -0.4972 -0.0206
vn 0.9353 -0.3531 -0.0222
vn 0.9754 -0.2193 -0.0232
vn 0.9945 -0.1018 -0.0236
vn -0.9198 0.1932 0.3416
vn -0.1492 0.9844 -0.0930
vn -0.9731 0.2052 -0.1048
vn -0.9844 0.1492 -0.0930
vn -0.9393 0.1701 0.2978
vn -0.8995 0.2780 0.3370
vn -0.2780 0.8995 0.3370
vn -0.1701 0.9393 0.2978
vn -0.1836 0.9810 -0.0622
vn -0.2934 0.9523 -0.0840
vn -0.9523 0.2934 -0.0840
vn -0.9810 0.1836 -0.0622
vn -0.9386 0.2157 0.2693
vn -0.8669 0.3781 0.3248
vn -0.3781 0.8669 0.3248
vn -0.2157 0.9386 0.2693
vn -0.2302 0.9729 -0.0212
vn -0.3974 0.9161 -0.0541
vn -0.9161 0.3974 -0.0541
vn -0.9729 0.2302 -0.0212
vn -0.9322 0.2810 0.2280
vn -0.8158 0.4961 0.2973
vn -0.4961 0.8158 0.2973
vn -0.2810 0.9322 0.2280
vn -0.2941 0.9551 0.0364
vn -0.5177 0.8555 -0.0089
vn -0.8555 0.5177 -0.0089
vn -0.9551 0.2941 0.0364
vn 0.9844 0.1492 -0.0930
vn 0.9731 0.2052 -0.1048
vn 0.1492 0.9844 -0.0930
vn 0.1932 0.9198 0.3416
vn 0.9810 0.1836 -0.0622
vn 0.9523 0.2934 -0.0840
vn 0.2934 0.9523 -0.0840
vn 0.1836 0.9810 -0.0622
vn 0.1701 0.9393 0.2978
vn 0.2780 0.8995 0.3370
vn 0.8995 0.2780 0.3370
vn 0.9393 0.1701 0.2978
vn 0.9729 0.2302 -0.0212
vn 0.9161 0.3974 -0.0541
vn 0.3974 0.9161 -0.0541
vn 0.2302 0.9729 -0.0212
vn 0.2157 0.9386 0.2693
vn 0.3781 0.8669 0.3248
vn 0.8669 0.3781 0.3248
vn 0.9386 0.2157 0.2693
vn 0.9551 0.2941 0.0364
vn 0.8555 0.5177 -0.0089
vn 0.5177 0.8555 -0.0089
vn 0.2941 0.9551 0.0364
vn 0.2810 0.9322 0.2280
vn 0.4961 0.8158 0.2973
vn 0.8158 0.4961 0.2973
vn 0.9322 0.2810 0.2280
vn -0.9947 0.1027 -0.0025
vn -0.9946 0.1028 -0.0104
vn -0.9754 0.2205 -0.0053
vn -0.9753 0.2197 -0.0223
vn -0.9350 0.3545 -0.0085
vn -0.9351 0.3527 -0.0359
vn -0.8667 0.4987 -0.0119
vn -0.8669 0.4959 -0.0506
vn -0.7670 0.6415 -0.0153
vn -0.7675 0.6377 -0.0652
vn -0.6400 0.7682 -0.0183
vn -0.6408 0.7637 -0.0782
vn -0.4972 0.8674 -0.0206
vn -0.4981 0.8626 -0.0884
vn -0.3531 0.9353 -0.0222
vn -0.3540 0.9304 -0.0954
vn -0.2193 0.9754 -0.0232
vn -0.2199 0.9704 -0.0996
vn -0.1022 0.9896 -0.1015
vn -0.9947 0.1001 -0.0222
vn -0.9758 0.2135 -0.0477
vn -0.9362 0.3429 -0.0768
vn -0.8691 0.4826 -0.1082
vn -0.7708 0.6216 -0.1396
vn -0.6448 0.7457 -0.1677
vn -0.5022 0.8437 -0.1899
vn -0.3574 0.9111 -0.2052
vn -0.2222 0.9512 -0.2143
vn -0.1033 0.9703 -0.2186
vn -0.0241 0.9753 -0.2196
vn -0.9949 0.0949 -0.0355
vn -0.9764 0.2021 -0.0759
vn -0.9379 0.3248 -0.1222
vn -0.8722 0.4577 -0.1725
vn -0.7754 0.5908 -0.2229
vn -0.6504 0.7106 -0.2684
vn -0.5079 0.8058 -0.3046
vn -0.3621 0.8719 -0.3297
vn -0.2255 0.9112 -0.3447
vn -0.1049 0.9302 -0.3518
vn -0.0245 0.9351 -0.3535
vn -0.9950 0.0869 -0.0496
vn -0.9770 0.1850 -0.1057
vn -0.9395 0.2974 -0.1702
vn -0.8752 0.4197 -0.2405
vn -0.7799 0.5429 -0.3113
vn -0.6560 0.6547 -0.3756
vn -0.5135 0.7442 -0.4272
vn -0.3669 0.8067 -0.4633
vn -0.2288 0.8442 -0.4848
vn -0.1065 0.8622 -0.4952
vn -0.0249 0.8670 -0.4978
vn -0.9951 0.0762 -0.0635
vn -0.9774 0.1623 -0.1352
vn -0.9405 0.2611 -0.2177
vn -0.8771 0.3689 -0.3077
vn -0.7827 0.4779 -0.3987
vn -0.6594 0.5772 -0.4817
vn -0.5170 0.6572 -0.5485
vn -0.3699 0.7133 -0.5954
vn -0.2309 0.7470 -0.6235
vn -0.1075 0.7632 -0.6371
vn -0.0252 0.7675 -0.6406
vn -0.9951 0.0635 -0.0762
vn -0.9774 0.1352 -0.1623
vn -0.9405 0.2177 -0.2610
vn -0.8771 0.3077 -0.3689
vn -0.7827 0.3987 -0.4779
vn -0.6594 0.4817 -0.5772
vn -0.5170 0.5485 -0.6572
vn -0.3699 0.5954 -0.7133
vn -0.2309 0.6235 -0.7470
vn -0.1075 0.6371 -0.7632
vn -0.0252 0.6406 -0.7675
vn -0.9950 0.0496 -0.0869
vn -0.9770 0.1057 -0.1850
vn -0.9395 0.1702 -0.2974
vn -0.8752 0.2405 -0.4197
vn -0.7799 0.3113 -0.5429
vn -0.6560 0.3756 -0.6547
vn -0.5135 0.4272 -0.7442
vn -0.3669 0.4633 -0.8067
vn -0.2288 0.4848 -0.8442
vn -0.1065 0.4952 -0.8622
vn -0.0249 0.4978 -0.8670
vn -0.9949 0.0355 -0.0949
vn -0.9764 0.0759 -0.2021
vn -0.9379 0.1222 -0.3248
vn -0.8722 0.1725 -0.4577
vn -0.7754 0.2229 -0.5908
vn -0.6504 0.2684 -0.7106
vn -0.5079 0.3046 -0.8058
vn -0.3621 0.3297 -0.8719
vn -0.2255 0.3447 -0.9112
vn -0.1049 0.3518 -0.9302
vn -0.0245 0.3535 -0.9351
vn -0.9947 0.0222 -0.1001
vn -0.9758 0.0477 -0.2135
vn -0.9362 0.0768 -0.3429
vn -0.8691 0.1082 -0.4826
vn -0.7708 0.1396 -0.6216
vn -0.6448 0.1677 -0.7457
vn -0.5022 0.1899 -0.8437
vn -0.3574 0.2052 -0.9111
vn -0.2222 0.2143 -0.9512
vn -0.1033 0.2186 -0.9703
vn -0.0241 0.2196 -0.9753
vn -0.9753 0.0223 -0.2197
vn -0.9351 0.0359 -0.3527
vn -0.8669 0.0506 -0.4959
vn -0.7675 0.0652 -0.6377
vn -0.6408 0.0782 -0.7637
vn -0.4981 0.0884 -0.8626
vn -0.3540 0.0954 -0.9304
vn -0.2199 0.0996 -0.9704
vn -0.1022 0.1015 -0.9896
vn -0.0239 0.1019 -0.9945
vn -0.9754 0.0053 -0.2205
vn -0.9350 0.0085 -0.3545
vn -0.8667 0.0119 -0.4987
vn -0.7670 0.0153 -0.6415
vn -0.6400 0.0183 -0.7682
vn -0.4972 0.0206 -0.8674
vn -0.3531 0.0222 -0.9353
vn -0.2193 0.0232 -0.9754
vn 0.0025 0.1027 -0.9947
vn 0.0104 0.1028 -0.9946
vn 0.0053 0.2204 -0.9754
vn 0.0223 0.2197 -0.9753
vn 0.0085 0.3545 -0.9350
vn 0.0359 0.3527 -0.9351
vn 0.0119 0.4987 -0.8667
vn 0.0506 0.4959 -0.8669
vn 0.0153 0.6415 -0.7670
vn 0.0652 0.6377 -0.7675
vn 0.0183 0.7682 -0.6400
vn 0.0782 0.7637 -0.6408
vn 0.0206 0.8674 -0.4972
vn 0.0884 0.8626 -0.4981
vn 0.0222 0.9353 -0.3531
vn 0.0954 0.9304 -0.3540
vn 0.0232 0.9754 -0.2193
vn 0.0996 0.9704 -0.2199
vn 0.1015 0.9896 -0.1022
vn 0.0222 0.1001 -0.9947
vn 0.0477 0.2135 -0.9758
vn 0.0768 0.3429 -0.9362
vn 0.1082 0.4826 -0.8691
vn 0.1396 0.6216 -0.7708
vn 0.1677 0.7457 -0.6448
vn 0.1899 0.8437 -0.5022
vn 0.2052 0.9111 -0.3574
vn 0.2143 0.9512 -0.2222
vn 0.2186 0.9703 -0.1033
vn 0.2196 0.9753 -0.0241
vn 0.0355 0.0949 -0.9949
vn 0.0759 0.2021 -0.9764
vn 0.1222 0.3248 -0.9379
vn 0.1725 0.4577 -0.8722
vn 0.2229 0.5908 -0.7754
vn 0.2684 0.7106 -0.6504
vn 0.3046 0.8058 -0.5079
vn 0.3297 0.8719 -0.3621
vn 0.3447 0.9112 -0.2255
vn 0.3518 0.9302 -0.1049
vn 0.3535 0.9351 -0.0245
vn 0.0496 0.0869 -0.9950
vn 0.1057 0.1850 -0.9770
vn 0.1702 0.2974 -0.9395
vn 0.2405 0.4197 -0.8752
vn 0.3113 0.5429 -0.7799
vn 0.3756 0.6547 -0.6560
vn 0.4272 0.7442 -0.5135
vn 0.4633 0.8067 -0.3669
vn 0.4848 0.8442 -0.2288
vn 0.4952 0.8622 -0.1065
vn 0.4978 0.8670 -0.0249
vn 0.0635 0.0762 -0.9951
vn 0.1352 0.1623 -0.9774
vn 0.2177 0.2611 -0.9405
vn 0.3077 0.3689 -0.8771
vn 0.3987 0.4779 -0.7827
vn 0.4817 0.5772 -0.6594
vn 0.5485 0.6572 -0.5170
vn 0.5954 0.7133 -0.3699
vn 0.6235 0.7470 -0.2309
vn 0.6371 0.7632 -0.1075
vn 0.6406 0.7675 -0.0252
vn 0.0762 0.0635 -0.9951
vn 0.1623 0.1352 -0.9774
vn 0.2611 0.2177 -0.9405
vn 0.3689 0.3077 -0.8771
vn 0.4779 0.3987 -0.7827
vn 0.5772 0.4817 -0.6594
vn 0.6572 0.5485 -0.5170
vn 0.7133 0.5954 -0.3699
vn 0.7470 0.6235 -0.2309
vn 0.7632 0.6371 -0.1075
vn 0.7675 0.6406 -0.0252
vn 0.0869 0.0496 -0.9950
vn 0.1850 0.1057 -0.9770
vn 0.2974 0.1702 -0.9395
vn 0.4197 0.2405 -0.8752
vn 0.5429 0.3113 -0.7799
vn 0.6547 0.3756 -0.6560
vn 0.7442 0.4272 -0.5135
vn 0.8067 0.4633 -0.3669
vn 0.8442 0.4848 -0.2288
vn 0.8622 0.4952 -0.1065
vn 0.8670 0.4978 -0.0249
vn 0.0949 0.0355 -0.9949
vn 0.2021 0.0759 -0.9764
vn 0.3248 0.1222 -0.9379
vn 0.4577 0.1725 -0.8722
vn 0.5908 0.2229 -0.7754
vn 0.7106 0.2684 -0.6504
vn 0.8058 0.3046 -0.5079
vn 0.8719 0.3297 -0.3621
vn 0.9112 0.3447 -0.2255
vn 0.9302 0.3518 -0.1049
vn 0.9351 0.3535 -0.0245
vn 0.1001 0.0222 -0.9947
vn 0.2135 0.0477 -0.9758
vn 0.3429 0.0768 -0.9362
vn 0.4826 0.1082 -0.8691
vn 0.6216 0.1396 -0.7708
vn 0.7457 0.1677 -0.6448
vn 0.8437 0.1899 -0.5022
vn 0.9111 0.2052 -0.3574
vn 0.9512 0.2143 -0.2222
vn 0.9703 0.2186 -0.1033
vn 0.9753 0.2196 -0.0241
vn 0.2197 0.0223 -0.9753
vn 0.3527 0.0359 -0.9351
vn 0.4959 0.0506 -0.8669
vn 0.6377 0.0652 -0.7675
vn 0.7637 0.0782 -0.6408
vn 0.8626 0.0884 -0.4981
vn 0.9304 0.0954 -0.3540
vn 0.9704 0.0996 -0.2199
vn 0.9896 0.1015 -0.1022
vn 0.9945 0.1020 -0.0239
vn 0.2205 0.0053 -0.9754
vn 0.3545 0.0085 -0.9350
vn 0.4987 0.0119 -0.8667
vn 0.6415 0.0153 -0.7670
vn 0.7682 0.0183 -0.6400
vn 0.8674 0.0206 -0.4972
vn 0.9353 0.0222 -0.3531
vn 0.9754 0.0232 -0.2193
vn -0.0033 -0.9520 0.3060
vn -0.0117 -0.9515 0.3076
vn -0.0067 -0.9127 0.4085
vn -0.0243 -0.9114 0.4108
vn -0.0103 -0.8556 0.5176
vn -0.0377 -0.8532 0.5202
vn -0.0139 -0.7781 0.6279
vn -0.0515 -0.7746 0.6304
vn -0.0172 -0.6808 0.7323
vn -0.0648 -0.6762 0.7339
vn -0.0202 -0.5673 0.8232
vn -0.0765 -0.5622 0.8235
vn -0.0225 -0.4448 0.8953
vn -0.0861 -0.4398 0.8939
vn -0.0241 -0.3213 0.9467
vn -0.0932 -0.3171 0.9438
vn -0.0250 -0.2037 0.9787
vn -0.0977 -0.2008 0.9748
vn -0.1001 -0.0950 0.9904
vn -0.0229 -0.9514 0.3071
vn -0.0476 -0.9111 0.4094
vn -0.0744 -0.8523 0.5178
vn -0.1020 -0.7729 0.6263
vn -0.1287 -0.6737 0.7278
vn -0.1526 -0.5591 0.8149
vn -0.1725 -0.4367 0.8829
vn -0.1876 -0.3144 0.9306
vn -0.1980 -0.1988 0.9598
vn -0.2045 -0.0941 0.9743
vn -0.2072 -0.0227 0.9780
vn -0.0352 -0.9518 0.3046
vn -0.0735 -0.9118 0.4040
vn -0.1150 -0.8530 0.5091
vn -0.1579 -0.7733 0.6140
vn -0.1994 -0.6736 0.7117
vn -0.2368 -0.5585 0.7949
vn -0.2679 -0.4357 0.8593
vn -0.2916 -0.3133 0.9038
vn -0.3083 -0.1980 0.9304
vn -0.3191 -0.0937 0.9431
vn -0.3240 -0.0227 0.9458
vn -0.0483 -0.9528 0.2998
vn -0.1008 -0.9136 0.3939
vn -0.1579 -0.8554 0.4933
vn -0.2170 -0.7759 0.5924
vn -0.2744 -0.6759 0.6840
vn -0.3260 -0.5602 0.7615
vn -0.3688 -0.4366 0.8206
vn -0.4015 -0.3136 0.8605
vn -0.4246 -0.1979 0.8835
vn -0.4395 -0.0935 0.8933
vn -0.4465 -0.0227 0.8945
vn -0.0612 -0.9543 0.2926
vn -0.1279 -0.9165 0.3791
vn -0.2008 -0.8593 0.4704
vn -0.2763 -0.7803 0.5610
vn -0.3498 -0.6802 0.6442
vn -0.4157 -0.5637 0.7138
vn -0.4702 -0.4390 0.7656
vn -0.5116 -0.3150 0.7994
vn -0.5406 -0.1985 0.8175
vn -0.5593 -0.0937 0.8236
vn -0.5681 -0.0227 0.8227
vn -0.0731 -0.9562 0.2835
vn -0.1531 -0.9202 0.3603
vn -0.2409 -0.8646 0.4410
vn -0.3322 -0.7864 0.5209
vn -0.4209 -0.6860 0.5935
vn -0.5004 -0.5686 0.6529
vn -0.5657 -0.4425 0.6958
vn -0.6150 -0.3170 0.7220
vn -0.6491 -0.1994 0.7341
vn -0.6707 -0.0939 0.7358
vn -0.6806 -0.0226 0.7323
vn -0.0833 -0.9584 0.2729
vn -0.1748 -0.9246 0.3384
vn -0.2757 -0.8708 0.4071
vn -0.3811 -0.7936 0.4743
vn -0.4836 -0.6932 0.5344
vn -0.5752 -0.5747 0.5822
vn -0.6499 -0.4469 0.6148
vn -0.7055 -0.3196 0.6325
vn -0.7434 -0.2006 0.6380
vn -0.7668 -0.0942 0.6349
vn -0.7773 -0.0225 0.6287
vn -0.0911 -0.9608 0.2617
vn -0.1919 -0.9294 0.3152
vn -0.3036 -0.8777 0.3707
vn -0.4207 -0.8018 0.4243
vn -0.5348 -0.7016 0.4710
vn -0.6365 -0.5819 0.5063
vn -0.7188 -0.4521 0.5280
vn -0.7794 -0.3229 0.5370
vn -0.8197 -0.2022 0.5358
vn -0.8440 -0.0948 0.5279
vn -0.8543 -0.0225 0.5192
vn -0.0965 -0.9633 0.2506
vn -0.2040 -0.9344 0.2920
vn -0.3237 -0.8851 0.3344
vn -0.4499 -0.8109 0.3742
vn -0.5732 -0.7110 0.4073
vn -0.6831 -0.5903 0.4300
vn -0.7714 -0.4586 0.4411
vn -0.8355 -0.3271 0.4415
vn -0.8773 -0.2045 0.4341
vn -0.9016 -0.0956 0.4219
vn -0.9114 -0.0225 0.4110
vn -0.2111 -0.9394 0.2701
vn -0.3363 -0.8927 0.2999
vn -0.4690 -0.8206 0.3265
vn -0.5993 -0.7216 0.3466
vn -0.7155 -0.6002 0.3574
vn -0.8086 -0.4666 0.3584
vn -0.8753 -0.3326 0.3510
vn -0.9180 -0.2076 0.3379
vn -0.9418 -0.0969 0.3220
vn -0.9507 -0.0227 0.3092
vn -0.2130 -0.9433 0.2546
vn -0.3405 -0.8989 0.2756
vn -0.4767 -0.8288 0.2930
vn -0.6111 -0.7309 0.3040
vn -0.7314 -0.6093 0.3065
vn -0.8276 -0.4742 0.3004
vn -0.8962 -0.3380 0.2875
vn -0.9393 -0.2109 0.2705
vn 0.9520 -0.0032 0.3060
vn 0.9515 -0.0116 0.3075
vn 0.9127 -0.0065 0.4085
vn 0.9114 -0.0241 0.4107
vn 0.8556 -0.0100 0.5176
vn 0.8532 -0.0374 0.5202
vn 0.7782 -0.0135 0.6279
vn 0.7746 -0.0511 0.6304
vn 0.6808 -0.0168 0.7323
vn 0.6762 -0.0643 0.7339
vn 0.5674 -0.0196 0.8232
vn 0.5622 -0.0761 0.8235
vn 0.4449 -0.0219 0.8953
vn 0.4398 -0.0857 0.8940
vn 0.3214 -0.0236 0.9467
vn 0.3170 -0.0928 0.9439
vn 0.2038 -0.0246 0.9787
vn 0.2006 -0.0974 0.9748
vn 0.0948 -0.0999 0.9905
vn 0.9514 -0.0228 0.3071
vn 0.9111 -0.0475 0.4094
vn 0.8523 -0.0742 0.5177
vn 0.7729 -0.1017 0.6263
vn 0.6737 -0.1284 0.7278
vn 0.5591 -0.1524 0.8150
vn 0.4366 -0.1722 0.8830
vn 0.3142 -0.1873 0.9307
vn 0.1986 -0.1979 0.9599
vn 0.0938 -0.2044 0.9744
vn 0.0224 -0.2072 0.9780
vn 0.9518 -0.0352 0.3046
vn 0.9118 -0.0734 0.4040
vn 0.8530 -0.1148 0.5090
vn 0.7734 -0.1577 0.6140
vn 0.6736 -0.1993 0.7117
vn 0.5585 -0.2367 0.7950
vn 0.4356 -0.2677 0.8594
vn 0.3131 -0.2915 0.9039
vn 0.1977 -0.3083 0.9305
vn 0.0933 -0.3190 0.9431
vn 0.0223 -0.3240 0.9458
vn 0.9528 -0.0483 0.2997
vn 0.9136 -0.1007 0.3939
vn 0.8554 -0.1578 0.4933
vn 0.7759 -0.2169 0.5924
vn 0.6759 -0.2743 0.6840
vn 0.5602 -0.3260 0.7616
vn 0.4365 -0.3688 0.8206
vn 0.3134 -0.4015 0.8605
vn 0.1977 -0.4246 0.8835
vn 0.0932 -0.4396 0.8934
vn 0.0222 -0.4466 0.8945
vn 0.9543 -0.0612 0.2926
vn 0.9165 -0.1279 0.3791
vn 0.8594 -0.2007 0.4703
vn 0.7804 -0.2763 0.5610
vn 0.6802 -0.3497 0.6442
vn 0.5637 -0.4157 0.7138
vn 0.4389 -0.4702 0.7657
vn 0.3148 -0.5116 0.7995
vn 0.1982 -0.5407 0.8175
vn 0.0933 -0.5594 0.8237
vn 0.0222 -0.5681 0.8227
vn 0.9562 -0.0731 0.2834
vn 0.9202 -0.1531 0.3602
vn 0.8646 -0.2408 0.4410
vn 0.7864 -0.3322 0.5208
vn 0.6861 -0.4209 0.5934
vn 0.5686 -0.5005 0.6529
vn 0.4424 -0.5658 0.6958
vn 0.3169 -0.6150 0.7220
vn 0.1992 -0.6491 0.7341
vn 0.0936 -0.6707 0.7358
vn 0.0222 -0.6807 0.7323
vn 0.9584 -0.0833 0.2729
vn 0.9246 -0.1748 0.3384
vn 0.8708 -0.2757 0.4070
vn 0.7936 -0.3811 0.4742
vn 0.6932 -0.4836 0.5344
vn 0.5747 -0.5752 0.5822
vn 0.4468 -0.6500 0.6148
vn 0.3195 -0.7056 0.6325
vn 0.2005 -0.7435 0.6380
vn 0.0940 -0.7669 0.6348
vn 0.0223 -0.7773 0.6287
vn 0.9608 -0.0911 0.2617
vn 0.9294 -0.1919 0.3151
vn 0.8777 -0.3036 0.3707
vn 0.8019 -0.4207 0.4243
vn 0.7016 -0.5348 0.4710
vn 0.5819 -0.6365 0.5062
vn 0.4521 -0.7189 0.5280
vn 0.3228 -0.7794 0.5369
vn 0.2022 -0.8198 0.5358
vn 0.0946 -0.8440 0.5279
vn 0.0223 -0.8544 0.5192
vn 0.9633 -0.0965 0.2506
vn 0.9344 -0.2040 0.2920
vn 0.8851 -0.3237 0.3343
vn 0.8109 -0.4499 0.3741
vn 0.7110 -0.5733 0.4072
vn 0.5903 -0.6831 0.4300
vn 0.4586 -0.7715 0.4410
vn 0.3271 -0.8355 0.4415
vn 0.2045 -0.8774 0.4341
vn 0.0955 -0.9016 0.4219
vn 0.0225 -0.9114 0.4109
vn 0.9394 -0.2111 0.2701
vn 0.8928 -0.3363 0.2999
vn 0.8206 -0.4690 0.3265
vn 0.7216 -0.5993 0.3466
vn 0.6002 -0.7155 0.3574
vn 0.4666 -0.8086 0.3584
vn 0.3326 -0.8753 0.3510
vn 0.2076 -0.9180 0.3379
vn 0.0969 -0.9418 0.3219
vn 0.0227 -0.9507 0.3092
vn 0.9433 -0.2130 0.2546
vn 0.8989 -0.3405 0.2756
vn 0.8288 -0.4767 0.2930
vn 0.7309 -0.6111 0.3040
vn 0.6093 -0.7314 0.3065
vn 0.4742 -0.8276 0.3004
vn 0.3380 -0.8962 0.2875
vn 0.2109 -0.9393 0.2705
vn 0.0033 0.9520 0.3060
vn 0.0118 0.9515 0.3076
vn 0.0067 0.9127 0.4085
vn 0.0243 0.9114 0.4108
vn 0.0103 0.8555 0.5176
vn 0.0378 0.8532 0.5202
vn 0.0139 0.7781 0.6280
vn 0.0517 0.7746 0.6304
vn 0.0173 0.6808 0.7323
vn 0.0649 0.6761 0.7339
vn 0.0202 0.5673 0.8232
vn 0.0767 0.5622 0.8235
vn 0.0225 0.4448 0.8953
vn 0.0862 0.4398 0.8939
vn 0.0241 0.3213 0.9467
vn 0.0933 0.3171 0.9438
vn 0.0250 0.2037 0.9787
vn 0.0978 0.2008 0.9747
vn 0.1001 0.0950 0.9904
vn 0.0229 0.9514 0.3071
vn 0.0477 0.9111 0.4094
vn 0.0745 0.8523 0.5177
vn 0.1021 0.7729 0.6263
vn 0.1288 0.6736 0.7277
vn 0.1528 0.5591 0.8149
vn 0.1727 0.4367 0.8829
vn 0.1877 0.3144 0.9305
vn 0.1981 0.1989 0.9598
vn 0.2045 0.0942 0.9743
vn 0.2072 0.0228 0.9780
vn 0.0353 0.9518 0.3046
vn 0.0735 0.9118 0.4040
vn 0.1151 0.8530 0.5091
vn 0.1580 0.7733 0.6140
vn 0.1996 0.6736 0.7116
vn 0.2370 0.5586 0.7949
vn 0.2680 0.4358 0.8592
vn 0.2917 0.3134 0.9037
vn 0.3084 0.1981 0.9304
vn 0.3191 0.0938 0.9431
vn 0.3240 0.0228 0.9458
vn 0.0483 0.9528 0.2998
vn 0.1008 0.9136 0.3939
vn 0.1580 0.8554 0.4933
vn 0.2171 0.7759 0.5924
vn 0.2745 0.6759 0.6840
vn 0.3261 0.5602 0.7615
vn 0.3689 0.4367 0.8205
vn 0.4016 0.3137 0.8604
vn 0.4247 0.1981 0.8834
vn 0.4396 0.0937 0.8933
vn 0.4465 0.0228 0.8945
vn 0.0612 0.9543 0.2926
vn 0.1279 0.9164 0.3792
vn 0.2008 0.8593 0.4704
vn 0.2764 0.7803 0.5610
vn 0.3498 0.6802 0.6442
vn 0.4157 0.5637 0.7137
vn 0.4702 0.4391 0.7656
vn 0.5116 0.3151 0.7994
vn 0.5406 0.1986 0.8175
vn 0.5593 0.0938 0.8236
vn 0.5681 0.0227 0.8227
vn 0.0731 0.9562 0.2835
vn 0.1531 0.9202 0.3603
vn 0.2409 0.8645 0.4411
vn 0.3322 0.7863 0.5209
vn 0.4209 0.6860 0.5935
vn 0.5004 0.5686 0.6529
vn 0.5657 0.4425 0.6958
vn 0.6149 0.3171 0.7220
vn 0.6490 0.1995 0.7341
vn 0.6706 0.0940 0.7358
vn 0.6806 0.0226 0.7323
vn 0.0833 0.9584 0.2729
vn 0.1748 0.9246 0.3385
vn 0.2757 0.8708 0.4071
vn 0.3811 0.7936 0.4743
vn 0.4835 0.6932 0.5345
vn 0.5751 0.5747 0.5822
vn 0.6498 0.4469 0.6148
vn 0.7055 0.3196 0.6326
vn 0.7434 0.2007 0.6381
vn 0.7668 0.0943 0.6349
vn 0.7773 0.0226 0.6287
vn 0.0911 0.9608 0.2617
vn 0.1919 0.9294 0.3152
vn 0.3036 0.8777 0.3708
vn 0.4207 0.8018 0.4244
vn 0.5347 0.7015 0.4711
vn 0.6364 0.5819 0.5063
vn 0.7188 0.4522 0.5281
vn 0.7793 0.3229 0.5370
vn 0.8197 0.2023 0.5359
vn 0.8440 0.0948 0.5280
vn 0.8543 0.0225 0.5192
vn 0.0965 0.9633 0.2506
vn 0.2040 0.9344 0.2920
vn 0.3237 0.8851 0.3344
vn 0.4499 0.8109 0.3742
vn 0.5732 0.7110 0.4073
vn 0.6831 0.5903 0.4301
vn 0.7714 0.4586 0.4411
vn 0.8355 0.3271 0.4415
vn 0.8773 0.2045 0.4341
vn 0.9016 0.0956 0.4219
vn 0.9114 0.0225 0.4110
vn 0.2111 0.9394 0.2701
vn 0.3363 0.8927 0.2999
vn 0.4690 0.8206 0.3265
vn 0.5993 0.7216 0.3466
vn 0.7155 0.6002 0.3574
vn 0.8086 0.4666 0.3584
vn 0.8753 0.3326 0.3510
vn 0.9180 0.2076 0.3379
vn 0.9418 0.0969 0.3220
vn 0.9507 0.0227 0.3092
vn 0.2130 0.9433 0.2546
vn 0.3405 0.8989 0.2756
vn 0.4767 0.8288 0.2930
vn 0.6111 0.7309 0.3040
vn 0.7314 0.6093 0.3065
vn 0.8276 0.4742 0.3004
vn 0.8962 0.3380 0.2875
vn 0.9393 0.2109 0.2705
vn -0.9520 0.0032 0.3060
vn -0.9515 0.0116 0.3075
vn -0.9127 0.0065 0.4085
vn -0.9114 0.0241 0.4107
vn -0.8556 0.0100 0.5176
vn -0.8532 0.0374 0.5202
vn -0.7782 0.0135 0.6279
vn -0.7746 0.0511 0.6304
vn -0.6808 0.0168 0.7323
vn -0.6762 0.0643 0.7339
vn -0.5674 0.0196 0.8232
vn -0.5622 0.0761 0.8235
vn -0.4449 0.0219 0.8953
vn -0.4398 0.0857 0.8940
vn -0.3214 0.0236 0.9467
vn -0.3170 0.0928 0.9439
vn -0.2038 0.0246 0.9787
vn -0.2006 0.0974 0.9748
vn -0.0948 0.0999 0.9905
vn -0.9514 0.0228 0.3071
vn -0.9111 0.0475 0.4094
vn -0.8523 0.0742 0.5177
vn -0.7729 0.1017 0.6263
vn -0.6737 0.1284 0.7278
vn -0.5591 0.1524 0.8150
vn -0.4366 0.1722 0.8830
vn -0.3142 0.1873 0.9307
vn -0.1986 0.1979 0.9599
vn -0.0938 0.2044 0.9744
vn -0.0224 0.2072 0.9780
vn -0.9518 0.0352 0.3046
vn -0.9118 0.0734 0.4040
vn -0.8530 0.1148 0.5090
vn -0.7734 0.1577 0.6140
vn -0.6736 0.1993 0.7117
vn -0.5585 0.2367 0.7950
vn -0.4356 0.2677 0.8594
vn -0.3131 0.2915 0.9039
vn -0.1977 0.3083 0.9305
vn -0.0933 0.3190 0.9431
vn -0.0223 0.3240 0.9458
vn -0.9528 0.0483 0.2997
vn -0.9136 0.1007 0.3939
vn -0.8554 0.1578 0.4933
vn -0.7759 0.2169 0.5924
vn -0.6759 0.2743 0.6840
vn -0.5602 0.3260 0.7616
vn -0.4365 0.3688 0.8206
vn -0.3134 0.4015 0.8605
vn -0.1977 0.4246 0.8835
vn -0.0932 0.4396 0.8934
vn -0.0222 0.4466 0.8945
vn -0.9543 0.0612 0.2926
vn -0.9165 0.1279 0.3791
vn -0.8594 0.2007 0.4703
vn -0.7804 0.2763 0.5610
vn -0.6802 0.3497 0.6442
vn -0.5637 0.4157 0.7138
vn -0.4389 0.4702 0.7657
vn -0.3148 0.5116 0.7995
vn -0.1982 0.5407 0.8175
vn -0.0933 0.5594 0.8237
vn -0.0222 0.5681 0.8227
vn -0.9562 0.0731 0.2834
vn -0.9202 0.1531 0.3602
vn -0.8646 0.2408 0.4410
vn -0.7864 0.3322 0.5208
vn -0.6861 0.4209 0.5934
vn -0.5686 0.5005 0.6529
vn -0.4424 0.5658 0.6958
vn -0.3169 0.6150 0.7220
vn -0.1992 0.6491 0.7341
vn -0.0936 0.6707 0.7358
vn -0.0222 0.6807 0.7323
vn -0.9584 0.0833 0.2729
vn -0.9246 0.1748 0.3384
vn -0.8708 0.2757 0.4070
vn -0.7936 0.3811 0.4742
vn -0.6932 0.4836 0.5344
vn -0.5747 0.5752 0.5822
vn -0.4468 0.6500 0.6148
vn -0.3195 0.7056 0.6325
vn -0.2005 0.7435 0.6380
vn -0.0940 0.7669 0.6348
vn -0.0223 0.7773 0.6287
vn -0.9608 0.0911 0.2617
vn -0.9294 0.1919 0.3151
vn -0.8777 0.3036 0.3707
vn -0.8019 0.4207 0.4243
vn -0.7016 0.5348 0.4710
vn -0.5818 0.6365 0.5062
vn -0.4521 0.7189 0.5280
vn -0.3228 0.7794 0.5369
vn -0.2022 0.8198 0.5358
vn -0.0946 0.8440 0.5279
vn -0.0223 0.8544 0.5192
vn -0.9633 0.0965 0.2506
vn -0.9344 0.2040 0.2920
vn -0.8851 0.3237 0.3343
vn -0.8109 0.4499 0.3741
vn -0.7110 0.5733 0.4072
vn -0.5903 0.6831 0.4300
vn -0.4586 0.7715 0.4410
vn -0.3271 0.8355 0.4415
vn -0.2045 0.8774 0.4341
vn -0.0955 0.9016 0.4219
vn -0.0225 0.9114 0.4109
vn -0.9394 0.2111 0.2701
vn -0.8928 0.3363 0.2999
vn -0.8206 0.4690 0.3265
vn -0.7216 0.5993 0.3466
vn -0.6002 0.7155 0.3574
vn -0.4666 0.8086 0.3584
vn -0.3326 0.8753 0.3510
vn -0.2076 0.9180 0.3379
vn -0.0969 0.9418 0.3219
vn -0.0227 0.9507 0.3092
vn -0.9433 0.2130 0.2546
vn -0.8989 0.3405 0.2756
vn -0.8288 0.4767 0.2930
vn -0.7309 0.6111 0.3040
vn -0.6093 0.7314 0.3065
vn -0.4742 0.8276 0.3004
vn -0.3380 0.8962 0.2875
vn -0.2109 0.9393 0.2705
# 1240 vertex normals

vt 0.8861 0.1180 0.0000
vt 0.8861 0.8820 0.0000
vt 0.1139 0.8820 0.0000
vt 0.1139 0.1180 0.0000
vt 0.1385 0.2630 0.0000
vt 0.8615 0.2630 0.0000
vt 0.8615 0.7370 0.0000
vt 0.1385 0.7370 0.0000
vt 0.1180 0.1865 0.0000
vt 0.8820 0.1865 0.0000
vt 0.8820 0.8135 0.0000
vt 0.1180 0.8135 0.0000
vt 0.1139 0.1865 0.0000
vt 0.8861 0.1865 0.0000
vt 0.8861 0.8135 0.0000
vt 0.1139 0.8135 0.0000
vt 0.1415 0.0000 0.0000
vt 0.8836 0.0000 0.0000
vt 1.0000 0.2688 0.0000
vt 1.0000 0.8094 0.0000
vt 0.8585 1.0000 0.0000
vt 0.1164 1.0000 0.0000
vt 0.0000 0.7312 0.0000
vt 0.0000 0.1906 0.0000
vt 0.0421 0.0394 0.0000
vt 0.0292 0.0567 0.0000
vt -0.0496 0.0560 0.0000
vt -0.0715 0.0384 0.0000
vt -0.0899 -0.0417 0.0000
vt -0.0762 -0.0593 0.0000
vt 0.0000 0.0000 0.0000
vt 1.1216 -0.0399 0.0000
vt 1.1342 -0.0141 0.0000
vt 1.0962 0.0819 0.0000
vt 1.0668 0.0983 0.0000
vt 0.9471 0.1466 0.0000
vt 0.9365 0.1222 0.0000
vt 1.0000 0.0000 0.0000
vt 0.0000 1.0000 0.0000
vt 0.0240 0.9200 0.0000
vt 0.0346 0.9445 0.0000
vt -0.0034 1.0404 0.0000
vt -0.0307 1.0582 0.0000
vt -0.1216 1.0399 0.0000
vt -0.1342 1.0141 0.0000
vt 1.0899 1.0417 0.0000
vt 1.0762 1.0593 0.0000
vt 0.9973 1.0586 0.0000
vt 0.9763 1.0407 0.0000
vt 0.9228 0.9134 0.0000
vt 0.9357 0.8960 0.0000
vt 1.0000 1.0000 0.0000
vt 0.1287 0.0173 0.0000
vt 0.9894 0.2444 0.0000
vt 0.8713 0.9827 0.0000
vt 0.0106 0.7556 0.0000
vt 0.8820 0.2575 0.0000
vt 0.8820 0.2511 0.0000
vt 0.1180 0.2511 0.0000
vt 0.1180 0.2575 0.0000
vt 0.8861 0.2527 0.0000
vt 0.8861 0.2467 0.0000
vt 0.1139 0.2467 0.0000
vt 0.1139 0.2527 0.0000
vt 0.8596 0.6952 0.0000
vt 0.8620 0.6428 0.0000
vt 0.1380 0.6428 0.0000
vt 0.1404 0.6952 0.0000
vt 0.1180 0.7425 0.0000
vt 0.1180 0.7489 0.0000
vt 0.8820 0.7489 0.0000
vt 0.8820 0.7425 0.0000
vt 0.1139 0.7473 0.0000
vt 0.1139 0.7533 0.0000
vt 0.8861 0.7533 0.0000
vt 0.8861 0.7473 0.0000
vt 0.6684 0.2299 0.0000
vt 0.6183 0.2260 0.0000
vt 0.6183 0.7740 0.0000
vt 0.6684 0.7701 0.0000
vt 0.3316 0.7701 0.0000
vt 0.3817 0.7740 0.0000
vt 0.3817 0.2260 0.0000
vt 0.3316 0.2299 0.0000
vt 0.3776 0.1865 0.0000
vt 0.3536 0.1865 0.0000
vt 0.3536 0.8135 0.0000
vt 0.3776 0.8135 0.0000
vt 0.3817 0.1865 0.0000
vt 0.3577 0.1865 0.0000
vt 0.3577 0.8135 0.0000
vt 0.3817 0.8135 0.0000
vt 0.1156 0.2174 0.0000
vt 0.8635 0.2391 0.0000
vt 0.8855 0.2196 0.0000
vt 0.8741 0.7435 0.0000
vt 0.8844 0.7826 0.0000
vt 0.1365 0.7609 0.0000
vt 0.1145 0.7804 0.0000
vt 0.1259 0.2565 0.0000
vt 0.0012 0.1575 0.0000
vt 0.0129 0.1733 0.0000
vt 0.8942 0.0244 0.0000
vt 0.9871 0.8267 0.0000
vt 0.0962 0.9978 0.0000
vt 0.1058 0.9756 0.0000
vt 0.1170 0.0016 0.0000
vt -0.0020 0.1575 0.0000
vt -0.1986 -0.0012 0.0000
vt -0.2403 -0.0034 0.0000
vt -0.1993 -0.0044 0.0000
vt -0.0758 -0.1628 0.0000
vt -0.0893 -0.1970 0.0000
vt 0.0947 0.0063 0.0000
vt 0.0047 0.1276 0.0000
vt -0.0079 0.1275 0.0000
vt -0.1608 0.0041 0.0000
vt -0.1638 -0.0088 0.0000
vt -0.0677 -0.1320 0.0000
vt 0.0749 0.0142 0.0000
vt 0.0105 0.1008 0.0000
vt -0.0179 0.1006 0.0000
vt -0.1271 0.0124 0.0000
vt -0.1337 -0.0164 0.0000
vt -0.0651 -0.1044 0.0000
vt 0.0573 0.0252 0.0000
vt 0.0187 0.0772 0.0000
vt -0.0318 0.0767 0.0000
vt -0.0973 0.0238 0.0000
vt -0.1091 -0.0274 0.0000
vt -0.0679 -0.0802 0.0000
vt 1.1840 -0.1957 0.0000
vt 1.1548 -0.1610 0.0000
vt 1.2687 0.0716 0.0000
vt 1.3233 0.0886 0.0000
vt 1.2672 0.0755 0.0000
vt 1.0027 0.2229 0.0000
vt 1.1339 -0.1281 0.0000
vt 1.2225 0.0529 0.0000
vt 1.2164 0.0682 0.0000
vt 1.0107 0.1829 0.0000
vt 0.9788 0.2199 0.0000
vt 0.9048 0.0489 0.0000
vt 1.1214 -0.0969 0.0000
vt 1.1847 0.0323 0.0000
vt 1.1710 0.0669 0.0000
vt 1.0240 0.1488 0.0000
vt 0.9683 0.1955 0.0000
vt 0.9154 0.0733 0.0000
vt 1.1173 -0.0675 0.0000
vt 1.1553 0.0100 0.0000
vt 1.1309 0.0714 0.0000
vt 1.0428 0.1206 0.0000
vt 0.9577 0.1711 0.0000
vt 0.9259 0.0978 0.0000
vt 0.0972 0.1567 0.0000
vt 0.0779 0.1353 0.0000
vt 0.0601 0.1221 0.0000
vt 0.0436 0.1172 0.0000
vt 0.0286 0.1206 0.0000
vt 0.0150 0.1323 0.0000
vt 0.0029 0.1523 0.0000
vt -0.0079 0.1806 0.0000
vt -0.0172 0.2171 0.0000
vt -0.0250 0.2620 0.0000
vt -0.0315 0.3152 0.0000
vt -0.0267 0.2608 0.0000
vt -0.0236 0.2122 0.0000
vt -0.0224 0.1694 0.0000
vt -0.0230 0.1325 0.0000
vt -0.0254 0.1013 0.0000
vt -0.0296 0.0760 0.0000
vt -0.0357 0.0565 0.0000
vt -0.0435 0.0428 0.0000
vt -0.0531 0.0349 0.0000
vt -0.0645 0.0328 0.0000
vt -0.0778 0.0366 0.0000
vt 0.0935 0.9018 0.0000
vt 0.0738 0.9181 0.0000
vt 0.0547 0.9311 0.0000
vt 0.0362 0.9406 0.0000
vt 0.0184 0.9467 0.0000
vt 0.0013 0.9495 0.0000
vt -0.0152 0.9488 0.0000
vt -0.0310 0.9447 0.0000
vt -0.0462 0.9373 0.0000
vt -0.0608 0.9264 0.0000
vt -0.0747 0.9121 0.0000
vt -0.0623 0.9250 0.0000
vt -0.0525 0.9317 0.0000
vt -0.0451 0.9323 0.0000
vt -0.0401 0.9267 0.0000
vt -0.0377 0.9149 0.0000
vt -0.0377 0.8970 0.0000
vt -0.0401 0.8729 0.0000
vt -0.0451 0.8427 0.0000
vt -0.0525 0.8062 0.0000
vt -0.0623 0.7637 0.0000
vt -0.0747 0.7149 0.0000
vt 0.0010 0.7778 0.0000
vt 0.0947 1.0016 0.0000
vt -0.1511 1.1617 0.0000
vt -0.1840 1.1957 0.0000
vt -0.1548 1.1610 0.0000
vt -0.2687 0.9284 0.0000
vt -0.3233 0.9114 0.0000
vt 0.0038 0.8200 0.0000
vt 0.0779 0.9911 0.0000
vt 0.0718 1.0065 0.0000
vt -0.1193 1.1310 0.0000
vt -0.1339 1.1281 0.0000
vt -0.2225 0.9471 0.0000
vt 0.0087 0.8578 0.0000
vt 0.0616 0.9800 0.0000
vt 0.0479 1.0146 0.0000
vt -0.0887 1.1035 0.0000
vt -0.1214 1.0969 0.0000
vt -0.1847 0.9677 0.0000
vt 0.0154 0.8911 0.0000
vt 0.0471 0.9645 0.0000
vt 0.0228 1.0259 0.0000
vt -0.0591 1.0792 0.0000
vt -0.1173 1.0675 0.0000
vt -0.1553 0.9900 0.0000
vt 1.2403 1.0034 0.0000
vt 1.1993 1.0044 0.0000
vt 1.0758 1.1628 0.0000
vt 1.0893 1.1970 0.0000
vt 1.0726 1.1628 0.0000
vt 0.8838 1.0016 0.0000
vt 1.1638 1.0088 0.0000
vt 1.0677 1.1320 0.0000
vt 1.0551 1.1319 0.0000
vt 0.9082 1.0065 0.0000
vt 0.8842 0.9653 0.0000
vt 0.9743 0.8441 0.0000
vt 1.1337 1.0164 0.0000
vt 1.0651 1.1044 0.0000
vt 1.0367 1.1042 0.0000
vt 0.9318 1.0147 0.0000
vt 0.8971 0.9480 0.0000
vt 0.9614 0.8614 0.0000
vt 1.1091 1.0274 0.0000
vt 1.0679 1.0802 0.0000
vt 1.0174 1.0798 0.0000
vt 0.9545 1.0260 0.0000
vt 0.9099 0.9307 0.0000
vt 0.9485 0.8787 0.0000
vt 0.0968 0.8456 0.0000
vt 0.0764 0.8739 0.0000
vt 0.0566 0.8986 0.0000
vt 0.0375 0.9196 0.0000
vt 0.0190 0.9370 0.0000
vt 0.0012 0.9506 0.0000
vt -0.0159 0.9605 0.0000
vt -0.0324 0.9668 0.0000
vt -0.0482 0.9694 0.0000
vt -0.0633 0.9682 0.0000
vt -0.0778 0.9634 0.0000
vt -0.0645 0.9672 0.0000
vt -0.0531 0.9651 0.0000
vt -0.0435 0.9572 0.0000
vt -0.0357 0.9435 0.0000
vt -0.0296 0.9240 0.0000
vt -0.0254 0.8987 0.0000
vt -0.0230 0.8675 0.0000
vt -0.0224 0.8306 0.0000
vt -0.0236 0.7878 0.0000
vt -0.0267 0.7392 0.0000
vt -0.0315 0.6848 0.0000
vt 0.0934 0.8456 0.0000
vt 0.0736 0.8739 0.0000
vt 0.0543 0.8986 0.0000
vt 0.0355 0.9196 0.0000
vt 0.0173 0.9370 0.0000
vt -0.0004 0.9506 0.0000
vt -0.0175 0.9605 0.0000
vt -0.0340 0.9668 0.0000
vt -0.0500 0.9694 0.0000
vt -0.0655 0.9682 0.0000
vt -0.0804 0.9634 0.0000
vt -0.0667 0.9672 0.0000
vt -0.0550 0.9651 0.0000
vt -0.0452 0.9572 0.0000
vt -0.0372 0.9435 0.0000
vt -0.0313 0.9240 0.0000
vt -0.0272 0.8987 0.0000
vt -0.0250 0.8675 0.0000
vt -0.0248 0.8306 0.0000
vt -0.0265 0.7878 0.0000
vt -0.0301 0.7392 0.0000
vt -0.0356 0.6848 0.0000
vt 0.1181 0.0022 0.0000
vt 0.0993 0.0087 0.0000
vt 0.0852 0.0196 0.0000
vt 0.0756 0.0348 0.0000
vt 0.0707 0.0543 0.0000
vt 0.0704 0.0783 0.0000
vt 0.0748 0.1065 0.0000
vt 0.0838 0.1391 0.0000
vt 0.0974 0.1761 0.0000
vt 0.1133 0.2499 0.0000
vt 0.1007 0.2433 0.0000
vt 0.0881 0.2367 0.0000
vt 0.0755 0.2301 0.0000
vt 0.0629 0.2235 0.0000
vt 0.0504 0.2169 0.0000
vt 0.0378 0.2104 0.0000
vt 0.0252 0.2038 0.0000
vt 0.0126 0.1972 0.0000
vt 0.1158 0.0347 0.0000
vt 0.1029 0.0520 0.0000
vt 0.0901 0.0693 0.0000
vt 0.0772 0.0866 0.0000
vt 0.0643 0.1040 0.0000
vt 0.0515 0.1213 0.0000
vt 0.0386 0.1386 0.0000
vt 0.0257 0.1559 0.0000
vt 0.9989 0.2243 0.0000
vt 0.9954 0.1887 0.0000
vt 0.9897 0.1618 0.0000
vt 0.9817 0.1436 0.0000
vt 0.9714 0.1343 0.0000
vt 0.9588 0.1338 0.0000
vt 0.9439 0.1421 0.0000
vt 0.9268 0.1591 0.0000
vt 0.9073 0.1850 0.0000
vt 0.8655 0.2152 0.0000
vt 0.8675 0.1913 0.0000
vt 0.8696 0.1674 0.0000
vt 0.8716 0.1435 0.0000
vt 0.8736 0.1196 0.0000
vt 0.8756 0.0957 0.0000
vt 0.8776 0.0717 0.0000
vt 0.8796 0.0478 0.0000
vt 0.8816 0.0239 0.0000
vt 0.8819 0.9978 0.0000
vt 0.9007 0.9913 0.0000
vt 0.9148 0.9804 0.0000
vt 0.9244 0.9652 0.0000
vt 0.9293 0.9457 0.0000
vt 0.9296 0.9217 0.0000
vt 0.9252 0.8935 0.0000
vt 0.9162 0.8609 0.0000
vt 0.9026 0.8239 0.0000
vt 0.8867 0.7501 0.0000
vt 0.8993 0.7567 0.0000
vt 0.9119 0.7633 0.0000
vt 0.9245 0.7699 0.0000
vt 0.9371 0.7765 0.0000
vt 0.9496 0.7831 0.0000
vt 0.9622 0.7896 0.0000
vt 0.9748 0.7962 0.0000
vt 0.9874 0.8028 0.0000
vt 0.0011 0.7757 0.0000
vt 0.0046 0.8113 0.0000
vt 0.0103 0.8382 0.0000
vt 0.0183 0.8564 0.0000
vt 0.0286 0.8657 0.0000
vt 0.0412 0.8662 0.0000
vt 0.0561 0.8579 0.0000
vt 0.0732 0.8409 0.0000
vt 0.0927 0.8150 0.0000
vt 0.1345 0.7848 0.0000
vt 0.1325 0.8087 0.0000
vt 0.1304 0.8326 0.0000
vt 0.1284 0.8565 0.0000
vt 0.1264 0.8804 0.0000
vt 0.1244 0.9043 0.0000
vt 0.1224 0.9283 0.0000
vt 0.1204 0.9522 0.0000
vt 0.1184 0.9761 0.0000
vt 0.0212 0.7801 0.0000
vt 0.0317 0.8045 0.0000
vt 0.0423 0.8289 0.0000
vt 0.0529 0.8534 0.0000
vt 0.0635 0.8778 0.0000
vt 0.0741 0.9022 0.0000
vt 0.0846 0.9267 0.0000
vt 0.0952 0.9511 0.0000
vt 0.8820 0.2446 0.0000
vt 0.1180 0.2446 0.0000
vt 0.8820 0.2382 0.0000
vt 0.1180 0.2382 0.0000
vt 0.8820 0.2317 0.0000
vt 0.1180 0.2317 0.0000
vt 0.8820 0.2253 0.0000
vt 0.1180 0.2253 0.0000
vt 0.8820 0.2188 0.0000
vt 0.1180 0.2188 0.0000
vt 0.8820 0.2123 0.0000
vt 0.1180 0.2123 0.0000
vt 0.8820 0.2059 0.0000
vt 0.1180 0.2059 0.0000
vt 0.8820 0.1994 0.0000
vt 0.1180 0.1994 0.0000
vt 0.8820 0.1930 0.0000
vt 0.1180 0.1930 0.0000
vt 0.8861 0.2407 0.0000
vt 0.1139 0.2407 0.0000
vt 0.8861 0.2347 0.0000
vt 0.1139 0.2347 0.0000
vt 0.8861 0.2286 0.0000
vt 0.1139 0.2286 0.0000
vt 0.8861 0.2226 0.0000
vt 0.1139 0.2226 0.0000
vt 0.8861 0.2166 0.0000
vt 0.1139 0.2166 0.0000
vt 0.8861 0.2106 0.0000
vt 0.1139 0.2106 0.0000
vt 0.8861 0.2046 0.0000
vt 0.1139 0.2046 0.0000
vt 0.8861 0.1985 0.0000
vt 0.1139 0.1985 0.0000
vt 0.8861 0.1925 0.0000
vt 0.1139 0.1925 0.0000
vt 0.8644 0.5903 0.0000
vt 0.1356 0.5903 0.0000
vt 0.8668 0.5378 0.0000
vt 0.1332 0.5378 0.0000
vt 0.8693 0.4853 0.0000
vt 0.1307 0.4853 0.0000
vt 0.8717 0.4328 0.0000
vt 0.1283 0.4328 0.0000
vt 0.8741 0.3804 0.0000
vt 0.1259 0.3804 0.0000
vt 0.8765 0.3279 0.0000
vt 0.1235 0.3279 0.0000
vt 0.8789 0.2754 0.0000
vt 0.1211 0.2754 0.0000
vt 0.8813 0.2229 0.0000
vt 0.1187 0.2229 0.0000
vt 0.8837 0.1704 0.0000
vt 0.1163 0.1704 0.0000
vt 0.1180 0.7554 0.0000
vt 0.8820 0.7554 0.0000
vt 0.1180 0.7618 0.0000
vt 0.8820 0.7618 0.0000
vt 0.1180 0.7683 0.0000
vt 0.8820 0.7683 0.0000
vt 0.1180 0.7747 0.0000
vt 0.8820 0.7747 0.0000
vt 0.1180 0.7812 0.0000
vt 0.8820 0.7812 0.0000
vt 0.1180 0.7877 0.0000
vt 0.8820 0.7877 0.0000
vt 0.1180 0.7941 0.0000
vt 0.8820 0.7941 0.0000
vt 0.1180 0.8006 0.0000
vt 0.8820 0.8006 0.0000
vt 0.1180 0.8070 0.0000
vt 0.8820 0.8070 0.0000
vt 0.1139 0.7593 0.0000
vt 0.8861 0.7593 0.0000
vt 0.1139 0.7653 0.0000
vt 0.8861 0.7653 0.0000
vt 0.1139 0.7714 0.0000
vt 0.8861 0.7714 0.0000
vt 0.1139 0.7774 0.0000
vt 0.8861 0.7774 0.0000
vt 0.1139 0.7834 0.0000
vt 0.8861 0.7834 0.0000
vt 0.1139 0.7894 0.0000
vt 0.8861 0.7894 0.0000
vt 0.1139 0.7954 0.0000
vt 0.8861 0.7954 0.0000
vt 0.1139 0.8015 0.0000
vt 0.8861 0.8015 0.0000
vt 0.1139 0.8075 0.0000
vt 0.8861 0.8075 0.0000
vt 0.5683 0.2220 0.0000
vt 0.5683 0.7780 0.0000
vt 0.5183 0.2181 0.0000
vt 0.5183 0.7819 0.0000
vt 0.4682 0.2141 0.0000
vt 0.4682 0.7859 0.0000
vt 0.4182 0.2102 0.0000
vt 0.4182 0.7898 0.0000
vt 0.3681 0.2062 0.0000
vt 0.3681 0.7938 0.0000
vt 0.3181 0.2023 0.0000
vt 0.3181 0.7977 0.0000
vt 0.2681 0.1983 0.0000
vt 0.2681 0.8017 0.0000
vt 0.2180 0.1944 0.0000
vt 0.2180 0.8056 0.0000
vt 0.1680 0.1904 0.0000
vt 0.1680 0.8096 0.0000
vt 0.4317 0.7780 0.0000
vt 0.4317 0.2220 0.0000
vt 0.4817 0.7819 0.0000
vt 0.4817 0.2181 0.0000
vt 0.5318 0.7859 0.0000
vt 0.5318 0.2141 0.0000
vt 0.5818 0.7898 0.0000
vt 0.5818 0.2102 0.0000
vt 0.6319 0.7938 0.0000
vt 0.6319 0.2062 0.0000
vt 0.6819 0.7977 0.0000
vt 0.6819 0.2023 0.0000
vt 0.7319 0.8017 0.0000
vt 0.7319 0.1983 0.0000
vt 0.7820 0.8056 0.0000
vt 0.7820 0.1944 0.0000
vt 0.8320 0.8096 0.0000
vt 0.8320 0.1904 0.0000
vt 0.3297 0.1865 0.0000
vt 0.3297 0.8135 0.0000
vt 0.3057 0.1865 0.0000
vt 0.3057 0.8135 0.0000
vt 0.2817 0.1865 0.0000
vt 0.2817 0.8135 0.0000
vt 0.2577 0.1865 0.0000
vt 0.2577 0.8135 0.0000
vt 0.2338 0.1865 0.0000
vt 0.2338 0.8135 0.0000
vt 0.2098 0.1865 0.0000
vt 0.2098 0.8135 0.0000
vt 0.1858 0.1865 0.0000
vt 0.1858 0.8135 0.0000
vt 0.1618 0.1865 0.0000
vt 0.1618 0.8135 0.0000
vt 0.1379 0.1865 0.0000
vt 0.1379 0.8135 0.0000
vt 0.3338 0.1865 0.0000
vt 0.3338 0.8135 0.0000
vt 0.3098 0.1865 0.0000
vt 0.3098 0.8135 0.0000
vt 0.2858 0.1865 0.0000
vt 0.2858 0.8135 0.0000
vt 0.2618 0.1865 0.0000
vt 0.2618 0.8135 0.0000
vt 0.2378 0.1865 0.0000
vt 0.2378 0.8135 0.0000
vt 0.2139 0.1865 0.0000
vt 0.2139 0.8135 0.0000
vt 0.1899 0.1865 0.0000
vt 0.1899 0.8135 0.0000
vt 0.1659 0.1865 0.0000
vt 0.1659 0.8135 0.0000
vt 0.1419 0.1865 0.0000
vt 0.1419 0.8135 0.0000
# 542 texture coords

o Box011
g Box011
usemtl wire_255255255
s 1
f 2131/716/2127 2132/717/2128 2133/718/2129 2134/719/2130 
f 2135/719/2131 2136/716/2132 2137/717/2133 2138/718/2134 
f 2139/720/2135 2140/721/2136 2141/722/2137 2142/723/2138 
f 2143/724/2139 2144/725/2140 2145/726/2141 2146/727/2142 
f 2147/728/2143 2148/729/2144 2149/730/2145 2150/731/2146 
f 2151/724/2147 2152/725/2148 2153/726/2149 2154/727/2150 
f 2155/732/2151 2156/733/2152 2157/733/2153 2158/732/2154 
f 2159/734/2155 2160/735/2156 2161/735/2157 2162/734/2158 
f 2163/736/2159 2164/737/2160 2165/737/2161 2166/736/2162 
f 2167/738/2163 2168/739/2164 2169/739/2165 2170/738/2166 
f 2171/740/2167 2172/741/2168 2173/742/2169 2174/743/2170 2175/744/2171 2176/745/2172 2177/746/2173 2178/746/2174 
f 2179/747/2175 2180/748/2176 2181/749/2177 2182/750/2178 2183/751/2179 2184/752/2180 2185/753/2181 2186/753/2182 
f 2151/724/2147 2187/746/2183 2188/746/2184 
f 2133/718/2129 2189/754/2185 2190/754/2186 
f 2191/755/2187 2192/756/2188 2193/757/2189 2194/758/2190 2195/759/2191 2196/760/2192 2197/754/2193 2198/754/2194 
f 2199/761/2195 2200/762/2196 2201/763/2197 2202/764/2198 2203/765/2199 2204/766/2200 2205/767/2201 2206/767/2202 
f 2154/727/2150 2207/754/2203 2208/754/2204 
f 2150/731/2146 2209/754/2205 2210/754/2206 
f 2158/732/2154 2211/746/2207 2212/768/2208 
f 2162/734/2158 2213/753/2209 2214/769/2210 
f 2166/736/2162 2215/767/2211 2216/770/2212 
f 2170/738/2166 2217/754/2213 2218/771/2214 
f 2131/772/2127 2219/773/2215 2220/774/2216 2132/775/2128 
f 2132/776/2128 2221/777/2217 2222/778/2218 2133/779/2129 
f 2133/772/2129 2190/773/2186 2223/774/2219 2134/775/2130 
f 2155/780/2151 2224/781/2220 2225/782/2221 2156/783/2152 
f 2163/780/2159 2226/781/2222 2227/782/2223 2164/783/2160 
f 2136/784/2132 2228/785/2224 2229/786/2225 2137/787/2133 
f 2137/788/2133 2230/789/2226 2231/790/2227 2138/791/2134 
f 2138/784/2134 2232/785/2228 2233/786/2229 2135/787/2131 
f 2159/792/2155 2234/793/2230 2235/794/2231 2160/795/2156 
f 2167/796/2163 2236/797/2232 2237/798/2233 2168/799/2164 
f 2144/800/2140 2238/801/2234 2239/802/2235 2145/803/2141 
f 2148/804/2144 2240/805/2236 2241/806/2237 2149/807/2145 
f 2139/720/2135 2242/808/2238 2243/809/2239 2140/721/2136 
f 2140/721/2136 2244/810/2240 2245/811/2241 2141/722/2137 
f 2141/722/2137 2246/812/2242 2247/813/2243 2142/723/2138 
f 2142/723/2138 2248/814/2244 2249/815/2245 2139/720/2135 
f 2168/739/2164 2250/816/2246 2251/817/2247 2169/739/2165 
f 2156/733/2152 2252/818/2248 2253/818/2249 2157/733/2153 
f 2160/735/2156 2254/819/2250 2255/819/2251 2161/735/2157 
f 2164/737/2160 2256/820/2252 2257/821/2253 2165/737/2161 
f 2224/746/2220 2155/732/2151 2258/822/2254 
f 2250/816/2246 2168/739/2164 2237/823/2233 
f 2259/824/2255 2152/825/2148 2260/826/2256 
f 2219/827/2215 2131/828/2127 2261/746/2257 
f 2262/746/2258 2224/746/2220 2258/822/2254 2263/829/2259 
f 2264/830/2260 2250/816/2246 2237/823/2233 2265/831/2261 
f 2266/832/2262 2259/824/2255 2260/826/2256 2267/833/2263 
f 2268/834/2264 2219/827/2215 2261/746/2257 2269/746/2265 
f 2270/746/2266 2262/746/2258 2263/829/2259 2271/835/2267 
f 2272/836/2268 2264/830/2260 2265/831/2261 2273/837/2269 
f 2274/838/2270 2266/832/2262 2267/833/2263 2275/839/2271 
f 2276/840/2272 2268/834/2264 2269/746/2265 2277/746/2273 
f 2278/746/2274 2270/746/2266 2271/835/2267 2279/841/2275 
f 2280/842/2276 2272/836/2268 2273/837/2269 2281/843/2277 
f 2282/844/2278 2274/838/2270 2275/839/2271 2283/845/2279 
f 2284/846/2280 2276/840/2272 2277/746/2273 2285/746/2281 
f 2178/746/2174 2278/746/2274 2279/841/2275 2171/740/2167 
f 2172/741/2168 2280/842/2276 2281/843/2277 2173/742/2169 
f 2174/743/2170 2282/844/2278 2283/845/2279 2175/744/2171 
f 2176/745/2172 2284/846/2280 2285/746/2281 2177/746/2173 
f 2286/753/2282 2134/847/2130 2223/848/2219 
f 2287/849/2283 2143/850/2139 2288/851/2284 
f 2234/852/2230 2159/734/2155 2289/769/2285 
f 2252/818/2248 2156/733/2152 2225/753/2221 
f 2290/753/2286 2286/753/2282 2223/848/2219 2291/853/2287 
f 2292/854/2288 2287/849/2283 2288/851/2284 2293/855/2289 
f 2294/856/2290 2234/852/2230 2289/769/2285 2295/857/2291 
f 2296/858/2292 2252/818/2248 2225/753/2221 2297/753/2293 
f 2298/753/2294 2290/753/2286 2291/853/2287 2299/859/2295 
f 2300/860/2296 2292/854/2288 2293/855/2289 2301/861/2297 
f 2302/862/2298 2294/856/2290 2295/857/2291 2303/863/2299 
f 2304/864/2300 2296/858/2292 2297/753/2293 2305/753/2301 
f 2306/753/2302 2298/753/2294 2299/859/2295 2307/865/2303 
f 2308/866/2304 2300/860/2296 2301/861/2297 2309/867/2305 
f 2310/868/2306 2302/862/2298 2303/863/2299 2311/869/2307 
f 2312/870/2308 2304/864/2300 2305/753/2301 2313/753/2309 
f 2186/753/2182 2306/753/2302 2307/865/2303 2179/747/2175 
f 2180/748/2176 2308/866/2304 2309/867/2305 2181/749/2177 
f 2182/750/2178 2310/868/2306 2311/869/2307 2183/751/2179 
f 2184/752/2180 2312/870/2308 2313/753/2309 2185/753/2181 
f 2151/724/2147 2314/871/2310 2315/746/2311 
f 2314/871/2310 2316/872/2312 2317/746/2313 2315/746/2311 
f 2316/872/2312 2318/873/2314 2319/746/2315 2317/746/2313 
f 2318/873/2314 2320/874/2316 2321/746/2317 2319/746/2315 
f 2320/874/2316 2322/875/2318 2323/746/2319 2321/746/2317 
f 2322/875/2318 2324/876/2320 2325/746/2321 2323/746/2319 
f 2324/876/2320 2326/877/2322 2327/746/2323 2325/746/2321 
f 2326/877/2322 2328/878/2324 2329/746/2325 2327/746/2323 
f 2328/878/2324 2330/879/2326 2331/746/2327 2329/746/2325 
f 2330/879/2326 2240/880/2236 2332/746/2328 2331/746/2327 
f 2240/880/2236 2148/881/2144 2333/882/2329 2332/746/2328 
f 2151/724/2147 2315/746/2311 2334/746/2330 
f 2315/746/2311 2317/746/2313 2335/746/2331 2334/746/2330 
f 2317/746/2313 2319/746/2315 2336/746/2332 2335/746/2331 
f 2319/746/2315 2321/746/2317 2337/746/2333 2336/746/2332 
f 2321/746/2317 2323/746/2319 2338/746/2334 2337/746/2333 
f 2323/746/2319 2325/746/2321 2339/746/2335 2338/746/2334 
f 2325/746/2321 2327/746/2323 2340/746/2336 2339/746/2335 
f 2327/746/2323 2329/746/2325 2341/746/2337 2340/746/2336 
f 2329/746/2325 2331/746/2327 2342/746/2338 2341/746/2337 
f 2331/746/2327 2332/746/2328 2343/746/2339 2342/746/2338 
f 2332/746/2328 2333/882/2329 2344/883/2340 2343/746/2339 
f 2151/724/2147 2334/746/2330 2345/746/2341 
f 2334/746/2330 2335/746/2331 2346/746/2342 2345/746/2341 
f 2335/746/2331 2336/746/2332 2347/746/2343 2346/746/2342 
f 2336/746/2332 2337/746/2333 2348/746/2344 2347/746/2343 
f 2337/746/2333 2338/746/2334 2349/746/2345 2348/746/2344 
f 2338/746/2334 2339/746/2335 2350/746/2346 2349/746/2345 
f 2339/746/2335 2340/746/2336 2351/746/2347 2350/746/2346 
f 2340/746/2336 2341/746/2337 2352/746/2348 2351/746/2347 
f 2341/746/2337 2342/746/2338 2353/746/2349 2352/746/2348 
f 2342/746/2338 2343/746/2339 2354/746/2350 2353/746/2349 
f 2343/746/2339 2344/883/2340 2355/884/2351 2354/746/2350 
f 2151/724/2147 2345/746/2341 2356/746/2352 
f 2345/746/2341 2346/746/2342 2357/746/2353 2356/746/2352 
f 2346/746/2342 2347/746/2343 2358/746/2354 2357/746/2353 
f 2347/746/2343 2348/746/2344 2359/746/2355 2358/746/2354 
f 2348/746/2344 2349/746/2345 2360/746/2356 2359/746/2355 
f 2349/746/2345 2350/746/2346 2361/746/2357 2360/746/2356 
f 2350/746/2346 2351/746/2347 2362/746/2358 2361/746/2357 
f 2351/746/2347 2352/746/2348 2363/746/2359 2362/746/2358 
f 2352/746/2348 2353/746/2349 2364/746/2360 2363/746/2359 
f 2353/746/2349 2354/746/2350 2365/746/2361 2364/746/2360 
f 2354/746/2350 2355/884/2351 2366/885/2362 2365/746/2361 
f 2151/724/2147 2356/746/2352 2367/746/2363 
f 2356/746/2352 2357/746/2353 2368/746/2364 2367/746/2363 
f 2357/746/2353 2358/746/2354 2369/746/2365 2368/746/2364 
f 2358/746/2354 2359/746/2355 2370/746/2366 2369/746/2365 
f 2359/746/2355 2360/746/2356 2371/746/2367 2370/746/2366 
f 2360/746/2356 2361/746/2357 2372/746/2368 2371/746/2367 
f 2361/746/2357 2362/746/2358 2373/746/2369 2372/746/2368 
f 2362/746/2358 2363/746/2359 2374/746/2370 2373/746/2369 
f 2363/746/2359 2364/746/2360 2375/746/2371 2374/746/2370 
f 2364/746/2360 2365/746/2361 2376/746/2372 2375/746/2371 
f 2365/746/2361 2366/885/2362 2377/886/2373 2376/746/2372 
f 2151/724/2147 2367/746/2363 2378/746/2374 
f 2367/746/2363 2368/746/2364 2379/746/2375 2378/746/2374 
f 2368/746/2364 2369/746/2365 2380/746/2376 2379/746/2375 
f 2369/746/2365 2370/746/2366 2381/746/2377 2380/746/2376 
f 2370/746/2366 2371/746/2367 2382/746/2378 2381/746/2377 
f 2371/746/2367 2372/746/2368 2383/746/2379 2382/746/2378 
f 2372/746/2368 2373/746/2369 2384/746/2380 2383/746/2379 
f 2373/746/2369 2374/746/2370 2385/746/2381 2384/746/2380 
f 2374/746/2370 2375/746/2371 2386/746/2382 2385/746/2381 
f 2375/746/2371 2376/746/2372 2387/746/2383 2386/746/2382 
f 2376/746/2372 2377/886/2373 2388/887/2384 2387/746/2383 
f 2151/724/2147 2378/746/2374 2389/746/2385 
f 2378/746/2374 2379/746/2375 2390/746/2386 2389/746/2385 
f 2379/746/2375 2380/746/2376 2391/746/2387 2390/746/2386 
f 2380/746/2376 2381/746/2377 2392/746/2388 2391/746/2387 
f 2381/746/2377 2382/746/2378 2393/746/2389 2392/746/2388 
f 2382/746/2378 2383/746/2379 2394/746/2390 2393/746/2389 
f 2383/746/2379 2384/746/2380 2395/746/2391 2394/746/2390 
f 2384/746/2380 2385/746/2381 2396/746/2392 2395/746/2391 
f 2385/746/2381 2386/746/2382 2397/746/2393 2396/746/2392 
f 2386/746/2382 2387/746/2383 2398/746/2394 2397/746/2393 
f 2387/746/2383 2388/887/2384 2399/888/2395 2398/746/2394 
f 2151/724/2147 2389/746/2385 2400/746/2396 
f 2389/746/2385 2390/746/2386 2401/746/2397 2400/746/2396 
f 2390/746/2386 2391/746/2387 2402/746/2398 2401/746/2397 
f 2391/746/2387 2392/746/2388 2403/746/2399 2402/746/2398 
f 2392/746/2388 2393/746/2389 2404/746/2400 2403/746/2399 
f 2393/746/2389 2394/746/2390 2405/746/2401 2404/746/2400 
f 2394/746/2390 2395/746/2391 2406/746/2402 2405/746/2401 
f 2395/746/2391 2396/746/2392 2407/746/2403 2406/746/2402 
f 2396/746/2392 2397/746/2393 2408/746/2404 2407/746/2403 
f 2397/746/2393 2398/746/2394 2409/746/2405 2408/746/2404 
f 2398/746/2394 2399/888/2395 2410/889/2406 2409/746/2405 
f 2151/724/2147 2400/746/2396 2411/746/2407 
f 2400/746/2396 2401/746/2397 2412/746/2408 2411/746/2407 
f 2401/746/2397 2402/746/2398 2413/746/2409 2412/746/2408 
f 2402/746/2398 2403/746/2399 2414/746/2410 2413/746/2409 
f 2403/746/2399 2404/746/2400 2415/746/2411 2414/746/2410 
f 2404/746/2400 2405/746/2401 2416/746/2412 2415/746/2411 
f 2405/746/2401 2406/746/2402 2417/746/2413 2416/746/2412 
f 2406/746/2402 2407/746/2403 2418/746/2414 2417/746/2413 
f 2407/746/2403 2408/746/2404 2419/746/2415 2418/746/2414 
f 2408/746/2404 2409/746/2405 2420/746/2416 2419/746/2415 
f 2409/746/2405 2410/889/2406 2421/890/2417 2420/746/2416 
f 2151/724/2147 2411/746/2407 2187/746/2183 
f 2411/746/2407 2412/746/2408 2422/746/2418 2187/746/2183 
f 2412/746/2408 2413/746/2409 2423/746/2419 2422/746/2418 
f 2413/746/2409 2414/746/2410 2424/746/2420 2423/746/2419 
f 2414/746/2410 2415/746/2411 2425/746/2421 2424/746/2420 
f 2415/746/2411 2416/746/2412 2426/746/2422 2425/746/2421 
f 2416/746/2412 2417/746/2413 2427/746/2423 2426/746/2422 
f 2417/746/2413 2418/746/2414 2428/746/2424 2427/746/2423 
f 2418/746/2414 2419/746/2415 2429/746/2425 2428/746/2424 
f 2419/746/2415 2420/746/2416 2430/746/2426 2429/746/2425 
f 2420/746/2416 2421/890/2417 2221/891/2217 2430/746/2426 
f 2187/746/2183 2422/746/2418 2431/746/2427 2188/746/2184 
f 2422/746/2418 2423/746/2419 2432/746/2428 2431/746/2427 
f 2423/746/2419 2424/746/2420 2433/746/2429 2432/746/2428 
f 2424/746/2420 2425/746/2421 2434/746/2430 2433/746/2429 
f 2425/746/2421 2426/746/2422 2435/746/2431 2434/746/2430 
f 2426/746/2422 2427/746/2423 2436/746/2432 2435/746/2431 
f 2427/746/2423 2428/746/2424 2437/746/2433 2436/746/2432 
f 2428/746/2424 2429/746/2425 2438/746/2434 2437/746/2433 
f 2429/746/2425 2430/746/2426 2220/746/2216 2438/746/2434 
f 2430/746/2426 2221/891/2217 2132/892/2128 2220/746/2216 
f 2133/718/2129 2222/893/2218 2439/754/2435 
f 2222/893/2218 2440/894/2436 2441/754/2437 2439/754/2435 
f 2440/894/2436 2442/895/2438 2443/754/2439 2441/754/2437 
f 2442/895/2438 2444/896/2440 2445/754/2441 2443/754/2439 
f 2444/896/2440 2446/897/2442 2447/754/2443 2445/754/2441 
f 2446/897/2442 2448/898/2444 2449/754/2445 2447/754/2443 
f 2448/898/2444 2450/899/2446 2451/754/2447 2449/754/2445 
f 2450/899/2446 2452/900/2448 2453/754/2449 2451/754/2447 
f 2452/900/2448 2454/901/2450 2455/754/2451 2453/754/2449 
f 2454/901/2450 2456/902/2452 2457/754/2453 2455/754/2451 
f 2456/902/2452 2147/903/2143 2458/904/2454 2457/754/2453 
f 2133/718/2129 2439/754/2435 2459/754/2455 
f 2439/754/2435 2441/754/2437 2460/754/2456 2459/754/2455 
f 2441/754/2437 2443/754/2439 2461/754/2457 2460/754/2456 
f 2443/754/2439 2445/754/2441 2462/754/2458 2461/754/2457 
f 2445/754/2441 2447/754/2443 2463/754/2459 2462/754/2458 
f 2447/754/2443 2449/754/2445 2464/754/2460 2463/754/2459 
f 2449/754/2445 2451/754/2447 2465/754/2461 2464/754/2460 
f 2451/754/2447 2453/754/2449 2466/754/2462 2465/754/2461 
f 2453/754/2449 2455/754/2451 2467/754/2463 2466/754/2462 
f 2455/754/2451 2457/754/2453 2468/754/2464 2467/754/2463 
f 2457/754/2453 2458/904/2454 2469/905/2465 2468/754/2464 
f 2133/718/2129 2459/754/2455 2470/754/2466 
f 2459/754/2455 2460/754/2456 2471/754/2467 2470/754/2466 
f 2460/754/2456 2461/754/2457 2472/754/2468 2471/754/2467 
f 2461/754/2457 2462/754/2458 2473/754/2469 2472/754/2468 
f 2462/754/2458 2463/754/2459 2474/754/2470 2473/754/2469 
f 2463/754/2459 2464/754/2460 2475/754/2471 2474/754/2470 
f 2464/754/2460 2465/754/2461 2476/754/2472 2475/754/2471 
f 2465/754/2461 2466/754/2462 2477/754/2473 2476/754/2472 
f 2466/754/2462 2467/754/2463 2478/754/2474 2477/754/2473 
f 2467/754/2463 2468/754/2464 2479/754/2475 2478/754/2474 
f 2468/754/2464 2469/905/2465 2480/906/2476 2479/754/2475 
f 2133/718/2129 2470/754/2466 2481/754/2477 
f 2470/754/2466 2471/754/2467 2482/754/2478 2481/754/2477 
f 2471/754/2467 2472/754/2468 2483/754/2479 2482/754/2478 
f 2472/754/2468 2473/754/2469 2484/754/2480 2483/754/2479 
f 2473/754/2469 2474/754/2470 2485/754/2481 2484/754/2480 
f 2474/754/2470 2475/754/2471 2486/754/2482 2485/754/2481 
f 2475/754/2471 2476/754/2472 2487/754/2483 2486/754/2482 
f 2476/754/2472 2477/754/2473 2488/754/2484 2487/754/2483 
f 2477/754/2473 2478/754/2474 2489/754/2485 2488/754/2484 
f 2478/754/2474 2479/754/2475 2490/754/2486 2489/754/2485 
f 2479/754/2475 2480/906/2476 2491/907/2487 2490/754/2486 
f 2133/718/2129 2481/754/2477 2492/754/2488 
f 2481/754/2477 2482/754/2478 2493/754/2489 2492/754/2488 
f 2482/754/2478 2483/754/2479 2494/754/2490 2493/754/2489 
f 2483/754/2479 2484/754/2480 2495/754/2491 2494/754/2490 
f 2484/754/2480 2485/754/2481 2496/754/2492 2495/754/2491 
f 2485/754/2481 2486/754/2482 2497/754/2493 2496/754/2492 
f 2486/754/2482 2487/754/2483 2498/754/2494 2497/754/2493 
f 2487/754/2483 2488/754/2484 2499/754/2495 2498/754/2494 
f 2488/754/2484 2489/754/2485 2500/754/2496 2499/754/2495 
f 2489/754/2485 2490/754/2486 2501/754/2497 2500/754/2496 
f 2490/754/2486 2491/907/2487 2502/908/2498 2501/754/2497 
f 2133/718/2129 2492/754/2488 2503/754/2499 
f 2492/754/2488 2493/754/2489 2504/754/2500 2503/754/2499 
f 2493/754/2489 2494/754/2490 2505/754/2501 2504/754/2500 
f 2494/754/2490 2495/754/2491 2506/754/2502 2505/754/2501 
f 2495/754/2491 2496/754/2492 2507/754/2503 2506/754/2502 
f 2496/754/2492 2497/754/2493 2508/754/2504 2507/754/2503 
f 2497/754/2493 2498/754/2494 2509/754/2505 2508/754/2504 
f 2498/754/2494 2499/754/2495 2510/754/2506 2509/754/2505 
f 2499/754/2495 2500/754/2496 2511/754/2507 2510/754/2506 
f 2500/754/2496 2501/754/2497 2512/754/2508 2511/754/2507 
f 2501/754/2497 2502/908/2498 2513/909/2509 2512/754/2508 
f 2133/718/2129 2503/754/2499 2514/754/2510 
f 2503/754/2499 2504/754/2500 2515/754/2511 2514/754/2510 
f 2504/754/2500 2505/754/2501 2516/754/2512 2515/754/2511 
f 2505/754/2501 2506/754/2502 2517/754/2513 2516/754/2512 
f 2506/754/2502 2507/754/2503 2518/754/2514 2517/754/2513 
f 2507/754/2503 2508/754/2504 2519/754/2515 2518/754/2514 
f 2508/754/2504 2509/754/2505 2520/754/2516 2519/754/2515 
f 2509/754/2505 2510/754/2506 2521/754/2517 2520/754/2516 
f 2510/754/2506 2511/754/2507 2522/754/2518 2521/754/2517 
f 2511/754/2507 2512/754/2508 2523/754/2519 2522/754/2518 
f 2512/754/2508 2513/909/2509 2524/910/2520 2523/754/2519 
f 2133/718/2129 2514/754/2510 2525/754/2521 
f 2514/754/2510 2515/754/2511 2526/754/2522 2525/754/2521 
f 2515/754/2511 2516/754/2512 2527/754/2523 2526/754/2522 
f 2516/754/2512 2517/754/2513 2528/754/2524 2527/754/2523 
f 2517/754/2513 2518/754/2514 2529/754/2525 2528/754/2524 
f 2518/754/2514 2519/754/2515 2530/754/2526 2529/754/2525 
f 2519/754/2515 2520/754/2516 2531/754/2527 2530/754/2526 
f 2520/754/2516 2521/754/2517 2532/754/2528 2531/754/2527 
f 2521/754/2517 2522/754/2518 2533/754/2529 2532/754/2528 
f 2522/754/2518 2523/754/2519 2534/754/2530 2533/754/2529 
f 2523/754/2519 2524/910/2520 2535/911/2531 2534/754/2530 
f 2133/718/2129 2525/754/2521 2536/754/2532 
f 2525/754/2521 2526/754/2522 2537/754/2533 2536/754/2532 
f 2526/754/2522 2527/754/2523 2538/754/2534 2537/754/2533 
f 2527/754/2523 2528/754/2524 2539/754/2535 2538/754/2534 
f 2528/754/2524 2529/754/2525 2540/754/2536 2539/754/2535 
f 2529/754/2525 2530/754/2526 2541/754/2537 2540/754/2536 
f 2530/754/2526 2531/754/2527 2542/754/2538 2541/754/2537 
f 2531/754/2527 2532/754/2528 2543/754/2539 2542/754/2538 
f 2532/754/2528 2533/754/2529 2544/754/2540 2543/754/2539 
f 2533/754/2529 2534/754/2530 2545/754/2541 2544/754/2540 
f 2534/754/2530 2535/911/2531 2546/912/2542 2545/754/2541 
f 2133/718/2129 2536/754/2532 2189/754/2185 
f 2536/754/2532 2537/754/2533 2547/754/2543 2189/754/2185 
f 2537/754/2533 2538/754/2534 2548/754/2544 2547/754/2543 
f 2538/754/2534 2539/754/2535 2549/754/2545 2548/754/2544 
f 2539/754/2535 2540/754/2536 2550/754/2546 2549/754/2545 
f 2540/754/2536 2541/754/2537 2551/754/2547 2550/754/2546 
f 2541/754/2537 2542/754/2538 2552/754/2548 2551/754/2547 
f 2542/754/2538 2543/754/2539 2553/754/2549 2552/754/2548 
f 2543/754/2539 2544/754/2540 2554/754/2550 2553/754/2549 
f 2544/754/2540 2545/754/2541 2555/754/2551 2554/754/2550 
f 2545/754/2541 2546/912/2542 2238/913/2234 2555/754/2551 
f 2189/754/2185 2547/754/2543 2556/754/2552 2190/754/2186 
f 2547/754/2543 2548/754/2544 2557/754/2553 2556/754/2552 
f 2548/754/2544 2549/754/2545 2558/754/2554 2557/754/2553 
f 2549/754/2545 2550/754/2546 2559/754/2555 2558/754/2554 
f 2550/754/2546 2551/754/2547 2560/754/2556 2559/754/2555 
f 2551/754/2547 2552/754/2548 2561/754/2557 2560/754/2556 
f 2552/754/2548 2553/754/2549 2562/754/2558 2561/754/2557 
f 2553/754/2549 2554/754/2550 2563/754/2559 2562/754/2558 
f 2554/754/2550 2555/754/2551 2564/754/2560 2563/754/2559 
f 2555/754/2551 2238/913/2234 2144/914/2140 2564/754/2560 
f 2236/754/2232 2167/738/2163 2565/915/2561 
f 2256/820/2252 2164/737/2160 2227/916/2223 
f 2566/917/2562 2135/918/2131 2233/919/2229 
f 2567/920/2563 2153/921/2149 2568/754/2564 
f 2569/754/2565 2236/754/2232 2565/915/2561 2570/922/2566 
f 2571/923/2567 2256/820/2252 2227/916/2223 2572/924/2568 
f 2573/925/2569 2566/917/2562 2233/919/2229 2574/926/2570 
f 2575/927/2571 2567/920/2563 2568/754/2564 2576/754/2572 
f 2577/754/2573 2569/754/2565 2570/922/2566 2578/928/2574 
f 2579/929/2575 2571/923/2567 2572/924/2568 2580/930/2576 
f 2581/931/2577 2573/925/2569 2574/926/2570 2582/932/2578 
f 2583/933/2579 2575/927/2571 2576/754/2572 2584/754/2580 
f 2585/754/2581 2577/754/2573 2578/928/2574 2586/934/2582 
f 2587/935/2583 2579/929/2575 2580/930/2576 2588/936/2584 
f 2589/937/2585 2581/931/2577 2582/932/2578 2590/938/2586 
f 2591/939/2587 2583/933/2579 2584/754/2580 2592/754/2588 
f 2198/754/2194 2585/754/2581 2586/934/2582 2191/755/2187 
f 2192/756/2188 2587/935/2583 2588/936/2584 2193/757/2189 
f 2194/758/2190 2589/937/2585 2590/938/2586 2195/759/2191 
f 2196/760/2192 2591/939/2587 2592/754/2588 2197/754/2193 
f 2593/767/2589 2146/940/2142 2594/941/2590 
f 2228/942/2224 2136/943/2132 2595/944/2591 
f 2226/945/2222 2163/736/2159 2596/770/2592 
f 2254/819/2250 2160/735/2156 2235/767/2231 
f 2597/767/2593 2593/767/2589 2594/941/2590 2598/946/2594 
f 2599/947/2595 2228/942/2224 2595/944/2591 2600/948/2596 
f 2601/949/2597 2226/945/2222 2596/770/2592 2602/950/2598 
f 2603/951/2599 2254/819/2250 2235/767/2231 2604/767/2600 
f 2605/767/2601 2597/767/2593 2598/946/2594 2606/952/2602 
f 2607/953/2603 2599/947/2595 2600/948/2596 2608/954/2604 
f 2609/955/2605 2601/949/2597 2602/950/2598 2610/956/2606 
f 2611/957/2607 2603/951/2599 2604/767/2600 2612/767/2608 
f 2613/767/2609 2605/767/2601 2606/952/2602 2614/958/2610 
f 2615/959/2611 2607/953/2603 2608/954/2604 2616/960/2612 
f 2617/961/2613 2609/955/2605 2610/956/2606 2618/962/2614 
f 2619/963/2615 2611/957/2607 2612/767/2608 2620/767/2616 
f 2206/767/2202 2613/767/2609 2614/958/2610 2199/761/2195 
f 2200/762/2196 2615/959/2611 2616/960/2612 2201/763/2197 
f 2202/764/2198 2617/961/2613 2618/962/2614 2203/765/2199 
f 2204/766/2200 2619/963/2615 2620/767/2616 2205/767/2201 
f 2154/727/2150 2621/964/2617 2622/754/2618 
f 2621/964/2617 2623/965/2619 2624/754/2620 2622/754/2618 
f 2623/965/2619 2625/966/2621 2626/754/2622 2624/754/2620 
f 2625/966/2621 2627/967/2623 2628/754/2624 2626/754/2622 
f 2627/967/2623 2629/968/2625 2630/754/2626 2628/754/2624 
f 2629/968/2625 2631/969/2627 2632/754/2628 2630/754/2626 
f 2631/969/2627 2633/970/2629 2634/754/2630 2632/754/2628 
f 2633/970/2629 2635/971/2631 2636/754/2632 2634/754/2630 
f 2635/971/2631 2637/972/2633 2638/754/2634 2636/754/2632 
f 2637/972/2633 2232/973/2228 2639/754/2635 2638/754/2634 
f 2232/973/2228 2138/974/2134 2231/975/2227 2639/754/2635 
f 2154/727/2150 2622/754/2618 2640/754/2636 
f 2622/754/2618 2624/754/2620 2641/754/2637 2640/754/2636 
f 2624/754/2620 2626/754/2622 2642/754/2638 2641/754/2637 
f 2626/754/2622 2628/754/2624 2643/754/2639 2642/754/2638 
f 2628/754/2624 2630/754/2626 2644/754/2640 2643/754/2639 
f 2630/754/2626 2632/754/2628 2645/754/2641 2644/754/2640 
f 2632/754/2628 2634/754/2630 2646/754/2642 2645/754/2641 
f 2634/754/2630 2636/754/2632 2647/754/2643 2646/754/2642 
f 2636/754/2632 2638/754/2634 2648/754/2644 2647/754/2643 
f 2638/754/2634 2639/754/2635 2649/754/2645 2648/754/2644 
f 2639/754/2635 2231/975/2227 2650/976/2646 2649/754/2645 
f 2154/727/2150 2640/754/2636 2651/754/2647 
f 2640/754/2636 2641/754/2637 2652/754/2648 2651/754/2647 
f 2641/754/2637 2642/754/2638 2653/754/2649 2652/754/2648 
f 2642/754/2638 2643/754/2639 2654/754/2650 2653/754/2649 
f 2643/754/2639 2644/754/2640 2655/754/2651 2654/754/2650 
f 2644/754/2640 2645/754/2641 2656/754/2652 2655/754/2651 
f 2645/754/2641 2646/754/2642 2657/754/2653 2656/754/2652 
f 2646/754/2642 2647/754/2643 2658/754/2654 2657/754/2653 
f 2647/754/2643 2648/754/2644 2659/754/2655 2658/754/2654 
f 2648/754/2644 2649/754/2645 2660/754/2656 2659/754/2655 
f 2649/754/2645 2650/976/2646 2661/977/2657 2660/754/2656 
f 2154/727/2150 2651/754/2647 2662/754/2658 
f 2651/754/2647 2652/754/2648 2663/754/2659 2662/754/2658 
f 2652/754/2648 2653/754/2649 2664/754/2660 2663/754/2659 
f 2653/754/2649 2654/754/2650 2665/754/2661 2664/754/2660 
f 2654/754/2650 2655/754/2651 2666/754/2662 2665/754/2661 
f 2655/754/2651 2656/754/2652 2667/754/2663 2666/754/2662 
f 2656/754/2652 2657/754/2653 2668/754/2664 2667/754/2663 
f 2657/754/2653 2658/754/2654 2669/754/2665 2668/754/2664 
f 2658/754/2654 2659/754/2655 2670/754/2666 2669/754/2665 
f 2659/754/2655 2660/754/2656 2671/754/2667 2670/754/2666 
f 2660/754/2656 2661/977/2657 2672/978/2668 2671/754/2667 
f 2154/727/2150 2662/754/2658 2673/754/2669 
f 2662/754/2658 2663/754/2659 2674/754/2670 2673/754/2669 
f 2663/754/2659 2664/754/2660 2675/754/2671 2674/754/2670 
f 2664/754/2660 2665/754/2661 2676/754/2672 2675/754/2671 
f 2665/754/2661 2666/754/2662 2677/754/2673 2676/754/2672 
f 2666/754/2662 2667/754/2663 2678/754/2674 2677/754/2673 
f 2667/754/2663 2668/754/2664 2679/754/2675 2678/754/2674 
f 2668/754/2664 2669/754/2665 2680/754/2676 2679/754/2675 
f 2669/754/2665 2670/754/2666 2681/754/2677 2680/754/2676 
f 2670/754/2666 2671/754/2667 2682/754/2678 2681/754/2677 
f 2671/754/2667 2672/978/2668 2683/979/2679 2682/754/2678 
f 2154/727/2150 2673/754/2669 2684/754/2680 
f 2673/754/2669 2674/754/2670 2685/754/2681 2684/754/2680 
f 2674/754/2670 2675/754/2671 2686/754/2682 2685/754/2681 
f 2675/754/2671 2676/754/2672 2687/754/2683 2686/754/2682 
f 2676/754/2672 2677/754/2673 2688/754/2684 2687/754/2683 
f 2677/754/2673 2678/754/2674 2689/754/2685 2688/754/2684 
f 2678/754/2674 2679/754/2675 2690/754/2686 2689/754/2685 
f 2679/754/2675 2680/754/2676 2691/754/2687 2690/754/2686 
f 2680/754/2676 2681/754/2677 2692/754/2688 2691/754/2687 
f 2681/754/2677 2682/754/2678 2693/754/2689 2692/754/2688 
f 2682/754/2678 2683/979/2679 2694/980/2690 2693/754/2689 
f 2154/727/2150 2684/754/2680 2695/754/2691 
f 2684/754/2680 2685/754/2681 2696/754/2692 2695/754/2691 
f 2685/754/2681 2686/754/2682 2697/754/2693 2696/754/2692 
f 2686/754/2682 2687/754/2683 2698/754/2694 2697/754/2693 
f 2687/754/2683 2688/754/2684 2699/754/2695 2698/754/2694 
f 2688/754/2684 2689/754/2685 2700/754/2696 2699/754/2695 
f 2689/754/2685 2690/754/2686 2701/754/2697 2700/754/2696 
f 2690/754/2686 2691/754/2687 2702/754/2698 2701/754/2697 
f 2691/754/2687 2692/754/2688 2703/754/2699 2702/754/2698 
f 2692/754/2688 2693/754/2689 2704/754/2700 2703/754/2699 
f 2693/754/2689 2694/980/2690 2705/981/2701 2704/754/2700 
f 2154/727/2150 2695/754/2691 2706/754/2702 
f 2695/754/2691 2696/754/2692 2707/754/2703 2706/754/2702 
f 2696/754/2692 2697/754/2693 2708/754/2704 2707/754/2703 
f 2697/754/2693 2698/754/2694 2709/754/2705 2708/754/2704 
f 2698/754/2694 2699/754/2695 2710/754/2706 2709/754/2705 
f 2699/754/2695 2700/754/2696 2711/754/2707 2710/754/2706 
f 2700/754/2696 2701/754/2697 2712/754/2708 2711/754/2707 
f 2701/754/2697 2702/754/2698 2713/754/2709 2712/754/2708 
f 2702/754/2698 2703/754/2699 2714/754/2710 2713/754/2709 
f 2703/754/2699 2704/754/2700 2715/754/2711 2714/754/2710 
f 2704/754/2700 2705/981/2701 2716/982/2712 2715/754/2711 
f 2154/727/2150 2706/754/2702 2717/754/2713 
f 2706/754/2702 2707/754/2703 2718/754/2714 2717/754/2713 
f 2707/754/2703 2708/754/2704 2719/754/2715 2718/754/2714 
f 2708/754/2704 2709/754/2705 2720/754/2716 2719/754/2715 
f 2709/754/2705 2710/754/2706 2721/754/2717 2720/754/2716 
f 2710/754/2706 2711/754/2707 2722/754/2718 2721/754/2717 
f 2711/754/2707 2712/754/2708 2723/754/2719 2722/754/2718 
f 2712/754/2708 2713/754/2709 2724/754/2720 2723/754/2719 
f 2713/754/2709 2714/754/2710 2725/754/2721 2724/754/2720 
f 2714/754/2710 2715/754/2711 2726/754/2722 2725/754/2721 
f 2715/754/2711 2716/982/2712 2727/983/2723 2726/754/2722 
f 2154/727/2150 2717/754/2713 2207/754/2203 
f 2717/754/2713 2718/754/2714 2728/754/2724 2207/754/2203 
f 2718/754/2714 2719/754/2715 2729/754/2725 2728/754/2724 
f 2719/754/2715 2720/754/2716 2730/754/2726 2729/754/2725 
f 2720/754/2716 2721/754/2717 2731/754/2727 2730/754/2726 
f 2721/754/2717 2722/754/2718 2732/754/2728 2731/754/2727 
f 2722/754/2718 2723/754/2719 2733/754/2729 2732/754/2728 
f 2723/754/2719 2724/754/2720 2734/754/2730 2733/754/2729 
f 2724/754/2720 2725/754/2721 2735/754/2731 2734/754/2730 
f 2725/754/2721 2726/754/2722 2736/754/2732 2735/754/2731 
f 2726/754/2722 2727/983/2723 2737/984/2733 2736/754/2732 
f 2207/754/2203 2728/754/2724 2738/754/2734 2208/754/2204 
f 2728/754/2724 2729/754/2725 2739/754/2735 2738/754/2734 
f 2729/754/2725 2730/754/2726 2740/754/2736 2739/754/2735 
f 2730/754/2726 2731/754/2727 2741/754/2737 2740/754/2736 
f 2731/754/2727 2732/754/2728 2742/754/2738 2741/754/2737 
f 2732/754/2728 2733/754/2729 2743/754/2739 2742/754/2738 
f 2733/754/2729 2734/754/2730 2744/754/2740 2743/754/2739 
f 2734/754/2730 2735/754/2731 2745/754/2741 2744/754/2740 
f 2735/754/2731 2736/754/2732 2241/754/2237 2745/754/2741 
f 2736/754/2732 2737/984/2733 2149/985/2145 2241/754/2237 
f 2150/731/2146 2746/986/2742 2747/754/2743 
f 2746/986/2742 2748/987/2744 2749/754/2745 2747/754/2743 
f 2748/987/2744 2750/988/2746 2751/754/2747 2749/754/2745 
f 2750/988/2746 2752/989/2748 2753/754/2749 2751/754/2747 
f 2752/989/2748 2754/990/2750 2755/754/2751 2753/754/2749 
f 2754/990/2750 2756/991/2752 2757/754/2753 2755/754/2751 
f 2756/991/2752 2758/992/2754 2759/754/2755 2757/754/2753 
f 2758/992/2754 2760/993/2756 2761/754/2757 2759/754/2755 
f 2760/993/2756 2762/994/2758 2763/754/2759 2761/754/2757 
f 2762/994/2758 2230/995/2226 2764/754/2760 2763/754/2759 
f 2230/995/2226 2137/996/2133 2229/997/2225 2764/754/2760 
f 2150/731/2146 2747/754/2743 2765/754/2761 
f 2747/754/2743 2749/754/2745 2766/754/2762 2765/754/2761 
f 2749/754/2745 2751/754/2747 2767/754/2763 2766/754/2762 
f 2751/754/2747 2753/754/2749 2768/754/2764 2767/754/2763 
f 2753/754/2749 2755/754/2751 2769/754/2765 2768/754/2764 
f 2755/754/2751 2757/754/2753 2770/754/2766 2769/754/2765 
f 2757/754/2753 2759/754/2755 2771/754/2767 2770/754/2766 
f 2759/754/2755 2761/754/2757 2772/754/2768 2771/754/2767 
f 2761/754/2757 2763/754/2759 2773/754/2769 2772/754/2768 
f 2763/754/2759 2764/754/2760 2774/754/2770 2773/754/2769 
f 2764/754/2760 2229/997/2225 2775/998/2771 2774/754/2770 
f 2150/731/2146 2765/754/2761 2776/754/2772 
f 2765/754/2761 2766/754/2762 2777/754/2773 2776/754/2772 
f 2766/754/2762 2767/754/2763 2778/754/2774 2777/754/2773 
f 2767/754/2763 2768/754/2764 2779/754/2775 2778/754/2774 
f 2768/754/2764 2769/754/2765 2780/754/2776 2779/754/2775 
f 2769/754/2765 2770/754/2766 2781/754/2777 2780/754/2776 
f 2770/754/2766 2771/754/2767 2782/754/2778 2781/754/2777 
f 2771/754/2767 2772/754/2768 2783/754/2779 2782/754/2778 
f 2772/754/2768 2773/754/2769 2784/754/2780 2783/754/2779 
f 2773/754/2769 2774/754/2770 2785/754/2781 2784/754/2780 
f 2774/754/2770 2775/998/2771 2786/999/2782 2785/754/2781 
f 2150/731/2146 2776/754/2772 2787/754/2783 
f 2776/754/2772 2777/754/2773 2788/754/2784 2787/754/2783 
f 2777/754/2773 2778/754/2774 2789/754/2785 2788/754/2784 
f 2778/754/2774 2779/754/2775 2790/754/2786 2789/754/2785 
f 2779/754/2775 2780/754/2776 2791/754/2787 2790/754/2786 
f 2780/754/2776 2781/754/2777 2792/754/2788 2791/754/2787 
f 2781/754/2777 2782/754/2778 2793/754/2789 2792/754/2788 
f 2782/754/2778 2783/754/2779 2794/754/2790 2793/754/2789 
f 2783/754/2779 2784/754/2780 2795/754/2791 2794/754/2790 
f 2784/754/2780 2785/754/2781 2796/754/2792 2795/754/2791 
f 2785/754/2781 2786/999/2782 2797/1000/2793 2796/754/2792 
f 2150/731/2146 2787/754/2783 2798/754/2794 
f 2787/754/2783 2788/754/2784 2799/754/2795 2798/754/2794 
f 2788/754/2784 2789/754/2785 2800/754/2796 2799/754/2795 
f 2789/754/2785 2790/754/2786 2801/754/2797 2800/754/2796 
f 2790/754/2786 2791/754/2787 2802/754/2798 2801/754/2797 
f 2791/754/2787 2792/754/2788 2803/754/2799 2802/754/2798 
f 2792/754/2788 2793/754/2789 2804/754/2800 2803/754/2799 
f 2793/754/2789 2794/754/2790 2805/754/2801 2804/754/2800 
f 2794/754/2790 2795/754/2791 2806/754/2802 2805/754/2801 
f 2795/754/2791 2796/754/2792 2807/754/2803 2806/754/2802 
f 2796/754/2792 2797/1000/2793 2808/1001/2804 2807/754/2803 
f 2150/731/2146 2798/754/2794 2809/754/2805 
f 2798/754/2794 2799/754/2795 2810/754/2806 2809/754/2805 
f 2799/754/2795 2800/754/2796 2811/754/2807 2810/754/2806 
f 2800/754/2796 2801/754/2797 2812/754/2808 2811/754/2807 
f 2801/754/2797 2802/754/2798 2813/754/2809 2812/754/2808 
f 2802/754/2798 2803/754/2799 2814/754/2810 2813/754/2809 
f 2803/754/2799 2804/754/2800 2815/754/2811 2814/754/2810 
f 2804/754/2800 2805/754/2801 2816/754/2812 2815/754/2811 
f 2805/754/2801 2806/754/2802 2817/754/2813 2816/754/2812 
f 2806/754/2802 2807/754/2803 2818/754/2814 2817/754/2813 
f 2807/754/2803 2808/1001/2804 2819/1002/2815 2818/754/2814 
f 2150/731/2146 2809/754/2805 2820/754/2816 
f 2809/754/2805 2810/754/2806 2821/754/2817 2820/754/2816 
f 2810/754/2806 2811/754/2807 2822/754/2818 2821/754/2817 
f 2811/754/2807 2812/754/2808 2823/754/2819 2822/754/2818 
f 2812/754/2808 2813/754/2809 2824/754/2820 2823/754/2819 
f 2813/754/2809 2814/754/2810 2825/754/2821 2824/754/2820 
f 2814/754/2810 2815/754/2811 2826/754/2822 2825/754/2821 
f 2815/754/2811 2816/754/2812 2827/754/2823 2826/754/2822 
f 2816/754/2812 2817/754/2813 2828/754/2824 2827/754/2823 
f 2817/754/2813 2818/754/2814 2829/754/2825 2828/754/2824 
f 2818/754/2814 2819/1002/2815 2830/1003/2826 2829/754/2825 
f 2150/731/2146 2820/754/2816 2831/754/2827 
f 2820/754/2816 2821/754/2817 2832/754/2828 2831/754/2827 
f 2821/754/2817 2822/754/2818 2833/754/2829 2832/754/2828 
f 2822/754/2818 2823/754/2819 2834/754/2830 2833/754/2829 
f 2823/754/2819 2824/754/2820 2835/754/2831 2834/754/2830 
f 2824/754/2820 2825/754/2821 2836/754/2832 2835/754/2831 
f 2825/754/2821 2826/754/2822 2837/754/2833 2836/754/2832 
f 2826/754/2822 2827/754/2823 2838/754/2834 2837/754/2833 
f 2827/754/2823 2828/754/2824 2839/754/2835 2838/754/2834 
f 2828/754/2824 2829/754/2825 2840/754/2836 2839/754/2835 
f 2829/754/2825 2830/1003/2826 2841/1004/2837 2840/754/2836 
f 2150/731/2146 2831/754/2827 2842/754/2838 
f 2831/754/2827 2832/754/2828 2843/754/2839 2842/754/2838 
f 2832/754/2828 2833/754/2829 2844/754/2840 2843/754/2839 
f 2833/754/2829 2834/754/2830 2845/754/2841 2844/754/2840 
f 2834/754/2830 2835/754/2831 2846/754/2842 2845/754/2841 
f 2835/754/2831 2836/754/2832 2847/754/2843 2846/754/2842 
f 2836/754/2832 2837/754/2833 2848/754/2844 2847/754/2843 
f 2837/754/2833 2838/754/2834 2849/754/2845 2848/754/2844 
f 2838/754/2834 2839/754/2835 2850/754/2846 2849/754/2845 
f 2839/754/2835 2840/754/2836 2851/754/2847 2850/754/2846 
f 2840/754/2836 2841/1004/2837 2852/1005/2848 2851/754/2847 
f 2150/731/2146 2842/754/2838 2209/754/2205 
f 2842/754/2838 2843/754/2839 2853/754/2849 2209/754/2205 
f 2843/754/2839 2844/754/2840 2854/754/2850 2853/754/2849 
f 2844/754/2840 2845/754/2841 2855/754/2851 2854/754/2850 
f 2845/754/2841 2846/754/2842 2856/754/2852 2855/754/2851 
f 2846/754/2842 2847/754/2843 2857/754/2853 2856/754/2852 
f 2847/754/2843 2848/754/2844 2858/754/2854 2857/754/2853 
f 2848/754/2844 2849/754/2845 2859/754/2855 2858/754/2854 
f 2849/754/2845 2850/754/2846 2860/754/2856 2859/754/2855 
f 2850/754/2846 2851/754/2847 2861/754/2857 2860/754/2856 
f 2851/754/2847 2852/1005/2848 2862/1006/2858 2861/754/2857 
f 2209/754/2205 2853/754/2849 2863/754/2859 2210/754/2206 
f 2853/754/2849 2854/754/2850 2864/754/2860 2863/754/2859 
f 2854/754/2850 2855/754/2851 2865/754/2861 2864/754/2860 
f 2855/754/2851 2856/754/2852 2866/754/2862 2865/754/2861 
f 2856/754/2852 2857/754/2853 2867/754/2863 2866/754/2862 
f 2857/754/2853 2858/754/2854 2868/754/2864 2867/754/2863 
f 2858/754/2854 2859/754/2855 2869/754/2865 2868/754/2864 
f 2859/754/2855 2860/754/2856 2870/754/2866 2869/754/2865 
f 2860/754/2856 2861/754/2857 2239/754/2235 2870/754/2866 
f 2861/754/2857 2862/1006/2858 2145/1007/2141 2239/754/2235 
f 2158/732/2154 2871/1008/2867 2872/746/2868 
f 2871/1008/2867 2873/1009/2869 2874/746/2870 2872/746/2868 
f 2873/1009/2869 2875/1010/2871 2876/746/2872 2874/746/2870 
f 2875/1010/2871 2877/1011/2873 2878/746/2874 2876/746/2872 
f 2877/1011/2873 2879/1012/2875 2880/746/2876 2878/746/2874 
f 2879/1012/2875 2881/1013/2877 2882/746/2878 2880/746/2876 
f 2881/1013/2877 2883/1014/2879 2884/746/2880 2882/746/2878 
f 2883/1014/2879 2885/1015/2881 2886/746/2882 2884/746/2880 
f 2885/1015/2881 2887/1016/2883 2888/746/2884 2886/746/2882 
f 2887/1016/2883 2242/808/2238 2889/746/2885 2888/746/2884 
f 2242/808/2238 2139/720/2135 2249/815/2245 2889/746/2885 
f 2158/732/2154 2872/746/2868 2890/746/2886 
f 2872/746/2868 2874/746/2870 2891/746/2887 2890/746/2886 
f 2874/746/2870 2876/746/2872 2892/746/2888 2891/746/2887 
f 2876/746/2872 2878/746/2874 2893/746/2889 2892/746/2888 
f 2878/746/2874 2880/746/2876 2894/746/2890 2893/746/2889 
f 2880/746/2876 2882/746/2878 2895/746/2891 2894/746/2890 
f 2882/746/2878 2884/746/2880 2896/746/2892 2895/746/2891 
f 2884/746/2880 2886/746/2882 2897/746/2893 2896/746/2892 
f 2886/746/2882 2888/746/2884 2898/746/2894 2897/746/2893 
f 2888/746/2884 2889/746/2885 2899/746/2895 2898/746/2894 
f 2889/746/2885 2249/815/2245 2900/1017/2896 2899/746/2895 
f 2158/732/2154 2890/746/2886 2901/746/2897 
f 2890/746/2886 2891/746/2887 2902/746/2898 2901/746/2897 
f 2891/746/2887 2892/746/2888 2903/746/2899 2902/746/2898 
f 2892/746/2888 2893/746/2889 2904/746/2900 2903/746/2899 
f 2893/746/2889 2894/746/2890 2905/746/2901 2904/746/2900 
f 2894/746/2890 2895/746/2891 2906/746/2902 2905/746/2901 
f 2895/746/2891 2896/746/2892 2907/746/2903 2906/746/2902 
f 2896/746/2892 2897/746/2893 2908/746/2904 2907/746/2903 
f 2897/746/2893 2898/746/2894 2909/746/2905 2908/746/2904 
f 2898/746/2894 2899/746/2895 2910/746/2906 2909/746/2905 
f 2899/746/2895 2900/1017/2896 2911/1018/2907 2910/746/2906 
f 2158/732/2154 2901/746/2897 2912/746/2908 
f 2901/746/2897 2902/746/2898 2913/746/2909 2912/746/2908 
f 2902/746/2898 2903/746/2899 2914/746/2910 2913/746/2909 
f 2903/746/2899 2904/746/2900 2915/746/2911 2914/746/2910 
f 2904/746/2900 2905/746/2901 2916/746/2912 2915/746/2911 
f 2905/746/2901 2906/746/2902 2917/746/2913 2916/746/2912 
f 2906/746/2902 2907/746/2903 2918/746/2914 2917/746/2913 
f 2907/746/2903 2908/746/2904 2919/746/2915 2918/746/2914 
f 2908/746/2904 2909/746/2905 2920/746/2916 2919/746/2915 
f 2909/746/2905 2910/746/2906 2921/746/2917 2920/746/2916 
f 2910/746/2906 2911/1018/2907 2922/1019/2918 2921/746/2917 
f 2158/732/2154 2912/746/2908 2923/746/2919 
f 2912/746/2908 2913/746/2909 2924/746/2920 2923/746/2919 
f 2913/746/2909 2914/746/2910 2925/746/2921 2924/746/2920 
f 2914/746/2910 2915/746/2911 2926/746/2922 2925/746/2921 
f 2915/746/2911 2916/746/2912 2927/746/2923 2926/746/2922 
f 2916/746/2912 2917/746/2913 2928/746/2924 2927/746/2923 
f 2917/746/2913 2918/746/2914 2929/746/2925 2928/746/2924 
f 2918/746/2914 2919/746/2915 2930/746/2926 2929/746/2925 
f 2919/746/2915 2920/746/2916 2931/746/2927 2930/746/2926 
f 2920/746/2916 2921/746/2917 2932/746/2928 2931/746/2927 
f 2921/746/2917 2922/1019/2918 2933/1020/2929 2932/746/2928 
f 2158/732/2154 2923/746/2919 2934/746/2930 
f 2923/746/2919 2924/746/2920 2935/746/2931 2934/746/2930 
f 2924/746/2920 2925/746/2921 2936/746/2932 2935/746/2931 
f 2925/746/2921 2926/746/2922 2937/746/2933 2936/746/2932 
f 2926/746/2922 2927/746/2923 2938/746/2934 2937/746/2933 
f 2927/746/2923 2928/746/2924 2939/746/2935 2938/746/2934 
f 2928/746/2924 2929/746/2925 2940/746/2936 2939/746/2935 
f 2929/746/2925 2930/746/2926 2941/746/2937 2940/746/2936 
f 2930/746/2926 2931/746/2927 2942/746/2938 2941/746/2937 
f 2931/746/2927 2932/746/2928 2943/746/2939 2942/746/2938 
f 2932/746/2928 2933/1020/2929 2944/1021/2940 2943/746/2939 
f 2158/732/2154 2934/746/2930 2945/746/2941 
f 2934/746/2930 2935/746/2931 2946/746/2942 2945/746/2941 
f 2935/746/2931 2936/746/2932 2947/746/2943 2946/746/2942 
f 2936/746/2932 2937/746/2933 2948/746/2944 2947/746/2943 
f 2937/746/2933 2938/746/2934 2949/746/2945 2948/746/2944 
f 2938/746/2934 2939/746/2935 2950/746/2946 2949/746/2945 
f 2939/746/2935 2940/746/2936 2951/746/2947 2950/746/2946 
f 2940/746/2936 2941/746/2937 2952/746/2948 2951/746/2947 
f 2941/746/2937 2942/746/2938 2953/746/2949 2952/746/2948 
f 2942/746/2938 2943/746/2939 2954/746/2950 2953/746/2949 
f 2943/746/2939 2944/1021/2940 2955/1022/2951 2954/746/2950 
f 2158/732/2154 2945/746/2941 2956/746/2952 
f 2945/746/2941 2946/746/2942 2957/746/2953 2956/746/2952 
f 2946/746/2942 2947/746/2943 2958/746/2954 2957/746/2953 
f 2947/746/2943 2948/746/2944 2959/746/2955 2958/746/2954 
f 2948/746/2944 2949/746/2945 2960/746/2956 2959/746/2955 
f 2949/746/2945 2950/746/2946 2961/746/2957 2960/746/2956 
f 2950/746/2946 2951/746/2947 2962/746/2958 2961/746/2957 
f 2951/746/2947 2952/746/2948 2963/746/2959 2962/746/2958 
f 2952/746/2948 2953/746/2949 2964/746/2960 2963/746/2959 
f 2953/746/2949 2954/746/2950 2965/746/2961 2964/746/2960 
f 2954/746/2950 2955/1022/2951 2966/1023/2962 2965/746/2961 
f 2158/732/2154 2956/746/2952 2967/746/2963 
f 2956/746/2952 2957/746/2953 2968/746/2964 2967/746/2963 
f 2957/746/2953 2958/746/2954 2969/746/2965 2968/746/2964 
f 2958/746/2954 2959/746/2955 2970/746/2966 2969/746/2965 
f 2959/746/2955 2960/746/2956 2971/746/2967 2970/746/2966 
f 2960/746/2956 2961/746/2957 2972/746/2968 2971/746/2967 
f 2961/746/2957 2962/746/2958 2973/746/2969 2972/746/2968 
f 2962/746/2958 2963/746/2959 2974/746/2970 2973/746/2969 
f 2963/746/2959 2964/746/2960 2975/746/2971 2974/746/2970 
f 2964/746/2960 2965/746/2961 2976/746/2972 2975/746/2971 
f 2965/746/2961 2966/1023/2962 2977/1024/2973 2976/746/2972 
f 2158/732/2154 2967/746/2963 2211/746/2207 
f 2967/746/2963 2968/746/2964 2978/746/2974 2211/746/2207 
f 2968/746/2964 2969/746/2965 2979/746/2975 2978/746/2974 
f 2969/746/2965 2970/746/2966 2980/746/2976 2979/746/2975 
f 2970/746/2966 2971/746/2967 2981/746/2977 2980/746/2976 
f 2971/746/2967 2972/746/2968 2982/746/2978 2981/746/2977 
f 2972/746/2968 2973/746/2969 2983/746/2979 2982/746/2978 
f 2973/746/2969 2974/746/2970 2984/746/2980 2983/746/2979 
f 2974/746/2970 2975/746/2971 2985/746/2981 2984/746/2980 
f 2975/746/2971 2976/746/2972 2986/746/2982 2985/746/2981 
f 2976/746/2972 2977/1024/2973 2987/1025/2983 2986/746/2982 
f 2211/746/2207 2978/746/2974 2988/1026/2984 2212/768/2208 
f 2978/746/2974 2979/746/2975 2989/1027/2985 2988/1026/2984 
f 2979/746/2975 2980/746/2976 2990/1028/2986 2989/1027/2985 
f 2980/746/2976 2981/746/2977 2991/1029/2987 2990/1028/2986 
f 2981/746/2977 2982/746/2978 2992/1030/2988 2991/1029/2987 
f 2982/746/2978 2983/746/2979 2993/1031/2989 2992/1030/2988 
f 2983/746/2979 2984/746/2980 2994/1032/2990 2993/1031/2989 
f 2984/746/2980 2985/746/2981 2995/1033/2991 2994/1032/2990 
f 2985/746/2981 2986/746/2982 2251/817/2247 2995/1033/2991 
f 2986/746/2982 2987/1025/2983 2169/739/2165 2251/817/2247 
f 2162/734/2158 2996/1034/2992 2997/753/2993 
f 2996/1034/2992 2998/1035/2994 2999/753/2995 2997/753/2993 
f 2998/1035/2994 3000/1036/2996 3001/753/2997 2999/753/2995 
f 3000/1036/2996 3002/1037/2998 3003/753/2999 3001/753/2997 
f 3002/1037/2998 3004/1038/3000 3005/753/3001 3003/753/2999 
f 3004/1038/3000 3006/1039/3002 3007/753/3003 3005/753/3001 
f 3006/1039/3002 3008/1040/3004 3009/753/3005 3007/753/3003 
f 3008/1040/3004 3010/1041/3006 3011/753/3007 3009/753/3005 
f 3010/1041/3006 3012/1042/3008 3013/753/3009 3011/753/3007 
f 3012/1042/3008 2244/810/2240 3014/753/3010 3013/753/3009 
f 2244/810/2240 2140/721/2136 2243/809/2239 3014/753/3010 
f 2162/734/2158 2997/753/2993 3015/753/3011 
f 2997/753/2993 2999/753/2995 3016/753/3012 3015/753/3011 
f 2999/753/2995 3001/753/2997 3017/753/3013 3016/753/3012 
f 3001/753/2997 3003/753/2999 3018/753/3014 3017/753/3013 
f 3003/753/2999 3005/753/3001 3019/753/3015 3018/753/3014 
f 3005/753/3001 3007/753/3003 3020/753/3016 3019/753/3015 
f 3007/753/3003 3009/753/3005 3021/753/3017 3020/753/3016 
f 3009/753/3005 3011/753/3007 3022/753/3018 3021/753/3017 
f 3011/753/3007 3013/753/3009 3023/753/3019 3022/753/3018 
f 3013/753/3009 3014/753/3010 3024/753/3020 3023/753/3019 
f 3014/753/3010 2243/809/2239 3025/1043/3021 3024/753/3020 
f 2162/734/2158 3015/753/3011 3026/753/3022 
f 3015/753/3011 3016/753/3012 3027/753/3023 3026/753/3022 
f 3016/753/3012 3017/753/3013 3028/753/3024 3027/753/3023 
f 3017/753/3013 3018/753/3014 3029/753/3025 3028/753/3024 
f 3018/753/3014 3019/753/3015 3030/753/3026 3029/753/3025 
f 3019/753/3015 3020/753/3016 3031/753/3027 3030/753/3026 
f 3020/753/3016 3021/753/3017 3032/753/3028 3031/753/3027 
f 3021/753/3017 3022/753/3018 3033/753/3029 3032/753/3028 
f 3022/753/3018 3023/753/3019 3034/753/3030 3033/753/3029 
f 3023/753/3019 3024/753/3020 3035/753/3031 3034/753/3030 
f 3024/753/3020 3025/1043/3021 3036/1044/3032 3035/753/3031 
f 2162/734/2158 3026/753/3022 3037/753/3033 
f 3026/753/3022 3027/753/3023 3038/753/3034 3037/753/3033 
f 3027/753/3023 3028/753/3024 3039/753/3035 3038/753/3034 
f 3028/753/3024 3029/753/3025 3040/753/3036 3039/753/3035 
f 3029/753/3025 3030/753/3026 3041/753/3037 3040/753/3036 
f 3030/753/3026 3031/753/3027 3042/753/3038 3041/753/3037 
f 3031/753/3027 3032/753/3028 3043/753/3039 3042/753/3038 
f 3032/753/3028 3033/753/3029 3044/753/3040 3043/753/3039 
f 3033/753/3029 3034/753/3030 3045/753/3041 3044/753/3040 
f 3034/753/3030 3035/753/3031 3046/753/3042 3045/753/3041 
f 3035/753/3031 3036/1044/3032 3047/1045/3043 3046/753/3042 
f 2162/734/2158 3037/753/3033 3048/753/3044 
f 3037/753/3033 3038/753/3034 3049/753/3045 3048/753/3044 
f 3038/753/3034 3039/753/3035 3050/753/3046 3049/753/3045 
f 3039/753/3035 3040/753/3036 3051/753/3047 3050/753/3046 
f 3040/753/3036 3041/753/3037 3052/753/3048 3051/753/3047 
f 3041/753/3037 3042/753/3038 3053/753/3049 3052/753/3048 
f 3042/753/3038 3043/753/3039 3054/753/3050 3053/753/3049 
f 3043/753/3039 3044/753/3040 3055/753/3051 3054/753/3050 
f 3044/753/3040 3045/753/3041 3056/753/3052 3055/753/3051 
f 3045/753/3041 3046/753/3042 3057/753/3053 3056/753/3052 
f 3046/753/3042 3047/1045/3043 3058/1046/3054 3057/753/3053 
f 2162/734/2158 3048/753/3044 3059/753/3055 
f 3048/753/3044 3049/753/3045 3060/753/3056 3059/753/3055 
f 3049/753/3045 3050/753/3046 3061/753/3057 3060/753/3056 
f 3050/753/3046 3051/753/3047 3062/753/3058 3061/753/3057 
f 3051/753/3047 3052/753/3048 3063/753/3059 3062/753/3058 
f 3052/753/3048 3053/753/3049 3064/753/3060 3063/753/3059 
f 3053/753/3049 3054/753/3050 3065/753/3061 3064/753/3060 
f 3054/753/3050 3055/753/3051 3066/753/3062 3065/753/3061 
f 3055/753/3051 3056/753/3052 3067/753/3063 3066/753/3062 
f 3056/753/3052 3057/753/3053 3068/753/3064 3067/753/3063 
f 3057/753/3053 3058/1046/3054 3069/1047/3065 3068/753/3064 
f 2162/734/2158 3059/753/3055 3070/753/3066 
f 3059/753/3055 3060/753/3056 3071/753/3067 3070/753/3066 
f 3060/753/3056 3061/753/3057 3072/753/3068 3071/753/3067 
f 3061/753/3057 3062/753/3058 3073/753/3069 3072/753/3068 
f 3062/753/3058 3063/753/3059 3074/753/3070 3073/753/3069 
f 3063/753/3059 3064/753/3060 3075/753/3071 3074/753/3070 
f 3064/753/3060 3065/753/3061 3076/753/3072 3075/753/3071 
f 3065/753/3061 3066/753/3062 3077/753/3073 3076/753/3072 
f 3066/753/3062 3067/753/3063 3078/753/3074 3077/753/3073 
f 3067/753/3063 3068/753/3064 3079/753/3075 3078/753/3074 
f 3068/753/3064 3069/1047/3065 3080/1048/3076 3079/753/3075 
f 2162/734/2158 3070/753/3066 3081/753/3077 
f 3070/753/3066 3071/753/3067 3082/753/3078 3081/753/3077 
f 3071/753/3067 3072/753/3068 3083/753/3079 3082/753/3078 
f 3072/753/3068 3073/753/3069 3084/753/3080 3083/753/3079 
f 3073/753/3069 3074/753/3070 3085/753/3081 3084/753/3080 
f 3074/753/3070 3075/753/3071 3086/753/3082 3085/753/3081 
f 3075/753/3071 3076/753/3072 3087/753/3083 3086/753/3082 
f 3076/753/3072 3077/753/3073 3088/753/3084 3087/753/3083 
f 3077/753/3073 3078/753/3074 3089/753/3085 3088/753/3084 
f 3078/753/3074 3079/753/3075 3090/753/3086 3089/753/3085 
f 3079/753/3075 3080/1048/3076 3091/1049/3087 3090/753/3086 
f 2162/734/2158 3081/753/3077 3092/753/3088 
f 3081/753/3077 3082/753/3078 3093/753/3089 3092/753/3088 
f 3082/753/3078 3083/753/3079 3094/753/3090 3093/753/3089 
f 3083/753/3079 3084/753/3080 3095/753/3091 3094/753/3090 
f 3084/753/3080 3085/753/3081 3096/753/3092 3095/753/3091 
f 3085/753/3081 3086/753/3082 3097/753/3093 3096/753/3092 
f 3086/753/3082 3087/753/3083 3098/753/3094 3097/753/3093 
f 3087/753/3083 3088/753/3084 3099/753/3095 3098/753/3094 
f 3088/753/3084 3089/753/3085 3100/753/3096 3099/753/3095 
f 3089/753/3085 3090/753/3086 3101/753/3097 3100/753/3096 
f 3090/753/3086 3091/1049/3087 3102/1050/3098 3101/753/3097 
f 2162/734/2158 3092/753/3088 2213/753/2209 
f 3092/753/3088 3093/753/3089 3103/753/3099 2213/753/2209 
f 3093/753/3089 3094/753/3090 3104/753/3100 3103/753/3099 
f 3094/753/3090 3095/753/3091 3105/753/3101 3104/753/3100 
f 3095/753/3091 3096/753/3092 3106/753/3102 3105/753/3101 
f 3096/753/3092 3097/753/3093 3107/753/3103 3106/753/3102 
f 3097/753/3093 3098/753/3094 3108/753/3104 3107/753/3103 
f 3098/753/3094 3099/753/3095 3109/753/3105 3108/753/3104 
f 3099/753/3095 3100/753/3096 3110/753/3106 3109/753/3105 
f 3100/753/3096 3101/753/3097 3111/753/3107 3110/753/3106 
f 3101/753/3097 3102/1050/3098 3112/1051/3108 3111/753/3107 
f 2213/753/2209 3103/753/3099 3113/857/3109 2214/769/2210 
f 3103/753/3099 3104/753/3100 3114/863/3110 3113/857/3109 
f 3104/753/3100 3105/753/3101 3115/869/3111 3114/863/3110 
f 3105/753/3101 3106/753/3102 3116/751/3112 3115/869/3111 
f 3106/753/3102 3107/753/3103 3117/752/3113 3116/751/3112 
f 3107/753/3103 3108/753/3104 3118/870/3114 3117/752/3113 
f 3108/753/3104 3109/753/3105 3119/864/3115 3118/870/3114 
f 3109/753/3105 3110/753/3106 3120/858/3116 3119/864/3115 
f 3110/753/3106 3111/753/3107 2253/818/2249 3120/858/3116 
f 3111/753/3107 3112/1051/3108 2157/733/2153 2253/818/2249 
f 2166/736/2162 3121/1052/3117 3122/767/3118 
f 3121/1052/3117 3123/1053/3119 3124/767/3120 3122/767/3118 
f 3123/1053/3119 3125/1054/3121 3126/767/3122 3124/767/3120 
f 3125/1054/3121 3127/1055/3123 3128/767/3124 3126/767/3122 
f 3127/1055/3123 3129/1056/3125 3130/767/3126 3128/767/3124 
f 3129/1056/3125 3131/1057/3127 3132/767/3128 3130/767/3126 
f 3131/1057/3127 3133/1058/3129 3134/767/3130 3132/767/3128 
f 3133/1058/3129 3135/1059/3131 3136/767/3132 3134/767/3130 
f 3135/1059/3131 3137/1060/3133 3138/767/3134 3136/767/3132 
f 3137/1060/3133 2246/812/2242 3139/767/3135 3138/767/3134 
f 2246/812/2242 2141/722/2137 2245/811/2241 3139/767/3135 
f 2166/736/2162 3122/767/3118 3140/767/3136 
f 3122/767/3118 3124/767/3120 3141/767/3137 3140/767/3136 
f 3124/767/3120 3126/767/3122 3142/767/3138 3141/767/3137 
f 3126/767/3122 3128/767/3124 3143/767/3139 3142/767/3138 
f 3128/767/3124 3130/767/3126 3144/767/3140 3143/767/3139 
f 3130/767/3126 3132/767/3128 3145/767/3141 3144/767/3140 
f 3132/767/3128 3134/767/3130 3146/767/3142 3145/767/3141 
f 3134/767/3130 3136/767/3132 3147/767/3143 3146/767/3142 
f 3136/767/3132 3138/767/3134 3148/767/3144 3147/767/3143 
f 3138/767/3134 3139/767/3135 3149/767/3145 3148/767/3144 
f 3139/767/3135 2245/811/2241 3150/1061/3146 3149/767/3145 
f 2166/736/2162 3140/767/3136 3151/767/3147 
f 3140/767/3136 3141/767/3137 3152/767/3148 3151/767/3147 
f 3141/767/3137 3142/767/3138 3153/767/3149 3152/767/3148 
f 3142/767/3138 3143/767/3139 3154/767/3150 3153/767/3149 
f 3143/767/3139 3144/767/3140 3155/767/3151 3154/767/3150 
f 3144/767/3140 3145/767/3141 3156/767/3152 3155/767/3151 
f 3145/767/3141 3146/767/3142 3157/767/3153 3156/767/3152 
f 3146/767/3142 3147/767/3143 3158/767/3154 3157/767/3153 
f 3147/767/3143 3148/767/3144 3159/767/3155 3158/767/3154 
f 3148/767/3144 3149/767/3145 3160/767/3156 3159/767/3155 
f 3149/767/3145 3150/1061/3146 3161/1062/3157 3160/767/3156 
f 2166/736/2162 3151/767/3147 3162/767/3158 
f 3151/767/3147 3152/767/3148 3163/767/3159 3162/767/3158 
f 3152/767/3148 3153/767/3149 3164/767/3160 3163/767/3159 
f 3153/767/3149 3154/767/3150 3165/767/3161 3164/767/3160 
f 3154/767/3150 3155/767/3151 3166/767/3162 3165/767/3161 
f 3155/767/3151 3156/767/3152 3167/767/3163 3166/767/3162 
f 3156/767/3152 3157/767/3153 3168/767/3164 3167/767/3163 
f 3157/767/3153 3158/767/3154 3169/767/3165 3168/767/3164 
f 3158/767/3154 3159/767/3155 3170/767/3166 3169/767/3165 
f 3159/767/3155 3160/767/3156 3171/767/3167 3170/767/3166 
f 3160/767/3156 3161/1062/3157 3172/1063/3168 3171/767/3167 
f 2166/736/2162 3162/767/3158 3173/767/3169 
f 3162/767/3158 3163/767/3159 3174/767/3170 3173/767/3169 
f 3163/767/3159 3164/767/3160 3175/767/3171 3174/767/3170 
f 3164/767/3160 3165/767/3161 3176/767/3172 3175/767/3171 
f 3165/767/3161 3166/767/3162 3177/767/3173 3176/767/3172 
f 3166/767/3162 3167/767/3163 3178/767/3174 3177/767/3173 
f 3167/767/3163 3168/767/3164 3179/767/3175 3178/767/3174 
f 3168/767/3164 3169/767/3165 3180/767/3176 3179/767/3175 
f 3169/767/3165 3170/767/3166 3181/767/3177 3180/767/3176 
f 3170/767/3166 3171/767/3167 3182/767/3178 3181/767/3177 
f 3171/767/3167 3172/1063/3168 3183/1064/3179 3182/767/3178 
f 2166/736/2162 3173/767/3169 3184/767/3180 
f 3173/767/3169 3174/767/3170 3185/767/3181 3184/767/3180 
f 3174/767/3170 3175/767/3171 3186/767/3182 3185/767/3181 
f 3175/767/3171 3176/767/3172 3187/767/3183 3186/767/3182 
f 3176/767/3172 3177/767/3173 3188/767/3184 3187/767/3183 
f 3177/767/3173 3178/767/3174 3189/767/3185 3188/767/3184 
f 3178/767/3174 3179/767/3175 3190/767/3186 3189/767/3185 
f 3179/767/3175 3180/767/3176 3191/767/3187 3190/767/3186 
f 3180/767/3176 3181/767/3177 3192/767/3188 3191/767/3187 
f 3181/767/3177 3182/767/3178 3193/767/3189 3192/767/3188 
f 3182/767/3178 3183/1064/3179 3194/1065/3190 3193/767/3189 
f 2166/736/2162 3184/767/3180 3195/767/3191 
f 3184/767/3180 3185/767/3181 3196/767/3192 3195/767/3191 
f 3185/767/3181 3186/767/3182 3197/767/3193 3196/767/3192 
f 3186/767/3182 3187/767/3183 3198/767/3194 3197/767/3193 
f 3187/767/3183 3188/767/3184 3199/767/3195 3198/767/3194 
f 3188/767/3184 3189/767/3185 3200/767/3196 3199/767/3195 
f 3189/767/3185 3190/767/3186 3201/767/3197 3200/767/3196 
f 3190/767/3186 3191/767/3187 3202/767/3198 3201/767/3197 
f 3191/767/3187 3192/767/3188 3203/767/3199 3202/767/3198 
f 3192/767/3188 3193/767/3189 3204/767/3200 3203/767/3199 
f 3193/767/3189 3194/1065/3190 3205/1066/3201 3204/767/3200 
f 2166/736/2162 3195/767/3191 3206/767/3202 
f 3195/767/3191 3196/767/3192 3207/767/3203 3206/767/3202 
f 3196/767/3192 3197/767/3193 3208/767/3204 3207/767/3203 
f 3197/767/3193 3198/767/3194 3209/767/3205 3208/767/3204 
f 3198/767/3194 3199/767/3195 3210/767/3206 3209/767/3205 
f 3199/767/3195 3200/767/3196 3211/767/3207 3210/767/3206 
f 3200/767/3196 3201/767/3197 3212/767/3208 3211/767/3207 
f 3201/767/3197 3202/767/3198 3213/767/3209 3212/767/3208 
f 3202/767/3198 3203/767/3199 3214/767/3210 3213/767/3209 
f 3203/767/3199 3204/767/3200 3215/767/3211 3214/767/3210 
f 3204/767/3200 3205/1066/3201 3216/1067/3212 3215/767/3211 
f 2166/736/2162 3206/767/3202 3217/767/3213 
f 3206/767/3202 3207/767/3203 3218/767/3214 3217/767/3213 
f 3207/767/3203 3208/767/3204 3219/767/3215 3218/767/3214 
f 3208/767/3204 3209/767/3205 3220/767/3216 3219/767/3215 
f 3209/767/3205 3210/767/3206 3221/767/3217 3220/767/3216 
f 3210/767/3206 3211/767/3207 3222/767/3218 3221/767/3217 
f 3211/767/3207 3212/767/3208 3223/767/3219 3222/767/3218 
f 3212/767/3208 3213/767/3209 3224/767/3220 3223/767/3219 
f 3213/767/3209 3214/767/3210 3225/767/3221 3224/767/3220 
f 3214/767/3210 3215/767/3211 3226/767/3222 3225/767/3221 
f 3215/767/3211 3216/1067/3212 3227/1068/3223 3226/767/3222 
f 2166/736/2162 3217/767/3213 2215/767/2211 
f 3217/767/3213 3218/767/3214 3228/767/3224 2215/767/2211 
f 3218/767/3214 3219/767/3215 3229/767/3225 3228/767/3224 
f 3219/767/3215 3220/767/3216 3230/767/3226 3229/767/3225 
f 3220/767/3216 3221/767/3217 3231/767/3227 3230/767/3226 
f 3221/767/3217 3222/767/3218 3232/767/3228 3231/767/3227 
f 3222/767/3218 3223/767/3219 3233/767/3229 3232/767/3228 
f 3223/767/3219 3224/767/3220 3234/767/3230 3233/767/3229 
f 3224/767/3220 3225/767/3221 3235/767/3231 3234/767/3230 
f 3225/767/3221 3226/767/3222 3236/767/3232 3235/767/3231 
f 3226/767/3222 3227/1068/3223 3237/1069/3233 3236/767/3232 
f 2215/767/2211 3228/767/3224 3238/950/3234 2216/770/2212 
f 3228/767/3224 3229/767/3225 3239/956/3235 3238/950/3234 
f 3229/767/3225 3230/767/3226 3240/962/3236 3239/956/3235 
f 3230/767/3226 3231/767/3227 3241/765/3237 3240/962/3236 
f 3231/767/3227 3232/767/3228 3242/766/3238 3241/765/3237 
f 3232/767/3228 3233/767/3229 3243/963/3239 3242/766/3238 
f 3233/767/3229 3234/767/3230 3244/957/3240 3243/963/3239 
f 3234/767/3230 3235/767/3231 3245/951/3241 3244/957/3240 
f 3235/767/3231 3236/767/3232 2255/819/2251 3245/951/3241 
f 3236/767/3232 3237/1069/3233 2161/735/2157 2255/819/2251 
f 2170/738/2166 3246/1070/3242 3247/754/3243 
f 3246/1070/3242 3248/1071/3244 3249/754/3245 3247/754/3243 
f 3248/1071/3244 3250/1072/3246 3251/754/3247 3249/754/3245 
f 3250/1072/3246 3252/1073/3248 3253/754/3249 3251/754/3247 
f 3252/1073/3248 3254/1074/3250 3255/754/3251 3253/754/3249 
f 3254/1074/3250 3256/1075/3252 3257/754/3253 3255/754/3251 
f 3256/1075/3252 3258/1076/3254 3259/754/3255 3257/754/3253 
f 3258/1076/3254 3260/1077/3256 3261/754/3257 3259/754/3255 
f 3260/1077/3256 3262/1078/3258 3263/754/3259 3261/754/3257 
f 3262/1078/3258 2248/814/2244 3264/754/3260 3263/754/3259 
f 2248/814/2244 2142/723/2138 2247/813/2243 3264/754/3260 
f 2170/738/2166 3247/754/3243 3265/754/3261 
f 3247/754/3243 3249/754/3245 3266/754/3262 3265/754/3261 
f 3249/754/3245 3251/754/3247 3267/754/3263 3266/754/3262 
f 3251/754/3247 3253/754/3249 3268/754/3264 3267/754/3263 
f 3253/754/3249 3255/754/3251 3269/754/3265 3268/754/3264 
f 3255/754/3251 3257/754/3253 3270/754/3266 3269/754/3265 
f 3257/754/3253 3259/754/3255 3271/754/3267 3270/754/3266 
f 3259/754/3255 3261/754/3257 3272/754/3268 3271/754/3267 
f 3261/754/3257 3263/754/3259 3273/754/3269 3272/754/3268 
f 3263/754/3259 3264/754/3260 3274/754/3270 3273/754/3269 
f 3264/754/3260 2247/813/2243 3275/1079/3271 3274/754/3270 
f 2170/738/2166 3265/754/3261 3276/754/3272 
f 3265/754/3261 3266/754/3262 3277/754/3273 3276/754/3272 
f 3266/754/3262 3267/754/3263 3278/754/3274 3277/754/3273 
f 3267/754/3263 3268/754/3264 3279/754/3275 3278/754/3274 
f 3268/754/3264 3269/754/3265 3280/754/3276 3279/754/3275 
f 3269/754/3265 3270/754/3266 3281/754/3277 3280/754/3276 
f 3270/754/3266 3271/754/3267 3282/754/3278 3281/754/3277 
f 3271/754/3267 3272/754/3268 3283/754/3279 3282/754/3278 
f 3272/754/3268 3273/754/3269 3284/754/3280 3283/754/3279 
f 3273/754/3269 3274/754/3270 3285/754/3281 3284/754/3280 
f 3274/754/3270 3275/1079/3271 3286/1080/3282 3285/754/3281 
f 2170/738/2166 3276/754/3272 3287/754/3283 
f 3276/754/3272 3277/754/3273 3288/754/3284 3287/754/3283 
f 3277/754/3273 3278/754/3274 3289/754/3285 3288/754/3284 
f 3278/754/3274 3279/754/3275 3290/754/3286 3289/754/3285 
f 3279/754/3275 3280/754/3276 3291/754/3287 3290/754/3286 
f 3280/754/3276 3281/754/3277 3292/754/3288 3291/754/3287 
f 3281/754/3277 3282/754/3278 3293/754/3289 3292/754/3288 
f 3282/754/3278 3283/754/3279 3294/754/3290 3293/754/3289 
f 3283/754/3279 3284/754/3280 3295/754/3291 3294/754/3290 
f 3284/754/3280 3285/754/3281 3296/754/3292 3295/754/3291 
f 3285/754/3281 3286/1080/3282 3297/1081/3293 3296/754/3292 
f 2170/738/2166 3287/754/3283 3298/754/3294 
f 3287/754/3283 3288/754/3284 3299/754/3295 3298/754/3294 
f 3288/754/3284 3289/754/3285 3300/754/3296 3299/754/3295 
f 3289/754/3285 3290/754/3286 3301/754/3297 3300/754/3296 
f 3290/754/3286 3291/754/3287 3302/754/3298 3301/754/3297 
f 3291/754/3287 3292/754/3288 3303/754/3299 3302/754/3298 
f 3292/754/3288 3293/754/3289 3304/754/3300 3303/754/3299 
f 3293/754/3289 3294/754/3290 3305/754/3301 3304/754/3300 
f 3294/754/3290 3295/754/3291 3306/754/3302 3305/754/3301 
f 3295/754/3291 3296/754/3292 3307/754/3303 3306/754/3302 
f 3296/754/3292 3297/1081/3293 3308/1082/3304 3307/754/3303 
f 2170/738/2166 3298/754/3294 3309/754/3305 
f 3298/754/3294 3299/754/3295 3310/754/3306 3309/754/3305 
f 3299/754/3295 3300/754/3296 3311/754/3307 3310/754/3306 
f 3300/754/3296 3301/754/3297 3312/754/3308 3311/754/3307 
f 3301/754/3297 3302/754/3298 3313/754/3309 3312/754/3308 
f 3302/754/3298 3303/754/3299 3314/754/3310 3313/754/3309 
f 3303/754/3299 3304/754/3300 3315/754/3311 3314/754/3310 
f 3304/754/3300 3305/754/3301 3316/754/3312 3315/754/3311 
f 3305/754/3301 3306/754/3302 3317/754/3313 3316/754/3312 
f 3306/754/3302 3307/754/3303 3318/754/3314 3317/754/3313 
f 3307/754/3303 3308/1082/3304 3319/1083/3315 3318/754/3314 
f 2170/738/2166 3309/754/3305 3320/754/3316 
f 3309/754/3305 3310/754/3306 3321/754/3317 3320/754/3316 
f 3310/754/3306 3311/754/3307 3322/754/3318 3321/754/3317 
f 3311/754/3307 3312/754/3308 3323/754/3319 3322/754/3318 
f 3312/754/3308 3313/754/3309 3324/754/3320 3323/754/3319 
f 3313/754/3309 3314/754/3310 3325/754/3321 3324/754/3320 
f 3314/754/3310 3315/754/3311 3326/754/3322 3325/754/3321 
f 3315/754/3311 3316/754/3312 3327/754/3323 3326/754/3322 
f 3316/754/3312 3317/754/3313 3328/754/3324 3327/754/3323 
f 3317/754/3313 3318/754/3314 3329/754/3325 3328/754/3324 
f 3318/754/3314 3319/1083/3315 3330/1084/3326 3329/754/3325 
f 2170/738/2166 3320/754/3316 3331/754/3327 
f 3320/754/3316 3321/754/3317 3332/754/3328 3331/754/3327 
f 3321/754/3317 3322/754/3318 3333/754/3329 3332/754/3328 
f 3322/754/3318 3323/754/3319 3334/754/3330 3333/754/3329 
f 3323/754/3319 3324/754/3320 3335/754/3331 3334/754/3330 
f 3324/754/3320 3325/754/3321 3336/754/3332 3335/754/3331 
f 3325/754/3321 3326/754/3322 3337/754/3333 3336/754/3332 
f 3326/754/3322 3327/754/3323 3338/754/3334 3337/754/3333 
f 3327/754/3323 3328/754/3324 3339/754/3335 3338/754/3334 
f 3328/754/3324 3329/754/3325 3340/754/3336 3339/754/3335 
f 3329/754/3325 3330/1084/3326 3341/1085/3337 3340/754/3336 
f 2170/738/2166 3331/754/3327 3342/754/3338 
f 3331/754/3327 3332/754/3328 3343/754/3339 3342/754/3338 
f 3332/754/3328 3333/754/3329 3344/754/3340 3343/754/3339 
f 3333/754/3329 3334/754/3330 3345/754/3341 3344/754/3340 
f 3334/754/3330 3335/754/3331 3346/754/3342 3345/754/3341 
f 3335/754/3331 3336/754/3332 3347/754/3343 3346/754/3342 
f 3336/754/3332 3337/754/3333 3348/754/3344 3347/754/3343 
f 3337/754/3333 3338/754/3334 3349/754/3345 3348/754/3344 
f 3338/754/3334 3339/754/3335 3350/754/3346 3349/754/3345 
f 3339/754/3335 3340/754/3336 3351/754/3347 3350/754/3346 
f 3340/754/3336 3341/1085/3337 3352/1086/3348 3351/754/3347 
f 2170/738/2166 3342/754/3338 2217/754/2213 
f 3342/754/3338 3343/754/3339 3353/754/3349 2217/754/2213 
f 3343/754/3339 3344/754/3340 3354/754/3350 3353/754/3349 
f 3344/754/3340 3345/754/3341 3355/754/3351 3354/754/3350 
f 3345/754/3341 3346/754/3342 3356/754/3352 3355/754/3351 
f 3346/754/3342 3347/754/3343 3357/754/3353 3356/754/3352 
f 3347/754/3343 3348/754/3344 3358/754/3354 3357/754/3353 
f 3348/754/3344 3349/754/3345 3359/754/3355 3358/754/3354 
f 3349/754/3345 3350/754/3346 3360/754/3356 3359/754/3355 
f 3350/754/3346 3351/754/3347 3361/754/3357 3360/754/3356 
f 3351/754/3347 3352/1086/3348 3362/1087/3358 3361/754/3357 
f 2217/754/2213 3353/754/3349 3363/1088/3359 2218/771/2214 
f 3353/754/3349 3354/754/3350 3364/1089/3360 3363/1088/3359 
f 3354/754/3350 3355/754/3351 3365/1090/3361 3364/1089/3360 
f 3355/754/3351 3356/754/3352 3366/1091/3362 3365/1090/3361 
f 3356/754/3352 3357/754/3353 3367/1092/3363 3366/1091/3362 
f 3357/754/3353 3358/754/3354 3368/1093/3364 3367/1092/3363 
f 3358/754/3354 3359/754/3355 3369/1094/3365 3368/1093/3364 
f 3359/754/3355 3360/754/3356 3370/1095/3366 3369/1094/3365 
f 3360/754/3356 3361/754/3357 2257/821/2253 3370/1095/3366 
f 3361/754/3357 3362/1087/3358 2165/737/2161 2257/821/2253 
f 2219/773/2215 2268/1096/2264 2438/1097/2434 2220/774/2216 
f 2268/1096/2264 2276/1098/2272 2437/1099/2433 2438/1097/2434 
f 2276/1098/2272 2284/1100/2280 2436/1101/2432 2437/1099/2433 
f 2284/1100/2280 2176/1102/2172 2435/1103/2431 2436/1101/2432 
f 2176/1102/2172 2175/1104/2171 2434/1105/2430 2435/1103/2431 
f 2175/1104/2171 2283/1106/2279 2433/1107/2429 2434/1105/2430 
f 2283/1106/2279 2275/1108/2271 2432/1109/2428 2433/1107/2429 
f 2275/1108/2271 2267/1110/2263 2431/1111/2427 2432/1109/2428 
f 2267/1110/2263 2260/1112/2256 2188/1113/2184 2431/1111/2427 
f 2260/1112/2256 2152/725/2148 2151/724/2147 2188/1113/2184 
f 2221/777/2217 2421/1114/2417 2440/1115/2436 2222/778/2218 
f 2421/1114/2417 2410/1116/2406 2442/1117/2438 2440/1115/2436 
f 2410/1116/2406 2399/1118/2395 2444/1119/2440 2442/1117/2438 
f 2399/1118/2395 2388/1120/2384 2446/1121/2442 2444/1119/2440 
f 2388/1120/2384 2377/1122/2373 2448/1123/2444 2446/1121/2442 
f 2377/1122/2373 2366/1124/2362 2450/1125/2446 2448/1123/2444 
f 2366/1124/2362 2355/1126/2351 2452/1127/2448 2450/1125/2446 
f 2355/1126/2351 2344/1128/2340 2454/1129/2450 2452/1127/2448 
f 2344/1128/2340 2333/1130/2329 2456/1131/2452 2454/1129/2450 
f 2333/1130/2329 2148/729/2144 2147/728/2143 2456/1131/2452 
f 2190/773/2186 2556/1096/2552 2291/1097/2287 2223/774/2219 
f 2556/1096/2552 2557/1098/2553 2299/1099/2295 2291/1097/2287 
f 2557/1098/2553 2558/1100/2554 2307/1101/2303 2299/1099/2295 
f 2558/1100/2554 2559/1102/2555 2179/1103/2175 2307/1101/2303 
f 2559/1102/2555 2560/1104/2556 2180/1105/2176 2179/1103/2175 
f 2560/1104/2556 2561/1106/2557 2308/1107/2304 2180/1105/2176 
f 2561/1106/2557 2562/1108/2558 2300/1109/2296 2308/1107/2304 
f 2562/1108/2558 2563/1110/2559 2292/1111/2288 2300/1109/2296 
f 2563/1110/2559 2564/1112/2560 2287/1113/2283 2292/1111/2288 
f 2564/1112/2560 2144/725/2140 2143/724/2139 2287/1113/2283 
f 2224/781/2220 2262/1132/2258 2297/1133/2293 2225/782/2221 
f 2262/1132/2258 2270/1134/2266 2305/1135/2301 2297/1133/2293 
f 2270/1134/2266 2278/1136/2274 2313/1137/2309 2305/1135/2301 
f 2278/1136/2274 2178/1138/2174 2185/1139/2181 2313/1137/2309 
f 2178/1138/2174 2177/1140/2173 2186/1141/2182 2185/1139/2181 
f 2177/1140/2173 2285/1142/2281 2306/1143/2302 2186/1141/2182 
f 2285/1142/2281 2277/1144/2273 2298/1145/2294 2306/1143/2302 
f 2277/1144/2273 2269/1146/2265 2290/1147/2286 2298/1145/2294 
f 2269/1146/2265 2261/1148/2257 2286/1149/2282 2290/1147/2286 
f 2261/1148/2257 2131/716/2127 2134/719/2130 2286/1149/2282 
f 2226/781/2222 2601/1132/2597 2572/1133/2568 2227/782/2223 
f 2601/1132/2597 2609/1134/2605 2580/1135/2576 2572/1133/2568 
f 2609/1134/2605 2617/1136/2613 2588/1137/2584 2580/1135/2576 
f 2617/1136/2613 2202/1138/2198 2193/1139/2189 2588/1137/2584 
f 2202/1138/2198 2201/1140/2197 2194/1141/2190 2193/1139/2189 
f 2201/1140/2197 2616/1142/2612 2589/1143/2585 2194/1141/2190 
f 2616/1142/2612 2608/1144/2604 2581/1145/2577 2589/1143/2585 
f 2608/1144/2604 2600/1146/2596 2573/1147/2569 2581/1145/2577 
f 2600/1146/2596 2595/1148/2591 2566/1149/2562 2573/1147/2569 
f 2595/1148/2591 2136/716/2132 2135/719/2131 2566/1149/2562 
f 2228/785/2224 2599/1150/2595 2775/1151/2771 2229/786/2225 
f 2599/1150/2595 2607/1152/2603 2786/1153/2782 2775/1151/2771 
f 2607/1152/2603 2615/1154/2611 2797/1155/2793 2786/1153/2782 
f 2615/1154/2611 2200/1156/2196 2808/1157/2804 2797/1155/2793 
f 2200/1156/2196 2199/1158/2195 2819/1159/2815 2808/1157/2804 
f 2199/1158/2195 2614/1160/2610 2830/1161/2826 2819/1159/2815 
f 2614/1160/2610 2606/1162/2602 2841/1163/2837 2830/1161/2826 
f 2606/1162/2602 2598/1164/2594 2852/1165/2848 2841/1163/2837 
f 2598/1164/2594 2594/1166/2590 2862/1167/2858 2852/1165/2848 
f 2594/1166/2590 2146/727/2142 2145/726/2141 2862/1167/2858 
f 2230/789/2226 2762/1168/2758 2650/1169/2646 2231/790/2227 
f 2762/1168/2758 2760/1170/2756 2661/1171/2657 2650/1169/2646 
f 2760/1170/2756 2758/1172/2754 2672/1173/2668 2661/1171/2657 
f 2758/1172/2754 2756/1174/2752 2683/1175/2679 2672/1173/2668 
f 2756/1174/2752 2754/1176/2750 2694/1177/2690 2683/1175/2679 
f 2754/1176/2750 2752/1178/2748 2705/1179/2701 2694/1177/2690 
f 2752/1178/2748 2750/1180/2746 2716/1181/2712 2705/1179/2701 
f 2750/1180/2746 2748/1182/2744 2727/1183/2723 2716/1181/2712 
f 2748/1182/2744 2746/1184/2742 2737/1185/2733 2727/1183/2723 
f 2746/1184/2742 2150/731/2146 2149/730/2145 2737/1185/2733 
f 2232/785/2228 2637/1150/2633 2574/1151/2570 2233/786/2229 
f 2637/1150/2633 2635/1152/2631 2582/1153/2578 2574/1151/2570 
f 2635/1152/2631 2633/1154/2629 2590/1155/2586 2582/1153/2578 
f 2633/1154/2629 2631/1156/2627 2195/1157/2191 2590/1155/2586 
f 2631/1156/2627 2629/1158/2625 2196/1159/2192 2195/1157/2191 
f 2629/1158/2625 2627/1160/2623 2591/1161/2587 2196/1159/2192 
f 2627/1160/2623 2625/1162/2621 2583/1163/2579 2591/1161/2587 
f 2625/1162/2621 2623/1164/2619 2575/1165/2571 2583/1163/2579 
f 2623/1164/2619 2621/1166/2617 2567/1167/2563 2575/1165/2571 
f 2621/1166/2617 2154/727/2150 2153/726/2149 2567/1167/2563 
f 2234/793/2230 2294/1186/2290 2604/1187/2600 2235/794/2231 
f 2294/1186/2290 2302/1188/2298 2612/1189/2608 2604/1187/2600 
f 2302/1188/2298 2310/1190/2306 2620/1191/2616 2612/1189/2608 
f 2310/1190/2306 2182/1192/2178 2205/1193/2201 2620/1191/2616 
f 2182/1192/2178 2181/1194/2177 2206/1195/2202 2205/1193/2201 
f 2181/1194/2177 2309/1196/2305 2613/1197/2609 2206/1195/2202 
f 2309/1196/2305 2301/1198/2297 2605/1199/2601 2613/1197/2609 
f 2301/1198/2297 2293/1200/2289 2597/1201/2593 2605/1199/2601 
f 2293/1200/2289 2288/1202/2284 2593/1203/2589 2597/1201/2593 
f 2288/1202/2284 2143/724/2139 2146/727/2142 2593/1203/2589 
f 2236/797/2232 2569/1204/2565 2265/1205/2261 2237/798/2233 
f 2569/1204/2565 2577/1206/2573 2273/1207/2269 2265/1205/2261 
f 2577/1206/2573 2585/1208/2581 2281/1209/2277 2273/1207/2269 
f 2585/1208/2581 2198/1210/2194 2173/1211/2169 2281/1209/2277 
f 2198/1210/2194 2197/1212/2193 2174/1213/2170 2173/1211/2169 
f 2197/1212/2193 2592/1214/2588 2282/1215/2278 2174/1213/2170 
f 2592/1214/2588 2584/1216/2580 2274/1217/2270 2282/1215/2278 
f 2584/1216/2580 2576/1218/2572 2266/1219/2262 2274/1217/2270 
f 2576/1218/2572 2568/1220/2564 2259/1221/2255 2266/1219/2262 
f 2568/1220/2564 2153/726/2149 2152/725/2148 2259/1221/2255 
f 2238/801/2234 2546/1222/2542 2870/1223/2866 2239/802/2235 
f 2546/1222/2542 2535/1224/2531 2869/1225/2865 2870/1223/2866 
f 2535/1224/2531 2524/1226/2520 2868/1227/2864 2869/1225/2865 
f 2524/1226/2520 2513/1228/2509 2867/1229/2863 2868/1227/2864 
f 2513/1228/2509 2502/1230/2498 2866/1231/2862 2867/1229/2863 
f 2502/1230/2498 2491/1232/2487 2865/1233/2861 2866/1231/2862 
f 2491/1232/2487 2480/1234/2476 2864/1235/2860 2865/1233/2861 
f 2480/1234/2476 2469/1236/2465 2863/1237/2859 2864/1235/2860 
f 2469/1236/2465 2458/1238/2454 2210/1239/2206 2863/1237/2859 
f 2458/1238/2454 2147/728/2143 2150/731/2146 2210/1239/2206 
f 2240/805/2236 2330/1240/2326 2745/1241/2741 2241/806/2237 
f 2330/1240/2326 2328/1242/2324 2744/1243/2740 2745/1241/2741 
f 2328/1242/2324 2326/1244/2322 2743/1245/2739 2744/1243/2740 
f 2326/1244/2322 2324/1246/2320 2742/1247/2738 2743/1245/2739 
f 2324/1246/2320 2322/1248/2318 2741/1249/2737 2742/1247/2738 
f 2322/1248/2318 2320/1250/2316 2740/1251/2736 2741/1249/2737 
f 2320/1250/2316 2318/1252/2314 2739/1253/2735 2740/1251/2736 
f 2318/1252/2314 2316/1254/2312 2738/1255/2734 2739/1253/2735 
f 2316/1254/2312 2314/1256/2310 2208/1257/2204 2738/1255/2734 
f 2314/1256/2310 2151/724/2147 2154/727/2150 2208/1257/2204 
f 2242/808/2238 2887/1016/2883 3025/1043/3021 2243/809/2239 
f 2887/1016/2883 2885/1015/2881 3036/1044/3032 3025/1043/3021 
f 2885/1015/2881 2883/1014/2879 3047/1045/3043 3036/1044/3032 
f 2883/1014/2879 2881/1013/2877 3058/1046/3054 3047/1045/3043 
f 2881/1013/2877 2879/1012/2875 3069/1047/3065 3058/1046/3054 
f 2879/1012/2875 2877/1011/2873 3080/1048/3076 3069/1047/3065 
f 2877/1011/2873 2875/1010/2871 3091/1049/3087 3080/1048/3076 
f 2875/1010/2871 2873/1009/2869 3102/1050/3098 3091/1049/3087 
f 2873/1009/2869 2871/1008/2867 3112/1051/3108 3102/1050/3098 
f 2871/1008/2867 2158/732/2154 2157/733/2153 3112/1051/3108 
f 2244/810/2240 3012/1042/3008 3150/1061/3146 2245/811/2241 
f 3012/1042/3008 3010/1041/3006 3161/1062/3157 3150/1061/3146 
f 3010/1041/3006 3008/1040/3004 3172/1063/3168 3161/1062/3157 
f 3008/1040/3004 3006/1039/3002 3183/1064/3179 3172/1063/3168 
f 3006/1039/3002 3004/1038/3000 3194/1065/3190 3183/1064/3179 
f 3004/1038/3000 3002/1037/2998 3205/1066/3201 3194/1065/3190 
f 3002/1037/2998 3000/1036/2996 3216/1067/3212 3205/1066/3201 
f 3000/1036/2996 2998/1035/2994 3227/1068/3223 3216/1067/3212 
f 2998/1035/2994 2996/1034/2992 3237/1069/3233 3227/1068/3223 
f 2996/1034/2992 2162/734/2158 2161/735/2157 3237/1069/3233 
f 2246/812/2242 3137/1060/3133 3275/1079/3271 2247/813/2243 
f 3137/1060/3133 3135/1059/3131 3286/1080/3282 3275/1079/3271 
f 3135/1059/3131 3133/1058/3129 3297/1081/3293 3286/1080/3282 
f 3133/1058/3129 3131/1057/3127 3308/1082/3304 3297/1081/3293 
f 3131/1057/3127 3129/1056/3125 3319/1083/3315 3308/1082/3304 
f 3129/1056/3125 3127/1055/3123 3330/1084/3326 3319/1083/3315 
f 3127/1055/3123 3125/1054/3121 3341/1085/3337 3330/1084/3326 
f 3125/1054/3121 3123/1053/3119 3352/1086/3348 3341/1085/3337 
f 3123/1053/3119 3121/1052/3117 3362/1087/3358 3352/1086/3348 
f 3121/1052/3117 2166/736/2162 2165/737/2161 3362/1087/3358 
f 2248/814/2244 3262/1078/3258 2900/1017/2896 2249/815/2245 
f 3262/1078/3258 3260/1077/3256 2911/1018/2907 2900/1017/2896 
f 3260/1077/3256 3258/1076/3254 2922/1019/2918 2911/1018/2907 
f 3258/1076/3254 3256/1075/3252 2933/1020/2929 2922/1019/2918 
f 3256/1075/3252 3254/1074/3250 2944/1021/2940 2933/1020/2929 
f 3254/1074/3250 3252/1073/3248 2955/1022/2951 2944/1021/2940 
f 3252/1073/3248 3250/1072/3246 2966/1023/2962 2955/1022/2951 
f 3250/1072/3246 3248/1071/3244 2977/1024/2973 2966/1023/2962 
f 3248/1071/3244 3246/1070/3242 2987/1025/2983 2977/1024/2973 
f 3246/1070/3242 2170/738/2166 2169/739/2165 2987/1025/2983 
f 2250/816/2246 2264/830/2260 2995/1033/2991 2251/817/2247 
f 2264/830/2260 2272/836/2268 2994/1032/2990 2995/1033/2991 
f 2272/836/2268 2280/842/2276 2993/1031/2989 2994/1032/2990 
f 2280/842/2276 2172/741/2168 2992/1030/2988 2993/1031/2989 
f 2172/741/2168 2171/740/2167 2991/1029/2987 2992/1030/2988 
f 2171/740/2167 2279/841/2275 2990/1028/2986 2991/1029/2987 
f 2279/841/2275 2271/835/2267 2989/1027/2985 2990/1028/2986 
f 2271/835/2267 2263/829/2259 2988/1026/2984 2989/1027/2985 
f 2263/829/2259 2258/822/2254 2212/768/2208 2988/1026/2984 
f 2258/822/2254 2155/732/2151 2158/732/2154 2212/768/2208 
f 2252/818/2248 2296/858/2292 3120/858/3116 2253/818/2249 
f 2296/858/2292 2304/864/2300 3119/864/3115 3120/858/3116 
f 2304/864/2300 2312/870/2308 3118/870/3114 3119/864/3115 
f 2312/870/2308 2184/752/2180 3117/752/3113 3118/870/3114 
f 2184/752/2180 2183/751/2179 3116/751/3112 3117/752/3113 
f 2183/751/2179 2311/869/2307 3115/869/3111 3116/751/3112 
f 2311/869/2307 2303/863/2299 3114/863/3110 3115/869/3111 
f 2303/863/2299 2295/857/2291 3113/857/3109 3114/863/3110 
f 2295/857/2291 2289/769/2285 2214/769/2210 3113/857/3109 
f 2289/769/2285 2159/734/2155 2162/734/2158 2214/769/2210 
f 2254/819/2250 2603/951/2599 3245/951/3241 2255/819/2251 
f 2603/951/2599 2611/957/2607 3244/957/3240 3245/951/3241 
f 2611/957/2607 2619/963/2615 3243/963/3239 3244/957/3240 
f 2619/963/2615 2204/766/2200 3242/766/3238 3243/963/3239 
f 2204/766/2200 2203/765/2199 3241/765/3237 3242/766/3238 
f 2203/765/2199 2618/962/2614 3240/962/3236 3241/765/3237 
f 2618/962/2614 2610/956/2606 3239/956/3235 3240/962/3236 
f 2610/956/2606 2602/950/2598 3238/950/3234 3239/956/3235 
f 2602/950/2598 2596/770/2592 2216/770/2212 3238/950/3234 
f 2596/770/2592 2163/736/2159 2166/736/2162 2216/770/2212 
f 2256/820/2252 2571/923/2567 3370/1095/3366 2257/821/2253 
f 2571/923/2567 2579/929/2575 3369/1094/3365 3370/1095/3366 
f 2579/929/2575 2587/935/2583 3368/1093/3364 3369/1094/3365 
f 2587/935/2583 2192/756/2188 3367/1092/3363 3368/1093/3364 
f 2192/756/2188 2191/755/2187 3366/1091/3362 3367/1092/3363 
f 2191/755/2187 2586/934/2582 3365/1090/3361 3366/1091/3362 
f 2586/934/2582 2578/928/2574 3364/1089/3360 3365/1090/3361 
f 2578/928/2574 2570/922/2566 3363/1088/3359 3364/1089/3360 
f 2570/922/2566 2565/915/2561 2218/771/2214 3363/1088/3359 
f 2565/915/2561 2167/738/2163 2170/738/2166 2218/771/2214 
# 1178 polygons - 104 triangles

#
# object Box012
#

v  -2.0475 58.9945 3.0465
v  -2.1848 58.9945 3.0257
v  -2.3037 58.9945 2.9634
v  -2.4044 58.9945 2.8595
v  -2.4867 58.9945 2.7141
v  -2.5508 58.9945 2.5272
v  -2.5965 58.9945 2.2987
v  -2.6240 58.9945 2.0287
v  -2.6331 58.9945 1.7171
v  -2.6331 58.9945 -0.3379
v  -2.6240 58.9945 -0.6495
v  -2.5965 58.9945 -0.9195
v  -2.5508 58.9945 -1.1480
v  -2.4867 58.9945 -1.3349
v  -2.4044 58.9945 -1.4803
v  -2.3037 58.9945 -1.5841
v  -2.1848 58.9945 -1.6465
v  -2.0475 58.9945 -1.6672
v  2.7014 58.9945 -1.6672
v  2.8386 58.9945 -1.6465
v  2.9576 58.9945 -1.5841
v  3.0582 58.9945 -1.4803
v  3.1406 58.9945 -1.3349
v  3.2046 58.9945 -1.1480
v  3.2504 58.9945 -0.9195
v  3.2778 58.9945 -0.6495
v  3.2870 58.9945 -0.3379
v  3.2870 58.9945 1.7171
v  3.2778 58.9945 2.0287
v  3.2504 58.9945 2.2987
v  3.2046 58.9945 2.5272
v  3.1406 58.9945 2.7141
v  3.0582 58.9945 2.8595
v  2.9576 58.9945 2.9634
v  2.8386 58.9945 3.0257
v  2.7014 58.9945 3.0465
v  -2.0475 59.2112 1.7171
v  2.7014 59.2112 2.9280
v  2.7014 59.2112 0.8730
v  -2.0475 59.2112 -0.3379
v  2.7014 59.2085 3.0465
v  -2.0475 59.2085 3.0465
v  3.2870 59.2085 -0.3379
v  3.2870 59.2085 1.7171
v  -2.0475 59.2085 -1.6672
v  2.7014 59.2085 -1.6672
v  -2.6331 59.2085 1.7171
v  -2.6331 59.2085 -0.3379
v  -2.1827 59.2086 3.0257
v  -2.1848 59.2085 3.0257
v  3.2778 59.2086 2.0238
v  3.2778 59.2085 2.0287
v  -2.6240 59.2086 -0.6446
v  -2.6240 59.2085 -0.6495
v  2.8365 59.2086 -1.6465
v  2.8386 59.2085 -1.6465
v  -2.0475 59.2111 2.0287
v  2.7014 59.2111 2.0287
v  2.8386 59.2111 1.7171
v  2.8386 59.2111 -0.3379
v  2.7014 59.2111 -0.6495
v  -2.0475 59.2111 -0.6495
v  -2.1848 59.2111 -0.3379
v  -2.1848 59.2111 1.7171
v  2.8386 59.2085 3.0257
v  3.2778 59.2085 -0.6495
v  -2.1848 59.2085 -1.6465
v  -2.0475 59.2091 3.0257
v  -2.0797 59.2091 3.0257
v  -2.0475 59.2097 2.9634
v  -2.1076 59.2096 2.9634
v  -2.0475 59.2101 2.8595
v  -2.1312 59.2101 2.8595
v  -2.0475 59.2105 2.7141
v  -2.1505 59.2105 2.7141
v  -2.0475 59.2108 2.5272
v  -2.1655 59.2107 2.5272
v  -2.0475 59.2110 2.2987
v  -2.1762 59.2110 2.2987
v  -2.1827 59.2111 2.0287
v  -2.1076 59.2091 3.0257
v  -2.1596 59.2096 2.9634
v  -2.2037 59.2100 2.8595
v  -2.2397 59.2104 2.7141
v  -2.2677 59.2106 2.5272
v  -2.2877 59.2108 2.2987
v  -2.2997 59.2110 2.0287
v  -2.3037 59.2110 1.7171
v  -2.1312 59.2090 3.0257
v  -2.2037 59.2095 2.9634
v  -2.2650 59.2099 2.8595
v  -2.3152 59.2102 2.7141
v  -2.3542 59.2105 2.5272
v  -2.3821 59.2106 2.2987
v  -2.3988 59.2107 2.0287
v  -2.4044 59.2108 1.7171
v  -2.1505 59.2090 3.0257
v  -2.2397 59.2094 2.9634
v  -2.3152 59.2097 2.8595
v  -2.3769 59.2100 2.7141
v  -2.4250 59.2102 2.5272
v  -2.4593 59.2104 2.2987
v  -2.4799 59.2105 2.0287
v  -2.4867 59.2105 1.7171
v  -2.1655 59.2089 3.0257
v  -2.2677 59.2092 2.9634
v  -2.3542 59.2095 2.8595
v  -2.4250 59.2097 2.7141
v  -2.4800 59.2099 2.5272
v  -2.5193 59.2100 2.2987
v  -2.5429 59.2101 2.0287
v  -2.5508 59.2101 1.7171
v  -2.1762 59.2088 3.0257
v  -2.2877 59.2090 2.9634
v  -2.3821 59.2092 2.8595
v  -2.4593 59.2094 2.7141
v  -2.5193 59.2095 2.5272
v  -2.5622 59.2096 2.2987
v  -2.5880 59.2096 2.0287
v  -2.5965 59.2097 1.7171
v  -2.2997 59.2088 2.9634
v  -2.3988 59.2089 2.8595
v  -2.4799 59.2090 2.7141
v  -2.5429 59.2090 2.5272
v  -2.5880 59.2091 2.2987
v  -2.6150 59.2091 2.0287
v  -2.6240 59.2091 1.7171
v  -2.3037 59.2085 2.9634
v  -2.4044 59.2085 2.8595
v  -2.4867 59.2085 2.7141
v  -2.5508 59.2085 2.5272
v  -2.5965 59.2085 2.2987
v  -2.6240 59.2085 2.0287
v  3.2778 59.2091 1.7171
v  3.2778 59.2091 1.7901
v  3.2504 59.2097 1.7171
v  3.2504 59.2096 1.8534
v  3.2046 59.2101 1.7171
v  3.2046 59.2101 1.9070
v  3.1406 59.2105 1.7171
v  3.1406 59.2105 1.9508
v  3.0582 59.2108 1.7171
v  3.0582 59.2107 1.9849
v  2.9576 59.2110 1.7171
v  2.9576 59.2110 2.0092
v  2.8386 59.2111 2.0238
v  3.2778 59.2091 1.8534
v  3.2504 59.2096 1.9716
v  3.2046 59.2100 2.0715
v  3.1406 59.2104 2.1533
v  3.0582 59.2106 2.2169
v  2.9576 59.2108 2.2623
v  2.8386 59.2110 2.2896
v  2.7014 59.2110 2.2987
v  3.2778 59.2090 1.9070
v  3.2504 59.2095 2.0715
v  3.2046 59.2099 2.2107
v  3.1406 59.2102 2.3247
v  3.0582 59.2105 2.4133
v  2.9576 59.2106 2.4765
v  2.8386 59.2107 2.5145
v  2.7014 59.2108 2.5272
v  3.2778 59.2090 1.9508
v  3.2504 59.2094 2.1533
v  3.2046 59.2097 2.3247
v  3.1406 59.2100 2.4649
v  3.0582 59.2102 2.5739
v  2.9576 59.2104 2.6518
v  2.8386 59.2105 2.6985
v  2.7014 59.2105 2.7141
v  3.2778 59.2089 1.9849
v  3.2504 59.2092 2.2169
v  3.2046 59.2095 2.4133
v  3.1406 59.2097 2.5739
v  3.0582 59.2099 2.6989
v  2.9576 59.2100 2.7881
v  2.8386 59.2101 2.8417
v  2.7014 59.2101 2.8595
v  3.2778 59.2088 2.0092
v  3.2504 59.2090 2.2623
v  3.2046 59.2092 2.4765
v  3.1406 59.2094 2.6518
v  3.0582 59.2095 2.7881
v  2.9576 59.2096 2.8855
v  2.8386 59.2096 2.9439
v  2.7014 59.2097 2.9634
v  3.2504 59.2088 2.2896
v  3.2046 59.2089 2.5145
v  3.1406 59.2090 2.6985
v  3.0582 59.2090 2.8417
v  2.9576 59.2091 2.9439
v  2.8386 59.2091 3.0052
v  2.7014 59.2091 3.0257
v  3.2504 59.2085 2.2987
v  3.2046 59.2085 2.5272
v  3.1406 59.2085 2.7141
v  3.0582 59.2085 2.8595
v  2.9576 59.2085 2.9634
v  -2.6240 59.2091 -0.3379
v  -2.6240 59.2091 -0.4109
v  -2.5965 59.2097 -0.3379
v  -2.5965 59.2096 -0.4742
v  -2.5508 59.2101 -0.3379
v  -2.5508 59.2101 -0.5277
v  -2.4867 59.2105 -0.3379
v  -2.4867 59.2105 -0.5716
v  -2.4044 59.2108 -0.3379
v  -2.4044 59.2107 -0.6056
v  -2.3037 59.2110 -0.3379
v  -2.3037 59.2110 -0.6300
v  -2.1848 59.2111 -0.6446
v  -2.6240 59.2091 -0.4742
v  -2.5965 59.2096 -0.5923
v  -2.5508 59.2100 -0.6923
v  -2.4867 59.2104 -0.7741
v  -2.4044 59.2106 -0.8377
v  -2.3037 59.2108 -0.8831
v  -2.1848 59.2110 -0.9104
v  -2.0475 59.2110 -0.9195
v  -2.6240 59.2090 -0.5277
v  -2.5965 59.2095 -0.6923
v  -2.5508 59.2099 -0.8315
v  -2.4867 59.2102 -0.9454
v  -2.4044 59.2105 -1.0340
v  -2.3037 59.2106 -1.0973
v  -2.1848 59.2107 -1.1353
v  -2.0475 59.2108 -1.1480
v  -2.6240 59.2090 -0.5716
v  -2.5965 59.2094 -0.7741
v  -2.5508 59.2097 -0.9454
v  -2.4867 59.2100 -1.0856
v  -2.4044 59.2102 -1.1947
v  -2.3037 59.2104 -1.2726
v  -2.1848 59.2105 -1.3193
v  -2.0475 59.2105 -1.3349
v  -2.6240 59.2089 -0.6056
v  -2.5965 59.2092 -0.8377
v  -2.5508 59.2095 -1.0340
v  -2.4867 59.2097 -1.1947
v  -2.4044 59.2099 -1.3196
v  -2.3037 59.2100 -1.4089
v  -2.1848 59.2101 -1.4624
v  -2.0475 59.2101 -1.4803
v  -2.6240 59.2088 -0.6300
v  -2.5965 59.2090 -0.8831
v  -2.5508 59.2092 -1.0973
v  -2.4867 59.2094 -1.2726
v  -2.4044 59.2095 -1.4089
v  -2.3037 59.2096 -1.5063
v  -2.1848 59.2096 -1.5647
v  -2.0475 59.2097 -1.5841
v  -2.5965 59.2088 -0.9104
v  -2.5508 59.2089 -1.1353
v  -2.4867 59.2090 -1.3193
v  -2.4044 59.2090 -1.4624
v  -2.3037 59.2091 -1.5647
v  -2.1848 59.2091 -1.6260
v  -2.0475 59.2091 -1.6465
v  -2.5965 59.2085 -0.9195
v  -2.5508 59.2085 -1.1480
v  -2.4867 59.2085 -1.3349
v  -2.4044 59.2085 -1.4803
v  -2.3037 59.2085 -1.5841
v  2.7014 59.2091 -1.6465
v  2.7335 59.2091 -1.6465
v  2.7014 59.2097 -1.5841
v  2.7614 59.2096 -1.5841
v  2.7014 59.2101 -1.4803
v  2.7850 59.2101 -1.4803
v  2.7014 59.2105 -1.3349
v  2.8043 59.2105 -1.3349
v  2.7014 59.2108 -1.1480
v  2.8193 59.2107 -1.1480
v  2.7014 59.2110 -0.9195
v  2.8300 59.2110 -0.9195
v  2.8365 59.2111 -0.6495
v  2.7614 59.2091 -1.6465
v  2.8135 59.2096 -1.5841
v  2.8575 59.2100 -1.4803
v  2.8935 59.2104 -1.3349
v  2.9215 59.2106 -1.1480
v  2.9416 59.2108 -0.9195
v  2.9536 59.2110 -0.6495
v  2.9576 59.2110 -0.3379
v  2.7850 59.2090 -1.6465
v  2.8575 59.2095 -1.5841
v  2.9188 59.2099 -1.4803
v  2.9690 59.2102 -1.3349
v  3.0080 59.2105 -1.1480
v  3.0359 59.2106 -0.9195
v  3.0526 59.2107 -0.6495
v  3.0582 59.2108 -0.3379
v  2.8043 59.2090 -1.6465
v  2.8935 59.2094 -1.5841
v  2.9690 59.2097 -1.4803
v  3.0308 59.2100 -1.3349
v  3.0788 59.2102 -1.1480
v  3.1131 59.2104 -0.9195
v  3.1337 59.2105 -0.6495
v  3.1406 59.2105 -0.3379
v  2.8193 59.2089 -1.6465
v  2.9215 59.2092 -1.5841
v  3.0080 59.2095 -1.4803
v  3.0788 59.2097 -1.3349
v  3.1338 59.2099 -1.1480
v  3.1732 59.2100 -0.9195
v  3.1967 59.2101 -0.6495
v  3.2046 59.2101 -0.3379
v  2.8300 59.2088 -1.6465
v  2.9416 59.2090 -1.5841
v  3.0359 59.2092 -1.4803
v  3.1131 59.2094 -1.3349
v  3.1732 59.2095 -1.1480
v  3.2161 59.2096 -0.9195
v  3.2418 59.2096 -0.6495
v  3.2504 59.2097 -0.3379
v  2.9536 59.2088 -1.5841
v  3.0526 59.2089 -1.4803
v  3.1337 59.2090 -1.3349
v  3.1967 59.2090 -1.1480
v  3.2418 59.2091 -0.9195
v  3.2688 59.2091 -0.6495
v  3.2778 59.2091 -0.3379
v  2.9576 59.2085 -1.5841
v  3.0582 59.2085 -1.4803
v  3.1406 59.2085 -1.3349
v  3.2046 59.2085 -1.1480
v  3.2504 59.2085 -0.9195
# 328 vertices

vn -0.0238 -0.6997 0.7140
vn -0.1059 -0.6896 0.7164
vn -0.2337 -0.6853 0.6897
vn -0.3786 -0.6817 0.6261
vn -0.5183 -0.6802 0.5183
vn -0.6261 -0.6817 0.3786
vn -0.6897 -0.6853 0.2337
vn -0.7165 -0.6895 0.1059
vn -0.7140 -0.6997 0.0238
vn -0.7140 -0.6997 -0.0238
vn -0.7165 -0.6895 -0.1059
vn -0.6897 -0.6853 -0.2337
vn -0.6261 -0.6817 -0.3786
vn -0.5183 -0.6802 -0.5183
vn -0.3786 -0.6817 -0.6261
vn -0.2337 -0.6853 -0.6897
vn -0.1059 -0.6896 -0.7164
vn -0.0238 -0.6997 -0.7140
vn 0.0238 -0.6997 -0.7140
vn 0.1059 -0.6896 -0.7164
vn 0.2337 -0.6853 -0.6897
vn 0.3786 -0.6817 -0.6261
vn 0.5183 -0.6802 -0.5183
vn 0.6261 -0.6817 -0.3786
vn 0.6897 -0.6853 -0.2337
vn 0.7165 -0.6895 -0.1059
vn 0.7140 -0.6997 -0.0238
vn 0.7140 -0.6997 0.0238
vn 0.7165 -0.6895 0.1059
vn 0.6897 -0.6853 0.2337
vn 0.6261 -0.6817 0.3786
vn 0.5183 -0.6802 0.5183
vn 0.3786 -0.6817 0.6261
vn 0.2337 -0.6853 0.6897
vn 0.1059 -0.6896 0.7164
vn 0.0238 -0.6997 0.7140
vn -0.0350 0.9989 0.0320
vn 0.4301 0.0101 0.9027
vn 0.0315 0.9995 -0.0037
vn -0.0312 0.9989 -0.0344
vn 0.0332 0.0332 0.9989
vn -0.0267 0.0267 0.9993
vn 0.9989 0.0332 -0.0332
vn 0.9993 0.0267 0.0267
vn -0.0332 0.0332 -0.9989
vn 0.0267 0.0267 -0.9993
vn -0.9989 0.0332 0.0332
vn -0.9993 0.0267 -0.0267
vn -0.1475 0.0214 0.9888
vn -0.1478 0.0050 0.9890
vn 0.9888 0.0214 0.1475
vn 0.9890 0.0050 0.1478
vn -0.9888 0.0214 -0.1475
vn -0.9890 0.0050 -0.1478
vn 0.1475 0.0214 -0.9888
vn 0.1478 0.0050 -0.9890
vn -0.0329 0.9888 0.1458
vn 0.0030 -0.1227 0.9924
vn 0.1561 0.9876 0.0188
vn 0.0361 0.9983 -0.0461
vn 0.0330 0.9923 -0.1196
vn -0.0335 0.9887 -0.1462
vn -0.1458 0.9888 -0.0329
vn -0.1462 0.9887 0.0335
vn 0.1458 0.0329 0.9888
vn 0.9888 0.0329 -0.1458
vn -0.1458 0.0329 -0.9888
vn -0.0050 0.1478 0.9890
vn -0.0214 0.1475 0.9888
vn -0.0108 0.3228 0.9464
vn -0.0467 0.3198 0.9463
vn -0.0173 0.5192 0.8545
vn -0.0754 0.5133 0.8549
vn -0.0236 0.7082 0.7056
vn -0.1032 0.6999 0.7067
vn -0.0285 0.8560 0.5161
vn -0.1252 0.8463 0.5178
vn -0.0315 0.9468 0.3201
vn -0.1387 0.9366 0.3217
vn -0.1449 0.9785 0.1467
vn -0.0466 0.1396 0.9891
vn -0.1015 0.3022 0.9478
vn -0.1638 0.4858 0.8586
vn -0.2247 0.6645 0.7127
vn -0.2734 0.8064 0.5244
vn -0.3037 0.8949 0.3269
vn -0.3178 0.9363 0.1494
vn -0.3210 0.9465 0.0341
vn -0.0745 0.1243 0.9894
vn -0.1617 0.2688 0.9495
vn -0.2611 0.4331 0.8627
vn -0.3592 0.5947 0.7193
vn -0.4382 0.7247 0.5317
vn -0.4882 0.8068 0.3327
vn -0.5117 0.8455 0.1524
vn -0.5173 0.8551 0.0349
vn -0.1018 0.1018 0.9896
vn -0.2202 0.2202 0.9503
vn -0.3554 0.3554 0.8645
vn -0.4891 0.4892 0.7221
vn -0.5974 0.5974 0.5350
vn -0.6662 0.6662 0.3353
vn -0.6987 0.6987 0.1537
vn -0.7067 0.7067 0.0352
vn -0.1243 0.0745 0.9894
vn -0.2688 0.1617 0.9495
vn -0.4330 0.2610 0.8627
vn -0.5947 0.3591 0.7193
vn -0.7247 0.4383 0.5317
vn -0.8068 0.4882 0.3327
vn -0.8455 0.5117 0.1524
vn -0.8551 0.5173 0.0349
vn -0.1396 0.0466 0.9891
vn -0.3022 0.1015 0.9478
vn -0.4858 0.1638 0.8586
vn -0.6645 0.2247 0.7127
vn -0.8064 0.2734 0.5244
vn -0.8949 0.3037 0.3269
vn -0.9363 0.3178 0.1494
vn -0.9465 0.3210 0.0341
vn -0.3198 0.0467 0.9463
vn -0.5133 0.0754 0.8549
vn -0.6999 0.1032 0.7067
vn -0.8463 0.1252 0.5178
vn -0.9366 0.1387 0.3217
vn -0.9785 0.1449 0.1467
vn -0.9887 0.1462 0.0335
vn -0.3228 0.0108 0.9464
vn -0.5191 0.0173 0.8545
vn -0.7082 0.0236 0.7056
vn -0.8560 0.0285 0.5161
vn -0.9468 0.0315 0.3201
vn -0.9888 0.0329 0.1458
vn 0.9890 0.1478 0.0050
vn 0.9888 0.1475 0.0214
vn 0.9464 0.3228 0.0108
vn 0.9463 0.3198 0.0467
vn 0.8545 0.5192 0.0173
vn 0.8549 0.5133 0.0754
vn 0.7056 0.7082 0.0236
vn 0.7067 0.6999 0.1032
vn 0.5161 0.8560 0.0285
vn 0.5178 0.8463 0.1252
vn 0.3201 0.9468 0.0315
vn 0.3217 0.9366 0.1387
vn 0.1467 0.9785 0.1449
vn 0.9891 0.1396 0.0466
vn 0.9478 0.3022 0.1015
vn 0.8586 0.4858 0.1638
vn 0.7127 0.6645 0.2247
vn 0.5244 0.8064 0.2734
vn 0.3269 0.8949 0.3037
vn 0.1494 0.9363 0.3178
vn 0.0341 0.9465 0.3210
vn 0.9894 0.1243 0.0745
vn 0.9495 0.2688 0.1617
vn 0.8627 0.4331 0.2611
vn 0.7193 0.5947 0.3591
vn 0.5317 0.7247 0.4382
vn 0.3327 0.8068 0.4882
vn 0.1524 0.8455 0.5117
vn 0.0349 0.8551 0.5173
vn 0.9896 0.1018 0.1018
vn 0.9503 0.2202 0.2202
vn 0.8645 0.3554 0.3554
vn 0.7221 0.4892 0.4891
vn 0.5350 0.5974 0.5974
vn 0.3353 0.6662 0.6662
vn 0.1537 0.6987 0.6987
vn 0.0352 0.7067 0.7067
vn 0.9894 0.0745 0.1243
vn 0.9495 0.1617 0.2688
vn 0.8627 0.2610 0.4330
vn 0.7193 0.3591 0.5947
vn 0.5317 0.4382 0.7247
vn 0.3327 0.4882 0.8068
vn 0.1524 0.5117 0.8455
vn 0.0349 0.5173 0.8551
vn 0.9891 0.0466 0.1396
vn 0.9478 0.1015 0.3022
vn 0.8586 0.1638 0.4858
vn 0.7127 0.2247 0.6645
vn 0.5244 0.2734 0.8064
vn 0.3269 0.3037 0.8949
vn 0.1494 0.3178 0.9363
vn 0.0341 0.3210 0.9465
vn 0.9463 0.0467 0.3198
vn 0.8549 0.0754 0.5133
vn 0.7067 0.1032 0.6999
vn 0.5178 0.1252 0.8463
vn 0.3217 0.1387 0.9366
vn 0.1467 0.1449 0.9785
vn 0.0335 0.1462 0.9887
vn 0.9464 0.0108 0.3228
vn 0.8545 0.0173 0.5192
vn 0.7056 0.0236 0.7082
vn 0.5161 0.0285 0.8560
vn 0.3201 0.0315 0.9468
vn -0.9890 0.1478 -0.0050
vn -0.9888 0.1475 -0.0214
vn -0.9464 0.3228 -0.0108
vn -0.9463 0.3198 -0.0467
vn -0.8545 0.5192 -0.0173
vn -0.8549 0.5133 -0.0754
vn -0.7056 0.7082 -0.0236
vn -0.7067 0.6999 -0.1032
vn -0.5161 0.8560 -0.0285
vn -0.5178 0.8463 -0.1252
vn -0.3201 0.9468 -0.0315
vn -0.3217 0.9366 -0.1387
vn -0.1467 0.9785 -0.1449
vn -0.9891 0.1396 -0.0466
vn -0.9478 0.3022 -0.1015
vn -0.8586 0.4858 -0.1638
vn -0.7127 0.6645 -0.2247
vn -0.5244 0.8064 -0.2734
vn -0.3269 0.8949 -0.3037
vn -0.1494 0.9363 -0.3178
vn -0.0341 0.9465 -0.3210
vn -0.9894 0.1243 -0.0745
vn -0.9495 0.2688 -0.1617
vn -0.8627 0.4331 -0.2611
vn -0.7193 0.5947 -0.3591
vn -0.5317 0.7247 -0.4382
vn -0.3327 0.8068 -0.4882
vn -0.1524 0.8455 -0.5117
vn -0.0349 0.8551 -0.5173
vn -0.9896 0.1018 -0.1018
vn -0.9503 0.2202 -0.2202
vn -0.8645 0.3554 -0.3554
vn -0.7221 0.4892 -0.4891
vn -0.5350 0.5974 -0.5974
vn -0.3353 0.6662 -0.6662
vn -0.1537 0.6987 -0.6987
vn -0.0352 0.7067 -0.7067
vn -0.9894 0.0745 -0.1243
vn -0.9495 0.1617 -0.2688
vn -0.8627 0.2610 -0.4330
vn -0.7193 0.3591 -0.5947
vn -0.5317 0.4382 -0.7247
vn -0.3327 0.4882 -0.8068
vn -0.1524 0.5117 -0.8455
vn -0.0349 0.5173 -0.8551
vn -0.9891 0.0466 -0.1396
vn -0.9478 0.1015 -0.3022
vn -0.8586 0.1638 -0.4858
vn -0.7127 0.2247 -0.6645
vn -0.5244 0.2734 -0.8064
vn -0.3269 0.3037 -0.8949
vn -0.1494 0.3178 -0.9363
vn -0.0341 0.3210 -0.9465
vn -0.9463 0.0467 -0.3198
vn -0.8549 0.0754 -0.5133
vn -0.7067 0.1032 -0.6999
vn -0.5178 0.1252 -0.8463
vn -0.3217 0.1387 -0.9366
vn -0.1467 0.1449 -0.9785
vn -0.0335 0.1462 -0.9887
vn -0.9464 0.0108 -0.3228
vn -0.8545 0.0173 -0.5192
vn -0.7056 0.0236 -0.7082
vn -0.5161 0.0285 -0.8560
vn -0.3201 0.0315 -0.9468
vn 0.0050 0.1478 -0.9890
vn 0.0214 0.1475 -0.9888
vn 0.0108 0.3228 -0.9464
vn 0.0467 0.3198 -0.9463
vn 0.0173 0.5192 -0.8545
vn 0.0754 0.5133 -0.8549
vn 0.0236 0.7082 -0.7056
vn 0.1032 0.6999 -0.7067
vn 0.0285 0.8560 -0.5161
vn 0.1252 0.8463 -0.5178
vn 0.0315 0.9468 -0.3201
vn 0.1387 0.9366 -0.3217
vn 0.1449 0.9785 -0.1467
vn 0.0466 0.1396 -0.9891
vn 0.1015 0.3022 -0.9478
vn 0.1638 0.4858 -0.8586
vn 0.2247 0.6645 -0.7127
vn 0.2734 0.8064 -0.5244
vn 0.3037 0.8949 -0.3269
vn 0.3178 0.9363 -0.1494
vn 0.3210 0.9465 -0.0341
vn 0.0745 0.1243 -0.9894
vn 0.1617 0.2688 -0.9495
vn 0.2611 0.4331 -0.8627
vn 0.3592 0.5947 -0.7193
vn 0.4382 0.7247 -0.5317
vn 0.4882 0.8068 -0.3327
vn 0.5117 0.8455 -0.1524
vn 0.5173 0.8551 -0.0349
vn 0.1018 0.1018 -0.9896
vn 0.2202 0.2202 -0.9503
vn 0.3554 0.3554 -0.8645
vn 0.4891 0.4892 -0.7221
vn 0.5974 0.5974 -0.5350
vn 0.6662 0.6662 -0.3353
vn 0.6987 0.6987 -0.1537
vn 0.7067 0.7067 -0.0352
vn 0.1243 0.0745 -0.9894
vn 0.2688 0.1617 -0.9495
vn 0.4330 0.2610 -0.8627
vn 0.5947 0.3591 -0.7193
vn 0.7247 0.4383 -0.5317
vn 0.8068 0.4882 -0.3327
vn 0.8455 0.5117 -0.1524
vn 0.8551 0.5173 -0.0349
vn 0.1396 0.0466 -0.9891
vn 0.3022 0.1015 -0.9478
vn 0.4858 0.1638 -0.8586
vn 0.6645 0.2247 -0.7127
vn 0.8064 0.2734 -0.5244
vn 0.8949 0.3037 -0.3269
vn 0.9363 0.3178 -0.1494
vn 0.9465 0.3210 -0.0341
vn 0.3198 0.0467 -0.9463
vn 0.5133 0.0754 -0.8549
vn 0.6999 0.1032 -0.7067
vn 0.8463 0.1252 -0.5178
vn 0.9366 0.1387 -0.3217
vn 0.9785 0.1449 -0.1467
vn 0.9887 0.1462 -0.0335
vn 0.3228 0.0108 -0.9464
vn 0.5191 0.0173 -0.8545
vn 0.7082 0.0236 -0.7056
vn 0.8560 0.0285 -0.5161
vn 0.9468 0.0315 -0.3201
# 328 vertex normals

vt 0.9011 0.0000 0.0000
vt 0.9243 0.0044 0.0000
vt 0.9444 0.0176 0.0000
vt 0.9614 0.0397 0.0000
vt 0.9753 0.0705 0.0000
vt 0.9861 0.1102 0.0000
vt 0.9938 0.1586 0.0000
vt 0.9985 0.2159 0.0000
vt 1.0000 0.2820 0.0000
vt 1.0000 0.7180 0.0000
vt 0.9985 0.7841 0.0000
vt 0.9938 0.8414 0.0000
vt 0.9861 0.8898 0.0000
vt 0.9753 0.9295 0.0000
vt 0.9614 0.9603 0.0000
vt 0.9444 0.9824 0.0000
vt 0.9243 0.9956 0.0000
vt 0.9011 1.0000 0.0000
vt 0.0989 1.0000 0.0000
vt 0.0757 0.9956 0.0000
vt 0.0556 0.9824 0.0000
vt 0.0386 0.9603 0.0000
vt 0.0247 0.9295 0.0000
vt 0.0139 0.8898 0.0000
vt 0.0062 0.8414 0.0000
vt 0.0015 0.7841 0.0000
vt 0.0000 0.7180 0.0000
vt 0.0000 0.2820 0.0000
vt 0.0015 0.2159 0.0000
vt 0.0062 0.1586 0.0000
vt 0.0139 0.1102 0.0000
vt 0.0247 0.0705 0.0000
vt 0.0386 0.0397 0.0000
vt 0.0556 0.0176 0.0000
vt 0.0757 0.0044 0.0000
vt 0.0989 0.0000 0.0000
vt 0.0989 0.2820 0.0000
vt 0.9011 0.2820 0.0000
vt 0.9011 0.7180 0.0000
vt 0.0989 0.7180 0.0000
vt 0.9011 0.9876 0.0000
vt 0.0989 0.9876 0.0000
vt 0.2820 0.0000 0.0000
vt 0.7180 0.0000 0.0000
vt 0.7180 0.9876 0.0000
vt 0.2820 0.9876 0.0000
vt 0.0000 1.0000 0.0000
vt 0.0989 1.2636 0.0000
vt 0.0989 1.2291 0.0000
vt 0.9011 1.2291 0.0000
vt 0.9011 1.2636 0.0000
vt 0.2820 0.5888 0.0000
vt 0.2820 0.6387 0.0000
vt 0.7180 0.6387 0.0000
vt 0.7180 0.5888 0.0000
vt 0.0858 -0.0039 0.0000
vt 0.1103 -0.0034 0.0000
vt 0.1124 0.9842 0.0000
vt 0.0882 0.9837 0.0000
vt 0.9118 0.9837 0.0000
vt 0.8876 0.9842 0.0000
vt 0.8897 -0.0034 0.0000
vt 0.9142 -0.0039 0.0000
vt 0.2443 -0.0106 0.0000
vt 0.2261 -0.0092 0.0000
vt 0.2204 0.9786 0.0000
vt 0.2378 0.9773 0.0000
vt 0.0730 0.9914 0.0000
vt 0.0448 0.9966 0.0000
vt 0.0143 1.0032 0.0000
vt -0.0186 1.0113 0.0000
vt -0.0537 1.0207 0.0000
vt -0.0912 1.0315 0.0000
vt -0.1310 1.0438 0.0000
vt -0.1732 1.0574 0.0000
vt -0.1353 1.0420 0.0000
vt -0.1082 1.0243 0.0000
vt -0.0920 1.0044 0.0000
vt -0.0866 0.9824 0.0000
vt -0.0920 0.9581 0.0000
vt -0.1082 0.9316 0.0000
vt -0.1353 0.9029 0.0000
vt -0.1732 0.8720 0.0000
vt 0.2188 0.9928 0.0000
vt 0.1702 1.0022 0.0000
vt 0.1362 1.0157 0.0000
vt 0.1168 1.0334 0.0000
vt 0.1121 1.0552 0.0000
vt 0.1219 1.0813 0.0000
vt 0.1463 1.1115 0.0000
vt 0.1854 1.1458 0.0000
vt 0.1411 1.1107 0.0000
vt 0.1009 1.0783 0.0000
vt 0.0648 1.0486 0.0000
vt 0.0328 1.0215 0.0000
vt 0.0049 0.9971 0.0000
vt -0.0189 0.9755 0.0000
vt -0.0387 0.9565 0.0000
vt -0.0543 0.9402 0.0000
vt 0.0989 1.1946 0.0000
vt 0.9011 1.1946 0.0000
vt 0.0989 1.1601 0.0000
vt 0.9011 1.1601 0.0000
vt 0.0989 1.1256 0.0000
vt 0.9011 1.1256 0.0000
vt 0.0989 1.0911 0.0000
vt 0.9011 1.0911 0.0000
vt 0.0989 1.0566 0.0000
vt 0.9011 1.0566 0.0000
vt 0.0989 1.0221 0.0000
vt 0.9011 1.0221 0.0000
vt 0.2820 0.6885 0.0000
vt 0.7180 0.6885 0.0000
vt 0.2820 0.7384 0.0000
vt 0.7180 0.7384 0.0000
vt 0.2820 0.7882 0.0000
vt 0.7180 0.7882 0.0000
vt 0.2820 0.8381 0.0000
vt 0.7180 0.8381 0.0000
vt 0.2820 0.8879 0.0000
vt 0.7180 0.8879 0.0000
vt 0.2820 0.9378 0.0000
vt 0.7180 0.9378 0.0000
vt 0.1349 -0.0029 0.0000
vt 0.1366 0.9847 0.0000
vt 0.1594 -0.0024 0.0000
vt 0.1609 0.9852 0.0000
vt 0.1839 -0.0020 0.0000
vt 0.1851 0.9857 0.0000
vt 0.2084 -0.0015 0.0000
vt 0.2093 0.9862 0.0000
vt 0.2330 -0.0010 0.0000
vt 0.2336 0.9867 0.0000
vt 0.2575 -0.0005 0.0000
vt 0.2578 0.9871 0.0000
vt 0.8634 0.9847 0.0000
vt 0.8651 -0.0029 0.0000
vt 0.8391 0.9852 0.0000
vt 0.8406 -0.0024 0.0000
vt 0.8149 0.9857 0.0000
vt 0.8161 -0.0020 0.0000
vt 0.7907 0.9862 0.0000
vt 0.7916 -0.0015 0.0000
vt 0.7664 0.9867 0.0000
vt 0.7670 -0.0010 0.0000
vt 0.7422 0.9871 0.0000
vt 0.7425 -0.0005 0.0000
vt 0.2079 -0.0079 0.0000
vt 0.2031 0.9799 0.0000
vt 0.1898 -0.0066 0.0000
vt 0.1857 0.9812 0.0000
vt 0.1716 -0.0053 0.0000
vt 0.1684 0.9825 0.0000
vt 0.1534 -0.0040 0.0000
vt 0.1510 0.9838 0.0000
vt 0.1353 -0.0026 0.0000
vt 0.1336 0.9851 0.0000
vt 0.1171 -0.0013 0.0000
vt 0.1163 0.9863 0.0000
# 159 texture coords

o Box012
g Box012
usemtl wire_000000000
s 1
f 3371/1258/3367 3372/1259/3368 3373/1260/3369 3374/1261/3370 3375/1262/3371 3376/1263/3372 3377/1264/3373 3378/1265/3374 3379/1266/3375 3380/1267/3376 3381/1268/3377 3382/1269/3378 3383/1270/3379 3384/1271/3380 3385/1272/3381 3386/1273/3382 3387/1274/3383 3388/1275/3384 3389/1276/3385 3390/1277/3386 3391/1278/3387 3392/1279/3388 3393/1280/3389 3394/1281/3390 3395/1282/3391 3396/1283/3392 3397/1284/3393 3398/1285/3394 3399/1286/3395 3400/1287/3396 3401/1288/3397 3402/1289/3398 3403/1290/3399 3404/1291/3400 3405/1292/3401 3406/1293/3402 
s 2
f 3407/1294/3403 3408/1295/3404 3409/1296/3405 3410/1297/3406 
f 3371/1293/3367 3406/1258/3402 3411/1298/3407 3412/1299/3408 
f 3398/1300/3394 3397/1301/3393 3413/1302/3409 3414/1303/3410 
f 3389/1293/3385 3388/1258/3384 3415/1298/3411 3416/1299/3412 
f 3380/1300/3376 3379/1301/3375 3417/1302/3413 3418/1303/3414 
f 3412/1299/3408 3419/1304/3415 3420/1304/3416 
f 3414/1303/3410 3421/1304/3417 3422/1304/3418 
f 3418/1303/3414 3423/1304/3419 3424/1304/3420 
f 3416/1299/3412 3425/1304/3421 3426/1304/3422 
f 3407/1305/3403 3427/1306/3423 3428/1307/3424 3408/1308/3404 
f 3408/1309/3404 3429/1310/3425 3430/1311/3426 3409/1312/3405 
f 3409/1305/3405 3431/1306/3427 3432/1307/3428 3410/1308/3406 
f 3410/1309/3406 3433/1310/3429 3434/1311/3430 3407/1312/3403 
f 3406/1313/3402 3405/1314/3401 3435/1315/3431 3411/1316/3407 
f 3412/1317/3408 3420/1318/3416 3372/1319/3368 3371/1320/3367 
f 3397/1321/3393 3396/1322/3392 3436/1323/3432 3413/1324/3409 
f 3388/1313/3384 3387/1314/3383 3437/1315/3433 3415/1316/3411 
f 3412/1299/3408 3438/1325/3434 3439/1304/3435 
f 3438/1325/3434 3440/1326/3436 3441/1304/3437 3439/1304/3435 
f 3440/1326/3436 3442/1327/3438 3443/1304/3439 3441/1304/3437 
f 3442/1327/3438 3444/1328/3440 3445/1304/3441 3443/1304/3439 
f 3444/1328/3440 3446/1329/3442 3447/1304/3443 3445/1304/3441 
f 3446/1329/3442 3448/1330/3444 3449/1304/3445 3447/1304/3443 
f 3448/1330/3444 3427/1331/3423 3450/1304/3446 3449/1304/3445 
f 3427/1331/3423 3407/1332/3403 3434/1333/3430 3450/1304/3446 
f 3412/1299/3408 3439/1304/3435 3451/1304/3447 
f 3439/1304/3435 3441/1304/3437 3452/1304/3448 3451/1304/3447 
f 3441/1304/3437 3443/1304/3439 3453/1304/3449 3452/1304/3448 
f 3443/1304/3439 3445/1304/3441 3454/1304/3450 3453/1304/3449 
f 3445/1304/3441 3447/1304/3443 3455/1304/3451 3454/1304/3450 
f 3447/1304/3443 3449/1304/3445 3456/1304/3452 3455/1304/3451 
f 3449/1304/3445 3450/1304/3446 3457/1304/3453 3456/1304/3452 
f 3450/1304/3446 3434/1333/3430 3458/1334/3454 3457/1304/3453 
f 3412/1299/3408 3451/1304/3447 3459/1304/3455 
f 3451/1304/3447 3452/1304/3448 3460/1304/3456 3459/1304/3455 
f 3452/1304/3448 3453/1304/3449 3461/1304/3457 3460/1304/3456 
f 3453/1304/3449 3454/1304/3450 3462/1304/3458 3461/1304/3457 
f 3454/1304/3450 3455/1304/3451 3463/1304/3459 3462/1304/3458 
f 3455/1304/3451 3456/1304/3452 3464/1304/3460 3463/1304/3459 
f 3456/1304/3452 3457/1304/3453 3465/1304/3461 3464/1304/3460 
f 3457/1304/3453 3458/1334/3454 3466/1335/3462 3465/1304/3461 
f 3412/1299/3408 3459/1304/3455 3467/1304/3463 
f 3459/1304/3455 3460/1304/3456 3468/1304/3464 3467/1304/3463 
f 3460/1304/3456 3461/1304/3457 3469/1304/3465 3468/1304/3464 
f 3461/1304/3457 3462/1304/3458 3470/1304/3466 3469/1304/3465 
f 3462/1304/3458 3463/1304/3459 3471/1304/3467 3470/1304/3466 
f 3463/1304/3459 3464/1304/3460 3472/1304/3468 3471/1304/3467 
f 3464/1304/3460 3465/1304/3461 3473/1304/3469 3472/1304/3468 
f 3465/1304/3461 3466/1335/3462 3474/1336/3470 3473/1304/3469 
f 3412/1299/3408 3467/1304/3463 3475/1304/3471 
f 3467/1304/3463 3468/1304/3464 3476/1304/3472 3475/1304/3471 
f 3468/1304/3464 3469/1304/3465 3477/1304/3473 3476/1304/3472 
f 3469/1304/3465 3470/1304/3466 3478/1304/3474 3477/1304/3473 
f 3470/1304/3466 3471/1304/3467 3479/1304/3475 3478/1304/3474 
f 3471/1304/3467 3472/1304/3468 3480/1304/3476 3479/1304/3475 
f 3472/1304/3468 3473/1304/3469 3481/1304/3477 3480/1304/3476 
f 3473/1304/3469 3474/1336/3470 3482/1337/3478 3481/1304/3477 
f 3412/1299/3408 3475/1304/3471 3483/1304/3479 
f 3475/1304/3471 3476/1304/3472 3484/1304/3480 3483/1304/3479 
f 3476/1304/3472 3477/1304/3473 3485/1304/3481 3484/1304/3480 
f 3477/1304/3473 3478/1304/3474 3486/1304/3482 3485/1304/3481 
f 3478/1304/3474 3479/1304/3475 3487/1304/3483 3486/1304/3482 
f 3479/1304/3475 3480/1304/3476 3488/1304/3484 3487/1304/3483 
f 3480/1304/3476 3481/1304/3477 3489/1304/3485 3488/1304/3484 
f 3481/1304/3477 3482/1337/3478 3490/1338/3486 3489/1304/3485 
f 3412/1299/3408 3483/1304/3479 3419/1304/3415 
f 3483/1304/3479 3484/1304/3480 3491/1304/3487 3419/1304/3415 
f 3484/1304/3480 3485/1304/3481 3492/1304/3488 3491/1304/3487 
f 3485/1304/3481 3486/1304/3482 3493/1304/3489 3492/1304/3488 
f 3486/1304/3482 3487/1304/3483 3494/1304/3490 3493/1304/3489 
f 3487/1304/3483 3488/1304/3484 3495/1304/3491 3494/1304/3490 
f 3488/1304/3484 3489/1304/3485 3496/1304/3492 3495/1304/3491 
f 3489/1304/3485 3490/1338/3486 3497/1339/3493 3496/1304/3492 
f 3419/1304/3415 3491/1304/3487 3498/1304/3494 3420/1304/3416 
f 3491/1304/3487 3492/1304/3488 3499/1304/3495 3498/1304/3494 
f 3492/1304/3488 3493/1304/3489 3500/1304/3496 3499/1304/3495 
f 3493/1304/3489 3494/1304/3490 3501/1304/3497 3500/1304/3496 
f 3494/1304/3490 3495/1304/3491 3502/1304/3498 3501/1304/3497 
f 3495/1304/3491 3496/1304/3492 3503/1304/3499 3502/1304/3498 
f 3496/1304/3492 3497/1339/3493 3417/1340/3413 3503/1304/3499 
f 3414/1303/3410 3504/1341/3500 3505/1304/3501 
f 3504/1341/3500 3506/1342/3502 3507/1304/3503 3505/1304/3501 
f 3506/1342/3502 3508/1343/3504 3509/1304/3505 3507/1304/3503 
f 3508/1343/3504 3510/1344/3506 3511/1304/3507 3509/1304/3505 
f 3510/1344/3506 3512/1345/3508 3513/1304/3509 3511/1304/3507 
f 3512/1345/3508 3514/1346/3510 3515/1304/3511 3513/1304/3509 
f 3514/1346/3510 3429/1347/3425 3516/1304/3512 3515/1304/3511 
f 3429/1347/3425 3408/1348/3404 3428/1349/3424 3516/1304/3512 
f 3414/1303/3410 3505/1304/3501 3517/1304/3513 
f 3505/1304/3501 3507/1304/3503 3518/1304/3514 3517/1304/3513 
f 3507/1304/3503 3509/1304/3505 3519/1304/3515 3518/1304/3514 
f 3509/1304/3505 3511/1304/3507 3520/1304/3516 3519/1304/3515 
f 3511/1304/3507 3513/1304/3509 3521/1304/3517 3520/1304/3516 
f 3513/1304/3509 3515/1304/3511 3522/1304/3518 3521/1304/3517 
f 3515/1304/3511 3516/1304/3512 3523/1304/3519 3522/1304/3518 
f 3516/1304/3512 3428/1349/3424 3524/1350/3520 3523/1304/3519 
f 3414/1303/3410 3517/1304/3513 3525/1304/3521 
f 3517/1304/3513 3518/1304/3514 3526/1304/3522 3525/1304/3521 
f 3518/1304/3514 3519/1304/3515 3527/1304/3523 3526/1304/3522 
f 3519/1304/3515 3520/1304/3516 3528/1304/3524 3527/1304/3523 
f 3520/1304/3516 3521/1304/3517 3529/1304/3525 3528/1304/3524 
f 3521/1304/3517 3522/1304/3518 3530/1304/3526 3529/1304/3525 
f 3522/1304/3518 3523/1304/3519 3531/1304/3527 3530/1304/3526 
f 3523/1304/3519 3524/1350/3520 3532/1351/3528 3531/1304/3527 
f 3414/1303/3410 3525/1304/3521 3533/1304/3529 
f 3525/1304/3521 3526/1304/3522 3534/1304/3530 3533/1304/3529 
f 3526/1304/3522 3527/1304/3523 3535/1304/3531 3534/1304/3530 
f 3527/1304/3523 3528/1304/3524 3536/1304/3532 3535/1304/3531 
f 3528/1304/3524 3529/1304/3525 3537/1304/3533 3536/1304/3532 
f 3529/1304/3525 3530/1304/3526 3538/1304/3534 3537/1304/3533 
f 3530/1304/3526 3531/1304/3527 3539/1304/3535 3538/1304/3534 
f 3531/1304/3527 3532/1351/3528 3540/1352/3536 3539/1304/3535 
f 3414/1303/3410 3533/1304/3529 3541/1304/3537 
f 3533/1304/3529 3534/1304/3530 3542/1304/3538 3541/1304/3537 
f 3534/1304/3530 3535/1304/3531 3543/1304/3539 3542/1304/3538 
f 3535/1304/3531 3536/1304/3532 3544/1304/3540 3543/1304/3539 
f 3536/1304/3532 3537/1304/3533 3545/1304/3541 3544/1304/3540 
f 3537/1304/3533 3538/1304/3534 3546/1304/3542 3545/1304/3541 
f 3538/1304/3534 3539/1304/3535 3547/1304/3543 3546/1304/3542 
f 3539/1304/3535 3540/1352/3536 3548/1353/3544 3547/1304/3543 
f 3414/1303/3410 3541/1304/3537 3549/1304/3545 
f 3541/1304/3537 3542/1304/3538 3550/1304/3546 3549/1304/3545 
f 3542/1304/3538 3543/1304/3539 3551/1304/3547 3550/1304/3546 
f 3543/1304/3539 3544/1304/3540 3552/1304/3548 3551/1304/3547 
f 3544/1304/3540 3545/1304/3541 3553/1304/3549 3552/1304/3548 
f 3545/1304/3541 3546/1304/3542 3554/1304/3550 3553/1304/3549 
f 3546/1304/3542 3547/1304/3543 3555/1304/3551 3554/1304/3550 
f 3547/1304/3543 3548/1353/3544 3556/1354/3552 3555/1304/3551 
f 3414/1303/3410 3549/1304/3545 3421/1304/3417 
f 3549/1304/3545 3550/1304/3546 3557/1304/3553 3421/1304/3417 
f 3550/1304/3546 3551/1304/3547 3558/1304/3554 3557/1304/3553 
f 3551/1304/3547 3552/1304/3548 3559/1304/3555 3558/1304/3554 
f 3552/1304/3548 3553/1304/3549 3560/1304/3556 3559/1304/3555 
f 3553/1304/3549 3554/1304/3550 3561/1304/3557 3560/1304/3556 
f 3554/1304/3550 3555/1304/3551 3562/1304/3558 3561/1304/3557 
f 3555/1304/3551 3556/1354/3552 3563/1355/3559 3562/1304/3558 
f 3421/1304/3417 3557/1304/3553 3564/1304/3560 3422/1304/3418 
f 3557/1304/3553 3558/1304/3554 3565/1304/3561 3564/1304/3560 
f 3558/1304/3554 3559/1304/3555 3566/1304/3562 3565/1304/3561 
f 3559/1304/3555 3560/1304/3556 3567/1304/3563 3566/1304/3562 
f 3560/1304/3556 3561/1304/3557 3568/1304/3564 3567/1304/3563 
f 3561/1304/3557 3562/1304/3558 3435/1304/3431 3568/1304/3564 
f 3562/1304/3558 3563/1355/3559 3411/1356/3407 3435/1304/3431 
f 3418/1303/3414 3569/1341/3565 3570/1304/3566 
f 3569/1341/3565 3571/1342/3567 3572/1304/3568 3570/1304/3566 
f 3571/1342/3567 3573/1343/3569 3574/1304/3570 3572/1304/3568 
f 3573/1343/3569 3575/1344/3571 3576/1304/3572 3574/1304/3570 
f 3575/1344/3571 3577/1345/3573 3578/1304/3574 3576/1304/3572 
f 3577/1345/3573 3579/1346/3575 3580/1304/3576 3578/1304/3574 
f 3579/1346/3575 3433/1347/3429 3581/1304/3577 3580/1304/3576 
f 3433/1347/3429 3410/1348/3406 3432/1349/3428 3581/1304/3577 
f 3418/1303/3414 3570/1304/3566 3582/1304/3578 
f 3570/1304/3566 3572/1304/3568 3583/1304/3579 3582/1304/3578 
f 3572/1304/3568 3574/1304/3570 3584/1304/3580 3583/1304/3579 
f 3574/1304/3570 3576/1304/3572 3585/1304/3581 3584/1304/3580 
f 3576/1304/3572 3578/1304/3574 3586/1304/3582 3585/1304/3581 
f 3578/1304/3574 3580/1304/3576 3587/1304/3583 3586/1304/3582 
f 3580/1304/3576 3581/1304/3577 3588/1304/3584 3587/1304/3583 
f 3581/1304/3577 3432/1349/3428 3589/1350/3585 3588/1304/3584 
f 3418/1303/3414 3582/1304/3578 3590/1304/3586 
f 3582/1304/3578 3583/1304/3579 3591/1304/3587 3590/1304/3586 
f 3583/1304/3579 3584/1304/3580 3592/1304/3588 3591/1304/3587 
f 3584/1304/3580 3585/1304/3581 3593/1304/3589 3592/1304/3588 
f 3585/1304/3581 3586/1304/3582 3594/1304/3590 3593/1304/3589 
f 3586/1304/3582 3587/1304/3583 3595/1304/3591 3594/1304/3590 
f 3587/1304/3583 3588/1304/3584 3596/1304/3592 3595/1304/3591 
f 3588/1304/3584 3589/1350/3585 3597/1351/3593 3596/1304/3592 
f 3418/1303/3414 3590/1304/3586 3598/1304/3594 
f 3590/1304/3586 3591/1304/3587 3599/1304/3595 3598/1304/3594 
f 3591/1304/3587 3592/1304/3588 3600/1304/3596 3599/1304/3595 
f 3592/1304/3588 3593/1304/3589 3601/1304/3597 3600/1304/3596 
f 3593/1304/3589 3594/1304/3590 3602/1304/3598 3601/1304/3597 
f 3594/1304/3590 3595/1304/3591 3603/1304/3599 3602/1304/3598 
f 3595/1304/3591 3596/1304/3592 3604/1304/3600 3603/1304/3599 
f 3596/1304/3592 3597/1351/3593 3605/1352/3601 3604/1304/3600 
f 3418/1303/3414 3598/1304/3594 3606/1304/3602 
f 3598/1304/3594 3599/1304/3595 3607/1304/3603 3606/1304/3602 
f 3599/1304/3595 3600/1304/3596 3608/1304/3604 3607/1304/3603 
f 3600/1304/3596 3601/1304/3597 3609/1304/3605 3608/1304/3604 
f 3601/1304/3597 3602/1304/3598 3610/1304/3606 3609/1304/3605 
f 3602/1304/3598 3603/1304/3599 3611/1304/3607 3610/1304/3606 
f 3603/1304/3599 3604/1304/3600 3612/1304/3608 3611/1304/3607 
f 3604/1304/3600 3605/1352/3601 3613/1353/3609 3612/1304/3608 
f 3418/1303/3414 3606/1304/3602 3614/1304/3610 
f 3606/1304/3602 3607/1304/3603 3615/1304/3611 3614/1304/3610 
f 3607/1304/3603 3608/1304/3604 3616/1304/3612 3615/1304/3611 
f 3608/1304/3604 3609/1304/3605 3617/1304/3613 3616/1304/3612 
f 3609/1304/3605 3610/1304/3606 3618/1304/3614 3617/1304/3613 
f 3610/1304/3606 3611/1304/3607 3619/1304/3615 3618/1304/3614 
f 3611/1304/3607 3612/1304/3608 3620/1304/3616 3619/1304/3615 
f 3612/1304/3608 3613/1353/3609 3621/1354/3617 3620/1304/3616 
f 3418/1303/3414 3614/1304/3610 3423/1304/3419 
f 3614/1304/3610 3615/1304/3611 3622/1304/3618 3423/1304/3419 
f 3615/1304/3611 3616/1304/3612 3623/1304/3619 3622/1304/3618 
f 3616/1304/3612 3617/1304/3613 3624/1304/3620 3623/1304/3619 
f 3617/1304/3613 3618/1304/3614 3625/1304/3621 3624/1304/3620 
f 3618/1304/3614 3619/1304/3615 3626/1304/3622 3625/1304/3621 
f 3619/1304/3615 3620/1304/3616 3627/1304/3623 3626/1304/3622 
f 3620/1304/3616 3621/1354/3617 3628/1355/3624 3627/1304/3623 
f 3423/1304/3419 3622/1304/3618 3629/1304/3625 3424/1304/3420 
f 3622/1304/3618 3623/1304/3619 3630/1304/3626 3629/1304/3625 
f 3623/1304/3619 3624/1304/3620 3631/1304/3627 3630/1304/3626 
f 3624/1304/3620 3625/1304/3621 3632/1304/3628 3631/1304/3627 
f 3625/1304/3621 3626/1304/3622 3633/1304/3629 3632/1304/3628 
f 3626/1304/3622 3627/1304/3623 3437/1304/3433 3633/1304/3629 
f 3627/1304/3623 3628/1355/3624 3415/1356/3411 3437/1304/3433 
f 3416/1299/3412 3634/1325/3630 3635/1304/3631 
f 3634/1325/3630 3636/1326/3632 3637/1304/3633 3635/1304/3631 
f 3636/1326/3632 3638/1327/3634 3639/1304/3635 3637/1304/3633 
f 3638/1327/3634 3640/1328/3636 3641/1304/3637 3639/1304/3635 
f 3640/1328/3636 3642/1329/3638 3643/1304/3639 3641/1304/3637 
f 3642/1329/3638 3644/1330/3640 3645/1304/3641 3643/1304/3639 
f 3644/1330/3640 3431/1331/3427 3646/1304/3642 3645/1304/3641 
f 3431/1331/3427 3409/1332/3405 3430/1333/3426 3646/1304/3642 
f 3416/1299/3412 3635/1304/3631 3647/1304/3643 
f 3635/1304/3631 3637/1304/3633 3648/1304/3644 3647/1304/3643 
f 3637/1304/3633 3639/1304/3635 3649/1304/3645 3648/1304/3644 
f 3639/1304/3635 3641/1304/3637 3650/1304/3646 3649/1304/3645 
f 3641/1304/3637 3643/1304/3639 3651/1304/3647 3650/1304/3646 
f 3643/1304/3639 3645/1304/3641 3652/1304/3648 3651/1304/3647 
f 3645/1304/3641 3646/1304/3642 3653/1304/3649 3652/1304/3648 
f 3646/1304/3642 3430/1333/3426 3654/1334/3650 3653/1304/3649 
f 3416/1299/3412 3647/1304/3643 3655/1304/3651 
f 3647/1304/3643 3648/1304/3644 3656/1304/3652 3655/1304/3651 
f 3648/1304/3644 3649/1304/3645 3657/1304/3653 3656/1304/3652 
f 3649/1304/3645 3650/1304/3646 3658/1304/3654 3657/1304/3653 
f 3650/1304/3646 3651/1304/3647 3659/1304/3655 3658/1304/3654 
f 3651/1304/3647 3652/1304/3648 3660/1304/3656 3659/1304/3655 
f 3652/1304/3648 3653/1304/3649 3661/1304/3657 3660/1304/3656 
f 3653/1304/3649 3654/1334/3650 3662/1335/3658 3661/1304/3657 
f 3416/1299/3412 3655/1304/3651 3663/1304/3659 
f 3655/1304/3651 3656/1304/3652 3664/1304/3660 3663/1304/3659 
f 3656/1304/3652 3657/1304/3653 3665/1304/3661 3664/1304/3660 
f 3657/1304/3653 3658/1304/3654 3666/1304/3662 3665/1304/3661 
f 3658/1304/3654 3659/1304/3655 3667/1304/3663 3666/1304/3662 
f 3659/1304/3655 3660/1304/3656 3668/1304/3664 3667/1304/3663 
f 3660/1304/3656 3661/1304/3657 3669/1304/3665 3668/1304/3664 
f 3661/1304/3657 3662/1335/3658 3670/1336/3666 3669/1304/3665 
f 3416/1299/3412 3663/1304/3659 3671/1304/3667 
f 3663/1304/3659 3664/1304/3660 3672/1304/3668 3671/1304/3667 
f 3664/1304/3660 3665/1304/3661 3673/1304/3669 3672/1304/3668 
f 3665/1304/3661 3666/1304/3662 3674/1304/3670 3673/1304/3669 
f 3666/1304/3662 3667/1304/3663 3675/1304/3671 3674/1304/3670 
f 3667/1304/3663 3668/1304/3664 3676/1304/3672 3675/1304/3671 
f 3668/1304/3664 3669/1304/3665 3677/1304/3673 3676/1304/3672 
f 3669/1304/3665 3670/1336/3666 3678/1337/3674 3677/1304/3673 
f 3416/1299/3412 3671/1304/3667 3679/1304/3675 
f 3671/1304/3667 3672/1304/3668 3680/1304/3676 3679/1304/3675 
f 3672/1304/3668 3673/1304/3669 3681/1304/3677 3680/1304/3676 
f 3673/1304/3669 3674/1304/3670 3682/1304/3678 3681/1304/3677 
f 3674/1304/3670 3675/1304/3671 3683/1304/3679 3682/1304/3678 
f 3675/1304/3671 3676/1304/3672 3684/1304/3680 3683/1304/3679 
f 3676/1304/3672 3677/1304/3673 3685/1304/3681 3684/1304/3680 
f 3677/1304/3673 3678/1337/3674 3686/1338/3682 3685/1304/3681 
f 3416/1299/3412 3679/1304/3675 3425/1304/3421 
f 3679/1304/3675 3680/1304/3676 3687/1304/3683 3425/1304/3421 
f 3680/1304/3676 3681/1304/3677 3688/1304/3684 3687/1304/3683 
f 3681/1304/3677 3682/1304/3678 3689/1304/3685 3688/1304/3684 
f 3682/1304/3678 3683/1304/3679 3690/1304/3686 3689/1304/3685 
f 3683/1304/3679 3684/1304/3680 3691/1304/3687 3690/1304/3686 
f 3684/1304/3680 3685/1304/3681 3692/1304/3688 3691/1304/3687 
f 3685/1304/3681 3686/1338/3682 3693/1339/3689 3692/1304/3688 
f 3425/1304/3421 3687/1304/3683 3694/1304/3690 3426/1304/3422 
f 3687/1304/3683 3688/1304/3684 3695/1304/3691 3694/1304/3690 
f 3688/1304/3684 3689/1304/3685 3696/1304/3692 3695/1304/3691 
f 3689/1304/3685 3690/1304/3686 3697/1304/3693 3696/1304/3692 
f 3690/1304/3686 3691/1304/3687 3698/1304/3694 3697/1304/3693 
f 3691/1304/3687 3692/1304/3688 3436/1304/3432 3698/1304/3694 
f 3692/1304/3688 3693/1339/3689 3413/1340/3409 3436/1304/3432 
f 3427/1306/3423 3448/1357/3444 3524/1358/3520 3428/1307/3424 
f 3448/1357/3444 3446/1359/3442 3532/1360/3528 3524/1358/3520 
f 3446/1359/3442 3444/1361/3440 3540/1362/3536 3532/1360/3528 
f 3444/1361/3440 3442/1363/3438 3548/1364/3544 3540/1362/3536 
f 3442/1363/3438 3440/1365/3436 3556/1366/3552 3548/1364/3544 
f 3440/1365/3436 3438/1367/3434 3563/1368/3559 3556/1366/3552 
f 3438/1367/3434 3412/1299/3408 3411/1298/3407 3563/1368/3559 
f 3429/1310/3425 3514/1369/3510 3654/1370/3650 3430/1311/3426 
f 3514/1369/3510 3512/1371/3508 3662/1372/3658 3654/1370/3650 
f 3512/1371/3508 3510/1373/3506 3670/1374/3666 3662/1372/3658 
f 3510/1373/3506 3508/1375/3504 3678/1376/3674 3670/1374/3666 
f 3508/1375/3504 3506/1377/3502 3686/1378/3682 3678/1376/3674 
f 3506/1377/3502 3504/1379/3500 3693/1380/3689 3686/1378/3682 
f 3504/1379/3500 3414/1303/3410 3413/1302/3409 3693/1380/3689 
f 3431/1306/3427 3644/1357/3640 3589/1358/3585 3432/1307/3428 
f 3644/1357/3640 3642/1359/3638 3597/1360/3593 3589/1358/3585 
f 3642/1359/3638 3640/1361/3636 3605/1362/3601 3597/1360/3593 
f 3640/1361/3636 3638/1363/3634 3613/1364/3609 3605/1362/3601 
f 3638/1363/3634 3636/1365/3632 3621/1366/3617 3613/1364/3609 
f 3636/1365/3632 3634/1367/3630 3628/1368/3624 3621/1366/3617 
f 3634/1367/3630 3416/1299/3412 3415/1298/3411 3628/1368/3624 
f 3433/1310/3429 3579/1369/3575 3458/1370/3454 3434/1311/3430 
f 3579/1369/3575 3577/1371/3573 3466/1372/3462 3458/1370/3454 
f 3577/1371/3573 3575/1373/3571 3474/1374/3470 3466/1372/3462 
f 3575/1373/3571 3573/1375/3569 3482/1376/3478 3474/1374/3470 
f 3573/1375/3569 3571/1377/3567 3490/1378/3486 3482/1376/3478 
f 3571/1377/3567 3569/1379/3565 3497/1380/3493 3490/1378/3486 
f 3569/1379/3565 3418/1303/3414 3417/1302/3413 3497/1380/3493 
f 3405/1314/3401 3404/1381/3400 3568/1382/3564 3435/1315/3431 
f 3404/1381/3400 3403/1383/3399 3567/1384/3563 3568/1382/3564 
f 3403/1383/3399 3402/1385/3398 3566/1386/3562 3567/1384/3563 
f 3402/1385/3398 3401/1387/3397 3565/1388/3561 3566/1386/3562 
f 3401/1387/3397 3400/1389/3396 3564/1390/3560 3565/1388/3561 
f 3400/1389/3396 3399/1391/3395 3422/1392/3418 3564/1390/3560 
f 3399/1391/3395 3398/1300/3394 3414/1303/3410 3422/1392/3418 
f 3420/1318/3416 3498/1393/3494 3373/1394/3369 3372/1319/3368 
f 3498/1393/3494 3499/1395/3495 3374/1396/3370 3373/1394/3369 
f 3499/1395/3495 3500/1397/3496 3375/1398/3371 3374/1396/3370 
f 3500/1397/3496 3501/1399/3497 3376/1400/3372 3375/1398/3371 
f 3501/1399/3497 3502/1401/3498 3377/1402/3373 3376/1400/3372 
f 3502/1401/3498 3503/1403/3499 3378/1404/3374 3377/1402/3373 
f 3503/1403/3499 3417/1302/3413 3379/1301/3375 3378/1404/3374 
f 3396/1322/3392 3395/1405/3391 3698/1406/3694 3436/1323/3432 
f 3395/1405/3391 3394/1407/3390 3697/1408/3693 3698/1406/3694 
f 3394/1407/3390 3393/1409/3389 3696/1410/3692 3697/1408/3693 
f 3393/1409/3389 3392/1411/3388 3695/1412/3691 3696/1410/3692 
f 3392/1411/3388 3391/1413/3387 3694/1414/3690 3695/1412/3691 
f 3391/1413/3387 3390/1415/3386 3426/1416/3422 3694/1414/3690 
f 3390/1415/3386 3389/1293/3385 3416/1299/3412 3426/1416/3422 
f 3387/1314/3383 3386/1381/3382 3633/1382/3629 3437/1315/3433 
f 3386/1381/3382 3385/1383/3381 3632/1384/3628 3633/1382/3629 
f 3385/1383/3381 3384/1385/3380 3631/1386/3627 3632/1384/3628 
f 3384/1385/3380 3383/1387/3379 3630/1388/3626 3631/1386/3627 
f 3383/1387/3379 3382/1389/3378 3629/1390/3625 3630/1388/3626 
f 3382/1389/3378 3381/1391/3377 3424/1392/3420 3629/1390/3625 
f 3381/1391/3377 3380/1300/3376 3418/1303/3414 3424/1392/3420 
# 294 polygons - 32 triangles

#
# object Box013
#

v  -8.4798 42.1096 13.9240
v  -8.4798 42.1096 13.8516
v  -8.3868 42.1096 13.8516
v  -8.3868 42.1096 13.9240
v  -8.4798 58.0572 13.9240
v  -8.3868 58.0572 13.9240
v  -8.3868 58.0572 13.8516
v  -8.4798 58.0572 13.8516
# 8 vertices

vn -0.5774 -0.5774 0.5774
vn -0.5774 -0.5774 -0.5774
vn 0.5774 -0.5774 -0.5774
vn 0.5774 -0.5774 0.5774
vn -0.5774 0.5774 0.5774
vn 0.5774 0.5774 0.5774
vn 0.5774 0.5774 -0.5774
vn -0.5774 0.5774 -0.5774
# 8 vertex normals

vt 1.0000 0.0000 0.0000
vt 1.0000 1.0000 0.0000
vt 0.0000 1.0000 0.0000
vt 0.0000 0.0000 0.0000
# 4 texture coords

o Box013
g Box013
usemtl wire_000000000
s 2
f 3699/1417/3695 3700/1418/3696 3701/1419/3697 3702/1420/3698 
s 4
f 3703/1420/3699 3704/1417/3700 3705/1418/3701 3706/1419/3702 
s 8
f 3699/1420/3695 3702/1417/3698 3704/1418/3700 3703/1419/3699 
s 16
f 3702/1420/3698 3701/1417/3697 3705/1418/3701 3704/1419/3700 
s 32
f 3701/1420/3697 3700/1417/3696 3706/1418/3702 3705/1419/3701 
s 64
f 3700/1420/3696 3699/1417/3695 3703/1418/3699 3706/1419/3702 
# 6 polygons

#
# object Box014
#

v  9.4170 42.1096 13.9240
v  9.4170 42.1096 13.8516
v  9.5100 42.1096 13.8516
v  9.5100 42.1096 13.9240
v  9.4170 58.0572 13.9240
v  9.5100 58.0572 13.9240
v  9.5100 58.0572 13.8516
v  9.4170 58.0572 13.8516
# 8 vertices

vn -0.5774 -0.5774 0.5774
vn -0.5774 -0.5774 -0.5774
vn 0.5774 -0.5774 -0.5774
vn 0.5774 -0.5774 0.5774
vn -0.5774 0.5774 0.5774
vn 0.5774 0.5774 0.5774
vn 0.5774 0.5774 -0.5774
vn -0.5774 0.5774 -0.5774
# 8 vertex normals

vt 1.0000 0.0000 0.0000
vt 1.0000 1.0000 0.0000
vt 0.0000 1.0000 0.0000
vt 0.0000 0.0000 0.0000
# 4 texture coords

o Box014
g Box014
usemtl wire_000000000
s 2
f 3707/1421/3703 3708/1422/3704 3709/1423/3705 3710/1424/3706 
s 4
f 3711/1424/3707 3712/1421/3708 3713/1422/3709 3714/1423/3710 
s 8
f 3707/1424/3703 3710/1421/3706 3712/1422/3708 3711/1423/3707 
s 16
f 3710/1424/3706 3709/1421/3705 3713/1422/3709 3712/1423/3708 
s 32
f 3709/1424/3705 3708/1421/3704 3714/1422/3710 3713/1423/3709 
s 64
f 3708/1424/3704 3707/1421/3703 3711/1422/3707 3714/1423/3710 
# 6 polygons

#
# object Box015
#

v  9.5134 42.0630 13.9240
v  9.5134 42.0630 13.8516
v  9.5134 42.1561 13.8516
v  9.5134 42.1561 13.9240
v  -8.4738 42.0630 13.9240
v  -8.4738 42.1561 13.9240
v  -8.4738 42.1561 13.8516
v  -8.4738 42.0630 13.8516
# 8 vertices

vn 0.5774 -0.5774 0.5774
vn 0.5774 -0.5774 -0.5774
vn 0.5774 0.5774 -0.5774
vn 0.5774 0.5774 0.5774
vn -0.5774 -0.5774 0.5774
vn -0.5774 0.5774 0.5774
vn -0.5774 0.5774 -0.5774
vn -0.5774 -0.5774 -0.5774
# 8 vertex normals

vt 1.0000 0.0000 0.0000
vt 1.0000 1.0000 0.0000
vt 0.0000 1.0000 0.0000
vt 0.0000 0.0000 0.0000
# 4 texture coords

o Box015
g Box015
usemtl wire_000000000
s 2
f 3715/1425/3711 3716/1426/3712 3717/1427/3713 3718/1428/3714 
s 4
f 3719/1428/3715 3720/1425/3716 3721/1426/3717 3722/1427/3718 
s 8
f 3715/1428/3711 3718/1425/3714 3720/1426/3716 3719/1427/3715 
s 16
f 3718/1428/3714 3717/1425/3713 3721/1426/3717 3720/1427/3716 
s 32
f 3717/1428/3713 3716/1425/3712 3722/1426/3718 3721/1427/3717 
s 64
f 3716/1428/3712 3715/1425/3711 3719/1426/3715 3722/1427/3718 
# 6 polygons

#
# object Box016
#

v  9.5134 57.9806 13.9240
v  9.5134 57.9806 13.8516
v  9.5134 58.0736 13.8516
v  9.5134 58.0736 13.9240
v  -8.4738 57.9806 13.9240
v  -8.4738 58.0736 13.9240
v  -8.4738 58.0736 13.8516
v  -8.4738 57.9806 13.8516
# 8 vertices

vn 0.5774 -0.5774 0.5774
vn 0.5774 -0.5774 -0.5774
vn 0.5774 0.5774 -0.5774
vn 0.5774 0.5774 0.5774
vn -0.5774 -0.5774 0.5774
vn -0.5774 0.5774 0.5774
vn -0.5774 0.5774 -0.5774
vn -0.5774 -0.5774 -0.5774
# 8 vertex normals

vt 1.0000 0.0000 0.0000
vt 1.0000 1.0000 0.0000
vt 0.0000 1.0000 0.0000
vt 0.0000 0.0000 0.0000
# 4 texture coords

o Box016
g Box016
usemtl wire_000000000
s 2
f 3723/1429/3719 3724/1430/3720 3725/1431/3721 3726/1432/3722 
s 4
f 3727/1432/3723 3728/1429/3724 3729/1430/3725 3730/1431/3726 
s 8
f 3723/1432/3719 3726/1429/3722 3728/1430/3724 3727/1431/3723 
s 16
f 3726/1432/3722 3725/1429/3721 3729/1430/3725 3728/1431/3724 
s 32
f 3725/1432/3721 3724/1429/3720 3730/1430/3726 3729/1431/3725 
s 64
f 3724/1432/3720 3723/1429/3719 3727/1430/3723 3730/1431/3726 
# 6 polygons

#
# object Box017
#

v  9.5134 50.2080 13.9240
v  9.5134 50.2080 13.8516
v  9.5134 50.3010 13.8516
v  9.5134 50.3010 13.9240
v  -8.4738 50.2080 13.9240
v  -8.4738 50.3010 13.9240
v  -8.4738 50.3010 13.8516
v  -8.4738 50.2080 13.8516
# 8 vertices

vn 0.5774 -0.5774 0.5774
vn 0.5774 -0.5774 -0.5774
vn 0.5774 0.5774 -0.5774
vn 0.5774 0.5774 0.5774
vn -0.5774 -0.5774 0.5774
vn -0.5774 0.5774 0.5774
vn -0.5774 0.5774 -0.5774
vn -0.5774 -0.5774 -0.5774
# 8 vertex normals

vt 1.0000 0.0000 0.0000
vt 1.0000 1.0000 0.0000
vt 0.0000 1.0000 0.0000
vt 0.0000 0.0000 0.0000
# 4 texture coords

o Box017
g Box017
usemtl wire_000000000
s 2
f 3731/1433/3727 3732/1434/3728 3733/1435/3729 3734/1436/3730 
s 4
f 3735/1436/3731 3736/1433/3732 3737/1434/3733 3738/1435/3734 
s 8
f 3731/1436/3727 3734/1433/3730 3736/1434/3732 3735/1435/3731 
s 16
f 3734/1436/3730 3733/1433/3729 3737/1434/3733 3736/1435/3732 
s 32
f 3733/1436/3729 3732/1433/3728 3738/1434/3734 3737/1435/3733 
s 64
f 3732/1436/3728 3731/1433/3727 3735/1434/3731 3738/1435/3734 
# 6 polygons

#
# object Box018
#

v  0.3618 42.1096 13.9240
v  0.3618 42.1096 13.8516
v  0.4548 42.1096 13.8516
v  0.4548 42.1096 13.9240
v  0.3618 58.0572 13.9240
v  0.4548 58.0572 13.9240
v  0.4548 58.0572 13.8516
v  0.3618 58.0572 13.8516
# 8 vertices

vn -0.5774 -0.5774 0.5774
vn -0.5774 -0.5774 -0.5774
vn 0.5774 -0.5774 -0.5774
vn 0.5774 -0.5774 0.5774
vn -0.5774 0.5774 0.5774
vn 0.5774 0.5774 0.5774
vn 0.5774 0.5774 -0.5774
vn -0.5774 0.5774 -0.5774
# 8 vertex normals

vt 1.0000 0.0000 0.0000
vt 1.0000 1.0000 0.0000
vt 0.0000 1.0000 0.0000
vt 0.0000 0.0000 0.0000
# 4 texture coords

o Box018
g Box018
usemtl wire_000000000
s 2
f 3739/1437/3735 3740/1438/3736 3741/1439/3737 3742/1440/3738 
s 4
f 3743/1440/3739 3744/1437/3740 3745/1438/3741 3746/1439/3742 
s 8
f 3739/1440/3735 3742/1437/3738 3744/1438/3740 3743/1439/3739 
s 16
f 3742/1440/3738 3741/1437/3737 3745/1438/3741 3744/1439/3740 
s 32
f 3741/1440/3737 3740/1437/3736 3746/1438/3742 3745/1439/3741 
s 64
f 3740/1440/3736 3739/1437/3735 3743/1438/3739 3746/1439/3742 
# 6 polygons

#
# object Box019
#

v  1.6519 47.3295 13.9145
v  -0.7820 47.3295 13.9145
v  -0.7820 47.3295 13.1801
v  1.6519 47.3295 13.1801
v  1.6519 51.6688 13.9145
v  1.6519 51.6688 13.1801
v  -0.7820 51.6688 13.9145
v  -0.7820 51.6688 13.1801
v  -0.6583 47.4748 13.1801
v  -0.6583 47.4748 13.9145
v  1.5282 47.4748 13.9145
v  1.5282 47.4748 13.1801
v  1.5282 51.5234 13.9145
v  1.5282 51.5234 13.1801
v  -0.6583 51.5234 13.9145
v  -0.6583 51.5234 13.1801
# 16 vertices

vn 0.5774 -0.5774 0.5774
vn -0.5774 -0.5774 0.5774
vn -0.5774 -0.5774 -0.5774
vn 0.5774 -0.5774 -0.5774
vn 0.5774 0.5774 0.5774
vn 0.5774 0.5774 -0.5774
vn -0.5774 0.5774 0.5774
vn -0.5774 0.5774 -0.5774
vn 0.3015 0.3015 -0.9045
vn 0.3015 0.3015 0.9045
vn -0.3015 0.3015 0.9045
vn -0.3015 0.3015 -0.9045
vn -0.3015 -0.3015 0.9045
vn -0.3015 -0.3015 -0.9045
vn 0.3015 -0.3015 0.9045
vn 0.3015 -0.3015 -0.9045
# 16 vertex normals

vt 1.0000 1.0000 0.0000
vt 0.0000 1.0000 0.0000
vt 0.0000 0.0000 0.0000
vt 1.0000 0.0000 0.0000
# 4 texture coords

o Box019
g Box019
usemtl wire_000000000
s 8
f 3747/1441/3743 3748/1442/3744 3749/1443/3745 3750/1444/3746 
s 16
f 3751/1441/3747 3747/1442/3743 3750/1443/3746 3752/1444/3748 
s 32
f 3753/1441/3749 3751/1442/3747 3752/1443/3748 3754/1444/3750 
s 64
f 3748/1441/3744 3753/1442/3749 3754/1443/3750 3749/1444/3745 
s 8
f 3755/1443/3751 3756/1442/3752 3757/1441/3753 3758/1444/3754 
s 16
f 3758/1443/3754 3757/1442/3753 3759/1441/3755 3760/1444/3756 
s 32
f 3760/1443/3756 3759/1442/3755 3761/1441/3757 3762/1444/3758 
s 64
f 3762/1443/3758 3761/1442/3757 3756/1441/3752 3755/1444/3751 
s 1
f 3748/1442/3744 3747/1441/3743 3757/1441/3753 3756/1442/3752 
f 3750/1444/3746 3749/1443/3745 3755/1443/3751 3758/1444/3754 
f 3747/1442/3743 3751/1441/3747 3759/1441/3755 3757/1442/3753 
f 3752/1444/3748 3750/1443/3746 3758/1443/3754 3760/1444/3756 
f 3751/1442/3747 3753/1441/3749 3761/1441/3757 3759/1442/3755 
f 3754/1444/3750 3752/1443/3748 3760/1443/3756 3762/1444/3758 
f 3753/1442/3749 3748/1441/3744 3756/1441/3752 3761/1442/3757 
f 3749/1444/3745 3754/1443/3750 3762/1443/3758 3755/1444/3751 
# 16 polygons

#
# object Box021
#

v  -1.4638 50.8643 13.9145
v  -3.8977 50.8643 13.9145
v  -3.8977 50.8643 13.1801
v  -1.4638 50.8643 13.1801
v  -1.4638 54.5566 13.9145
v  -1.4638 54.5566 13.1801
v  -3.8977 54.5566 13.9145
v  -3.8977 54.5566 13.1801
v  -3.7740 50.9879 13.1801
v  -3.7740 50.9879 13.9145
v  -1.5875 50.9879 13.9145
v  -1.5875 50.9879 13.1801
v  -1.5875 54.4329 13.9145
v  -1.5875 54.4329 13.1801
v  -3.7740 54.4329 13.9145
v  -3.7740 54.4329 13.1801
# 16 vertices

vn 0.5774 -0.5774 0.5774
vn -0.5774 -0.5774 0.5774
vn -0.5774 -0.5774 -0.5774
vn 0.5774 -0.5774 -0.5774
vn 0.5774 0.5774 0.5774
vn 0.5774 0.5774 -0.5774
vn -0.5774 0.5774 0.5774
vn -0.5774 0.5774 -0.5774
vn 0.3015 0.3015 -0.9045
vn 0.3015 0.3015 0.9045
vn -0.3015 0.3015 0.9045
vn -0.3015 0.3015 -0.9045
vn -0.3015 -0.3015 0.9045
vn -0.3015 -0.3015 -0.9045
vn 0.3015 -0.3015 0.9045
vn 0.3015 -0.3015 -0.9045
# 16 vertex normals

vt 1.0000 1.0000 0.0000
vt 0.0000 1.0000 0.0000
vt 0.0000 0.0000 0.0000
vt 1.0000 0.0000 0.0000
# 4 texture coords

o Box021
g Box021
usemtl wire_000000000
s 8
f 3763/1445/3759 3764/1446/3760 3765/1447/3761 3766/1448/3762 
s 16
f 3767/1445/3763 3763/1446/3759 3766/1447/3762 3768/1448/3764 
s 32
f 3769/1445/3765 3767/1446/3763 3768/1447/3764 3770/1448/3766 
s 64
f 3764/1445/3760 3769/1446/3765 3770/1447/3766 3765/1448/3761 
s 8
f 3771/1447/3767 3772/1446/3768 3773/1445/3769 3774/1448/3770 
s 16
f 3774/1447/3770 3773/1446/3769 3775/1445/3771 3776/1448/3772 
s 32
f 3776/1447/3772 3775/1446/3771 3777/1445/3773 3778/1448/3774 
s 64
f 3778/1447/3774 3777/1446/3773 3772/1445/3768 3771/1448/3767 
s 1
f 3764/1446/3760 3763/1445/3759 3773/1445/3769 3772/1446/3768 
f 3766/1448/3762 3765/1447/3761 3771/1447/3767 3774/1448/3770 
f 3763/1446/3759 3767/1445/3763 3775/1445/3771 3773/1446/3769 
f 3768/1448/3764 3766/1447/3762 3774/1447/3770 3776/1448/3772 
f 3767/1446/3763 3769/1445/3765 3777/1445/3773 3775/1446/3771 
f 3770/1448/3766 3768/1447/3764 3776/1447/3772 3778/1448/3774 
f 3769/1446/3765 3764/1445/3760 3772/1445/3768 3777/1446/3773 
f 3765/1448/3761 3770/1447/3766 3778/1447/3774 3771/1448/3767 
# 16 polygons

#
# object Box022
#

v  4.9663 50.9279 13.9145
v  2.5325 50.9279 13.9145
v  2.5325 50.9279 13.1801
v  4.9663 50.9279 13.1801
v  4.9663 54.6202 13.9145
v  4.9663 54.6202 13.1801
v  2.5325 54.6202 13.9145
v  2.5325 54.6202 13.1801
v  2.6561 51.0516 13.1801
v  2.6561 51.0516 13.9145
v  4.8426 51.0516 13.9145
v  4.8426 51.0516 13.1801
v  4.8426 54.4965 13.9145
v  4.8426 54.4965 13.1801
v  2.6561 54.4965 13.9145
v  2.6561 54.4965 13.1801
# 16 vertices

vn 0.5774 -0.5774 0.5774
vn -0.5774 -0.5774 0.5774
vn -0.5774 -0.5774 -0.5774
vn 0.5774 -0.5774 -0.5774
vn 0.5774 0.5774 0.5774
vn 0.5774 0.5774 -0.5774
vn -0.5774 0.5774 0.5774
vn -0.5774 0.5774 -0.5774
vn 0.3015 0.3015 -0.9045
vn 0.3015 0.3015 0.9045
vn -0.3015 0.3015 0.9045
vn -0.3015 0.3015 -0.9045
vn -0.3015 -0.3015 0.9045
vn -0.3015 -0.3015 -0.9045
vn 0.3015 -0.3015 0.9045
vn 0.3015 -0.3015 -0.9045
# 16 vertex normals

vt 1.0000 1.0000 0.0000
vt 0.0000 1.0000 0.0000
vt 0.0000 0.0000 0.0000
vt 1.0000 0.0000 0.0000
# 4 texture coords

o Box022
g Box022
usemtl wire_000000000
s 8
f 3779/1449/3775 3780/1450/3776 3781/1451/3777 3782/1452/3778 
s 16
f 3783/1449/3779 3779/1450/3775 3782/1451/3778 3784/1452/3780 
s 32
f 3785/1449/3781 3783/1450/3779 3784/1451/3780 3786/1452/3782 
s 64
f 3780/1449/3776 3785/1450/3781 3786/1451/3782 3781/1452/3777 
s 8
f 3787/1451/3783 3788/1450/3784 3789/1449/3785 3790/1452/3786 
s 16
f 3790/1451/3786 3789/1450/3785 3791/1449/3787 3792/1452/3788 
s 32
f 3792/1451/3788 3791/1450/3787 3793/1449/3789 3794/1452/3790 
s 64
f 3794/1451/3790 3793/1450/3789 3788/1449/3784 3787/1452/3783 
s 1
f 3780/1450/3776 3779/1449/3775 3789/1449/3785 3788/1450/3784 
f 3782/1452/3778 3781/1451/3777 3787/1451/3783 3790/1452/3786 
f 3779/1450/3775 3783/1449/3779 3791/1449/3787 3789/1450/3785 
f 3784/1452/3780 3782/1451/3778 3790/1451/3786 3792/1452/3788 
f 3783/1450/3779 3785/1449/3781 3793/1449/3789 3791/1450/3787 
f 3786/1452/3782 3784/1451/3780 3792/1451/3788 3794/1452/3790 
f 3785/1450/3781 3780/1449/3776 3788/1449/3784 3793/1450/3789 
f 3781/1452/3777 3786/1451/3782 3794/1451/3790 3787/1452/3783 
# 16 polygons

